"","id","label","measure","CM"
"1",1,"T Hills",4,"degree"
"2",2,"M Maouene",4,"degree"
"3",3,"J Maouene",4,"degree"
"4",4,"A Sheya",4,"degree"
"5",5,"L Smith",19,"degree"
"6",6,"J Jameson",1,"degree"
"7",7,"D Gentner",13,"degree"
"8",8,"A Tiwathia",1,"degree"
"9",9,"K Livingston",1,"degree"
"10",10,"P Cushen",1,"degree"
"11",11,"J Wiley",3,"degree"
"12",12,"P Maguire",2,"degree"
"13",13,"R Maguire",2,"degree"
"14",14,"A Cater",2,"degree"
"15",15,"G Solomon",9,"degree"
"16",16,"R Gelman",8,"degree"
"17",17,"D Medin",8,"degree"
"18",18,"N Nersessian",8,"degree"
"19",19,"L Schulz",10,"degree"
"20",20,"M Bang",8,"degree"
"21",21,"C Massey",8,"degree"
"22",22,"K Brenneman",8,"degree"
"23",23,"W Newsetter",8,"degree"
"24",24,"R Mayrhofer",4,"degree"
"25",25,"N Goodman",8,"degree"
"26",26,"W",4,"degree"
"27",27,"T R.",4,"degree"
"28",28,"M B.",4,"degree"
"29",29,"B Breaux",1,"degree"
"30",30,"M Feist",1,"degree"
"31",31,"A Pyke",2,"degree"
"32",32,"J LeFevre",5,"degree"
"33",33,"R Isaacs",2,"degree"
"34",34,"A Shtulman",1,"degree"
"35",35,"P Calabi",1,"degree"
"36",36,"T Vosse",1,"degree"
"37",37,"G Kempen",1,"degree"
"38",38,"K Otis",1,"degree"
"39",39,"E Sagi",1,"degree"
"40",40,"F Gobet",9,"degree"
"41",41,"B Love",4,"degree"
"42",42,"M JOnes",3,"degree"
"43",43,"M Tomlinson",3,"degree"
"44",44,"M Howes",3,"degree"
"45",45,"H Wang",2,"degree"
"46",46,"S Helie",2,"degree"
"47",47,"N Wilson",2,"degree"
"48",48,"R Sun",2,"degree"
"49",49,"N Saji",5,"degree"
"50",50,"H Saalbach",5,"degree"
"51",51,"M Imai",5,"degree"
"52",52,"Y Zhang",5,"degree"
"53",53,"H Shu",8,"degree"
"54",54,"H Okada",5,"degree"
"55",55,"R Bod",8,"degree"
"56",56,"G Borensztajn",8,"degree"
"57",57,"D Freudenthal",7,"degree"
"58",58,"J Pine",7,"degree"
"59",59,"C Kam",7,"degree"
"60",60,"A Clark",7,"degree"
"61",61,"W Sakas",8,"degree"
"62",62,"H Harris",2,"degree"
"63",63,"R Minervino",2,"degree"
"64",64,"N Oberholzer",2,"degree"
"65",65,"M Trench",2,"degree"
"66",66,"A Lovett",2,"degree"
"67",67,"K Lockwood",2,"degree"
"68",68,"K Forbus",13,"degree"
"69",69,"L Leger",3,"degree"
"70",70,"J Rouet",3,"degree"
"71",71,"C Ros",3,"degree"
"72",72,"N Vibert",3,"degree"
"73",73,"M Ragni",2,"degree"
"74",74,"B Schultz",1,"degree"
"75",75,"D Navarro",3,"degree"
"76",76,"B Malt",4,"degree"
"77",77,"M Paquet",1,"degree"
"78",78,"T Lombrozo",4,"degree"
"79",79,"S Sloman",4,"degree"
"80",80,"M Strevens",4,"degree"
"81",81,"J Trout",4,"degree"
"82",82,"D Weisberg",4,"degree"
"83",83,"D Zaitchik",1,"degree"
"84",84,"T Shultz",4,"degree"
"85",85,"J Thivierge",2,"degree"
"86",86,"K Laurin",2,"degree"
"87",87,"H Neth",1,"degree"
"88",88,"T Muller",1,"degree"
"89",89,"A Fazly",2,"degree"
"90",90,"A Alishahi",2,"degree"
"91",91,"S Stevenson",2,"degree"
"92",92,"R Berwick",3,"degree"
"93",93,"N Chomsky",1,"degree"
"94",94,"L Aziz-Zadeh",4,"degree"
"95",95,"D Casasanto",4,"degree"
"96",96,"J Feldman",4,"degree"
"97",97,"R Saxe",4,"degree"
"98",98,"L Talmy",4,"degree"
"99",99,"L Oakes",2,"degree"
"100",100,"S Perone",2,"degree"
"101",101,"K Madole",2,"degree"
"102",102,"D Mills",1,"degree"
"103",103,"S Luck",1,"degree"
"104",104,"V Gilliland",2,"degree"
"105",105,"J Dunn",2,"degree"
"106",106,"J Childers",2,"degree"
"107",107,"A Chemero",1,"degree"
"108",108,"M Silberstein",1,"degree"
"109",109,"A Guiral",3,"degree"
"110",110,"E Ruiz",3,"degree"
"111",111,"W Rodgers",3,"degree"
"112",112,"J Gonzalo",3,"degree"
"113",113,"C Thompson",1,"degree"
"114",114,"J Opfer",1,"degree"
"115",115,"M Welsh",2,"degree"
"116",116,"M Lee",2,"degree"
"117",117,"S Begg",2,"degree"
"118",118,"J Chen",1,"degree"
"119",119,"C Chuang",1,"degree"
"120",120,"M Chiu",2,"degree"
"121",121,"L Onnis",2,"degree"
"122",122,"H Waterfall",2,"degree"
"123",123,"S Edelman",6,"degree"
"124",124,"H Lee",1,"degree"
"125",125,"K Holyoak",1,"degree"
"126",126,"P Hemmer",1,"degree"
"127",127,"M Steyvers",1,"degree"
"128",128,"J Toscano",1,"degree"
"129",129,"B McMurray",1,"degree"
"130",130,"J Denrell",3,"degree"
"131",131,"A Heckler",2,"degree"
"132",132,"J Kaminski",2,"degree"
"133",133,"V Sloutsky",2,"degree"
"134",134,"K Kurtz",2,"degree"
"135",135,"N Smith",1,"degree"
"136",136,"R Levy",1,"degree"
"137",137,"J Thibaut",2,"degree"
"138",138,"R French",2,"degree"
"139",139,"M Vezneva",2,"degree"
"140",140,"P Langley",1,"degree"
"141",141,"W Bridewell",1,"degree"
"142",142,"C Yu",4,"degree"
"143",143,"T Davis",1,"degree"
"144",144,"H Lu",3,"degree"
"145",145,"R Rojas",3,"degree"
"146",146,"T Beckers",3,"degree"
"147",147,"A Yuille",3,"degree"
"148",148,"C Frederikson",4,"degree"
"149",149,"T Koschman",4,"degree"
"150",150,"B MacWhinney",4,"degree"
"151",151,"C Seifart",4,"degree"
"152",152,"E Shortliffe",4,"degree"
"153",153,"S Cook",1,"degree"
"154",154,"M Tanenhaus",1,"degree"
"155",155,"M Mozer",2,"degree"
"156",156,"H Pashler",2,"degree"
"157",157,"H Homaei",2,"degree"
"158",158,"C Fausey",1,"degree"
"159",159,"L Boroditsky",4,"degree"
"160",160,"W Gray",7,"degree"
"161",161,"S Lelis",1,"degree"
"162",162,"A Howes",1,"degree"
"163",163,"B General",1,"degree"
"164",164,"P Palmer",1,"degree"
"165",165,"J Yang",3,"degree"
"166",166,"B McCandliss",3,"degree"
"167",167,"J Zevin",3,"degree"
"168",168,"G Tenenbaum",2,"degree"
"169",169,"Y Yeshurun",2,"degree"
"170",170,"J Busemeyer",2,"degree"
"171",171,"E Tomai",1,"degree"
"172",172,"J Loucks",1,"degree"
"173",173,"D Baldwin",2,"degree"
"174",174,"K Lippa",1,"degree"
"175",175,"V Shalin",1,"degree"
"176",176,"A Pereira",2,"degree"
"177",177,"P Monaghan",5,"degree"
"178",178,"J Arciuli",2,"degree"
"179",179,"N Seva",2,"degree"
"180",180,"L Shi",2,"degree"
"181",181,"N Feldman",2,"degree"
"182",182,"T Griffiths",6,"degree"
"183",183,"E Heit",1,"degree"
"184",184,"B Hayes",1,"degree"
"185",185,"E Wiese",2,"degree"
"186",186,"U Konderding",2,"degree"
"187",187,"U Schmid",2,"degree"
"188",188,"C O'Donnell",10,"degree"
"189",189,"R Harwood",10,"degree"
"190",190,"B Gholson",10,"degree"
"191",191,"A Graesser",14,"degree"
"192",192,"S Craig",10,"degree"
"193",193,"W Ward",10,"degree"
"194",194,"R Cole",10,"degree"
"195",195,"G Biswas",10,"degree"
"196",196,"D Schwartz",10,"degree"
"197",197,"K Catley",10,"degree"
"198",198,"S Siler",10,"degree"
"199",199,"M Rutledge-Taylor",1,"degree"
"200",200,"R West",1,"degree"
"201",201,"D Trumpower",1,"degree"
"202",202,"O Fellus",1,"degree"
"203",203,"M Byrne",2,"degree"
"204",204,"T Griffin",2,"degree"
"205",205,"K Thiede",2,"degree"
"206",206,"G Westermann",2,"degree"
"207",207,"V Kovic",2,"degree"
"208",208,"N Ruh",4,"degree"
"209",209,"Y Katz",4,"degree"
"210",210,"K Kersting",4,"degree"
"211",211,"C Kemp",5,"degree"
"212",212,"J Tenenbaum",7,"degree"
"213",213,"W Deslauriers",3,"degree"
"214",214,"G Ouellette",3,"degree"
"215",215,"M Barnes",3,"degree"
"216",216,"G Malhotra",3,"degree"
"217",217,"M Pickering",3,"degree"
"218",218,"H Branigan",3,"degree"
"219",219,"J Bednar",3,"degree"
"220",220,"D Landy",2,"degree"
"221",221,"E Jones",2,"degree"
"222",222,"J Hummel",2,"degree"
"223",223,"L Maanen",1,"degree"
"224",224,"H Rijn",2,"degree"
"225",225,"A Wolf",1,"degree"
"226",226,"M Knauff",1,"degree"
"227",227,"S Fong",1,"degree"
"228",228,"T Wisdom",2,"degree"
"229",229,"X Song",2,"degree"
"230",230,"R Goldstone",4,"degree"
"231",231,"T Clausner",2,"degree"
"232",232,"P Kellman",2,"degree"
"233",233,"E Palmer",2,"degree"
"234",234,"N Sims",1,"degree"
"235",235,"M Herschbach",2,"degree"
"236",236,"M Tarr",4,"degree"
"237",237,"M Behrmann",4,"degree"
"238",238,"C Koch",4,"degree"
"239",239,"N Logothetis",4,"degree"
"240",240,"R Malach",4,"degree"
"241",241,"J Berant",2,"degree"
"242",242,"C Caldwell-Harris",2,"degree"
"243",243,"A Laakso",1,"degree"
"244",244,"P Calvo",1,"degree"
"245",245,"A Bender",1,"degree"
"246",246,"S Beller",1,"degree"
"247",247,"D Richardson",3,"degree"
"248",248,"M Hoover",2,"degree"
"249",249,"A Ghane",2,"degree"
"250",250,"E Bonawitz",2,"degree"
"251",251,"A Fischer",2,"degree"
"252",252,"J Booth",1,"degree"
"253",253,"K Koedinger",1,"degree"
"254",254,"M Frank",4,"degree"
"255",255,"D Ichinco",2,"degree"
"256",256,"M Helms",2,"degree"
"257",257,"S Vattam",2,"degree"
"258",258,"A Goel",3,"degree"
"259",259,"M Kunda",1,"degree"
"260",260,"N Cassimatis",2,"degree"
"261",261,"P Bignoli",2,"degree"
"262",262,"U Kurup",2,"degree"
"263",263,"F Martin",2,"degree"
"264",264,"S Verheyen",3,"degree"
"265",265,"E Ameel",5,"degree"
"266",266,"T Rogers",3,"degree"
"267",267,"G Storms",7,"degree"
"268",268,"J Spencer",4,"degree"
"269",269,"W Troob",2,"degree"
"270",270,"V Simmering",2,"degree"
"271",271,"R Azevedo",3,"degree"
"272",272,"G Lewis",3,"degree"
"273",273,"R Klatzky",3,"degree"
"274",274,"E Siler",3,"degree"
"275",275,"N Taatgen",1,"degree"
"276",276,"G Schoner",1,"degree"
"277",277,"D Barker-Plummer",3,"degree"
"278",278,"R Cox",3,"degree"
"279",279,"R Dale",3,"degree"
"280",280,"J Etchemendy",3,"degree"
"281",281,"M Watson",1,"degree"
"282",282,"M Blair",1,"degree"
"283",283,"J Mayor",3,"degree"
"284",284,"K Plunkett",5,"degree"
"285",285,"V Berthiaume",2,"degree"
"286",286,"K Onishi",2,"degree"
"287",287,"S Styles",2,"degree"
"288",288,"N Arias-Trejo",2,"degree"
"289",289,"E Yu",2,"degree"
"290",290,"D Lagnado",2,"degree"
"291",291,"N Charter",2,"degree"
"292",292,"S Khemlani",2,"degree"
"293",293,"S Leslie",2,"degree"
"294",294,"S Glucksberg",2,"degree"
"295",295,"D Heussen",1,"degree"
"296",296,"J Hampton",1,"degree"
"297",297,"J Austerweil",1,"degree"
"298",298,"B Murphy",3,"degree"
"299",299,"M Dalponte",3,"degree"
"300",300,"M Poesio",3,"degree"
"301",301,"L Bruzzone",3,"degree"
"302",302,"A Fisher",2,"degree"
"303",303,"B Armstrong",1,"degree"
"304",304,"D Plaut",3,"degree"
"305",305,"F Reali",1,"degree"
"306",306,"L Casasanto",3,"degree"
"307",307,"I Stag",1,"degree"
"308",308,"L Emberson",4,"degree"
"309",309,"R Weiss",4,"degree"
"310",310,"A Barbosa",4,"degree"
"311",311,"E Vatikiotis-Bateson",4,"degree"
"312",312,"M Spivey",5,"degree"
"313",313,"J Hsiao",2,"degree"
"314",314,"R Shahbazi",2,"degree"
"315",315,"G Cottrell",2,"degree"
"316",316,"T Yasuda",1,"degree"
"317",317,"H Kobayashi",1,"degree"
"318",318,"C Quam",2,"degree"
"319",319,"J Yuan",2,"degree"
"320",320,"D Swingly",2,"degree"
"321",321,"P Niyogi",1,"degree"
"322",322,"P McCarthy",4,"degree"
"323",323,"S Briner",4,"degree"
"324",324,"J Myers",4,"degree"
"325",325,"D McNamara",8,"degree"
"326",326,"E Albro",2,"degree"
"327",327,"T HIlls",2,"degree"
"328",328,"P Todd",2,"degree"
"329",329,"W Zuidema",2,"degree"
"330",330,"A D'Angiulli",4,"degree"
"331",331,"J Weinberg",4,"degree"
"332",332,"R Grunau",4,"degree"
"333",333,"C Hertzman",4,"degree"
"334",334,"P Grebenkov",4,"degree"
"335",335,"A Frank",1,"degree"
"336",336,"T Jaeger",1,"degree"
"337",337,"P Williams",2,"degree"
"338",338,"R Beer",2,"degree"
"339",339,"M Gasser",2,"degree"
"340",340,"R Cooper",2,"degree"
"341",341,"D Mareschal",2,"degree"
"342",342,"T Brady",2,"degree"
"343",343,"T Konkle",2,"degree"
"344",344,"G Alvarez",2,"degree"
"345",345,"G Gunzelman",4,"degree"
"346",346,"A Pope",4,"degree"
"347",347,"R Wray",4,"degree"
"348",348,"B Best",4,"degree"
"349",349,"J Trafton",4,"degree"
"350",350,"E Fedorenko",2,"degree"
"351",351,"E Gibson",4,"degree"
"352",352,"E Bard",2,"degree"
"353",353,"R Hill",2,"degree"
"354",354,"M Foster",2,"degree"
"355",355,"E Pothos",5,"degree"
"356",356,"A Perlman",5,"degree"
"357",357,"D Edwards",5,"degree"
"358",358,"T Gureckis",5,"degree"
"359",359,"P Hines",5,"degree"
"360",360,"N Chater",5,"degree"
"361",361,"B Johns",2,"degree"
"362",362,"M Jones",2,"degree"
"363",363,"R Salden",3,"degree"
"364",364,"V Aleveen",3,"degree"
"365",365,"A Renkl",3,"degree"
"366",366,"R Schwonke",3,"degree"
"367",367,"D Yurovsky",1,"degree"
"368",368,"D Oppenheimer",2,"degree"
"369",369,"A Shah",2,"degree"
"370",370,"A Alter",2,"degree"
"371",371,"R Newman",2,"degree"
"372",372,"L Samuelson",2,"degree"
"373",373,"P Gupta",2,"degree"
"374",374,"J Anderson",10,"degree"
"375",375,"J McClelland",10,"degree"
"376",376,"E Hutchins",10,"degree"
"377",377,"L Barsalou",10,"degree"
"378",378,"B",10,"degree"
"379",379,"N William",10,"degree"
"380",380,"M L.",10,"degree"
"381",381,"A L.",10,"degree"
"382",382,"T Strauss",3,"degree"
"383",383,"D Mirman",3,"degree"
"384",384,"J Magnuson",3,"degree"
"385",385,"K Agres",1,"degree"
"386",386,"C Krumhansl",1,"degree"
"387",387,"P Slezak",2,"degree"
"388",388,"B Rheder",1,"degree"
"389",389,"S Kim",1,"degree"
"390",390,"J Wiener",3,"degree"
"391",391,"T Tenbrik",3,"degree"
"392",392,"J Henschel",3,"degree"
"393",393,"C Holscher",3,"degree"
"394",394,"G Lupyan",1,"degree"
"395",395,"R Lindsey",3,"degree"
"396",396,"M Stipicevic",3,"degree"
"397",397,"V Veksler",3,"degree"
"398",398,"M Hegarty",2,"degree"
"399",399,"H Smallman",2,"degree"
"400",400,"A Stull",2,"degree"
"401",401,"S Ullman",2,"degree"
"402",402,"G Recchia",2,"degree"
"403",403,"P Engelhardt",2,"degree"
"404",404,"M Xiang",2,"degree"
"405",405,"F Ferreira",2,"degree"
"406",406,"R Angeleri",5,"degree"
"407",407,"F Bosco",5,"degree"
"408",408,"K Sacco",5,"degree"
"409",409,"M Zettin",5,"degree"
"410",410,"L Colle",5,"degree"
"411",411,"B Bara",5,"degree"
"412",412,"Y Hagmayer",1,"degree"
"413",413,"B Meder",1,"degree"
"414",414,"M Clair",1,"degree"
"415",415,"J Asmuth",1,"degree"
"416",416,"R Ward",2,"degree"
"417",417,"W Voorspoels",2,"degree"
"418",418,"W Vanpaelmel",2,"degree"
"419",419,"S Todaro",4,"degree"
"420",420,"J Magliano",4,"degree"
"421",421,"K Millis",4,"degree"
"422",422,"C Kurby",4,"degree"
"423",423,"E Cannon",1,"degree"
"424",424,"A Woodward",1,"degree"
"425",425,"G Mens",1,"degree"
"426",426,"W Bechtel",1,"degree"
"427",427,"A Abrahamsen",1,"degree"
"428",428,"K Ohtsu",2,"degree"
"429",429,"M Meyer",1,"degree"
"430",430,"H Kloos",2,"degree"
"431",431,"B Nanay",2,"degree"
"432",432,"A Buss",1,"degree"
"433",433,"F Assche",3,"degree"
"434",434,"I Rooji",4,"degree"
"435",435,"P Evans",4,"degree"
"436",436,"M Muller",4,"degree"
"437",437,"J Gedge",4,"degree"
"438",438,"T Warehem",4,"degree"
"439",439,"D Fum",2,"degree"
"440",440,"A Napoli",2,"degree"
"441",441,"A Stocco",2,"degree"
"442",442,"E Andonova",2,"degree"
"443",443,"T Tenbrink",2,"degree"
"444",444,"K Coventry",2,"degree"
"445",445,"K Goedert",2,"degree"
"446",446,"A Dils",1,"degree"
"447",447,"V Gliozzi",3,"degree"
"448",448,"J Hu",3,"degree"
"449",449,"B Veksler",1,"degree"
"450",450,"M Brown",2,"degree"
"451",451,"V Savova",2,"degree"
"452",452,"S Mueller",1,"degree"
"453",453,"E Veinott",1,"degree"
"454",454,"M ettlinger",1,"degree"
"455",455,"J Zapf",1,"degree"
"456",456,"S Chin-Parker",1,"degree"
"457",457,"A Bradner",1,"degree"
"458",458,"C Sims",1,"degree"
"459",459,"R Marinier",1,"degree"
"460",460,"J Laird",1,"degree"
"461",461,"L Richland",2,"degree"
"462",462,"G Pagliuca",2,"degree"
"463",463,"R McIntosh",2,"degree"
"464",464,"S Frank",1,"degree"
"465",465,"M Čerňanský",1,"degree"
"466",466,"J Harbison",2,"degree"
"467",467,"E Davelaar",2,"degree"
"468",468,"M Dougherty",2,"degree"
"469",469,"D Brizan",1,"degree"
"470",470,"J Dixon",3,"degree"
"471",471,"B Scassellati",1,"degree"
"472",472,"S Hidaka",1,"degree"
"473",473,"S Johnson",1,"degree"
"474",1,"T Hills",0.00223183677329361,"close"
"475",2,"M Maouene",0.00223183677329361,"close"
"476",3,"J Maouene",0.00223183677329361,"close"
"477",4,"A Sheya",0.00223183677329361,"close"
"478",5,"L Smith",0.00223205841183369,"close"
"479",6,"J Jameson",0.00223174179882172,"close"
"480",7,"D Gentner",0.00223199508204473,"close"
"481",8,"A Tiwathia",0.00211864406779661,"close"
"482",9,"K Livingston",0.00211864406779661,"close"
"483",10,"P Cushen",0.00212764039271193,"close"
"484",11,"J Wiley",0.00212765957446809,"close"
"485",12,"P Maguire",0.00212314225053079,"close"
"486",13,"R Maguire",0.00212314225053079,"close"
"487",14,"A Cater",0.00212314225053079,"close"
"488",15,"G Solomon",0.00216448231269432,"close"
"489",16,"R Gelman",0.00216447238692695,"close"
"490",17,"D Medin",0.00216447238692695,"close"
"491",18,"N Nersessian",0.00216447238692695,"close"
"492",19,"L Schulz",0.00216449223855272,"close"
"493",20,"M Bang",0.00216447238692695,"close"
"494",21,"C Massey",0.00216447238692695,"close"
"495",22,"K Brenneman",0.00216447238692695,"close"
"496",23,"W Newsetter",0.00216447238692695,"close"
"497",24,"R Mayrhofer",0.00220227319385603,"close"
"498",25,"N Goodman",0.00220242733622946,"close"
"499",26,"W",0.00220227319385603,"close"
"500",27,"T R.",0.00220227319385603,"close"
"501",28,"M B.",0.00220227319385603,"close"
"502",29,"B Breaux",0.00211864406779661,"close"
"503",30,"M Feist",0.00211864406779661,"close"
"504",31,"A Pyke",0.00213672311780497,"close"
"505",32,"J LeFevre",0.00213675213675214,"close"
"506",33,"R Isaacs",0.00213672311780497,"close"
"507",34,"A Shtulman",0.00211864406779661,"close"
"508",35,"P Calabi",0.00211864406779661,"close"
"509",36,"T Vosse",0.00211864406779661,"close"
"510",37,"G Kempen",0.00211864406779661,"close"
"511",38,"K Otis",0.00211864406779661,"close"
"512",39,"E Sagi",0.00211864406779661,"close"
"513",40,"F Gobet",0.00215515273275193,"close"
"514",41,"B Love",0.00213219616204691,"close"
"515",42,"M JOnes",0.00213218653018264,"close"
"516",43,"M Tomlinson",0.00213218653018264,"close"
"517",44,"M Howes",0.00213218653018264,"close"
"518",45,"H Wang",0.00211416490486258,"close"
"519",46,"S Helie",0.00212314225053079,"close"
"520",47,"N Wilson",0.00212314225053079,"close"
"521",48,"R Sun",0.00212314225053079,"close"
"522",49,"N Saji",0.00215050823981812,"close"
"523",50,"H Saalbach",0.00215050823981812,"close"
"524",51,"M Imai",0.00215050823981812,"close"
"525",52,"Y Zhang",0.00215050823981812,"close"
"526",53,"H Shu",0.0021505376344086,"close"
"527",54,"H Okada",0.00215050823981812,"close"
"528",55,"R Bod",0.00215516257322758,"close"
"529",56,"G Borensztajn",0.00215516257322758,"close"
"530",57,"D Freudenthal",0.00215515273275193,"close"
"531",58,"J Pine",0.00215515273275193,"close"
"532",59,"C Kam",0.00215515273275193,"close"
"533",60,"A Clark",0.00215515273275193,"close"
"534",61,"W Sakas",0.00215516257322758,"close"
"535",62,"H Harris",0.00211416490486258,"close"
"536",63,"R Minervino",0.00212314225053079,"close"
"537",64,"N Oberholzer",0.00212314225053079,"close"
"538",65,"M Trench",0.00212314225053079,"close"
"539",66,"A Lovett",0.00223175235114165,"close"
"540",67,"K Lockwood",0.00223175235114165,"close"
"541",68,"K Forbus",0.00223199508204473,"close"
"542",69,"L Leger",0.00212765957446809,"close"
"543",70,"J Rouet",0.00212765957446809,"close"
"544",71,"C Ros",0.00212765957446809,"close"
"545",72,"N Vibert",0.00212765957446809,"close"
"546",73,"M Ragni",0.00211416490486258,"close"
"547",74,"B Schultz",0.00212764039271193,"close"
"548",75,"D Navarro",0.00212765957446809,"close"
"549",76,"B Malt",0.00215049844179986,"close"
"550",77,"M Paquet",0.00215042985817186,"close"
"551",78,"T Lombrozo",0.00213219616204691,"close"
"552",79,"S Sloman",0.00213219616204691,"close"
"553",80,"M Strevens",0.00213219616204691,"close"
"554",81,"J Trout",0.00213219616204691,"close"
"555",82,"D Weisberg",0.00213219616204691,"close"
"556",83,"D Zaitchik",0.002164383059117,"close"
"557",84,"T Shultz",0.00213219616204691,"close"
"558",85,"J Thivierge",0.00213217689840538,"close"
"559",86,"K Laurin",0.00213217689840538,"close"
"560",87,"H Neth",0.00211864406779661,"close"
"561",88,"T Muller",0.00211864406779661,"close"
"562",89,"A Fazly",0.00212314225053079,"close"
"563",90,"A Alishahi",0.00212314225053079,"close"
"564",91,"S Stevenson",0.00212314225053079,"close"
"565",92,"R Berwick",0.00212765957446809,"close"
"566",93,"N Chomsky",0.00212764039271193,"close"
"567",94,"L Aziz-Zadeh",0.00213219616204691,"close"
"568",95,"D Casasanto",0.00213219616204691,"close"
"569",96,"J Feldman",0.00213219616204691,"close"
"570",97,"R Saxe",0.00213219616204691,"close"
"571",98,"L Talmy",0.00213219616204691,"close"
"572",99,"L Oakes",0.00212314225053079,"close"
"573",100,"S Perone",0.00212314225053079,"close"
"574",101,"K Madole",0.00212314225053079,"close"
"575",102,"D Mills",0.00211864406779661,"close"
"576",103,"S Luck",0.00211864406779661,"close"
"577",104,"V Gilliland",0.00212764998354677,"close"
"578",105,"J Dunn",0.00212764998354677,"close"
"579",106,"J Childers",0.00211416490486258,"close"
"580",107,"A Chemero",0.00211864406779661,"close"
"581",108,"M Silberstein",0.00211864406779661,"close"
"582",109,"A Guiral",0.00212765957446809,"close"
"583",110,"E Ruiz",0.00212765957446809,"close"
"584",111,"W Rodgers",0.00212765957446809,"close"
"585",112,"J Gonzalo",0.00212765957446809,"close"
"586",113,"C Thompson",0.00211864406779661,"close"
"587",114,"J Opfer",0.00211864406779661,"close"
"588",115,"M Welsh",0.00212314225053079,"close"
"589",116,"M Lee",0.00212314225053079,"close"
"590",117,"S Begg",0.00212314225053079,"close"
"591",118,"J Chen",0.00211864406779661,"close"
"592",119,"C Chuang",0.00211864406779661,"close"
"593",120,"M Chiu",0.00211416490486258,"close"
"594",121,"L Onnis",0.00214128876549259,"close"
"595",122,"H Waterfall",0.00214128876549259,"close"
"596",123,"S Edelman",0.00214132762312634,"close"
"597",124,"H Lee",0.00211864406779661,"close"
"598",125,"K Holyoak",0.00211864406779661,"close"
"599",126,"P Hemmer",0.00211864406779661,"close"
"600",127,"M Steyvers",0.00211864406779661,"close"
"601",128,"J Toscano",0.00211864406779661,"close"
"602",129,"B McMurray",0.00211864406779661,"close"
"603",130,"J Denrell",0.00211864406779661,"close"
"604",131,"A Heckler",0.00212314225053079,"close"
"605",132,"J Kaminski",0.00212314225053079,"close"
"606",133,"V Sloutsky",0.00212314225053079,"close"
"607",134,"K Kurtz",0.00211416490486258,"close"
"608",135,"N Smith",0.00211864406779661,"close"
"609",136,"R Levy",0.00211864406779661,"close"
"610",137,"J Thibaut",0.00212314225053079,"close"
"611",138,"R French",0.00212314225053079,"close"
"612",139,"M Vezneva",0.00212314225053079,"close"
"613",140,"P Langley",0.00211864406779661,"close"
"614",141,"W Bridewell",0.00211864406779661,"close"
"615",142,"C Yu",0.00223185787982958,"close"
"616",143,"T Davis",0.00213216726671515,"close"
"617",144,"H Lu",0.00212765957446809,"close"
"618",145,"R Rojas",0.00212765957446809,"close"
"619",146,"T Beckers",0.00212765957446809,"close"
"620",147,"A Yuille",0.00212765957446809,"close"
"621",148,"C Frederikson",0.00213219616204691,"close"
"622",149,"T Koschman",0.00213219616204691,"close"
"623",150,"B MacWhinney",0.00213219616204691,"close"
"624",151,"C Seifart",0.00213219616204691,"close"
"625",152,"E Shortliffe",0.00213219616204691,"close"
"626",153,"S Cook",0.00211864406779661,"close"
"627",154,"M Tanenhaus",0.00211864406779661,"close"
"628",155,"M Mozer",0.00212314225053079,"close"
"629",156,"H Pashler",0.00212314225053079,"close"
"630",157,"H Homaei",0.00212314225053079,"close"
"631",158,"C Fausey",0.00212313270029193,"close"
"632",159,"L Boroditsky",0.00212314225053079,"close"
"633",160,"W Gray",0.00213675213675214,"close"
"634",161,"S Lelis",0.00211864406779661,"close"
"635",162,"A Howes",0.00211864406779661,"close"
"636",163,"B General",0.00211864406779661,"close"
"637",164,"P Palmer",0.00211864406779661,"close"
"638",165,"J Yang",0.00215048864387088,"close"
"639",166,"B McCandliss",0.00215048864387088,"close"
"640",167,"J Zevin",0.00215048864387088,"close"
"641",168,"G Tenenbaum",0.00214128876549259,"close"
"642",169,"Y Yeshurun",0.00214128876549259,"close"
"643",170,"J Busemeyer",0.00211416490486258,"close"
"644",171,"E Tomai",0.00223174179882172,"close"
"645",172,"J Loucks",0.00212313270029193,"close"
"646",173,"D Baldwin",0.00212314225053079,"close"
"647",174,"K Lippa",0.00211864406779661,"close"
"648",175,"V Shalin",0.00211864406779661,"close"
"649",176,"A Pereira",0.00223183677329361,"close"
"650",177,"P Monaghan",0.00213675213675214,"close"
"651",178,"J Arciuli",0.00213672311780497,"close"
"652",179,"N Seva",0.00213672311780497,"close"
"653",180,"L Shi",0.00220223209286701,"close"
"654",181,"N Feldman",0.00220223209286701,"close"
"655",182,"T Griffiths",0.00220240678266631,"close"
"656",183,"E Heit",0.00211864406779661,"close"
"657",184,"B Hayes",0.00211864406779661,"close"
"658",185,"E Wiese",0.00212314225053079,"close"
"659",186,"U Konderding",0.00212314225053079,"close"
"660",187,"U Schmid",0.00212314225053079,"close"
"661",188,"C O'Donnell",0.00219767939954929,"close"
"662",189,"R Harwood",0.00219767939954929,"close"
"663",190,"B Gholson",0.00219767939954929,"close"
"664",191,"A Graesser",0.00219776126352648,"close"
"665",192,"S Craig",0.00219767939954929,"close"
"666",193,"W Ward",0.00219767939954929,"close"
"667",194,"R Cole",0.00219767939954929,"close"
"668",195,"G Biswas",0.00219767939954929,"close"
"669",196,"D Schwartz",0.00219767939954929,"close"
"670",197,"K Catley",0.00219767939954929,"close"
"671",198,"S Siler",0.00219767939954929,"close"
"672",199,"M Rutledge-Taylor",0.00211864406779661,"close"
"673",200,"R West",0.00211864406779661,"close"
"674",201,"D Trumpower",0.00211864406779661,"close"
"675",202,"O Fellus",0.00211864406779661,"close"
"676",203,"M Byrne",0.00211416490486258,"close"
"677",204,"T Griffin",0.00212764998354677,"close"
"678",205,"K Thiede",0.00212764998354677,"close"
"679",206,"G Westermann",0.00213217689840538,"close"
"680",207,"V Kovic",0.00213217689840538,"close"
"681",208,"N Ruh",0.00213219616204691,"close"
"682",209,"Y Katz",0.00220238622948678,"close"
"683",210,"K Kersting",0.00220238622948678,"close"
"684",211,"C Kemp",0.0022024376131549,"close"
"685",212,"J Tenenbaum",0.00220249927672164,"close"
"686",213,"W Deslauriers",0.00213673279069978,"close"
"687",214,"G Ouellette",0.00213673279069978,"close"
"688",215,"M Barnes",0.00213673279069978,"close"
"689",216,"G Malhotra",0.00212765957446809,"close"
"690",217,"M Pickering",0.00212765957446809,"close"
"691",218,"H Branigan",0.00212765957446809,"close"
"692",219,"J Bednar",0.00212765957446809,"close"
"693",220,"D Landy",0.00212314225053079,"close"
"694",221,"E Jones",0.00212314225053079,"close"
"695",222,"J Hummel",0.00212314225053079,"close"
"696",223,"L Maanen",0.00212313270029193,"close"
"697",224,"H Rijn",0.00212314225053079,"close"
"698",225,"A Wolf",0.00211864406779661,"close"
"699",226,"M Knauff",0.00211864406779661,"close"
"700",227,"S Fong",0.00212764039271193,"close"
"701",228,"T Wisdom",0.00213217689840538,"close"
"702",229,"X Song",0.00213217689840538,"close"
"703",230,"R Goldstone",0.00213219616204691,"close"
"704",231,"T Clausner",0.00212314225053079,"close"
"705",232,"P Kellman",0.00212314225053079,"close"
"706",233,"E Palmer",0.00212314225053079,"close"
"707",234,"N Sims",0.00223174179882172,"close"
"708",235,"M Herschbach",0.00211416490486258,"close"
"709",236,"M Tarr",0.00213219616204691,"close"
"710",237,"M Behrmann",0.00213219616204691,"close"
"711",238,"C Koch",0.00213219616204691,"close"
"712",239,"N Logothetis",0.00213219616204691,"close"
"713",240,"R Malach",0.00213219616204691,"close"
"714",241,"J Berant",0.00214128876549259,"close"
"715",242,"C Caldwell-Harris",0.00214128876549259,"close"
"716",243,"A Laakso",0.00211864406779661,"close"
"717",244,"P Calvo",0.00211864406779661,"close"
"718",245,"A Bender",0.00211864406779661,"close"
"719",246,"S Beller",0.00211864406779661,"close"
"720",247,"D Richardson",0.00212765957446809,"close"
"721",248,"M Hoover",0.00212764998354677,"close"
"722",249,"A Ghane",0.00212764998354677,"close"
"723",250,"E Bonawitz",0.00216440290910425,"close"
"724",251,"A Fischer",0.00216440290910425,"close"
"725",252,"J Booth",0.00211864406779661,"close"
"726",253,"K Koedinger",0.00211864406779661,"close"
"727",254,"M Frank",0.00220240678266631,"close"
"728",255,"D Ichinco",0.00220236567669085,"close"
"729",256,"M Helms",0.00212764998354677,"close"
"730",257,"S Vattam",0.00212764998354677,"close"
"731",258,"A Goel",0.00212765957446809,"close"
"732",259,"M Kunda",0.00212764039271193,"close"
"733",260,"N Cassimatis",0.00212314225053079,"close"
"734",261,"P Bignoli",0.00212314225053079,"close"
"735",262,"U Kurup",0.00212314225053079,"close"
"736",263,"F Martin",0.00211416490486258,"close"
"737",264,"S Verheyen",0.00215047884603118,"close"
"738",265,"E Ameel",0.00215050823981812,"close"
"739",266,"T Rogers",0.00215047884603118,"close"
"740",267,"G Storms",0.00215052783612249,"close"
"741",268,"J Spencer",0.00213219616204691,"close"
"742",269,"W Troob",0.00213217689840538,"close"
"743",270,"V Simmering",0.00213217689840538,"close"
"744",271,"R Azevedo",0.00212765957446809,"close"
"745",272,"G Lewis",0.00212765957446809,"close"
"746",273,"R Klatzky",0.00212765957446809,"close"
"747",274,"E Siler",0.00212765957446809,"close"
"748",275,"N Taatgen",0.00212313270029193,"close"
"749",276,"G Schoner",0.00213216726671515,"close"
"750",277,"D Barker-Plummer",0.00212765957446809,"close"
"751",278,"R Cox",0.00212765957446809,"close"
"752",279,"R Dale",0.00212765957446809,"close"
"753",280,"J Etchemendy",0.00212765957446809,"close"
"754",281,"M Watson",0.00211864406779661,"close"
"755",282,"M Blair",0.00211864406779661,"close"
"756",283,"J Mayor",0.00213673279069978,"close"
"757",284,"K Plunkett",0.00213675213675214,"close"
"758",285,"V Berthiaume",0.00213217689840538,"close"
"759",286,"K Onishi",0.00213217689840538,"close"
"760",287,"S Styles",0.00213672311780497,"close"
"761",288,"N Arias-Trejo",0.00213672311780497,"close"
"762",289,"E Yu",0.00212314225053079,"close"
"763",290,"D Lagnado",0.00212314225053079,"close"
"764",291,"N Charter",0.00212314225053079,"close"
"765",292,"S Khemlani",0.00212314225053079,"close"
"766",293,"S Leslie",0.00212314225053079,"close"
"767",294,"S Glucksberg",0.00212314225053079,"close"
"768",295,"D Heussen",0.00211864406779661,"close"
"769",296,"J Hampton",0.00211864406779661,"close"
"770",297,"J Austerweil",0.00220222181785946,"close"
"771",298,"B Murphy",0.00212765957446809,"close"
"772",299,"M Dalponte",0.00212765957446809,"close"
"773",300,"M Poesio",0.00212765957446809,"close"
"774",301,"L Bruzzone",0.00212765957446809,"close"
"775",302,"A Fisher",0.00211416490486258,"close"
"776",303,"B Armstrong",0.00211864406779661,"close"
"777",304,"D Plaut",0.00211864406779661,"close"
"778",305,"F Reali",0.00220222181785946,"close"
"779",306,"L Casasanto",0.00211864406779661,"close"
"780",307,"I Stag",0.00211864406779661,"close"
"781",308,"L Emberson",0.00213674246368217,"close"
"782",309,"R Weiss",0.00213674246368217,"close"
"783",310,"A Barbosa",0.00213674246368217,"close"
"784",311,"E Vatikiotis-Bateson",0.00213674246368217,"close"
"785",312,"M Spivey",0.00213675213675214,"close"
"786",313,"J Hsiao",0.00212314225053079,"close"
"787",314,"R Shahbazi",0.00212314225053079,"close"
"788",315,"G Cottrell",0.00212314225053079,"close"
"789",316,"T Yasuda",0.00211864406779661,"close"
"790",317,"H Kobayashi",0.00211864406779661,"close"
"791",318,"C Quam",0.00212314225053079,"close"
"792",319,"J Yuan",0.00212314225053079,"close"
"793",320,"D Swingly",0.00212314225053079,"close"
"794",321,"P Niyogi",0.00212764039271193,"close"
"795",322,"P McCarthy",0.0021976589345079,"close"
"796",323,"S Briner",0.0021976589345079,"close"
"797",324,"J Myers",0.0021976589345079,"close"
"798",325,"D McNamara",0.00219769986497183,"close"
"799",326,"E Albro",0.00211416490486258,"close"
"800",327,"T HIlls",0.00213217689840538,"close"
"801",328,"P Todd",0.00213217689840538,"close"
"802",329,"W Zuidema",0.00215509369178508,"close"
"803",330,"A D'Angiulli",0.00213219616204691,"close"
"804",331,"J Weinberg",0.00213219616204691,"close"
"805",332,"R Grunau",0.00213219616204691,"close"
"806",333,"C Hertzman",0.00213219616204691,"close"
"807",334,"P Grebenkov",0.00213219616204691,"close"
"808",335,"A Frank",0.00211864406779661,"close"
"809",336,"T Jaeger",0.00211864406779661,"close"
"810",337,"P Williams",0.00212314225053079,"close"
"811",338,"R Beer",0.00212314225053079,"close"
"812",339,"M Gasser",0.00212314225053079,"close"
"813",340,"R Cooper",0.00213217689840538,"close"
"814",341,"D Mareschal",0.00213217689840538,"close"
"815",342,"T Brady",0.00212314225053079,"close"
"816",343,"T Konkle",0.00212314225053079,"close"
"817",344,"G Alvarez",0.00212314225053079,"close"
"818",345,"G Gunzelman",0.00213219616204691,"close"
"819",346,"A Pope",0.00213219616204691,"close"
"820",347,"R Wray",0.00213219616204691,"close"
"821",348,"B Best",0.00213219616204691,"close"
"822",349,"J Trafton",0.00213219616204691,"close"
"823",350,"E Fedorenko",0.00220225264316975,"close"
"824",351,"E Gibson",0.00220227319385603,"close"
"825",352,"E Bard",0.00212314225053079,"close"
"826",353,"R Hill",0.00212314225053079,"close"
"827",354,"M Foster",0.00212314225053079,"close"
"828",355,"E Pothos",0.00213675213675214,"close"
"829",356,"A Perlman",0.00213675213675214,"close"
"830",357,"D Edwards",0.00213675213675214,"close"
"831",358,"T Gureckis",0.00213675213675214,"close"
"832",359,"P Hines",0.00213675213675214,"close"
"833",360,"N Chater",0.00213675213675214,"close"
"834",361,"B Johns",0.00212314225053079,"close"
"835",362,"M Jones",0.00212314225053079,"close"
"836",363,"R Salden",0.00212765957446809,"close"
"837",364,"V Aleveen",0.00212765957446809,"close"
"838",365,"A Renkl",0.00212765957446809,"close"
"839",366,"R Schwonke",0.00212765957446809,"close"
"840",367,"D Yurovsky",0.00223160462774282,"close"
"841",368,"D Oppenheimer",0.00212314225053079,"close"
"842",369,"A Shah",0.00212314225053079,"close"
"843",370,"A Alter",0.00212314225053079,"close"
"844",371,"R Newman",0.00212314225053079,"close"
"845",372,"L Samuelson",0.00212314225053079,"close"
"846",373,"P Gupta",0.00212314225053079,"close"
"847",374,"J Anderson",0.00223196341849787,"close"
"848",375,"J McClelland",0.00223196341849787,"close"
"849",376,"E Hutchins",0.00223196341849787,"close"
"850",377,"L Barsalou",0.00223196341849787,"close"
"851",378,"B",0.00223196341849787,"close"
"852",379,"N William",0.00223196341849787,"close"
"853",380,"M L.",0.00223196341849787,"close"
"854",381,"A L.",0.00223196341849787,"close"
"855",382,"T Strauss",0.00212765957446809,"close"
"856",383,"D Mirman",0.00212765957446809,"close"
"857",384,"J Magnuson",0.00212765957446809,"close"
"858",385,"K Agres",0.00211864406779661,"close"
"859",386,"C Krumhansl",0.00211864406779661,"close"
"860",387,"P Slezak",0.00211416490486258,"close"
"861",388,"B Rheder",0.00211864406779661,"close"
"862",389,"S Kim",0.00211864406779661,"close"
"863",390,"J Wiener",0.00212765957446809,"close"
"864",391,"T Tenbrik",0.00212765957446809,"close"
"865",392,"J Henschel",0.00212765957446809,"close"
"866",393,"C Holscher",0.00212765957446809,"close"
"867",394,"G Lupyan",0.00213671344499774,"close"
"868",395,"R Lindsey",0.00213673279069978,"close"
"869",396,"M Stipicevic",0.00213673279069978,"close"
"870",397,"V Veksler",0.00213673279069978,"close"
"871",398,"M Hegarty",0.00212314225053079,"close"
"872",399,"H Smallman",0.00212314225053079,"close"
"873",400,"A Stull",0.00212314225053079,"close"
"874",401,"S Ullman",0.00211416490486258,"close"
"875",402,"G Recchia",0.00212314225053079,"close"
"876",403,"P Engelhardt",0.00212314225053079,"close"
"877",404,"M Xiang",0.00212314225053079,"close"
"878",405,"F Ferreira",0.00212314225053079,"close"
"879",406,"R Angeleri",0.00213675213675214,"close"
"880",407,"F Bosco",0.00213675213675214,"close"
"881",408,"K Sacco",0.00213675213675214,"close"
"882",409,"M Zettin",0.00213675213675214,"close"
"883",410,"L Colle",0.00213675213675214,"close"
"884",411,"B Bara",0.00213675213675214,"close"
"885",412,"Y Hagmayer",0.00211864406779661,"close"
"886",413,"B Meder",0.00211864406779661,"close"
"887",414,"M Clair",0.00213671344499774,"close"
"888",415,"J Asmuth",0.00223174179882172,"close"
"889",416,"R Ward",0.00211416490486258,"close"
"890",417,"W Voorspoels",0.00215046904828076,"close"
"891",418,"W Vanpaelmel",0.00215046904828076,"close"
"892",419,"S Todaro",0.00219755661501788,"close"
"893",420,"J Magliano",0.00219755661501788,"close"
"894",421,"K Millis",0.00219755661501788,"close"
"895",422,"C Kurby",0.00219755661501788,"close"
"896",423,"E Cannon",0.00211864406779661,"close"
"897",424,"A Woodward",0.00211864406779661,"close"
"898",425,"G Mens",0.00211864406779661,"close"
"899",426,"W Bechtel",0.00211864406779661,"close"
"900",427,"A Abrahamsen",0.00211864406779661,"close"
"901",428,"K Ohtsu",0.00211416490486258,"close"
"902",429,"M Meyer",0.00212313270029193,"close"
"903",430,"H Kloos",0.00211416490486258,"close"
"904",431,"B Nanay",0.00211416490486258,"close"
"905",432,"A Buss",0.00213216726671515,"close"
"906",433,"F Assche",0.00215048864387088,"close"
"907",434,"I Rooji",0.00213219616204691,"close"
"908",435,"P Evans",0.00213219616204691,"close"
"909",436,"M Muller",0.00213219616204691,"close"
"910",437,"J Gedge",0.00213219616204691,"close"
"911",438,"T Warehem",0.00213219616204691,"close"
"912",439,"D Fum",0.00212314225053079,"close"
"913",440,"A Napoli",0.00212314225053079,"close"
"914",441,"A Stocco",0.00212314225053079,"close"
"915",442,"E Andonova",0.00212314225053079,"close"
"916",443,"T Tenbrink",0.00212314225053079,"close"
"917",444,"K Coventry",0.00212314225053079,"close"
"918",445,"K Goedert",0.00211416490486258,"close"
"919",446,"A Dils",0.00212313270029193,"close"
"920",447,"V Gliozzi",0.00213673279069978,"close"
"921",448,"J Hu",0.00213673279069978,"close"
"922",449,"B Veksler",0.00213671344499774,"close"
"923",450,"M Brown",0.00220209852524715,"close"
"924",451,"V Savova",0.00220209852524715,"close"
"925",452,"S Mueller",0.00211864406779661,"close"
"926",453,"E Veinott",0.00211864406779661,"close"
"927",454,"M ettlinger",0.00211864406779661,"close"
"928",455,"J Zapf",0.00211864406779661,"close"
"929",456,"S Chin-Parker",0.00211864406779661,"close"
"930",457,"A Bradner",0.00211864406779661,"close"
"931",458,"C Sims",0.00213671344499774,"close"
"932",459,"R Marinier",0.00211864406779661,"close"
"933",460,"J Laird",0.00211864406779661,"close"
"934",461,"L Richland",0.00211416490486258,"close"
"935",462,"G Pagliuca",0.00213672311780497,"close"
"936",463,"R McIntosh",0.00213672311780497,"close"
"937",464,"S Frank",0.00211864406779661,"close"
"938",465,"M Čerňanský",0.00211864406779661,"close"
"939",466,"J Harbison",0.00212314225053079,"close"
"940",467,"E Davelaar",0.00212314225053079,"close"
"941",468,"M Dougherty",0.00212314225053079,"close"
"942",469,"D Brizan",0.00215508385193843,"close"
"943",470,"J Dixon",0.00212765957446809,"close"
"944",471,"B Scassellati",0.00223160462774282,"close"
"945",472,"S Hidaka",0.00223180511423816,"close"
"946",473,"S Johnson",0.00212764039271193,"close"
"947",1,"T Hills",0,"between"
"948",2,"M Maouene",0,"between"
"949",3,"J Maouene",0,"between"
"950",4,"A Sheya",0,"between"
"951",5,"L Smith",168,"between"
"952",6,"J Jameson",0,"between"
"953",7,"D Gentner",69,"between"
"954",8,"A Tiwathia",0,"between"
"955",9,"K Livingston",0,"between"
"956",10,"P Cushen",0,"between"
"957",11,"J Wiley",2,"between"
"958",12,"P Maguire",0,"between"
"959",13,"R Maguire",0,"between"
"960",14,"A Cater",0,"between"
"961",15,"G Solomon",10,"between"
"962",16,"R Gelman",0,"between"
"963",17,"D Medin",0,"between"
"964",18,"N Nersessian",0,"between"
"965",19,"L Schulz",18,"between"
"966",20,"M Bang",0,"between"
"967",21,"C Massey",0,"between"
"968",22,"K Brenneman",0,"between"
"969",23,"W Newsetter",0,"between"
"970",24,"R Mayrhofer",0,"between"
"971",25,"N Goodman",60,"between"
"972",26,"W",0,"between"
"973",27,"T R.",0,"between"
"974",28,"M B.",0,"between"
"975",29,"B Breaux",0,"between"
"976",30,"M Feist",0,"between"
"977",31,"A Pyke",0,"between"
"978",32,"J LeFevre",6,"between"
"979",33,"R Isaacs",0,"between"
"980",34,"A Shtulman",0,"between"
"981",35,"P Calabi",0,"between"
"982",36,"T Vosse",0,"between"
"983",37,"G Kempen",0,"between"
"984",38,"K Otis",0,"between"
"985",39,"E Sagi",0,"between"
"986",40,"F Gobet",0,"between"
"987",41,"B Love",3,"between"
"988",42,"M JOnes",0,"between"
"989",43,"M Tomlinson",0,"between"
"990",44,"M Howes",0,"between"
"991",45,"H Wang",0,"between"
"992",46,"S Helie",0,"between"
"993",47,"N Wilson",0,"between"
"994",48,"R Sun",0,"between"
"995",49,"N Saji",0,"between"
"996",50,"H Saalbach",0,"between"
"997",51,"M Imai",0,"between"
"998",52,"Y Zhang",0,"between"
"999",53,"H Shu",15,"between"
"1000",54,"H Okada",0,"between"
"1001",55,"R Bod",3.5,"between"
"1002",56,"G Borensztajn",3.5,"between"
"1003",57,"D Freudenthal",0,"between"
"1004",58,"J Pine",0,"between"
"1005",59,"C Kam",0,"between"
"1006",60,"A Clark",0,"between"
"1007",61,"W Sakas",8,"between"
"1008",62,"H Harris",0,"between"
"1009",63,"R Minervino",0,"between"
"1010",64,"N Oberholzer",0,"between"
"1011",65,"M Trench",0,"between"
"1012",66,"A Lovett",0,"between"
"1013",67,"K Lockwood",0,"between"
"1014",68,"K Forbus",68,"between"
"1015",69,"L Leger",0,"between"
"1016",70,"J Rouet",0,"between"
"1017",71,"C Ros",0,"between"
"1018",72,"N Vibert",0,"between"
"1019",73,"M Ragni",0,"between"
"1020",74,"B Schultz",0,"between"
"1021",75,"D Navarro",2,"between"
"1022",76,"B Malt",7,"between"
"1023",77,"M Paquet",0,"between"
"1024",78,"T Lombrozo",0,"between"
"1025",79,"S Sloman",0,"between"
"1026",80,"M Strevens",0,"between"
"1027",81,"J Trout",0,"between"
"1028",82,"D Weisberg",0,"between"
"1029",83,"D Zaitchik",0,"between"
"1030",84,"T Shultz",4,"between"
"1031",85,"J Thivierge",0,"between"
"1032",86,"K Laurin",0,"between"
"1033",87,"H Neth",0,"between"
"1034",88,"T Muller",0,"between"
"1035",89,"A Fazly",0,"between"
"1036",90,"A Alishahi",0,"between"
"1037",91,"S Stevenson",0,"between"
"1038",92,"R Berwick",3,"between"
"1039",93,"N Chomsky",0,"between"
"1040",94,"L Aziz-Zadeh",0,"between"
"1041",95,"D Casasanto",0,"between"
"1042",96,"J Feldman",0,"between"
"1043",97,"R Saxe",0,"between"
"1044",98,"L Talmy",0,"between"
"1045",99,"L Oakes",0,"between"
"1046",100,"S Perone",0,"between"
"1047",101,"K Madole",0,"between"
"1048",102,"D Mills",0,"between"
"1049",103,"S Luck",0,"between"
"1050",104,"V Gilliland",0,"between"
"1051",105,"J Dunn",0,"between"
"1052",106,"J Childers",0,"between"
"1053",107,"A Chemero",0,"between"
"1054",108,"M Silberstein",0,"between"
"1055",109,"A Guiral",0,"between"
"1056",110,"E Ruiz",0,"between"
"1057",111,"W Rodgers",0,"between"
"1058",112,"J Gonzalo",0,"between"
"1059",113,"C Thompson",0,"between"
"1060",114,"J Opfer",0,"between"
"1061",115,"M Welsh",0,"between"
"1062",116,"M Lee",0,"between"
"1063",117,"S Begg",0,"between"
"1064",118,"J Chen",0,"between"
"1065",119,"C Chuang",0,"between"
"1066",120,"M Chiu",0,"between"
"1067",121,"L Onnis",0,"between"
"1068",122,"H Waterfall",0,"between"
"1069",123,"S Edelman",12,"between"
"1070",124,"H Lee",0,"between"
"1071",125,"K Holyoak",0,"between"
"1072",126,"P Hemmer",0,"between"
"1073",127,"M Steyvers",0,"between"
"1074",128,"J Toscano",0,"between"
"1075",129,"B McMurray",0,"between"
"1076",130,"J Denrell",0,"between"
"1077",131,"A Heckler",0,"between"
"1078",132,"J Kaminski",0,"between"
"1079",133,"V Sloutsky",0,"between"
"1080",134,"K Kurtz",0,"between"
"1081",135,"N Smith",0,"between"
"1082",136,"R Levy",0,"between"
"1083",137,"J Thibaut",0,"between"
"1084",138,"R French",0,"between"
"1085",139,"M Vezneva",0,"between"
"1086",140,"P Langley",0,"between"
"1087",141,"W Bridewell",0,"between"
"1088",142,"C Yu",47,"between"
"1089",143,"T Davis",0,"between"
"1090",144,"H Lu",0,"between"
"1091",145,"R Rojas",0,"between"
"1092",146,"T Beckers",0,"between"
"1093",147,"A Yuille",0,"between"
"1094",148,"C Frederikson",0,"between"
"1095",149,"T Koschman",0,"between"
"1096",150,"B MacWhinney",0,"between"
"1097",151,"C Seifart",0,"between"
"1098",152,"E Shortliffe",0,"between"
"1099",153,"S Cook",0,"between"
"1100",154,"M Tanenhaus",0,"between"
"1101",155,"M Mozer",0,"between"
"1102",156,"H Pashler",0,"between"
"1103",157,"H Homaei",0,"between"
"1104",158,"C Fausey",0,"between"
"1105",159,"L Boroditsky",1,"between"
"1106",160,"W Gray",7,"between"
"1107",161,"S Lelis",0,"between"
"1108",162,"A Howes",0,"between"
"1109",163,"B General",0,"between"
"1110",164,"P Palmer",0,"between"
"1111",165,"J Yang",0,"between"
"1112",166,"B McCandliss",0,"between"
"1113",167,"J Zevin",0,"between"
"1114",168,"G Tenenbaum",0,"between"
"1115",169,"Y Yeshurun",0,"between"
"1116",170,"J Busemeyer",0,"between"
"1117",171,"E Tomai",0,"between"
"1118",172,"J Loucks",0,"between"
"1119",173,"D Baldwin",1,"between"
"1120",174,"K Lippa",0,"between"
"1121",175,"V Shalin",0,"between"
"1122",176,"A Pereira",0,"between"
"1123",177,"P Monaghan",8,"between"
"1124",178,"J Arciuli",0,"between"
"1125",179,"N Seva",0,"between"
"1126",180,"L Shi",0,"between"
"1127",181,"N Feldman",0,"between"
"1128",182,"T Griffiths",65,"between"
"1129",183,"E Heit",0,"between"
"1130",184,"B Hayes",0,"between"
"1131",185,"E Wiese",0,"between"
"1132",186,"U Konderding",0,"between"
"1133",187,"U Schmid",0,"between"
"1134",188,"C O'Donnell",0,"between"
"1135",189,"R Harwood",0,"between"
"1136",190,"B Gholson",0,"between"
"1137",191,"A Graesser",80,"between"
"1138",192,"S Craig",0,"between"
"1139",193,"W Ward",0,"between"
"1140",194,"R Cole",0,"between"
"1141",195,"G Biswas",0,"between"
"1142",196,"D Schwartz",0,"between"
"1143",197,"K Catley",0,"between"
"1144",198,"S Siler",0,"between"
"1145",199,"M Rutledge-Taylor",0,"between"
"1146",200,"R West",0,"between"
"1147",201,"D Trumpower",0,"between"
"1148",202,"O Fellus",0,"between"
"1149",203,"M Byrne",0,"between"
"1150",204,"T Griffin",0,"between"
"1151",205,"K Thiede",0,"between"
"1152",206,"G Westermann",0,"between"
"1153",207,"V Kovic",0,"between"
"1154",208,"N Ruh",4,"between"
"1155",209,"Y Katz",0,"between"
"1156",210,"K Kersting",0,"between"
"1157",211,"C Kemp",17.5,"between"
"1158",212,"J Tenenbaum",95.5,"between"
"1159",213,"W Deslauriers",0,"between"
"1160",214,"G Ouellette",0,"between"
"1161",215,"M Barnes",0,"between"
"1162",216,"G Malhotra",0,"between"
"1163",217,"M Pickering",0,"between"
"1164",218,"H Branigan",0,"between"
"1165",219,"J Bednar",0,"between"
"1166",220,"D Landy",0,"between"
"1167",221,"E Jones",0,"between"
"1168",222,"J Hummel",0,"between"
"1169",223,"L Maanen",0,"between"
"1170",224,"H Rijn",1,"between"
"1171",225,"A Wolf",0,"between"
"1172",226,"M Knauff",0,"between"
"1173",227,"S Fong",0,"between"
"1174",228,"T Wisdom",0,"between"
"1175",229,"X Song",0,"between"
"1176",230,"R Goldstone",4,"between"
"1177",231,"T Clausner",0,"between"
"1178",232,"P Kellman",0,"between"
"1179",233,"E Palmer",0,"between"
"1180",234,"N Sims",0,"between"
"1181",235,"M Herschbach",0,"between"
"1182",236,"M Tarr",0,"between"
"1183",237,"M Behrmann",0,"between"
"1184",238,"C Koch",0,"between"
"1185",239,"N Logothetis",0,"between"
"1186",240,"R Malach",0,"between"
"1187",241,"J Berant",0,"between"
"1188",242,"C Caldwell-Harris",0,"between"
"1189",243,"A Laakso",0,"between"
"1190",244,"P Calvo",0,"between"
"1191",245,"A Bender",0,"between"
"1192",246,"S Beller",0,"between"
"1193",247,"D Richardson",2,"between"
"1194",248,"M Hoover",0,"between"
"1195",249,"A Ghane",0,"between"
"1196",250,"E Bonawitz",0,"between"
"1197",251,"A Fischer",0,"between"
"1198",252,"J Booth",0,"between"
"1199",253,"K Koedinger",0,"between"
"1200",254,"M Frank",60,"between"
"1201",255,"D Ichinco",0,"between"
"1202",256,"M Helms",0,"between"
"1203",257,"S Vattam",0,"between"
"1204",258,"A Goel",2,"between"
"1205",259,"M Kunda",0,"between"
"1206",260,"N Cassimatis",0,"between"
"1207",261,"P Bignoli",0,"between"
"1208",262,"U Kurup",0,"between"
"1209",263,"F Martin",0,"between"
"1210",264,"S Verheyen",0,"between"
"1211",265,"E Ameel",3,"between"
"1212",266,"T Rogers",0,"between"
"1213",267,"G Storms",15,"between"
"1214",268,"J Spencer",5,"between"
"1215",269,"W Troob",0,"between"
"1216",270,"V Simmering",0,"between"
"1217",271,"R Azevedo",0,"between"
"1218",272,"G Lewis",0,"between"
"1219",273,"R Klatzky",0,"between"
"1220",274,"E Siler",0,"between"
"1221",275,"N Taatgen",0,"between"
"1222",276,"G Schoner",0,"between"
"1223",277,"D Barker-Plummer",0,"between"
"1224",278,"R Cox",0,"between"
"1225",279,"R Dale",0,"between"
"1226",280,"J Etchemendy",0,"between"
"1227",281,"M Watson",0,"between"
"1228",282,"M Blair",0,"between"
"1229",283,"J Mayor",0,"between"
"1230",284,"K Plunkett",6,"between"
"1231",285,"V Berthiaume",0,"between"
"1232",286,"K Onishi",0,"between"
"1233",287,"S Styles",0,"between"
"1234",288,"N Arias-Trejo",0,"between"
"1235",289,"E Yu",0,"between"
"1236",290,"D Lagnado",0,"between"
"1237",291,"N Charter",0,"between"
"1238",292,"S Khemlani",0,"between"
"1239",293,"S Leslie",0,"between"
"1240",294,"S Glucksberg",0,"between"
"1241",295,"D Heussen",0,"between"
"1242",296,"J Hampton",0,"between"
"1243",297,"J Austerweil",0,"between"
"1244",298,"B Murphy",0,"between"
"1245",299,"M Dalponte",0,"between"
"1246",300,"M Poesio",0,"between"
"1247",301,"L Bruzzone",0,"between"
"1248",302,"A Fisher",0,"between"
"1249",303,"B Armstrong",0,"between"
"1250",304,"D Plaut",0,"between"
"1251",305,"F Reali",0,"between"
"1252",306,"L Casasanto",0,"between"
"1253",307,"I Stag",0,"between"
"1254",308,"L Emberson",0,"between"
"1255",309,"R Weiss",0,"between"
"1256",310,"A Barbosa",0,"between"
"1257",311,"E Vatikiotis-Bateson",0,"between"
"1258",312,"M Spivey",4,"between"
"1259",313,"J Hsiao",0,"between"
"1260",314,"R Shahbazi",0,"between"
"1261",315,"G Cottrell",0,"between"
"1262",316,"T Yasuda",0,"between"
"1263",317,"H Kobayashi",0,"between"
"1264",318,"C Quam",0,"between"
"1265",319,"J Yuan",0,"between"
"1266",320,"D Swingly",0,"between"
"1267",321,"P Niyogi",0,"between"
"1268",322,"P McCarthy",0,"between"
"1269",323,"S Briner",0,"between"
"1270",324,"J Myers",0,"between"
"1271",325,"D McNamara",56,"between"
"1272",326,"E Albro",0,"between"
"1273",327,"T HIlls",0,"between"
"1274",328,"P Todd",0,"between"
"1275",329,"W Zuidema",0,"between"
"1276",330,"A D'Angiulli",0,"between"
"1277",331,"J Weinberg",0,"between"
"1278",332,"R Grunau",0,"between"
"1279",333,"C Hertzman",0,"between"
"1280",334,"P Grebenkov",0,"between"
"1281",335,"A Frank",0,"between"
"1282",336,"T Jaeger",0,"between"
"1283",337,"P Williams",0,"between"
"1284",338,"R Beer",0,"between"
"1285",339,"M Gasser",0,"between"
"1286",340,"R Cooper",0,"between"
"1287",341,"D Mareschal",0,"between"
"1288",342,"T Brady",0,"between"
"1289",343,"T Konkle",0,"between"
"1290",344,"G Alvarez",0,"between"
"1291",345,"G Gunzelman",0,"between"
"1292",346,"A Pope",0,"between"
"1293",347,"R Wray",0,"between"
"1294",348,"B Best",0,"between"
"1295",349,"J Trafton",0,"between"
"1296",350,"E Fedorenko",0,"between"
"1297",351,"E Gibson",34,"between"
"1298",352,"E Bard",0,"between"
"1299",353,"R Hill",0,"between"
"1300",354,"M Foster",0,"between"
"1301",355,"E Pothos",0,"between"
"1302",356,"A Perlman",0,"between"
"1303",357,"D Edwards",0,"between"
"1304",358,"T Gureckis",0,"between"
"1305",359,"P Hines",0,"between"
"1306",360,"N Chater",0,"between"
"1307",361,"B Johns",0,"between"
"1308",362,"M Jones",0,"between"
"1309",363,"R Salden",0,"between"
"1310",364,"V Aleveen",0,"between"
"1311",365,"A Renkl",0,"between"
"1312",366,"R Schwonke",0,"between"
"1313",367,"D Yurovsky",0,"between"
"1314",368,"D Oppenheimer",0,"between"
"1315",369,"A Shah",0,"between"
"1316",370,"A Alter",0,"between"
"1317",371,"R Newman",0,"between"
"1318",372,"L Samuelson",0,"between"
"1319",373,"P Gupta",0,"between"
"1320",374,"J Anderson",0,"between"
"1321",375,"J McClelland",0,"between"
"1322",376,"E Hutchins",0,"between"
"1323",377,"L Barsalou",0,"between"
"1324",378,"B",0,"between"
"1325",379,"N William",0,"between"
"1326",380,"M L.",0,"between"
"1327",381,"A L.",0,"between"
"1328",382,"T Strauss",0,"between"
"1329",383,"D Mirman",0,"between"
"1330",384,"J Magnuson",0,"between"
"1331",385,"K Agres",0,"between"
"1332",386,"C Krumhansl",0,"between"
"1333",387,"P Slezak",0,"between"
"1334",388,"B Rheder",0,"between"
"1335",389,"S Kim",0,"between"
"1336",390,"J Wiener",0,"between"
"1337",391,"T Tenbrik",0,"between"
"1338",392,"J Henschel",0,"between"
"1339",393,"C Holscher",0,"between"
"1340",394,"G Lupyan",0,"between"
"1341",395,"R Lindsey",0,"between"
"1342",396,"M Stipicevic",0,"between"
"1343",397,"V Veksler",0,"between"
"1344",398,"M Hegarty",0,"between"
"1345",399,"H Smallman",0,"between"
"1346",400,"A Stull",0,"between"
"1347",401,"S Ullman",0,"between"
"1348",402,"G Recchia",0,"between"
"1349",403,"P Engelhardt",0,"between"
"1350",404,"M Xiang",0,"between"
"1351",405,"F Ferreira",0,"between"
"1352",406,"R Angeleri",0,"between"
"1353",407,"F Bosco",0,"between"
"1354",408,"K Sacco",0,"between"
"1355",409,"M Zettin",0,"between"
"1356",410,"L Colle",0,"between"
"1357",411,"B Bara",0,"between"
"1358",412,"Y Hagmayer",0,"between"
"1359",413,"B Meder",0,"between"
"1360",414,"M Clair",0,"between"
"1361",415,"J Asmuth",0,"between"
"1362",416,"R Ward",0,"between"
"1363",417,"W Voorspoels",0,"between"
"1364",418,"W Vanpaelmel",0,"between"
"1365",419,"S Todaro",0,"between"
"1366",420,"J Magliano",0,"between"
"1367",421,"K Millis",0,"between"
"1368",422,"C Kurby",0,"between"
"1369",423,"E Cannon",0,"between"
"1370",424,"A Woodward",0,"between"
"1371",425,"G Mens",0,"between"
"1372",426,"W Bechtel",0,"between"
"1373",427,"A Abrahamsen",0,"between"
"1374",428,"K Ohtsu",0,"between"
"1375",429,"M Meyer",0,"between"
"1376",430,"H Kloos",0,"between"
"1377",431,"B Nanay",0,"between"
"1378",432,"A Buss",0,"between"
"1379",433,"F Assche",0,"between"
"1380",434,"I Rooji",0,"between"
"1381",435,"P Evans",0,"between"
"1382",436,"M Muller",0,"between"
"1383",437,"J Gedge",0,"between"
"1384",438,"T Warehem",0,"between"
"1385",439,"D Fum",0,"between"
"1386",440,"A Napoli",0,"between"
"1387",441,"A Stocco",0,"between"
"1388",442,"E Andonova",0,"between"
"1389",443,"T Tenbrink",0,"between"
"1390",444,"K Coventry",0,"between"
"1391",445,"K Goedert",0,"between"
"1392",446,"A Dils",0,"between"
"1393",447,"V Gliozzi",0,"between"
"1394",448,"J Hu",0,"between"
"1395",449,"B Veksler",0,"between"
"1396",450,"M Brown",0,"between"
"1397",451,"V Savova",0,"between"
"1398",452,"S Mueller",0,"between"
"1399",453,"E Veinott",0,"between"
"1400",454,"M ettlinger",0,"between"
"1401",455,"J Zapf",0,"between"
"1402",456,"S Chin-Parker",0,"between"
"1403",457,"A Bradner",0,"between"
"1404",458,"C Sims",0,"between"
"1405",459,"R Marinier",0,"between"
"1406",460,"J Laird",0,"between"
"1407",461,"L Richland",0,"between"
"1408",462,"G Pagliuca",0,"between"
"1409",463,"R McIntosh",0,"between"
"1410",464,"S Frank",0,"between"
"1411",465,"M Čerňanský",0,"between"
"1412",466,"J Harbison",0,"between"
"1413",467,"E Davelaar",0,"between"
"1414",468,"M Dougherty",0,"between"
"1415",469,"D Brizan",0,"between"
"1416",470,"J Dixon",0,"between"
"1417",471,"B Scassellati",0,"between"
"1418",472,"S Hidaka",0,"between"
"1419",473,"S Johnson",0,"between"
"1420",1,"T Hills",0.137849507258782,"eigen"
"1421",2,"M Maouene",0.137849507258782,"eigen"
"1422",3,"J Maouene",0.137849507258782,"eigen"
"1423",4,"A Sheya",0.137849507258782,"eigen"
"1424",5,"L Smith",1,"eigen"
"1425",6,"J Jameson",0.0835101295036927,"eigen"
"1426",7,"D Gentner",0.856336902907392,"eigen"
"1427",8,"A Tiwathia",4.02974311640745e-17,"eigen"
"1428",9,"K Livingston",4.06298462222672e-17,"eigen"
"1429",10,"P Cushen",2.18187387130598e-17,"eigen"
"1430",11,"J Wiley",0,"eigen"
"1431",12,"P Maguire",0,"eigen"
"1432",13,"R Maguire",0,"eigen"
"1433",14,"A Cater",0,"eigen"
"1434",15,"G Solomon",1.00341989121395e-15,"eigen"
"1435",16,"R Gelman",8.56350927566639e-16,"eigen"
"1436",17,"D Medin",8.69382354725262e-16,"eigen"
"1437",18,"N Nersessian",9.38262755420839e-16,"eigen"
"1438",19,"L Schulz",8.24082631745287e-16,"eigen"
"1439",20,"M Bang",1.02638002477915e-15,"eigen"
"1440",21,"C Massey",8.5759201586746e-16,"eigen"
"1441",22,"K Brenneman",8.94824664892097e-16,"eigen"
"1442",23,"W Newsetter",9.31436769766323e-16,"eigen"
"1443",24,"R Mayrhofer",1.84138683851209e-16,"eigen"
"1444",25,"N Goodman",3.85435741080101e-18,"eigen"
"1445",26,"W",1.69654366606053e-16,"eigen"
"1446",27,"T R.",1.69811147839366e-16,"eigen"
"1447",28,"M B.",1.8393964594359e-16,"eigen"
"1448",29,"B Breaux",3.05905315838739e-17,"eigen"
"1449",30,"M Feist",3.14669918114765e-17,"eigen"
"1450",31,"A Pyke",6.30828011410231e-18,"eigen"
"1451",32,"J LeFevre",0,"eigen"
"1452",33,"R Isaacs",1.49471872578552e-18,"eigen"
"1453",34,"A Shtulman",3.58415134240406e-17,"eigen"
"1454",35,"P Calabi",3.52430796165888e-17,"eigen"
"1455",36,"T Vosse",4.0582647285113e-17,"eigen"
"1456",37,"G Kempen",3.93068360179313e-17,"eigen"
"1457",38,"K Otis",3.48884391198957e-17,"eigen"
"1458",39,"E Sagi",4.20623559096632e-17,"eigen"
"1459",40,"F Gobet",4.2061258195019e-16,"eigen"
"1460",41,"B Love",0,"eigen"
"1461",42,"M JOnes",0,"eigen"
"1462",43,"M Tomlinson",0,"eigen"
"1463",44,"M Howes",0,"eigen"
"1464",45,"H Wang",4.27539718671789e-17,"eigen"
"1465",46,"S Helie",0,"eigen"
"1466",47,"N Wilson",0,"eigen"
"1467",48,"R Sun",0,"eigen"
"1468",49,"N Saji",2.49033904487089e-16,"eigen"
"1469",50,"H Saalbach",2.35790595058359e-16,"eigen"
"1470",51,"M Imai",2.41483540344493e-16,"eigen"
"1471",52,"Y Zhang",2.17092962370083e-16,"eigen"
"1472",53,"H Shu",1.06035330201376e-16,"eigen"
"1473",54,"H Okada",2.71394022156846e-16,"eigen"
"1474",55,"R Bod",4.01957473428471e-16,"eigen"
"1475",56,"G Borensztajn",4.27128295529502e-16,"eigen"
"1476",57,"D Freudenthal",4.13398756201667e-16,"eigen"
"1477",58,"J Pine",5.72956170875994e-16,"eigen"
"1478",59,"C Kam",5.2001599804409e-16,"eigen"
"1479",60,"A Clark",5.08807419327298e-16,"eigen"
"1480",61,"W Sakas",4.48265580652863e-16,"eigen"
"1481",62,"H Harris",4.27539718671789e-17,"eigen"
"1482",63,"R Minervino",0,"eigen"
"1483",64,"N Oberholzer",0,"eigen"
"1484",65,"M Trench",0,"eigen"
"1485",66,"A Lovett",0.0927123228706777,"eigen"
"1486",67,"K Lockwood",0.0927123228706777,"eigen"
"1487",68,"K Forbus",0.857986519296917,"eigen"
"1488",69,"L Leger",0,"eigen"
"1489",70,"J Rouet",0,"eigen"
"1490",71,"C Ros",0,"eigen"
"1491",72,"N Vibert",0,"eigen"
"1492",73,"M Ragni",4.27539718671789e-17,"eigen"
"1493",74,"B Schultz",1.20425049630054e-17,"eigen"
"1494",75,"D Navarro",0,"eigen"
"1495",76,"B Malt",1.22327749254464e-16,"eigen"
"1496",77,"M Paquet",0,"eigen"
"1497",78,"T Lombrozo",0,"eigen"
"1498",79,"S Sloman",0,"eigen"
"1499",80,"M Strevens",0,"eigen"
"1500",81,"J Trout",0,"eigen"
"1501",82,"D Weisberg",0,"eigen"
"1502",83,"D Zaitchik",1.81741868051507e-16,"eigen"
"1503",84,"T Shultz",0,"eigen"
"1504",85,"J Thivierge",0,"eigen"
"1505",86,"K Laurin",0,"eigen"
"1506",87,"H Neth",3.45220140114995e-17,"eigen"
"1507",88,"T Muller",3.68727226964354e-17,"eigen"
"1508",89,"A Fazly",0,"eigen"
"1509",90,"A Alishahi",0,"eigen"
"1510",91,"S Stevenson",0,"eigen"
"1511",92,"R Berwick",0,"eigen"
"1512",93,"N Chomsky",7.54912554787739e-17,"eigen"
"1513",94,"L Aziz-Zadeh",0,"eigen"
"1514",95,"D Casasanto",0,"eigen"
"1515",96,"J Feldman",0,"eigen"
"1516",97,"R Saxe",0,"eigen"
"1517",98,"L Talmy",0,"eigen"
"1518",99,"L Oakes",0,"eigen"
"1519",100,"S Perone",0,"eigen"
"1520",101,"K Madole",0,"eigen"
"1521",102,"D Mills",3.92634681475082e-17,"eigen"
"1522",103,"S Luck",3.57298314263316e-17,"eigen"
"1523",104,"V Gilliland",0,"eigen"
"1524",105,"J Dunn",0,"eigen"
"1525",106,"J Childers",4.27539718671789e-17,"eigen"
"1526",107,"A Chemero",4.31617847190943e-17,"eigen"
"1527",108,"M Silberstein",3.54080396091901e-17,"eigen"
"1528",109,"A Guiral",0,"eigen"
"1529",110,"E Ruiz",0,"eigen"
"1530",111,"W Rodgers",0,"eigen"
"1531",112,"J Gonzalo",0,"eigen"
"1532",113,"C Thompson",3.52273965176196e-17,"eigen"
"1533",114,"J Opfer",3.77246322883743e-17,"eigen"
"1534",115,"M Welsh",0,"eigen"
"1535",116,"M Lee",0,"eigen"
"1536",117,"S Begg",0,"eigen"
"1537",118,"J Chen",3.90385275385289e-17,"eigen"
"1538",119,"C Chuang",4.02186296972561e-17,"eigen"
"1539",120,"M Chiu",4.27539718671789e-17,"eigen"
"1540",121,"L Onnis",6.93363452922561e-17,"eigen"
"1541",122,"H Waterfall",7.12957589448238e-17,"eigen"
"1542",123,"S Edelman",0,"eigen"
"1543",124,"H Lee",4.13304990846354e-17,"eigen"
"1544",125,"K Holyoak",4.23438579666757e-17,"eigen"
"1545",126,"P Hemmer",3.9961911674901e-17,"eigen"
"1546",127,"M Steyvers",3.61307818430988e-17,"eigen"
"1547",128,"J Toscano",3.42030523555586e-17,"eigen"
"1548",129,"B McMurray",3.29076765692528e-17,"eigen"
"1549",130,"J Denrell",0,"eigen"
"1550",131,"A Heckler",0,"eigen"
"1551",132,"J Kaminski",0,"eigen"
"1552",133,"V Sloutsky",0,"eigen"
"1553",134,"K Kurtz",4.27539718671789e-17,"eigen"
"1554",135,"N Smith",3.93829287171719e-17,"eigen"
"1555",136,"R Levy",4.0069810063716e-17,"eigen"
"1556",137,"J Thibaut",0,"eigen"
"1557",138,"R French",0,"eigen"
"1558",139,"M Vezneva",0,"eigen"
"1559",140,"P Langley",3.51748598962893e-17,"eigen"
"1560",141,"W Bridewell",3.48050924119457e-17,"eigen"
"1561",142,"C Yu",0.110173682863382,"eigen"
"1562",143,"T Davis",2.21370906686057e-17,"eigen"
"1563",144,"H Lu",0,"eigen"
"1564",145,"R Rojas",0,"eigen"
"1565",146,"T Beckers",0,"eigen"
"1566",147,"A Yuille",0,"eigen"
"1567",148,"C Frederikson",0,"eigen"
"1568",149,"T Koschman",0,"eigen"
"1569",150,"B MacWhinney",0,"eigen"
"1570",151,"C Seifart",0,"eigen"
"1571",152,"E Shortliffe",0,"eigen"
"1572",153,"S Cook",3.89690569643157e-17,"eigen"
"1573",154,"M Tanenhaus",4.65010555305022e-17,"eigen"
"1574",155,"M Mozer",0,"eigen"
"1575",156,"H Pashler",0,"eigen"
"1576",157,"H Homaei",0,"eigen"
"1577",158,"C Fausey",0,"eigen"
"1578",159,"L Boroditsky",0,"eigen"
"1579",160,"W Gray",0,"eigen"
"1580",161,"S Lelis",3.98344858725858e-17,"eigen"
"1581",162,"A Howes",3.72120336675874e-17,"eigen"
"1582",163,"B General",4.01494054984112e-17,"eigen"
"1583",164,"P Palmer",4.54849898914027e-17,"eigen"
"1584",165,"J Yang",7.68146422593438e-17,"eigen"
"1585",166,"B McCandliss",9.1721710888219e-17,"eigen"
"1586",167,"J Zevin",8.2663040786283e-17,"eigen"
"1587",168,"G Tenenbaum",6.85071942540894e-17,"eigen"
"1588",169,"Y Yeshurun",6.57642317080964e-17,"eigen"
"1589",170,"J Busemeyer",4.27539718671789e-17,"eigen"
"1590",171,"E Tomai",0.0836710003920695,"eigen"
"1591",172,"J Loucks",3.986908833396e-17,"eigen"
"1592",173,"D Baldwin",1.27662360033687e-17,"eigen"
"1593",174,"K Lippa",3.94835289472075e-17,"eigen"
"1594",175,"V Shalin",3.80056627579523e-17,"eigen"
"1595",176,"A Pereira",0.108264338150961,"eigen"
"1596",177,"P Monaghan",0,"eigen"
"1597",178,"J Arciuli",4.23936803738952e-17,"eigen"
"1598",179,"N Seva",1.98525121642575e-17,"eigen"
"1599",180,"L Shi",1.16612079790412e-16,"eigen"
"1600",181,"N Feldman",1.23292597299318e-16,"eigen"
"1601",182,"T Griffiths",0,"eigen"
"1602",183,"E Heit",4.0921214618071e-17,"eigen"
"1603",184,"B Hayes",3.64744613340495e-17,"eigen"
"1604",185,"E Wiese",0,"eigen"
"1605",186,"U Konderding",0,"eigen"
"1606",187,"U Schmid",0,"eigen"
"1607",188,"C O'Donnell",4.19388558613505e-14,"eigen"
"1608",189,"R Harwood",4.1859426210098e-14,"eigen"
"1609",190,"B Gholson",4.17799965588454e-14,"eigen"
"1610",191,"A Graesser",4.43217453989273e-14,"eigen"
"1611",192,"S Craig",4.1859426210098e-14,"eigen"
"1612",193,"W Ward",4.17005669075929e-14,"eigen"
"1613",194,"R Cole",4.17799965588454e-14,"eigen"
"1614",195,"G Biswas",4.1859426210098e-14,"eigen"
"1615",196,"D Schwartz",4.1859426210098e-14,"eigen"
"1616",197,"K Catley",4.17005669075929e-14,"eigen"
"1617",198,"S Siler",4.1859426210098e-14,"eigen"
"1618",199,"M Rutledge-Taylor",4.07105631768327e-17,"eigen"
"1619",200,"R West",3.57193018276286e-17,"eigen"
"1620",201,"D Trumpower",3.27400218856215e-17,"eigen"
"1621",202,"O Fellus",4.03382276916753e-17,"eigen"
"1622",203,"M Byrne",4.27539718671789e-17,"eigen"
"1623",204,"T Griffin",0,"eigen"
"1624",205,"K Thiede",0,"eigen"
"1625",206,"G Westermann",0,"eigen"
"1626",207,"V Kovic",0,"eigen"
"1627",208,"N Ruh",0,"eigen"
"1628",209,"Y Katz",7.11196091133281e-17,"eigen"
"1629",210,"K Kersting",5.87796020832327e-17,"eigen"
"1630",211,"C Kemp",3.69505377289132e-16,"eigen"
"1631",212,"J Tenenbaum",3.41455955068497e-16,"eigen"
"1632",213,"W Deslauriers",0,"eigen"
"1633",214,"G Ouellette",0,"eigen"
"1634",215,"M Barnes",0,"eigen"
"1635",216,"G Malhotra",0,"eigen"
"1636",217,"M Pickering",0,"eigen"
"1637",218,"H Branigan",0,"eigen"
"1638",219,"J Bednar",0,"eigen"
"1639",220,"D Landy",0,"eigen"
"1640",221,"E Jones",0,"eigen"
"1641",222,"J Hummel",0,"eigen"
"1642",223,"L Maanen",3.58859981033623e-17,"eigen"
"1643",224,"H Rijn",9.72305137063872e-18,"eigen"
"1644",225,"A Wolf",3.59274188378418e-17,"eigen"
"1645",226,"M Knauff",4.21373403929769e-17,"eigen"
"1646",227,"S Fong",7.3834610450127e-17,"eigen"
"1647",228,"T Wisdom",0,"eigen"
"1648",229,"X Song",0,"eigen"
"1649",230,"R Goldstone",0,"eigen"
"1650",231,"T Clausner",0,"eigen"
"1651",232,"P Kellman",0,"eigen"
"1652",233,"E Palmer",0,"eigen"
"1653",234,"N Sims",0.0835101295036927,"eigen"
"1654",235,"M Herschbach",4.27539718671789e-17,"eigen"
"1655",236,"M Tarr",0,"eigen"
"1656",237,"M Behrmann",0,"eigen"
"1657",238,"C Koch",0,"eigen"
"1658",239,"N Logothetis",3.53857472519019e-19,"eigen"
"1659",240,"R Malach",0,"eigen"
"1660",241,"J Berant",6.49986170279174e-17,"eigen"
"1661",242,"C Caldwell-Harris",6.96750017498585e-17,"eigen"
"1662",243,"A Laakso",3.93310284438383e-17,"eigen"
"1663",244,"P Calvo",3.7264363629088e-17,"eigen"
"1664",245,"A Bender",3.40548056834405e-17,"eigen"
"1665",246,"S Beller",3.61769316435367e-17,"eigen"
"1666",247,"D Richardson",0,"eigen"
"1667",248,"M Hoover",0,"eigen"
"1668",249,"A Ghane",0,"eigen"
"1669",250,"E Bonawitz",1.72899113908156e-16,"eigen"
"1670",251,"A Fischer",1.82284844183116e-16,"eigen"
"1671",252,"J Booth",4.5937368174227e-17,"eigen"
"1672",253,"K Koedinger",4.47016550078837e-17,"eigen"
"1673",254,"M Frank",0,"eigen"
"1674",255,"D Ichinco",0,"eigen"
"1675",256,"M Helms",0,"eigen"
"1676",257,"S Vattam",0,"eigen"
"1677",258,"A Goel",0,"eigen"
"1678",259,"M Kunda",8.16462007986221e-18,"eigen"
"1679",260,"N Cassimatis",0,"eigen"
"1680",261,"P Bignoli",0,"eigen"
"1681",262,"U Kurup",0,"eigen"
"1682",263,"F Martin",4.27539718671789e-17,"eigen"
"1683",264,"S Verheyen",1.19777518917698e-16,"eigen"
"1684",265,"E Ameel",0,"eigen"
"1685",266,"T Rogers",1.11730750364148e-16,"eigen"
"1686",267,"G Storms",0,"eigen"
"1687",268,"J Spencer",0,"eigen"
"1688",269,"W Troob",9.13381047713426e-18,"eigen"
"1689",270,"V Simmering",1.00226674384914e-17,"eigen"
"1690",271,"R Azevedo",0,"eigen"
"1691",272,"G Lewis",0,"eigen"
"1692",273,"R Klatzky",0,"eigen"
"1693",274,"E Siler",0,"eigen"
"1694",275,"N Taatgen",3.97141312951414e-17,"eigen"
"1695",276,"G Schoner",8.24841374170293e-17,"eigen"
"1696",277,"D Barker-Plummer",0,"eigen"
"1697",278,"R Cox",0,"eigen"
"1698",279,"R Dale",0,"eigen"
"1699",280,"J Etchemendy",0,"eigen"
"1700",281,"M Watson",3.58335290956007e-17,"eigen"
"1701",282,"M Blair",3.50719361006731e-17,"eigen"
"1702",283,"J Mayor",0,"eigen"
"1703",284,"K Plunkett",0,"eigen"
"1704",285,"V Berthiaume",0,"eigen"
"1705",286,"K Onishi",0,"eigen"
"1706",287,"S Styles",6.77646761493893e-18,"eigen"
"1707",288,"N Arias-Trejo",0,"eigen"
"1708",289,"E Yu",0,"eigen"
"1709",290,"D Lagnado",0,"eigen"
"1710",291,"N Charter",0,"eigen"
"1711",292,"S Khemlani",0,"eigen"
"1712",293,"S Leslie",0,"eigen"
"1713",294,"S Glucksberg",0,"eigen"
"1714",295,"D Heussen",3.43823035017607e-17,"eigen"
"1715",296,"J Hampton",4.2185685260224e-17,"eigen"
"1716",297,"J Austerweil",1.47799372547011e-16,"eigen"
"1717",298,"B Murphy",0,"eigen"
"1718",299,"M Dalponte",0,"eigen"
"1719",300,"M Poesio",0,"eigen"
"1720",301,"L Bruzzone",0,"eigen"
"1721",302,"A Fisher",4.27539718671789e-17,"eigen"
"1722",303,"B Armstrong",1.91207303117159e-17,"eigen"
"1723",304,"D Plaut",0,"eigen"
"1724",305,"F Reali",1.52499766526159e-16,"eigen"
"1725",306,"L Casasanto",3.44670428001608e-18,"eigen"
"1726",307,"I Stag",2.59716182694494e-17,"eigen"
"1727",308,"L Emberson",0,"eigen"
"1728",309,"R Weiss",0,"eigen"
"1729",310,"A Barbosa",0,"eigen"
"1730",311,"E Vatikiotis-Bateson",0,"eigen"
"1731",312,"M Spivey",0,"eigen"
"1732",313,"J Hsiao",0,"eigen"
"1733",314,"R Shahbazi",0,"eigen"
"1734",315,"G Cottrell",0,"eigen"
"1735",316,"T Yasuda",4.09919741275999e-17,"eigen"
"1736",317,"H Kobayashi",4.13510823683378e-17,"eigen"
"1737",318,"C Quam",0,"eigen"
"1738",319,"J Yuan",0,"eigen"
"1739",320,"D Swingly",0,"eigen"
"1740",321,"P Niyogi",6.62244719889199e-17,"eigen"
"1741",322,"P McCarthy",6.41394433864404e-15,"eigen"
"1742",323,"S Briner",6.39408692583091e-15,"eigen"
"1743",324,"J Myers",6.44373045786375e-15,"eigen"
"1744",325,"D McNamara",6.67209070521486e-15,"eigen"
"1745",326,"E Albro",4.27539718671789e-17,"eigen"
"1746",327,"T HIlls",0,"eigen"
"1747",328,"P Todd",0,"eigen"
"1748",329,"W Zuidema",2.37319353522657e-16,"eigen"
"1749",330,"A D'Angiulli",0,"eigen"
"1750",331,"J Weinberg",0,"eigen"
"1751",332,"R Grunau",5.17014180884426e-18,"eigen"
"1752",333,"C Hertzman",0,"eigen"
"1753",334,"P Grebenkov",0,"eigen"
"1754",335,"A Frank",3.9336467399778e-17,"eigen"
"1755",336,"T Jaeger",4.11419483577806e-17,"eigen"
"1756",337,"P Williams",0,"eigen"
"1757",338,"R Beer",0,"eigen"
"1758",339,"M Gasser",0,"eigen"
"1759",340,"R Cooper",0,"eigen"
"1760",341,"D Mareschal",0,"eigen"
"1761",342,"T Brady",0,"eigen"
"1762",343,"T Konkle",0,"eigen"
"1763",344,"G Alvarez",0,"eigen"
"1764",345,"G Gunzelman",0,"eigen"
"1765",346,"A Pope",0,"eigen"
"1766",347,"R Wray",0,"eigen"
"1767",348,"B Best",0,"eigen"
"1768",349,"J Trafton",0,"eigen"
"1769",350,"E Fedorenko",9.13247014912086e-18,"eigen"
"1770",351,"E Gibson",0,"eigen"
"1771",352,"E Bard",0,"eigen"
"1772",353,"R Hill",0,"eigen"
"1773",354,"M Foster",0,"eigen"
"1774",355,"E Pothos",1.05827339588462e-16,"eigen"
"1775",356,"A Perlman",1.32002767901744e-16,"eigen"
"1776",357,"D Edwards",1.46612716552352e-16,"eigen"
"1777",358,"T Gureckis",1.41455678974238e-16,"eigen"
"1778",359,"P Hines",1.06874517311032e-16,"eigen"
"1779",360,"N Chater",1.22689710300648e-16,"eigen"
"1780",361,"B Johns",0,"eigen"
"1781",362,"M Jones",0,"eigen"
"1782",363,"R Salden",0,"eigen"
"1783",364,"V Aleveen",0,"eigen"
"1784",365,"A Renkl",0,"eigen"
"1785",366,"R Schwonke",0,"eigen"
"1786",367,"D Yurovsky",0.0107441574602032,"eigen"
"1787",368,"D Oppenheimer",0,"eigen"
"1788",369,"A Shah",0,"eigen"
"1789",370,"A Alter",0,"eigen"
"1790",371,"R Newman",0,"eigen"
"1791",372,"L Samuelson",0,"eigen"
"1792",373,"P Gupta",0,"eigen"
"1793",374,"J Anderson",0.834076019521404,"eigen"
"1794",375,"J McClelland",0.834076019521403,"eigen"
"1795",376,"E Hutchins",0.834076019521404,"eigen"
"1796",377,"L Barsalou",0.834076019521404,"eigen"
"1797",378,"B",0.834076019521404,"eigen"
"1798",379,"N William",0.834076019521404,"eigen"
"1799",380,"M L.",0.834076019521404,"eigen"
"1800",381,"A L.",0.834076019521404,"eigen"
"1801",382,"T Strauss",0,"eigen"
"1802",383,"D Mirman",0,"eigen"
"1803",384,"J Magnuson",0,"eigen"
"1804",385,"K Agres",4.25174284814449e-17,"eigen"
"1805",386,"C Krumhansl",3.7988150763587e-17,"eigen"
"1806",387,"P Slezak",4.27539718671789e-17,"eigen"
"1807",388,"B Rheder",3.99007959310265e-17,"eigen"
"1808",389,"S Kim",4.16187680564259e-17,"eigen"
"1809",390,"J Wiener",0,"eigen"
"1810",391,"T Tenbrik",0,"eigen"
"1811",392,"J Henschel",0,"eigen"
"1812",393,"C Holscher",0,"eigen"
"1813",394,"G Lupyan",5.12507569874984e-17,"eigen"
"1814",395,"R Lindsey",0,"eigen"
"1815",396,"M Stipicevic",0,"eigen"
"1816",397,"V Veksler",0,"eigen"
"1817",398,"M Hegarty",0,"eigen"
"1818",399,"H Smallman",0,"eigen"
"1819",400,"A Stull",0,"eigen"
"1820",401,"S Ullman",4.27539718671789e-17,"eigen"
"1821",402,"G Recchia",0,"eigen"
"1822",403,"P Engelhardt",0,"eigen"
"1823",404,"M Xiang",0,"eigen"
"1824",405,"F Ferreira",0,"eigen"
"1825",406,"R Angeleri",1.24045843941855e-16,"eigen"
"1826",407,"F Bosco",1.37714248270496e-16,"eigen"
"1827",408,"K Sacco",1.49830596269817e-16,"eigen"
"1828",409,"M Zettin",1.51751668813582e-16,"eigen"
"1829",410,"L Colle",1.49833607333047e-16,"eigen"
"1830",411,"B Bara",1.21819290511546e-16,"eigen"
"1831",412,"Y Hagmayer",3.85160820455655e-17,"eigen"
"1832",413,"B Meder",4.5065656243388e-17,"eigen"
"1833",414,"M Clair",1.14607026390043e-16,"eigen"
"1834",415,"J Asmuth",0.0835101295036927,"eigen"
"1835",416,"R Ward",4.27539718671789e-17,"eigen"
"1836",417,"W Voorspoels",1.06856647549278e-16,"eigen"
"1837",418,"W Vanpaelmel",1.03881353129968e-16,"eigen"
"1838",419,"S Todaro",9.89147375754509e-16,"eigen"
"1839",420,"J Magliano",9.95352817258615e-16,"eigen"
"1840",421,"K Millis",9.94111728957794e-16,"eigen"
"1841",422,"C Kurby",9.99076082161079e-16,"eigen"
"1842",423,"E Cannon",3.83281488245756e-17,"eigen"
"1843",424,"A Woodward",3.85131433814769e-17,"eigen"
"1844",425,"G Mens",2.2026987285102e-17,"eigen"
"1845",426,"W Bechtel",4.24549070212416e-17,"eigen"
"1846",427,"A Abrahamsen",4.30640762373991e-17,"eigen"
"1847",428,"K Ohtsu",4.27539718671789e-17,"eigen"
"1848",429,"M Meyer",3.77157070082456e-17,"eigen"
"1849",430,"H Kloos",4.27539718671789e-17,"eigen"
"1850",431,"B Nanay",4.27539718671789e-17,"eigen"
"1851",432,"A Buss",7.64426640100316e-17,"eigen"
"1852",433,"F Assche",1.24334448747007e-16,"eigen"
"1853",434,"I Rooji",0,"eigen"
"1854",435,"P Evans",0,"eigen"
"1855",436,"M Muller",0,"eigen"
"1856",437,"J Gedge",0,"eigen"
"1857",438,"T Warehem",0,"eigen"
"1858",439,"D Fum",0,"eigen"
"1859",440,"A Napoli",0,"eigen"
"1860",441,"A Stocco",0,"eigen"
"1861",442,"E Andonova",0,"eigen"
"1862",443,"T Tenbrink",0,"eigen"
"1863",444,"K Coventry",0,"eigen"
"1864",445,"K Goedert",4.27539718671789e-17,"eigen"
"1865",446,"A Dils",0,"eigen"
"1866",447,"V Gliozzi",0,"eigen"
"1867",448,"J Hu",0,"eigen"
"1868",449,"B Veksler",0,"eigen"
"1869",450,"M Brown",0,"eigen"
"1870",451,"V Savova",0,"eigen"
"1871",452,"S Mueller",4.21745807645454e-17,"eigen"
"1872",453,"E Veinott",3.4269308099962e-17,"eigen"
"1873",454,"M ettlinger",4.52224187386533e-17,"eigen"
"1874",455,"J Zapf",4.58355054748484e-17,"eigen"
"1875",456,"S Chin-Parker",4.22517147045265e-17,"eigen"
"1876",457,"A Bradner",3.19355930936168e-17,"eigen"
"1877",458,"C Sims",0,"eigen"
"1878",459,"R Marinier",3.67600691313775e-17,"eigen"
"1879",460,"J Laird",4.19435802603197e-17,"eigen"
"1880",461,"L Richland",4.27539718671789e-17,"eigen"
"1881",462,"G Pagliuca",2.83125584503364e-17,"eigen"
"1882",463,"R McIntosh",2.3393997729497e-17,"eigen"
"1883",464,"S Frank",4.0895026671015e-17,"eigen"
"1884",465,"M Čerňanský",4.14026764445297e-17,"eigen"
"1885",466,"J Harbison",0,"eigen"
"1886",467,"E Davelaar",0,"eigen"
"1887",468,"M Dougherty",0,"eigen"
"1888",469,"D Brizan",1.15367883963447e-16,"eigen"
"1889",470,"J Dixon",0,"eigen"
"1890",471,"B Scassellati",0.0107441574602032,"eigen"
"1891",472,"S Hidaka",0.0975201806907575,"eigen"
"1892",473,"S Johnson",1.89361407101776e-17,"eigen"
