"","id","label","measure","CM"
"1",1,"S Schworm",1,"degree"
"2",2,"A Renkl",3,"degree"
"3",3,"K Scheiter",5,"degree"
"4",4,"P Gerjets",5,"degree"
"5",5,"F Lee",1,"degree"
"6",6,"N Taatgen",1,"degree"
"7",7,"L Engle",2,"degree"
"8",8,"K Holyoak",3,"degree"
"9",9,"J Stigler",2,"degree"
"10",10,"R Noel",1,"degree"
"11",11,"S Acchione-Noel",1,"degree"
"12",12,"C Luhmann",2,"degree"
"13",13,"W Ahn",2,"degree"
"14",14,"T Palmeri",2,"degree"
"15",15,"S Trickett",1,"degree"
"16",16,"J Trafton",6,"degree"
"17",17,"A Raftopoulos",2,"degree"
"18",18,"A Demetriou",3,"degree"
"19",19,"A Wills",3,"degree"
"20",20,"F Missier",1,"degree"
"21",21,"D Fum",1,"degree"
"22",22,"A Henninger",2,"degree"
"23",23,"A Gonzalez",2,"degree"
"24",24,"D Reece",2,"degree"
"25",25,"H Yoshida",3,"degree"
"26",26,"L Smith",6,"degree"
"27",27,"R West",2,"degree"
"28",28,"R Boring",2,"degree"
"29",29,"S Moore",2,"degree"
"30",30,"S Sloman",1,"degree"
"31",31,"D Lagnado",1,"degree"
"32",32,"D Navarro",2,"degree"
"33",33,"M Lee",2,"degree"
"34",34,"J Magnuson",2,"degree"
"35",35,"M Tanenhaus",6,"degree"
"36",36,"R Aslin",2,"degree"
"37",37,"S Gennari",1,"degree"
"38",38,"D Poeppel",1,"degree"
"39",39,"J Franke",2,"degree"
"40",40,"J Daniels",2,"degree"
"41",41,"D McFarlane",2,"degree"
"42",42,"I Ash",1,"degree"
"43",43,"J Wiley",2,"degree"
"44",44,"P Wolff",1,"degree"
"45",45,"M Zettergren",1,"degree"
"46",46,"R Sun",2,"degree"
"47",47,"C Terry",1,"degree"
"48",48,"D Salvucci",2,"degree"
"49",49,"E Colunga",1,"degree"
"50",50,"M Atherton",2,"degree"
"51",51,"B Rehder",1,"degree"
"52",52,"R Burnett",1,"degree"
"53",53,"A Hansson",1,"degree"
"54",54,"L Niklasson",1,"degree"
"55",55,"M Avraamides",5,"degree"
"56",56,"H Mammar",1,"degree"
"57",57,"F Bernard",1,"degree"
"58",58,"L Boroditsky",5,"degree"
"59",59,"K Cho",2,"degree"
"60",60,"C Schunn",8,"degree"
"61",61,"A Lesgold",2,"degree"
"62",62,"K Koedinger",3,"degree"
"63",63,"A Terao",1,"degree"
"64",64,"D Freudenthal",2,"degree"
"65",65,"J Pine",2,"degree"
"66",66,"F Gobet",2,"degree"
"67",67,"C Bearman",2,"degree"
"68",68,"L Ball",3,"degree"
"69",69,"T Ormerod",2,"degree"
"70",70,"Y Choe",2,"degree"
"71",71,"H Olsson",1,"degree"
"72",72,"P Juslin",1,"degree"
"73",73,"G Cottrell",2,"degree"
"74",74,"K Branson",2,"degree"
"75",75,"A Calder",2,"degree"
"76",76,"S Chin-Parker",1,"degree"
"77",77,"B Ross",1,"degree"
"78",78,"B Morris",4,"degree"
"79",79,"D Klahr",2,"degree"
"80",80,"T O’Reilly",1,"degree"
"81",81,"D McNamara",2,"degree"
"82",82,"M Swift",3,"degree"
"83",83,"E Campana",4,"degree"
"84",84,"J Allen",3,"degree"
"85",85,"Y Sun",4,"degree"
"86",86,"R Tweney",4,"degree"
"87",87,"D Yarlett",1,"degree"
"88",88,"M Ramscar",5,"degree"
"89",89,"J Henst",3,"degree"
"90",90,"S Rossi",2,"degree"
"91",91,"W Schroyens",2,"degree"
"92",92,"D Holliway",2,"degree"
"93",93,"J Jarmasz",2,"degree"
"94",94,"T Gureckis",1,"degree"
"95",95,"B Love",1,"degree"
"96",96,"W Sakas",1,"degree"
"97",97,"E Nishimoto",1,"degree"
"98",98,"F Guo",1,"degree"
"99",99,"S Beller",2,"degree"
"100",100,"A Masnick",2,"degree"
"101",101,"S Chow",1,"degree"
"102",102,"J Nesselroade",1,"degree"
"103",103,"R Byrne",1,"degree"
"104",104,"C Walsh",1,"degree"
"105",105,"J Hicks",1,"degree"
"106",106,"J Oberlander",6,"degree"
"107",107,"C Wendelken",2,"degree"
"108",108,"L Shastri",4,"degree"
"109",109,"R Ping",3,"degree"
"110",110,"E Davis",3,"degree"
"111",111,"J Stefanucci",1,"degree"
"112",112,"D Proffitt",1,"degree"
"113",113,"R Goldstone",1,"degree"
"114",114,"B Rogosky",1,"degree"
"115",115,"H Neth",1,"degree"
"116",116,"S Payne",4,"degree"
"117",117,"A Howes",3,"degree"
"118",118,"J Richardson",2,"degree"
"119",119,"N McNeil",1,"degree"
"120",120,"M Alibali",2,"degree"
"121",121,"W Schaeken",6,"degree"
"122",122,"W Schoppek",2,"degree"
"123",123,"C Conway",1,"degree"
"124",124,"M Christiansen",2,"degree"
"125",125,"J Marshall",2,"degree"
"126",126,"P Maglio",5,"degree"
"127",127,"T Matlock",4,"degree"
"128",128,"S Gould",4,"degree"
"129",129,"D Koons",4,"degree"
"130",130,"C Campbell",4,"degree"
"131",131,"T Griffiths",1,"degree"
"132",132,"M Steyvers",4,"degree"
"133",133,"A Corrigan-Halpern",1,"degree"
"134",134,"S Ohlsson",1,"degree"
"135",135,"I Katz",3,"degree"
"136",136,"X Xi",3,"degree"
"137",137,"H Kim",3,"degree"
"138",138,"P Cheng",8,"degree"
"139",139,"K Miwa",3,"degree"
"140",140,"N Ishii",3,"degree"
"141",141,"H Saito",3,"degree"
"142",142,"R Nakaike",3,"degree"
"143",143,"R French",8,"degree"
"144",144,"C Labiouse",1,"degree"
"145",145,"R Bod",2,"degree"
"146",146,"S Scott",2,"degree"
"147",147,"N Verschueren",3,"degree"
"148",148,"W Neys",3,"degree"
"149",149,"G d’Ydewalle",3,"degree"
"150",150,"J Quesada",2,"degree"
"151",151,"W Kintsch",2,"degree"
"152",152,"E Gomez",2,"degree"
"153",153,"M Dastani",1,"degree"
"154",154,"L Torre",1,"degree"
"155",155,"Y Gil",1,"degree"
"156",156,"J Kim",1,"degree"
"157",157,"T Ioerger",3,"degree"
"158",158,"L He",3,"degree"
"159",159,"D Lord",3,"degree"
"160",160,"P Tsang",3,"degree"
"161",161,"H Harris",2,"degree"
"162",162,"S Deutsch",1,"degree"
"163",163,"R Pew",2,"degree"
"164",164,"J Heiser",3,"degree"
"165",165,"B Tversky",3,"degree"
"166",166,"U Hahn",2,"degree"
"167",167,"M Prat-Sala",2,"degree"
"168",168,"E Pothos",2,"degree"
"169",169,"R Desai",1,"degree"
"170",170,"K Ashley",1,"degree"
"171",171,"E Chown",2,"degree"
"172",172,"M Steedman",2,"degree"
"173",173,"A Keselman",1,"degree"
"174",174,"V Patel",6,"degree"
"175",175,"I Umata",2,"degree"
"176",176,"Y Katagiri",2,"degree"
"177",177,"A Shimojima",2,"degree"
"178",178,"J Hemmerich",1,"degree"
"179",179,"T Komatsu",4,"degree"
"180",180,"K Suzuki",4,"degree"
"181",181,"K Ueda",4,"degree"
"182",182,"K Hiraki",4,"degree"
"183",183,"N Oka",4,"degree"
"184",184,"K Livingston",2,"degree"
"185",185,"J Andrews",2,"degree"
"186",186,"E Kuschner",2,"degree"
"187",187,"B Olde",8,"degree"
"188",188,"D Franceschetti",8,"degree"
"189",189,"A Graesser",8,"degree"
"190",190,"A Karnavat",3,"degree"
"191",191,"K Lagus",2,"degree"
"192",192,"M Creutz",2,"degree"
"193",193,"A Airola",2,"degree"
"194",194,"E Torlakovic",1,"degree"
"195",195,"A Brook",2,"degree"
"196",196,"R Mears",4,"degree"
"197",197,"R Gibby",4,"degree"
"198",198,"C Spitzmüller",4,"degree"
"199",199,"A Papafragou",1,"degree"
"200",200,"J Musolino",1,"degree"
"201",201,"W Ham",2,"degree"
"202",202,"L Chandrasena",2,"degree"
"203",203,"S Charman",1,"degree"
"204",204,"T Clausner",2,"degree"
"205",205,"B Jain",1,"degree"
"206",206,"F Wysotzki",1,"degree"
"207",207,"S Niyogi",2,"degree"
"208",208,"F Costello",2,"degree"
"209",209,"M Gale",1,"degree"
"210",210,"R Ardito",2,"degree"
"211",211,"B Bara",2,"degree"
"212",212,"E Blanzieri",2,"degree"
"213",213,"H Wang",3,"degree"
"214",214,"T Johnson",5,"degree"
"215",215,"J Zhang",5,"degree"
"216",216,"Y Wang",3,"degree"
"217",217,"J Hayes",4,"degree"
"218",218,"V Murphy",4,"degree"
"219",219,"N Davey",4,"degree"
"220",220,"P Smith",4,"degree"
"221",221,"L Peters",4,"degree"
"222",222,"P Oudeyer",2,"degree"
"223",223,"K Dieussaert",2,"degree"
"224",224,"G d’ydewalle",2,"degree"
"225",225,"S Zharikov",1,"degree"
"226",226,"D Gentner",1,"degree"
"227",227,"V Jaswal",1,"degree"
"228",228,"E Markman",1,"degree"
"229",229,"M Osman",2,"degree"
"230",230,"A Gill",1,"degree"
"231",231,"H Foundalis",2,"degree"
"232",232,"K Burns",2,"degree"
"233",233,"D Craig",2,"degree"
"234",234,"N Nersessian",2,"degree"
"235",235,"R Catrambone",4,"degree"
"236",236,"U Hasson",2,"degree"
"237",237,"V Sloutsky",2,"degree"
"238",238,"E Steingold",1,"degree"
"239",239,"P Johnson-Laird",3,"degree"
"240",240,"M Wenger",1,"degree"
"241",241,"A Gordon",2,"degree"
"242",242,"E Shortliffe",3,"degree"
"243",243,"V Müller",1,"degree"
"244",244,"P Healey",4,"degree"
"245",245,"S Garrod",4,"degree"
"246",246,"N Fay",4,"degree"
"247",247,"J Lee",4,"degree"
"248",248,"G Gunzelmann",1,"degree"
"249",249,"J Anderson",2,"degree"
"250",250,"E Martens",3,"degree"
"251",251,"W Daelemans",3,"degree"
"252",252,"S Gillis",3,"degree"
"253",253,"H Taelman",3,"degree"
"254",254,"Juslin",3,"degree"
"255",255,"O Peter",3,"degree"
"256",256,"O Henrik",3,"degree"
"257",257,"J Anna-Carin",3,"degree"
"258",258,"X Zhang",1,"degree"
"259",259,"T Schorr",3,"degree"
"260",260,"Y Laouris",3,"degree"
"261",261,"L Onnis",2,"degree"
"262",262,"M Roberts",2,"degree"
"263",263,"N Chater",2,"degree"
"264",264,"D Trumpower",2,"degree"
"265",265,"T Goldsmith",2,"degree"
"266",266,"M Below",2,"degree"
"267",267,"M Mermillod",4,"degree"
"268",268,"A Chauvin",4,"degree"
"269",269,"P Quinn",4,"degree"
"270",270,"D Mareschal",4,"degree"
"271",271,"N Kacinik",1,"degree"
"272",272,"C Chiarello",1,"degree"
"273",273,"G Lupyan",1,"degree"
"274",274,"E Fleischman",1,"degree"
"275",275,"R Jones",6,"degree"
"276",276,"M Garagnani",2,"degree"
"277",277,"S Kuehne",1,"degree"
"278",278,"K Forbus",1,"degree"
"279",279,"M Matessa",4,"degree"
"280",280,"A Vera",6,"degree"
"281",281,"R Remington",4,"degree"
"282",282,"M Freed",4,"degree"
"283",283,"B John",4,"degree"
"284",284,"A Feeney",1,"degree"
"285",285,"D Gardiner",1,"degree"
"286",286,"L Jerzykiewicz",1,"degree"
"287",287,"Y Hagmayer",1,"degree"
"288",288,"M Waldmann",1,"degree"
"289",289,"B Ans",3,"degree"
"290",290,"S Rousset",3,"degree"
"291",291,"S Musca",3,"degree"
"292",292,"T Booth",1,"degree"
"293",293,"J Zwickel",1,"degree"
"294",294,"K Cottrell",1,"degree"
"295",295,"H Xing",2,"degree"
"296",296,"H Shu",2,"degree"
"297",297,"P Li",4,"degree"
"298",298,"C Jonker",1,"degree"
"299",299,"J Treur",1,"degree"
"300",300,"M McGregor",1,"degree"
"301",301,"M Chi",4,"degree"
"302",302,"S Brown-Schmidt",2,"degree"
"303",303,"G Boella",1,"degree"
"304",304,"L Lesmo",1,"degree"
"305",305,"B Mak",5,"degree"
"306",306,"L Lo",2,"degree"
"307",307,"T Reimer",2,"degree"
"308",308,"K Opwis",2,"degree"
"309",309,"A Bornstein",2,"degree"
"310",310,"E Altmann",1,"degree"
"311",311,"W Wai",1,"degree"
"312",312,"J Moss",2,"degree"
"313",313,"K Kotovsky",2,"degree"
"314",314,"J Cagan",2,"degree"
"315",315,"C Chewar",1,"degree"
"316",316,"D McCrickard",1,"degree"
"317",317,"L Triona",3,"degree"
"318",318,"R Engle",1,"degree"
"319",319,"M Scheessele",1,"degree"
"320",320,"Z Pizlo",1,"degree"
"321",321,"J Rehling",2,"degree"
"322",322,"R Baker",2,"degree"
"323",323,"A Corbett",2,"degree"
"324",324,"D Calvillo",1,"degree"
"325",325,"R Revlin",1,"degree"
"326",326,"K Norman",2,"degree"
"327",327,"B Burns",4,"degree"
"328",328,"T Park",2,"degree"
"329",329,"P Lee",5,"degree"
"330",330,"H Tappe",2,"degree"
"331",331,"A Klippel",2,"degree"
"332",332,"H Shirouzu",1,"degree"
"333",333,"N Miyake",1,"degree"
"334",334,"Y Yang",2,"degree"
"335",335,"L Connell",1,"degree"
"336",336,"M Keane",2,"degree"
"337",337,"H Liu",2,"degree"
"338",338,"L Saner",4,"degree"
"339",339,"L Leach",1,"degree"
"340",340,"C Kello",1,"degree"
"341",341,"H Ogasawara",1,"degree"
"342",342,"T Ohno",1,"degree"
"343",343,"Z Arzi-Gonczarowski",2,"degree"
"344",344,"A Harrison",4,"degree"
"345",345,"C Cookson",4,"degree"
"346",346,"D Kunder",4,"degree"
"347",347,"O Coelho",5,"degree"
"348",348,"E Françozo",5,"degree"
"349",349,"E Albano",5,"degree"
"350",350,"L Roces",5,"degree"
"351",351,"P Arantes",5,"degree"
"352",352,"R Basso",5,"degree"
"353",353,"Y Lee",1,"degree"
"354",354,"H Lin",1,"degree"
"355",355,"W Vidal",2,"degree"
"356",356,"M Yip",2,"degree"
"357",357,"T Matsuka",2,"degree"
"358",358,"J Corter",2,"degree"
"359",359,"A Markman",2,"degree"
"360",360,"P Pavlik",1,"degree"
"361",361,"A Fisher",1,"degree"
"362",362,"W Sieck",2,"degree"
"363",363,"J Yates",1,"degree"
"364",364,"A Linhares",2,"degree"
"365",365,"Z Estes",2,"degree"
"366",366,"C Gonzalez",2,"degree"
"367",367,"M Jones",1,"degree"
"368",368,"M Pourbaix",1,"degree"
"369",369,"A Soares",4,"degree"
"370",370,"S Bringsjord",1,"degree"
"371",371,"M Crosby",2,"degree"
"372",372,"C Ikehara",2,"degree"
"373",373,"D Chin",2,"degree"
"374",374,"A Samsonovich",2,"degree"
"375",375,"S Kleinbeck",3,"degree"
"376",376,"U Schmid",3,"degree"
"377",377,"T Wong",1,"degree"
"378",378,"A Chau",3,"degree"
"379",379,"W Reader",1,"degree"
"380",380,"T Kojima",1,"degree"
"381",381,"T Kusumi",1,"degree"
"382",382,"R Vollmeyer",2,"degree"
"383",383,"F Rheinberg",2,"degree"
"384",384,"C Lima",1,"degree"
"385",385,"L Schmorrow",1,"degree"
"386",386,"A Kruse",1,"degree"
"387",387,"J Morrison",2,"degree"
"388",388,"M Caetano",1,"degree"
"389",389,"D Lynott",1,"degree"
"390",390,"T Lee",2,"degree"
"391",391,"J Whalen",1,"degree"
"392",392,"F Morelli",1,"degree"
"393",393,"D Casasanto",1,"degree"
"394",394,"Y Chou",1,"degree"
"395",395,"R Shillcock",1,"degree"
"396",396,"H Voicu",2,"degree"
"397",397,"C Pessanha",1,"degree"
"398",398,"D Oppenheimer",2,"degree"
"399",399,"A Kincannon",3,"degree"
"400",400,"C Espinel",2,"degree"
"401",401,"S Nellen",1,"degree"
"402",402,"J Funke",1,"degree"
"403",403,"M Gorman",1,"degree"
"404",404,"A Wang-on",1,"degree"
"405",405,"J Spinks",1,"degree"
"406",406,"R Carlson",5,"degree"
"407",407,"W Schneider",2,"degree"
"408",408,"R Wray",5,"degree"
"409",409,"H Henninger",5,"degree"
"410",410,"W E",5,"degree"
"411",411,"C Scott",5,"degree"
"412",412,"J S",5,"degree"
"413",413,"C Lebiere",2,"degree"
"414",414,"S Wood",1,"degree"
"415",415,"M Byrne",1,"degree"
"416",416,"L Coward",2,"degree"
"417",417,"J Carroll",2,"degree"
"418",418,"T Kubose",2,"degree"
"419",419,"D Jordan",2,"degree"
"420",420,"M Suwa",2,"degree"
"421",421,"M Lovett",2,"degree"
"422",422,"S Luan",2,"degree"
"423",423,"R Sorkin",2,"degree"
"424",424,"J Itzkowitz",2,"degree"
"425",425,"A Tokosumi",1,"degree"
"426",426,"N Yoshimine",1,"degree"
"427",427,"K Coventry",3,"degree"
"428",428,"A Cangelosi",3,"degree"
"429",429,"D Joyce",3,"degree"
"430",430,"L Richards",3,"degree"
"431",431,"M Hegarty",2,"degree"
"432",432,"J Zacks",3,"degree"
"433",433,"J Kolodner",2,"degree"
"434",434,"S Doane",1,"degree"
"435",435,"D Carruth",1,"degree"
"436",436,"N Stein",1,"degree"
"437",437,"E Albro",1,"degree"
"438",438,"P Gupta",1,"degree"
"439",439,"J Lipinski",1,"degree"
"440",440,"X Hu",7,"degree"
"441",441,"M Ventura",7,"degree"
"442",442,"A Olney",7,"degree"
"443",443,"M Louwerse",7,"degree"
"444",444,"N Person",7,"degree"
"445",445,"T Landauer",2,"degree"
"446",446,"P Slezak",2,"degree"
"447",447,"S Guerlain",2,"degree"
"448",448,"J Clement",2,"degree"
"449",449,"L Stevenson",3,"degree"
"450",450,"D Cassenti",3,"degree"
"451",451,"I Farkaš",1,"degree"
"452",452,"S Chaigneau",1,"degree"
"453",453,"L Barsalou",1,"degree"
"454",454,"R Holt",4,"degree"
"455",455,"J Hansberger",4,"degree"
"456",456,"R Chong",3,"degree"
"457",457,"D Boehm-Davis",4,"degree"
"458",458,"S Brem",2,"degree"
"459",459,"P Shah",5,"degree"
"460",460,"E Freeman",5,"degree"
"461",461,"S Kirschenbaum",5,"degree"
"462",462,"M Hegart",5,"degree"
"463",463,"K Gluck",1,"degree"
"464",464,"B MacWhinney",1,"degree"
"465",465,"T Zentall",2,"degree"
"466",466,"S Card",2,"degree"
"467",467,"D Woods",2,"degree"
"468",468,"R Alterman",3,"degree"
"469",469,"A Feinman",3,"degree"
"470",470,"S Landsman",3,"degree"
"471",471,"J Introne",3,"degree"
"472",472,"M Diez",3,"degree"
"473",473,"R Shiffrin",2,"degree"
"474",474,"J Stasko",2,"degree"
"475",475,"J Xiao",2,"degree"
"476",476,"S Dumais",3,"degree"
"477",477,"W Geisler",3,"degree"
"478",478,"J Raaijmakers",3,"degree"
"479",1,"S Schworm",0.00209643605870021,"close"
"480",2,"A Renkl",0.00209643605870021,"close"
"481",3,"K Scheiter",0.00211416490486258,"close"
"482",4,"P Gerjets",0.00211416490486258,"close"
"483",5,"F Lee",0.00209643605870021,"close"
"484",6,"N Taatgen",0.00209643605870021,"close"
"485",7,"L Engle",0.00210525386625238,"close"
"486",8,"K Holyoak",0.00210526315789474,"close"
"487",9,"J Stigler",0.00210525386625238,"close"
"488",10,"R Noel",0.00209643605870021,"close"
"489",11,"S Acchione-Noel",0.00209643605870021,"close"
"490",12,"C Luhmann",0.00210084033613445,"close"
"491",13,"W Ahn",0.00210084033613445,"close"
"492",14,"T Palmeri",0.00210084033613445,"close"
"493",15,"S Trickett",0.00213209132681339,"close"
"494",16,"J Trafton",0.00213216756959717,"close"
"495",17,"A Raftopoulos",0.00210084033613445,"close"
"496",18,"A Demetriou",0.00210083108349152,"close"
"497",19,"A Wills",0.00209643605870021,"close"
"498",20,"F Missier",0.00209643605870021,"close"
"499",21,"D Fum",0.00209643605870021,"close"
"500",22,"A Henninger",0.00210084033613445,"close"
"501",23,"A Gonzalez",0.00210084033613445,"close"
"502",24,"D Reece",0.00210084033613445,"close"
"503",25,"H Yoshida",0.00210969531046135,"close"
"504",26,"L Smith",0.00210970464135021,"close"
"505",27,"R West",0.00210084033613445,"close"
"506",28,"R Boring",0.00210084033613445,"close"
"507",29,"S Moore",0.00210084033613445,"close"
"508",30,"S Sloman",0.00209643605870021,"close"
"509",31,"D Lagnado",0.00209643605870021,"close"
"510",32,"D Navarro",0.00210084033613445,"close"
"511",33,"M Lee",0.00210084033613445,"close"
"512",34,"J Magnuson",0.00211860642777195,"close"
"513",35,"M Tanenhaus",0.00211864406779661,"close"
"514",36,"R Aslin",0.00211860642777195,"close"
"515",37,"S Gennari",0.00209643605870021,"close"
"516",38,"D Poeppel",0.00209643605870021,"close"
"517",39,"J Franke",0.00210084033613445,"close"
"518",40,"J Daniels",0.00210084033613445,"close"
"519",41,"D McFarlane",0.00210084033613445,"close"
"520",42,"I Ash",0.00210083108349152,"close"
"521",43,"J Wiley",0.00210084033613445,"close"
"522",44,"P Wolff",0.00209643605870021,"close"
"523",45,"M Zettergren",0.00209643605870021,"close"
"524",46,"R Sun",0.00210084033613445,"close"
"525",47,"C Terry",0.00210083108349152,"close"
"526",48,"D Salvucci",0.00209205020920502,"close"
"527",49,"E Colunga",0.00210967664893123,"close"
"528",50,"M Atherton",0.00209205020920502,"close"
"529",51,"B Rehder",0.00209643605870021,"close"
"530",52,"R Burnett",0.00209643605870021,"close"
"531",53,"A Hansson",0.00209643605870021,"close"
"532",54,"L Niklasson",0.00209643605870021,"close"
"533",55,"M Avraamides",0.00210526315789474,"close"
"534",56,"H Mammar",0.00209643605870021,"close"
"535",57,"F Bernard",0.00209643605870021,"close"
"536",58,"L Boroditsky",0.00210969531046135,"close"
"537",59,"K Cho",0.00214121227628372,"close"
"538",60,"C Schunn",0.00214129878525063,"close"
"539",61,"A Lesgold",0.00214121227628372,"close"
"540",62,"K Koedinger",0.00210526315789474,"close"
"541",63,"A Terao",0.00210524457469205,"close"
"542",64,"D Freudenthal",0.00210084033613445,"close"
"543",65,"J Pine",0.00210084033613445,"close"
"544",66,"F Gobet",0.00210084033613445,"close"
"545",67,"C Bearman",0.00210525386625238,"close"
"546",68,"L Ball",0.00210526315789474,"close"
"547",69,"T Ormerod",0.00210525386625238,"close"
"548",70,"Y Choe",0.00209205020920502,"close"
"549",71,"H Olsson",0.00209643605870021,"close"
"550",72,"P Juslin",0.00209643605870021,"close"
"551",73,"G Cottrell",0.00210084033613445,"close"
"552",74,"K Branson",0.00210084033613445,"close"
"553",75,"A Calder",0.00210084033613445,"close"
"554",76,"S Chin-Parker",0.00209643605870021,"close"
"555",77,"B Ross",0.00209643605870021,"close"
"556",78,"B Morris",0.00214126033595791,"close"
"557",79,"D Klahr",0.00214117383009763,"close"
"558",80,"T O’Reilly",0.00210083108349152,"close"
"559",81,"D McNamara",0.00210084033613445,"close"
"560",82,"M Swift",0.00211861583765273,"close"
"561",83,"E Campana",0.0021186252476171,"close"
"562",84,"J Allen",0.00211861583765273,"close"
"563",85,"Y Sun",0.00210970464135021,"close"
"564",86,"R Tweney",0.00210970464135021,"close"
"565",87,"D Yarlett",0.00210966731828998,"close"
"566",88,"M Ramscar",0.00210969531046135,"close"
"567",89,"J Henst",0.00212761212337474,"close"
"568",90,"S Rossi",0.00212755518485645,"close"
"569",91,"W Schroyens",0.00212755518485645,"close"
"570",92,"D Holliway",0.00209205020920502,"close"
"571",93,"J Jarmasz",0.00209205020920502,"close"
"572",94,"T Gureckis",0.00209643605870021,"close"
"573",95,"B Love",0.00209643605870021,"close"
"574",96,"W Sakas",0.00209643605870021,"close"
"575",97,"E Nishimoto",0.00209643605870021,"close"
"576",98,"F Guo",0.00210524457469205,"close"
"577",99,"S Beller",0.00209205020920502,"close"
"578",100,"A Masnick",0.00214117383009763,"close"
"579",101,"S Chow",0.00209643605870021,"close"
"580",102,"J Nesselroade",0.00209643605870021,"close"
"581",103,"R Byrne",0.00209643605870021,"close"
"582",104,"C Walsh",0.00209643605870021,"close"
"583",105,"J Hicks",0.00211859701797476,"close"
"584",106,"J Oberlander",0.00211864406779661,"close"
"585",107,"C Wendelken",0.00210084033613445,"close"
"586",108,"L Shastri",0.00210084033613445,"close"
"587",109,"R Ping",0.00210969531046135,"close"
"588",110,"E Davis",0.00210969531046135,"close"
"589",111,"J Stefanucci",0.00209643605870021,"close"
"590",112,"D Proffitt",0.00209643605870021,"close"
"591",113,"R Goldstone",0.00209643605870021,"close"
"592",114,"B Rogosky",0.00209643605870021,"close"
"593",115,"H Neth",0.0021141180537704,"close"
"594",116,"S Payne",0.00211415553447802,"close"
"595",117,"A Howes",0.00211414616417652,"close"
"596",118,"J Richardson",0.00211413679395809,"close"
"597",119,"N McNeil",0.00210083108349152,"close"
"598",120,"M Alibali",0.00210084033613445,"close"
"599",121,"W Schaeken",0.00212764059377676,"close"
"600",122,"W Schoppek",0.00209205020920502,"close"
"601",123,"C Conway",0.00210083108349152,"close"
"602",124,"M Christiansen",0.00210084033613445,"close"
"603",125,"J Marshall",0.00209205020920502,"close"
"604",126,"P Maglio",0.00211416490486258,"close"
"605",127,"T Matlock",0.00211415553447802,"close"
"606",128,"S Gould",0.00211415553447802,"close"
"607",129,"D Koons",0.00211415553447802,"close"
"608",130,"C Campbell",0.00211415553447802,"close"
"609",131,"T Griffiths",0.00210967664893123,"close"
"610",132,"M Steyvers",0.00210970464135021,"close"
"611",133,"A Corrigan-Halpern",0.00209643605870021,"close"
"612",134,"S Ohlsson",0.00209643605870021,"close"
"613",135,"I Katz",0.00213212944752369,"close"
"614",136,"X Xi",0.00213212944752369,"close"
"615",137,"H Kim",0.00213212944752369,"close"
"616",138,"P Cheng",0.00213218663114512,"close"
"617",139,"K Miwa",0.00210526315789474,"close"
"618",140,"N Ishii",0.00210526315789474,"close"
"619",141,"H Saito",0.00210526315789474,"close"
"620",142,"R Nakaike",0.00210526315789474,"close"
"621",143,"R French",0.00212765957446809,"close"
"622",144,"C Labiouse",0.00212759314353002,"close"
"623",145,"R Bod",0.00209205020920502,"close"
"624",146,"S Scott",0.00209205020920502,"close"
"625",147,"N Verschueren",0.00212759314353002,"close"
"626",148,"W Neys",0.00212759314353002,"close"
"627",149,"G d’Ydewalle",0.00212759314353002,"close"
"628",150,"J Quesada",0.00210084033613445,"close"
"629",151,"W Kintsch",0.00210084033613445,"close"
"630",152,"E Gomez",0.00210084033613445,"close"
"631",153,"M Dastani",0.00209643605870021,"close"
"632",154,"L Torre",0.00209643605870021,"close"
"633",155,"Y Gil",0.00209643605870021,"close"
"634",156,"J Kim",0.00209643605870021,"close"
"635",157,"T Ioerger",0.00210526315789474,"close"
"636",158,"L He",0.00210526315789474,"close"
"637",159,"D Lord",0.00210526315789474,"close"
"638",160,"P Tsang",0.00210526315789474,"close"
"639",161,"H Harris",0.00209205020920502,"close"
"640",162,"S Deutsch",0.00210083108349152,"close"
"641",163,"R Pew",0.00210084033613445,"close"
"642",164,"J Heiser",0.00211414616417652,"close"
"643",165,"B Tversky",0.00211414616417652,"close"
"644",166,"U Hahn",0.00210084033613445,"close"
"645",167,"M Prat-Sala",0.00210084033613445,"close"
"646",168,"E Pothos",0.00210084033613445,"close"
"647",169,"R Desai",0.00209643605870021,"close"
"648",170,"K Ashley",0.00209643605870021,"close"
"649",171,"E Chown",0.00209205020920502,"close"
"650",172,"M Steedman",0.00209205020920502,"close"
"651",173,"A Keselman",0.00212757416402393,"close"
"652",174,"V Patel",0.00212764059377676,"close"
"653",175,"I Umata",0.00210084033613445,"close"
"654",176,"Y Katagiri",0.00210084033613445,"close"
"655",177,"A Shimojima",0.00210084033613445,"close"
"656",178,"J Hemmerich",0.00210083108349152,"close"
"657",179,"T Komatsu",0.00210970464135021,"close"
"658",180,"K Suzuki",0.00210970464135021,"close"
"659",181,"K Ueda",0.00210970464135021,"close"
"660",182,"K Hiraki",0.00210970464135021,"close"
"661",183,"N Oka",0.00210970464135021,"close"
"662",184,"K Livingston",0.00210084033613445,"close"
"663",185,"J Andrews",0.00210084033613445,"close"
"664",186,"E Kuschner",0.00210084033613445,"close"
"665",187,"B Olde",0.00212765957446809,"close"
"666",188,"D Franceschetti",0.00212765957446809,"close"
"667",189,"A Graesser",0.00212765957446809,"close"
"668",190,"A Karnavat",0.00212761212337474,"close"
"669",191,"K Lagus",0.00210084033613445,"close"
"670",192,"M Creutz",0.00210084033613445,"close"
"671",193,"A Airola",0.00210084033613445,"close"
"672",194,"E Torlakovic",0.00210083108349152,"close"
"673",195,"A Brook",0.00210084033613445,"close"
"674",196,"R Mears",0.00210970464135021,"close"
"675",197,"R Gibby",0.00210970464135021,"close"
"676",198,"C Spitzmüller",0.00210970464135021,"close"
"677",199,"A Papafragou",0.00209643605870021,"close"
"678",200,"J Musolino",0.00209643605870021,"close"
"679",201,"W Ham",0.00210968597965502,"close"
"680",202,"L Chandrasena",0.00210084033613445,"close"
"681",203,"S Charman",0.00211410868380114,"close"
"682",204,"T Clausner",0.00209205020920502,"close"
"683",205,"B Jain",0.00209643605870021,"close"
"684",206,"F Wysotzki",0.00209643605870021,"close"
"685",207,"S Niyogi",0.00209205020920502,"close"
"686",208,"F Costello",0.00209205020920502,"close"
"687",209,"M Gale",0.00210524457469205,"close"
"688",210,"R Ardito",0.00210084033613445,"close"
"689",211,"B Bara",0.00210084033613445,"close"
"690",212,"E Blanzieri",0.00210084033613445,"close"
"691",213,"H Wang",0.00212758365373465,"close"
"692",214,"T Johnson",0.00212763110355809,"close"
"693",215,"J Zhang",0.00212763110355809,"close"
"694",216,"Y Wang",0.00212758365373465,"close"
"695",217,"J Hayes",0.00210970464135021,"close"
"696",218,"V Murphy",0.00210970464135021,"close"
"697",219,"N Davey",0.00210970464135021,"close"
"698",220,"P Smith",0.00210970464135021,"close"
"699",221,"L Peters",0.00210970464135021,"close"
"700",222,"P Oudeyer",0.00209205020920502,"close"
"701",223,"K Dieussaert",0.00212758365373465,"close"
"702",224,"G d’ydewalle",0.00212758365373465,"close"
"703",225,"S Zharikov",0.00209643605870021,"close"
"704",226,"D Gentner",0.00209643605870021,"close"
"705",227,"V Jaswal",0.00209643605870021,"close"
"706",228,"E Markman",0.00209643605870021,"close"
"707",229,"M Osman",0.00209205020920502,"close"
"708",230,"A Gill",0.00211859701797476,"close"
"709",231,"H Foundalis",0.00209205020920502,"close"
"710",232,"K Burns",0.00209205020920502,"close"
"711",233,"D Craig",0.00210968597965502,"close"
"712",234,"N Nersessian",0.00210968597965502,"close"
"713",235,"R Catrambone",0.00210970464135021,"close"
"714",236,"U Hasson",0.00211859701797476,"close"
"715",237,"V Sloutsky",0.00211856878908471,"close"
"716",238,"E Steingold",0.00211855937962186,"close"
"717",239,"P Johnson-Laird",0.00211860642777195,"close"
"718",240,"M Wenger",0.00211412742382271,"close"
"719",241,"A Gordon",0.00209205020920502,"close"
"720",242,"E Shortliffe",0.00212761212337474,"close"
"721",243,"V Müller",0.00210083108349152,"close"
"722",244,"P Healey",0.0021186252476171,"close"
"723",245,"S Garrod",0.0021186252476171,"close"
"724",246,"N Fay",0.0021186252476171,"close"
"725",247,"J Lee",0.0021186252476171,"close"
"726",248,"G Gunzelmann",0.00210083108349152,"close"
"727",249,"J Anderson",0.00210084033613445,"close"
"728",250,"E Martens",0.00210526315789474,"close"
"729",251,"W Daelemans",0.00210526315789474,"close"
"730",252,"S Gillis",0.00210526315789474,"close"
"731",253,"H Taelman",0.00210526315789474,"close"
"732",254,"Juslin",0.00210526315789474,"close"
"733",255,"O Peter",0.00210526315789474,"close"
"734",256,"O Henrik",0.00210526315789474,"close"
"735",257,"J Anna-Carin",0.00210526315789474,"close"
"736",258,"X Zhang",0.00210083108349152,"close"
"737",259,"T Schorr",0.00211414616417652,"close"
"738",260,"Y Laouris",0.00211414616417652,"close"
"739",261,"L Onnis",0.00210084033613445,"close"
"740",262,"M Roberts",0.00210084033613445,"close"
"741",263,"N Chater",0.00210084033613445,"close"
"742",264,"D Trumpower",0.00210084033613445,"close"
"743",265,"T Goldsmith",0.00210084033613445,"close"
"744",266,"M Below",0.00210084033613445,"close"
"745",267,"M Mermillod",0.00212762161342409,"close"
"746",268,"A Chauvin",0.00212762161342409,"close"
"747",269,"P Quinn",0.00212762161342409,"close"
"748",270,"D Mareschal",0.00212762161342409,"close"
"749",271,"N Kacinik",0.00209643605870021,"close"
"750",272,"C Chiarello",0.00209643605870021,"close"
"751",273,"G Lupyan",0.00210083108349152,"close"
"752",274,"E Fleischman",0.00211859701797476,"close"
"753",275,"R Jones",0.00211864406779661,"close"
"754",276,"M Garagnani",0.00210084033613445,"close"
"755",277,"S Kuehne",0.00209643605870021,"close"
"756",278,"K Forbus",0.00209643605870021,"close"
"757",279,"M Matessa",0.00213664685303722,"close"
"758",280,"A Vera",0.00213670427923186,"close"
"759",281,"R Remington",0.00213664685303722,"close"
"760",282,"M Freed",0.00213664685303722,"close"
"761",283,"B John",0.00213664685303722,"close"
"762",284,"A Feeney",0.00209643605870021,"close"
"763",285,"D Gardiner",0.00209643605870021,"close"
"764",286,"L Jerzykiewicz",0.00210083108349152,"close"
"765",287,"Y Hagmayer",0.00209643605870021,"close"
"766",288,"M Waldmann",0.00209643605870021,"close"
"767",289,"B Ans",0.00212761212337474,"close"
"768",290,"S Rousset",0.00212761212337474,"close"
"769",291,"S Musca",0.00212761212337474,"close"
"770",292,"T Booth",0.00210083108349152,"close"
"771",293,"J Zwickel",0.00209643605870021,"close"
"772",294,"K Cottrell",0.00210083108349152,"close"
"773",295,"H Xing",0.00210968597965502,"close"
"774",296,"H Shu",0.00210968597965502,"close"
"775",297,"P Li",0.00210970464135021,"close"
"776",298,"C Jonker",0.00209643605870021,"close"
"777",299,"J Treur",0.00209643605870021,"close"
"778",300,"M McGregor",0.00210083108349152,"close"
"779",301,"M Chi",0.00210084033613445,"close"
"780",302,"S Brown-Schmidt",0.00211860642777195,"close"
"781",303,"G Boella",0.00209643605870021,"close"
"782",304,"L Lesmo",0.00209643605870021,"close"
"783",305,"B Mak",0.00213670427923186,"close"
"784",306,"L Lo",0.00213666599475912,"close"
"785",307,"T Reimer",0.00210084033613445,"close"
"786",308,"K Opwis",0.00210084033613445,"close"
"787",309,"A Bornstein",0.00210084033613445,"close"
"788",310,"E Altmann",0.00214120266460776,"close"
"789",311,"W Wai",0.00213661814109742,"close"
"790",312,"J Moss",0.00210084033613445,"close"
"791",313,"K Kotovsky",0.00210084033613445,"close"
"792",314,"J Cagan",0.00210084033613445,"close"
"793",315,"C Chewar",0.00209643605870021,"close"
"794",316,"D McCrickard",0.00209643605870021,"close"
"795",317,"L Triona",0.00214118344151472,"close"
"796",318,"R Engle",0.00210083108349152,"close"
"797",319,"M Scheessele",0.00209643605870021,"close"
"798",320,"Z Pizlo",0.00209643605870021,"close"
"799",321,"J Rehling",0.00209205020920502,"close"
"800",322,"R Baker",0.00210525386625238,"close"
"801",323,"A Corbett",0.00210525386625238,"close"
"802",324,"D Calvillo",0.00209643605870021,"close"
"803",325,"R Revlin",0.00209643605870021,"close"
"804",326,"K Norman",0.00209205020920502,"close"
"805",327,"B Burns",0.00210084033613445,"close"
"806",328,"T Park",0.00209205020920502,"close"
"807",329,"P Lee",0.00211416490486258,"close"
"808",330,"H Tappe",0.00211413679395809,"close"
"809",331,"A Klippel",0.00211413679395809,"close"
"810",332,"H Shirouzu",0.00209643605870021,"close"
"811",333,"N Miyake",0.00209643605870021,"close"
"812",334,"Y Yang",0.00211857819863114,"close"
"813",335,"L Connell",0.00210083108349152,"close"
"814",336,"M Keane",0.00210084033613445,"close"
"815",337,"H Liu",0.00209205020920502,"close"
"816",338,"L Saner",0.00214123149989451,"close"
"817",339,"L Leach",0.00209643605870021,"close"
"818",340,"C Kello",0.00209643605870021,"close"
"819",341,"H Ogasawara",0.00209643605870021,"close"
"820",342,"T Ohno",0.00209643605870021,"close"
"821",343,"Z Arzi-Gonczarowski",0.00209205020920502,"close"
"822",344,"A Harrison",0.00214123149989451,"close"
"823",345,"C Cookson",0.00214123149989451,"close"
"824",346,"D Kunder",0.00214123149989451,"close"
"825",347,"O Coelho",0.00211416490486258,"close"
"826",348,"E Françozo",0.00211416490486258,"close"
"827",349,"E Albano",0.00211416490486258,"close"
"828",350,"L Roces",0.00211416490486258,"close"
"829",351,"P Arantes",0.00211416490486258,"close"
"830",352,"R Basso",0.00211416490486258,"close"
"831",353,"Y Lee",0.00209643605870021,"close"
"832",354,"H Lin",0.00209643605870021,"close"
"833",355,"W Vidal",0.00209205020920502,"close"
"834",356,"M Yip",0.00209205020920502,"close"
"835",357,"T Matsuka",0.00210084033613445,"close"
"836",358,"J Corter",0.00210084033613445,"close"
"837",359,"A Markman",0.00210084033613445,"close"
"838",360,"P Pavlik",0.00210083108349152,"close"
"839",361,"A Fisher",0.00211852174260627,"close"
"840",362,"W Sieck",0.00210084033613445,"close"
"841",363,"J Yates",0.00210083108349152,"close"
"842",364,"A Linhares",0.00209205020920502,"close"
"843",365,"Z Estes",0.00209205020920502,"close"
"844",366,"C Gonzalez",0.00209205020920502,"close"
"845",367,"M Jones",0.00210083108349152,"close"
"846",368,"M Pourbaix",0.00210967664893123,"close"
"847",369,"A Soares",0.00210970464135021,"close"
"848",370,"S Bringsjord",0.0021185311517348,"close"
"849",371,"M Crosby",0.00210084033613445,"close"
"850",372,"C Ikehara",0.00210084033613445,"close"
"851",373,"D Chin",0.00210084033613445,"close"
"852",374,"A Samsonovich",0.00209205020920502,"close"
"853",375,"S Kleinbeck",0.00211414616417652,"close"
"854",376,"U Schmid",0.00211414616417652,"close"
"855",377,"T Wong",0.00213656071953273,"close"
"856",378,"A Chau",0.00213664685303722,"close"
"857",379,"W Reader",0.0021141180537704,"close"
"858",380,"T Kojima",0.00209643605870021,"close"
"859",381,"T Kusumi",0.00209643605870021,"close"
"860",382,"R Vollmeyer",0.00210084033613445,"close"
"861",383,"F Rheinberg",0.00210084033613445,"close"
"862",384,"C Lima",0.00210967664893123,"close"
"863",385,"L Schmorrow",0.00209643605870021,"close"
"864",386,"A Kruse",0.00209643605870021,"close"
"865",387,"J Morrison",0.00209205020920502,"close"
"866",388,"M Caetano",0.00210967664893123,"close"
"867",389,"D Lynott",0.00210083108349152,"close"
"868",390,"T Lee",0.00213663728230488,"close"
"869",391,"J Whalen",0.00209643605870021,"close"
"870",392,"F Morelli",0.00209643605870021,"close"
"871",393,"D Casasanto",0.00210966731828998,"close"
"872",394,"Y Chou",0.00209643605870021,"close"
"873",395,"R Shillcock",0.00209643605870021,"close"
"874",396,"H Voicu",0.00209205020920502,"close"
"875",397,"C Pessanha",0.00210967664893123,"close"
"876",398,"D Oppenheimer",0.00209205020920502,"close"
"877",399,"A Kincannon",0.00209643605870021,"close"
"878",400,"C Espinel",0.00209205020920502,"close"
"879",401,"S Nellen",0.00209643605870021,"close"
"880",402,"J Funke",0.00209643605870021,"close"
"881",403,"M Gorman",0.00209643605870021,"close"
"882",404,"A Wang-on",0.00209643605870021,"close"
"883",405,"J Spinks",0.00209643605870021,"close"
"884",406,"R Carlson",0.00210526315789474,"close"
"885",407,"W Schneider",0.00209205020920502,"close"
"886",408,"R Wray",0.00211863465766506,"close"
"887",409,"H Henninger",0.00211863465766506,"close"
"888",410,"W E",0.00211863465766506,"close"
"889",411,"C Scott",0.00211863465766506,"close"
"890",412,"J S",0.00211863465766506,"close"
"891",413,"C Lebiere",0.00209205020920502,"close"
"892",414,"S Wood",0.00209643605870021,"close"
"893",415,"M Byrne",0.00209643605870021,"close"
"894",416,"L Coward",0.00209205020920502,"close"
"895",417,"J Carroll",0.00209205020920502,"close"
"896",418,"T Kubose",0.00212758365373465,"close"
"897",419,"D Jordan",0.00212758365373465,"close"
"898",420,"M Suwa",0.00209205020920502,"close"
"899",421,"M Lovett",0.00209205020920502,"close"
"900",422,"S Luan",0.00210084033613445,"close"
"901",423,"R Sorkin",0.00210084033613445,"close"
"902",424,"J Itzkowitz",0.00210084033613445,"close"
"903",425,"A Tokosumi",0.00209643605870021,"close"
"904",426,"N Yoshimine",0.00209643605870021,"close"
"905",427,"K Coventry",0.00210526315789474,"close"
"906",428,"A Cangelosi",0.00210526315789474,"close"
"907",429,"D Joyce",0.00210526315789474,"close"
"908",430,"L Richards",0.00210526315789474,"close"
"909",431,"M Hegarty",0.00209205020920502,"close"
"910",432,"J Zacks",0.00211414616417652,"close"
"911",433,"J Kolodner",0.00209205020920502,"close"
"912",434,"S Doane",0.00209643605870021,"close"
"913",435,"D Carruth",0.00209643605870021,"close"
"914",436,"N Stein",0.00209643605870021,"close"
"915",437,"E Albro",0.00209643605870021,"close"
"916",438,"P Gupta",0.00209643605870021,"close"
"917",439,"J Lipinski",0.00209643605870021,"close"
"918",440,"X Hu",0.00212765008408009,"close"
"919",441,"M Ventura",0.00212765008408009,"close"
"920",442,"A Olney",0.00212765008408009,"close"
"921",443,"M Louwerse",0.00212765008408009,"close"
"922",444,"N Person",0.00212765008408009,"close"
"923",445,"T Landauer",0.00209205020920502,"close"
"924",446,"P Slezak",0.00209205020920502,"close"
"925",447,"S Guerlain",0.00209205020920502,"close"
"926",448,"J Clement",0.00209205020920502,"close"
"927",449,"L Stevenson",0.00210526315789474,"close"
"928",450,"D Cassenti",0.00210526315789474,"close"
"929",451,"I Farkaš",0.00210967664893123,"close"
"930",452,"S Chaigneau",0.00209643605870021,"close"
"931",453,"L Barsalou",0.00209643605870021,"close"
"932",454,"R Holt",0.00210970464135021,"close"
"933",455,"J Hansberger",0.00210970464135021,"close"
"934",456,"R Chong",0.00210969531046135,"close"
"935",457,"D Boehm-Davis",0.00210970464135021,"close"
"936",458,"S Brem",0.00209205020920502,"close"
"937",459,"P Shah",0.002132158038951,"close"
"938",460,"E Freeman",0.002132158038951,"close"
"939",461,"S Kirschenbaum",0.002132158038951,"close"
"940",462,"M Hegart",0.002132158038951,"close"
"941",463,"K Gluck",0.00210083108349152,"close"
"942",464,"B MacWhinney",0.00210967664893123,"close"
"943",465,"T Zentall",0.00209205020920502,"close"
"944",466,"S Card",0.00209205020920502,"close"
"945",467,"D Woods",0.00209205020920502,"close"
"946",468,"R Alterman",0.00210526315789474,"close"
"947",469,"A Feinman",0.00210526315789474,"close"
"948",470,"S Landsman",0.00210526315789474,"close"
"949",471,"J Introne",0.00210526315789474,"close"
"950",472,"M Diez",0.00210969531046135,"close"
"951",473,"R Shiffrin",0.00209205020920502,"close"
"952",474,"J Stasko",0.00210968597965502,"close"
"953",475,"J Xiao",0.00210968597965502,"close"
"954",476,"S Dumais",0.00210969531046135,"close"
"955",477,"W Geisler",0.00210969531046135,"close"
"956",478,"J Raaijmakers",0.00210969531046135,"close"
"957",1,"S Schworm",0,"between"
"958",2,"A Renkl",0,"between"
"959",3,"K Scheiter",2,"between"
"960",4,"P Gerjets",2,"between"
"961",5,"F Lee",0,"between"
"962",6,"N Taatgen",0,"between"
"963",7,"L Engle",0,"between"
"964",8,"K Holyoak",2,"between"
"965",9,"J Stigler",0,"between"
"966",10,"R Noel",0,"between"
"967",11,"S Acchione-Noel",0,"between"
"968",12,"C Luhmann",0,"between"
"969",13,"W Ahn",0,"between"
"970",14,"T Palmeri",0,"between"
"971",15,"S Trickett",0,"between"
"972",16,"J Trafton",8,"between"
"973",17,"A Raftopoulos",1,"between"
"974",18,"A Demetriou",0,"between"
"975",19,"A Wills",0,"between"
"976",20,"F Missier",0,"between"
"977",21,"D Fum",0,"between"
"978",22,"A Henninger",0,"between"
"979",23,"A Gonzalez",0,"between"
"980",24,"D Reece",0,"between"
"981",25,"H Yoshida",0,"between"
"982",26,"L Smith",3,"between"
"983",27,"R West",0,"between"
"984",28,"R Boring",0,"between"
"985",29,"S Moore",0,"between"
"986",30,"S Sloman",0,"between"
"987",31,"D Lagnado",0,"between"
"988",32,"D Navarro",0,"between"
"989",33,"M Lee",0,"between"
"990",34,"J Magnuson",0,"between"
"991",35,"M Tanenhaus",9,"between"
"992",36,"R Aslin",0,"between"
"993",37,"S Gennari",0,"between"
"994",38,"D Poeppel",0,"between"
"995",39,"J Franke",0,"between"
"996",40,"J Daniels",0,"between"
"997",41,"D McFarlane",0,"between"
"998",42,"I Ash",0,"between"
"999",43,"J Wiley",1,"between"
"1000",44,"P Wolff",0,"between"
"1001",45,"M Zettergren",0,"between"
"1002",46,"R Sun",1,"between"
"1003",47,"C Terry",0,"between"
"1004",48,"D Salvucci",0,"between"
"1005",49,"E Colunga",0,"between"
"1006",50,"M Atherton",0,"between"
"1007",51,"B Rehder",0,"between"
"1008",52,"R Burnett",0,"between"
"1009",53,"A Hansson",0,"between"
"1010",54,"L Niklasson",0,"between"
"1011",55,"M Avraamides",0,"between"
"1012",56,"H Mammar",0,"between"
"1013",57,"F Bernard",0,"between"
"1014",58,"L Boroditsky",3,"between"
"1015",59,"K Cho",0,"between"
"1016",60,"C Schunn",42,"between"
"1017",61,"A Lesgold",0,"between"
"1018",62,"K Koedinger",2,"between"
"1019",63,"A Terao",0,"between"
"1020",64,"D Freudenthal",0,"between"
"1021",65,"J Pine",0,"between"
"1022",66,"F Gobet",0,"between"
"1023",67,"C Bearman",0,"between"
"1024",68,"L Ball",2,"between"
"1025",69,"T Ormerod",0,"between"
"1026",70,"Y Choe",0,"between"
"1027",71,"H Olsson",0,"between"
"1028",72,"P Juslin",0,"between"
"1029",73,"G Cottrell",0,"between"
"1030",74,"K Branson",0,"between"
"1031",75,"A Calder",0,"between"
"1032",76,"S Chin-Parker",0,"between"
"1033",77,"B Ross",0,"between"
"1034",78,"B Morris",24.5,"between"
"1035",79,"D Klahr",0,"between"
"1036",80,"T O’Reilly",0,"between"
"1037",81,"D McNamara",1,"between"
"1038",82,"M Swift",0,"between"
"1039",83,"E Campana",1,"between"
"1040",84,"J Allen",0,"between"
"1041",85,"Y Sun",0,"between"
"1042",86,"R Tweney",0,"between"
"1043",87,"D Yarlett",0,"between"
"1044",88,"M Ramscar",3,"between"
"1045",89,"J Henst",12,"between"
"1046",90,"S Rossi",0,"between"
"1047",91,"W Schroyens",0,"between"
"1048",92,"D Holliway",0,"between"
"1049",93,"J Jarmasz",0,"between"
"1050",94,"T Gureckis",0,"between"
"1051",95,"B Love",0,"between"
"1052",96,"W Sakas",0,"between"
"1053",97,"E Nishimoto",0,"between"
"1054",98,"F Guo",0,"between"
"1055",99,"S Beller",0,"between"
"1056",100,"A Masnick",0,"between"
"1057",101,"S Chow",0,"between"
"1058",102,"J Nesselroade",0,"between"
"1059",103,"R Byrne",0,"between"
"1060",104,"C Walsh",0,"between"
"1061",105,"J Hicks",0,"between"
"1062",106,"J Oberlander",9,"between"
"1063",107,"C Wendelken",0,"between"
"1064",108,"L Shastri",0,"between"
"1065",109,"R Ping",0,"between"
"1066",110,"E Davis",0,"between"
"1067",111,"J Stefanucci",0,"between"
"1068",112,"D Proffitt",0,"between"
"1069",113,"R Goldstone",0,"between"
"1070",114,"B Rogosky",0,"between"
"1071",115,"H Neth",0,"between"
"1072",116,"S Payne",7,"between"
"1073",117,"A Howes",4,"between"
"1074",118,"J Richardson",0,"between"
"1075",119,"N McNeil",0,"between"
"1076",120,"M Alibali",1,"between"
"1077",121,"W Schaeken",21,"between"
"1078",122,"W Schoppek",0,"between"
"1079",123,"C Conway",0,"between"
"1080",124,"M Christiansen",1,"between"
"1081",125,"J Marshall",0,"between"
"1082",126,"P Maglio",4,"between"
"1083",127,"T Matlock",0,"between"
"1084",128,"S Gould",0,"between"
"1085",129,"D Koons",0,"between"
"1086",130,"C Campbell",0,"between"
"1087",131,"T Griffiths",0,"between"
"1088",132,"M Steyvers",3,"between"
"1089",133,"A Corrigan-Halpern",0,"between"
"1090",134,"S Ohlsson",0,"between"
"1091",135,"I Katz",0,"between"
"1092",136,"X Xi",0,"between"
"1093",137,"H Kim",0,"between"
"1094",138,"P Cheng",18,"between"
"1095",139,"K Miwa",0,"between"
"1096",140,"N Ishii",0,"between"
"1097",141,"H Saito",0,"between"
"1098",142,"R Nakaike",0,"between"
"1099",143,"R French",19,"between"
"1100",144,"C Labiouse",0,"between"
"1101",145,"R Bod",0,"between"
"1102",146,"S Scott",0,"between"
"1103",147,"N Verschueren",0,"between"
"1104",148,"W Neys",0,"between"
"1105",149,"G d’Ydewalle",0,"between"
"1106",150,"J Quesada",0,"between"
"1107",151,"W Kintsch",0,"between"
"1108",152,"E Gomez",0,"between"
"1109",153,"M Dastani",0,"between"
"1110",154,"L Torre",0,"between"
"1111",155,"Y Gil",0,"between"
"1112",156,"J Kim",0,"between"
"1113",157,"T Ioerger",0,"between"
"1114",158,"L He",0,"between"
"1115",159,"D Lord",0,"between"
"1116",160,"P Tsang",0,"between"
"1117",161,"H Harris",0,"between"
"1118",162,"S Deutsch",0,"between"
"1119",163,"R Pew",1,"between"
"1120",164,"J Heiser",0,"between"
"1121",165,"B Tversky",0,"between"
"1122",166,"U Hahn",0,"between"
"1123",167,"M Prat-Sala",0,"between"
"1124",168,"E Pothos",0,"between"
"1125",169,"R Desai",0,"between"
"1126",170,"K Ashley",0,"between"
"1127",171,"E Chown",0,"between"
"1128",172,"M Steedman",0,"between"
"1129",173,"A Keselman",0,"between"
"1130",174,"V Patel",17,"between"
"1131",175,"I Umata",0,"between"
"1132",176,"Y Katagiri",0,"between"
"1133",177,"A Shimojima",0,"between"
"1134",178,"J Hemmerich",0,"between"
"1135",179,"T Komatsu",0,"between"
"1136",180,"K Suzuki",0,"between"
"1137",181,"K Ueda",0,"between"
"1138",182,"K Hiraki",0,"between"
"1139",183,"N Oka",0,"between"
"1140",184,"K Livingston",0,"between"
"1141",185,"J Andrews",0,"between"
"1142",186,"E Kuschner",0,"between"
"1143",187,"B Olde",1.66666666666667,"between"
"1144",188,"D Franceschetti",1.66666666666667,"between"
"1145",189,"A Graesser",1.66666666666667,"between"
"1146",190,"A Karnavat",0,"between"
"1147",191,"K Lagus",0,"between"
"1148",192,"M Creutz",0,"between"
"1149",193,"A Airola",0,"between"
"1150",194,"E Torlakovic",0,"between"
"1151",195,"A Brook",1,"between"
"1152",196,"R Mears",0,"between"
"1153",197,"R Gibby",0,"between"
"1154",198,"C Spitzmüller",0,"between"
"1155",199,"A Papafragou",0,"between"
"1156",200,"J Musolino",0,"between"
"1157",201,"W Ham",0,"between"
"1158",202,"L Chandrasena",0,"between"
"1159",203,"S Charman",0,"between"
"1160",204,"T Clausner",0,"between"
"1161",205,"B Jain",0,"between"
"1162",206,"F Wysotzki",0,"between"
"1163",207,"S Niyogi",0,"between"
"1164",208,"F Costello",0,"between"
"1165",209,"M Gale",0,"between"
"1166",210,"R Ardito",0,"between"
"1167",211,"B Bara",0,"between"
"1168",212,"E Blanzieri",0,"between"
"1169",213,"H Wang",0,"between"
"1170",214,"T Johnson",5,"between"
"1171",215,"J Zhang",5,"between"
"1172",216,"Y Wang",0,"between"
"1173",217,"J Hayes",0,"between"
"1174",218,"V Murphy",0,"between"
"1175",219,"N Davey",0,"between"
"1176",220,"P Smith",0,"between"
"1177",221,"L Peters",0,"between"
"1178",222,"P Oudeyer",0,"between"
"1179",223,"K Dieussaert",0,"between"
"1180",224,"G d’ydewalle",0,"between"
"1181",225,"S Zharikov",0,"between"
"1182",226,"D Gentner",0,"between"
"1183",227,"V Jaswal",0,"between"
"1184",228,"E Markman",0,"between"
"1185",229,"M Osman",0,"between"
"1186",230,"A Gill",0,"between"
"1187",231,"H Foundalis",0,"between"
"1188",232,"K Burns",0,"between"
"1189",233,"D Craig",0,"between"
"1190",234,"N Nersessian",0,"between"
"1191",235,"R Catrambone",4,"between"
"1192",236,"U Hasson",8,"between"
"1193",237,"V Sloutsky",5,"between"
"1194",238,"E Steingold",0,"between"
"1195",239,"P Johnson-Laird",11,"between"
"1196",240,"M Wenger",0,"between"
"1197",241,"A Gordon",0,"between"
"1198",242,"E Shortliffe",0,"between"
"1199",243,"V Müller",0,"between"
"1200",244,"P Healey",0,"between"
"1201",245,"S Garrod",0,"between"
"1202",246,"N Fay",0,"between"
"1203",247,"J Lee",0,"between"
"1204",248,"G Gunzelmann",0,"between"
"1205",249,"J Anderson",1,"between"
"1206",250,"E Martens",0,"between"
"1207",251,"W Daelemans",0,"between"
"1208",252,"S Gillis",0,"between"
"1209",253,"H Taelman",0,"between"
"1210",254,"Juslin",0,"between"
"1211",255,"O Peter",0,"between"
"1212",256,"O Henrik",0,"between"
"1213",257,"J Anna-Carin",0,"between"
"1214",258,"X Zhang",0,"between"
"1215",259,"T Schorr",0,"between"
"1216",260,"Y Laouris",0,"between"
"1217",261,"L Onnis",0,"between"
"1218",262,"M Roberts",0,"between"
"1219",263,"N Chater",0,"between"
"1220",264,"D Trumpower",0,"between"
"1221",265,"T Goldsmith",0,"between"
"1222",266,"M Below",0,"between"
"1223",267,"M Mermillod",0,"between"
"1224",268,"A Chauvin",0,"between"
"1225",269,"P Quinn",0,"between"
"1226",270,"D Mareschal",0,"between"
"1227",271,"N Kacinik",0,"between"
"1228",272,"C Chiarello",0,"between"
"1229",273,"G Lupyan",0,"between"
"1230",274,"E Fleischman",0,"between"
"1231",275,"R Jones",5,"between"
"1232",276,"M Garagnani",0,"between"
"1233",277,"S Kuehne",0,"between"
"1234",278,"K Forbus",0,"between"
"1235",279,"M Matessa",0,"between"
"1236",280,"A Vera",24,"between"
"1237",281,"R Remington",0,"between"
"1238",282,"M Freed",0,"between"
"1239",283,"B John",0,"between"
"1240",284,"A Feeney",0,"between"
"1241",285,"D Gardiner",0,"between"
"1242",286,"L Jerzykiewicz",0,"between"
"1243",287,"Y Hagmayer",0,"between"
"1244",288,"M Waldmann",0,"between"
"1245",289,"B Ans",0,"between"
"1246",290,"S Rousset",0,"between"
"1247",291,"S Musca",0,"between"
"1248",292,"T Booth",0,"between"
"1249",293,"J Zwickel",0,"between"
"1250",294,"K Cottrell",0,"between"
"1251",295,"H Xing",0,"between"
"1252",296,"H Shu",0,"between"
"1253",297,"P Li",5,"between"
"1254",298,"C Jonker",0,"between"
"1255",299,"J Treur",0,"between"
"1256",300,"M McGregor",0,"between"
"1257",301,"M Chi",1,"between"
"1258",302,"S Brown-Schmidt",0,"between"
"1259",303,"G Boella",0,"between"
"1260",304,"L Lesmo",0,"between"
"1261",305,"B Mak",27,"between"
"1262",306,"L Lo",0,"between"
"1263",307,"T Reimer",0,"between"
"1264",308,"K Opwis",0,"between"
"1265",309,"A Bornstein",0,"between"
"1266",310,"E Altmann",0,"between"
"1267",311,"W Wai",0,"between"
"1268",312,"J Moss",0,"between"
"1269",313,"K Kotovsky",0,"between"
"1270",314,"J Cagan",0,"between"
"1271",315,"C Chewar",0,"between"
"1272",316,"D McCrickard",0,"between"
"1273",317,"L Triona",0.5,"between"
"1274",318,"R Engle",0,"between"
"1275",319,"M Scheessele",0,"between"
"1276",320,"Z Pizlo",0,"between"
"1277",321,"J Rehling",0,"between"
"1278",322,"R Baker",0,"between"
"1279",323,"A Corbett",0,"between"
"1280",324,"D Calvillo",0,"between"
"1281",325,"R Revlin",0,"between"
"1282",326,"K Norman",0,"between"
"1283",327,"B Burns",0,"between"
"1284",328,"T Park",0,"between"
"1285",329,"P Lee",6,"between"
"1286",330,"H Tappe",0,"between"
"1287",331,"A Klippel",0,"between"
"1288",332,"H Shirouzu",0,"between"
"1289",333,"N Miyake",0,"between"
"1290",334,"Y Yang",5,"between"
"1291",335,"L Connell",0,"between"
"1292",336,"M Keane",1,"between"
"1293",337,"H Liu",0,"between"
"1294",338,"L Saner",0,"between"
"1295",339,"L Leach",0,"between"
"1296",340,"C Kello",0,"between"
"1297",341,"H Ogasawara",0,"between"
"1298",342,"T Ohno",0,"between"
"1299",343,"Z Arzi-Gonczarowski",0,"between"
"1300",344,"A Harrison",0,"between"
"1301",345,"C Cookson",0,"between"
"1302",346,"D Kunder",0,"between"
"1303",347,"O Coelho",0,"between"
"1304",348,"E Françozo",0,"between"
"1305",349,"E Albano",0,"between"
"1306",350,"L Roces",0,"between"
"1307",351,"P Arantes",0,"between"
"1308",352,"R Basso",0,"between"
"1309",353,"Y Lee",0,"between"
"1310",354,"H Lin",0,"between"
"1311",355,"W Vidal",0,"between"
"1312",356,"M Yip",0,"between"
"1313",357,"T Matsuka",0,"between"
"1314",358,"J Corter",0,"between"
"1315",359,"A Markman",0,"between"
"1316",360,"P Pavlik",0,"between"
"1317",361,"A Fisher",0,"between"
"1318",362,"W Sieck",1,"between"
"1319",363,"J Yates",0,"between"
"1320",364,"A Linhares",0,"between"
"1321",365,"Z Estes",0,"between"
"1322",366,"C Gonzalez",0,"between"
"1323",367,"M Jones",0,"between"
"1324",368,"M Pourbaix",0,"between"
"1325",369,"A Soares",6,"between"
"1326",370,"S Bringsjord",0,"between"
"1327",371,"M Crosby",0,"between"
"1328",372,"C Ikehara",0,"between"
"1329",373,"D Chin",0,"between"
"1330",374,"A Samsonovich",0,"between"
"1331",375,"S Kleinbeck",0,"between"
"1332",376,"U Schmid",0,"between"
"1333",377,"T Wong",0,"between"
"1334",378,"A Chau",9,"between"
"1335",379,"W Reader",0,"between"
"1336",380,"T Kojima",0,"between"
"1337",381,"T Kusumi",0,"between"
"1338",382,"R Vollmeyer",0,"between"
"1339",383,"F Rheinberg",0,"between"
"1340",384,"C Lima",0,"between"
"1341",385,"L Schmorrow",0,"between"
"1342",386,"A Kruse",0,"between"
"1343",387,"J Morrison",0,"between"
"1344",388,"M Caetano",0,"between"
"1345",389,"D Lynott",0,"between"
"1346",390,"T Lee",0,"between"
"1347",391,"J Whalen",0,"between"
"1348",392,"F Morelli",0,"between"
"1349",393,"D Casasanto",0,"between"
"1350",394,"Y Chou",0,"between"
"1351",395,"R Shillcock",0,"between"
"1352",396,"H Voicu",0,"between"
"1353",397,"C Pessanha",0,"between"
"1354",398,"D Oppenheimer",0,"between"
"1355",399,"A Kincannon",0,"between"
"1356",400,"C Espinel",0,"between"
"1357",401,"S Nellen",0,"between"
"1358",402,"J Funke",0,"between"
"1359",403,"M Gorman",0,"between"
"1360",404,"A Wang-on",0,"between"
"1361",405,"J Spinks",0,"between"
"1362",406,"R Carlson",0,"between"
"1363",407,"W Schneider",0,"between"
"1364",408,"R Wray",0,"between"
"1365",409,"H Henninger",0,"between"
"1366",410,"W E",0,"between"
"1367",411,"C Scott",0,"between"
"1368",412,"J S",0,"between"
"1369",413,"C Lebiere",0,"between"
"1370",414,"S Wood",0,"between"
"1371",415,"M Byrne",0,"between"
"1372",416,"L Coward",0,"between"
"1373",417,"J Carroll",0,"between"
"1374",418,"T Kubose",0,"between"
"1375",419,"D Jordan",0,"between"
"1376",420,"M Suwa",0,"between"
"1377",421,"M Lovett",0,"between"
"1378",422,"S Luan",0,"between"
"1379",423,"R Sorkin",0,"between"
"1380",424,"J Itzkowitz",0,"between"
"1381",425,"A Tokosumi",0,"between"
"1382",426,"N Yoshimine",0,"between"
"1383",427,"K Coventry",0,"between"
"1384",428,"A Cangelosi",0,"between"
"1385",429,"D Joyce",0,"between"
"1386",430,"L Richards",0,"between"
"1387",431,"M Hegarty",0,"between"
"1388",432,"J Zacks",0,"between"
"1389",433,"J Kolodner",0,"between"
"1390",434,"S Doane",0,"between"
"1391",435,"D Carruth",0,"between"
"1392",436,"N Stein",0,"between"
"1393",437,"E Albro",0,"between"
"1394",438,"P Gupta",0,"between"
"1395",439,"J Lipinski",0,"between"
"1396",440,"X Hu",0,"between"
"1397",441,"M Ventura",0,"between"
"1398",442,"A Olney",0,"between"
"1399",443,"M Louwerse",0,"between"
"1400",444,"N Person",0,"between"
"1401",445,"T Landauer",0,"between"
"1402",446,"P Slezak",0,"between"
"1403",447,"S Guerlain",0,"between"
"1404",448,"J Clement",0,"between"
"1405",449,"L Stevenson",0,"between"
"1406",450,"D Cassenti",0,"between"
"1407",451,"I Farkaš",0,"between"
"1408",452,"S Chaigneau",0,"between"
"1409",453,"L Barsalou",0,"between"
"1410",454,"R Holt",0.333333333333333,"between"
"1411",455,"J Hansberger",0.333333333333333,"between"
"1412",456,"R Chong",0,"between"
"1413",457,"D Boehm-Davis",0.333333333333333,"between"
"1414",458,"S Brem",0,"between"
"1415",459,"P Shah",0,"between"
"1416",460,"E Freeman",0,"between"
"1417",461,"S Kirschenbaum",0,"between"
"1418",462,"M Hegart",0,"between"
"1419",463,"K Gluck",0,"between"
"1420",464,"B MacWhinney",0,"between"
"1421",465,"T Zentall",0,"between"
"1422",466,"S Card",0,"between"
"1423",467,"D Woods",0,"between"
"1424",468,"R Alterman",0,"between"
"1425",469,"A Feinman",0,"between"
"1426",470,"S Landsman",0,"between"
"1427",471,"J Introne",0,"between"
"1428",472,"M Diez",0,"between"
"1429",473,"R Shiffrin",0,"between"
"1430",474,"J Stasko",0,"between"
"1431",475,"J Xiao",0,"between"
"1432",476,"S Dumais",0,"between"
"1433",477,"W Geisler",0,"between"
"1434",478,"J Raaijmakers",0,"between"
"1435",1,"S Schworm",0,"eigen"
"1436",2,"A Renkl",1.8763813287934e-17,"eigen"
"1437",3,"K Scheiter",0,"eigen"
"1438",4,"P Gerjets",0,"eigen"
"1439",5,"F Lee",0,"eigen"
"1440",6,"N Taatgen",9.51313680742728e-18,"eigen"
"1441",7,"L Engle",3.57833066851637e-17,"eigen"
"1442",8,"K Holyoak",2.72014939732735e-17,"eigen"
"1443",9,"J Stigler",3.11137803002135e-17,"eigen"
"1444",10,"R Noel",4.27169399460301e-18,"eigen"
"1445",11,"S Acchione-Noel",0,"eigen"
"1446",12,"C Luhmann",2.29376357030973e-17,"eigen"
"1447",13,"W Ahn",1.53139085593027e-17,"eigen"
"1448",14,"T Palmeri",2.90309042144408e-17,"eigen"
"1449",15,"S Trickett",0,"eigen"
"1450",16,"J Trafton",0,"eigen"
"1451",17,"A Raftopoulos",0,"eigen"
"1452",18,"A Demetriou",3.09094868344112e-17,"eigen"
"1453",19,"A Wills",1.37061520259192e-17,"eigen"
"1454",20,"F Missier",6.48837789549788e-18,"eigen"
"1455",21,"D Fum",0,"eigen"
"1456",22,"A Henninger",3.52124418568709e-17,"eigen"
"1457",23,"A Gonzalez",1.66484537222617e-17,"eigen"
"1458",24,"D Reece",2.95256982560348e-17,"eigen"
"1459",25,"H Yoshida",1.93181181747312e-17,"eigen"
"1460",26,"L Smith",2.71058758507594e-17,"eigen"
"1461",27,"R West",2.97103148142428e-17,"eigen"
"1462",28,"R Boring",1.09186181461409e-17,"eigen"
"1463",29,"S Moore",3.87370144216745e-17,"eigen"
"1464",30,"S Sloman",0,"eigen"
"1465",31,"D Lagnado",1.27242436540571e-18,"eigen"
"1466",32,"D Navarro",1.3138640376961e-17,"eigen"
"1467",33,"M Lee",2.71165695649767e-17,"eigen"
"1468",34,"J Magnuson",3.19161781381268e-17,"eigen"
"1469",35,"M Tanenhaus",0,"eigen"
"1470",36,"R Aslin",1.16636778404192e-17,"eigen"
"1471",37,"S Gennari",6.88796470620397e-18,"eigen"
"1472",38,"D Poeppel",0,"eigen"
"1473",39,"J Franke",3.28861666160328e-17,"eigen"
"1474",40,"J Daniels",3.01373897018702e-17,"eigen"
"1475",41,"D McFarlane",2.25011888923272e-17,"eigen"
"1476",42,"I Ash",2.61194763708825e-17,"eigen"
"1477",43,"J Wiley",0,"eigen"
"1478",44,"P Wolff",0,"eigen"
"1479",45,"M Zettergren",5.98543759903828e-18,"eigen"
"1480",46,"R Sun",0,"eigen"
"1481",47,"C Terry",2.52500938351391e-17,"eigen"
"1482",48,"D Salvucci",2.89563232975706e-18,"eigen"
"1483",49,"E Colunga",7.41385692817127e-18,"eigen"
"1484",50,"M Atherton",2.89563232975706e-18,"eigen"
"1485",51,"B Rehder",2.20317396307513e-20,"eigen"
"1486",52,"R Burnett",2.1592412730511e-18,"eigen"
"1487",53,"A Hansson",0,"eigen"
"1488",54,"L Niklasson",0,"eigen"
"1489",55,"M Avraamides",2.50886806980363e-17,"eigen"
"1490",56,"H Mammar",0,"eigen"
"1491",57,"F Bernard",0,"eigen"
"1492",58,"L Boroditsky",2.77374713109394e-17,"eigen"
"1493",59,"K Cho",1.20557253220861e-17,"eigen"
"1494",60,"C Schunn",0,"eigen"
"1495",61,"A Lesgold",0,"eigen"
"1496",62,"K Koedinger",1.17453472782808e-17,"eigen"
"1497",63,"A Terao",3.03334996539446e-17,"eigen"
"1498",64,"D Freudenthal",2.01882617296786e-17,"eigen"
"1499",65,"J Pine",2.32943428938991e-17,"eigen"
"1500",66,"F Gobet",3.15194671213825e-17,"eigen"
"1501",67,"C Bearman",3.97444225319613e-17,"eigen"
"1502",68,"L Ball",7.96078918240385e-18,"eigen"
"1503",69,"T Ormerod",3.72339625565215e-17,"eigen"
"1504",70,"Y Choe",2.89563232975706e-18,"eigen"
"1505",71,"H Olsson",0,"eigen"
"1506",72,"P Juslin",0,"eigen"
"1507",73,"G Cottrell",1.98868844601528e-17,"eigen"
"1508",74,"K Branson",2.42448504775735e-17,"eigen"
"1509",75,"A Calder",3.07109989653969e-17,"eigen"
"1510",76,"S Chin-Parker",0,"eigen"
"1511",77,"B Ross",0,"eigen"
"1512",78,"B Morris",3.21570097607974e-17,"eigen"
"1513",79,"D Klahr",1.51886035033365e-17,"eigen"
"1514",80,"T O’Reilly",1.97418235715296e-17,"eigen"
"1515",81,"D McNamara",5.06734792727848e-18,"eigen"
"1516",82,"M Swift",2.19720940003292e-17,"eigen"
"1517",83,"E Campana",6.84043621011233e-18,"eigen"
"1518",84,"J Allen",9.6286494830171e-18,"eigen"
"1519",85,"Y Sun",0,"eigen"
"1520",86,"R Tweney",0,"eigen"
"1521",87,"D Yarlett",1.01388748884418e-17,"eigen"
"1522",88,"M Ramscar",3.60577855403313e-17,"eigen"
"1523",89,"J Henst",2.74660227101456e-17,"eigen"
"1524",90,"S Rossi",7.69008740770259e-18,"eigen"
"1525",91,"W Schroyens",5.66662797445265e-18,"eigen"
"1526",92,"D Holliway",2.89563232975706e-18,"eigen"
"1527",93,"J Jarmasz",2.89563232975706e-18,"eigen"
"1528",94,"T Gureckis",5.61091394858021e-18,"eigen"
"1529",95,"B Love",0,"eigen"
"1530",96,"W Sakas",0,"eigen"
"1531",97,"E Nishimoto",4.9388602348236e-18,"eigen"
"1532",98,"F Guo",3.37594022019424e-17,"eigen"
"1533",99,"S Beller",2.89563232975706e-18,"eigen"
"1534",100,"A Masnick",2.60630003307301e-17,"eigen"
"1535",101,"S Chow",0,"eigen"
"1536",102,"J Nesselroade",0,"eigen"
"1537",103,"R Byrne",7.18091554846459e-18,"eigen"
"1538",104,"C Walsh",0,"eigen"
"1539",105,"J Hicks",1.32608138535458e-17,"eigen"
"1540",106,"J Oberlander",0,"eigen"
"1541",107,"C Wendelken",2.07589471824519e-17,"eigen"
"1542",108,"L Shastri",4.73910358932196e-17,"eigen"
"1543",109,"R Ping",1.06823141864086e-17,"eigen"
"1544",110,"E Davis",1.88678416446253e-17,"eigen"
"1545",111,"J Stefanucci",1.74385308741243e-19,"eigen"
"1546",112,"D Proffitt",3.25334827558116e-18,"eigen"
"1547",113,"R Goldstone",6.27825819578736e-19,"eigen"
"1548",114,"B Rogosky",0,"eigen"
"1549",115,"H Neth",3.62895482700483e-17,"eigen"
"1550",116,"S Payne",1.03869287821986e-17,"eigen"
"1551",117,"A Howes",2.62302655869558e-17,"eigen"
"1552",118,"J Richardson",5.80907839931706e-17,"eigen"
"1553",119,"N McNeil",1.91964628015984e-17,"eigen"
"1554",120,"M Alibali",0,"eigen"
"1555",121,"W Schaeken",0,"eigen"
"1556",122,"W Schoppek",2.89563232975706e-18,"eigen"
"1557",123,"C Conway",2.12773342892062e-17,"eigen"
"1558",124,"M Christiansen",5.28268956579049e-18,"eigen"
"1559",125,"J Marshall",2.89563232975706e-18,"eigen"
"1560",126,"P Maglio",0,"eigen"
"1561",127,"T Matlock",0,"eigen"
"1562",128,"S Gould",0,"eigen"
"1563",129,"D Koons",0,"eigen"
"1564",130,"C Campbell",0,"eigen"
"1565",131,"T Griffiths",2.72568867076583e-17,"eigen"
"1566",132,"M Steyvers",5.06312956153509e-18,"eigen"
"1567",133,"A Corrigan-Halpern",0,"eigen"
"1568",134,"S Ohlsson",8.31456259174332e-18,"eigen"
"1569",135,"I Katz",0,"eigen"
"1570",136,"X Xi",0,"eigen"
"1571",137,"H Kim",0,"eigen"
"1572",138,"P Cheng",0,"eigen"
"1573",139,"K Miwa",3.01915901856301e-17,"eigen"
"1574",140,"N Ishii",3.84210797091489e-17,"eigen"
"1575",141,"H Saito",3.43991763555003e-17,"eigen"
"1576",142,"R Nakaike",2.95508025452916e-17,"eigen"
"1577",143,"R French",0,"eigen"
"1578",144,"C Labiouse",2.71357219906943e-17,"eigen"
"1579",145,"R Bod",2.89563232975706e-18,"eigen"
"1580",146,"S Scott",2.89563232975706e-18,"eigen"
"1581",147,"N Verschueren",2.57185181830839e-17,"eigen"
"1582",148,"W Neys",2.15843938170561e-17,"eigen"
"1583",149,"G d’Ydewalle",2.26978951755408e-17,"eigen"
"1584",150,"J Quesada",2.37535827877281e-17,"eigen"
"1585",151,"W Kintsch",2.84431561999695e-17,"eigen"
"1586",152,"E Gomez",2.37426041682231e-17,"eigen"
"1587",153,"M Dastani",1.97375773925885e-18,"eigen"
"1588",154,"L Torre",2.67298573887852e-18,"eigen"
"1589",155,"Y Gil",1.23790679296533e-17,"eigen"
"1590",156,"J Kim",6.23498520404821e-19,"eigen"
"1591",157,"T Ioerger",3.052450023346e-17,"eigen"
"1592",158,"L He",1.63192826532953e-17,"eigen"
"1593",159,"D Lord",3.97819143847321e-17,"eigen"
"1594",160,"P Tsang",2.61050620184373e-17,"eigen"
"1595",161,"H Harris",2.89563232975706e-18,"eigen"
"1596",162,"S Deutsch",1.8788935150914e-17,"eigen"
"1597",163,"R Pew",0,"eigen"
"1598",164,"J Heiser",2.54335463423697e-17,"eigen"
"1599",165,"B Tversky",2.93673700664145e-17,"eigen"
"1600",166,"U Hahn",3.54780957136523e-17,"eigen"
"1601",167,"M Prat-Sala",3.09814139012138e-17,"eigen"
"1602",168,"E Pothos",2.79834273089339e-17,"eigen"
"1603",169,"R Desai",2.89876676893103e-18,"eigen"
"1604",170,"K Ashley",0,"eigen"
"1605",171,"E Chown",2.89563232975706e-18,"eigen"
"1606",172,"M Steedman",2.89563232975706e-18,"eigen"
"1607",173,"A Keselman",3.16164139242619e-17,"eigen"
"1608",174,"V Patel",0,"eigen"
"1609",175,"I Umata",2.72296480676718e-17,"eigen"
"1610",176,"Y Katagiri",2.66540365355487e-17,"eigen"
"1611",177,"A Shimojima",2.27238359158581e-17,"eigen"
"1612",178,"J Hemmerich",1.36233295204798e-17,"eigen"
"1613",179,"T Komatsu",0,"eigen"
"1614",180,"K Suzuki",0,"eigen"
"1615",181,"K Ueda",0,"eigen"
"1616",182,"K Hiraki",0,"eigen"
"1617",183,"N Oka",0,"eigen"
"1618",184,"K Livingston",2.08004119017305e-17,"eigen"
"1619",185,"J Andrews",2.73947284835366e-17,"eigen"
"1620",186,"E Kuschner",2.95973119822675e-17,"eigen"
"1621",187,"B Olde",1,"eigen"
"1622",188,"D Franceschetti",1,"eigen"
"1623",189,"A Graesser",1,"eigen"
"1624",190,"A Karnavat",0.41886116991581,"eigen"
"1625",191,"K Lagus",2.79201630401787e-17,"eigen"
"1626",192,"M Creutz",3.05798771672497e-17,"eigen"
"1627",193,"A Airola",3.27572495666115e-17,"eigen"
"1628",194,"E Torlakovic",1.9244141280969e-17,"eigen"
"1629",195,"A Brook",0,"eigen"
"1630",196,"R Mears",0,"eigen"
"1631",197,"R Gibby",0,"eigen"
"1632",198,"C Spitzmüller",0,"eigen"
"1633",199,"A Papafragou",0,"eigen"
"1634",200,"J Musolino",0,"eigen"
"1635",201,"W Ham",1.32171984839299e-17,"eigen"
"1636",202,"L Chandrasena",3.1579288635707e-17,"eigen"
"1637",203,"S Charman",1.43949708099405e-17,"eigen"
"1638",204,"T Clausner",2.89563232975706e-18,"eigen"
"1639",205,"B Jain",2.16031879499858e-18,"eigen"
"1640",206,"F Wysotzki",0,"eigen"
"1641",207,"S Niyogi",2.89563232975706e-18,"eigen"
"1642",208,"F Costello",2.89563232975706e-18,"eigen"
"1643",209,"M Gale",2.71830287543456e-17,"eigen"
"1644",210,"R Ardito",2.2675927160858e-17,"eigen"
"1645",211,"B Bara",2.50468747373867e-17,"eigen"
"1646",212,"E Blanzieri",3.39206641170697e-17,"eigen"
"1647",213,"H Wang",0,"eigen"
"1648",214,"T Johnson",0,"eigen"
"1649",215,"J Zhang",0,"eigen"
"1650",216,"Y Wang",0,"eigen"
"1651",217,"J Hayes",0,"eigen"
"1652",218,"V Murphy",0,"eigen"
"1653",219,"N Davey",0,"eigen"
"1654",220,"P Smith",0,"eigen"
"1655",221,"L Peters",0,"eigen"
"1656",222,"P Oudeyer",2.89563232975706e-18,"eigen"
"1657",223,"K Dieussaert",3.50058520337715e-17,"eigen"
"1658",224,"G d’ydewalle",2.52063218696614e-17,"eigen"
"1659",225,"S Zharikov",3.42943084573532e-18,"eigen"
"1660",226,"D Gentner",1.05314515551383e-17,"eigen"
"1661",227,"V Jaswal",0,"eigen"
"1662",228,"E Markman",2.94586306934608e-18,"eigen"
"1663",229,"M Osman",2.89563232975706e-18,"eigen"
"1664",230,"A Gill",1.87624357002668e-17,"eigen"
"1665",231,"H Foundalis",2.89563232975706e-18,"eigen"
"1666",232,"K Burns",2.89563232975706e-18,"eigen"
"1667",233,"D Craig",4.63857672366771e-17,"eigen"
"1668",234,"N Nersessian",4.232982377176e-17,"eigen"
"1669",235,"R Catrambone",0,"eigen"
"1670",236,"U Hasson",4.67152097564494e-17,"eigen"
"1671",237,"V Sloutsky",2.7992345291137e-17,"eigen"
"1672",238,"E Steingold",3.27287984684984e-17,"eigen"
"1673",239,"P Johnson-Laird",7.02426197404672e-18,"eigen"
"1674",240,"M Wenger",3.53357213463053e-19,"eigen"
"1675",241,"A Gordon",2.89563232975706e-18,"eigen"
"1676",242,"E Shortliffe",3.13213018009292e-17,"eigen"
"1677",243,"V Müller",2.46221922752909e-17,"eigen"
"1678",244,"P Healey",0,"eigen"
"1679",245,"S Garrod",0,"eigen"
"1680",246,"N Fay",0,"eigen"
"1681",247,"J Lee",0,"eigen"
"1682",248,"G Gunzelmann",1.63760413175146e-17,"eigen"
"1683",249,"J Anderson",0,"eigen"
"1684",250,"E Martens",3.47277891624886e-17,"eigen"
"1685",251,"W Daelemans",2.17830010535052e-17,"eigen"
"1686",252,"S Gillis",2.90806922439548e-17,"eigen"
"1687",253,"H Taelman",2.207301729676e-17,"eigen"
"1688",254,"Juslin",2.18299945184567e-17,"eigen"
"1689",255,"O Peter",2.56064710713237e-17,"eigen"
"1690",256,"O Henrik",3.69356899287158e-17,"eigen"
"1691",257,"J Anna-Carin",3.3205661340485e-17,"eigen"
"1692",258,"X Zhang",2.21284794555249e-17,"eigen"
"1693",259,"T Schorr",0,"eigen"
"1694",260,"Y Laouris",0,"eigen"
"1695",261,"L Onnis",2.30759813699602e-17,"eigen"
"1696",262,"M Roberts",2.95254341025232e-17,"eigen"
"1697",263,"N Chater",2.08518976554124e-17,"eigen"
"1698",264,"D Trumpower",2.71554136871796e-17,"eigen"
"1699",265,"T Goldsmith",2.34206717543175e-17,"eigen"
"1700",266,"M Below",3.74749074708037e-17,"eigen"
"1701",267,"M Mermillod",0,"eigen"
"1702",268,"A Chauvin",0,"eigen"
"1703",269,"P Quinn",0,"eigen"
"1704",270,"D Mareschal",0,"eigen"
"1705",271,"N Kacinik",0,"eigen"
"1706",272,"C Chiarello",4.69289402881915e-19,"eigen"
"1707",273,"G Lupyan",1.42564255943213e-17,"eigen"
"1708",274,"E Fleischman",0,"eigen"
"1709",275,"R Jones",0,"eigen"
"1710",276,"M Garagnani",2.02635612597783e-17,"eigen"
"1711",277,"S Kuehne",0,"eigen"
"1712",278,"K Forbus",1.67361757489647e-18,"eigen"
"1713",279,"M Matessa",0,"eigen"
"1714",280,"A Vera",0,"eigen"
"1715",281,"R Remington",0,"eigen"
"1716",282,"M Freed",0,"eigen"
"1717",283,"B John",0,"eigen"
"1718",284,"A Feeney",3.67365799005226e-18,"eigen"
"1719",285,"D Gardiner",3.97667969955613e-18,"eigen"
"1720",286,"L Jerzykiewicz",1.62785342320767e-17,"eigen"
"1721",287,"Y Hagmayer",1.13513610369864e-18,"eigen"
"1722",288,"M Waldmann",0,"eigen"
"1723",289,"B Ans",0,"eigen"
"1724",290,"S Rousset",0,"eigen"
"1725",291,"S Musca",0,"eigen"
"1726",292,"T Booth",1.29924434974801e-17,"eigen"
"1727",293,"J Zwickel",0,"eigen"
"1728",294,"K Cottrell",1.85179796592364e-17,"eigen"
"1729",295,"H Xing",5.61849855156121e-17,"eigen"
"1730",296,"H Shu",4.09593137021638e-17,"eigen"
"1731",297,"P Li",0,"eigen"
"1732",298,"C Jonker",0,"eigen"
"1733",299,"J Treur",0,"eigen"
"1734",300,"M McGregor",9.91024867354386e-18,"eigen"
"1735",301,"M Chi",1.68066152217532e-17,"eigen"
"1736",302,"S Brown-Schmidt",5.35292430412161e-17,"eigen"
"1737",303,"G Boella",0,"eigen"
"1738",304,"L Lesmo",1.83156189209271e-18,"eigen"
"1739",305,"B Mak",0,"eigen"
"1740",306,"L Lo",2.13941531060048e-17,"eigen"
"1741",307,"T Reimer",2.53373627890583e-17,"eigen"
"1742",308,"K Opwis",3.10364779669118e-17,"eigen"
"1743",309,"A Bornstein",2.47135379086604e-17,"eigen"
"1744",310,"E Altmann",3.17076223987342e-17,"eigen"
"1745",311,"W Wai",1.69375328763531e-17,"eigen"
"1746",312,"J Moss",3.48855153213335e-17,"eigen"
"1747",313,"K Kotovsky",2.38358024954548e-17,"eigen"
"1748",314,"J Cagan",2.96172789806494e-17,"eigen"
"1749",315,"C Chewar",0,"eigen"
"1750",316,"D McCrickard",3.54141352234001e-20,"eigen"
"1751",317,"L Triona",1.85944287736208e-18,"eigen"
"1752",318,"R Engle",1.35596926536178e-17,"eigen"
"1753",319,"M Scheessele",8.6935441815456e-18,"eigen"
"1754",320,"Z Pizlo",1.14190560762422e-18,"eigen"
"1755",321,"J Rehling",2.89563232975706e-18,"eigen"
"1756",322,"R Baker",4.02542010226351e-17,"eigen"
"1757",323,"A Corbett",5.36653513427327e-17,"eigen"
"1758",324,"D Calvillo",4.29913082398979e-18,"eigen"
"1759",325,"R Revlin",1.41472432048452e-18,"eigen"
"1760",326,"K Norman",2.89563232975706e-18,"eigen"
"1761",327,"B Burns",4.46394147460368e-17,"eigen"
"1762",328,"T Park",2.89563232975706e-18,"eigen"
"1763",329,"P Lee",0,"eigen"
"1764",330,"H Tappe",2.96276726143974e-17,"eigen"
"1765",331,"A Klippel",1.54267336765144e-17,"eigen"
"1766",332,"H Shirouzu",0,"eigen"
"1767",333,"N Miyake",7.05308952394543e-18,"eigen"
"1768",334,"Y Yang",3.37459162618255e-17,"eigen"
"1769",335,"L Connell",1.47587471495852e-17,"eigen"
"1770",336,"M Keane",0,"eigen"
"1771",337,"H Liu",2.89563232975706e-18,"eigen"
"1772",338,"L Saner",0,"eigen"
"1773",339,"L Leach",6.6467239722559e-19,"eigen"
"1774",340,"C Kello",1.95060304985914e-18,"eigen"
"1775",341,"H Ogasawara",0,"eigen"
"1776",342,"T Ohno",6.11505488700249e-18,"eigen"
"1777",343,"Z Arzi-Gonczarowski",2.89563232975706e-18,"eigen"
"1778",344,"A Harrison",0,"eigen"
"1779",345,"C Cookson",0,"eigen"
"1780",346,"D Kunder",0,"eigen"
"1781",347,"O Coelho",0,"eigen"
"1782",348,"E Françozo",0,"eigen"
"1783",349,"E Albano",0,"eigen"
"1784",350,"L Roces",0,"eigen"
"1785",351,"P Arantes",0,"eigen"
"1786",352,"R Basso",0,"eigen"
"1787",353,"Y Lee",0,"eigen"
"1788",354,"H Lin",0,"eigen"
"1789",355,"W Vidal",2.89563232975706e-18,"eigen"
"1790",356,"M Yip",2.89563232975706e-18,"eigen"
"1791",357,"T Matsuka",2.83714324623571e-17,"eigen"
"1792",358,"J Corter",1.8977050729637e-17,"eigen"
"1793",359,"A Markman",2.11767192828221e-17,"eigen"
"1794",360,"P Pavlik",1.61999730681724e-17,"eigen"
"1795",361,"A Fisher",1.38418438178211e-17,"eigen"
"1796",362,"W Sieck",0,"eigen"
"1797",363,"J Yates",1.53183917244073e-17,"eigen"
"1798",364,"A Linhares",2.89563232975706e-18,"eigen"
"1799",365,"Z Estes",2.89563232975706e-18,"eigen"
"1800",366,"C Gonzalez",2.89563232975706e-18,"eigen"
"1801",367,"M Jones",2.02053375690602e-17,"eigen"
"1802",368,"M Pourbaix",5.21022661485903e-17,"eigen"
"1803",369,"A Soares",0,"eigen"
"1804",370,"S Bringsjord",1.5162438705309e-17,"eigen"
"1805",371,"M Crosby",2.50679205656775e-17,"eigen"
"1806",372,"C Ikehara",2.86470705985697e-17,"eigen"
"1807",373,"D Chin",2.84528709286636e-17,"eigen"
"1808",374,"A Samsonovich",2.89563232975706e-18,"eigen"
"1809",375,"S Kleinbeck",0,"eigen"
"1810",376,"U Schmid",1.55523923996086e-17,"eigen"
"1811",377,"T Wong",1.10332920732732e-17,"eigen"
"1812",378,"A Chau",0,"eigen"
"1813",379,"W Reader",4.31524014254143e-17,"eigen"
"1814",380,"T Kojima",3.9688926383055e-18,"eigen"
"1815",381,"T Kusumi",2.71837772078443e-18,"eigen"
"1816",382,"R Vollmeyer",2.10733030738678e-17,"eigen"
"1817",383,"F Rheinberg",8.04777883618776e-18,"eigen"
"1818",384,"C Lima",4.28383939767439e-17,"eigen"
"1819",385,"L Schmorrow",2.81798137186989e-18,"eigen"
"1820",386,"A Kruse",0,"eigen"
"1821",387,"J Morrison",2.89563232975706e-18,"eigen"
"1822",388,"M Caetano",4.22583989930639e-17,"eigen"
"1823",389,"D Lynott",2.59524003667667e-17,"eigen"
"1824",390,"T Lee",2.90576449647401e-17,"eigen"
"1825",391,"J Whalen",2.65641315906292e-18,"eigen"
"1826",392,"F Morelli",1.60041685325536e-18,"eigen"
"1827",393,"D Casasanto",9.23315054571221e-18,"eigen"
"1828",394,"Y Chou",0,"eigen"
"1829",395,"R Shillcock",0,"eigen"
"1830",396,"H Voicu",2.89563232975706e-18,"eigen"
"1831",397,"C Pessanha",5.12337083864696e-17,"eigen"
"1832",398,"D Oppenheimer",2.89563232975706e-18,"eigen"
"1833",399,"A Kincannon",1.38770272910198e-17,"eigen"
"1834",400,"C Espinel",2.89563232975706e-18,"eigen"
"1835",401,"S Nellen",6.76251795678227e-18,"eigen"
"1836",402,"J Funke",5.06706487338727e-18,"eigen"
"1837",403,"M Gorman",0,"eigen"
"1838",404,"A Wang-on",5.76678914057819e-18,"eigen"
"1839",405,"J Spinks",1.7547961150056e-18,"eigen"
"1840",406,"R Carlson",2.09337061434943e-17,"eigen"
"1841",407,"W Schneider",2.89563232975706e-18,"eigen"
"1842",408,"R Wray",0,"eigen"
"1843",409,"H Henninger",0,"eigen"
"1844",410,"W E",0,"eigen"
"1845",411,"C Scott",0,"eigen"
"1846",412,"J S",0,"eigen"
"1847",413,"C Lebiere",2.89563232975706e-18,"eigen"
"1848",414,"S Wood",1.14568405453339e-17,"eigen"
"1849",415,"M Byrne",7.94043719904754e-19,"eigen"
"1850",416,"L Coward",2.89563232975706e-18,"eigen"
"1851",417,"J Carroll",2.89563232975706e-18,"eigen"
"1852",418,"T Kubose",9.05690068160784e-18,"eigen"
"1853",419,"D Jordan",0,"eigen"
"1854",420,"M Suwa",2.89563232975706e-18,"eigen"
"1855",421,"M Lovett",2.89563232975706e-18,"eigen"
"1856",422,"S Luan",2.54749874459074e-17,"eigen"
"1857",423,"R Sorkin",1.52419659502823e-17,"eigen"
"1858",424,"J Itzkowitz",3.33690901741273e-17,"eigen"
"1859",425,"A Tokosumi",4.28314738794248e-18,"eigen"
"1860",426,"N Yoshimine",0,"eigen"
"1861",427,"K Coventry",1.4560635122642e-17,"eigen"
"1862",428,"A Cangelosi",1.0721264485329e-17,"eigen"
"1863",429,"D Joyce",1.88411402681627e-17,"eigen"
"1864",430,"L Richards",2.6988797586296e-17,"eigen"
"1865",431,"M Hegarty",2.89563232975706e-18,"eigen"
"1866",432,"J Zacks",2.52971812224997e-17,"eigen"
"1867",433,"J Kolodner",2.89563232975706e-18,"eigen"
"1868",434,"S Doane",2.39047599338109e-18,"eigen"
"1869",435,"D Carruth",2.39556389446435e-18,"eigen"
"1870",436,"N Stein",2.58831521796833e-18,"eigen"
"1871",437,"E Albro",1.22011745166656e-19,"eigen"
"1872",438,"P Gupta",0,"eigen"
"1873",439,"J Lipinski",0,"eigen"
"1874",440,"X Hu",0.948683298050514,"eigen"
"1875",441,"M Ventura",0.948683298050514,"eigen"
"1876",442,"A Olney",0.948683298050514,"eigen"
"1877",443,"M Louwerse",0.948683298050514,"eigen"
"1878",444,"N Person",0.948683298050514,"eigen"
"1879",445,"T Landauer",2.89563232975706e-18,"eigen"
"1880",446,"P Slezak",2.89563232975706e-18,"eigen"
"1881",447,"S Guerlain",2.89563232975706e-18,"eigen"
"1882",448,"J Clement",2.89563232975706e-18,"eigen"
"1883",449,"L Stevenson",0,"eigen"
"1884",450,"D Cassenti",3.58820555250538e-18,"eigen"
"1885",451,"I Farkaš",4.12659388599048e-17,"eigen"
"1886",452,"S Chaigneau",0,"eigen"
"1887",453,"L Barsalou",0,"eigen"
"1888",454,"R Holt",0,"eigen"
"1889",455,"J Hansberger",2.1240574535019e-19,"eigen"
"1890",456,"R Chong",4.1719122890854e-18,"eigen"
"1891",457,"D Boehm-Davis",0,"eigen"
"1892",458,"S Brem",2.89563232975706e-18,"eigen"
"1893",459,"P Shah",0,"eigen"
"1894",460,"E Freeman",0,"eigen"
"1895",461,"S Kirschenbaum",0,"eigen"
"1896",462,"M Hegart",0,"eigen"
"1897",463,"K Gluck",1.77055542559862e-17,"eigen"
"1898",464,"B MacWhinney",4.18514158663532e-17,"eigen"
"1899",465,"T Zentall",2.89563232975706e-18,"eigen"
"1900",466,"S Card",2.89563232975706e-18,"eigen"
"1901",467,"D Woods",2.89563232975706e-18,"eigen"
"1902",468,"R Alterman",2.5042177068641e-17,"eigen"
"1903",469,"A Feinman",1.65291707930244e-17,"eigen"
"1904",470,"S Landsman",3.30712680819834e-17,"eigen"
"1905",471,"J Introne",2.81359405057296e-17,"eigen"
"1906",472,"M Diez",5.83482152899164e-19,"eigen"
"1907",473,"R Shiffrin",2.89563232975706e-18,"eigen"
"1908",474,"J Stasko",3.95333944328526e-17,"eigen"
"1909",475,"J Xiao",2.97403380465877e-17,"eigen"
"1910",476,"S Dumais",4.34996880102532e-17,"eigen"
"1911",477,"W Geisler",3.66394245827734e-17,"eigen"
"1912",478,"J Raaijmakers",3.71078071449253e-17,"eigen"
