"","id","label","measure","CM"
"1",1,"J Rodd",2,"degree"
"2",2,"G Gaskell",2,"degree"
"3",3,"W Marslen-Wilson",4,"degree"
"4",4,"A Roelofs",2,"degree"
"5",5,"W Ahn",1,"degree"
"6",6,"M Dennis",1,"degree"
"7",7,"P Albacete",1,"degree"
"8",8,"K VanLehn",1,"degree"
"9",9,"E Altmann",3,"degree"
"10",10,"C Beaman",2,"degree"
"11",11,"L Boroditsky",1,"degree"
"12",12,"L Schmidt",1,"degree"
"13",13,"S Boudelaa",1,"degree"
"14",14,"M Gaskell",1,"degree"
"15",15,"R Branstrom",2,"degree"
"16",16,"B Bridgeman",2,"degree"
"17",17,"A Brook",2,"degree"
"18",18,"M Byme",2,"degree"
"19",19,"D Casasanto",4,"degree"
"20",20,"W Killgore",4,"degree"
"21",21,"G Glosser",4,"degree"
"22",22,"J Maldjian",4,"degree"
"23",23,"J Detre",9,"degree"
"24",24,"M Christiansen",3,"degree"
"25",25,"C Conway",2,"degree"
"26",26,"S Curtin",2,"degree"
"27",27,"E Colunga",2,"degree"
"28",28,"L Smith",2,"degree"
"29",29,"F Costello",2,"degree"
"30",30,"M Dailey",2,"degree"
"31",31,"G Cottrell",5,"degree"
"32",32,"R Adolphs",2,"degree"
"33",33,"M Dowman",2,"degree"
"34",34,"M Durbin",2,"degree"
"35",35,"J Earwood",2,"degree"
"36",36,"R Golden",2,"degree"
"37",37,"A Feeney",2,"degree"
"38",38,"J Evans",2,"degree"
"39",39,"S Venn",2,"degree"
"40",40,"R Ferguson",2,"degree"
"41",41,"I Fine",1,"degree"
"42",42,"R Jacobs",1,"degree"
"43",43,"E Forbell",1,"degree"
"44",44,"E Chown",1,"degree"
"45",45,"J Fodor",1,"degree"
"46",46,"V Teller",1,"degree"
"47",47,"R French",5,"degree"
"48",48,"S Bredart",3,"degree"
"49",49,"J Huart",3,"degree"
"50",50,"C Labiouse",3,"degree"
"51",51,"W Fu",4,"degree"
"52",52,"W Gray",3,"degree"
"53",53,"M Gasser",1,"degree"
"54",54,"P Gerjets",3,"degree"
"55",55,"K Scheiter",3,"degree"
"56",56,"W Tack",2,"degree"
"57",57,"R Goldstone",2,"degree"
"58",58,"F Gosselin",2,"degree"
"59",59,"P Schyns",1,"degree"
"60",60,"A Graesser",3,"degree"
"61",61,"A Karnavat",3,"degree"
"62",62,"V Pomeroy",3,"degree"
"63",63,"K Wiemer-Hastings",3,"degree"
"64",64,"G Gredebäck",2,"degree"
"65",65,"A Winman",4,"degree"
"66",66,"P Juslin",5,"degree"
"67",67,"T Griffith",2,"degree"
"68",68,"N Nersessian",2,"degree"
"69",69,"A Goel",2,"degree"
"70",70,"T Griffiths",1,"degree"
"71",71,"J Tenenbaum",3,"degree"
"72",72,"S Gross",2,"degree"
"73",73,"Y Hagmayer",1,"degree"
"74",74,"M Waldmann",1,"degree"
"75",75,"P Hendriks",2,"degree"
"76",76,"A Heneveld",3,"degree"
"77",77,"A Bundy",3,"degree"
"78",78,"M Ramscar",6,"degree"
"79",79,"J Richardson",3,"degree"
"80",80,"J Hummel",1,"degree"
"81",81,"J Choplin",1,"degree"
"82",82,"A Jansen",1,"degree"
"83",83,"K Marriot",1,"degree"
"84",84,"S Jones",3,"degree"
"85",85,"H Olsson",3,"degree"
"86",86,"P Jordan",2,"degree"
"87",87,"E Kako",1,"degree"
"88",88,"J Trueswell",5,"degree"
"89",89,"J Kim",3,"degree"
"90",90,"M Glass",3,"degree"
"91",91,"R Freedman",3,"degree"
"92",92,"M Evens",3,"degree"
"93",93,"A Kinyon",2,"degree"
"94",94,"B Kokinov",1,"degree"
"95",95,"A Petrov",2,"degree"
"96",96,"R Kovordányi",2,"degree"
"97",97,"G Legendre",3,"degree"
"98",98,"P Hagstrom",3,"degree"
"99",99,"M Todorova",6,"degree"
"100",100,"A Vainikka",3,"degree"
"101",101,"S Levy",2,"degree"
"102",102,"O Melnik",2,"degree"
"103",103,"J Pollack",2,"degree"
"104",104,"P Li",2,"degree"
"105",105,"C Long",1,"degree"
"106",106,"A Almor",1,"degree"
"107",107,"B Love",2,"degree"
"108",108,"M Lyons",5,"degree"
"109",109,"A Plante",5,"degree"
"110",110,"M Kamachi",5,"degree"
"111",111,"S Akamatsu",5,"degree"
"112",112,"R Campbell",5,"degree"
"113",113,"M Coleman",5,"degree"
"114",114,"S MacAndrew",1,"degree"
"115",115,"T Harley",1,"degree"
"116",116,"S Marcovitch",1,"degree"
"117",117,"P Zelazo",1,"degree"
"118",118,"I McLaren",4,"degree"
"119",119,"M Suret",2,"degree"
"120",120,"F Meunier",1,"degree"
"121",121,"J Milostan",2,"degree"
"122",122,"V Ferreira",2,"degree"
"123",123,"D Noelle",1,"degree"
"124",124,"S Ohlsson",3,"degree"
"125",125,"T Moher",2,"degree"
"126",126,"A Johnson",2,"degree"
"127",127,"J Anderson",3,"degree"
"128",128,"M Pomplun",3,"degree"
"129",129,"E Reingold",3,"degree"
"130",130,"J Shen",3,"degree"
"131",131,"D Williams",3,"degree"
"132",132,"D Yarlett",1,"degree"
"133",133,"A Reid",1,"degree"
"134",134,"A Renkl",2,"degree"
"135",135,"R Atkinson",3,"degree"
"136",136,"U Maier",2,"degree"
"137",137,"P Resnik",1,"degree"
"138",138,"M Diab",1,"degree"
"139",139,"J Saffran",2,"degree"
"140",140,"L Samuelson",2,"degree"
"141",141,"H Schauer",1,"degree"
"142",142,"U Hahn",1,"degree"
"143",143,"C Scheepers",1,"degree"
"144",144,"M Corely",1,"degree"
"145",145,"E Heise",2,"degree"
"146",146,"M Schober",2,"degree"
"147",147,"F Conrad",2,"degree"
"148",148,"J Bloom",2,"degree"
"149",149,"L Shastri",1,"degree"
"150",150,"C Wendelken",1,"degree"
"151",151,"T Shultz",2,"degree"
"152",152,"A Bale",1,"degree"
"153",153,"M Lepper",1,"degree"
"154",154,"V Sloutsky",4,"degree"
"155",155,"Y Lo",1,"degree"
"156",156,"A Yarlas",1,"degree"
"157",157,"J Snedeker",4,"degree"
"158",158,"L Gleitman",4,"degree"
"159",159,"M Felberbaum",4,"degree"
"160",160,"N Placa",4,"degree"
"161",161,"M Spivey",3,"degree"
"162",162,"M Tyler",3,"degree"
"163",163,"D Richardson",3,"degree"
"164",164,"E Young",3,"degree"
"165",165,"K Stenning",1,"degree"
"166",166,"M Sommerfeld",3,"degree"
"167",167,"D Subramanian",2,"degree"
"168",168,"W Tabor",2,"degree"
"169",169,"B Galantucci",1,"degree"
"170",170,"S Hutchins",1,"degree"
"171",171,"F Xu",1,"degree"
"172",172,"K Straub",3,"degree"
"173",173,"W Badecker",3,"degree"
"174",174,"R Frank",3,"degree"
"175",175,"I Umata",2,"degree"
"176",176,"A Shimojima",2,"degree"
"177",177,"Y Katagiri",2,"degree"
"178",178,"I Rooij",2,"degree"
"179",179,"R Bongers",2,"degree"
"180",180,"W Haselager",2,"degree"
"181",181,"R Vollmeyer",2,"degree"
"182",182,"B Burns",4,"degree"
"183",183,"F Rheinberg",2,"degree"
"184",184,"H Wang",2,"degree"
"185",185,"J Zhang",7,"degree"
"186",186,"T Johnson",3,"degree"
"187",187,"R West",1,"degree"
"188",188,"G Nagy",1,"degree"
"189",189,"M Wieth",1,"degree"
"190",190,"T Yamauchi",1,"degree"
"191",191,"A Markman",2,"degree"
"192",192,"W Zuidema",1,"degree"
"193",193,"P Hogeweg",1,"degree"
"194",194,"R Catrambone",1,"degree"
"195",195,"T Baldwin",1,"degree"
"196",196,"H Tanaka",1,"degree"
"197",197,"S Bay",1,"degree"
"198",198,"M Pazzani",1,"degree"
"199",199,"H Bensusan",1,"degree"
"200",200,"C Giraud-Carrier",1,"degree"
"201",201,"D Billman",2,"degree"
"202",202,"A Swilley",2,"degree"
"203",203,"M Krych",2,"degree"
"204",204,"S Blok",1,"degree"
"205",205,"D Gentner",3,"degree"
"206",206,"R Vollemeyer",1,"degree"
"207",207,"J Chuah",2,"degree"
"208",208,"P Drake",2,"degree"
"209",209,"K Mix",2,"degree"
"210",210,"M Clearfield",2,"degree"
"211",211,"M Ellefson",1,"degree"
"212",212,"S Fox",2,"degree"
"213",213,"J Greeno",2,"degree"
"214",214,"M Wiebe",2,"degree"
"215",215,"R Hall",2,"degree"
"216",216,"J Hicks",2,"degree"
"217",217,"J Oberlander",2,"degree"
"218",218,"R Shillcock",2,"degree"
"219",219,"D Janetzko",2,"degree"
"220",220,"A Janyan",1,"degree"
"221",221,"E Andonova",1,"degree"
"222",222,"H Jeong",2,"degree"
"223",223,"M Chi",2,"degree"
"224",224,"R Taylor",2,"degree"
"225",225,"K Jimura",4,"degree"
"226",226,"H Komazaki",4,"degree"
"227",227,"T Matsuoka",4,"degree"
"228",228,"M Nakagawa",4,"degree"
"229",229,"T Kusumi",4,"degree"
"230",230,"G Jones",3,"degree"
"231",231,"F Gobert",4,"degree"
"232",232,"J Pine",2,"degree"
"233",233,"M Martin",1,"degree"
"234",234,"J Kalmanson",1,"degree"
"235",235,"D Kaufman",7,"degree"
"236",236,"M Ranney",4,"degree"
"237",237,"E Lewis",4,"degree"
"238",238,"A Thanukos",4,"degree"
"239",239,"S Brem",4,"degree"
"240",240,"F Keller",2,"degree"
"241",241,"S Kirschenbaum",1,"degree"
"242",242,"M Knauff",5,"degree"
"243",243,"P Johnson-Laird",3,"degree"
"244",244,"G Knoblich",1,"degree"
"245",245,"J Jordan",1,"degree"
"246",246,"S Kuehne",2,"degree"
"247",247,"K Forbus",2,"degree"
"248",248,"P Lane",2,"degree"
"249",249,"P Cheng",2,"degree"
"250",250,"M Pelley",2,"degree"
"251",251,"D Cutler",2,"degree"
"252",252,"J Lewis",1,"degree"
"253",253,"G Luger",1,"degree"
"254",254,"J Liu",6,"degree"
"255",255,"R Golinkoff",6,"degree"
"256",256,"K Piper",6,"degree"
"257",257,"H Chung",6,"degree"
"258",258,"K Hirsh-Pasek",6,"degree"
"259",259,"C Ramey",6,"degree"
"260",260,"B Bertenthal",6,"degree"
"261",261,"W Lowe",1,"degree"
"262",262,"S McDonald",1,"degree"
"263",263,"D Ludden",1,"degree"
"264",264,"P Gupta",1,"degree"
"265",265,"P Maglio",1,"degree"
"266",266,"M Wenger",1,"degree"
"267",267,"B Morris",2,"degree"
"268",268,"T Nokes",1,"degree"
"269",269,"T Okada",1,"degree"
"270",270,"T Shimokido",1,"degree"
"271",271,"M Persson",1,"degree"
"272",272,"M Peterson",1,"degree"
"273",273,"R Ploetzner",1,"degree"
"274",274,"S Beller",1,"degree"
"275",275,"A Raftopoulos",1,"degree"
"276",276,"C Constantinou",1,"degree"
"277",277,"R Rauh",4,"degree"
"278",278,"C Hagen",4,"degree"
"279",279,"C Schlieder",4,"degree"
"280",280,"G Strube",4,"degree"
"281",281,"W Schoppek",2,"degree"
"282",282,"C Schunn",5,"degree"
"283",283,"T Ngo",1,"degree"
"284",284,"C O'Malley",1,"degree"
"285",285,"S Scott",2,"degree"
"286",286,"R Sidman",2,"degree"
"287",287,"L Ke",2,"degree"
"288",288,"M Ford",2,"degree"
"289",289,"J Sougné",2,"degree"
"290",290,"J Spencer",3,"degree"
"291",291,"G Schoner",1,"degree"
"292",292,"A Stewart",1,"degree"
"293",293,"R Taraban",1,"degree"
"294",294,"M Hayes",1,"degree"
"295",295,"J Thibaut",2,"degree"
"296",296,"B Timmermans",1,"degree"
"297",297,"A Cleeremans",1,"degree"
"298",298,"E Toth",2,"degree"
"299",299,"S Trickett",3,"degree"
"300",300,"J Trafton",3,"degree"
"301",301,"I Visser",2,"degree"
"302",302,"M Raijkmakers",2,"degree"
"303",303,"P Molenaar",2,"degree"
"304",304,"G Westermann",2,"degree"
"305",305,"P Wiemer-Hastings",2,"degree"
"306",306,"A Wills",2,"degree"
"307",307,"Y Yang",2,"degree"
"308",308,"J Henst",2,"degree"
"309",309,"J Andrews",1,"degree"
"310",310,"K Livingston",1,"degree"
"311",311,"A Bowles",1,"degree"
"312",312,"A Healy",1,"degree"
"313",313,"R Carlson",1,"degree"
"314",314,"L Stevenson",1,"degree"
"315",315,"L Cohen",4,"degree"
"316",316,"T Shipley",4,"degree"
"317",317,"E Marshark",4,"degree"
"318",318,"K That",4,"degree"
"319",319,"D Aster",4,"degree"
"320",320,"D Collister",1,"degree"
"321",321,"B Tversky",1,"degree"
"322",322,"A Cooke",5,"degree"
"323",323,"C DeVita",5,"degree"
"324",324,"D Alsop",5,"degree"
"325",325,"J Gee",5,"degree"
"326",326,"M Grossman",5,"degree"
"327",327,"L Davidson",2,"degree"
"328",328,"S Bode",2,"degree"
"329",329,"S Curtiss",2,"degree"
"330",330,"G Mathern",2,"degree"
"331",331,"Z Estes",2,"degree"
"332",332,"R Falk",4,"degree"
"333",333,"A Hollingworth",5,"degree"
"334",334,"J Henderson",5,"degree"
"335",335,"S Mahadevan",4,"degree"
"336",336,"F Dyer",4,"degree"
"337",337,"R Gabriel",1,"degree"
"338",338,"K Plunkett",1,"degree"
"339",339,"G Gunzelmann",1,"degree"
"340",340,"S Blessing",1,"degree"
"341",341,"G Hollich",2,"degree"
"342",342,"P Jusczyk",7,"degree"
"343",343,"P Luce",2,"degree"
"344",344,"S Howell",1,"degree"
"345",345,"S Becker",2,"degree"
"346",346,"A Hund",1,"degree"
"347",347,"G Iyer",3,"degree"
"348",348,"C Saccuman",3,"degree"
"349",349,"E Bates",3,"degree"
"350",350,"B Wulfeck",3,"degree"
"351",351,"E Johnson",3,"degree"
"352",352,"A Cutler",3,"degree"
"353",353,"D Norris",3,"degree"
"354",354,"N Kacinik",2,"degree"
"355",355,"C Shears",2,"degree"
"356",356,"C Chiarello",2,"degree"
"357",357,"P Kanerva",2,"degree"
"358",358,"J Kristoferson",2,"degree"
"359",359,"A Holst",2,"degree"
"360",360,"L Knightly",2,"degree"
"361",361,"Y Kobayashi",2,"degree"
"362",362,"J Kruschke",2,"degree"
"363",363,"M Johnansen",2,"degree"
"364",364,"N Blair",2,"degree"
"365",365,"R Lea",3,"degree"
"366",366,"P Kayser",3,"degree"
"367",367,"E Mulligan",3,"degree"
"368",368,"J Myers",3,"degree"
"369",369,"J Lim",1,"degree"
"370",370,"M Matessa",1,"degree"
"371",371,"K Mauth",2,"degree"
"372",372,"T Mintz",2,"degree"
"373",373,"R Morrison",2,"degree"
"374",374,"K Holyoak",2,"degree"
"375",375,"B Spellman",2,"degree"
"376",376,"A Nadig",1,"degree"
"377",377,"J Sedivy",1,"degree"
"378",378,"M Nigam",1,"degree"
"379",379,"D Klahr",1,"degree"
"380",380,"M Okubo",2,"degree"
"381",381,"D Paxman",2,"degree"
"382",382,"D Salvucci",1,"degree"
"383",383,"A Sashima",1,"degree"
"384",384,"K Hiraki",1,"degree"
"385",385,"M Schoelles",1,"degree"
"386",386,"L Schooler",2,"degree"
"387",387,"J Silva",2,"degree"
"388",388,"R Rhine",2,"degree"
"389",389,"K Schuh",2,"degree"
"390",390,"A Schutte",1,"degree"
"391",391,"M Soderstrom",2,"degree"
"392",392,"K Wexler",2,"degree"
"393",393,"J Spencer-Smith",2,"degree"
"394",394,"H Taelman",1,"degree"
"395",395,"S Gillis",1,"degree"
"396",396,"A Tanaka",1,"degree"
"397",397,"Y Takano",1,"degree"
"398",398,"L Tomitch",2,"degree"
"399",399,"M Just",2,"degree"
"400",400,"P Carpenter",2,"degree"
"401",401,"D Trumpower",2,"degree"
"402",402,"T Tsuchiya",2,"degree"
"403",403,"D Vickers",1,"degree"
"404",404,"A Preiss",1,"degree"
"405",405,"L Wagner",2,"degree"
"406",406,"W Wattenmaker",3,"degree"
"407",407,"K Filak",2,"degree"
"408",408,"J Mendoza",3,"degree"
"409",409,"V Nieves",2,"degree"
"410",410,"M Weiland",1,"degree"
"411",411,"J Eilbert",1,"degree"
"412",412,"C Williams",2,"degree"
"413",413,"M C.W.",2,"degree"
"414",414,"H Yoshida",1,"degree"
"415",415,"S Vosniadon",3,"degree"
"416",416,"A diSessa",3,"degree"
"417",417,"P Thagard",3,"degree"
"418",418,"M Mozer",1,"degree"
"419",419,"N Newton",1,"degree"
"420",420,"J Schmahmann",1,"degree"
"421",421,"V Patel",4,"degree"
"422",422,"E Shortliffe",4,"degree"
"423",423,"M Freed",4,"degree"
"424",424,"R Remington",4,"degree"
"425",1,"J Rodd",0.00238092557778253,"close"
"426",2,"G Gaskell",0.00238092557778253,"close"
"427",3,"W Marslen-Wilson",0.00238095238095238,"close"
"428",4,"A Roelofs",0.00235849056603774,"close"
"429",5,"W Ahn",0.00236406619385343,"close"
"430",6,"M Dennis",0.00236406619385343,"close"
"431",7,"P Albacete",0.00236406619385343,"close"
"432",8,"K VanLehn",0.00236406619385343,"close"
"433",9,"E Altmann",0.00236406619385343,"close"
"434",10,"C Beaman",0.00235849056603774,"close"
"435",11,"L Boroditsky",0.00236406619385343,"close"
"436",12,"L Schmidt",0.00236406619385343,"close"
"437",13,"S Boudelaa",0.00236406619385343,"close"
"438",14,"M Gaskell",0.00236406619385343,"close"
"439",15,"R Branstrom",0.00235849056603774,"close"
"440",16,"B Bridgeman",0.00235849056603774,"close"
"441",17,"A Brook",0.00235849056603774,"close"
"442",18,"M Byme",0.00235849056603774,"close"
"443",19,"D Casasanto",0.00240956992309883,"close"
"444",20,"W Killgore",0.00240956992309883,"close"
"445",21,"G Glosser",0.00240956992309883,"close"
"446",22,"J Maldjian",0.00240956992309883,"close"
"447",23,"J Detre",0.00240963855421687,"close"
"448",24,"M Christiansen",0.00237529691211401,"close"
"449",25,"C Conway",0.00237528357404371,"close"
"450",26,"S Curtin",0.00237528357404371,"close"
"451",27,"E Colunga",0.00237528357404371,"close"
"452",28,"L Smith",0.00237528357404371,"close"
"453",29,"F Costello",0.00235849056603774,"close"
"454",30,"M Dailey",0.00238659444820582,"close"
"455",31,"G Cottrell",0.00238663484486874,"close"
"456",32,"R Adolphs",0.00238659444820582,"close"
"457",33,"M Dowman",0.00235849056603774,"close"
"458",34,"M Durbin",0.0023696682464455,"close"
"459",35,"J Earwood",0.0023696682464455,"close"
"460",36,"R Golden",0.0023696682464455,"close"
"461",37,"A Feeney",0.0023696682464455,"close"
"462",38,"J Evans",0.0023696682464455,"close"
"463",39,"S Venn",0.0023696682464455,"close"
"464",40,"R Ferguson",0.00235849056603774,"close"
"465",41,"I Fine",0.00236406619385343,"close"
"466",42,"R Jacobs",0.00236406619385343,"close"
"467",43,"E Forbell",0.00236406619385343,"close"
"468",44,"E Chown",0.00236406619385343,"close"
"469",45,"J Fodor",0.00236406619385343,"close"
"470",46,"V Teller",0.00236406619385343,"close"
"471",47,"R French",0.00237529691211401,"close"
"472",48,"S Bredart",0.00237529691211401,"close"
"473",49,"J Huart",0.00237529691211401,"close"
"474",50,"C Labiouse",0.00237529691211401,"close"
"475",51,"W Fu",0.00240379151228605,"close"
"476",52,"W Gray",0.00240375053274613,"close"
"477",53,"M Gasser",0.00237525689835248,"close"
"478",54,"P Gerjets",0.00237529691211401,"close"
"479",55,"K Scheiter",0.00237529691211401,"close"
"480",56,"W Tack",0.00237528357404371,"close"
"481",57,"R Goldstone",0.00235849056603774,"close"
"482",58,"F Gosselin",0.0023696682464455,"close"
"483",59,"P Schyns",0.00236965497151372,"close"
"484",60,"A Graesser",0.00237529691211401,"close"
"485",61,"A Karnavat",0.00237529691211401,"close"
"486",62,"V Pomeroy",0.00237529691211401,"close"
"487",63,"K Wiemer-Hastings",0.00237529691211401,"close"
"488",64,"G Gredebäck",0.00238659444820582,"close"
"489",65,"A Winman",0.00238662137916248,"close"
"490",66,"P Juslin",0.00238663484486874,"close"
"491",67,"T Griffith",0.0023696682464455,"close"
"492",68,"N Nersessian",0.0023696682464455,"close"
"493",69,"A Goel",0.0023696682464455,"close"
"494",70,"T Griffiths",0.0023752702361232,"close"
"495",71,"J Tenenbaum",0.00237529691211401,"close"
"496",72,"S Gross",0.00235849056603774,"close"
"497",73,"Y Hagmayer",0.00236406619385343,"close"
"498",74,"M Waldmann",0.00236406619385343,"close"
"499",75,"P Hendriks",0.00235849056603774,"close"
"500",76,"A Heneveld",0.00238093897929202,"close"
"501",77,"A Bundy",0.00238093897929202,"close"
"502",78,"M Ramscar",0.00238095238095238,"close"
"503",79,"J Richardson",0.00238093897929202,"close"
"504",80,"J Hummel",0.00236406619385343,"close"
"505",81,"J Choplin",0.00236406619385343,"close"
"506",82,"A Jansen",0.00236406619385343,"close"
"507",83,"K Marriot",0.00236406619385343,"close"
"508",84,"S Jones",0.00238660791360818,"close"
"509",85,"H Olsson",0.00238660791360818,"close"
"510",86,"P Jordan",0.00235849056603774,"close"
"511",87,"E Kako",0.00238658098295541,"close"
"512",88,"J Trueswell",0.00238663484486874,"close"
"513",89,"J Kim",0.00237529691211401,"close"
"514",90,"M Glass",0.00237529691211401,"close"
"515",91,"R Freedman",0.00237529691211401,"close"
"516",92,"M Evens",0.00237529691211401,"close"
"517",93,"A Kinyon",0.00235849056603774,"close"
"518",94,"B Kokinov",0.00238088537415923,"close"
"519",95,"A Petrov",0.00238092557778253,"close"
"520",96,"R Kovordányi",0.00235849056603774,"close"
"521",97,"G Legendre",0.00239230390742972,"close"
"522",98,"P Hagstrom",0.00239230390742972,"close"
"523",99,"M Todorova",0.00239234449760766,"close"
"524",100,"A Vainikka",0.00239230390742972,"close"
"525",101,"S Levy",0.0023696682464455,"close"
"526",102,"O Melnik",0.0023696682464455,"close"
"527",103,"J Pollack",0.0023696682464455,"close"
"528",104,"P Li",0.00235849056603774,"close"
"529",105,"C Long",0.00236406619385343,"close"
"530",106,"A Almor",0.00236406619385343,"close"
"531",107,"B Love",0.00235849056603774,"close"
"532",108,"M Lyons",0.00238663484486874,"close"
"533",109,"A Plante",0.00238663484486874,"close"
"534",110,"M Kamachi",0.00238663484486874,"close"
"535",111,"S Akamatsu",0.00238663484486874,"close"
"536",112,"R Campbell",0.00238663484486874,"close"
"537",113,"M Coleman",0.00238663484486874,"close"
"538",114,"S MacAndrew",0.00236406619385343,"close"
"539",115,"T Harley",0.00236406619385343,"close"
"540",116,"S Marcovitch",0.00236406619385343,"close"
"541",117,"P Zelazo",0.00236406619385343,"close"
"542",118,"I McLaren",0.00238095238095238,"close"
"543",119,"M Suret",0.00238092557778253,"close"
"544",120,"F Meunier",0.0023809121764239,"close"
"545",121,"J Milostan",0.00238659444820582,"close"
"546",122,"V Ferreira",0.00238659444820582,"close"
"547",123,"D Noelle",0.00238658098295541,"close"
"548",124,"S Ohlsson",0.00237529691211401,"close"
"549",125,"T Moher",0.00237528357404371,"close"
"550",126,"A Johnson",0.00237528357404371,"close"
"551",127,"J Anderson",0.00238093897929202,"close"
"552",128,"M Pomplun",0.00237529691211401,"close"
"553",129,"E Reingold",0.00237529691211401,"close"
"554",130,"J Shen",0.00237529691211401,"close"
"555",131,"D Williams",0.00237529691211401,"close"
"556",132,"D Yarlett",0.0023809121764239,"close"
"557",133,"A Reid",0.0023809121764239,"close"
"558",134,"A Renkl",0.00237528357404371,"close"
"559",135,"R Atkinson",0.00237529691211401,"close"
"560",136,"U Maier",0.00237528357404371,"close"
"561",137,"P Resnik",0.00236406619385343,"close"
"562",138,"M Diab",0.00236406619385343,"close"
"563",139,"J Saffran",0.00235849056603774,"close"
"564",140,"L Samuelson",0.00235849056603774,"close"
"565",141,"H Schauer",0.00236406619385343,"close"
"566",142,"U Hahn",0.00236406619385343,"close"
"567",143,"C Scheepers",0.00236406619385343,"close"
"568",144,"M Corely",0.00236406619385343,"close"
"569",145,"E Heise",0.00237528357404371,"close"
"570",146,"M Schober",0.0023696682464455,"close"
"571",147,"F Conrad",0.0023696682464455,"close"
"572",148,"J Bloom",0.0023696682464455,"close"
"573",149,"L Shastri",0.00236406619385343,"close"
"574",150,"C Wendelken",0.00236406619385343,"close"
"575",151,"T Shultz",0.0023696682464455,"close"
"576",152,"A Bale",0.00236965497151372,"close"
"577",153,"M Lepper",0.00236965497151372,"close"
"578",154,"V Sloutsky",0.0023696682464455,"close"
"579",155,"Y Lo",0.00236965497151372,"close"
"580",156,"A Yarlas",0.00236965497151372,"close"
"581",157,"J Snedeker",0.00238662137916248,"close"
"582",158,"L Gleitman",0.00238662137916248,"close"
"583",159,"M Felberbaum",0.00238662137916248,"close"
"584",160,"N Placa",0.00238662137916248,"close"
"585",161,"M Spivey",0.00237529691211401,"close"
"586",162,"M Tyler",0.00237529691211401,"close"
"587",163,"D Richardson",0.00237529691211401,"close"
"588",164,"E Young",0.00237529691211401,"close"
"589",165,"K Stenning",0.0023752702361232,"close"
"590",166,"M Sommerfeld",0.00237529691211401,"close"
"591",167,"D Subramanian",0.00235849056603774,"close"
"592",168,"W Tabor",0.0023696682464455,"close"
"593",169,"B Galantucci",0.00236965497151372,"close"
"594",170,"S Hutchins",0.00236965497151372,"close"
"595",171,"F Xu",0.0023752702361232,"close"
"596",172,"K Straub",0.00239230390742972,"close"
"597",173,"W Badecker",0.00239230390742972,"close"
"598",174,"R Frank",0.00239230390742972,"close"
"599",175,"I Umata",0.0023696682464455,"close"
"600",176,"A Shimojima",0.0023696682464455,"close"
"601",177,"Y Katagiri",0.0023696682464455,"close"
"602",178,"I Rooij",0.0023696682464455,"close"
"603",179,"R Bongers",0.0023696682464455,"close"
"604",180,"W Haselager",0.0023696682464455,"close"
"605",181,"R Vollmeyer",0.00238092557778253,"close"
"606",182,"B Burns",0.00238095238095238,"close"
"607",183,"F Rheinberg",0.00238092557778253,"close"
"608",184,"H Wang",0.00239801356039819,"close"
"609",185,"J Zhang",0.00239808153477218,"close"
"610",186,"T Johnson",0.00239802715496471,"close"
"611",187,"R West",0.00236406619385343,"close"
"612",188,"G Nagy",0.00236406619385343,"close"
"613",189,"M Wieth",0.0023809121764239,"close"
"614",190,"T Yamauchi",0.00236965497151372,"close"
"615",191,"A Markman",0.0023696682464455,"close"
"616",192,"W Zuidema",0.00236406619385343,"close"
"617",193,"P Hogeweg",0.00236406619385343,"close"
"618",194,"R Catrambone",0.0023752702361232,"close"
"619",195,"T Baldwin",0.00236406619385343,"close"
"620",196,"H Tanaka",0.00236406619385343,"close"
"621",197,"S Bay",0.00236406619385343,"close"
"622",198,"M Pazzani",0.00236406619385343,"close"
"623",199,"H Bensusan",0.00236406619385343,"close"
"624",200,"C Giraud-Carrier",0.00236406619385343,"close"
"625",201,"D Billman",0.0023696682464455,"close"
"626",202,"A Swilley",0.0023696682464455,"close"
"627",203,"M Krych",0.0023696682464455,"close"
"628",204,"S Blok",0.0023752702361232,"close"
"629",205,"D Gentner",0.00237529691211401,"close"
"630",206,"R Vollemeyer",0.0023809121764239,"close"
"631",207,"J Chuah",0.00239801356039819,"close"
"632",208,"P Drake",0.0023696682464455,"close"
"633",209,"K Mix",0.0023696682464455,"close"
"634",210,"M Clearfield",0.0023696682464455,"close"
"635",211,"M Ellefson",0.0023752702361232,"close"
"636",212,"S Fox",0.00235849056603774,"close"
"637",213,"J Greeno",0.00237528357404371,"close"
"638",214,"M Wiebe",0.00237528357404371,"close"
"639",215,"R Hall",0.00235849056603774,"close"
"640",216,"J Hicks",0.0023696682464455,"close"
"641",217,"J Oberlander",0.0023696682464455,"close"
"642",218,"R Shillcock",0.0023696682464455,"close"
"643",219,"D Janetzko",0.00235849056603774,"close"
"644",220,"A Janyan",0.00236406619385343,"close"
"645",221,"E Andonova",0.00236406619385343,"close"
"646",222,"H Jeong",0.0023696682464455,"close"
"647",223,"M Chi",0.0023696682464455,"close"
"648",224,"R Taylor",0.0023696682464455,"close"
"649",225,"K Jimura",0.00238095238095238,"close"
"650",226,"H Komazaki",0.00238095238095238,"close"
"651",227,"T Matsuoka",0.00238095238095238,"close"
"652",228,"M Nakagawa",0.00238095238095238,"close"
"653",229,"T Kusumi",0.00238095238095238,"close"
"654",230,"G Jones",0.00238660791360818,"close"
"655",231,"F Gobert",0.00238662137916248,"close"
"656",232,"J Pine",0.00238659444820582,"close"
"657",233,"M Martin",0.00238655405291041,"close"
"658",234,"J Kalmanson",0.00236965497151372,"close"
"659",235,"D Kaufman",0.00239808153477218,"close"
"660",236,"M Ranney",0.00239804074968536,"close"
"661",237,"E Lewis",0.00239804074968536,"close"
"662",238,"A Thanukos",0.00239804074968536,"close"
"663",239,"S Brem",0.00239804074968536,"close"
"664",240,"F Keller",0.00235849056603774,"close"
"665",241,"S Kirschenbaum",0.00240365491925311,"close"
"666",242,"M Knauff",0.00239805434456016,"close"
"667",243,"P Johnson-Laird",0.00239802715496471,"close"
"668",244,"G Knoblich",0.00236406619385343,"close"
"669",245,"J Jordan",0.00236406619385343,"close"
"670",246,"S Kuehne",0.00237528357404371,"close"
"671",247,"K Forbus",0.00237528357404371,"close"
"672",248,"P Lane",0.00238658098295541,"close"
"673",249,"P Cheng",0.00238658098295541,"close"
"674",250,"M Pelley",0.00238092557778253,"close"
"675",251,"D Cutler",0.00238092557778253,"close"
"676",252,"J Lewis",0.00236406619385343,"close"
"677",253,"G Luger",0.00236406619385343,"close"
"678",254,"J Liu",0.00239234449760766,"close"
"679",255,"R Golinkoff",0.00239234449760766,"close"
"680",256,"K Piper",0.00239234449760766,"close"
"681",257,"H Chung",0.00239234449760766,"close"
"682",258,"K Hirsh-Pasek",0.00239234449760766,"close"
"683",259,"C Ramey",0.00239234449760766,"close"
"684",260,"B Bertenthal",0.00239234449760766,"close"
"685",261,"W Lowe",0.00236406619385343,"close"
"686",262,"S McDonald",0.00236406619385343,"close"
"687",263,"D Ludden",0.00236406619385343,"close"
"688",264,"P Gupta",0.00236406619385343,"close"
"689",265,"P Maglio",0.00236406619385343,"close"
"690",266,"M Wenger",0.00236406619385343,"close"
"691",267,"B Morris",0.00235849056603774,"close"
"692",268,"T Nokes",0.0023752702361232,"close"
"693",269,"T Okada",0.00236406619385343,"close"
"694",270,"T Shimokido",0.00236406619385343,"close"
"695",271,"M Persson",0.00238658098295541,"close"
"696",272,"M Peterson",0.00236406619385343,"close"
"697",273,"R Ploetzner",0.00236406619385343,"close"
"698",274,"S Beller",0.00236406619385343,"close"
"699",275,"A Raftopoulos",0.00236406619385343,"close"
"700",276,"C Constantinou",0.00236406619385343,"close"
"701",277,"R Rauh",0.00239801356039819,"close"
"702",278,"C Hagen",0.00239801356039819,"close"
"703",279,"C Schlieder",0.00239801356039819,"close"
"704",280,"G Strube",0.00239801356039819,"close"
"705",281,"W Schoppek",0.00235849056603774,"close"
"706",282,"C Schunn",0.00240377785228416,"close"
"707",283,"T Ngo",0.0024036822366178,"close"
"708",284,"C O'Malley",0.0024036822366178,"close"
"709",285,"S Scott",0.00235849056603774,"close"
"710",286,"R Sidman",0.0023696682464455,"close"
"711",287,"L Ke",0.0023696682464455,"close"
"712",288,"M Ford",0.0023696682464455,"close"
"713",289,"J Sougné",0.00235849056603774,"close"
"714",290,"J Spencer",0.00237529691211401,"close"
"715",291,"G Schoner",0.0023752702361232,"close"
"716",292,"A Stewart",0.00236965497151372,"close"
"717",293,"R Taraban",0.00236406619385343,"close"
"718",294,"M Hayes",0.00236406619385343,"close"
"719",295,"J Thibaut",0.00235849056603774,"close"
"720",296,"B Timmermans",0.00236406619385343,"close"
"721",297,"A Cleeremans",0.00236406619385343,"close"
"722",298,"E Toth",0.00235849056603774,"close"
"723",299,"S Trickett",0.00240375053274613,"close"
"724",300,"J Trafton",0.00240375053274613,"close"
"725",301,"I Visser",0.0023696682464455,"close"
"726",302,"M Raijkmakers",0.0023696682464455,"close"
"727",303,"P Molenaar",0.0023696682464455,"close"
"728",304,"G Westermann",0.00235849056603774,"close"
"729",305,"P Wiemer-Hastings",0.00235849056603774,"close"
"730",306,"A Wills",0.00238092557778253,"close"
"731",307,"Y Yang",0.00239795918367347,"close"
"732",308,"J Henst",0.00239795918367347,"close"
"733",309,"J Andrews",0.00236406619385343,"close"
"734",310,"K Livingston",0.00236406619385343,"close"
"735",311,"A Bowles",0.00236406619385343,"close"
"736",312,"A Healy",0.00236406619385343,"close"
"737",313,"R Carlson",0.00236406619385343,"close"
"738",314,"L Stevenson",0.00236406619385343,"close"
"739",315,"L Cohen",0.00238095238095238,"close"
"740",316,"T Shipley",0.00238095238095238,"close"
"741",317,"E Marshark",0.00238095238095238,"close"
"742",318,"K That",0.00238095238095238,"close"
"743",319,"D Aster",0.00238095238095238,"close"
"744",320,"D Collister",0.00236406619385343,"close"
"745",321,"B Tversky",0.00236406619385343,"close"
"746",322,"A Cooke",0.00240958364900968,"close"
"747",323,"C DeVita",0.00240958364900968,"close"
"748",324,"D Alsop",0.00240958364900968,"close"
"749",325,"J Gee",0.00240958364900968,"close"
"750",326,"M Grossman",0.00240958364900968,"close"
"751",327,"L Davidson",0.00235849056603774,"close"
"752",328,"S Bode",0.0023696682464455,"close"
"753",329,"S Curtiss",0.0023696682464455,"close"
"754",330,"G Mathern",0.0023696682464455,"close"
"755",331,"Z Estes",0.00235849056603774,"close"
"756",332,"R Falk",0.00238662137916248,"close"
"757",333,"A Hollingworth",0.00238663484486874,"close"
"758",334,"J Henderson",0.00238663484486874,"close"
"759",335,"S Mahadevan",0.00238662137916248,"close"
"760",336,"F Dyer",0.00238662137916248,"close"
"761",337,"R Gabriel",0.00236406619385343,"close"
"762",338,"K Plunkett",0.00236406619385343,"close"
"763",339,"G Gunzelmann",0.00236406619385343,"close"
"764",340,"S Blessing",0.00236406619385343,"close"
"765",341,"G Hollich",0.00239801356039819,"close"
"766",342,"P Jusczyk",0.00239808153477218,"close"
"767",343,"P Luce",0.00239801356039819,"close"
"768",344,"S Howell",0.00236965497151372,"close"
"769",345,"S Becker",0.0023696682464455,"close"
"770",346,"A Hund",0.0023752702361232,"close"
"771",347,"G Iyer",0.00237529691211401,"close"
"772",348,"C Saccuman",0.00237529691211401,"close"
"773",349,"E Bates",0.00237529691211401,"close"
"774",350,"B Wulfeck",0.00237529691211401,"close"
"775",351,"E Johnson",0.00239802715496471,"close"
"776",352,"A Cutler",0.00239802715496471,"close"
"777",353,"D Norris",0.00239802715496471,"close"
"778",354,"N Kacinik",0.0023696682464455,"close"
"779",355,"C Shears",0.0023696682464455,"close"
"780",356,"C Chiarello",0.0023696682464455,"close"
"781",357,"P Kanerva",0.0023696682464455,"close"
"782",358,"J Kristoferson",0.0023696682464455,"close"
"783",359,"A Holst",0.0023696682464455,"close"
"784",360,"L Knightly",0.00235849056603774,"close"
"785",361,"Y Kobayashi",0.00235849056603774,"close"
"786",362,"J Kruschke",0.0023696682464455,"close"
"787",363,"M Johnansen",0.0023696682464455,"close"
"788",364,"N Blair",0.0023696682464455,"close"
"789",365,"R Lea",0.00237529691211401,"close"
"790",366,"P Kayser",0.00237529691211401,"close"
"791",367,"E Mulligan",0.00237529691211401,"close"
"792",368,"J Myers",0.00237529691211401,"close"
"793",369,"J Lim",0.00236965497151372,"close"
"794",370,"M Matessa",0.00238089877521614,"close"
"795",371,"K Mauth",0.00235849056603774,"close"
"796",372,"T Mintz",0.00235849056603774,"close"
"797",373,"R Morrison",0.0023696682464455,"close"
"798",374,"K Holyoak",0.0023696682464455,"close"
"799",375,"B Spellman",0.0023696682464455,"close"
"800",376,"A Nadig",0.00236406619385343,"close"
"801",377,"J Sedivy",0.00236406619385343,"close"
"802",378,"M Nigam",0.00236406619385343,"close"
"803",379,"D Klahr",0.00236406619385343,"close"
"804",380,"M Okubo",0.00235849056603774,"close"
"805",381,"D Paxman",0.00235849056603774,"close"
"806",382,"D Salvucci",0.00238089877521614,"close"
"807",383,"A Sashima",0.00236406619385343,"close"
"808",384,"K Hiraki",0.00236406619385343,"close"
"809",385,"M Schoelles",0.00240365491925311,"close"
"810",386,"L Schooler",0.0023696682464455,"close"
"811",387,"J Silva",0.0023696682464455,"close"
"812",388,"R Rhine",0.0023696682464455,"close"
"813",389,"K Schuh",0.00235849056603774,"close"
"814",390,"A Schutte",0.0023752702361232,"close"
"815",391,"M Soderstrom",0.00239801356039819,"close"
"816",392,"K Wexler",0.00239801356039819,"close"
"817",393,"J Spencer-Smith",0.00235849056603774,"close"
"818",394,"H Taelman",0.00236406619385343,"close"
"819",395,"S Gillis",0.00236406619385343,"close"
"820",396,"A Tanaka",0.00236406619385343,"close"
"821",397,"Y Takano",0.00236406619385343,"close"
"822",398,"L Tomitch",0.0023696682464455,"close"
"823",399,"M Just",0.0023696682464455,"close"
"824",400,"P Carpenter",0.0023696682464455,"close"
"825",401,"D Trumpower",0.00235849056603774,"close"
"826",402,"T Tsuchiya",0.00235849056603774,"close"
"827",403,"D Vickers",0.00236406619385343,"close"
"828",404,"A Preiss",0.00236406619385343,"close"
"829",405,"L Wagner",0.00235849056603774,"close"
"830",406,"W Wattenmaker",0.00237529691211401,"close"
"831",407,"K Filak",0.00237528357404371,"close"
"832",408,"J Mendoza",0.00237529691211401,"close"
"833",409,"V Nieves",0.00237528357404371,"close"
"834",410,"M Weiland",0.00236406619385343,"close"
"835",411,"J Eilbert",0.00236406619385343,"close"
"836",412,"C Williams",0.00238659444820582,"close"
"837",413,"M C.W.",0.00235849056603774,"close"
"838",414,"H Yoshida",0.00237525689835248,"close"
"839",415,"S Vosniadon",0.00239802715496471,"close"
"840",416,"A diSessa",0.00239802715496471,"close"
"841",417,"P Thagard",0.00239802715496471,"close"
"842",418,"M Mozer",0.0023752702361232,"close"
"843",419,"N Newton",0.00236406619385343,"close"
"844",420,"J Schmahmann",0.00236406619385343,"close"
"845",421,"V Patel",0.00239804074968536,"close"
"846",422,"E Shortliffe",0.00239804074968536,"close"
"847",423,"M Freed",0.00239804074968536,"close"
"848",424,"R Remington",0.00239804074968536,"close"
"849",1,"J Rodd",0,"between"
"850",2,"G Gaskell",0,"between"
"851",3,"W Marslen-Wilson",5,"between"
"852",4,"A Roelofs",0,"between"
"853",5,"W Ahn",0,"between"
"854",6,"M Dennis",0,"between"
"855",7,"P Albacete",0,"between"
"856",8,"K VanLehn",0,"between"
"857",9,"E Altmann",0,"between"
"858",10,"C Beaman",0,"between"
"859",11,"L Boroditsky",0,"between"
"860",12,"L Schmidt",0,"between"
"861",13,"S Boudelaa",0,"between"
"862",14,"M Gaskell",0,"between"
"863",15,"R Branstrom",0,"between"
"864",16,"B Bridgeman",0,"between"
"865",17,"A Brook",0,"between"
"866",18,"M Byme",0,"between"
"867",19,"D Casasanto",0,"between"
"868",20,"W Killgore",0,"between"
"869",21,"G Glosser",0,"between"
"870",22,"J Maldjian",0,"between"
"871",23,"J Detre",20,"between"
"872",24,"M Christiansen",2,"between"
"873",25,"C Conway",0,"between"
"874",26,"S Curtin",0,"between"
"875",27,"E Colunga",2,"between"
"876",28,"L Smith",2,"between"
"877",29,"F Costello",0,"between"
"878",30,"M Dailey",0,"between"
"879",31,"G Cottrell",8,"between"
"880",32,"R Adolphs",0,"between"
"881",33,"M Dowman",0,"between"
"882",34,"M Durbin",0,"between"
"883",35,"J Earwood",0,"between"
"884",36,"R Golden",0,"between"
"885",37,"A Feeney",0,"between"
"886",38,"J Evans",0,"between"
"887",39,"S Venn",0,"between"
"888",40,"R Ferguson",0,"between"
"889",41,"I Fine",0,"between"
"890",42,"R Jacobs",0,"between"
"891",43,"E Forbell",0,"between"
"892",44,"E Chown",0,"between"
"893",45,"J Fodor",0,"between"
"894",46,"V Teller",0,"between"
"895",47,"R French",0,"between"
"896",48,"S Bredart",0,"between"
"897",49,"J Huart",0,"between"
"898",50,"C Labiouse",0,"between"
"899",51,"W Fu",15,"between"
"900",52,"W Gray",13,"between"
"901",53,"M Gasser",0,"between"
"902",54,"P Gerjets",0.5,"between"
"903",55,"K Scheiter",0.5,"between"
"904",56,"W Tack",0,"between"
"905",57,"R Goldstone",0,"between"
"906",58,"F Gosselin",1,"between"
"907",59,"P Schyns",0,"between"
"908",60,"A Graesser",0,"between"
"909",61,"A Karnavat",0,"between"
"910",62,"V Pomeroy",0,"between"
"911",63,"K Wiemer-Hastings",0,"between"
"912",64,"G Gredebäck",0,"between"
"913",65,"A Winman",1,"between"
"914",66,"P Juslin",5,"between"
"915",67,"T Griffith",0,"between"
"916",68,"N Nersessian",0,"between"
"917",69,"A Goel",0,"between"
"918",70,"T Griffiths",0,"between"
"919",71,"J Tenenbaum",3,"between"
"920",72,"S Gross",0,"between"
"921",73,"Y Hagmayer",0,"between"
"922",74,"M Waldmann",0,"between"
"923",75,"P Hendriks",0,"between"
"924",76,"A Heneveld",0,"between"
"925",77,"A Bundy",0,"between"
"926",78,"M Ramscar",3,"between"
"927",79,"J Richardson",0,"between"
"928",80,"J Hummel",0,"between"
"929",81,"J Choplin",0,"between"
"930",82,"A Jansen",0,"between"
"931",83,"K Marriot",0,"between"
"932",84,"S Jones",0,"between"
"933",85,"H Olsson",0,"between"
"934",86,"P Jordan",0,"between"
"935",87,"E Kako",0,"between"
"936",88,"J Trueswell",4,"between"
"937",89,"J Kim",0,"between"
"938",90,"M Glass",0,"between"
"939",91,"R Freedman",0,"between"
"940",92,"M Evens",0,"between"
"941",93,"A Kinyon",0,"between"
"942",94,"B Kokinov",0,"between"
"943",95,"A Petrov",3,"between"
"944",96,"R Kovordányi",0,"between"
"945",97,"G Legendre",0,"between"
"946",98,"P Hagstrom",0,"between"
"947",99,"M Todorova",9,"between"
"948",100,"A Vainikka",0,"between"
"949",101,"S Levy",0,"between"
"950",102,"O Melnik",0,"between"
"951",103,"J Pollack",0,"between"
"952",104,"P Li",0,"between"
"953",105,"C Long",0,"between"
"954",106,"A Almor",0,"between"
"955",107,"B Love",0,"between"
"956",108,"M Lyons",0,"between"
"957",109,"A Plante",0,"between"
"958",110,"M Kamachi",0,"between"
"959",111,"S Akamatsu",0,"between"
"960",112,"R Campbell",0,"between"
"961",113,"M Coleman",0,"between"
"962",114,"S MacAndrew",0,"between"
"963",115,"T Harley",0,"between"
"964",116,"S Marcovitch",0,"between"
"965",117,"P Zelazo",0,"between"
"966",118,"I McLaren",4,"between"
"967",119,"M Suret",0,"between"
"968",120,"F Meunier",0,"between"
"969",121,"J Milostan",0,"between"
"970",122,"V Ferreira",0,"between"
"971",123,"D Noelle",0,"between"
"972",124,"S Ohlsson",2,"between"
"973",125,"T Moher",0,"between"
"974",126,"A Johnson",0,"between"
"975",127,"J Anderson",5,"between"
"976",128,"M Pomplun",0,"between"
"977",129,"E Reingold",0,"between"
"978",130,"J Shen",0,"between"
"979",131,"D Williams",0,"between"
"980",132,"D Yarlett",0,"between"
"981",133,"A Reid",0,"between"
"982",134,"A Renkl",0,"between"
"983",135,"R Atkinson",2,"between"
"984",136,"U Maier",0,"between"
"985",137,"P Resnik",0,"between"
"986",138,"M Diab",0,"between"
"987",139,"J Saffran",0,"between"
"988",140,"L Samuelson",0,"between"
"989",141,"H Schauer",0,"between"
"990",142,"U Hahn",0,"between"
"991",143,"C Scheepers",0,"between"
"992",144,"M Corely",0,"between"
"993",145,"E Heise",0,"between"
"994",146,"M Schober",0,"between"
"995",147,"F Conrad",0,"between"
"996",148,"J Bloom",0,"between"
"997",149,"L Shastri",0,"between"
"998",150,"C Wendelken",0,"between"
"999",151,"T Shultz",1,"between"
"1000",152,"A Bale",0,"between"
"1001",153,"M Lepper",0,"between"
"1002",154,"V Sloutsky",1,"between"
"1003",155,"Y Lo",0,"between"
"1004",156,"A Yarlas",0,"between"
"1005",157,"J Snedeker",0,"between"
"1006",158,"L Gleitman",0,"between"
"1007",159,"M Felberbaum",0,"between"
"1008",160,"N Placa",0,"between"
"1009",161,"M Spivey",0,"between"
"1010",162,"M Tyler",0,"between"
"1011",163,"D Richardson",0,"between"
"1012",164,"E Young",0,"between"
"1013",165,"K Stenning",0,"between"
"1014",166,"M Sommerfeld",2,"between"
"1015",167,"D Subramanian",0,"between"
"1016",168,"W Tabor",1,"between"
"1017",169,"B Galantucci",0,"between"
"1018",170,"S Hutchins",0,"between"
"1019",171,"F Xu",0,"between"
"1020",172,"K Straub",0,"between"
"1021",173,"W Badecker",0,"between"
"1022",174,"R Frank",0,"between"
"1023",175,"I Umata",0,"between"
"1024",176,"A Shimojima",0,"between"
"1025",177,"Y Katagiri",0,"between"
"1026",178,"I Rooij",0,"between"
"1027",179,"R Bongers",0,"between"
"1028",180,"W Haselager",0,"between"
"1029",181,"R Vollmeyer",0,"between"
"1030",182,"B Burns",5,"between"
"1031",183,"F Rheinberg",0,"between"
"1032",184,"H Wang",0,"between"
"1033",185,"J Zhang",12.5,"between"
"1034",186,"T Johnson",0.5,"between"
"1035",187,"R West",0,"between"
"1036",188,"G Nagy",0,"between"
"1037",189,"M Wieth",0,"between"
"1038",190,"T Yamauchi",0,"between"
"1039",191,"A Markman",1,"between"
"1040",192,"W Zuidema",0,"between"
"1041",193,"P Hogeweg",0,"between"
"1042",194,"R Catrambone",0,"between"
"1043",195,"T Baldwin",0,"between"
"1044",196,"H Tanaka",0,"between"
"1045",197,"S Bay",0,"between"
"1046",198,"M Pazzani",0,"between"
"1047",199,"H Bensusan",0,"between"
"1048",200,"C Giraud-Carrier",0,"between"
"1049",201,"D Billman",0,"between"
"1050",202,"A Swilley",0,"between"
"1051",203,"M Krych",0,"between"
"1052",204,"S Blok",0,"between"
"1053",205,"D Gentner",2,"between"
"1054",206,"R Vollemeyer",0,"between"
"1055",207,"J Chuah",0,"between"
"1056",208,"P Drake",0,"between"
"1057",209,"K Mix",0,"between"
"1058",210,"M Clearfield",0,"between"
"1059",211,"M Ellefson",0,"between"
"1060",212,"S Fox",0,"between"
"1061",213,"J Greeno",0,"between"
"1062",214,"M Wiebe",0,"between"
"1063",215,"R Hall",0,"between"
"1064",216,"J Hicks",0,"between"
"1065",217,"J Oberlander",0,"between"
"1066",218,"R Shillcock",0,"between"
"1067",219,"D Janetzko",0,"between"
"1068",220,"A Janyan",0,"between"
"1069",221,"E Andonova",0,"between"
"1070",222,"H Jeong",0,"between"
"1071",223,"M Chi",0,"between"
"1072",224,"R Taylor",0,"between"
"1073",225,"K Jimura",0,"between"
"1074",226,"H Komazaki",0,"between"
"1075",227,"T Matsuoka",0,"between"
"1076",228,"M Nakagawa",0,"between"
"1077",229,"T Kusumi",0,"between"
"1078",230,"G Jones",4,"between"
"1079",231,"F Gobert",6,"between"
"1080",232,"J Pine",0,"between"
"1081",233,"M Martin",0,"between"
"1082",234,"J Kalmanson",0,"between"
"1083",235,"D Kaufman",12,"between"
"1084",236,"M Ranney",0,"between"
"1085",237,"E Lewis",0,"between"
"1086",238,"A Thanukos",0,"between"
"1087",239,"S Brem",0,"between"
"1088",240,"F Keller",0,"between"
"1089",241,"S Kirschenbaum",0,"between"
"1090",242,"M Knauff",12,"between"
"1091",243,"P Johnson-Laird",10,"between"
"1092",244,"G Knoblich",0,"between"
"1093",245,"J Jordan",0,"between"
"1094",246,"S Kuehne",0,"between"
"1095",247,"K Forbus",0,"between"
"1096",248,"P Lane",0,"between"
"1097",249,"P Cheng",0,"between"
"1098",250,"M Pelley",0,"between"
"1099",251,"D Cutler",0,"between"
"1100",252,"J Lewis",0,"between"
"1101",253,"G Luger",0,"between"
"1102",254,"J Liu",0,"between"
"1103",255,"R Golinkoff",0,"between"
"1104",256,"K Piper",0,"between"
"1105",257,"H Chung",0,"between"
"1106",258,"K Hirsh-Pasek",0,"between"
"1107",259,"C Ramey",0,"between"
"1108",260,"B Bertenthal",0,"between"
"1109",261,"W Lowe",0,"between"
"1110",262,"S McDonald",0,"between"
"1111",263,"D Ludden",0,"between"
"1112",264,"P Gupta",0,"between"
"1113",265,"P Maglio",0,"between"
"1114",266,"M Wenger",0,"between"
"1115",267,"B Morris",0,"between"
"1116",268,"T Nokes",0,"between"
"1117",269,"T Okada",0,"between"
"1118",270,"T Shimokido",0,"between"
"1119",271,"M Persson",0,"between"
"1120",272,"M Peterson",0,"between"
"1121",273,"R Ploetzner",0,"between"
"1122",274,"S Beller",0,"between"
"1123",275,"A Raftopoulos",0,"between"
"1124",276,"C Constantinou",0,"between"
"1125",277,"R Rauh",0,"between"
"1126",278,"C Hagen",0,"between"
"1127",279,"C Schlieder",0,"between"
"1128",280,"G Strube",0,"between"
"1129",281,"W Schoppek",0,"between"
"1130",282,"C Schunn",13,"between"
"1131",283,"T Ngo",0,"between"
"1132",284,"C O'Malley",0,"between"
"1133",285,"S Scott",0,"between"
"1134",286,"R Sidman",0,"between"
"1135",287,"L Ke",0,"between"
"1136",288,"M Ford",0,"between"
"1137",289,"J Sougné",0,"between"
"1138",290,"J Spencer",3,"between"
"1139",291,"G Schoner",0,"between"
"1140",292,"A Stewart",0,"between"
"1141",293,"R Taraban",0,"between"
"1142",294,"M Hayes",0,"between"
"1143",295,"J Thibaut",0,"between"
"1144",296,"B Timmermans",0,"between"
"1145",297,"A Cleeremans",0,"between"
"1146",298,"E Toth",0,"between"
"1147",299,"S Trickett",0,"between"
"1148",300,"J Trafton",0,"between"
"1149",301,"I Visser",0,"between"
"1150",302,"M Raijkmakers",0,"between"
"1151",303,"P Molenaar",0,"between"
"1152",304,"G Westermann",0,"between"
"1153",305,"P Wiemer-Hastings",0,"between"
"1154",306,"A Wills",0,"between"
"1155",307,"Y Yang",0,"between"
"1156",308,"J Henst",0,"between"
"1157",309,"J Andrews",0,"between"
"1158",310,"K Livingston",0,"between"
"1159",311,"A Bowles",0,"between"
"1160",312,"A Healy",0,"between"
"1161",313,"R Carlson",0,"between"
"1162",314,"L Stevenson",0,"between"
"1163",315,"L Cohen",0,"between"
"1164",316,"T Shipley",0,"between"
"1165",317,"E Marshark",0,"between"
"1166",318,"K That",0,"between"
"1167",319,"D Aster",0,"between"
"1168",320,"D Collister",0,"between"
"1169",321,"B Tversky",0,"between"
"1170",322,"A Cooke",0,"between"
"1171",323,"C DeVita",0,"between"
"1172",324,"D Alsop",0,"between"
"1173",325,"J Gee",0,"between"
"1174",326,"M Grossman",0,"between"
"1175",327,"L Davidson",0,"between"
"1176",328,"S Bode",0,"between"
"1177",329,"S Curtiss",0,"between"
"1178",330,"G Mathern",0,"between"
"1179",331,"Z Estes",0,"between"
"1180",332,"R Falk",0,"between"
"1181",333,"A Hollingworth",1.5,"between"
"1182",334,"J Henderson",1.5,"between"
"1183",335,"S Mahadevan",0,"between"
"1184",336,"F Dyer",0,"between"
"1185",337,"R Gabriel",0,"between"
"1186",338,"K Plunkett",0,"between"
"1187",339,"G Gunzelmann",0,"between"
"1188",340,"S Blessing",0,"between"
"1189",341,"G Hollich",0,"between"
"1190",342,"P Jusczyk",16,"between"
"1191",343,"P Luce",0,"between"
"1192",344,"S Howell",0,"between"
"1193",345,"S Becker",1,"between"
"1194",346,"A Hund",0,"between"
"1195",347,"G Iyer",0,"between"
"1196",348,"C Saccuman",0,"between"
"1197",349,"E Bates",0,"between"
"1198",350,"B Wulfeck",0,"between"
"1199",351,"E Johnson",0,"between"
"1200",352,"A Cutler",0,"between"
"1201",353,"D Norris",0,"between"
"1202",354,"N Kacinik",0,"between"
"1203",355,"C Shears",0,"between"
"1204",356,"C Chiarello",0,"between"
"1205",357,"P Kanerva",0,"between"
"1206",358,"J Kristoferson",0,"between"
"1207",359,"A Holst",0,"between"
"1208",360,"L Knightly",0,"between"
"1209",361,"Y Kobayashi",0,"between"
"1210",362,"J Kruschke",0,"between"
"1211",363,"M Johnansen",0,"between"
"1212",364,"N Blair",0,"between"
"1213",365,"R Lea",0,"between"
"1214",366,"P Kayser",0,"between"
"1215",367,"E Mulligan",0,"between"
"1216",368,"J Myers",0,"between"
"1217",369,"J Lim",0,"between"
"1218",370,"M Matessa",0,"between"
"1219",371,"K Mauth",0,"between"
"1220",372,"T Mintz",0,"between"
"1221",373,"R Morrison",0,"between"
"1222",374,"K Holyoak",0,"between"
"1223",375,"B Spellman",0,"between"
"1224",376,"A Nadig",0,"between"
"1225",377,"J Sedivy",0,"between"
"1226",378,"M Nigam",0,"between"
"1227",379,"D Klahr",0,"between"
"1228",380,"M Okubo",0,"between"
"1229",381,"D Paxman",0,"between"
"1230",382,"D Salvucci",0,"between"
"1231",383,"A Sashima",0,"between"
"1232",384,"K Hiraki",0,"between"
"1233",385,"M Schoelles",0,"between"
"1234",386,"L Schooler",0,"between"
"1235",387,"J Silva",0,"between"
"1236",388,"R Rhine",0,"between"
"1237",389,"K Schuh",0,"between"
"1238",390,"A Schutte",0,"between"
"1239",391,"M Soderstrom",0,"between"
"1240",392,"K Wexler",0,"between"
"1241",393,"J Spencer-Smith",0,"between"
"1242",394,"H Taelman",0,"between"
"1243",395,"S Gillis",0,"between"
"1244",396,"A Tanaka",0,"between"
"1245",397,"Y Takano",0,"between"
"1246",398,"L Tomitch",0,"between"
"1247",399,"M Just",0,"between"
"1248",400,"P Carpenter",0,"between"
"1249",401,"D Trumpower",0,"between"
"1250",402,"T Tsuchiya",0,"between"
"1251",403,"D Vickers",0,"between"
"1252",404,"A Preiss",0,"between"
"1253",405,"L Wagner",0,"between"
"1254",406,"W Wattenmaker",0.5,"between"
"1255",407,"K Filak",0,"between"
"1256",408,"J Mendoza",0.5,"between"
"1257",409,"V Nieves",0,"between"
"1258",410,"M Weiland",0,"between"
"1259",411,"J Eilbert",0,"between"
"1260",412,"C Williams",0,"between"
"1261",413,"M C.W.",0,"between"
"1262",414,"H Yoshida",0,"between"
"1263",415,"S Vosniadon",0,"between"
"1264",416,"A diSessa",0,"between"
"1265",417,"P Thagard",0,"between"
"1266",418,"M Mozer",0,"between"
"1267",419,"N Newton",0,"between"
"1268",420,"J Schmahmann",0,"between"
"1269",421,"V Patel",0,"between"
"1270",422,"E Shortliffe",0,"between"
"1271",423,"M Freed",0,"between"
"1272",424,"R Remington",0,"between"
"1273",1,"J Rodd",0,"eigen"
"1274",2,"G Gaskell",0,"eigen"
"1275",3,"W Marslen-Wilson",1.12058269614429e-16,"eigen"
"1276",4,"A Roelofs",1.2054652672463e-17,"eigen"
"1277",5,"W Ahn",2.37197042021019e-17,"eigen"
"1278",6,"M Dennis",1.40940906089578e-17,"eigen"
"1279",7,"P Albacete",2.12835443180765e-17,"eigen"
"1280",8,"K VanLehn",1.83714846835106e-17,"eigen"
"1281",9,"E Altmann",0,"eigen"
"1282",10,"C Beaman",1.2054652672463e-17,"eigen"
"1283",11,"L Boroditsky",1.86563533966505e-17,"eigen"
"1284",12,"L Schmidt",1.89781418348236e-17,"eigen"
"1285",13,"S Boudelaa",2.29125399947717e-17,"eigen"
"1286",14,"M Gaskell",2.50748882886445e-17,"eigen"
"1287",15,"R Branstrom",1.2054652672463e-17,"eigen"
"1288",16,"B Bridgeman",1.2054652672463e-17,"eigen"
"1289",17,"A Brook",1.2054652672463e-17,"eigen"
"1290",18,"M Byme",1.2054652672463e-17,"eigen"
"1291",19,"D Casasanto",0,"eigen"
"1292",20,"W Killgore",0,"eigen"
"1293",21,"G Glosser",0,"eigen"
"1294",22,"J Maldjian",0,"eigen"
"1295",23,"J Detre",0,"eigen"
"1296",24,"M Christiansen",4.74521855629174e-17,"eigen"
"1297",25,"C Conway",0,"eigen"
"1298",26,"S Curtin",0,"eigen"
"1299",27,"E Colunga",0,"eigen"
"1300",28,"L Smith",2.02694555083058e-17,"eigen"
"1301",29,"F Costello",1.2054652672463e-17,"eigen"
"1302",30,"M Dailey",0,"eigen"
"1303",31,"G Cottrell",1.86816269809348e-16,"eigen"
"1304",32,"R Adolphs",0,"eigen"
"1305",33,"M Dowman",1.2054652672463e-17,"eigen"
"1306",34,"M Durbin",0,"eigen"
"1307",35,"J Earwood",0,"eigen"
"1308",36,"R Golden",0,"eigen"
"1309",37,"A Feeney",0,"eigen"
"1310",38,"J Evans",0,"eigen"
"1311",39,"S Venn",0,"eigen"
"1312",40,"R Ferguson",1.2054652672463e-17,"eigen"
"1313",41,"I Fine",1.41158592281932e-17,"eigen"
"1314",42,"R Jacobs",1.33545261371109e-17,"eigen"
"1315",43,"E Forbell",1.90119048019508e-17,"eigen"
"1316",44,"E Chown",1.42913188323057e-17,"eigen"
"1317",45,"J Fodor",1.71447012325267e-17,"eigen"
"1318",46,"V Teller",1.28520800394454e-17,"eigen"
"1319",47,"R French",0,"eigen"
"1320",48,"S Bredart",4.47044240511623e-17,"eigen"
"1321",49,"J Huart",4.71478927066975e-17,"eigen"
"1322",50,"C Labiouse",4.50967631806363e-17,"eigen"
"1323",51,"W Fu",1.12872581515789e-17,"eigen"
"1324",52,"W Gray",3.62054003067138e-17,"eigen"
"1325",53,"M Gasser",0,"eigen"
"1326",54,"P Gerjets",1.53522290385276e-17,"eigen"
"1327",55,"K Scheiter",2.9668298085276e-17,"eigen"
"1328",56,"W Tack",0,"eigen"
"1329",57,"R Goldstone",1.2054652672463e-17,"eigen"
"1330",58,"F Gosselin",6.24155909909106e-17,"eigen"
"1331",59,"P Schyns",0,"eigen"
"1332",60,"A Graesser",1.40532890080867e-17,"eigen"
"1333",61,"A Karnavat",1.36047117551621e-17,"eigen"
"1334",62,"V Pomeroy",9.55245298448465e-18,"eigen"
"1335",63,"K Wiemer-Hastings",9.20553707215743e-18,"eigen"
"1336",64,"G Gredebäck",0,"eigen"
"1337",65,"A Winman",2.35051097375433e-17,"eigen"
"1338",66,"P Juslin",1.25519405225115e-16,"eigen"
"1339",67,"T Griffith",0,"eigen"
"1340",68,"N Nersessian",0,"eigen"
"1341",69,"A Goel",0,"eigen"
"1342",70,"T Griffiths",0,"eigen"
"1343",71,"J Tenenbaum",8.98442344411946e-17,"eigen"
"1344",72,"S Gross",1.2054652672463e-17,"eigen"
"1345",73,"Y Hagmayer",2.05980512241954e-17,"eigen"
"1346",74,"M Waldmann",3.23615985365335e-17,"eigen"
"1347",75,"P Hendriks",1.2054652672463e-17,"eigen"
"1348",76,"A Heneveld",5.01670565362628e-17,"eigen"
"1349",77,"A Bundy",3.99737112434841e-17,"eigen"
"1350",78,"M Ramscar",5.67919501920992e-17,"eigen"
"1351",79,"J Richardson",4.8422298414897e-17,"eigen"
"1352",80,"J Hummel",1.33649590554364e-17,"eigen"
"1353",81,"J Choplin",2.05793554634581e-17,"eigen"
"1354",82,"A Jansen",2.223262664471e-17,"eigen"
"1355",83,"K Marriot",1.60338333654431e-17,"eigen"
"1356",84,"S Jones",0,"eigen"
"1357",85,"H Olsson",0,"eigen"
"1358",86,"P Jordan",1.2054652672463e-17,"eigen"
"1359",87,"E Kako",0,"eigen"
"1360",88,"J Trueswell",4.4101309705333e-17,"eigen"
"1361",89,"J Kim",2.17106936470963e-17,"eigen"
"1362",90,"M Glass",1.89723902530911e-17,"eigen"
"1363",91,"R Freedman",2.01341169910231e-17,"eigen"
"1364",92,"M Evens",1.9648234673148e-17,"eigen"
"1365",93,"A Kinyon",1.2054652672463e-17,"eigen"
"1366",94,"B Kokinov",0,"eigen"
"1367",95,"A Petrov",0,"eigen"
"1368",96,"R Kovordányi",1.2054652672463e-17,"eigen"
"1369",97,"G Legendre",0,"eigen"
"1370",98,"P Hagstrom",0,"eigen"
"1371",99,"M Todorova",1.85902731219267e-16,"eigen"
"1372",100,"A Vainikka",0,"eigen"
"1373",101,"S Levy",0,"eigen"
"1374",102,"O Melnik",0,"eigen"
"1375",103,"J Pollack",0,"eigen"
"1376",104,"P Li",1.2054652672463e-17,"eigen"
"1377",105,"C Long",2.46085098992452e-17,"eigen"
"1378",106,"A Almor",1.05931921859421e-17,"eigen"
"1379",107,"B Love",1.2054652672463e-17,"eigen"
"1380",108,"M Lyons",0,"eigen"
"1381",109,"A Plante",0,"eigen"
"1382",110,"M Kamachi",0,"eigen"
"1383",111,"S Akamatsu",0,"eigen"
"1384",112,"R Campbell",0,"eigen"
"1385",113,"M Coleman",0,"eigen"
"1386",114,"S MacAndrew",1.88246523432132e-17,"eigen"
"1387",115,"T Harley",1.99122320708491e-17,"eigen"
"1388",116,"S Marcovitch",1.97008542084812e-17,"eigen"
"1389",117,"P Zelazo",1.8907693559966e-17,"eigen"
"1390",118,"I McLaren",7.88597759558432e-17,"eigen"
"1391",119,"M Suret",0,"eigen"
"1392",120,"F Meunier",0,"eigen"
"1393",121,"J Milostan",0,"eigen"
"1394",122,"V Ferreira",0,"eigen"
"1395",123,"D Noelle",0,"eigen"
"1396",124,"S Ohlsson",6.71542804318141e-17,"eigen"
"1397",125,"T Moher",0,"eigen"
"1398",126,"A Johnson",0,"eigen"
"1399",127,"J Anderson",6.09173029557438e-17,"eigen"
"1400",128,"M Pomplun",6.8942958818397e-18,"eigen"
"1401",129,"E Reingold",1.72031219551597e-17,"eigen"
"1402",130,"J Shen",1.16632285497652e-17,"eigen"
"1403",131,"D Williams",1.84249620833355e-17,"eigen"
"1404",132,"D Yarlett",1.39906141715377e-18,"eigen"
"1405",133,"A Reid",0,"eigen"
"1406",134,"A Renkl",0,"eigen"
"1407",135,"R Atkinson",5.36313132138244e-17,"eigen"
"1408",136,"U Maier",0,"eigen"
"1409",137,"P Resnik",2.04220227961685e-17,"eigen"
"1410",138,"M Diab",2.39811926153533e-17,"eigen"
"1411",139,"J Saffran",1.2054652672463e-17,"eigen"
"1412",140,"L Samuelson",1.2054652672463e-17,"eigen"
"1413",141,"H Schauer",1.60316613692027e-17,"eigen"
"1414",142,"U Hahn",1.22553877160201e-17,"eigen"
"1415",143,"C Scheepers",1.86194800682203e-17,"eigen"
"1416",144,"M Corely",2.11725421546573e-17,"eigen"
"1417",145,"E Heise",0,"eigen"
"1418",146,"M Schober",0,"eigen"
"1419",147,"F Conrad",0,"eigen"
"1420",148,"J Bloom",0,"eigen"
"1421",149,"L Shastri",1.94316063424889e-17,"eigen"
"1422",150,"C Wendelken",2.29518302066621e-17,"eigen"
"1423",151,"T Shultz",7.28541482472468e-17,"eigen"
"1424",152,"A Bale",0,"eigen"
"1425",153,"M Lepper",0,"eigen"
"1426",154,"V Sloutsky",0,"eigen"
"1427",155,"Y Lo",0,"eigen"
"1428",156,"A Yarlas",0,"eigen"
"1429",157,"J Snedeker",0,"eigen"
"1430",158,"L Gleitman",0,"eigen"
"1431",159,"M Felberbaum",0,"eigen"
"1432",160,"N Placa",0,"eigen"
"1433",161,"M Spivey",2.33021862552555e-17,"eigen"
"1434",162,"M Tyler",4.26206131552052e-18,"eigen"
"1435",163,"D Richardson",2.88579159855636e-17,"eigen"
"1436",164,"E Young",2.93763040308974e-17,"eigen"
"1437",165,"K Stenning",0,"eigen"
"1438",166,"M Sommerfeld",6.07885666770426e-17,"eigen"
"1439",167,"D Subramanian",1.2054652672463e-17,"eigen"
"1440",168,"W Tabor",6.1474089535051e-17,"eigen"
"1441",169,"B Galantucci",0,"eigen"
"1442",170,"S Hutchins",0,"eigen"
"1443",171,"F Xu",0,"eigen"
"1444",172,"K Straub",0,"eigen"
"1445",173,"W Badecker",0,"eigen"
"1446",174,"R Frank",0,"eigen"
"1447",175,"I Umata",0,"eigen"
"1448",176,"A Shimojima",0,"eigen"
"1449",177,"Y Katagiri",0,"eigen"
"1450",178,"I Rooij",0,"eigen"
"1451",179,"R Bongers",0,"eigen"
"1452",180,"W Haselager",0,"eigen"
"1453",181,"R Vollmeyer",0,"eigen"
"1454",182,"B Burns",1.46909893157693e-16,"eigen"
"1455",183,"F Rheinberg",0,"eigen"
"1456",184,"H Wang",0,"eigen"
"1457",185,"J Zhang",5.25531939346682e-17,"eigen"
"1458",186,"T Johnson",0,"eigen"
"1459",187,"R West",1.91187425050382e-17,"eigen"
"1460",188,"G Nagy",1.58047994768775e-17,"eigen"
"1461",189,"M Wieth",0,"eigen"
"1462",190,"T Yamauchi",0,"eigen"
"1463",191,"A Markman",5.89841606070007e-17,"eigen"
"1464",192,"W Zuidema",2.03131462171337e-17,"eigen"
"1465",193,"P Hogeweg",2.27056752389062e-17,"eigen"
"1466",194,"R Catrambone",0,"eigen"
"1467",195,"T Baldwin",2.19776679723715e-17,"eigen"
"1468",196,"H Tanaka",2.54452144523021e-17,"eigen"
"1469",197,"S Bay",1.20776900253478e-17,"eigen"
"1470",198,"M Pazzani",1.19796076176198e-17,"eigen"
"1471",199,"H Bensusan",1.29811584364953e-17,"eigen"
"1472",200,"C Giraud-Carrier",2.16511786426628e-17,"eigen"
"1473",201,"D Billman",0,"eigen"
"1474",202,"A Swilley",0,"eigen"
"1475",203,"M Krych",0,"eigen"
"1476",204,"S Blok",0,"eigen"
"1477",205,"D Gentner",5.49649956271394e-17,"eigen"
"1478",206,"R Vollemeyer",0,"eigen"
"1479",207,"J Chuah",0,"eigen"
"1480",208,"P Drake",0,"eigen"
"1481",209,"K Mix",0,"eigen"
"1482",210,"M Clearfield",0,"eigen"
"1483",211,"M Ellefson",0,"eigen"
"1484",212,"S Fox",1.2054652672463e-17,"eigen"
"1485",213,"J Greeno",0,"eigen"
"1486",214,"M Wiebe",0,"eigen"
"1487",215,"R Hall",1.2054652672463e-17,"eigen"
"1488",216,"J Hicks",0,"eigen"
"1489",217,"J Oberlander",0,"eigen"
"1490",218,"R Shillcock",0,"eigen"
"1491",219,"D Janetzko",1.2054652672463e-17,"eigen"
"1492",220,"A Janyan",1.38361076358207e-17,"eigen"
"1493",221,"E Andonova",1.09348086865677e-17,"eigen"
"1494",222,"H Jeong",0,"eigen"
"1495",223,"M Chi",0,"eigen"
"1496",224,"R Taylor",0,"eigen"
"1497",225,"K Jimura",0,"eigen"
"1498",226,"H Komazaki",0,"eigen"
"1499",227,"T Matsuoka",0,"eigen"
"1500",228,"M Nakagawa",0,"eigen"
"1501",229,"T Kusumi",0,"eigen"
"1502",230,"G Jones",4.49519453243007e-17,"eigen"
"1503",231,"F Gobert",9.05399912448764e-17,"eigen"
"1504",232,"J Pine",0,"eigen"
"1505",233,"M Martin",0,"eigen"
"1506",234,"J Kalmanson",0,"eigen"
"1507",235,"D Kaufman",4.45047841814289e-17,"eigen"
"1508",236,"M Ranney",0,"eigen"
"1509",237,"E Lewis",0,"eigen"
"1510",238,"A Thanukos",0,"eigen"
"1511",239,"S Brem",0,"eigen"
"1512",240,"F Keller",1.2054652672463e-17,"eigen"
"1513",241,"S Kirschenbaum",0,"eigen"
"1514",242,"M Knauff",0,"eigen"
"1515",243,"P Johnson-Laird",0,"eigen"
"1516",244,"G Knoblich",2.09882950145187e-17,"eigen"
"1517",245,"J Jordan",2.34398170646954e-17,"eigen"
"1518",246,"S Kuehne",0,"eigen"
"1519",247,"K Forbus",0,"eigen"
"1520",248,"P Lane",0,"eigen"
"1521",249,"P Cheng",0,"eigen"
"1522",250,"M Pelley",0,"eigen"
"1523",251,"D Cutler",0,"eigen"
"1524",252,"J Lewis",1.69623389680113e-17,"eigen"
"1525",253,"G Luger",1.65095215512001e-17,"eigen"
"1526",254,"J Liu",1,"eigen"
"1527",255,"R Golinkoff",1,"eigen"
"1528",256,"K Piper",1,"eigen"
"1529",257,"H Chung",1,"eigen"
"1530",258,"K Hirsh-Pasek",1,"eigen"
"1531",259,"C Ramey",1,"eigen"
"1532",260,"B Bertenthal",1,"eigen"
"1533",261,"W Lowe",2.11396436884946e-17,"eigen"
"1534",262,"S McDonald",1.37007796898938e-17,"eigen"
"1535",263,"D Ludden",1.22990562029287e-17,"eigen"
"1536",264,"P Gupta",6.58827206039357e-18,"eigen"
"1537",265,"P Maglio",2.46805467468735e-17,"eigen"
"1538",266,"M Wenger",2.14611402679645e-17,"eigen"
"1539",267,"B Morris",1.2054652672463e-17,"eigen"
"1540",268,"T Nokes",0,"eigen"
"1541",269,"T Okada",1.49046551114447e-17,"eigen"
"1542",270,"T Shimokido",8.6139624788006e-18,"eigen"
"1543",271,"M Persson",0,"eigen"
"1544",272,"M Peterson",4.73206172978081e-17,"eigen"
"1545",273,"R Ploetzner",6.83666797475915e-18,"eigen"
"1546",274,"S Beller",1.59220881574229e-17,"eigen"
"1547",275,"A Raftopoulos",2.17545926765323e-17,"eigen"
"1548",276,"C Constantinou",1.25479780979556e-17,"eigen"
"1549",277,"R Rauh",0,"eigen"
"1550",278,"C Hagen",0,"eigen"
"1551",279,"C Schlieder",0,"eigen"
"1552",280,"G Strube",0,"eigen"
"1553",281,"W Schoppek",1.2054652672463e-17,"eigen"
"1554",282,"C Schunn",1.3477563322794e-16,"eigen"
"1555",283,"T Ngo",0,"eigen"
"1556",284,"C O'Malley",0,"eigen"
"1557",285,"S Scott",1.2054652672463e-17,"eigen"
"1558",286,"R Sidman",0,"eigen"
"1559",287,"L Ke",0,"eigen"
"1560",288,"M Ford",0,"eigen"
"1561",289,"J Sougné",1.2054652672463e-17,"eigen"
"1562",290,"J Spencer",8.32038479331035e-17,"eigen"
"1563",291,"G Schoner",0,"eigen"
"1564",292,"A Stewart",0,"eigen"
"1565",293,"R Taraban",1.66196821642421e-17,"eigen"
"1566",294,"M Hayes",1.96041801743271e-17,"eigen"
"1567",295,"J Thibaut",1.2054652672463e-17,"eigen"
"1568",296,"B Timmermans",2.1571709157179e-17,"eigen"
"1569",297,"A Cleeremans",1.41268052624565e-17,"eigen"
"1570",298,"E Toth",1.2054652672463e-17,"eigen"
"1571",299,"S Trickett",0,"eigen"
"1572",300,"J Trafton",0,"eigen"
"1573",301,"I Visser",0,"eigen"
"1574",302,"M Raijkmakers",0,"eigen"
"1575",303,"P Molenaar",0,"eigen"
"1576",304,"G Westermann",1.2054652672463e-17,"eigen"
"1577",305,"P Wiemer-Hastings",1.2054652672463e-17,"eigen"
"1578",306,"A Wills",0,"eigen"
"1579",307,"Y Yang",0,"eigen"
"1580",308,"J Henst",0,"eigen"
"1581",309,"J Andrews",2.57138304325572e-17,"eigen"
"1582",310,"K Livingston",1.43932618184877e-17,"eigen"
"1583",311,"A Bowles",1.60232878676482e-17,"eigen"
"1584",312,"A Healy",1.61530439899869e-17,"eigen"
"1585",313,"R Carlson",1.49194707508659e-17,"eigen"
"1586",314,"L Stevenson",2.37655281794821e-17,"eigen"
"1587",315,"L Cohen",0,"eigen"
"1588",316,"T Shipley",0,"eigen"
"1589",317,"E Marshark",0,"eigen"
"1590",318,"K That",0,"eigen"
"1591",319,"D Aster",0,"eigen"
"1592",320,"D Collister",1.97820602038017e-17,"eigen"
"1593",321,"B Tversky",1.96172663793012e-17,"eigen"
"1594",322,"A Cooke",0,"eigen"
"1595",323,"C DeVita",0,"eigen"
"1596",324,"D Alsop",0,"eigen"
"1597",325,"J Gee",0,"eigen"
"1598",326,"M Grossman",0,"eigen"
"1599",327,"L Davidson",1.2054652672463e-17,"eigen"
"1600",328,"S Bode",0,"eigen"
"1601",329,"S Curtiss",0,"eigen"
"1602",330,"G Mathern",0,"eigen"
"1603",331,"Z Estes",1.2054652672463e-17,"eigen"
"1604",332,"R Falk",0,"eigen"
"1605",333,"A Hollingworth",0,"eigen"
"1606",334,"J Henderson",0,"eigen"
"1607",335,"S Mahadevan",0,"eigen"
"1608",336,"F Dyer",0,"eigen"
"1609",337,"R Gabriel",1.42675877202833e-17,"eigen"
"1610",338,"K Plunkett",2.27052954752761e-17,"eigen"
"1611",339,"G Gunzelmann",1.77949763940771e-17,"eigen"
"1612",340,"S Blessing",1.74893777244179e-17,"eigen"
"1613",341,"G Hollich",0,"eigen"
"1614",342,"P Jusczyk",9.18126883232557e-17,"eigen"
"1615",343,"P Luce",0,"eigen"
"1616",344,"S Howell",0,"eigen"
"1617",345,"S Becker",7.69963725575437e-17,"eigen"
"1618",346,"A Hund",0,"eigen"
"1619",347,"G Iyer",2.9648567878322e-17,"eigen"
"1620",348,"C Saccuman",1.85580840498701e-17,"eigen"
"1621",349,"E Bates",3.12190277753852e-17,"eigen"
"1622",350,"B Wulfeck",2.55549574351513e-17,"eigen"
"1623",351,"E Johnson",0,"eigen"
"1624",352,"A Cutler",0,"eigen"
"1625",353,"D Norris",0,"eigen"
"1626",354,"N Kacinik",0,"eigen"
"1627",355,"C Shears",0,"eigen"
"1628",356,"C Chiarello",0,"eigen"
"1629",357,"P Kanerva",0,"eigen"
"1630",358,"J Kristoferson",0,"eigen"
"1631",359,"A Holst",0,"eigen"
"1632",360,"L Knightly",1.2054652672463e-17,"eigen"
"1633",361,"Y Kobayashi",1.2054652672463e-17,"eigen"
"1634",362,"J Kruschke",0,"eigen"
"1635",363,"M Johnansen",0,"eigen"
"1636",364,"N Blair",0,"eigen"
"1637",365,"R Lea",8.01115511812292e-18,"eigen"
"1638",366,"P Kayser",1.94184434220485e-17,"eigen"
"1639",367,"E Mulligan",1.83138585057538e-17,"eigen"
"1640",368,"J Myers",2.12557102501181e-17,"eigen"
"1641",369,"J Lim",0,"eigen"
"1642",370,"M Matessa",0,"eigen"
"1643",371,"K Mauth",1.2054652672463e-17,"eigen"
"1644",372,"T Mintz",1.2054652672463e-17,"eigen"
"1645",373,"R Morrison",0,"eigen"
"1646",374,"K Holyoak",0,"eigen"
"1647",375,"B Spellman",0,"eigen"
"1648",376,"A Nadig",2.21863404606507e-17,"eigen"
"1649",377,"J Sedivy",1.2138702549254e-17,"eigen"
"1650",378,"M Nigam",1.76554919175352e-17,"eigen"
"1651",379,"D Klahr",1.88568733978678e-17,"eigen"
"1652",380,"M Okubo",1.2054652672463e-17,"eigen"
"1653",381,"D Paxman",1.2054652672463e-17,"eigen"
"1654",382,"D Salvucci",0,"eigen"
"1655",383,"A Sashima",1.19775862466394e-17,"eigen"
"1656",384,"K Hiraki",1.4666879316335e-17,"eigen"
"1657",385,"M Schoelles",0,"eigen"
"1658",386,"L Schooler",0,"eigen"
"1659",387,"J Silva",0,"eigen"
"1660",388,"R Rhine",0,"eigen"
"1661",389,"K Schuh",1.2054652672463e-17,"eigen"
"1662",390,"A Schutte",0,"eigen"
"1663",391,"M Soderstrom",0,"eigen"
"1664",392,"K Wexler",0,"eigen"
"1665",393,"J Spencer-Smith",1.2054652672463e-17,"eigen"
"1666",394,"H Taelman",1.9916773326573e-17,"eigen"
"1667",395,"S Gillis",1.20762928904481e-17,"eigen"
"1668",396,"A Tanaka",1.99133292654795e-17,"eigen"
"1669",397,"Y Takano",1.75805653040939e-17,"eigen"
"1670",398,"L Tomitch",0,"eigen"
"1671",399,"M Just",0,"eigen"
"1672",400,"P Carpenter",0,"eigen"
"1673",401,"D Trumpower",1.2054652672463e-17,"eigen"
"1674",402,"T Tsuchiya",1.2054652672463e-17,"eigen"
"1675",403,"D Vickers",1.85144818369371e-17,"eigen"
"1676",404,"A Preiss",2.38045123315028e-17,"eigen"
"1677",405,"L Wagner",1.2054652672463e-17,"eigen"
"1678",406,"W Wattenmaker",3.58110152073815e-17,"eigen"
"1679",407,"K Filak",0,"eigen"
"1680",408,"J Mendoza",4.12573945499443e-17,"eigen"
"1681",409,"V Nieves",0,"eigen"
"1682",410,"M Weiland",1.56389747741683e-17,"eigen"
"1683",411,"J Eilbert",1.97442034073322e-17,"eigen"
"1684",412,"C Williams",0,"eigen"
"1685",413,"M C.W.",1.2054652672463e-17,"eigen"
"1686",414,"H Yoshida",0,"eigen"
"1687",415,"S Vosniadon",0,"eigen"
"1688",416,"A diSessa",0,"eigen"
"1689",417,"P Thagard",0,"eigen"
"1690",418,"M Mozer",0,"eigen"
"1691",419,"N Newton",2.00585634493868e-17,"eigen"
"1692",420,"J Schmahmann",1.30977861720931e-17,"eigen"
"1693",421,"V Patel",0,"eigen"
"1694",422,"E Shortliffe",0,"eigen"
"1695",423,"M Freed",0,"eigen"
"1696",424,"R Remington",0,"eigen"
