"","id","label","measure","CM"
"1",1,"E Littleton",2,"degree"
"2",2,"C Schunn",5,"degree"
"3",3,"S Kirschenbaum",2,"degree"
"4",4,"R Goldberg",2,"degree"
"5",5,"D Casasanto",2,"degree"
"6",6,"J Kounios",2,"degree"
"7",7,"J Detre",2,"degree"
"8",8,"J Hampton",2,"degree"
"9",9,"A Green",2,"degree"
"10",10,"Z Estes",3,"degree"
"11",11,"S Bringsjord",1,"degree"
"12",12,"Y Yang",3,"degree"
"13",13,"N Davidenko",1,"degree"
"14",14,"J Tenenbaum",4,"degree"
"15",15,"S Flinn",2,"degree"
"16",16,"A Soares",1,"degree"
"17",17,"C Correa",1,"degree"
"18",18,"S Segura",1,"degree"
"19",19,"R McCloy",1,"degree"
"20",20,"D Billman",3,"degree"
"21",21,"M Firment",1,"degree"
"22",22,"H Wiese",3,"degree"
"23",23,"M Piñango",1,"degree"
"24",24,"T Yagyu",2,"degree"
"25",25,"R Spiegel",1,"degree"
"26",26,"I McLaren",5,"degree"
"27",27,"H Ogasawara",1,"degree"
"28",28,"T Ohno",1,"degree"
"29",29,"V Kempe",2,"degree"
"30",30,"R Levy",2,"degree"
"31",31,"C Graci",2,"degree"
"32",32,"K Kurtz",3,"degree"
"33",33,"J Cochener",2,"degree"
"34",34,"D Medin",5,"degree"
"35",35,"B Morris",3,"degree"
"36",36,"W Levy",1,"degree"
"37",37,"X Wu",1,"degree"
"38",38,"Y Lee",2,"degree"
"39",39,"D Dubois",1,"degree"
"40",40,"C Cance",1,"degree"
"41",41,"G Miles",1,"degree"
"42",42,"A Howes",3,"degree"
"43",43,"M Yip",2,"degree"
"44",44,"K Whitley",2,"degree"
"45",45,"L Novick",2,"degree"
"46",46,"D Fisher",2,"degree"
"47",47,"H Barrett",2,"degree"
"48",48,"D Bree",2,"degree"
"49",49,"E Laurent",2,"degree"
"50",50,"T Ripoll",2,"degree"
"51",51,"H Ripoll",2,"degree"
"52",52,"R Gibbs",1,"degree"
"53",53,"T Matsui",1,"degree"
"54",54,"J Snedeker",2,"degree"
"55",55,"J Trueswell",2,"degree"
"56",56,"G Aist",2,"degree"
"57",57,"D Tanaka",2,"degree"
"58",58,"D Liu",2,"degree"
"59",59,"C Blunt",2,"degree"
"60",60,"J Lindsay",2,"degree"
"61",61,"U Hasson",2,"degree"
"62",62,"H White",1,"degree"
"63",63,"P Shah",1,"degree"
"64",64,"H Shirouzu",2,"degree"
"65",65,"G Cree",1,"degree"
"66",66,"K McRae",4,"degree"
"67",67,"S Glucksber",1,"degree"
"68",68,"M Baumann",1,"degree"
"69",69,"J Krems",1,"degree"
"70",70,"L Perez-Miranda",2,"degree"
"71",71,"K Kwok",1,"degree"
"72",72,"J McClelland",1,"degree"
"73",73,"E Colunga",1,"degree"
"74",74,"L Smith",11,"degree"
"75",75,"R Catramabone",1,"degree"
"76",76,"R Atkinson",1,"degree"
"77",77,"L Magnani",7,"degree"
"78",78,"I Wachsmuth",2,"degree"
"79",79,"M Frank",2,"degree"
"80",80,"L Boroditsky",2,"degree"
"81",81,"M Ellefson",2,"degree"
"82",82,"K Gluck",5,"degree"
"83",83,"M Young",1,"degree"
"84",84,"M Pelley",2,"degree"
"85",85,"S Forwood",2,"degree"
"86",86,"R Alterman",3,"degree"
"87",87,"A Feinman",3,"degree"
"88",88,"J Introne",3,"degree"
"89",89,"S Landsman",3,"degree"
"90",90,"F Keller",1,"degree"
"91",91,"A Asudeh",1,"degree"
"92",92,"C Walsh",2,"degree"
"93",93,"P Johnson-Laird",1,"degree"
"94",94,"P Pexman",3,"degree"
"95",95,"S Lupker",2,"degree"
"96",96,"Y Hino",2,"degree"
"97",97,"M Hare",3,"degree"
"98",98,"T Ferretti",3,"degree"
"99",99,"J Elman",4,"degree"
"100",100,"B Burns",2,"degree"
"101",101,"P Wiemer-Hastings",1,"degree"
"102",102,"I Zipitria",1,"degree"
"103",103,"A Reid",1,"degree"
"104",104,"W Marslen-Wilson",7,"degree"
"105",105,"J Hale",1,"degree"
"106",106,"P Smolensky",1,"degree"
"107",107,"R Shillcock",5,"degree"
"108",108,"P Monaghan",1,"degree"
"109",109,"J Wiley",2,"degree"
"110",110,"J Rodd",8,"degree"
"111",111,"G Gaskell",2,"degree"
"112",112,"R Meeks",2,"degree"
"113",113,"J Staszewski",4,"degree"
"114",114,"H Richman",4,"degree"
"115",115,"H Simon",4,"degree"
"116",116,"P Delahanty",4,"degree"
"117",117,"M Vilcu",1,"degree"
"118",118,"R Hadley",3,"degree"
"119",119,"K Sacco",2,"degree"
"120",120,"M Bucciarelli",2,"degree"
"121",121,"M Adenzato",2,"degree"
"122",122,"P Slusarz",1,"degree"
"123",123,"R Sun",2,"degree"
"124",124,"D Gentner",2,"degree"
"125",125,"J Bullinaria",2,"degree"
"126",126,"L Bonnar",3,"degree"
"127",127,"P Schyns",3,"degree"
"128",128,"F Gosselin",3,"degree"
"129",129,"M Rabinowitz",1,"degree"
"130",130,"T Hogan",1,"degree"
"131",131,"L Connell",1,"degree"
"132",132,"M Ramscar",9,"degree"
"133",133,"R Reuter",2,"degree"
"134",134,"J Wiles",5,"degree"
"135",135,"R Schulz",4,"degree"
"136",136,"S Bolland",4,"degree"
"137",137,"B Tonkes",5,"degree"
"138",138,"J Hallinan",4,"degree"
"139",139,"T Griffiths",1,"degree"
"140",140,"J Weisberg",2,"degree"
"141",141,"T Shultz",4,"degree"
"142",142,"J Katz",2,"degree"
"143",143,"M Lepper",2,"degree"
"144",144,"K Miwa",2,"degree"
"145",145,"L Mujica-Parodi",3,"degree"
"146",146,"T Greenberg",3,"degree"
"147",147,"R Bilder",3,"degree"
"148",148,"D Malaspina",3,"degree"
"149",149,"M Tyler",1,"degree"
"150",150,"M Spivey",5,"degree"
"151",151,"W Lowe",2,"degree"
"152",152,"C Stilwell",1,"degree"
"153",153,"A Markman",1,"degree"
"154",154,"H Yoshida",4,"degree"
"155",155,"C Drake",4,"degree"
"156",156,"J Swanson",4,"degree"
"157",157,"L Gudel",4,"degree"
"158",158,"F Costello",2,"degree"
"159",159,"S Blok",3,"degree"
"160",160,"G Newman",3,"degree"
"161",161,"J Behr",3,"degree"
"162",162,"L Rips",3,"degree"
"163",163,"D Hilton",2,"degree"
"164",164,"J Bonnefon",2,"degree"
"165",165,"M Kemmelmeier",2,"degree"
"166",166,"K Thorpe",2,"degree"
"167",167,"A Raftopoulos",4,"degree"
"168",168,"P Munro",1,"degree"
"169",169,"G Cottrell",3,"degree"
"170",170,"T Palmeri",2,"degree"
"171",171,"M Flanery",2,"degree"
"172",172,"D Richardson",4,"degree"
"173",173,"J Cheung",2,"degree"
"174",174,"S Scott",2,"degree"
"175",175,"S Bode",1,"degree"
"176",176,"S Curtiss",1,"degree"
"177",177,"N Kim",1,"degree"
"178",178,"W Ahn",1,"degree"
"179",179,"M Oram",1,"degree"
"180",180,"M MacLeod",1,"degree"
"181",181,"M Thomas",2,"degree"
"182",182,"D Mareschal",5,"degree"
"183",183,"A C.Hinds",2,"degree"
"184",184,"S Filipic",2,"degree"
"185",185,"R Jones",1,"degree"
"186",186,"E Fleischman",1,"degree"
"187",187,"M O'Toole",2,"degree"
"188",188,"J Oberlander",2,"degree"
"189",189,"M Suret",1,"degree"
"190",190,"S Marsella",1,"degree"
"191",191,"J Gratch",1,"degree"
"192",192,"M Johannesson",2,"degree"
"193",193,"R Baker",2,"degree"
"194",194,"A Corebett",2,"degree"
"195",195,"K Koedinger",3,"degree"
"196",196,"M Tamariz",1,"degree"
"197",197,"M Keane",2,"degree"
"198",198,"D Hackett",2,"degree"
"199",199,"J Davenport",2,"degree"
"200",200,"B Schaper",2,"degree"
"201",201,"U Oestermeier",1,"degree"
"202",202,"F Hesse",1,"degree"
"203",203,"P Oudeyer",2,"degree"
"204",204,"H Paterson",2,"degree"
"205",205,"F Pollick",2,"degree"
"206",206,"A Sanford",2,"degree"
"207",207,"W Schoppek",2,"degree"
"208",208,"S Boudelaa",1,"degree"
"209",209,"A Cangelosi",1,"degree"
"210",210,"D Parisi",1,"degree"
"211",211,"A Borghi",1,"degree"
"212",212,"N Caramelli",1,"degree"
"213",213,"P Slezak",2,"degree"
"214",214,"K Moll",2,"degree"
"215",215,"E Cardillo",2,"degree"
"216",216,"J Utman",2,"degree"
"217",217,"D Yarlett",1,"degree"
"218",218,"P Bach",3,"degree"
"219",219,"G Knoblich",3,"degree"
"220",220,"A Friederici",3,"degree"
"221",221,"W Prinz",3,"degree"
"222",222,"M Wolters",1,"degree"
"223",223,"D Beaver",1,"degree"
"224",224,"H Neth",1,"degree"
"225",225,"S Payne",2,"degree"
"226",226,"F Jones",1,"degree"
"227",227,"V Sloutsky",4,"degree"
"228",228,"A Fisher",1,"degree"
"229",229,"J Sougne",1,"degree"
"230",230,"R French",4,"degree"
"231",231,"M Matessa",2,"degree"
"232",232,"J Barnden",2,"degree"
"233",233,"S Trickett",3,"degree"
"234",234,"J Trafton",3,"degree"
"235",235,"A Harrison",3,"degree"
"236",236,"J Lewis",1,"degree"
"237",237,"A Salah",2,"degree"
"238",238,"E Aplaydin",2,"degree"
"239",239,"L Akarun",2,"degree"
"240",240,"J Choplin",2,"degree"
"241",241,"P Cheng",12,"degree"
"242",242,"K Holyoak",4,"degree"
"243",243,"J Brown",1,"degree"
"244",244,"M Lovett",1,"degree"
"245",245,"C Buck-Gengler",2,"degree"
"246",246,"L Menn",2,"degree"
"247",247,"A Healy",2,"degree"
"248",248,"D Franceshetti",6,"degree"
"249",249,"A Karnavat",6,"degree"
"250",250,"J Marineau",6,"degree"
"251",251,"G McCallie",6,"degree"
"252",252,"B Olde",8,"degree"
"253",253,"B Terry",6,"degree"
"254",254,"A Graesser",11,"degree"
"255",255,"G Gergely",2,"degree"
"256",256,"H Bekkering",2,"degree"
"257",257,"I Kiraly",2,"degree"
"258",258,"F Gobet",4,"degree"
"259",259,"M Werning",2,"degree"
"260",260,"P Lee",1,"degree"
"261",261,"B Tversky",1,"degree"
"262",262,"J Edwards",1,"degree"
"263",263,"Y Silberman",2,"degree"
"264",264,"R Miikulainen",2,"degree"
"265",265,"S Bentin",2,"degree"
"266",266,"M Sugimoto",1,"degree"
"267",267,"H Ohnishi",2,"degree"
"268",268,"C Constantinou",2,"degree"
"269",269,"G Spanoudis",2,"degree"
"270",270,"C Johnson",1,"degree"
"271",271,"T Oswald",1,"degree"
"272",272,"N Braisby",2,"degree"
"273",273,"C Miller",1,"degree"
"274",274,"R Remington",1,"degree"
"275",275,"N Taatgen",2,"degree"
"276",276,"A Napolitano",2,"degree"
"277",277,"S Boysen",2,"degree"
"278",278,"E Melis",3,"degree"
"279",279,"C Glasmacher",3,"degree"
"280",280,"C Ullrich",3,"degree"
"281",281,"P Gerjets",3,"degree"
"282",282,"P Lane",2,"degree"
"283",283,"T Alloway",2,"degree"
"284",284,"M Corley",2,"degree"
"285",285,"C Longworth",3,"degree"
"286",286,"B Randall",3,"degree"
"287",287,"L Tyler",9,"degree"
"288",288,"S Garfield",2,"degree"
"289",289,"M Elshaw",2,"degree"
"290",290,"S Wermter",2,"degree"
"291",291,"L Macedo",1,"degree"
"292",292,"A Cardoso",1,"degree"
"293",293,"P Healey",3,"degree"
"294",294,"N Swoboda",3,"degree"
"295",295,"I Umata",3,"degree"
"296",296,"Y Katagiri",3,"degree"
"297",297,"J Smith",3,"degree"
"298",298,"R Siegert",3,"degree"
"299",299,"J McDowall",3,"degree"
"300",300,"D Abernethy",3,"degree"
"301",301,"E Chew",2,"degree"
"302",302,"U Hahn",2,"degree"
"303",303,"L Richardson",2,"degree"
"304",304,"N Chater",3,"degree"
"305",305,"J Quayle",1,"degree"
"306",306,"L Ball",1,"degree"
"307",307,"A Feeney",6,"degree"
"308",308,"S Handley",1,"degree"
"309",309,"M Schoelles",1,"degree"
"310",310,"W Gray",1,"degree"
"311",311,"H Suzuki",3,"degree"
"312",312,"K Abe",3,"degree"
"313",313,"K Hiraki",3,"degree"
"314",314,"M Miyazaki",3,"degree"
"315",315,"A Masnick",1,"degree"
"316",316,"D Klahr",2,"degree"
"317",317,"T Griffin",1,"degree"
"318",318,"S Ohlsson",3,"degree"
"319",319,"M Greer",6,"degree"
"320",320,"M Casteren",6,"degree"
"321",321,"S McLellan",6,"degree"
"322",322,"H Moss",6,"degree"
"323",323,"T Rogers",6,"degree"
"324",324,"S Graham",2,"degree"
"325",325,"C Kilbreath",2,"degree"
"326",326,"A Welder",2,"degree"
"327",327,"S McDonald",1,"degree"
"328",328,"W Neys",2,"degree"
"329",329,"W Schaeken",2,"degree"
"330",330,"G d'Ydewalle",2,"degree"
"331",331,"C Hadjichristidis",6,"degree"
"332",332,"S Sloman",6,"degree"
"333",333,"E Wisniewski",2,"degree"
"334",334,"N Chang",1,"degree"
"335",335,"T Maia",1,"degree"
"336",336,"B Rittle-Johnson",1,"degree"
"337",337,"E Hoenkamp",1,"degree"
"338",338,"H Vugt",1,"degree"
"339",339,"M Burton",1,"degree"
"340",340,"P Brna",1,"degree"
"341",341,"R Byrne",1,"degree"
"342",342,"B Rehder",1,"degree"
"343",343,"G Murphy",1,"degree"
"344",344,"Y Chou",1,"degree"
"345",345,"E Bard",1,"degree"
"346",346,"M Aylett",1,"degree"
"347",347,"D Pozega",1,"degree"
"348",348,"P Thagard",1,"degree"
"349",349,"N Kirkham",2,"degree"
"350",350,"J Slemmer",2,"degree"
"351",351,"S Johnson",2,"degree"
"352",352,"G Bingham",2,"degree"
"353",353,"Y Lo",1,"degree"
"354",354,"D Janetzko",2,"degree"
"355",355,"S Franklin",1,"degree"
"356",356,"E Pothos",1,"degree"
"357",357,"M Andrews",2,"degree"
"358",358,"H Chaput",1,"degree"
"359",359,"L Cohen",1,"degree"
"360",360,"Z Dienes",1,"degree"
"361",361,"J Perner",1,"degree"
"362",362,"E Sander",2,"degree"
"363",363,"T Ono",2,"degree"
"364",364,"M Imai",2,"degree"
"365",365,"H Ishiguro",2,"degree"
"366",366,"D Fum",1,"degree"
"367",367,"F Missier",1,"degree"
"368",368,"N Stewart",2,"degree"
"369",369,"N Charter",2,"degree"
"370",370,"H Stott",2,"degree"
"371",371,"R Farivar",2,"degree"
"372",372,"N Silverbag",2,"degree"
"373",373,"H Kadlec",2,"degree"
"374",374,"S Kiran",2,"degree"
"375",375,"C Thompson",2,"degree"
"376",376,"K Anderson",1,"degree"
"377",377,"O Vilarroya",2,"degree"
"378",378,"A Gordon",7,"degree"
"379",379,"M Chen",2,"degree"
"380",380,"B Kokinov",1,"degree"
"381",381,"N Zareva-Toncheva",1,"degree"
"382",382,"J Watson",2,"degree"
"383",383,"P Juslin",2,"degree"
"384",384,"H Nilsson",2,"degree"
"385",385,"H Olsson",2,"degree"
"386",386,"J McFadzean",2,"degree"
"387",387,"L Copeland",2,"degree"
"388",388,"M Feist",1,"degree"
"389",389,"M Christiansen",1,"degree"
"390",390,"R Dale",1,"degree"
"391",391,"R Stevenson",5,"degree"
"392",392,"D Over",5,"degree"
"393",393,"J Evans",5,"degree"
"394",394,"G Westermann",2,"degree"
"395",395,"C Callaway",1,"degree"
"396",396,"J Lester",1,"degree"
"397",397,"T Nokes",1,"degree"
"398",398,"R Breheny",2,"degree"
"399",399,"B Bowdle",1,"degree"
"400",400,"H Tabbers",2,"degree"
"401",401,"R Martens",2,"degree"
"402",402,"J Merrienboer",2,"degree"
"403",403,"M Mermillod",3,"degree"
"404",404,"P Quinn",3,"degree"
"405",405,"K Rinella",2,"degree"
"406",406,"S Brinsjord",2,"degree"
"407",407,"W Wilson",2,"degree"
"408",408,"N Marcus",2,"degree"
"409",409,"G Halford",2,"degree"
"410",410,"C Sandhofer",1,"degree"
"411",411,"P Berretty",2,"degree"
"412",412,"D Harter",2,"degree"
"413",413,"R Kozma",2,"degree"
"414",414,"J Nelson",2,"degree"
"415",415,"J Movellan",2,"degree"
"416",416,"R Morrison",2,"degree"
"417",417,"B Troung",2,"degree"
"418",418,"T Regier",5,"degree"
"419",419,"B Corrigan",5,"degree"
"420",420,"R Cabasaan",5,"degree"
"421",421,"A Woodward",5,"degree"
"422",422,"M Gasser",5,"degree"
"423",423,"T Koschmann",3,"degree"
"424",424,"C Goodwin",3,"degree"
"425",425,"C LeBaron",3,"degree"
"426",426,"P Feltovich",3,"degree"
"427",427,"S Lu",3,"degree"
"428",428,"E Cooper",3,"degree"
"429",429,"T Zentall",1,"degree"
"430",430,"T Clement",1,"degree"
"431",431,"C Rose",3,"degree"
"432",432,"J Moore",3,"degree"
"433",433,"K VanLehn",3,"degree"
"434",434,"D Allbritton",3,"degree"
"435",435,"L Paul",3,"degree"
"436",436,"D Navarro",1,"degree"
"437",437,"M Lee",1,"degree"
"438",438,"D Meehan",2,"degree"
"439",439,"J Bolte",2,"degree"
"440",440,"T Kershaw",1,"degree"
"441",441,"D Noelle",2,"degree"
"442",442,"K Livingston",2,"degree"
"443",443,"J Andrews",2,"degree"
"444",444,"P Dwyer",2,"degree"
"445",445,"S Beller",2,"degree"
"446",446,"D Peebles",1,"degree"
"447",447,"S Howell",1,"degree"
"448",448,"S Becker",1,"degree"
"449",449,"K Wiemer-Hastings",2,"degree"
"450",450,"J Krug",2,"degree"
"451",451,"X Xu",2,"degree"
"452",452,"S Edelman",3,"degree"
"453",453,"A Naples",3,"degree"
"454",454,"A Pyke",1,"degree"
"455",455,"R West",1,"degree"
"456",456,"S Charman",1,"degree"
"457",457,"N Nersessian",2,"degree"
"458",458,"R Mathews",1,"degree"
"459",459,"P Todd",2,"degree"
"460",460,"S Kirby",2,"degree"
"461",461,"J Hurford",2,"degree"
"462",462,"P Langley",5,"degree"
"463",463,"S Kocabas",5,"degree"
"464",464,"D Sleeman",5,"degree"
"465",1,"E Littleton",0.00217861848296631,"close"
"466",2,"C Schunn",0.00217864923747277,"close"
"467",3,"S Kirschenbaum",0.00217861848296631,"close"
"468",4,"R Goldberg",0.0021551724137931,"close"
"469",5,"D Casasanto",0.00216450216450216,"close"
"470",6,"J Kounios",0.00216450216450216,"close"
"471",7,"J Detre",0.00216450216450216,"close"
"472",8,"J Hampton",0.00217388242254077,"close"
"473",9,"A Green",0.00217388242254077,"close"
"474",10,"Z Estes",0.00217390283640325,"close"
"475",11,"S Bringsjord",0.0021691770713767,"close"
"476",12,"Y Yang",0.00216919739696312,"close"
"477",13,"N Davidenko",0.00217388242254077,"close"
"478",14,"J Tenenbaum",0.00217391304347826,"close"
"479",15,"S Flinn",0.0021551724137931,"close"
"480",16,"A Soares",0.00215982721382289,"close"
"481",17,"C Correa",0.00215982721382289,"close"
"482",18,"S Segura",0.00215982721382289,"close"
"483",19,"R McCloy",0.00215982721382289,"close"
"484",20,"D Billman",0.00216919739696312,"close"
"485",21,"M Firment",0.0021691770713767,"close"
"486",22,"H Wiese",0.00215982721382289,"close"
"487",23,"M Piñango",0.00215982721382289,"close"
"488",24,"T Yagyu",0.0021551724137931,"close"
"489",25,"R Spiegel",0.00217860823165711,"close"
"490",26,"I McLaren",0.00217864923747277,"close"
"491",27,"H Ogasawara",0.00215982721382289,"close"
"492",28,"T Ohno",0.00215982721382289,"close"
"493",29,"V Kempe",0.00216450216450216,"close"
"494",30,"R Levy",0.00216450216450216,"close"
"495",31,"C Graci",0.00216450216450216,"close"
"496",32,"K Kurtz",0.00218814244192916,"close"
"497",33,"J Cochener",0.0021881217597603,"close"
"498",34,"D Medin",0.0021881527831602,"close"
"499",35,"B Morris",0.00216449204560861,"close"
"500",36,"W Levy",0.00215982721382289,"close"
"501",37,"X Wu",0.00215982721382289,"close"
"502",38,"Y Lee",0.0021551724137931,"close"
"503",39,"D Dubois",0.00215982721382289,"close"
"504",40,"C Cance",0.00215982721382289,"close"
"505",41,"G Miles",0.0021738722157533,"close"
"506",42,"A Howes",0.00217390283640325,"close"
"507",43,"M Yip",0.0021551724137931,"close"
"508",44,"K Whitley",0.00216450216450216,"close"
"509",45,"L Novick",0.00216450216450216,"close"
"510",46,"D Fisher",0.00216450216450216,"close"
"511",47,"H Barrett",0.0021551724137931,"close"
"512",48,"D Bree",0.0021551724137931,"close"
"513",49,"E Laurent",0.00216450216450216,"close"
"514",50,"T Ripoll",0.00216450216450216,"close"
"515",51,"H Ripoll",0.00216450216450216,"close"
"516",52,"R Gibbs",0.00215982721382289,"close"
"517",53,"T Matsui",0.00215982721382289,"close"
"518",54,"J Snedeker",0.00216450216450216,"close"
"519",55,"J Trueswell",0.00216450216450216,"close"
"520",56,"G Aist",0.0021551724137931,"close"
"521",57,"D Tanaka",0.0021551724137931,"close"
"522",58,"D Liu",0.0021551724137931,"close"
"523",59,"C Blunt",0.0021691872341223,"close"
"524",60,"J Lindsay",0.0021691872341223,"close"
"525",61,"U Hasson",0.00217389262942408,"close"
"526",62,"H White",0.00215982721382289,"close"
"527",63,"P Shah",0.00215982721382289,"close"
"528",64,"H Shirouzu",0.0021551724137931,"close"
"529",65,"G Cree",0.00217859798044438,"close"
"530",66,"K McRae",0.00217863898587414,"close"
"531",67,"S Glucksber",0.00217386200906167,"close"
"532",68,"M Baumann",0.00215982721382289,"close"
"533",69,"J Krems",0.00215982721382289,"close"
"534",70,"L Perez-Miranda",0.0021551724137931,"close"
"535",71,"K Kwok",0.00215982721382289,"close"
"536",72,"J McClelland",0.00215982721382289,"close"
"537",73,"E Colunga",0.00220740027366042,"close"
"538",74,"L Smith",0.0022075055187638,"close"
"539",75,"R Catramabone",0.00215982721382289,"close"
"540",76,"R Atkinson",0.00215982721382289,"close"
"541",77,"L Magnani",0.00222210490446869,"close"
"542",78,"I Wachsmuth",0.0021551724137931,"close"
"543",79,"M Frank",0.00218813210079586,"close"
"544",80,"L Boroditsky",0.00218813210079586,"close"
"545",81,"M Ellefson",0.0021551724137931,"close"
"546",82,"K Gluck",0.00217864923747277,"close"
"547",83,"M Young",0.00217860823165711,"close"
"548",84,"M Pelley",0.00217861848296631,"close"
"549",85,"S Forwood",0.00217861848296631,"close"
"550",86,"R Alterman",0.00216919739696312,"close"
"551",87,"A Feinman",0.00216919739696312,"close"
"552",88,"J Introne",0.00216919739696312,"close"
"553",89,"S Landsman",0.00216919739696312,"close"
"554",90,"F Keller",0.00215982721382289,"close"
"555",91,"A Asudeh",0.00215982721382289,"close"
"556",92,"C Walsh",0.00216450216450216,"close"
"557",93,"P Johnson-Laird",0.00216449204560861,"close"
"558",94,"P Pexman",0.00216919739696312,"close"
"559",95,"S Lupker",0.0021691872341223,"close"
"560",96,"Y Hino",0.0021691872341223,"close"
"561",97,"M Hare",0.00217862873437199,"close"
"562",98,"T Ferretti",0.00217862873437199,"close"
"563",99,"J Elman",0.00217863898587414,"close"
"564",100,"B Burns",0.0021551724137931,"close"
"565",101,"P Wiemer-Hastings",0.00215982721382289,"close"
"566",102,"I Zipitria",0.00215982721382289,"close"
"567",103,"A Reid",0.00221222024730998,"close"
"568",104,"W Marslen-Wilson",0.00221233652362135,"close"
"569",105,"J Hale",0.00215982721382289,"close"
"570",106,"P Smolensky",0.00215982721382289,"close"
"571",107,"R Shillcock",0.00217864923747277,"close"
"572",108,"P Monaghan",0.00217860823165711,"close"
"573",109,"J Wiley",0.0021551724137931,"close"
"574",110,"J Rodd",0.00221234709480122,"close"
"575",111,"G Gaskell",0.00221228366923731,"close"
"576",112,"R Meeks",0.0021551724137931,"close"
"577",113,"J Staszewski",0.00217863898587414,"close"
"578",114,"H Richman",0.00217863898587414,"close"
"579",115,"H Simon",0.00217863898587414,"close"
"580",116,"P Delahanty",0.00217863898587414,"close"
"581",117,"M Vilcu",0.00215982721382289,"close"
"582",118,"R Hadley",0.00215982721382289,"close"
"583",119,"K Sacco",0.00216450216450216,"close"
"584",120,"M Bucciarelli",0.00216450216450216,"close"
"585",121,"M Adenzato",0.00216450216450216,"close"
"586",122,"P Slusarz",0.00216449204560861,"close"
"587",123,"R Sun",0.00216450216450216,"close"
"588",124,"D Gentner",0.00218810107798241,"close"
"589",125,"J Bullinaria",0.0021551724137931,"close"
"590",126,"L Bonnar",0.00216919739696312,"close"
"591",127,"P Schyns",0.00216919739696312,"close"
"592",128,"F Gosselin",0.00216919739696312,"close"
"593",129,"M Rabinowitz",0.00215982721382289,"close"
"594",130,"T Hogan",0.00215982721382289,"close"
"595",131,"L Connell",0.0021881217597603,"close"
"596",132,"M Ramscar",0.00218818380743982,"close"
"597",133,"R Reuter",0.0021551724137931,"close"
"598",134,"J Wiles",0.00217864923747277,"close"
"599",135,"R Schulz",0.00217863898587414,"close"
"600",136,"S Bolland",0.00217863898587414,"close"
"601",137,"B Tonkes",0.00217864923747277,"close"
"602",138,"J Hallinan",0.00217863898587414,"close"
"603",139,"T Griffiths",0.00217388242254077,"close"
"604",140,"J Weisberg",0.0021551724137931,"close"
"605",141,"T Shultz",0.00216450216450216,"close"
"606",142,"J Katz",0.00216450216450216,"close"
"607",143,"M Lepper",0.00216450216450216,"close"
"608",144,"K Miwa",0.0021551724137931,"close"
"609",145,"L Mujica-Parodi",0.00216919739696312,"close"
"610",146,"T Greenberg",0.00216919739696312,"close"
"611",147,"R Bilder",0.00216919739696312,"close"
"612",148,"D Malaspina",0.00216919739696312,"close"
"613",149,"M Tyler",0.00217860823165711,"close"
"614",150,"M Spivey",0.00217864923747277,"close"
"615",151,"W Lowe",0.0021551724137931,"close"
"616",152,"C Stilwell",0.00215982721382289,"close"
"617",153,"A Markman",0.00215982721382289,"close"
"618",154,"H Yoshida",0.00220743184613771,"close"
"619",155,"C Drake",0.00220743184613771,"close"
"620",156,"J Swanson",0.00220743184613771,"close"
"621",157,"L Gudel",0.00220743184613771,"close"
"622",158,"F Costello",0.0021551724137931,"close"
"623",159,"S Blok",0.00216919739696312,"close"
"624",160,"G Newman",0.00216919739696312,"close"
"625",161,"J Behr",0.00216919739696312,"close"
"626",162,"L Rips",0.00216919739696312,"close"
"627",163,"D Hilton",0.00216450216450216,"close"
"628",164,"J Bonnefon",0.00216450216450216,"close"
"629",165,"M Kemmelmeier",0.00216450216450216,"close"
"630",166,"K Thorpe",0.00216450216450216,"close"
"631",167,"A Raftopoulos",0.00216450216450216,"close"
"632",168,"P Munro",0.0021691770713767,"close"
"633",169,"G Cottrell",0.00216919739696312,"close"
"634",170,"T Palmeri",0.00216450216450216,"close"
"635",171,"M Flanery",0.00216450216450216,"close"
"636",172,"D Richardson",0.00217863898587414,"close"
"637",173,"J Cheung",0.00217861848296631,"close"
"638",174,"S Scott",0.0021551724137931,"close"
"639",175,"S Bode",0.00215982721382289,"close"
"640",176,"S Curtiss",0.00215982721382289,"close"
"641",177,"N Kim",0.00215982721382289,"close"
"642",178,"W Ahn",0.00215982721382289,"close"
"643",179,"M Oram",0.00215982721382289,"close"
"644",180,"M MacLeod",0.00215982721382289,"close"
"645",181,"M Thomas",0.0021833546324372,"close"
"646",182,"D Mareschal",0.00218339581712292,"close"
"647",183,"A C.Hinds",0.0021833546324372,"close"
"648",184,"S Filipic",0.0021551724137931,"close"
"649",185,"R Jones",0.00215982721382289,"close"
"650",186,"E Fleischman",0.00215982721382289,"close"
"651",187,"M O'Toole",0.00217861848296631,"close"
"652",188,"J Oberlander",0.00217861848296631,"close"
"653",189,"M Suret",0.00217860823165711,"close"
"654",190,"S Marsella",0.00215982721382289,"close"
"655",191,"J Gratch",0.00215982721382289,"close"
"656",192,"M Johannesson",0.0021551724137931,"close"
"657",193,"R Baker",0.0021691872341223,"close"
"658",194,"A Corebett",0.0021691872341223,"close"
"659",195,"K Koedinger",0.00216919739696312,"close"
"660",196,"M Tamariz",0.00217860823165711,"close"
"661",197,"M Keane",0.00216450216450216,"close"
"662",198,"D Hackett",0.00216450216450216,"close"
"663",199,"J Davenport",0.00216450216450216,"close"
"664",200,"B Schaper",0.00216450216450216,"close"
"665",201,"U Oestermeier",0.00215982721382289,"close"
"666",202,"F Hesse",0.00215982721382289,"close"
"667",203,"P Oudeyer",0.0021551724137931,"close"
"668",204,"H Paterson",0.00216450216450216,"close"
"669",205,"F Pollick",0.00216450216450216,"close"
"670",206,"A Sanford",0.00216450216450216,"close"
"671",207,"W Schoppek",0.0021551724137931,"close"
"672",208,"S Boudelaa",0.00221222024730998,"close"
"673",209,"A Cangelosi",0.00215982721382289,"close"
"674",210,"D Parisi",0.00215982721382289,"close"
"675",211,"A Borghi",0.00215982721382289,"close"
"676",212,"N Caramelli",0.00215982721382289,"close"
"677",213,"P Slezak",0.0021551724137931,"close"
"678",214,"K Moll",0.00216450216450216,"close"
"679",215,"E Cardillo",0.00216450216450216,"close"
"680",216,"J Utman",0.00216450216450216,"close"
"681",217,"D Yarlett",0.0021881217597603,"close"
"682",218,"P Bach",0.00216919739696312,"close"
"683",219,"G Knoblich",0.00216919739696312,"close"
"684",220,"A Friederici",0.00216919739696312,"close"
"685",221,"W Prinz",0.00216919739696312,"close"
"686",222,"M Wolters",0.00215982721382289,"close"
"687",223,"D Beaver",0.00215982721382289,"close"
"688",224,"H Neth",0.00217386200906167,"close"
"689",225,"S Payne",0.00217389262942408,"close"
"690",226,"F Jones",0.00217860823165711,"close"
"691",227,"V Sloutsky",0.00217391304347826,"close"
"692",228,"A Fisher",0.00217388242254077,"close"
"693",229,"J Sougne",0.00218333404067698,"close"
"694",230,"R French",0.00218338552080583,"close"
"695",231,"M Matessa",0.0021551724137931,"close"
"696",232,"J Barnden",0.0021551724137931,"close"
"697",233,"S Trickett",0.00217862873437199,"close"
"698",234,"J Trafton",0.00217862873437199,"close"
"699",235,"A Harrison",0.00217862873437199,"close"
"700",236,"J Lewis",0.00217859798044438,"close"
"701",237,"A Salah",0.00216450216450216,"close"
"702",238,"E Aplaydin",0.00216450216450216,"close"
"703",239,"L Akarun",0.00216450216450216,"close"
"704",240,"J Choplin",0.0022220942398326,"close"
"705",241,"P Cheng",0.00222220089080018,"close"
"706",242,"K Holyoak",0.00222211556920714,"close"
"707",243,"J Brown",0.00215982721382289,"close"
"708",244,"M Lovett",0.00215982721382289,"close"
"709",245,"C Buck-Gengler",0.00216450216450216,"close"
"710",246,"L Menn",0.00216450216450216,"close"
"711",247,"A Healy",0.00216450216450216,"close"
"712",248,"D Franceshetti",0.00220745289495766,"close"
"713",249,"A Karnavat",0.00220745289495766,"close"
"714",250,"J Marineau",0.00220745289495766,"close"
"715",251,"G McCallie",0.00220745289495766,"close"
"716",252,"B Olde",0.00220747394417904,"close"
"717",253,"B Terry",0.00220745289495766,"close"
"718",254,"A Graesser",0.0022075055187638,"close"
"719",255,"G Gergely",0.00216450216450216,"close"
"720",256,"H Bekkering",0.00216450216450216,"close"
"721",257,"I Kiraly",0.00216450216450216,"close"
"722",258,"F Gobet",0.00222207291086752,"close"
"723",259,"M Werning",0.0021551724137931,"close"
"724",260,"P Lee",0.00215982721382289,"close"
"725",261,"B Tversky",0.00215982721382289,"close"
"726",262,"J Edwards",0.0021691770713767,"close"
"727",263,"Y Silberman",0.00216450216450216,"close"
"728",264,"R Miikulainen",0.00216450216450216,"close"
"729",265,"S Bentin",0.00216450216450216,"close"
"730",266,"M Sugimoto",0.0021691770713767,"close"
"731",267,"H Ohnishi",0.0021551724137931,"close"
"732",268,"C Constantinou",0.00216450216450216,"close"
"733",269,"G Spanoudis",0.00216450216450216,"close"
"734",270,"C Johnson",0.00215982721382289,"close"
"735",271,"T Oswald",0.00215982721382289,"close"
"736",272,"N Braisby",0.0021551724137931,"close"
"737",273,"C Miller",0.00215982721382289,"close"
"738",274,"R Remington",0.00215982721382289,"close"
"739",275,"N Taatgen",0.0021551724137931,"close"
"740",276,"A Napolitano",0.00217389262942408,"close"
"741",277,"S Boysen",0.00217389262942408,"close"
"742",278,"E Melis",0.00216919739696312,"close"
"743",279,"C Glasmacher",0.00216919739696312,"close"
"744",280,"C Ullrich",0.00216919739696312,"close"
"745",281,"P Gerjets",0.00216919739696312,"close"
"746",282,"P Lane",0.00222207291086752,"close"
"747",283,"T Alloway",0.00218813210079586,"close"
"748",284,"M Corley",0.00218813210079586,"close"
"749",285,"C Longworth",0.00221229423991208,"close"
"750",286,"B Randall",0.00221229423991208,"close"
"751",287,"L Tyler",0.00221235766608212,"close"
"752",288,"S Garfield",0.00216450216450216,"close"
"753",289,"M Elshaw",0.00216450216450216,"close"
"754",290,"S Wermter",0.00216450216450216,"close"
"755",291,"L Macedo",0.00215982721382289,"close"
"756",292,"A Cardoso",0.00215982721382289,"close"
"757",293,"P Healey",0.00216919739696312,"close"
"758",294,"N Swoboda",0.00216919739696312,"close"
"759",295,"I Umata",0.00216919739696312,"close"
"760",296,"Y Katagiri",0.00216919739696312,"close"
"761",297,"J Smith",0.00216919739696312,"close"
"762",298,"R Siegert",0.00216919739696312,"close"
"763",299,"J McDowall",0.00216919739696312,"close"
"764",300,"D Abernethy",0.00216919739696312,"close"
"765",301,"E Chew",0.0021551724137931,"close"
"766",302,"U Hahn",0.0021691872341223,"close"
"767",303,"L Richardson",0.0021691872341223,"close"
"768",304,"N Chater",0.00216919739696312,"close"
"769",305,"J Quayle",0.00215982721382289,"close"
"770",306,"L Ball",0.00215982721382289,"close"
"771",307,"A Feeney",0.00218817346591554,"close"
"772",308,"S Handley",0.00218811141882248,"close"
"773",309,"M Schoelles",0.00215982721382289,"close"
"774",310,"W Gray",0.00215982721382289,"close"
"775",311,"H Suzuki",0.00216919739696312,"close"
"776",312,"K Abe",0.00216919739696312,"close"
"777",313,"K Hiraki",0.00216919739696312,"close"
"778",314,"M Miyazaki",0.00216919739696312,"close"
"779",315,"A Masnick",0.00216449204560861,"close"
"780",316,"D Klahr",0.00216450216450216,"close"
"781",317,"T Griffin",0.0021691770713767,"close"
"782",318,"S Ohlsson",0.00216919739696312,"close"
"783",319,"M Greer",0.00221230481068787,"close"
"784",320,"M Casteren",0.00221230481068787,"close"
"785",321,"S McLellan",0.00221230481068787,"close"
"786",322,"H Moss",0.00221230481068787,"close"
"787",323,"T Rogers",0.00221230481068787,"close"
"788",324,"S Graham",0.00216450216450216,"close"
"789",325,"C Kilbreath",0.00216450216450216,"close"
"790",326,"A Welder",0.00216450216450216,"close"
"791",327,"S McDonald",0.0021881217597603,"close"
"792",328,"W Neys",0.00216450216450216,"close"
"793",329,"W Schaeken",0.00216450216450216,"close"
"794",330,"G d'Ydewalle",0.00216450216450216,"close"
"795",331,"C Hadjichristidis",0.00218817346591554,"close"
"796",332,"S Sloman",0.00218817346591554,"close"
"797",333,"E Wisniewski",0.0021881217597603,"close"
"798",334,"N Chang",0.00215982721382289,"close"
"799",335,"T Maia",0.00215982721382289,"close"
"800",336,"B Rittle-Johnson",0.0021691770713767,"close"
"801",337,"E Hoenkamp",0.00215982721382289,"close"
"802",338,"H Vugt",0.00215982721382289,"close"
"803",339,"M Burton",0.00215982721382289,"close"
"804",340,"P Brna",0.00215982721382289,"close"
"805",341,"R Byrne",0.00216449204560861,"close"
"806",342,"B Rehder",0.00215982721382289,"close"
"807",343,"G Murphy",0.00215982721382289,"close"
"808",344,"Y Chou",0.00217860823165711,"close"
"809",345,"E Bard",0.00215982721382289,"close"
"810",346,"M Aylett",0.00215982721382289,"close"
"811",347,"D Pozega",0.00215982721382289,"close"
"812",348,"P Thagard",0.00215982721382289,"close"
"813",349,"N Kirkham",0.00216450216450216,"close"
"814",350,"J Slemmer",0.00216450216450216,"close"
"815",351,"S Johnson",0.00216450216450216,"close"
"816",352,"G Bingham",0.0021551724137931,"close"
"817",353,"Y Lo",0.00217388242254077,"close"
"818",354,"D Janetzko",0.0021551724137931,"close"
"819",355,"S Franklin",0.00220740027366042,"close"
"820",356,"E Pothos",0.0021691770713767,"close"
"821",357,"M Andrews",0.0021551724137931,"close"
"822",358,"H Chaput",0.00215982721382289,"close"
"823",359,"L Cohen",0.00215982721382289,"close"
"824",360,"Z Dienes",0.00215982721382289,"close"
"825",361,"J Perner",0.00215982721382289,"close"
"826",362,"E Sander",0.0021551724137931,"close"
"827",363,"T Ono",0.00216450216450216,"close"
"828",364,"M Imai",0.00216450216450216,"close"
"829",365,"H Ishiguro",0.00216450216450216,"close"
"830",366,"D Fum",0.00215982721382289,"close"
"831",367,"F Missier",0.00215982721382289,"close"
"832",368,"N Stewart",0.00216450216450216,"close"
"833",369,"N Charter",0.00216450216450216,"close"
"834",370,"H Stott",0.00216450216450216,"close"
"835",371,"R Farivar",0.00216450216450216,"close"
"836",372,"N Silverbag",0.00216450216450216,"close"
"837",373,"H Kadlec",0.00216450216450216,"close"
"838",374,"S Kiran",0.00218810107798241,"close"
"839",375,"C Thompson",0.00218810107798241,"close"
"840",376,"K Anderson",0.0021691770713767,"close"
"841",377,"O Vilarroya",0.0021551724137931,"close"
"842",378,"A Gordon",0.00222210490446869,"close"
"843",379,"M Chen",0.0021551724137931,"close"
"844",380,"B Kokinov",0.00215982721382289,"close"
"845",381,"N Zareva-Toncheva",0.00215982721382289,"close"
"846",382,"J Watson",0.00217861848296631,"close"
"847",383,"P Juslin",0.00216450216450216,"close"
"848",384,"H Nilsson",0.00216450216450216,"close"
"849",385,"H Olsson",0.00216450216450216,"close"
"850",386,"J McFadzean",0.00222207291086752,"close"
"851",387,"L Copeland",0.00222207291086752,"close"
"852",388,"M Feist",0.00218803903499445,"close"
"853",389,"M Christiansen",0.00215982721382289,"close"
"854",390,"R Dale",0.00215982721382289,"close"
"855",391,"R Stevenson",0.002188163124489,"close"
"856",392,"D Over",0.002188163124489,"close"
"857",393,"J Evans",0.002188163124489,"close"
"858",394,"G Westermann",0.0021551724137931,"close"
"859",395,"C Callaway",0.00215982721382289,"close"
"860",396,"J Lester",0.00215982721382289,"close"
"861",397,"T Nokes",0.0021691770713767,"close"
"862",398,"R Breheny",0.0021551724137931,"close"
"863",399,"B Bowdle",0.00218809073724008,"close"
"864",400,"H Tabbers",0.00216450216450216,"close"
"865",401,"R Martens",0.00216450216450216,"close"
"866",402,"J Merrienboer",0.00216450216450216,"close"
"867",403,"M Mermillod",0.00218337522458584,"close"
"868",404,"P Quinn",0.00218337522458584,"close"
"869",405,"K Rinella",0.0021691872341223,"close"
"870",406,"S Brinsjord",0.0021691872341223,"close"
"871",407,"W Wilson",0.00216450216450216,"close"
"872",408,"N Marcus",0.00216450216450216,"close"
"873",409,"G Halford",0.00216450216450216,"close"
"874",410,"C Sandhofer",0.00220740027366042,"close"
"875",411,"P Berretty",0.0021551724137931,"close"
"876",412,"D Harter",0.00220741079771917,"close"
"877",413,"R Kozma",0.00220741079771917,"close"
"878",414,"J Nelson",0.00217389262942408,"close"
"879",415,"J Movellan",0.00217389262942408,"close"
"880",416,"R Morrison",0.00222198759910161,"close"
"881",417,"B Troung",0.00222198759910161,"close"
"882",418,"T Regier",0.00220744237049751,"close"
"883",419,"B Corrigan",0.00220744237049751,"close"
"884",420,"R Cabasaan",0.00220744237049751,"close"
"885",421,"A Woodward",0.00220744237049751,"close"
"886",422,"M Gasser",0.00220744237049751,"close"
"887",423,"T Koschmann",0.00216919739696312,"close"
"888",424,"C Goodwin",0.00216919739696312,"close"
"889",425,"C LeBaron",0.00216919739696312,"close"
"890",426,"P Feltovich",0.00216919739696312,"close"
"891",427,"S Lu",0.00220742132187826,"close"
"892",428,"E Cooper",0.00220742132187826,"close"
"893",429,"T Zentall",0.00215982721382289,"close"
"894",430,"T Clement",0.00215982721382289,"close"
"895",431,"C Rose",0.00216919739696312,"close"
"896",432,"J Moore",0.00216919739696312,"close"
"897",433,"K VanLehn",0.00216919739696312,"close"
"898",434,"D Allbritton",0.00216919739696312,"close"
"899",435,"L Paul",0.00216919739696312,"close"
"900",436,"D Navarro",0.00215982721382289,"close"
"901",437,"M Lee",0.00215982721382289,"close"
"902",438,"D Meehan",0.0021551724137931,"close"
"903",439,"J Bolte",0.0021551724137931,"close"
"904",440,"T Kershaw",0.0021691770713767,"close"
"905",441,"D Noelle",0.0021551724137931,"close"
"906",442,"K Livingston",0.00216450216450216,"close"
"907",443,"J Andrews",0.00216450216450216,"close"
"908",444,"P Dwyer",0.00216450216450216,"close"
"909",445,"S Beller",0.0021551724137931,"close"
"910",446,"D Peebles",0.00222206224653853,"close"
"911",447,"S Howell",0.00215982721382289,"close"
"912",448,"S Becker",0.00215982721382289,"close"
"913",449,"K Wiemer-Hastings",0.00216450216450216,"close"
"914",450,"J Krug",0.00216450216450216,"close"
"915",451,"X Xu",0.00216450216450216,"close"
"916",452,"S Edelman",0.00217862873437199,"close"
"917",453,"A Naples",0.00217862873437199,"close"
"918",454,"A Pyke",0.00215982721382289,"close"
"919",455,"R West",0.00215982721382289,"close"
"920",456,"S Charman",0.0021738722157533,"close"
"921",457,"N Nersessian",0.0021551724137931,"close"
"922",458,"R Mathews",0.00216449204560861,"close"
"923",459,"P Todd",0.00216450216450216,"close"
"924",460,"S Kirby",0.00216450216450216,"close"
"925",461,"J Hurford",0.00216450216450216,"close"
"926",462,"P Langley",0.00222210490446869,"close"
"927",463,"S Kocabas",0.00222210490446869,"close"
"928",464,"D Sleeman",0.00222210490446869,"close"
"929",1,"E Littleton",0,"between"
"930",2,"C Schunn",6,"between"
"931",3,"S Kirschenbaum",0,"between"
"932",4,"R Goldberg",0,"between"
"933",5,"D Casasanto",0,"between"
"934",6,"J Kounios",0,"between"
"935",7,"J Detre",0,"between"
"936",8,"J Hampton",0,"between"
"937",9,"A Green",0,"between"
"938",10,"Z Estes",4,"between"
"939",11,"S Bringsjord",0,"between"
"940",12,"Y Yang",2,"between"
"941",13,"N Davidenko",0,"between"
"942",14,"J Tenenbaum",5,"between"
"943",15,"S Flinn",0,"between"
"944",16,"A Soares",0,"between"
"945",17,"C Correa",0,"between"
"946",18,"S Segura",0,"between"
"947",19,"R McCloy",0,"between"
"948",20,"D Billman",2,"between"
"949",21,"M Firment",0,"between"
"950",22,"H Wiese",0,"between"
"951",23,"M Piñango",0,"between"
"952",24,"T Yagyu",0,"between"
"953",25,"R Spiegel",0,"between"
"954",26,"I McLaren",9,"between"
"955",27,"H Ogasawara",0,"between"
"956",28,"T Ohno",0,"between"
"957",29,"V Kempe",0,"between"
"958",30,"R Levy",0,"between"
"959",31,"C Graci",0,"between"
"960",32,"K Kurtz",10,"between"
"961",33,"J Cochener",0,"between"
"962",34,"D Medin",14,"between"
"963",35,"B Morris",0,"between"
"964",36,"W Levy",0,"between"
"965",37,"X Wu",0,"between"
"966",38,"Y Lee",0,"between"
"967",39,"D Dubois",0,"between"
"968",40,"C Cance",0,"between"
"969",41,"G Miles",0,"between"
"970",42,"A Howes",5,"between"
"971",43,"M Yip",0,"between"
"972",44,"K Whitley",0,"between"
"973",45,"L Novick",0,"between"
"974",46,"D Fisher",0,"between"
"975",47,"H Barrett",0,"between"
"976",48,"D Bree",0,"between"
"977",49,"E Laurent",0,"between"
"978",50,"T Ripoll",0,"between"
"979",51,"H Ripoll",0,"between"
"980",52,"R Gibbs",0,"between"
"981",53,"T Matsui",0,"between"
"982",54,"J Snedeker",0,"between"
"983",55,"J Trueswell",0,"between"
"984",56,"G Aist",0,"between"
"985",57,"D Tanaka",0,"between"
"986",58,"D Liu",0,"between"
"987",59,"C Blunt",0,"between"
"988",60,"J Lindsay",0,"between"
"989",61,"U Hasson",3,"between"
"990",62,"H White",0,"between"
"991",63,"P Shah",0,"between"
"992",64,"H Shirouzu",0,"between"
"993",65,"G Cree",0,"between"
"994",66,"K McRae",4,"between"
"995",67,"S Glucksber",0,"between"
"996",68,"M Baumann",0,"between"
"997",69,"J Krems",0,"between"
"998",70,"L Perez-Miranda",0,"between"
"999",71,"K Kwok",0,"between"
"1000",72,"J McClelland",0,"between"
"1001",73,"E Colunga",0,"between"
"1002",74,"L Smith",39,"between"
"1003",75,"R Catramabone",0,"between"
"1004",76,"R Atkinson",0,"between"
"1005",77,"L Magnani",0,"between"
"1006",78,"I Wachsmuth",0,"between"
"1007",79,"M Frank",0,"between"
"1008",80,"L Boroditsky",0,"between"
"1009",81,"M Ellefson",0,"between"
"1010",82,"K Gluck",4,"between"
"1011",83,"M Young",0,"between"
"1012",84,"M Pelley",0,"between"
"1013",85,"S Forwood",0,"between"
"1014",86,"R Alterman",0,"between"
"1015",87,"A Feinman",0,"between"
"1016",88,"J Introne",0,"between"
"1017",89,"S Landsman",0,"between"
"1018",90,"F Keller",0,"between"
"1019",91,"A Asudeh",0,"between"
"1020",92,"C Walsh",1,"between"
"1021",93,"P Johnson-Laird",0,"between"
"1022",94,"P Pexman",2,"between"
"1023",95,"S Lupker",0,"between"
"1024",96,"Y Hino",0,"between"
"1025",97,"M Hare",0,"between"
"1026",98,"T Ferretti",0,"between"
"1027",99,"J Elman",4,"between"
"1028",100,"B Burns",0,"between"
"1029",101,"P Wiemer-Hastings",0,"between"
"1030",102,"I Zipitria",0,"between"
"1031",103,"A Reid",0,"between"
"1032",104,"W Marslen-Wilson",24.5,"between"
"1033",105,"J Hale",0,"between"
"1034",106,"P Smolensky",0,"between"
"1035",107,"R Shillcock",9,"between"
"1036",108,"P Monaghan",0,"between"
"1037",109,"J Wiley",0,"between"
"1038",110,"J Rodd",13,"between"
"1039",111,"G Gaskell",0,"between"
"1040",112,"R Meeks",0,"between"
"1041",113,"J Staszewski",0,"between"
"1042",114,"H Richman",0,"between"
"1043",115,"H Simon",0,"between"
"1044",116,"P Delahanty",0,"between"
"1045",117,"M Vilcu",0,"between"
"1046",118,"R Hadley",0,"between"
"1047",119,"K Sacco",0,"between"
"1048",120,"M Bucciarelli",0,"between"
"1049",121,"M Adenzato",0,"between"
"1050",122,"P Slusarz",0,"between"
"1051",123,"R Sun",1,"between"
"1052",124,"D Gentner",6,"between"
"1053",125,"J Bullinaria",0,"between"
"1054",126,"L Bonnar",0,"between"
"1055",127,"P Schyns",0,"between"
"1056",128,"F Gosselin",0,"between"
"1057",129,"M Rabinowitz",0,"between"
"1058",130,"T Hogan",0,"between"
"1059",131,"L Connell",0,"between"
"1060",132,"M Ramscar",19,"between"
"1061",133,"R Reuter",0,"between"
"1062",134,"J Wiles",1.5,"between"
"1063",135,"R Schulz",0,"between"
"1064",136,"S Bolland",0,"between"
"1065",137,"B Tonkes",1.5,"between"
"1066",138,"J Hallinan",0,"between"
"1067",139,"T Griffiths",0,"between"
"1068",140,"J Weisberg",0,"between"
"1069",141,"T Shultz",0,"between"
"1070",142,"J Katz",0,"between"
"1071",143,"M Lepper",0,"between"
"1072",144,"K Miwa",0,"between"
"1073",145,"L Mujica-Parodi",0,"between"
"1074",146,"T Greenberg",0,"between"
"1075",147,"R Bilder",0,"between"
"1076",148,"D Malaspina",0,"between"
"1077",149,"M Tyler",0,"between"
"1078",150,"M Spivey",5,"between"
"1079",151,"W Lowe",0,"between"
"1080",152,"C Stilwell",0,"between"
"1081",153,"A Markman",0,"between"
"1082",154,"H Yoshida",0,"between"
"1083",155,"C Drake",0,"between"
"1084",156,"J Swanson",0,"between"
"1085",157,"L Gudel",0,"between"
"1086",158,"F Costello",0,"between"
"1087",159,"S Blok",0,"between"
"1088",160,"G Newman",0,"between"
"1089",161,"J Behr",0,"between"
"1090",162,"L Rips",0,"between"
"1091",163,"D Hilton",0,"between"
"1092",164,"J Bonnefon",0,"between"
"1093",165,"M Kemmelmeier",0,"between"
"1094",166,"K Thorpe",0,"between"
"1095",167,"A Raftopoulos",0,"between"
"1096",168,"P Munro",0,"between"
"1097",169,"G Cottrell",3,"between"
"1098",170,"T Palmeri",0,"between"
"1099",171,"M Flanery",0,"between"
"1100",172,"D Richardson",1,"between"
"1101",173,"J Cheung",0,"between"
"1102",174,"S Scott",0,"between"
"1103",175,"S Bode",0,"between"
"1104",176,"S Curtiss",0,"between"
"1105",177,"N Kim",0,"between"
"1106",178,"W Ahn",0,"between"
"1107",179,"M Oram",0,"between"
"1108",180,"M MacLeod",0,"between"
"1109",181,"M Thomas",0,"between"
"1110",182,"D Mareschal",8,"between"
"1111",183,"A C.Hinds",0,"between"
"1112",184,"S Filipic",0,"between"
"1113",185,"R Jones",0,"between"
"1114",186,"E Fleischman",0,"between"
"1115",187,"M O'Toole",0,"between"
"1116",188,"J Oberlander",0,"between"
"1117",189,"M Suret",0,"between"
"1118",190,"S Marsella",0,"between"
"1119",191,"J Gratch",0,"between"
"1120",192,"M Johannesson",0,"between"
"1121",193,"R Baker",0,"between"
"1122",194,"A Corebett",0,"between"
"1123",195,"K Koedinger",2,"between"
"1124",196,"M Tamariz",0,"between"
"1125",197,"M Keane",0,"between"
"1126",198,"D Hackett",0,"between"
"1127",199,"J Davenport",0,"between"
"1128",200,"B Schaper",0,"between"
"1129",201,"U Oestermeier",0,"between"
"1130",202,"F Hesse",0,"between"
"1131",203,"P Oudeyer",0,"between"
"1132",204,"H Paterson",0,"between"
"1133",205,"F Pollick",0,"between"
"1134",206,"A Sanford",0,"between"
"1135",207,"W Schoppek",0,"between"
"1136",208,"S Boudelaa",0,"between"
"1137",209,"A Cangelosi",0,"between"
"1138",210,"D Parisi",0,"between"
"1139",211,"A Borghi",0,"between"
"1140",212,"N Caramelli",0,"between"
"1141",213,"P Slezak",0,"between"
"1142",214,"K Moll",0,"between"
"1143",215,"E Cardillo",0,"between"
"1144",216,"J Utman",0,"between"
"1145",217,"D Yarlett",0,"between"
"1146",218,"P Bach",0,"between"
"1147",219,"G Knoblich",0,"between"
"1148",220,"A Friederici",0,"between"
"1149",221,"W Prinz",0,"between"
"1150",222,"M Wolters",0,"between"
"1151",223,"D Beaver",0,"between"
"1152",224,"H Neth",0,"between"
"1153",225,"S Payne",3,"between"
"1154",226,"F Jones",0,"between"
"1155",227,"V Sloutsky",5,"between"
"1156",228,"A Fisher",0,"between"
"1157",229,"J Sougne",0,"between"
"1158",230,"R French",5,"between"
"1159",231,"M Matessa",0,"between"
"1160",232,"J Barnden",0,"between"
"1161",233,"S Trickett",0,"between"
"1162",234,"J Trafton",0,"between"
"1163",235,"A Harrison",0,"between"
"1164",236,"J Lewis",0,"between"
"1165",237,"A Salah",0,"between"
"1166",238,"E Aplaydin",0,"between"
"1167",239,"L Akarun",0,"between"
"1168",240,"J Choplin",0,"between"
"1169",241,"P Cheng",73,"between"
"1170",242,"K Holyoak",24,"between"
"1171",243,"J Brown",0,"between"
"1172",244,"M Lovett",0,"between"
"1173",245,"C Buck-Gengler",0,"between"
"1174",246,"L Menn",0,"between"
"1175",247,"A Healy",0,"between"
"1176",248,"D Franceshetti",0,"between"
"1177",249,"A Karnavat",0,"between"
"1178",250,"J Marineau",0,"between"
"1179",251,"G McCallie",0,"between"
"1180",252,"B Olde",5,"between"
"1181",253,"B Terry",0,"between"
"1182",254,"A Graesser",31,"between"
"1183",255,"G Gergely",0,"between"
"1184",256,"H Bekkering",0,"between"
"1185",257,"I Kiraly",0,"between"
"1186",258,"F Gobet",0,"between"
"1187",259,"M Werning",0,"between"
"1188",260,"P Lee",0,"between"
"1189",261,"B Tversky",0,"between"
"1190",262,"J Edwards",0,"between"
"1191",263,"Y Silberman",0,"between"
"1192",264,"R Miikulainen",0,"between"
"1193",265,"S Bentin",0,"between"
"1194",266,"M Sugimoto",0,"between"
"1195",267,"H Ohnishi",0,"between"
"1196",268,"C Constantinou",0,"between"
"1197",269,"G Spanoudis",0,"between"
"1198",270,"C Johnson",0,"between"
"1199",271,"T Oswald",0,"between"
"1200",272,"N Braisby",0,"between"
"1201",273,"C Miller",0,"between"
"1202",274,"R Remington",0,"between"
"1203",275,"N Taatgen",0,"between"
"1204",276,"A Napolitano",0,"between"
"1205",277,"S Boysen",0,"between"
"1206",278,"E Melis",0,"between"
"1207",279,"C Glasmacher",0,"between"
"1208",280,"C Ullrich",0,"between"
"1209",281,"P Gerjets",0,"between"
"1210",282,"P Lane",0,"between"
"1211",283,"T Alloway",0,"between"
"1212",284,"M Corley",0,"between"
"1213",285,"C Longworth",0,"between"
"1214",286,"B Randall",0,"between"
"1215",287,"L Tyler",18.5,"between"
"1216",288,"S Garfield",0,"between"
"1217",289,"M Elshaw",0,"between"
"1218",290,"S Wermter",0,"between"
"1219",291,"L Macedo",0,"between"
"1220",292,"A Cardoso",0,"between"
"1221",293,"P Healey",0,"between"
"1222",294,"N Swoboda",0,"between"
"1223",295,"I Umata",0,"between"
"1224",296,"Y Katagiri",0,"between"
"1225",297,"J Smith",0,"between"
"1226",298,"R Siegert",0,"between"
"1227",299,"J McDowall",0,"between"
"1228",300,"D Abernethy",0,"between"
"1229",301,"E Chew",0,"between"
"1230",302,"U Hahn",0,"between"
"1231",303,"L Richardson",0,"between"
"1232",304,"N Chater",2,"between"
"1233",305,"J Quayle",0,"between"
"1234",306,"L Ball",0,"between"
"1235",307,"A Feeney",6,"between"
"1236",308,"S Handley",0,"between"
"1237",309,"M Schoelles",0,"between"
"1238",310,"W Gray",0,"between"
"1239",311,"H Suzuki",0,"between"
"1240",312,"K Abe",0,"between"
"1241",313,"K Hiraki",0,"between"
"1242",314,"M Miyazaki",0,"between"
"1243",315,"A Masnick",0,"between"
"1244",316,"D Klahr",1,"between"
"1245",317,"T Griffin",0,"between"
"1246",318,"S Ohlsson",3,"between"
"1247",319,"M Greer",0,"between"
"1248",320,"M Casteren",0,"between"
"1249",321,"S McLellan",0,"between"
"1250",322,"H Moss",0,"between"
"1251",323,"T Rogers",0,"between"
"1252",324,"S Graham",0,"between"
"1253",325,"C Kilbreath",0,"between"
"1254",326,"A Welder",0,"between"
"1255",327,"S McDonald",0,"between"
"1256",328,"W Neys",0,"between"
"1257",329,"W Schaeken",0,"between"
"1258",330,"G d'Ydewalle",0,"between"
"1259",331,"C Hadjichristidis",2.5,"between"
"1260",332,"S Sloman",2.5,"between"
"1261",333,"E Wisniewski",0,"between"
"1262",334,"N Chang",0,"between"
"1263",335,"T Maia",0,"between"
"1264",336,"B Rittle-Johnson",0,"between"
"1265",337,"E Hoenkamp",0,"between"
"1266",338,"H Vugt",0,"between"
"1267",339,"M Burton",0,"between"
"1268",340,"P Brna",0,"between"
"1269",341,"R Byrne",0,"between"
"1270",342,"B Rehder",0,"between"
"1271",343,"G Murphy",0,"between"
"1272",344,"Y Chou",0,"between"
"1273",345,"E Bard",0,"between"
"1274",346,"M Aylett",0,"between"
"1275",347,"D Pozega",0,"between"
"1276",348,"P Thagard",0,"between"
"1277",349,"N Kirkham",0,"between"
"1278",350,"J Slemmer",0,"between"
"1279",351,"S Johnson",0,"between"
"1280",352,"G Bingham",0,"between"
"1281",353,"Y Lo",0,"between"
"1282",354,"D Janetzko",0,"between"
"1283",355,"S Franklin",0,"between"
"1284",356,"E Pothos",0,"between"
"1285",357,"M Andrews",0,"between"
"1286",358,"H Chaput",0,"between"
"1287",359,"L Cohen",0,"between"
"1288",360,"Z Dienes",0,"between"
"1289",361,"J Perner",0,"between"
"1290",362,"E Sander",0,"between"
"1291",363,"T Ono",0,"between"
"1292",364,"M Imai",0,"between"
"1293",365,"H Ishiguro",0,"between"
"1294",366,"D Fum",0,"between"
"1295",367,"F Missier",0,"between"
"1296",368,"N Stewart",0,"between"
"1297",369,"N Charter",0,"between"
"1298",370,"H Stott",0,"between"
"1299",371,"R Farivar",0,"between"
"1300",372,"N Silverbag",0,"between"
"1301",373,"H Kadlec",0,"between"
"1302",374,"S Kiran",0,"between"
"1303",375,"C Thompson",0,"between"
"1304",376,"K Anderson",0,"between"
"1305",377,"O Vilarroya",0,"between"
"1306",378,"A Gordon",0,"between"
"1307",379,"M Chen",0,"between"
"1308",380,"B Kokinov",0,"between"
"1309",381,"N Zareva-Toncheva",0,"between"
"1310",382,"J Watson",0,"between"
"1311",383,"P Juslin",0,"between"
"1312",384,"H Nilsson",0,"between"
"1313",385,"H Olsson",0,"between"
"1314",386,"J McFadzean",0,"between"
"1315",387,"L Copeland",0,"between"
"1316",388,"M Feist",0,"between"
"1317",389,"M Christiansen",0,"between"
"1318",390,"R Dale",0,"between"
"1319",391,"R Stevenson",0,"between"
"1320",392,"D Over",0,"between"
"1321",393,"J Evans",0,"between"
"1322",394,"G Westermann",0,"between"
"1323",395,"C Callaway",0,"between"
"1324",396,"J Lester",0,"between"
"1325",397,"T Nokes",0,"between"
"1326",398,"R Breheny",0,"between"
"1327",399,"B Bowdle",0,"between"
"1328",400,"H Tabbers",0,"between"
"1329",401,"R Martens",0,"between"
"1330",402,"J Merrienboer",0,"between"
"1331",403,"M Mermillod",0,"between"
"1332",404,"P Quinn",0,"between"
"1333",405,"K Rinella",0,"between"
"1334",406,"S Brinsjord",0,"between"
"1335",407,"W Wilson",0,"between"
"1336",408,"N Marcus",0,"between"
"1337",409,"G Halford",0,"between"
"1338",410,"C Sandhofer",0,"between"
"1339",411,"P Berretty",0,"between"
"1340",412,"D Harter",0,"between"
"1341",413,"R Kozma",0,"between"
"1342",414,"J Nelson",0,"between"
"1343",415,"J Movellan",0,"between"
"1344",416,"R Morrison",0,"between"
"1345",417,"B Troung",0,"between"
"1346",418,"T Regier",0,"between"
"1347",419,"B Corrigan",0,"between"
"1348",420,"R Cabasaan",0,"between"
"1349",421,"A Woodward",0,"between"
"1350",422,"M Gasser",0,"between"
"1351",423,"T Koschmann",0,"between"
"1352",424,"C Goodwin",0,"between"
"1353",425,"C LeBaron",0,"between"
"1354",426,"P Feltovich",0,"between"
"1355",427,"S Lu",0,"between"
"1356",428,"E Cooper",0,"between"
"1357",429,"T Zentall",0,"between"
"1358",430,"T Clement",0,"between"
"1359",431,"C Rose",0,"between"
"1360",432,"J Moore",0,"between"
"1361",433,"K VanLehn",0,"between"
"1362",434,"D Allbritton",0,"between"
"1363",435,"L Paul",0,"between"
"1364",436,"D Navarro",0,"between"
"1365",437,"M Lee",0,"between"
"1366",438,"D Meehan",0,"between"
"1367",439,"J Bolte",0,"between"
"1368",440,"T Kershaw",0,"between"
"1369",441,"D Noelle",0,"between"
"1370",442,"K Livingston",0,"between"
"1371",443,"J Andrews",0,"between"
"1372",444,"P Dwyer",0,"between"
"1373",445,"S Beller",0,"between"
"1374",446,"D Peebles",0,"between"
"1375",447,"S Howell",0,"between"
"1376",448,"S Becker",0,"between"
"1377",449,"K Wiemer-Hastings",0,"between"
"1378",450,"J Krug",0,"between"
"1379",451,"X Xu",0,"between"
"1380",452,"S Edelman",0,"between"
"1381",453,"A Naples",0,"between"
"1382",454,"A Pyke",0,"between"
"1383",455,"R West",0,"between"
"1384",456,"S Charman",0,"between"
"1385",457,"N Nersessian",0,"between"
"1386",458,"R Mathews",0,"between"
"1387",459,"P Todd",0,"between"
"1388",460,"S Kirby",0,"between"
"1389",461,"J Hurford",0,"between"
"1390",462,"P Langley",0,"between"
"1391",463,"S Kocabas",0,"between"
"1392",464,"D Sleeman",0,"between"
"1393",1,"E Littleton",6.98376220036189e-17,"eigen"
"1394",2,"C Schunn",0,"eigen"
"1395",3,"S Kirschenbaum",4.69488690041755e-17,"eigen"
"1396",4,"R Goldberg",2.84934089077114e-17,"eigen"
"1397",5,"D Casasanto",0,"eigen"
"1398",6,"J Kounios",0,"eigen"
"1399",7,"J Detre",0,"eigen"
"1400",8,"J Hampton",0,"eigen"
"1401",9,"A Green",0,"eigen"
"1402",10,"Z Estes",0,"eigen"
"1403",11,"S Bringsjord",1.78067162121478e-17,"eigen"
"1404",12,"Y Yang",0,"eigen"
"1405",13,"N Davidenko",2.31284694514862e-17,"eigen"
"1406",14,"J Tenenbaum",0,"eigen"
"1407",15,"S Flinn",2.84934089077114e-17,"eigen"
"1408",16,"A Soares",3.48573188462062e-17,"eigen"
"1409",17,"C Correa",3.19084694019316e-17,"eigen"
"1410",18,"S Segura",2.95286116193101e-17,"eigen"
"1411",19,"R McCloy",3.31677941918469e-17,"eigen"
"1412",20,"D Billman",0,"eigen"
"1413",21,"M Firment",1.22008505966609e-17,"eigen"
"1414",22,"H Wiese",1.22928808392259e-17,"eigen"
"1415",23,"M Piñango",0,"eigen"
"1416",24,"T Yagyu",2.84934089077114e-17,"eigen"
"1417",25,"R Spiegel",0,"eigen"
"1418",26,"I McLaren",0,"eigen"
"1419",27,"H Ogasawara",2.83589915575918e-17,"eigen"
"1420",28,"T Ohno",3.36931859538625e-17,"eigen"
"1421",29,"V Kempe",0,"eigen"
"1422",30,"R Levy",0,"eigen"
"1423",31,"C Graci",0,"eigen"
"1424",32,"K Kurtz",0,"eigen"
"1425",33,"J Cochener",1.44640818674375e-17,"eigen"
"1426",34,"D Medin",0,"eigen"
"1427",35,"B Morris",0,"eigen"
"1428",36,"W Levy",3.07686739705279e-17,"eigen"
"1429",37,"X Wu",3.28740167587196e-17,"eigen"
"1430",38,"Y Lee",2.84934089077114e-17,"eigen"
"1431",39,"D Dubois",3.53239328739956e-17,"eigen"
"1432",40,"C Cance",2.92677184912529e-17,"eigen"
"1433",41,"G Miles",2.16657781061908e-17,"eigen"
"1434",42,"A Howes",0,"eigen"
"1435",43,"M Yip",2.84934089077114e-17,"eigen"
"1436",44,"K Whitley",0,"eigen"
"1437",45,"L Novick",0,"eigen"
"1438",46,"D Fisher",0,"eigen"
"1439",47,"H Barrett",2.84934089077114e-17,"eigen"
"1440",48,"D Bree",2.84934089077114e-17,"eigen"
"1441",49,"E Laurent",0,"eigen"
"1442",50,"T Ripoll",0,"eigen"
"1443",51,"H Ripoll",0,"eigen"
"1444",52,"R Gibbs",2.75818222115216e-17,"eigen"
"1445",53,"T Matsui",3.24762066018047e-17,"eigen"
"1446",54,"J Snedeker",0,"eigen"
"1447",55,"J Trueswell",0,"eigen"
"1448",56,"G Aist",2.84934089077114e-17,"eigen"
"1449",57,"D Tanaka",2.84934089077114e-17,"eigen"
"1450",58,"D Liu",2.84934089077114e-17,"eigen"
"1451",59,"C Blunt",0,"eigen"
"1452",60,"J Lindsay",0,"eigen"
"1453",61,"U Hasson",0,"eigen"
"1454",62,"H White",3.2594230178002e-17,"eigen"
"1455",63,"P Shah",2.98643589707989e-17,"eigen"
"1456",64,"H Shirouzu",2.84934089077114e-17,"eigen"
"1457",65,"G Cree",6.78548686168203e-17,"eigen"
"1458",66,"K McRae",0,"eigen"
"1459",67,"S Glucksber",8.53561766687514e-18,"eigen"
"1460",68,"M Baumann",3.44601214431022e-17,"eigen"
"1461",69,"J Krems",3.72769610635248e-17,"eigen"
"1462",70,"L Perez-Miranda",2.84934089077114e-17,"eigen"
"1463",71,"K Kwok",3.18117319530649e-17,"eigen"
"1464",72,"J McClelland",3.33939910007427e-17,"eigen"
"1465",73,"E Colunga",0,"eigen"
"1466",74,"L Smith",0,"eigen"
"1467",75,"R Catramabone",2.32073410576539e-17,"eigen"
"1468",76,"R Atkinson",3.82244384807784e-17,"eigen"
"1469",77,"L Magnani",0,"eigen"
"1470",78,"I Wachsmuth",2.84934089077114e-17,"eigen"
"1471",79,"M Frank",3.57705919929024e-17,"eigen"
"1472",80,"L Boroditsky",3.31080913811048e-17,"eigen"
"1473",81,"M Ellefson",2.84934089077114e-17,"eigen"
"1474",82,"K Gluck",0,"eigen"
"1475",83,"M Young",0,"eigen"
"1476",84,"M Pelley",0,"eigen"
"1477",85,"S Forwood",0,"eigen"
"1478",86,"R Alterman",8.70864612010076e-18,"eigen"
"1479",87,"A Feinman",7.87780798791033e-18,"eigen"
"1480",88,"J Introne",0,"eigen"
"1481",89,"S Landsman",2.08249790540281e-17,"eigen"
"1482",90,"F Keller",3.09376406709353e-17,"eigen"
"1483",91,"A Asudeh",3.09562077624825e-17,"eigen"
"1484",92,"C Walsh",0,"eigen"
"1485",93,"P Johnson-Laird",3.93294288446975e-17,"eigen"
"1486",94,"P Pexman",0,"eigen"
"1487",95,"S Lupker",0,"eigen"
"1488",96,"Y Hino",0,"eigen"
"1489",97,"M Hare",7.81146508471687e-17,"eigen"
"1490",98,"T Ferretti",6.89383300254643e-17,"eigen"
"1491",99,"J Elman",0,"eigen"
"1492",100,"B Burns",2.84934089077114e-17,"eigen"
"1493",101,"P Wiemer-Hastings",2.83355912258471e-17,"eigen"
"1494",102,"I Zipitria",3.12287887229785e-17,"eigen"
"1495",103,"A Reid",2.02838550637472e-15,"eigen"
"1496",104,"W Marslen-Wilson",1.2302240550858e-14,"eigen"
"1497",105,"J Hale",2.85369144139362e-17,"eigen"
"1498",106,"P Smolensky",2.29151876542784e-17,"eigen"
"1499",107,"R Shillcock",0,"eigen"
"1500",108,"P Monaghan",3.63417489255044e-19,"eigen"
"1501",109,"J Wiley",2.84934089077114e-17,"eigen"
"1502",110,"J Rodd",2.57918287152037e-14,"eigen"
"1503",111,"G Gaskell",6.25006590988633e-15,"eigen"
"1504",112,"R Meeks",2.84934089077114e-17,"eigen"
"1505",113,"J Staszewski",0,"eigen"
"1506",114,"H Richman",0,"eigen"
"1507",115,"H Simon",0,"eigen"
"1508",116,"P Delahanty",0,"eigen"
"1509",117,"M Vilcu",0,"eigen"
"1510",118,"R Hadley",8.28976522819712e-18,"eigen"
"1511",119,"K Sacco",0,"eigen"
"1512",120,"M Bucciarelli",0,"eigen"
"1513",121,"M Adenzato",0,"eigen"
"1514",122,"P Slusarz",3.94152855066421e-17,"eigen"
"1515",123,"R Sun",0,"eigen"
"1516",124,"D Gentner",3.04427686168533e-18,"eigen"
"1517",125,"J Bullinaria",2.84934089077114e-17,"eigen"
"1518",126,"L Bonnar",3.14307082049922e-18,"eigen"
"1519",127,"P Schyns",1.77597563101117e-18,"eigen"
"1520",128,"F Gosselin",1.88386523333354e-17,"eigen"
"1521",129,"M Rabinowitz",3.58932605458616e-17,"eigen"
"1522",130,"T Hogan",3.09318756949037e-17,"eigen"
"1523",131,"L Connell",5.08614936480843e-17,"eigen"
"1524",132,"M Ramscar",0,"eigen"
"1525",133,"R Reuter",2.84934089077114e-17,"eigen"
"1526",134,"J Wiles",0,"eigen"
"1527",135,"R Schulz",0,"eigen"
"1528",136,"S Bolland",0,"eigen"
"1529",137,"B Tonkes",0,"eigen"
"1530",138,"J Hallinan",0,"eigen"
"1531",139,"T Griffiths",2.58370270007799e-17,"eigen"
"1532",140,"J Weisberg",2.84934089077114e-17,"eigen"
"1533",141,"T Shultz",0,"eigen"
"1534",142,"J Katz",0,"eigen"
"1535",143,"M Lepper",0,"eigen"
"1536",144,"K Miwa",2.84934089077114e-17,"eigen"
"1537",145,"L Mujica-Parodi",4.6669311596833e-18,"eigen"
"1538",146,"T Greenberg",3.18738822695666e-18,"eigen"
"1539",147,"R Bilder",3.03520613652461e-17,"eigen"
"1540",148,"D Malaspina",0,"eigen"
"1541",149,"M Tyler",5.00303880154348e-17,"eigen"
"1542",150,"M Spivey",0,"eigen"
"1543",151,"W Lowe",2.84934089077114e-17,"eigen"
"1544",152,"C Stilwell",3.27945940486931e-17,"eigen"
"1545",153,"A Markman",3.28588526053195e-17,"eigen"
"1546",154,"H Yoshida",0,"eigen"
"1547",155,"C Drake",0,"eigen"
"1548",156,"J Swanson",0,"eigen"
"1549",157,"L Gudel",0,"eigen"
"1550",158,"F Costello",2.84934089077114e-17,"eigen"
"1551",159,"S Blok",2.05747029169183e-17,"eigen"
"1552",160,"G Newman",0,"eigen"
"1553",161,"J Behr",0,"eigen"
"1554",162,"L Rips",4.84738129792945e-18,"eigen"
"1555",163,"D Hilton",0,"eigen"
"1556",164,"J Bonnefon",0,"eigen"
"1557",165,"M Kemmelmeier",0,"eigen"
"1558",166,"K Thorpe",0,"eigen"
"1559",167,"A Raftopoulos",0,"eigen"
"1560",168,"P Munro",2.58895346461891e-17,"eigen"
"1561",169,"G Cottrell",0,"eigen"
"1562",170,"T Palmeri",0,"eigen"
"1563",171,"M Flanery",0,"eigen"
"1564",172,"D Richardson",1.78481930918274e-17,"eigen"
"1565",173,"J Cheung",7.64733773533445e-17,"eigen"
"1566",174,"S Scott",2.84934089077114e-17,"eigen"
"1567",175,"S Bode",3.05409660935183e-17,"eigen"
"1568",176,"S Curtiss",3.68253693804493e-17,"eigen"
"1569",177,"N Kim",3.76780476829089e-17,"eigen"
"1570",178,"W Ahn",2.86378527205203e-17,"eigen"
"1571",179,"M Oram",3.55506881446921e-17,"eigen"
"1572",180,"M MacLeod",3.36292318486336e-17,"eigen"
"1573",181,"M Thomas",4.54218524813627e-17,"eigen"
"1574",182,"D Mareschal",0,"eigen"
"1575",183,"A C.Hinds",6.01133279428965e-17,"eigen"
"1576",184,"S Filipic",2.84934089077114e-17,"eigen"
"1577",185,"R Jones",3.68480566117103e-17,"eigen"
"1578",186,"E Fleischman",4.04278038356978e-17,"eigen"
"1579",187,"M O'Toole",0,"eigen"
"1580",188,"J Oberlander",0,"eigen"
"1581",189,"M Suret",0,"eigen"
"1582",190,"S Marsella",2.50733087259829e-17,"eigen"
"1583",191,"J Gratch",2.68245712253883e-17,"eigen"
"1584",192,"M Johannesson",2.84934089077114e-17,"eigen"
"1585",193,"R Baker",0,"eigen"
"1586",194,"A Corebett",0,"eigen"
"1587",195,"K Koedinger",0,"eigen"
"1588",196,"M Tamariz",0,"eigen"
"1589",197,"M Keane",0,"eigen"
"1590",198,"D Hackett",0,"eigen"
"1591",199,"J Davenport",0,"eigen"
"1592",200,"B Schaper",0,"eigen"
"1593",201,"U Oestermeier",2.83174946691777e-17,"eigen"
"1594",202,"F Hesse",3.55420495649105e-17,"eigen"
"1595",203,"P Oudeyer",2.84934089077114e-17,"eigen"
"1596",204,"H Paterson",0,"eigen"
"1597",205,"F Pollick",0,"eigen"
"1598",206,"A Sanford",0,"eigen"
"1599",207,"W Schoppek",2.84934089077114e-17,"eigen"
"1600",208,"S Boudelaa",2.0118945672985e-15,"eigen"
"1601",209,"A Cangelosi",3.0465449520397e-17,"eigen"
"1602",210,"D Parisi",3.15842392707061e-17,"eigen"
"1603",211,"A Borghi",3.3887461939729e-17,"eigen"
"1604",212,"N Caramelli",3.22797960648012e-17,"eigen"
"1605",213,"P Slezak",2.84934089077114e-17,"eigen"
"1606",214,"K Moll",0,"eigen"
"1607",215,"E Cardillo",0,"eigen"
"1608",216,"J Utman",0,"eigen"
"1609",217,"D Yarlett",7.07850610770482e-17,"eigen"
"1610",218,"P Bach",0,"eigen"
"1611",219,"G Knoblich",0,"eigen"
"1612",220,"A Friederici",2.85765496155399e-17,"eigen"
"1613",221,"W Prinz",0,"eigen"
"1614",222,"M Wolters",2.67890611194621e-17,"eigen"
"1615",223,"D Beaver",3.29086443491893e-17,"eigen"
"1616",224,"H Neth",1.61376041885445e-17,"eigen"
"1617",225,"S Payne",0,"eigen"
"1618",226,"F Jones",0,"eigen"
"1619",227,"V Sloutsky",0,"eigen"
"1620",228,"A Fisher",2.28579770591126e-17,"eigen"
"1621",229,"J Sougne",7.56140391446071e-17,"eigen"
"1622",230,"R French",0,"eigen"
"1623",231,"M Matessa",2.84934089077114e-17,"eigen"
"1624",232,"J Barnden",2.84934089077114e-17,"eigen"
"1625",233,"S Trickett",3.70405039880075e-17,"eigen"
"1626",234,"J Trafton",2.95559255811458e-17,"eigen"
"1627",235,"A Harrison",2.55870012035842e-17,"eigen"
"1628",236,"J Lewis",5.58072118645183e-17,"eigen"
"1629",237,"A Salah",0,"eigen"
"1630",238,"E Aplaydin",0,"eigen"
"1631",239,"L Akarun",0,"eigen"
"1632",240,"J Choplin",0,"eigen"
"1633",241,"P Cheng",0,"eigen"
"1634",242,"K Holyoak",0,"eigen"
"1635",243,"J Brown",2.68153375166604e-17,"eigen"
"1636",244,"M Lovett",2.65838198877608e-17,"eigen"
"1637",245,"C Buck-Gengler",0,"eigen"
"1638",246,"L Menn",0,"eigen"
"1639",247,"A Healy",0,"eigen"
"1640",248,"D Franceshetti",0.828401841098225,"eigen"
"1641",249,"A Karnavat",0.828401841098225,"eigen"
"1642",250,"J Marineau",0.828401841098225,"eigen"
"1643",251,"G McCallie",0.828401841098225,"eigen"
"1644",252,"B Olde",0.927172935895998,"eigen"
"1645",253,"B Terry",0.828401841098225,"eigen"
"1646",254,"A Graesser",1,"eigen"
"1647",255,"G Gergely",0,"eigen"
"1648",256,"H Bekkering",0,"eigen"
"1649",257,"I Kiraly",0,"eigen"
"1650",258,"F Gobet",0,"eigen"
"1651",259,"M Werning",2.84934089077114e-17,"eigen"
"1652",260,"P Lee",2.92320817048524e-17,"eigen"
"1653",261,"B Tversky",3.30401500459367e-17,"eigen"
"1654",262,"J Edwards",1.8109938051377e-17,"eigen"
"1655",263,"Y Silberman",0,"eigen"
"1656",264,"R Miikulainen",0,"eigen"
"1657",265,"S Bentin",0,"eigen"
"1658",266,"M Sugimoto",1.58341968579657e-17,"eigen"
"1659",267,"H Ohnishi",2.84934089077114e-17,"eigen"
"1660",268,"C Constantinou",0,"eigen"
"1661",269,"G Spanoudis",0,"eigen"
"1662",270,"C Johnson",2.85823983360331e-17,"eigen"
"1663",271,"T Oswald",3.47648611475247e-17,"eigen"
"1664",272,"N Braisby",2.84934089077114e-17,"eigen"
"1665",273,"C Miller",2.68992925004229e-17,"eigen"
"1666",274,"R Remington",2.93910802049002e-17,"eigen"
"1667",275,"N Taatgen",2.84934089077114e-17,"eigen"
"1668",276,"A Napolitano",0,"eigen"
"1669",277,"S Boysen",0,"eigen"
"1670",278,"E Melis",0,"eigen"
"1671",279,"C Glasmacher",0,"eigen"
"1672",280,"C Ullrich",0,"eigen"
"1673",281,"P Gerjets",1.81346693750538e-17,"eigen"
"1674",282,"P Lane",0,"eigen"
"1675",283,"T Alloway",3.17572021706066e-17,"eigen"
"1676",284,"M Corley",2.76792871357346e-17,"eigen"
"1677",285,"C Longworth",7.48688634060262e-15,"eigen"
"1678",286,"B Randall",7.55285009690749e-15,"eigen"
"1679",287,"L Tyler",2.65174300345573e-14,"eigen"
"1680",288,"S Garfield",0,"eigen"
"1681",289,"M Elshaw",0,"eigen"
"1682",290,"S Wermter",0,"eigen"
"1683",291,"L Macedo",2.84906391362312e-17,"eigen"
"1684",292,"A Cardoso",3.77739084079954e-17,"eigen"
"1685",293,"P Healey",3.74297716442945e-18,"eigen"
"1686",294,"N Swoboda",1.09593073597945e-18,"eigen"
"1687",295,"I Umata",0,"eigen"
"1688",296,"Y Katagiri",0,"eigen"
"1689",297,"J Smith",1.74156082553902e-17,"eigen"
"1690",298,"R Siegert",1.26380299758604e-17,"eigen"
"1691",299,"J McDowall",6.35375887531442e-18,"eigen"
"1692",300,"D Abernethy",2.43964423417217e-17,"eigen"
"1693",301,"E Chew",2.84934089077114e-17,"eigen"
"1694",302,"U Hahn",0,"eigen"
"1695",303,"L Richardson",0,"eigen"
"1696",304,"N Chater",0,"eigen"
"1697",305,"J Quayle",2.88900027840188e-17,"eigen"
"1698",306,"L Ball",2.91284425556835e-17,"eigen"
"1699",307,"A Feeney",0,"eigen"
"1700",308,"S Handley",0,"eigen"
"1701",309,"M Schoelles",2.22768899094378e-17,"eigen"
"1702",310,"W Gray",2.38325102282718e-17,"eigen"
"1703",311,"H Suzuki",4.8414865601901e-18,"eigen"
"1704",312,"K Abe",8.13533485240891e-18,"eigen"
"1705",313,"K Hiraki",1.08297014544917e-17,"eigen"
"1706",314,"M Miyazaki",1.98097731543154e-17,"eigen"
"1707",315,"A Masnick",8.57951004012609e-17,"eigen"
"1708",316,"D Klahr",0,"eigen"
"1709",317,"T Griffin",1.3028604641249e-17,"eigen"
"1710",318,"S Ohlsson",0,"eigen"
"1711",319,"M Greer",2.35490610008382e-14,"eigen"
"1712",320,"M Casteren",2.32852059756187e-14,"eigen"
"1713",321,"S McLellan",2.32852059756187e-14,"eigen"
"1714",322,"H Moss",2.37469522697528e-14,"eigen"
"1715",323,"T Rogers",2.34830972445333e-14,"eigen"
"1716",324,"S Graham",0,"eigen"
"1717",325,"C Kilbreath",0,"eigen"
"1718",326,"A Welder",0,"eigen"
"1719",327,"S McDonald",7.14793019414882e-17,"eigen"
"1720",328,"W Neys",0,"eigen"
"1721",329,"W Schaeken",0,"eigen"
"1722",330,"G d'Ydewalle",0,"eigen"
"1723",331,"C Hadjichristidis",0,"eigen"
"1724",332,"S Sloman",0,"eigen"
"1725",333,"E Wisniewski",0,"eigen"
"1726",334,"N Chang",3.60809213418121e-17,"eigen"
"1727",335,"T Maia",2.43771109655337e-17,"eigen"
"1728",336,"B Rittle-Johnson",4.13588932026756e-18,"eigen"
"1729",337,"E Hoenkamp",2.78858345137935e-17,"eigen"
"1730",338,"H Vugt",3.70455745586279e-17,"eigen"
"1731",339,"M Burton",2.7122747685572e-17,"eigen"
"1732",340,"P Brna",3.19360311246855e-17,"eigen"
"1733",341,"R Byrne",3.75094279817202e-17,"eigen"
"1734",342,"B Rehder",2.92992460744224e-17,"eigen"
"1735",343,"G Murphy",2.78262928919756e-17,"eigen"
"1736",344,"Y Chou",0,"eigen"
"1737",345,"E Bard",2.96174638743117e-17,"eigen"
"1738",346,"M Aylett",2.81860519956388e-17,"eigen"
"1739",347,"D Pozega",3.07809552242876e-17,"eigen"
"1740",348,"P Thagard",2.80352193187994e-17,"eigen"
"1741",349,"N Kirkham",0,"eigen"
"1742",350,"J Slemmer",0,"eigen"
"1743",351,"S Johnson",0,"eigen"
"1744",352,"G Bingham",2.84934089077114e-17,"eigen"
"1745",353,"Y Lo",2.26082083196442e-17,"eigen"
"1746",354,"D Janetzko",2.84934089077114e-17,"eigen"
"1747",355,"S Franklin",0.158068416081582,"eigen"
"1748",356,"E Pothos",7.02116907969462e-18,"eigen"
"1749",357,"M Andrews",2.84934089077114e-17,"eigen"
"1750",358,"H Chaput",3.54300880333294e-17,"eigen"
"1751",359,"L Cohen",3.10873231972381e-17,"eigen"
"1752",360,"Z Dienes",3.2308518690021e-17,"eigen"
"1753",361,"J Perner",2.67418546197035e-17,"eigen"
"1754",362,"E Sander",2.84934089077114e-17,"eigen"
"1755",363,"T Ono",0,"eigen"
"1756",364,"M Imai",0,"eigen"
"1757",365,"H Ishiguro",0,"eigen"
"1758",366,"D Fum",3.6896007176758e-17,"eigen"
"1759",367,"F Missier",3.2931464397055e-17,"eigen"
"1760",368,"N Stewart",0,"eigen"
"1761",369,"N Charter",0,"eigen"
"1762",370,"H Stott",0,"eigen"
"1763",371,"R Farivar",0,"eigen"
"1764",372,"N Silverbag",0,"eigen"
"1765",373,"H Kadlec",0,"eigen"
"1766",374,"S Kiran",2.37638254179473e-18,"eigen"
"1767",375,"C Thompson",4.65661008850135e-18,"eigen"
"1768",376,"K Anderson",2.38512652247875e-17,"eigen"
"1769",377,"O Vilarroya",2.84934089077114e-17,"eigen"
"1770",378,"A Gordon",0,"eigen"
"1771",379,"M Chen",2.84934089077114e-17,"eigen"
"1772",380,"B Kokinov",2.99630951576906e-17,"eigen"
"1773",381,"N Zareva-Toncheva",3.56204329941156e-17,"eigen"
"1774",382,"J Watson",0,"eigen"
"1775",383,"P Juslin",0,"eigen"
"1776",384,"H Nilsson",0,"eigen"
"1777",385,"H Olsson",0,"eigen"
"1778",386,"J McFadzean",0,"eigen"
"1779",387,"L Copeland",0,"eigen"
"1780",388,"M Feist",4.79064144118326e-18,"eigen"
"1781",389,"M Christiansen",3.28458114603494e-17,"eigen"
"1782",390,"R Dale",3.22033383267703e-17,"eigen"
"1783",391,"R Stevenson",0,"eigen"
"1784",392,"D Over",0,"eigen"
"1785",393,"J Evans",0,"eigen"
"1786",394,"G Westermann",2.84934089077114e-17,"eigen"
"1787",395,"C Callaway",3.72956860432672e-17,"eigen"
"1788",396,"J Lester",3.41917737832515e-17,"eigen"
"1789",397,"T Nokes",2.20195999894849e-17,"eigen"
"1790",398,"R Breheny",2.84934089077114e-17,"eigen"
"1791",399,"B Bowdle",3.29939009650985e-17,"eigen"
"1792",400,"H Tabbers",0,"eigen"
"1793",401,"R Martens",0,"eigen"
"1794",402,"J Merrienboer",0,"eigen"
"1795",403,"M Mermillod",9.96425528575064e-17,"eigen"
"1796",404,"P Quinn",1.09625626931205e-16,"eigen"
"1797",405,"K Rinella",0,"eigen"
"1798",406,"S Brinsjord",0,"eigen"
"1799",407,"W Wilson",0,"eigen"
"1800",408,"N Marcus",0,"eigen"
"1801",409,"G Halford",0,"eigen"
"1802",410,"C Sandhofer",0,"eigen"
"1803",411,"P Berretty",2.84934089077114e-17,"eigen"
"1804",412,"D Harter",0.187744965387709,"eigen"
"1805",413,"R Kozma",0.187744965387709,"eigen"
"1806",414,"J Nelson",0,"eigen"
"1807",415,"J Movellan",0,"eigen"
"1808",416,"R Morrison",0,"eigen"
"1809",417,"B Troung",0,"eigen"
"1810",418,"T Regier",0,"eigen"
"1811",419,"B Corrigan",0,"eigen"
"1812",420,"R Cabasaan",0,"eigen"
"1813",421,"A Woodward",0,"eigen"
"1814",422,"M Gasser",0,"eigen"
"1815",423,"T Koschmann",2.71249840308359e-17,"eigen"
"1816",424,"C Goodwin",4.56437571654082e-18,"eigen"
"1817",425,"C LeBaron",0,"eigen"
"1818",426,"P Feltovich",5.77489978778391e-18,"eigen"
"1819",427,"S Lu",0.361817016145923,"eigen"
"1820",428,"E Cooper",0.361817016145923,"eigen"
"1821",429,"T Zentall",3.52850872902897e-17,"eigen"
"1822",430,"T Clement",3.55647094468342e-17,"eigen"
"1823",431,"C Rose",0,"eigen"
"1824",432,"J Moore",4.61633024065998e-17,"eigen"
"1825",433,"K VanLehn",1.75704334694143e-18,"eigen"
"1826",434,"D Allbritton",0,"eigen"
"1827",435,"L Paul",2.33000889471706e-18,"eigen"
"1828",436,"D Navarro",2.92853888754555e-17,"eigen"
"1829",437,"M Lee",3.04043597847122e-17,"eigen"
"1830",438,"D Meehan",2.84934089077114e-17,"eigen"
"1831",439,"J Bolte",2.84934089077114e-17,"eigen"
"1832",440,"T Kershaw",2.2712359382932e-17,"eigen"
"1833",441,"D Noelle",2.84934089077114e-17,"eigen"
"1834",442,"K Livingston",0,"eigen"
"1835",443,"J Andrews",0,"eigen"
"1836",444,"P Dwyer",0,"eigen"
"1837",445,"S Beller",2.84934089077114e-17,"eigen"
"1838",446,"D Peebles",0,"eigen"
"1839",447,"S Howell",2.29240377384144e-17,"eigen"
"1840",448,"S Becker",3.67729259790076e-17,"eigen"
"1841",449,"K Wiemer-Hastings",0,"eigen"
"1842",450,"J Krug",0,"eigen"
"1843",451,"X Xu",0,"eigen"
"1844",452,"S Edelman",6.66545581785536e-17,"eigen"
"1845",453,"A Naples",3.10507139760723e-17,"eigen"
"1846",454,"A Pyke",3.55502512332113e-17,"eigen"
"1847",455,"R West",3.97644391837078e-17,"eigen"
"1848",456,"S Charman",2.13998482297394e-17,"eigen"
"1849",457,"N Nersessian",2.84934089077114e-17,"eigen"
"1850",458,"R Mathews",4.18209937757218e-17,"eigen"
"1851",459,"P Todd",0,"eigen"
"1852",460,"S Kirby",0,"eigen"
"1853",461,"J Hurford",0,"eigen"
"1854",462,"P Langley",0,"eigen"
"1855",463,"S Kocabas",0,"eigen"
"1856",464,"D Sleeman",0,"eigen"
