"","id","label","measure","CM"
"1",1,"T Reimer",1,"degree"
"2",2,"U Hoffrage",1,"degree"
"3",3,"J Tenenbaum",4,"degree"
"4",4,"S Niyogi",1,"degree"
"5",5,"I Ash",1,"degree"
"6",6,"T Nokes",1,"degree"
"7",7,"K Cho",1,"degree"
"8",8,"C Schunn",3,"degree"
"9",9,"Y Rogers",1,"degree"
"10",10,"H Brignull",1,"degree"
"11",11,"F Missier",1,"degree"
"12",12,"D Fum",2,"degree"
"13",13,"H Branigan",4,"degree"
"14",14,"J McLean",3,"degree"
"15",15,"H Reeve",2,"degree"
"16",16,"A Bloomfield",1,"degree"
"17",17,"L Rips",1,"degree"
"18",18,"A Hornof",1,"degree"
"19",19,"T Halverson",1,"degree"
"20",20,"T Honkela",3,"degree"
"21",21,"T Knuuttila",3,"degree"
"22",22,"N Stewart",2,"degree"
"23",23,"N Chater",9,"degree"
"24",24,"X Hu",15,"degree"
"25",25,"Z Cai",7,"degree"
"26",26,"D Franceschetti",15,"degree"
"27",27,"P Penumatsa",7,"degree"
"28",28,"A Graesser",17,"degree"
"29",29,"M Louwerse",15,"degree"
"30",30,"D McNamara",11,"degree"
"31",31,"H Group",7,"degree"
"32",32,"S Scott",2,"degree"
"33",33,"S Chin-Parker",2,"degree"
"34",34,"B Ross",2,"degree"
"35",35,"L Frey",1,"degree"
"36",36,"D Fisher",1,"degree"
"37",37,"S Siler",1,"degree"
"38",38,"K VanLehn",1,"degree"
"39",39,"C Oshima",1,"degree"
"40",40,"A Shimojima",5,"degree"
"41",41,"S Gelaes",2,"degree"
"42",42,"A Detiffe",2,"degree"
"43",43,"J Thibaut",2,"degree"
"44",44,"H Yoshida",1,"degree"
"45",45,"L Smith",3,"degree"
"46",46,"B Hemforth",1,"degree"
"47",47,"L Konieczny",1,"degree"
"48",48,"K Kim",1,"degree"
"49",49,"A Markman",2,"degree"
"50",50,"S Elzer",2,"degree"
"51",51,"N Green",2,"degree"
"52",52,"S Carberry",2,"degree"
"53",53,"J Snedeker",3,"degree"
"54",54,"P Li",2,"degree"
"55",55,"S Yuan",2,"degree"
"56",56,"B Martin",1,"degree"
"57",57,"B Tversky",5,"degree"
"58",58,"C Kemp",1,"degree"
"59",59,"D Salvucci",6,"degree"
"60",60,"T Siedlecki",1,"degree"
"61",61,"A Petrov",2,"degree"
"62",62,"N Taatgen",1,"degree"
"63",63,"M Dijkstra",1,"degree"
"64",64,"B Bergen",2,"degree"
"65",65,"S Narayan",2,"degree"
"66",66,"J Feldman",2,"degree"
"67",67,"P Cheng",2,"degree"
"68",68,"D Sobel",1,"degree"
"69",69,"T Kushnir",4,"degree"
"70",70,"S Sloman",2,"degree"
"71",71,"F Keller",2,"degree"
"72",72,"M Corley",1,"degree"
"73",73,"R Hartsuiker",1,"degree"
"74",74,"L Karlsson",2,"degree"
"75",75,"P Juslin",6,"degree"
"76",76,"H Olsson",4,"degree"
"77",77,"B Burns",3,"degree"
"78",78,"M Wieth",1,"degree"
"79",79,"X Xu",1,"degree"
"80",80,"K Wiemer-Hastings",5,"degree"
"81",81,"M Harrington",1,"degree"
"82",82,"S Dennis",6,"degree"
"83",83,"A diSessa",2,"degree"
"84",84,"N Gillespie",2,"degree"
"85",85,"J Esterly",2,"degree"
"86",86,"M Mayberry",1,"degree"
"87",87,"R Miikkulaainen",1,"degree"
"88",88,"A Olsson",2,"degree"
"89",89,"M Mermillod",3,"degree"
"90",90,"R French",3,"degree"
"91",91,"P Quin",3,"degree"
"92",92,"D Mareschal",5,"degree"
"93",93,"T Murray",5,"degree"
"94",94,"J Locke",2,"degree"
"95",95,"M Suret",2,"degree"
"96",96,"I McLaren",2,"degree"
"97",97,"P Paritosh",1,"degree"
"98",98,"K Forbus",3,"degree"
"99",99,"A Robinson",1,"degree"
"100",100,"C Hertzog",1,"degree"
"101",101,"R Farivar",1,"degree"
"102",102,"A Chaudhuri",1,"degree"
"103",103,"N Chang",2,"degree"
"104",104,"K Koedinger",2,"degree"
"105",105,"M Lovett",2,"degree"
"106",106,"P Maglio",4,"degree"
"107",107,"E Kandogan",2,"degree"
"108",108,"E Haber",2,"degree"
"109",109,"F Anggoro",1,"degree"
"110",110,"D Gentner",6,"degree"
"111",111,"Y Yang",2,"degree"
"112",112,"S Bringsjord",1,"degree"
"113",113,"D Davidson",2,"degree"
"114",114,"K Bock",2,"degree"
"115",115,"D Irwin",2,"degree"
"116",116,"P Johnson-Laird",3,"degree"
"117",117,"M Mozer",2,"degree"
"118",118,"M Colagrosso",2,"degree"
"119",119,"D Huber",3,"degree"
"120",120,"A Welham",2,"degree"
"121",121,"M Schnadt",2,"degree"
"122",122,"A Wills",2,"degree"
"123",123,"W Phillips",2,"degree"
"124",124,"L Boroditsky",11,"degree"
"125",125,"J Queseda",4,"degree"
"126",126,"W Kintsch",4,"degree"
"127",127,"E Gomez",2,"degree"
"128",128,"C Andersen",2,"degree"
"129",129,"A Gill",1,"degree"
"130",130,"J Oberlander",4,"degree"
"131",131,"M Scheutz",2,"degree"
"132",132,"K Eberhard",2,"degree"
"133",133,"K Targowski",2,"degree"
"134",134,"K Oberauer",2,"degree"
"135",135,"O Wilhelm",1,"degree"
"136",136,"K Malone",2,"degree"
"137",137,"E Davelaar",1,"degree"
"138",138,"M Usher",1,"degree"
"139",139,"D Devnich",2,"degree"
"140",140,"G Stevens",2,"degree"
"141",141,"J Hummel",2,"degree"
"142",142,"T Susi",2,"degree"
"143",143,"J Lindblom",2,"degree"
"144",144,"T Ziemke",4,"degree"
"145",145,"U Hasson",2,"degree"
"146",146,"C Jaynes",1,"degree"
"147",147,"R Golden",2,"degree"
"148",148,"N Nersessian",4,"degree"
"149",149,"E Kurz-Milcke",3,"degree"
"150",150,"W Newstetter",3,"degree"
"151",151,"J Davies",4,"degree"
"152",152,"C Bearman",2,"degree"
"153",153,"T Ormerod",2,"degree"
"154",154,"L Ball",3,"degree"
"155",155,"J Heiser",3,"degree"
"156",156,"M Agrawala",3,"degree"
"157",157,"P Hanrahan",3,"degree"
"158",158,"M Byrne",2,"degree"
"159",159,"M Gale",1,"degree"
"160",160,"S Haywood",2,"degree"
"161",161,"M Pickering",6,"degree"
"162",162,"J Choplin",1,"degree"
"163",163,"G Logan",1,"degree"
"164",164,"H Ji",1,"degree"
"165",165,"S Ploux",1,"degree"
"166",166,"N Sebanz",2,"degree"
"167",167,"G Knoblich",2,"degree"
"168",168,"W Prinz",2,"degree"
"169",169,"P Tibbetts",2,"degree"
"170",170,"T Bosse",3,"degree"
"171",171,"M Delfos",3,"degree"
"172",172,"C Jonker",3,"degree"
"173",173,"J Treur",3,"degree"
"174",174,"R Ratwani",2,"degree"
"175",175,"J Trafton",4,"degree"
"176",176,"D Boehm-Davis",2,"degree"
"177",177,"P Monaghan",5,"degree"
"178",178,"N Charter",2,"degree"
"179",179,"M Christiansen",8,"degree"
"180",180,"A Weidenfeld",1,"degree"
"181",181,"M Ramscar",7,"degree"
"182",182,"I Pearson",2,"degree"
"183",183,"S Ali",2,"degree"
"184",184,"M Dowman",2,"degree"
"185",185,"E Steingold",2,"degree"
"186",186,"E Spelke",2,"degree"
"187",187,"A Kittredge",2,"degree"
"188",188,"Z Solan",3,"degree"
"189",189,"D Horn",3,"degree"
"190",190,"E Ruppin",3,"degree"
"191",191,"S Edelman",5,"degree"
"192",192,"B Rehder",1,"degree"
"193",193,"A Hoffman",1,"degree"
"194",194,"Y Sakamoto",1,"degree"
"195",195,"B Love",1,"degree"
"196",196,"D Navarro",3,"degree"
"197",197,"I Myung",3,"degree"
"198",198,"M Pitt",3,"degree"
"199",199,"W Kim",3,"degree"
"200",200,"S Beller",3,"degree"
"201",201,"L Connell",1,"degree"
"202",202,"M Keane",2,"degree"
"203",203,"S Inamdar",1,"degree"
"204",204,"M Pomplun",1,"degree"
"205",205,"D Cousineau",2,"degree"
"206",206,"P Fitzpatrick",2,"degree"
"207",207,"E Balcetis",1,"degree"
"208",208,"R Dale",1,"degree"
"209",209,"R Vick",2,"degree"
"210",210,"M rosby",2,"degree"
"211",211,"B Auernheimer",2,"degree"
"212",212,"C Robinson",1,"degree"
"213",213,"V Sloutsky",4,"degree"
"214",214,"I Vlaev",1,"degree"
"215",215,"P Knoeferle",3,"degree"
"216",216,"M Crocker",3,"degree"
"217",217,"C Scheepers",3,"degree"
"218",218,"K Scheiter",4,"degree"
"219",219,"P Gerjets",4,"degree"
"220",220,"E Tomida",1,"degree"
"221",221,"S Maruno",1,"degree"
"222",222,"C Conway",2,"degree"
"223",223,"M Ellefson",2,"degree"
"224",224,"P Dominey",4,"degree"
"225",225,"J Jameson",1,"degree"
"226",226,"C Stilwell",1,"degree"
"227",227,"C Castelfranchi",3,"degree"
"228",228,"F Giardini",3,"degree"
"229",229,"E Lorini",3,"degree"
"230",230,"L Tummolini",3,"degree"
"231",231,"A Gordon",1,"degree"
"232",232,"A Nair",1,"degree"
"233",233,"C Yu",2,"degree"
"234",234,"D Ballard",2,"degree"
"235",235,"R Aslin",2,"degree"
"236",236,"D Casasanto",2,"degree"
"237",237,"L Magnani",3,"degree"
"238",238,"R Dossena",1,"degree"
"239",239,"A Bender",1,"degree"
"240",240,"M Wenger",2,"degree"
"241",241,"A Copeland",2,"degree"
"242",242,"M Suwa",1,"degree"
"243",243,"I Umata",3,"degree"
"244",244,"Y Katagiri",3,"degree"
"245",245,"N Swoboda",3,"degree"
"246",246,"T Fukaya",1,"degree"
"247",247,"T Yamauchi",2,"degree"
"248",248,"F Bosco",2,"degree"
"249",249,"M Bucciarelli",2,"degree"
"250",250,"B Bara",2,"degree"
"251",251,"D Race",1,"degree"
"252",252,"M MacDonald",1,"degree"
"253",253,"C Lebiere",3,"degree"
"254",254,"R Gray",3,"degree"
"255",255,"R West",3,"degree"
"256",256,"G Lupyan",2,"degree"
"257",257,"J McClelland",1,"degree"
"258",258,"N Fay",3,"degree"
"259",259,"S Garrod",3,"degree"
"260",260,"J Lee",3,"degree"
"261",261,"L Gabora",2,"degree"
"262",262,"M Gonitzke",2,"degree"
"263",263,"M Schlesinger",1,"degree"
"264",264,"M Young",1,"degree"
"265",265,"A Gopnik",3,"degree"
"266",266,"L Schulz",3,"degree"
"267",267,"D Danks",3,"degree"
"268",268,"Z Estes",2,"degree"
"269",269,"R Alix-Gaudreau",1,"degree"
"270",270,"R Seabrook",1,"degree"
"271",271,"Z Dienes",1,"degree"
"272",272,"U Cress",2,"degree"
"273",273,"D Liu",2,"degree"
"274",274,"E Hannon",1,"degree"
"275",275,"S Trehub",1,"degree"
"276",276,"T Ioerger",4,"degree"
"277",277,"J Sims",4,"degree"
"278",278,"R Volz",4,"degree"
"279",279,"J Workman",4,"degree"
"280",280,"W Shebilske",4,"degree"
"281",281,"A Fisher",1,"degree"
"282",282,"A Patalano",2,"degree"
"283",283,"R Leech",2,"degree"
"284",284,"R Cooper",2,"degree"
"285",285,"R Revlin",2,"degree"
"286",286,"D Calvillo",2,"degree"
"287",287,"P Mautone",2,"degree"
"288",288,"C Wendelken",1,"degree"
"289",289,"L Shastri",1,"degree"
"290",290,"R Sun",1,"degree"
"291",291,"X Zhang",1,"degree"
"292",292,"I Blanchette",1,"degree"
"293",293,"A Richards",1,"degree"
"294",294,"J Yan",2,"degree"
"295",295,"T Matlock",2,"degree"
"296",296,"N Braisby",2,"degree"
"297",297,"G Jackson",11,"degree"
"298",298,"E Matthews",11,"degree"
"299",299,"H Mitchell",11,"degree"
"300",300,"A Olney",11,"degree"
"301",301,"M Ventura",11,"degree"
"302",302,"P Chipman",11,"degree"
"303",303,"N Person",11,"degree"
"304",304,"G Group",11,"degree"
"305",305,"M Nielsen",2,"degree"
"306",306,"M Jodlowski",1,"degree"
"307",307,"S Doane",1,"degree"
"308",308,"C Haught",1,"degree"
"309",309,"N Witthoft",5,"degree"
"310",310,"J Winawer",5,"degree"
"311",311,"L Wu",5,"degree"
"312",312,"M Frank",6,"degree"
"313",313,"A Wade",5,"degree"
"314",314,"T Griffiths",1,"degree"
"315",315,"M Amoretti",2,"degree"
"316",316,"B Guimberteau",2,"degree"
"317",317,"L Webber",1,"degree"
"318",318,"A Feeney",1,"degree"
"319",319,"L Wagner",2,"degree"
"320",320,"P Healey",4,"degree"
"321",321,"M Purver",4,"degree"
"322",322,"J King",4,"degree"
"323",323,"J Ginzburg",4,"degree"
"324",324,"G Mills",4,"degree"
"325",325,"A Stocco",1,"degree"
"326",326,"J Marsh",1,"degree"
"327",327,"W Ahn",2,"degree"
"328",328,"S Read",2,"degree"
"329",329,"C Snow",2,"degree"
"330",330,"D Simon",2,"degree"
"331",331,"J Hsiao",3,"degree"
"332",332,"E Munnich",4,"degree"
"333",333,"M Ramney",4,"degree"
"334",334,"J Nelson",4,"degree"
"335",335,"J Osuna",4,"degree"
"336",336,"N Brazil",4,"degree"
"337",337,"J Owensby",1,"degree"
"338",338,"J Kolodner",1,"degree"
"339",339,"N Verschueren",2,"degree"
"340",340,"W Schaeken",3,"degree"
"341",341,"G d'Ydewalle",3,"degree"
"342",342,"A Samnonovich",1,"degree"
"343",343,"K Jong",1,"degree"
"344",344,"T Komatsu",5,"degree"
"345",345,"A Utsunomiya",5,"degree"
"346",346,"K Suzuki",5,"degree"
"347",347,"K Ueda",5,"degree"
"348",348,"K Hiraki",5,"degree"
"349",349,"N Oka",5,"degree"
"350",350,"L Onnis",3,"degree"
"351",351,"R Gomez",3,"degree"
"352",352,"J Clement",2,"degree"
"353",353,"B Klettke",1,"degree"
"354",354,"P Wolff",1,"degree"
"355",355,"S Katz",2,"degree"
"356",356,"L Leger",3,"degree"
"357",357,"D Chene",3,"degree"
"358",358,"T Baccino",3,"degree"
"359",359,"C Tijus",3,"degree"
"360",360,"C Luhmann",1,"degree"
"361",361,"T Krynski",1,"degree"
"362",362,"M Feist",1,"degree"
"363",363,"J Blanc",2,"degree"
"364",364,"C Dodane",2,"degree"
"365",365,"F Reali",2,"degree"
"366",366,"D Lynott",1,"degree"
"367",367,"R Goldstone",2,"degree"
"368",368,"B Ashpole",1,"degree"
"369",369,"W Neys",3,"degree"
"370",370,"J Aronoff",4,"degree"
"371",371,"L Gonnerman",4,"degree"
"372",372,"E Andersen",4,"degree"
"373",373,"D Kempler",4,"degree"
"374",374,"A Almor",4,"degree"
"375",375,"A Goel",1,"degree"
"376",376,"A Napolitano",1,"degree"
"377",377,"M Wiebe",2,"degree"
"378",378,"T Kershaw",2,"degree"
"379",379,"S Ohlsson",6,"degree"
"380",380,"C Coyne",2,"degree"
"381",381,"R Ferguson",2,"degree"
"382",382,"S Moore",1,"degree"
"383",383,"P Hansson",2,"degree"
"384",384,"A Winman",2,"degree"
"385",385,"S Ainsworth",1,"degree"
"386",386,"G Peevers",1,"degree"
"387",387,"M Vilcu",1,"degree"
"388",388,"R Hadley",5,"degree"
"389",389,"J Wiley",1,"degree"
"390",390,"C Jolly",1,"degree"
"391",391,"R Catrambone",2,"degree"
"392",392,"W Fu",2,"degree"
"393",393,"L Martin",1,"degree"
"394",394,"D Barner",1,"degree"
"395",395,"J Hoeks",2,"degree"
"396",396,"I Prinsen",2,"degree"
"397",397,"L Stowe",2,"degree"
"398",398,"T Schorr",2,"degree"
"399",399,"M Perry",3,"degree"
"400",400,"K O'Hara",3,"degree"
"401",401,"G Spinelli",3,"degree"
"402",402,"B Sharpe",3,"degree"
"403",403,"M Alac",2,"degree"
"404",404,"S Reimers",2,"degree"
"405",405,"G Deak",1,"degree"
"406",406,"J Wagner",1,"degree"
"407",407,"S Day",1,"degree"
"408",408,"G Goodwin",1,"degree"
"409",409,"F Calvo",1,"degree"
"410",410,"E Colunga",1,"degree"
"411",411,"H Nilsson",2,"degree"
"412",412,"W Helton",2,"degree"
"413",413,"D Yarlett",1,"degree"
"414",414,"A Chavez",1,"degree"
"415",415,"O Coelho",3,"degree"
"416",416,"E Francozo",3,"degree"
"417",417,"E Albano",3,"degree"
"418",418,"R Basso",3,"degree"
"419",419,"R Prather",1,"degree"
"420",420,"N Zareva-Toncheva",1,"degree"
"421",421,"B Kokinov",1,"degree"
"422",422,"A Kozbelt",2,"degree"
"423",423,"A Keselman",4,"degree"
"424",424,"V Patel",4,"degree"
"425",425,"M Graham",4,"degree"
"426",426,"T Johnson",6,"degree"
"427",427,"J Zhang",6,"degree"
"428",428,"I Rifkin",1,"degree"
"429",429,"F Lee",1,"degree"
"430",430,"S Gamard",1,"degree"
"431",431,"I Arroyo",2,"degree"
"432",432,"K Patel",1,"degree"
"433",433,"K Matsuda",1,"degree"
"434",434,"T Kusumi",1,"degree"
"435",435,"T Seymour",2,"degree"
"436",436,"J Kerlin",2,"degree"
"437",437,"A Kurtz",2,"degree"
"438",438,"J Son",1,"degree"
"439",439,"S Gokcesu",1,"degree"
"440",440,"B Bowdle",1,"degree"
"441",441,"C Beal",1,"degree"
"442",442,"K Klein",2,"degree"
"443",443,"K Addis",2,"degree"
"444",444,"M Kahana",7,"degree"
"445",445,"K Nakamoto",2,"degree"
"446",446,"C Sifonis",2,"degree"
"447",447,"F Chen",2,"degree"
"448",448,"D Bommarito",2,"degree"
"449",449,"T Lombrozo",1,"degree"
"450",450,"S Carey",1,"degree"
"451",451,"J Gobert",8,"degree"
"452",452,"D Skelton",1,"degree"
"453",453,"R Tweney",6,"degree"
"454",454,"M Yip",2,"degree"
"455",455,"K Christy",2,"degree"
"456",456,"L Blaha",2,"degree"
"457",457,"R Thomas",2,"degree"
"458",458,"R Fiorentino",1,"degree"
"459",459,"D Poeppel",1,"degree"
"460",460,"C Ayala",1,"degree"
"461",461,"D Francschetti",2,"degree"
"462",462,"A Adcock",2,"degree"
"463",463,"G Giguere",2,"degree"
"464",464,"G Lacroix",2,"degree"
"465",465,"S Larochelle",2,"degree"
"466",466,"K Maddox",2,"degree"
"467",467,"D Rapp",2,"degree"
"468",468,"H Taylor",2,"degree"
"469",469,"M Hegarty",5,"degree"
"470",470,"M Canham",2,"degree"
"471",471,"N Shimozawa",2,"degree"
"472",472,"C Laloyaux",1,"degree"
"473",473,"C Schmitt",1,"degree"
"474",474,"E Anderson",1,"degree"
"475",475,"J Florack",1,"degree"
"476",476,"M McGlone",1,"degree"
"477",477,"H Bortfeld",1,"degree"
"478",478,"F Subiaul",6,"degree"
"479",479,"H Lurie",6,"degree"
"480",480,"K Romansky",6,"degree"
"481",481,"D Holmes",6,"degree"
"482",482,"T Klein",6,"degree"
"483",483,"R Holloway",6,"degree"
"484",484,"H Terrace",6,"degree"
"485",485,"H Shirouzu",2,"degree"
"486",486,"N Miyake",3,"degree"
"487",487,"P Chung",4,"degree"
"488",488,"R Byrne",2,"degree"
"489",489,"S Egan",2,"degree"
"490",490,"J Garcia-Madruga",2,"degree"
"491",491,"L Hedman",6,"degree"
"492",492,"P Anderson",6,"degree"
"493",493,"P Strom",6,"degree"
"494",494,"A Kjellin",6,"degree"
"495",495,"L Sarno",6,"degree"
"496",496,"T Wredmark",6,"degree"
"497",497,"L Fellander-Tsai",6,"degree"
"498",498,"J Moss",2,"degree"
"499",499,"K Kotovsky",2,"degree"
"500",500,"J Cagan",2,"degree"
"501",501,"J Fleck",1,"degree"
"502",502,"R Weisberg",2,"degree"
"503",503,"Y Kobayashi",2,"degree"
"504",504,"E Trusova",1,"degree"
"505",505,"K Ishii",1,"degree"
"506",506,"S Kitayama",1,"degree"
"507",507,"M Johansen",1,"degree"
"508",508,"J Kruschke",1,"degree"
"509",509,"H Ramsawh",1,"degree"
"510",510,"C Harris",3,"degree"
"511",511,"C Espinel",2,"degree"
"512",512,"D Grodner",1,"degree"
"513",513,"J Sedivy",1,"degree"
"514",514,"S Helie",1,"degree"
"515",515,"L Romero",1,"degree"
"516",516,"S Brem",1,"degree"
"517",517,"A Friedrich",1,"degree"
"518",518,"T Zentall",1,"degree"
"519",519,"D Brumby",1,"degree"
"520",520,"A Howes",3,"degree"
"521",521,"T Wong",1,"degree"
"522",522,"A Chau",1,"degree"
"523",523,"K Dieussaert",3,"degree"
"524",524,"P Wiemer-Hastings",2,"degree"
"525",525,"E Dolan",3,"degree"
"526",526,"C Sauder",3,"degree"
"527",527,"A Wingfield",3,"degree"
"528",528,"B Christensen",1,"degree"
"529",529,"D Trumpower",2,"degree"
"530",530,"T Goldsmith",2,"degree"
"531",531,"B Williams",2,"degree"
"532",532,"O Blajenkova",1,"degree"
"533",533,"M Kozhevnikov",1,"degree"
"534",534,"A Vera",2,"degree"
"535",535,"R Remington",2,"degree"
"536",536,"R Anderson",1,"degree"
"537",537,"M Doherty",1,"degree"
"538",538,"K Lie",2,"degree"
"539",539,"T Matsuka",1,"degree"
"540",540,"J Corter",1,"degree"
"541",541,"P Horwitz",6,"degree"
"542",542,"B Tinker",6,"degree"
"543",543,"B Buckley",6,"degree"
"544",544,"U Wilensky",6,"degree"
"545",545,"S Levy",6,"degree"
"546",546,"C Dede",6,"degree"
"547",547,"P Sederberg",2,"degree"
"548",548,"J Madsen",2,"degree"
"549",549,"H Wang",3,"degree"
"550",550,"J Fan",1,"degree"
"551",551,"L Jones",1,"degree"
"552",552,"B Eiter",1,"degree"
"553",553,"A Inhoff",1,"degree"
"554",554,"C Krachun",1,"degree"
"555",555,"D Kamawar",1,"degree"
"556",556,"L Winship",2,"degree"
"557",557,"N Stillings",2,"degree"
"558",558,"C Werner",1,"degree"
"559",559,"R John",1,"degree"
"560",560,"Y Kushleyeva",1,"degree"
"561",561,"J Kwasny",1,"degree"
"562",562,"K Kurtz",1,"degree"
"563",563,"Y Miyake",2,"degree"
"564",564,"S Li",3,"degree"
"565",565,"C Myers",3,"degree"
"566",566,"M Schoelles",3,"degree"
"567",567,"W Gray",3,"degree"
"568",568,"C Cohen",3,"degree"
"569",569,"M Kehner",3,"degree"
"570",570,"D Montello",3,"degree"
"571",571,"E Chrysikou",1,"degree"
"572",572,"L Jerzykiewicz",2,"degree"
"573",573,"M Wettler",1,"degree"
"574",574,"P Seidensticker",1,"degree"
"575",575,"M Taube-Schiff",1,"degree"
"576",576,"N Segalowitz",3,"degree"
"577",577,"F Dogan",1,"degree"
"578",578,"C Tobon",2,"degree"
"579",579,"B Morris",1,"degree"
"580",580,"I O'Brien",1,"degree"
"581",581,"L Baraff",1,"degree"
"582",582,"J Coley",1,"degree"
"583",583,"Y Yoshimura",1,"degree"
"584",584,"B MacWhinney",1,"degree"
"585",585,"S Trickett",2,"degree"
"586",586,"T Watkins",2,"degree"
"587",587,"N Davidenko",1,"degree"
"588",588,"W Chung",1,"degree"
"589",589,"J Lipinski",1,"degree"
"590",590,"P Gupta",1,"degree"
"591",591,"A Preece",1,"degree"
"592",592,"J Bond-Robinson",1,"degree"
"593",593,"H Yen",1,"degree"
"594",594,"H Muller",1,"degree"
"595",595,"J Schuh",2,"degree"
"596",596,"R Shillcock",1,"degree"
"597",597,"B Clark",3,"degree"
"598",598,"E Bratt",3,"degree"
"599",599,"K Schultz",3,"degree"
"600",600,"M Evens",3,"degree"
"601",601,"D Mendonca",1,"degree"
"602",602,"W Wallace",1,"degree"
"603",603,"T Kojima",2,"degree"
"604",604,"M Tscholl",1,"degree"
"605",605,"J Dowell",1,"degree"
"606",606,"T Shultz",2,"degree"
"607",607,"G Harman",1,"degree"
"608",608,"S Kulkarni",1,"degree"
"609",609,"E Altmann",2,"degree"
"610",610,"J Zacks",2,"degree"
"611",611,"I Levinstein",4,"degree"
"612",612,"K Millis",4,"degree"
"613",613,"J Magliano",4,"degree"
"614",614,"A Corrigan-Halpern",4,"degree"
"615",615,"B Eugenio",4,"degree"
"616",616,"X Lu",4,"degree"
"617",617,"M Glass",4,"degree"
"618",618,"P Todd",2,"degree"
"619",619,"P Grim",2,"degree"
"620",620,"P Denis",2,"degree"
"621",621,"T Kokalis",2,"degree"
"622",622,"P Sedlmeier",2,"degree"
"623",623,"M Spivey",2,"degree"
"624",624,"T Regier",1,"degree"
"625",625,"M Zheng",1,"degree"
"626",626,"W Richards",1,"degree"
"627",627,"S Seung",1,"degree"
"628",628,"R Giere",5,"degree"
"629",629,"W Clancey",2,"degree"
"630",630,"A Shapiro",1,"degree"
"631",631,"D Niederhauser",1,"degree"
"632",632,"E Hutchins",2,"degree"
"633",633,"M Tomasello",2,"degree"
"634",634,"J Greeno",2,"degree"
"635",635,"F Ferreira",3,"degree"
"636",636,"R Frank",3,"degree"
"637",637,"E Stabler",3,"degree"
"638",638,"B Webber",3,"degree"
"639",639,"L Neal",1,"degree"
"640",640,"D Anastasi",1,"degree"
"641",641,"T Landauer",3,"degree"
"642",642,"A Abrahamsen",3,"degree"
"643",643,"W Bechtel",3,"degree"
"644",644,"P Bradley",3,"degree"
"645",645,"C Craver",3,"degree"
"646",646,"K Rayner",2,"degree"
"647",647,"J Kolonder",1,"degree"
"648",648,"A",4,"degree"
"649",649,"C Ronald",4,"degree"
"650",650,"K Elizabeth",4,"degree"
"651",651,"T M.",4,"degree"
"652",652,"G Marcus",2,"degree"
"653",653,"R Jacobs",2,"degree"
"654",654,"J Kangasoja",3,"degree"
"655",1,"T Reimer",0.00153139356814701,"close"
"656",2,"U Hoffrage",0.00153139356814701,"close"
"657",3,"J Tenenbaum",0.00153846153846154,"close"
"658",4,"S Niyogi",0.00153845066473791,"close"
"659",5,"I Ash",0.00153139356814701,"close"
"660",6,"T Nokes",0.00153139356814701,"close"
"661",7,"K Cho",0.0015360910833794,"close"
"662",8,"C Schunn",0.00153609831029186,"close"
"663",9,"Y Rogers",0.00153139356814701,"close"
"664",10,"H Brignull",0.00153139356814701,"close"
"665",11,"F Missier",0.00153373872889935,"close"
"666",12,"D Fum",0.00153374233128834,"close"
"667",13,"H Branigan",0.00154558407930053,"close"
"668",14,"J McLean",0.00154558042107007,"close"
"669",15,"H Reeve",0.00154556578832139,"close"
"670",16,"A Bloomfield",0.00153139356814701,"close"
"671",17,"L Rips",0.00153139356814701,"close"
"672",18,"A Hornof",0.00153139356814701,"close"
"673",19,"T Halverson",0.00153139356814701,"close"
"674",20,"T Honkela",0.00153609831029186,"close"
"675",21,"T Knuuttila",0.00153609831029186,"close"
"676",22,"N Stewart",0.00156000649803626,"close"
"677",23,"N Chater",0.00156004749424837,"close"
"678",24,"X Hu",0.00158224780956812,"close"
"679",25,"Z Cai",0.00158221713931264,"close"
"680",26,"D Franceschetti",0.00158224780956812,"close"
"681",27,"P Penumatsa",0.00158221713931264,"close"
"682",28,"A Graesser",0.00158225547731777,"close"
"683",29,"M Louwerse",0.00158224780956812,"close"
"684",30,"D McNamara",0.00158223630808297,"close"
"685",31,"H Group",0.00158221713931264,"close"
"686",32,"S Scott",0.00152905198776758,"close"
"687",33,"S Chin-Parker",0.00153374233128834,"close"
"688",34,"B Ross",0.00153374233128834,"close"
"689",35,"L Frey",0.00153139356814701,"close"
"690",36,"D Fisher",0.00153139356814701,"close"
"691",37,"S Siler",0.00153139356814701,"close"
"692",38,"K VanLehn",0.00153139356814701,"close"
"693",39,"C Oshima",0.00154081750632962,"close"
"694",40,"A Shimojima",0.00154083204930663,"close"
"695",41,"S Gelaes",0.00153374233128834,"close"
"696",42,"A Detiffe",0.00153374233128834,"close"
"697",43,"J Thibaut",0.00153374233128834,"close"
"698",44,"H Yoshida",0.00153139356814701,"close"
"699",45,"L Smith",0.00153139356814701,"close"
"700",46,"B Hemforth",0.00153139356814701,"close"
"701",47,"L Konieczny",0.00153139356814701,"close"
"702",48,"K Kim",0.00153373872889935,"close"
"703",49,"A Markman",0.00153374233128834,"close"
"704",50,"S Elzer",0.00153374233128834,"close"
"705",51,"N Green",0.00153374233128834,"close"
"706",52,"S Carberry",0.00153374233128834,"close"
"707",53,"J Snedeker",0.00153609831029186,"close"
"708",54,"P Li",0.00153609469682713,"close"
"709",55,"S Yuan",0.00153609469682713,"close"
"710",56,"B Martin",0.00154081750632962,"close"
"711",57,"B Tversky",0.00154083204930663,"close"
"712",58,"C Kemp",0.00153845066473791,"close"
"713",59,"D Salvucci",0.00154320987654321,"close"
"714",60,"T Siedlecki",0.00154319164171486,"close"
"715",61,"A Petrov",0.00152905198776758,"close"
"716",62,"N Taatgen",0.00153139356814701,"close"
"717",63,"M Dijkstra",0.00153139356814701,"close"
"718",64,"B Bergen",0.00153374233128834,"close"
"719",65,"S Narayan",0.00153374233128834,"close"
"720",66,"J Feldman",0.00153374233128834,"close"
"721",67,"P Cheng",0.00152905198776758,"close"
"722",68,"D Sobel",0.00153845066473791,"close"
"723",69,"T Kushnir",0.00153846153846154,"close"
"724",70,"S Sloman",0.00152905198776758,"close"
"725",71,"F Keller",0.00152905198776758,"close"
"726",72,"M Corley",0.00153139356814701,"close"
"727",73,"R Hartsuiker",0.00153139356814701,"close"
"728",74,"L Karlsson",0.00154319528864605,"close"
"729",75,"P Juslin",0.00154320987654321,"close"
"730",76,"H Olsson",0.00154320258256016,"close"
"731",77,"B Burns",0.00153139356814701,"close"
"732",78,"M Wieth",0.00153139356814701,"close"
"733",79,"X Xu",0.00158209447018006,"close"
"734",80,"K Wiemer-Hastings",0.00158217496965277,"close"
"735",81,"M Harrington",0.00154081387062827,"close"
"736",82,"S Dennis",0.00154082841353664,"close"
"737",83,"A diSessa",0.00153374233128834,"close"
"738",84,"N Gillespie",0.00153374233128834,"close"
"739",85,"J Esterly",0.00153374233128834,"close"
"740",86,"M Mayberry",0.00153139356814701,"close"
"741",87,"R Miikkulaainen",0.00153139356814701,"close"
"742",88,"A Olsson",0.00154319528864605,"close"
"743",89,"M Mermillod",0.00154082477778381,"close"
"744",90,"R French",0.00154082477778381,"close"
"745",91,"P Quin",0.00154082477778381,"close"
"746",92,"D Mareschal",0.00154083204930663,"close"
"747",93,"T Murray",0.00153845791386992,"close"
"748",94,"J Locke",0.00153374233128834,"close"
"749",95,"M Suret",0.00153374233128834,"close"
"750",96,"I McLaren",0.00153374233128834,"close"
"751",97,"P Paritosh",0.00154555847205095,"close"
"752",98,"K Forbus",0.00154558042107007,"close"
"753",99,"A Robinson",0.00153139356814701,"close"
"754",100,"C Hertzog",0.00153139356814701,"close"
"755",101,"R Farivar",0.00153139356814701,"close"
"756",102,"A Chaudhuri",0.00153139356814701,"close"
"757",103,"N Chang",0.00153374233128834,"close"
"758",104,"K Koedinger",0.00153374233128834,"close"
"759",105,"M Lovett",0.00153374233128834,"close"
"760",106,"P Maglio",0.00153846153846154,"close"
"761",107,"E Kandogan",0.00153845428929537,"close"
"762",108,"E Haber",0.00153845428929537,"close"
"763",109,"F Anggoro",0.00154556944648259,"close"
"764",110,"D Gentner",0.00154559139581341,"close"
"765",111,"Y Yang",0.00154081750632962,"close"
"766",112,"S Bringsjord",0.00154080296362714,"close"
"767",113,"D Davidson",0.00153374233128834,"close"
"768",114,"K Bock",0.00153374233128834,"close"
"769",115,"D Irwin",0.00153374233128834,"close"
"770",116,"P Johnson-Laird",0.00154082477778381,"close"
"771",117,"M Mozer",0.00153845066473791,"close"
"772",118,"M Colagrosso",0.00153845066473791,"close"
"773",119,"D Huber",0.00153845791386992,"close"
"774",120,"A Welham",0.00153374233128834,"close"
"775",121,"M Schnadt",0.00153374233128834,"close"
"776",122,"A Wills",0.00153374233128834,"close"
"777",123,"W Phillips",0.00156488147161166,"close"
"778",124,"L Boroditsky",0.00156493022520137,"close"
"779",125,"J Queseda",0.00154082841353664,"close"
"780",126,"W Kintsch",0.00154082841353664,"close"
"781",127,"E Gomez",0.00154081750632962,"close"
"782",128,"C Andersen",0.00152905198776758,"close"
"783",129,"A Gill",0.00153845066473791,"close"
"784",130,"J Oberlander",0.00153846153846154,"close"
"785",131,"M Scheutz",0.00153374233128834,"close"
"786",132,"K Eberhard",0.00153374233128834,"close"
"787",133,"K Targowski",0.00153374233128834,"close"
"788",134,"K Oberauer",0.00153374233128834,"close"
"789",135,"O Wilhelm",0.00153373872889935,"close"
"790",136,"K Malone",0.00152905198776758,"close"
"791",137,"E Davelaar",0.00153139356814701,"close"
"792",138,"M Usher",0.00153139356814701,"close"
"793",139,"D Devnich",0.00153374233128834,"close"
"794",140,"G Stevens",0.00153374233128834,"close"
"795",141,"J Hummel",0.00153374233128834,"close"
"796",142,"T Susi",0.00153374233128834,"close"
"797",143,"J Lindblom",0.00153374233128834,"close"
"798",144,"T Ziemke",0.00153374233128834,"close"
"799",145,"U Hasson",0.00154081750632962,"close"
"800",146,"C Jaynes",0.00153373872889935,"close"
"801",147,"R Golden",0.00153374233128834,"close"
"802",148,"N Nersessian",0.00154082841353664,"close"
"803",149,"E Kurz-Milcke",0.00154082477778381,"close"
"804",150,"W Newstetter",0.00154082477778381,"close"
"805",151,"J Davies",0.00154082841353664,"close"
"806",152,"C Bearman",0.00153609469682713,"close"
"807",153,"T Ormerod",0.00153609469682713,"close"
"808",154,"L Ball",0.00153609831029186,"close"
"809",155,"J Heiser",0.00154082477778381,"close"
"810",156,"M Agrawala",0.00154082477778381,"close"
"811",157,"P Hanrahan",0.00154082477778381,"close"
"812",158,"M Byrne",0.00152905198776758,"close"
"813",159,"M Gale",0.0015360910833794,"close"
"814",160,"S Haywood",0.00154557676285693,"close"
"815",161,"M Pickering",0.00154559139581341,"close"
"816",162,"J Choplin",0.00153139356814701,"close"
"817",163,"G Logan",0.00153139356814701,"close"
"818",164,"H Ji",0.00153139356814701,"close"
"819",165,"S Ploux",0.00153139356814701,"close"
"820",166,"N Sebanz",0.00153374233128834,"close"
"821",167,"G Knoblich",0.00153374233128834,"close"
"822",168,"W Prinz",0.00153374233128834,"close"
"823",169,"P Tibbetts",0.00152905198776758,"close"
"824",170,"T Bosse",0.00153609831029186,"close"
"825",171,"M Delfos",0.00153609831029186,"close"
"826",172,"C Jonker",0.00153609831029186,"close"
"827",173,"J Treur",0.00153609831029186,"close"
"828",174,"R Ratwani",0.00153845428929537,"close"
"829",175,"J Trafton",0.00153846153846154,"close"
"830",176,"D Boehm-Davis",0.00153845428929537,"close"
"831",177,"P Monaghan",0.00156003258628557,"close"
"832",178,"N Charter",0.00156000649803626,"close"
"833",179,"M Christiansen",0.00156004376723096,"close"
"834",180,"A Weidenfeld",0.00153373872889935,"close"
"835",181,"M Ramscar",0.00156491522377329,"close"
"836",182,"I Pearson",0.00156486647111827,"close"
"837",183,"S Ali",0.00156486647111827,"close"
"838",184,"M Dowman",0.00152905198776758,"close"
"839",185,"E Steingold",0.00153374233128834,"close"
"840",186,"E Spelke",0.00153374233128834,"close"
"841",187,"A Kittredge",0.00153374233128834,"close"
"842",188,"Z Solan",0.00153609831029186,"close"
"843",189,"D Horn",0.00153609831029186,"close"
"844",190,"E Ruppin",0.00153609831029186,"close"
"845",191,"S Edelman",0.00153609831029186,"close"
"846",192,"B Rehder",0.00153139356814701,"close"
"847",193,"A Hoffman",0.00153139356814701,"close"
"848",194,"Y Sakamoto",0.00153139356814701,"close"
"849",195,"B Love",0.00153139356814701,"close"
"850",196,"D Navarro",0.00153609831029186,"close"
"851",197,"I Myung",0.00153609831029186,"close"
"852",198,"M Pitt",0.00153609831029186,"close"
"853",199,"W Kim",0.00153609831029186,"close"
"854",200,"S Beller",0.00153139356814701,"close"
"855",201,"L Connell",0.00153373872889935,"close"
"856",202,"M Keane",0.00153374233128834,"close"
"857",203,"S Inamdar",0.00153139356814701,"close"
"858",204,"M Pomplun",0.00153139356814701,"close"
"859",205,"D Cousineau",0.00153845428929537,"close"
"860",206,"P Fitzpatrick",0.00152905198776758,"close"
"861",207,"E Balcetis",0.00153139356814701,"close"
"862",208,"R Dale",0.00153139356814701,"close"
"863",209,"R Vick",0.00153374233128834,"close"
"864",210,"M rosby",0.00153374233128834,"close"
"865",211,"B Auernheimer",0.00153374233128834,"close"
"866",212,"C Robinson",0.00153845066473791,"close"
"867",213,"V Sloutsky",0.00153846153846154,"close"
"868",214,"I Vlaev",0.00156000277121472,"close"
"869",215,"P Knoeferle",0.00154557676285693,"close"
"870",216,"M Crocker",0.00154557676285693,"close"
"871",217,"C Scheepers",0.00154557676285693,"close"
"872",218,"K Scheiter",0.00153846153846154,"close"
"873",219,"P Gerjets",0.00153846153846154,"close"
"874",220,"E Tomida",0.00153139356814701,"close"
"875",221,"S Maruno",0.00153139356814701,"close"
"876",222,"C Conway",0.00156000277121472,"close"
"877",223,"M Ellefson",0.00156000277121472,"close"
"878",224,"P Dominey",0.00153374233128834,"close"
"879",225,"J Jameson",0.00154556944648259,"close"
"880",226,"C Stilwell",0.00153373872889935,"close"
"881",227,"C Castelfranchi",0.00153609831029186,"close"
"882",228,"F Giardini",0.00153609831029186,"close"
"883",229,"E Lorini",0.00153609831029186,"close"
"884",230,"L Tummolini",0.00153609831029186,"close"
"885",231,"A Gordon",0.00153139356814701,"close"
"886",232,"A Nair",0.00153139356814701,"close"
"887",233,"C Yu",0.00153374233128834,"close"
"888",234,"D Ballard",0.00153374233128834,"close"
"889",235,"R Aslin",0.00153374233128834,"close"
"890",236,"D Casasanto",0.00156488147161166,"close"
"891",237,"L Magnani",0.00153139356814701,"close"
"892",238,"R Dossena",0.00153139356814701,"close"
"893",239,"A Bender",0.00153139356814701,"close"
"894",240,"M Wenger",0.00153845428929537,"close"
"895",241,"A Copeland",0.00153845428929537,"close"
"896",242,"M Suwa",0.00154081750632962,"close"
"897",243,"I Umata",0.00154082477778381,"close"
"898",244,"Y Katagiri",0.00154082477778381,"close"
"899",245,"N Swoboda",0.00154082477778381,"close"
"900",246,"T Fukaya",0.00154081750632962,"close"
"901",247,"T Yamauchi",0.00152905198776758,"close"
"902",248,"F Bosco",0.00153374233128834,"close"
"903",249,"M Bucciarelli",0.00153374233128834,"close"
"904",250,"B Bara",0.00153374233128834,"close"
"905",251,"D Race",0.00153139356814701,"close"
"906",252,"M MacDonald",0.00153139356814701,"close"
"907",253,"C Lebiere",0.00154319893559449,"close"
"908",254,"R Gray",0.00154319893559449,"close"
"909",255,"R West",0.00154319893559449,"close"
"910",256,"G Lupyan",0.00153374233128834,"close"
"911",257,"J McClelland",0.00153373872889935,"close"
"912",258,"N Fay",0.00153845791386992,"close"
"913",259,"S Garrod",0.00153845791386992,"close"
"914",260,"J Lee",0.00153845791386992,"close"
"915",261,"L Gabora",0.00152905198776758,"close"
"916",262,"M Gonitzke",0.00156001395173274,"close"
"917",263,"M Schlesinger",0.00153139356814701,"close"
"918",264,"M Young",0.00153139356814701,"close"
"919",265,"A Gopnik",0.00153845791386992,"close"
"920",266,"L Schulz",0.00153845791386992,"close"
"921",267,"D Danks",0.00153845791386992,"close"
"922",268,"Z Estes",0.00153374233128834,"close"
"923",269,"R Alix-Gaudreau",0.00153373872889935,"close"
"924",270,"R Seabrook",0.00153139356814701,"close"
"925",271,"Z Dienes",0.00153139356814701,"close"
"926",272,"U Cress",0.00152905198776758,"close"
"927",273,"D Liu",0.00152905198776758,"close"
"928",274,"E Hannon",0.00153139356814701,"close"
"929",275,"S Trehub",0.00153139356814701,"close"
"930",276,"T Ioerger",0.00153846153846154,"close"
"931",277,"J Sims",0.00153846153846154,"close"
"932",278,"R Volz",0.00153846153846154,"close"
"933",279,"J Workman",0.00153846153846154,"close"
"934",280,"W Shebilske",0.00153846153846154,"close"
"935",281,"A Fisher",0.00153845066473791,"close"
"936",282,"A Patalano",0.00153374233128834,"close"
"937",283,"R Leech",0.00154082114204814,"close"
"938",284,"R Cooper",0.00154082114204814,"close"
"939",285,"R Revlin",0.00153374233128834,"close"
"940",286,"D Calvillo",0.00153374233128834,"close"
"941",287,"P Mautone",0.00153374233128834,"close"
"942",288,"C Wendelken",0.00153139356814701,"close"
"943",289,"L Shastri",0.00153139356814701,"close"
"944",290,"R Sun",0.00153139356814701,"close"
"945",291,"X Zhang",0.00153139356814701,"close"
"946",292,"I Blanchette",0.00153139356814701,"close"
"947",293,"A Richards",0.00153139356814701,"close"
"948",294,"J Yan",0.00154557676285693,"close"
"949",295,"T Matlock",0.00156489647239264,"close"
"950",296,"N Braisby",0.00152905198776758,"close"
"951",297,"G Jackson",0.00158221330561431,"close"
"952",298,"E Matthews",0.00158221330561431,"close"
"953",299,"H Mitchell",0.00158221330561431,"close"
"954",300,"A Olney",0.00158221330561431,"close"
"955",301,"M Ventura",0.00158221330561431,"close"
"956",302,"P Chipman",0.00158221330561431,"close"
"957",303,"N Person",0.00158221330561431,"close"
"958",304,"G Group",0.00158221330561431,"close"
"959",305,"M Nielsen",0.00152905198776758,"close"
"960",306,"M Jodlowski",0.00153139356814701,"close"
"961",307,"S Doane",0.00153139356814701,"close"
"962",308,"C Haught",0.00154081023494407,"close"
"963",309,"N Witthoft",0.00156489272217043,"close"
"964",310,"J Winawer",0.00156489272217043,"close"
"965",311,"L Wu",0.00156489272217043,"close"
"966",312,"M Frank",0.00156491147346121,"close"
"967",313,"A Wade",0.00156489272217043,"close"
"968",314,"T Griffiths",0.00153845066473791,"close"
"969",315,"M Amoretti",0.00152905198776758,"close"
"970",316,"B Guimberteau",0.00152905198776758,"close"
"971",317,"L Webber",0.00153139356814701,"close"
"972",318,"A Feeney",0.00153139356814701,"close"
"973",319,"L Wagner",0.00152905198776758,"close"
"974",320,"P Healey",0.00153846153846154,"close"
"975",321,"M Purver",0.00153846153846154,"close"
"976",322,"J King",0.00153846153846154,"close"
"977",323,"J Ginzburg",0.00153846153846154,"close"
"978",324,"G Mills",0.00153846153846154,"close"
"979",325,"A Stocco",0.00153373872889935,"close"
"980",326,"J Marsh",0.00153373872889935,"close"
"981",327,"W Ahn",0.00153374233128834,"close"
"982",328,"S Read",0.00153374233128834,"close"
"983",329,"C Snow",0.00153374233128834,"close"
"984",330,"D Simon",0.00153374233128834,"close"
"985",331,"J Hsiao",0.00153139356814701,"close"
"986",332,"E Munnich",0.00153846153846154,"close"
"987",333,"M Ramney",0.00153846153846154,"close"
"988",334,"J Nelson",0.00153846153846154,"close"
"989",335,"J Osuna",0.00153846153846154,"close"
"990",336,"N Brazil",0.00153846153846154,"close"
"991",337,"J Owensby",0.00153139356814701,"close"
"992",338,"J Kolodner",0.00153139356814701,"close"
"993",339,"N Verschueren",0.00153845066473791,"close"
"994",340,"W Schaeken",0.00153845791386992,"close"
"995",341,"G d'Ydewalle",0.00153845791386992,"close"
"996",342,"A Samnonovich",0.00153139356814701,"close"
"997",343,"K Jong",0.00153139356814701,"close"
"998",344,"T Komatsu",0.00154083204930663,"close"
"999",345,"A Utsunomiya",0.00154083204930663,"close"
"1000",346,"K Suzuki",0.00154083204930663,"close"
"1001",347,"K Ueda",0.00154083204930663,"close"
"1002",348,"K Hiraki",0.00154083204930663,"close"
"1003",349,"N Oka",0.00154083204930663,"close"
"1004",350,"L Onnis",0.00156002513241102,"close"
"1005",351,"R Gomez",0.00156002513241102,"close"
"1006",352,"J Clement",0.00152905198776758,"close"
"1007",353,"B Klettke",0.00153139356814701,"close"
"1008",354,"P Wolff",0.00153139356814701,"close"
"1009",355,"S Katz",0.00152905198776758,"close"
"1010",356,"L Leger",0.00153609831029186,"close"
"1011",357,"D Chene",0.00153609831029186,"close"
"1012",358,"T Baccino",0.00153609831029186,"close"
"1013",359,"C Tijus",0.00153609831029186,"close"
"1014",360,"C Luhmann",0.00153373872889935,"close"
"1015",361,"T Krynski",0.00153845066473791,"close"
"1016",362,"M Feist",0.00154556944648259,"close"
"1017",363,"J Blanc",0.00153374233128834,"close"
"1018",364,"C Dodane",0.00153374233128834,"close"
"1019",365,"F Reali",0.00156000649803626,"close"
"1020",366,"D Lynott",0.00153373872889935,"close"
"1021",367,"R Goldstone",0.00153374233128834,"close"
"1022",368,"B Ashpole",0.00153373872889935,"close"
"1023",369,"W Neys",0.00153845791386992,"close"
"1024",370,"J Aronoff",0.00153846153846154,"close"
"1025",371,"L Gonnerman",0.00153846153846154,"close"
"1026",372,"E Andersen",0.00153846153846154,"close"
"1027",373,"D Kempler",0.00153846153846154,"close"
"1028",374,"A Almor",0.00153846153846154,"close"
"1029",375,"A Goel",0.00154081387062827,"close"
"1030",376,"A Napolitano",0.00153845066473791,"close"
"1031",377,"M Wiebe",0.00152905198776758,"close"
"1032",378,"T Kershaw",0.00154319528864605,"close"
"1033",379,"S Ohlsson",0.00154320987654321,"close"
"1034",380,"C Coyne",0.00154319528864605,"close"
"1035",381,"R Ferguson",0.00152905198776758,"close"
"1036",382,"S Moore",0.00156000277121472,"close"
"1037",383,"P Hansson",0.00154319528864605,"close"
"1038",384,"A Winman",0.00154319528864605,"close"
"1039",385,"S Ainsworth",0.00153139356814701,"close"
"1040",386,"G Peevers",0.00153139356814701,"close"
"1041",387,"M Vilcu",0.0015360910833794,"close"
"1042",388,"R Hadley",0.00153609831029186,"close"
"1043",389,"J Wiley",0.00153139356814701,"close"
"1044",390,"C Jolly",0.00153139356814701,"close"
"1045",391,"R Catrambone",0.00153845428929537,"close"
"1046",392,"W Fu",0.00152905198776758,"close"
"1047",393,"L Martin",0.00153845066473791,"close"
"1048",394,"D Barner",0.0015360910833794,"close"
"1049",395,"J Hoeks",0.00153374233128834,"close"
"1050",396,"I Prinsen",0.00153374233128834,"close"
"1051",397,"L Stowe",0.00153374233128834,"close"
"1052",398,"T Schorr",0.00153845428929537,"close"
"1053",399,"M Perry",0.00153609831029186,"close"
"1054",400,"K O'Hara",0.00153609831029186,"close"
"1055",401,"G Spinelli",0.00153609831029186,"close"
"1056",402,"B Sharpe",0.00153609831029186,"close"
"1057",403,"M Alac",0.00152905198776758,"close"
"1058",404,"S Reimers",0.00156000649803626,"close"
"1059",405,"G Deak",0.00153139356814701,"close"
"1060",406,"J Wagner",0.00153139356814701,"close"
"1061",407,"S Day",0.00154556944648259,"close"
"1062",408,"G Goodwin",0.00154080296362714,"close"
"1063",409,"F Calvo",0.00153139356814701,"close"
"1064",410,"E Colunga",0.00153139356814701,"close"
"1065",411,"H Nilsson",0.00154319528864605,"close"
"1066",412,"W Helton",0.00152905198776758,"close"
"1067",413,"D Yarlett",0.00156486272103985,"close"
"1068",414,"A Chavez",0.00154319164171486,"close"
"1069",415,"O Coelho",0.00153609831029186,"close"
"1070",416,"E Francozo",0.00153609831029186,"close"
"1071",417,"E Albano",0.00153609831029186,"close"
"1072",418,"R Basso",0.00153609831029186,"close"
"1073",419,"R Prather",0.00156487772146135,"close"
"1074",420,"N Zareva-Toncheva",0.00153139356814701,"close"
"1075",421,"B Kokinov",0.00153139356814701,"close"
"1076",422,"A Kozbelt",0.00152905198776758,"close"
"1077",423,"A Keselman",0.00154558042107007,"close"
"1078",424,"V Patel",0.00154558042107007,"close"
"1079",425,"M Graham",0.00154558042107007,"close"
"1080",426,"T Johnson",0.00154559139581341,"close"
"1081",427,"J Zhang",0.00154559139581341,"close"
"1082",428,"I Rifkin",0.00153373872889935,"close"
"1083",429,"F Lee",0.00153139356814701,"close"
"1084",430,"S Gamard",0.00153139356814701,"close"
"1085",431,"I Arroyo",0.00153845428929537,"close"
"1086",432,"K Patel",0.00153373872889935,"close"
"1087",433,"K Matsuda",0.00153139356814701,"close"
"1088",434,"T Kusumi",0.00153139356814701,"close"
"1089",435,"T Seymour",0.00153374233128834,"close"
"1090",436,"J Kerlin",0.00153374233128834,"close"
"1091",437,"A Kurtz",0.00153374233128834,"close"
"1092",438,"J Son",0.00153373872889935,"close"
"1093",439,"S Gokcesu",0.00153139356814701,"close"
"1094",440,"B Bowdle",0.00153139356814701,"close"
"1095",441,"C Beal",0.00153844341567422,"close"
"1096",442,"K Klein",0.00154557676285693,"close"
"1097",443,"K Addis",0.00154557676285693,"close"
"1098",444,"M Kahana",0.00154559505409583,"close"
"1099",445,"K Nakamoto",0.00152905198776758,"close"
"1100",446,"C Sifonis",0.00153374233128834,"close"
"1101",447,"F Chen",0.00153374233128834,"close"
"1102",448,"D Bommarito",0.00153374233128834,"close"
"1103",449,"T Lombrozo",0.00153139356814701,"close"
"1104",450,"S Carey",0.00153139356814701,"close"
"1105",451,"J Gobert",0.00154320987654321,"close"
"1106",452,"D Skelton",0.00154319164171486,"close"
"1107",453,"R Tweney",0.00154320987654321,"close"
"1108",454,"M Yip",0.00152905198776758,"close"
"1109",455,"K Christy",0.00153374233128834,"close"
"1110",456,"L Blaha",0.00153374233128834,"close"
"1111",457,"R Thomas",0.00153374233128834,"close"
"1112",458,"R Fiorentino",0.00153139356814701,"close"
"1113",459,"D Poeppel",0.00153139356814701,"close"
"1114",460,"C Ayala",0.00154319164171486,"close"
"1115",461,"D Francschetti",0.00158217880316533,"close"
"1116",462,"A Adcock",0.00158217880316533,"close"
"1117",463,"G Giguere",0.00153374233128834,"close"
"1118",464,"G Lacroix",0.00153374233128834,"close"
"1119",465,"S Larochelle",0.00153374233128834,"close"
"1120",466,"K Maddox",0.00153374233128834,"close"
"1121",467,"D Rapp",0.00153374233128834,"close"
"1122",468,"H Taylor",0.00153374233128834,"close"
"1123",469,"M Hegarty",0.00154083204930663,"close"
"1124",470,"M Canham",0.00154082114204814,"close"
"1125",471,"N Shimozawa",0.00154082114204814,"close"
"1126",472,"C Laloyaux",0.00153139356814701,"close"
"1127",473,"C Schmitt",0.00153139356814701,"close"
"1128",474,"E Anderson",0.00153139356814701,"close"
"1129",475,"J Florack",0.00153139356814701,"close"
"1130",476,"M McGlone",0.00153139356814701,"close"
"1131",477,"H Bortfeld",0.00153139356814701,"close"
"1132",478,"F Subiaul",0.00154320987654321,"close"
"1133",479,"H Lurie",0.00154320987654321,"close"
"1134",480,"K Romansky",0.00154320987654321,"close"
"1135",481,"D Holmes",0.00154320987654321,"close"
"1136",482,"T Klein",0.00154320987654321,"close"
"1137",483,"R Holloway",0.00154320987654321,"close"
"1138",484,"H Terrace",0.00154320987654321,"close"
"1139",485,"H Shirouzu",0.00153609469682713,"close"
"1140",486,"N Miyake",0.00153609831029186,"close"
"1141",487,"P Chung",0.0015455731046611,"close"
"1142",488,"R Byrne",0.00153374233128834,"close"
"1143",489,"S Egan",0.00153374233128834,"close"
"1144",490,"J Garcia-Madruga",0.00153374233128834,"close"
"1145",491,"L Hedman",0.00154320987654321,"close"
"1146",492,"P Anderson",0.00154320987654321,"close"
"1147",493,"P Strom",0.00154320987654321,"close"
"1148",494,"A Kjellin",0.00154320987654321,"close"
"1149",495,"L Sarno",0.00154320987654321,"close"
"1150",496,"T Wredmark",0.00154320987654321,"close"
"1151",497,"L Fellander-Tsai",0.00154320987654321,"close"
"1152",498,"J Moss",0.00153374233128834,"close"
"1153",499,"K Kotovsky",0.00153374233128834,"close"
"1154",500,"J Cagan",0.00153374233128834,"close"
"1155",501,"J Fleck",0.00153373872889935,"close"
"1156",502,"R Weisberg",0.00153374233128834,"close"
"1157",503,"Y Kobayashi",0.00152905198776758,"close"
"1158",504,"E Trusova",0.00156487772146135,"close"
"1159",505,"K Ishii",0.00153139356814701,"close"
"1160",506,"S Kitayama",0.00153139356814701,"close"
"1161",507,"M Johansen",0.00153139356814701,"close"
"1162",508,"J Kruschke",0.00153139356814701,"close"
"1163",509,"H Ramsawh",0.00153139356814701,"close"
"1164",510,"C Harris",0.00153139356814701,"close"
"1165",511,"C Espinel",0.00152905198776758,"close"
"1166",512,"D Grodner",0.00153139356814701,"close"
"1167",513,"J Sedivy",0.00153139356814701,"close"
"1168",514,"S Helie",0.00153844341567422,"close"
"1169",515,"L Romero",0.00153139356814701,"close"
"1170",516,"S Brem",0.00153139356814701,"close"
"1171",517,"A Friedrich",0.00153139356814701,"close"
"1172",518,"T Zentall",0.00153139356814701,"close"
"1173",519,"D Brumby",0.0015360910833794,"close"
"1174",520,"A Howes",0.00153609831029186,"close"
"1175",521,"T Wong",0.00153139356814701,"close"
"1176",522,"A Chau",0.00153139356814701,"close"
"1177",523,"K Dieussaert",0.00153844704019752,"close"
"1178",524,"P Wiemer-Hastings",0.00152905198776758,"close"
"1179",525,"E Dolan",0.00154558042107007,"close"
"1180",526,"C Sauder",0.00154558042107007,"close"
"1181",527,"A Wingfield",0.00154558042107007,"close"
"1182",528,"B Christensen",0.0015360910833794,"close"
"1183",529,"D Trumpower",0.00153374233128834,"close"
"1184",530,"T Goldsmith",0.00153374233128834,"close"
"1185",531,"B Williams",0.00153374233128834,"close"
"1186",532,"O Blajenkova",0.00153139356814701,"close"
"1187",533,"M Kozhevnikov",0.00153139356814701,"close"
"1188",534,"A Vera",0.00153609469682713,"close"
"1189",535,"R Remington",0.00153609469682713,"close"
"1190",536,"R Anderson",0.00153139356814701,"close"
"1191",537,"M Doherty",0.00153139356814701,"close"
"1192",538,"K Lie",0.00152905198776758,"close"
"1193",539,"T Matsuka",0.00153139356814701,"close"
"1194",540,"J Corter",0.00153139356814701,"close"
"1195",541,"P Horwitz",0.00154320987654321,"close"
"1196",542,"B Tinker",0.00154320987654321,"close"
"1197",543,"B Buckley",0.00154320987654321,"close"
"1198",544,"U Wilensky",0.00154320987654321,"close"
"1199",545,"S Levy",0.00154320987654321,"close"
"1200",546,"C Dede",0.00154320987654321,"close"
"1201",547,"P Sederberg",0.00154557676285693,"close"
"1202",548,"J Madsen",0.00154557676285693,"close"
"1203",549,"H Wang",0.00154558042107007,"close"
"1204",550,"J Fan",0.00154555847205095,"close"
"1205",551,"L Jones",0.00153373872889935,"close"
"1206",552,"B Eiter",0.00153139356814701,"close"
"1207",553,"A Inhoff",0.00153139356814701,"close"
"1208",554,"C Krachun",0.00153139356814701,"close"
"1209",555,"D Kamawar",0.00153139356814701,"close"
"1210",556,"L Winship",0.00153845066473791,"close"
"1211",557,"N Stillings",0.00153845066473791,"close"
"1212",558,"C Werner",0.00153139356814701,"close"
"1213",559,"R John",0.00153139356814701,"close"
"1214",560,"Y Kushleyeva",0.00154319164171486,"close"
"1215",561,"J Kwasny",0.00153139356814701,"close"
"1216",562,"K Kurtz",0.00153139356814701,"close"
"1217",563,"Y Miyake",0.00153609469682713,"close"
"1218",564,"S Li",0.00153609831029186,"close"
"1219",565,"C Myers",0.00153609831029186,"close"
"1220",566,"M Schoelles",0.00153609831029186,"close"
"1221",567,"W Gray",0.00153609831029186,"close"
"1222",568,"C Cohen",0.00154082477778381,"close"
"1223",569,"M Kehner",0.00154082477778381,"close"
"1224",570,"D Montello",0.00154082477778381,"close"
"1225",571,"E Chrysikou",0.00153373872889935,"close"
"1226",572,"L Jerzykiewicz",0.00152905198776758,"close"
"1227",573,"M Wettler",0.00153139356814701,"close"
"1228",574,"P Seidensticker",0.00153139356814701,"close"
"1229",575,"M Taube-Schiff",0.0015360910833794,"close"
"1230",576,"N Segalowitz",0.00153609831029186,"close"
"1231",577,"F Dogan",0.00154081387062827,"close"
"1232",578,"C Tobon",0.00152905198776758,"close"
"1233",579,"B Morris",0.0015360910833794,"close"
"1234",580,"I O'Brien",0.0015360910833794,"close"
"1235",581,"L Baraff",0.00153139356814701,"close"
"1236",582,"J Coley",0.00153139356814701,"close"
"1237",583,"Y Yoshimura",0.00153139356814701,"close"
"1238",584,"B MacWhinney",0.00153139356814701,"close"
"1239",585,"S Trickett",0.00153845428929537,"close"
"1240",586,"T Watkins",0.00153845428929537,"close"
"1241",587,"N Davidenko",0.00156486272103985,"close"
"1242",588,"W Chung",0.0015360910833794,"close"
"1243",589,"J Lipinski",0.00153139356814701,"close"
"1244",590,"P Gupta",0.00153139356814701,"close"
"1245",591,"A Preece",0.00153139356814701,"close"
"1246",592,"J Bond-Robinson",0.00153139356814701,"close"
"1247",593,"H Yen",0.00153139356814701,"close"
"1248",594,"H Muller",0.00153139356814701,"close"
"1249",595,"J Schuh",0.00153845428929537,"close"
"1250",596,"R Shillcock",0.00153139356814701,"close"
"1251",597,"B Clark",0.00153609831029186,"close"
"1252",598,"E Bratt",0.00153609831029186,"close"
"1253",599,"K Schultz",0.00153609831029186,"close"
"1254",600,"M Evens",0.00153609831029186,"close"
"1255",601,"D Mendonca",0.00153139356814701,"close"
"1256",602,"W Wallace",0.00153139356814701,"close"
"1257",603,"T Kojima",0.00152905198776758,"close"
"1258",604,"M Tscholl",0.00153139356814701,"close"
"1259",605,"J Dowell",0.00153139356814701,"close"
"1260",606,"T Shultz",0.00152905198776758,"close"
"1261",607,"G Harman",0.00153139356814701,"close"
"1262",608,"S Kulkarni",0.00153139356814701,"close"
"1263",609,"E Altmann",0.00152905198776758,"close"
"1264",610,"J Zacks",0.00152905198776758,"close"
"1265",611,"I Levinstein",0.00158217113615879,"close"
"1266",612,"K Millis",0.00158217113615879,"close"
"1267",613,"J Magliano",0.00158217113615879,"close"
"1268",614,"A Corrigan-Halpern",0.00154320258256016,"close"
"1269",615,"B Eugenio",0.00154320258256016,"close"
"1270",616,"X Lu",0.00154320258256016,"close"
"1271",617,"M Glass",0.00154320258256016,"close"
"1272",618,"P Todd",0.00152905198776758,"close"
"1273",619,"P Grim",0.00153374233128834,"close"
"1274",620,"P Denis",0.00153374233128834,"close"
"1275",621,"T Kokalis",0.00153374233128834,"close"
"1276",622,"P Sedlmeier",0.00152905198776758,"close"
"1277",623,"M Spivey",0.00152905198776758,"close"
"1278",624,"T Regier",0.00153139356814701,"close"
"1279",625,"M Zheng",0.00153139356814701,"close"
"1280",626,"W Richards",0.00153139356814701,"close"
"1281",627,"S Seung",0.00153139356814701,"close"
"1282",628,"R Giere",0.00153609831029186,"close"
"1283",629,"W Clancey",0.00152905198776758,"close"
"1284",630,"A Shapiro",0.00153139356814701,"close"
"1285",631,"D Niederhauser",0.00153139356814701,"close"
"1286",632,"E Hutchins",0.00152905198776758,"close"
"1287",633,"M Tomasello",0.00152905198776758,"close"
"1288",634,"J Greeno",0.00152905198776758,"close"
"1289",635,"F Ferreira",0.00153609831029186,"close"
"1290",636,"R Frank",0.00153609831029186,"close"
"1291",637,"E Stabler",0.00153609831029186,"close"
"1292",638,"B Webber",0.00153609831029186,"close"
"1293",639,"L Neal",0.00153139356814701,"close"
"1294",640,"D Anastasi",0.00153139356814701,"close"
"1295",641,"T Landauer",0.00154082477778381,"close"
"1296",642,"A Abrahamsen",0.00153609831029186,"close"
"1297",643,"W Bechtel",0.00153609831029186,"close"
"1298",644,"P Bradley",0.00153609831029186,"close"
"1299",645,"C Craver",0.00153609831029186,"close"
"1300",646,"K Rayner",0.00152905198776758,"close"
"1301",647,"J Kolonder",0.0015360910833794,"close"
"1302",648,"A",0.00154320258256016,"close"
"1303",649,"C Ronald",0.00154320258256016,"close"
"1304",650,"K Elizabeth",0.00154320258256016,"close"
"1305",651,"T M.",0.00154320258256016,"close"
"1306",652,"G Marcus",0.00153609469682713,"close"
"1307",653,"R Jacobs",0.00153609469682713,"close"
"1308",654,"J Kangasoja",0.00153609831029186,"close"
"1309",1,"T Reimer",0,"between"
"1310",2,"U Hoffrage",0,"between"
"1311",3,"J Tenenbaum",6,"between"
"1312",4,"S Niyogi",0,"between"
"1313",5,"I Ash",0,"between"
"1314",6,"T Nokes",0,"between"
"1315",7,"K Cho",0,"between"
"1316",8,"C Schunn",3,"between"
"1317",9,"Y Rogers",0,"between"
"1318",10,"H Brignull",0,"between"
"1319",11,"F Missier",0,"between"
"1320",12,"D Fum",1,"between"
"1321",13,"H Branigan",3.5,"between"
"1322",14,"J McLean",2,"between"
"1323",15,"H Reeve",0,"between"
"1324",16,"A Bloomfield",0,"between"
"1325",17,"L Rips",0,"between"
"1326",18,"A Hornof",0,"between"
"1327",19,"T Halverson",0,"between"
"1328",20,"T Honkela",0,"between"
"1329",21,"T Knuuttila",0,"between"
"1330",22,"N Stewart",0,"between"
"1331",23,"N Chater",45.5,"between"
"1332",24,"X Hu",18,"between"
"1333",25,"Z Cai",0,"between"
"1334",26,"D Franceschetti",18,"between"
"1335",27,"P Penumatsa",0,"between"
"1336",28,"A Graesser",58,"between"
"1337",29,"M Louwerse",18,"between"
"1338",30,"D McNamara",85,"between"
"1339",31,"H Group",0,"between"
"1340",32,"S Scott",0,"between"
"1341",33,"S Chin-Parker",0,"between"
"1342",34,"B Ross",0,"between"
"1343",35,"L Frey",0,"between"
"1344",36,"D Fisher",0,"between"
"1345",37,"S Siler",0,"between"
"1346",38,"K VanLehn",0,"between"
"1347",39,"C Oshima",0,"between"
"1348",40,"A Shimojima",7,"between"
"1349",41,"S Gelaes",0,"between"
"1350",42,"A Detiffe",0,"between"
"1351",43,"J Thibaut",0,"between"
"1352",44,"H Yoshida",0,"between"
"1353",45,"L Smith",0,"between"
"1354",46,"B Hemforth",0,"between"
"1355",47,"L Konieczny",0,"between"
"1356",48,"K Kim",0,"between"
"1357",49,"A Markman",1,"between"
"1358",50,"S Elzer",0,"between"
"1359",51,"N Green",0,"between"
"1360",52,"S Carberry",0,"between"
"1361",53,"J Snedeker",2,"between"
"1362",54,"P Li",0,"between"
"1363",55,"S Yuan",0,"between"
"1364",56,"B Martin",0,"between"
"1365",57,"B Tversky",7,"between"
"1366",58,"C Kemp",0,"between"
"1367",59,"D Salvucci",12,"between"
"1368",60,"T Siedlecki",0,"between"
"1369",61,"A Petrov",0,"between"
"1370",62,"N Taatgen",0,"between"
"1371",63,"M Dijkstra",0,"between"
"1372",64,"B Bergen",0,"between"
"1373",65,"S Narayan",0,"between"
"1374",66,"J Feldman",0,"between"
"1375",67,"P Cheng",0,"between"
"1376",68,"D Sobel",0,"between"
"1377",69,"T Kushnir",3,"between"
"1378",70,"S Sloman",0,"between"
"1379",71,"F Keller",0,"between"
"1380",72,"M Corley",0,"between"
"1381",73,"R Hartsuiker",0,"between"
"1382",74,"L Karlsson",0,"between"
"1383",75,"P Juslin",9.5,"between"
"1384",76,"H Olsson",1.5,"between"
"1385",77,"B Burns",0,"between"
"1386",78,"M Wieth",0,"between"
"1387",79,"X Xu",0,"between"
"1388",80,"K Wiemer-Hastings",21,"between"
"1389",81,"M Harrington",0,"between"
"1390",82,"S Dennis",4,"between"
"1391",83,"A diSessa",0,"between"
"1392",84,"N Gillespie",0,"between"
"1393",85,"J Esterly",0,"between"
"1394",86,"M Mayberry",0,"between"
"1395",87,"R Miikkulaainen",0,"between"
"1396",88,"A Olsson",0,"between"
"1397",89,"M Mermillod",0,"between"
"1398",90,"R French",0,"between"
"1399",91,"P Quin",0,"between"
"1400",92,"D Mareschal",6,"between"
"1401",93,"T Murray",4,"between"
"1402",94,"J Locke",0,"between"
"1403",95,"M Suret",0,"between"
"1404",96,"I McLaren",0,"between"
"1405",97,"P Paritosh",0,"between"
"1406",98,"K Forbus",6,"between"
"1407",99,"A Robinson",0,"between"
"1408",100,"C Hertzog",0,"between"
"1409",101,"R Farivar",0,"between"
"1410",102,"A Chaudhuri",0,"between"
"1411",103,"N Chang",0,"between"
"1412",104,"K Koedinger",0,"between"
"1413",105,"M Lovett",0,"between"
"1414",106,"P Maglio",4,"between"
"1415",107,"E Kandogan",0,"between"
"1416",108,"E Haber",0,"between"
"1417",109,"F Anggoro",0,"between"
"1418",110,"D Gentner",18,"between"
"1419",111,"Y Yang",4,"between"
"1420",112,"S Bringsjord",0,"between"
"1421",113,"D Davidson",0,"between"
"1422",114,"K Bock",0,"between"
"1423",115,"D Irwin",0,"between"
"1424",116,"P Johnson-Laird",8,"between"
"1425",117,"M Mozer",0,"between"
"1426",118,"M Colagrosso",0,"between"
"1427",119,"D Huber",4,"between"
"1428",120,"A Welham",0,"between"
"1429",121,"M Schnadt",0,"between"
"1430",122,"A Wills",0,"between"
"1431",123,"W Phillips",0,"between"
"1432",124,"L Boroditsky",63.5,"between"
"1433",125,"J Queseda",1.5,"between"
"1434",126,"W Kintsch",1.5,"between"
"1435",127,"E Gomez",0,"between"
"1436",128,"C Andersen",0,"between"
"1437",129,"A Gill",0,"between"
"1438",130,"J Oberlander",3,"between"
"1439",131,"M Scheutz",0,"between"
"1440",132,"K Eberhard",0,"between"
"1441",133,"K Targowski",0,"between"
"1442",134,"K Oberauer",1,"between"
"1443",135,"O Wilhelm",0,"between"
"1444",136,"K Malone",0,"between"
"1445",137,"E Davelaar",0,"between"
"1446",138,"M Usher",0,"between"
"1447",139,"D Devnich",0,"between"
"1448",140,"G Stevens",0,"between"
"1449",141,"J Hummel",0,"between"
"1450",142,"T Susi",0,"between"
"1451",143,"J Lindblom",0,"between"
"1452",144,"T Ziemke",0,"between"
"1453",145,"U Hasson",4,"between"
"1454",146,"C Jaynes",0,"between"
"1455",147,"R Golden",1,"between"
"1456",148,"N Nersessian",4,"between"
"1457",149,"E Kurz-Milcke",0,"between"
"1458",150,"W Newstetter",0,"between"
"1459",151,"J Davies",4,"between"
"1460",152,"C Bearman",0,"between"
"1461",153,"T Ormerod",0,"between"
"1462",154,"L Ball",2,"between"
"1463",155,"J Heiser",0,"between"
"1464",156,"M Agrawala",0,"between"
"1465",157,"P Hanrahan",0,"between"
"1466",158,"M Byrne",0,"between"
"1467",159,"M Gale",0,"between"
"1468",160,"S Haywood",0,"between"
"1469",161,"M Pickering",12.5,"between"
"1470",162,"J Choplin",0,"between"
"1471",163,"G Logan",0,"between"
"1472",164,"H Ji",0,"between"
"1473",165,"S Ploux",0,"between"
"1474",166,"N Sebanz",0,"between"
"1475",167,"G Knoblich",0,"between"
"1476",168,"W Prinz",0,"between"
"1477",169,"P Tibbetts",0,"between"
"1478",170,"T Bosse",0,"between"
"1479",171,"M Delfos",0,"between"
"1480",172,"C Jonker",0,"between"
"1481",173,"J Treur",0,"between"
"1482",174,"R Ratwani",0,"between"
"1483",175,"J Trafton",4,"between"
"1484",176,"D Boehm-Davis",0,"between"
"1485",177,"P Monaghan",9,"between"
"1486",178,"N Charter",0,"between"
"1487",179,"M Christiansen",32.5,"between"
"1488",180,"A Weidenfeld",0,"between"
"1489",181,"M Ramscar",49.5,"between"
"1490",182,"I Pearson",0,"between"
"1491",183,"S Ali",0,"between"
"1492",184,"M Dowman",0,"between"
"1493",185,"E Steingold",0,"between"
"1494",186,"E Spelke",0,"between"
"1495",187,"A Kittredge",0,"between"
"1496",188,"Z Solan",0,"between"
"1497",189,"D Horn",0,"between"
"1498",190,"E Ruppin",0,"between"
"1499",191,"S Edelman",0,"between"
"1500",192,"B Rehder",0,"between"
"1501",193,"A Hoffman",0,"between"
"1502",194,"Y Sakamoto",0,"between"
"1503",195,"B Love",0,"between"
"1504",196,"D Navarro",0,"between"
"1505",197,"I Myung",0,"between"
"1506",198,"M Pitt",0,"between"
"1507",199,"W Kim",0,"between"
"1508",200,"S Beller",0,"between"
"1509",201,"L Connell",0,"between"
"1510",202,"M Keane",1,"between"
"1511",203,"S Inamdar",0,"between"
"1512",204,"M Pomplun",0,"between"
"1513",205,"D Cousineau",3,"between"
"1514",206,"P Fitzpatrick",0,"between"
"1515",207,"E Balcetis",0,"between"
"1516",208,"R Dale",0,"between"
"1517",209,"R Vick",0,"between"
"1518",210,"M rosby",0,"between"
"1519",211,"B Auernheimer",0,"between"
"1520",212,"C Robinson",0,"between"
"1521",213,"V Sloutsky",6,"between"
"1522",214,"I Vlaev",0,"between"
"1523",215,"P Knoeferle",0,"between"
"1524",216,"M Crocker",0,"between"
"1525",217,"C Scheepers",0,"between"
"1526",218,"K Scheiter",1.5,"between"
"1527",219,"P Gerjets",1.5,"between"
"1528",220,"E Tomida",0,"between"
"1529",221,"S Maruno",0,"between"
"1530",222,"C Conway",0,"between"
"1531",223,"M Ellefson",0,"between"
"1532",224,"P Dominey",0,"between"
"1533",225,"J Jameson",0,"between"
"1534",226,"C Stilwell",0,"between"
"1535",227,"C Castelfranchi",0,"between"
"1536",228,"F Giardini",0,"between"
"1537",229,"E Lorini",0,"between"
"1538",230,"L Tummolini",0,"between"
"1539",231,"A Gordon",0,"between"
"1540",232,"A Nair",0,"between"
"1541",233,"C Yu",0,"between"
"1542",234,"D Ballard",0,"between"
"1543",235,"R Aslin",0,"between"
"1544",236,"D Casasanto",0,"between"
"1545",237,"L Magnani",0,"between"
"1546",238,"R Dossena",0,"between"
"1547",239,"A Bender",0,"between"
"1548",240,"M Wenger",0,"between"
"1549",241,"A Copeland",0,"between"
"1550",242,"M Suwa",0,"between"
"1551",243,"I Umata",0,"between"
"1552",244,"Y Katagiri",0,"between"
"1553",245,"N Swoboda",0,"between"
"1554",246,"T Fukaya",0,"between"
"1555",247,"T Yamauchi",0,"between"
"1556",248,"F Bosco",0,"between"
"1557",249,"M Bucciarelli",0,"between"
"1558",250,"B Bara",0,"between"
"1559",251,"D Race",0,"between"
"1560",252,"M MacDonald",0,"between"
"1561",253,"C Lebiere",0,"between"
"1562",254,"R Gray",0,"between"
"1563",255,"R West",0,"between"
"1564",256,"G Lupyan",1,"between"
"1565",257,"J McClelland",0,"between"
"1566",258,"N Fay",0,"between"
"1567",259,"S Garrod",0,"between"
"1568",260,"J Lee",0,"between"
"1569",261,"L Gabora",0,"between"
"1570",262,"M Gonitzke",0,"between"
"1571",263,"M Schlesinger",0,"between"
"1572",264,"M Young",0,"between"
"1573",265,"A Gopnik",0,"between"
"1574",266,"L Schulz",0,"between"
"1575",267,"D Danks",0,"between"
"1576",268,"Z Estes",1,"between"
"1577",269,"R Alix-Gaudreau",0,"between"
"1578",270,"R Seabrook",0,"between"
"1579",271,"Z Dienes",0,"between"
"1580",272,"U Cress",0,"between"
"1581",273,"D Liu",0,"between"
"1582",274,"E Hannon",0,"between"
"1583",275,"S Trehub",0,"between"
"1584",276,"T Ioerger",0,"between"
"1585",277,"J Sims",0,"between"
"1586",278,"R Volz",0,"between"
"1587",279,"J Workman",0,"between"
"1588",280,"W Shebilske",0,"between"
"1589",281,"A Fisher",0,"between"
"1590",282,"A Patalano",0,"between"
"1591",283,"R Leech",0,"between"
"1592",284,"R Cooper",0,"between"
"1593",285,"R Revlin",0,"between"
"1594",286,"D Calvillo",0,"between"
"1595",287,"P Mautone",0,"between"
"1596",288,"C Wendelken",0,"between"
"1597",289,"L Shastri",0,"between"
"1598",290,"R Sun",0,"between"
"1599",291,"X Zhang",0,"between"
"1600",292,"I Blanchette",0,"between"
"1601",293,"A Richards",0,"between"
"1602",294,"J Yan",0,"between"
"1603",295,"T Matlock",0,"between"
"1604",296,"N Braisby",0,"between"
"1605",297,"G Jackson",0,"between"
"1606",298,"E Matthews",0,"between"
"1607",299,"H Mitchell",0,"between"
"1608",300,"A Olney",0,"between"
"1609",301,"M Ventura",0,"between"
"1610",302,"P Chipman",0,"between"
"1611",303,"N Person",0,"between"
"1612",304,"G Group",0,"between"
"1613",305,"M Nielsen",0,"between"
"1614",306,"M Jodlowski",0,"between"
"1615",307,"S Doane",0,"between"
"1616",308,"C Haught",0,"between"
"1617",309,"N Witthoft",0,"between"
"1618",310,"J Winawer",0,"between"
"1619",311,"L Wu",0,"between"
"1620",312,"M Frank",10,"between"
"1621",313,"A Wade",0,"between"
"1622",314,"T Griffiths",0,"between"
"1623",315,"M Amoretti",0,"between"
"1624",316,"B Guimberteau",0,"between"
"1625",317,"L Webber",0,"between"
"1626",318,"A Feeney",0,"between"
"1627",319,"L Wagner",0,"between"
"1628",320,"P Healey",0,"between"
"1629",321,"M Purver",0,"between"
"1630",322,"J King",0,"between"
"1631",323,"J Ginzburg",0,"between"
"1632",324,"G Mills",0,"between"
"1633",325,"A Stocco",0,"between"
"1634",326,"J Marsh",0,"between"
"1635",327,"W Ahn",1,"between"
"1636",328,"S Read",0,"between"
"1637",329,"C Snow",0,"between"
"1638",330,"D Simon",0,"between"
"1639",331,"J Hsiao",0,"between"
"1640",332,"E Munnich",0,"between"
"1641",333,"M Ramney",0,"between"
"1642",334,"J Nelson",0,"between"
"1643",335,"J Osuna",0,"between"
"1644",336,"N Brazil",0,"between"
"1645",337,"J Owensby",0,"between"
"1646",338,"J Kolodner",0,"between"
"1647",339,"N Verschueren",0,"between"
"1648",340,"W Schaeken",1,"between"
"1649",341,"G d'Ydewalle",1,"between"
"1650",342,"A Samnonovich",0,"between"
"1651",343,"K Jong",0,"between"
"1652",344,"T Komatsu",0,"between"
"1653",345,"A Utsunomiya",0,"between"
"1654",346,"K Suzuki",0,"between"
"1655",347,"K Ueda",0,"between"
"1656",348,"K Hiraki",0,"between"
"1657",349,"N Oka",0,"between"
"1658",350,"L Onnis",0,"between"
"1659",351,"R Gomez",0,"between"
"1660",352,"J Clement",0,"between"
"1661",353,"B Klettke",0,"between"
"1662",354,"P Wolff",0,"between"
"1663",355,"S Katz",0,"between"
"1664",356,"L Leger",0,"between"
"1665",357,"D Chene",0,"between"
"1666",358,"T Baccino",0,"between"
"1667",359,"C Tijus",0,"between"
"1668",360,"C Luhmann",0,"between"
"1669",361,"T Krynski",0,"between"
"1670",362,"M Feist",0,"between"
"1671",363,"J Blanc",0,"between"
"1672",364,"C Dodane",0,"between"
"1673",365,"F Reali",0,"between"
"1674",366,"D Lynott",0,"between"
"1675",367,"R Goldstone",1,"between"
"1676",368,"B Ashpole",0,"between"
"1677",369,"W Neys",3,"between"
"1678",370,"J Aronoff",0,"between"
"1679",371,"L Gonnerman",0,"between"
"1680",372,"E Andersen",0,"between"
"1681",373,"D Kempler",0,"between"
"1682",374,"A Almor",0,"between"
"1683",375,"A Goel",0,"between"
"1684",376,"A Napolitano",0,"between"
"1685",377,"M Wiebe",0,"between"
"1686",378,"T Kershaw",0,"between"
"1687",379,"S Ohlsson",8,"between"
"1688",380,"C Coyne",0,"between"
"1689",381,"R Ferguson",0,"between"
"1690",382,"S Moore",0,"between"
"1691",383,"P Hansson",0,"between"
"1692",384,"A Winman",0,"between"
"1693",385,"S Ainsworth",0,"between"
"1694",386,"G Peevers",0,"between"
"1695",387,"M Vilcu",0,"between"
"1696",388,"R Hadley",2,"between"
"1697",389,"J Wiley",0,"between"
"1698",390,"C Jolly",0,"between"
"1699",391,"R Catrambone",0,"between"
"1700",392,"W Fu",0,"between"
"1701",393,"L Martin",0,"between"
"1702",394,"D Barner",0,"between"
"1703",395,"J Hoeks",0,"between"
"1704",396,"I Prinsen",0,"between"
"1705",397,"L Stowe",0,"between"
"1706",398,"T Schorr",0,"between"
"1707",399,"M Perry",0,"between"
"1708",400,"K O'Hara",0,"between"
"1709",401,"G Spinelli",0,"between"
"1710",402,"B Sharpe",0,"between"
"1711",403,"M Alac",0,"between"
"1712",404,"S Reimers",0,"between"
"1713",405,"G Deak",0,"between"
"1714",406,"J Wagner",0,"between"
"1715",407,"S Day",0,"between"
"1716",408,"G Goodwin",0,"between"
"1717",409,"F Calvo",0,"between"
"1718",410,"E Colunga",0,"between"
"1719",411,"H Nilsson",0,"between"
"1720",412,"W Helton",0,"between"
"1721",413,"D Yarlett",0,"between"
"1722",414,"A Chavez",0,"between"
"1723",415,"O Coelho",0,"between"
"1724",416,"E Francozo",0,"between"
"1725",417,"E Albano",0,"between"
"1726",418,"R Basso",0,"between"
"1727",419,"R Prather",0,"between"
"1728",420,"N Zareva-Toncheva",0,"between"
"1729",421,"B Kokinov",0,"between"
"1730",422,"A Kozbelt",0,"between"
"1731",423,"A Keselman",0,"between"
"1732",424,"V Patel",0,"between"
"1733",425,"M Graham",0,"between"
"1734",426,"T Johnson",5.5,"between"
"1735",427,"J Zhang",5.5,"between"
"1736",428,"I Rifkin",0,"between"
"1737",429,"F Lee",0,"between"
"1738",430,"S Gamard",0,"between"
"1739",431,"I Arroyo",3,"between"
"1740",432,"K Patel",0,"between"
"1741",433,"K Matsuda",0,"between"
"1742",434,"T Kusumi",0,"between"
"1743",435,"T Seymour",0,"between"
"1744",436,"J Kerlin",0,"between"
"1745",437,"A Kurtz",0,"between"
"1746",438,"J Son",0,"between"
"1747",439,"S Gokcesu",0,"between"
"1748",440,"B Bowdle",0,"between"
"1749",441,"C Beal",0,"between"
"1750",442,"K Klein",0,"between"
"1751",443,"K Addis",0,"between"
"1752",444,"M Kahana",16,"between"
"1753",445,"K Nakamoto",0,"between"
"1754",446,"C Sifonis",0,"between"
"1755",447,"F Chen",0,"between"
"1756",448,"D Bommarito",0,"between"
"1757",449,"T Lombrozo",0,"between"
"1758",450,"S Carey",0,"between"
"1759",451,"J Gobert",0,"between"
"1760",452,"D Skelton",0,"between"
"1761",453,"R Tweney",9,"between"
"1762",454,"M Yip",0,"between"
"1763",455,"K Christy",0,"between"
"1764",456,"L Blaha",0,"between"
"1765",457,"R Thomas",0,"between"
"1766",458,"R Fiorentino",0,"between"
"1767",459,"D Poeppel",0,"between"
"1768",460,"C Ayala",0,"between"
"1769",461,"D Francschetti",0,"between"
"1770",462,"A Adcock",0,"between"
"1771",463,"G Giguere",0,"between"
"1772",464,"G Lacroix",0,"between"
"1773",465,"S Larochelle",0,"between"
"1774",466,"K Maddox",0,"between"
"1775",467,"D Rapp",0,"between"
"1776",468,"H Taylor",0,"between"
"1777",469,"M Hegarty",6,"between"
"1778",470,"M Canham",0,"between"
"1779",471,"N Shimozawa",0,"between"
"1780",472,"C Laloyaux",0,"between"
"1781",473,"C Schmitt",0,"between"
"1782",474,"E Anderson",0,"between"
"1783",475,"J Florack",0,"between"
"1784",476,"M McGlone",0,"between"
"1785",477,"H Bortfeld",0,"between"
"1786",478,"F Subiaul",0,"between"
"1787",479,"H Lurie",0,"between"
"1788",480,"K Romansky",0,"between"
"1789",481,"D Holmes",0,"between"
"1790",482,"T Klein",0,"between"
"1791",483,"R Holloway",0,"between"
"1792",484,"H Terrace",0,"between"
"1793",485,"H Shirouzu",0,"between"
"1794",486,"N Miyake",2,"between"
"1795",487,"P Chung",0,"between"
"1796",488,"R Byrne",0,"between"
"1797",489,"S Egan",0,"between"
"1798",490,"J Garcia-Madruga",0,"between"
"1799",491,"L Hedman",0,"between"
"1800",492,"P Anderson",0,"between"
"1801",493,"P Strom",0,"between"
"1802",494,"A Kjellin",0,"between"
"1803",495,"L Sarno",0,"between"
"1804",496,"T Wredmark",0,"between"
"1805",497,"L Fellander-Tsai",0,"between"
"1806",498,"J Moss",0,"between"
"1807",499,"K Kotovsky",0,"between"
"1808",500,"J Cagan",0,"between"
"1809",501,"J Fleck",0,"between"
"1810",502,"R Weisberg",1,"between"
"1811",503,"Y Kobayashi",0,"between"
"1812",504,"E Trusova",0,"between"
"1813",505,"K Ishii",0,"between"
"1814",506,"S Kitayama",0,"between"
"1815",507,"M Johansen",0,"between"
"1816",508,"J Kruschke",0,"between"
"1817",509,"H Ramsawh",0,"between"
"1818",510,"C Harris",0,"between"
"1819",511,"C Espinel",0,"between"
"1820",512,"D Grodner",0,"between"
"1821",513,"J Sedivy",0,"between"
"1822",514,"S Helie",0,"between"
"1823",515,"L Romero",0,"between"
"1824",516,"S Brem",0,"between"
"1825",517,"A Friedrich",0,"between"
"1826",518,"T Zentall",0,"between"
"1827",519,"D Brumby",0,"between"
"1828",520,"A Howes",2,"between"
"1829",521,"T Wong",0,"between"
"1830",522,"A Chau",0,"between"
"1831",523,"K Dieussaert",0,"between"
"1832",524,"P Wiemer-Hastings",0,"between"
"1833",525,"E Dolan",0,"between"
"1834",526,"C Sauder",0,"between"
"1835",527,"A Wingfield",0,"between"
"1836",528,"B Christensen",0,"between"
"1837",529,"D Trumpower",0,"between"
"1838",530,"T Goldsmith",0,"between"
"1839",531,"B Williams",0,"between"
"1840",532,"O Blajenkova",0,"between"
"1841",533,"M Kozhevnikov",0,"between"
"1842",534,"A Vera",0,"between"
"1843",535,"R Remington",0,"between"
"1844",536,"R Anderson",0,"between"
"1845",537,"M Doherty",0,"between"
"1846",538,"K Lie",0,"between"
"1847",539,"T Matsuka",0,"between"
"1848",540,"J Corter",0,"between"
"1849",541,"P Horwitz",0,"between"
"1850",542,"B Tinker",0,"between"
"1851",543,"B Buckley",0,"between"
"1852",544,"U Wilensky",0,"between"
"1853",545,"S Levy",0,"between"
"1854",546,"C Dede",0,"between"
"1855",547,"P Sederberg",0,"between"
"1856",548,"J Madsen",0,"between"
"1857",549,"H Wang",6,"between"
"1858",550,"J Fan",0,"between"
"1859",551,"L Jones",0,"between"
"1860",552,"B Eiter",0,"between"
"1861",553,"A Inhoff",0,"between"
"1862",554,"C Krachun",0,"between"
"1863",555,"D Kamawar",0,"between"
"1864",556,"L Winship",0,"between"
"1865",557,"N Stillings",0,"between"
"1866",558,"C Werner",0,"between"
"1867",559,"R John",0,"between"
"1868",560,"Y Kushleyeva",0,"between"
"1869",561,"J Kwasny",0,"between"
"1870",562,"K Kurtz",0,"between"
"1871",563,"Y Miyake",0,"between"
"1872",564,"S Li",0,"between"
"1873",565,"C Myers",0,"between"
"1874",566,"M Schoelles",0,"between"
"1875",567,"W Gray",0,"between"
"1876",568,"C Cohen",0,"between"
"1877",569,"M Kehner",0,"between"
"1878",570,"D Montello",0,"between"
"1879",571,"E Chrysikou",0,"between"
"1880",572,"L Jerzykiewicz",0,"between"
"1881",573,"M Wettler",0,"between"
"1882",574,"P Seidensticker",0,"between"
"1883",575,"M Taube-Schiff",0,"between"
"1884",576,"N Segalowitz",3,"between"
"1885",577,"F Dogan",0,"between"
"1886",578,"C Tobon",0,"between"
"1887",579,"B Morris",0,"between"
"1888",580,"I O'Brien",0,"between"
"1889",581,"L Baraff",0,"between"
"1890",582,"J Coley",0,"between"
"1891",583,"Y Yoshimura",0,"between"
"1892",584,"B MacWhinney",0,"between"
"1893",585,"S Trickett",0,"between"
"1894",586,"T Watkins",0,"between"
"1895",587,"N Davidenko",0,"between"
"1896",588,"W Chung",0,"between"
"1897",589,"J Lipinski",0,"between"
"1898",590,"P Gupta",0,"between"
"1899",591,"A Preece",0,"between"
"1900",592,"J Bond-Robinson",0,"between"
"1901",593,"H Yen",0,"between"
"1902",594,"H Muller",0,"between"
"1903",595,"J Schuh",0,"between"
"1904",596,"R Shillcock",0,"between"
"1905",597,"B Clark",0,"between"
"1906",598,"E Bratt",0,"between"
"1907",599,"K Schultz",0,"between"
"1908",600,"M Evens",0,"between"
"1909",601,"D Mendonca",0,"between"
"1910",602,"W Wallace",0,"between"
"1911",603,"T Kojima",0,"between"
"1912",604,"M Tscholl",0,"between"
"1913",605,"J Dowell",0,"between"
"1914",606,"T Shultz",0,"between"
"1915",607,"G Harman",0,"between"
"1916",608,"S Kulkarni",0,"between"
"1917",609,"E Altmann",0,"between"
"1918",610,"J Zacks",0,"between"
"1919",611,"I Levinstein",0,"between"
"1920",612,"K Millis",0,"between"
"1921",613,"J Magliano",0,"between"
"1922",614,"A Corrigan-Halpern",0,"between"
"1923",615,"B Eugenio",0,"between"
"1924",616,"X Lu",0,"between"
"1925",617,"M Glass",0,"between"
"1926",618,"P Todd",0,"between"
"1927",619,"P Grim",0,"between"
"1928",620,"P Denis",0,"between"
"1929",621,"T Kokalis",0,"between"
"1930",622,"P Sedlmeier",0,"between"
"1931",623,"M Spivey",0,"between"
"1932",624,"T Regier",0,"between"
"1933",625,"M Zheng",0,"between"
"1934",626,"W Richards",0,"between"
"1935",627,"S Seung",0,"between"
"1936",628,"R Giere",0,"between"
"1937",629,"W Clancey",0,"between"
"1938",630,"A Shapiro",0,"between"
"1939",631,"D Niederhauser",0,"between"
"1940",632,"E Hutchins",0,"between"
"1941",633,"M Tomasello",0,"between"
"1942",634,"J Greeno",0,"between"
"1943",635,"F Ferreira",0,"between"
"1944",636,"R Frank",0,"between"
"1945",637,"E Stabler",0,"between"
"1946",638,"B Webber",0,"between"
"1947",639,"L Neal",0,"between"
"1948",640,"D Anastasi",0,"between"
"1949",641,"T Landauer",0,"between"
"1950",642,"A Abrahamsen",0,"between"
"1951",643,"W Bechtel",0,"between"
"1952",644,"P Bradley",0,"between"
"1953",645,"C Craver",0,"between"
"1954",646,"K Rayner",0,"between"
"1955",647,"J Kolonder",0,"between"
"1956",648,"A",0,"between"
"1957",649,"C Ronald",0,"between"
"1958",650,"K Elizabeth",0,"between"
"1959",651,"T M.",0,"between"
"1960",652,"G Marcus",0,"between"
"1961",653,"R Jacobs",0,"between"
"1962",654,"J Kangasoja",0,"between"
"1963",1,"T Reimer",0,"eigen"
"1964",2,"U Hoffrage",0,"eigen"
"1965",3,"J Tenenbaum",0,"eigen"
"1966",4,"S Niyogi",0,"eigen"
"1967",5,"I Ash",0,"eigen"
"1968",6,"T Nokes",0,"eigen"
"1969",7,"K Cho",0,"eigen"
"1970",8,"C Schunn",0,"eigen"
"1971",9,"Y Rogers",0,"eigen"
"1972",10,"H Brignull",0,"eigen"
"1973",11,"F Missier",0,"eigen"
"1974",12,"D Fum",0,"eigen"
"1975",13,"H Branigan",0,"eigen"
"1976",14,"J McLean",0,"eigen"
"1977",15,"H Reeve",0,"eigen"
"1978",16,"A Bloomfield",0,"eigen"
"1979",17,"L Rips",0,"eigen"
"1980",18,"A Hornof",0,"eigen"
"1981",19,"T Halverson",0,"eigen"
"1982",20,"T Honkela",0,"eigen"
"1983",21,"T Knuuttila",0,"eigen"
"1984",22,"N Stewart",0,"eigen"
"1985",23,"N Chater",0,"eigen"
"1986",24,"X Hu",0.985301386835803,"eigen"
"1987",25,"Z Cai",0.456276492848749,"eigen"
"1988",26,"D Franceschetti",0.985301386835803,"eigen"
"1989",27,"P Penumatsa",0.456276492848749,"eigen"
"1990",28,"A Graesser",1,"eigen"
"1991",29,"M Louwerse",0.985301386835803,"eigen"
"1992",30,"D McNamara",0.473433068592002,"eigen"
"1993",31,"H Group",0.456276492848749,"eigen"
"1994",32,"S Scott",0,"eigen"
"1995",33,"S Chin-Parker",0,"eigen"
"1996",34,"B Ross",0,"eigen"
"1997",35,"L Frey",0,"eigen"
"1998",36,"D Fisher",0,"eigen"
"1999",37,"S Siler",0,"eigen"
"2000",38,"K VanLehn",0,"eigen"
"2001",39,"C Oshima",0,"eigen"
"2002",40,"A Shimojima",0,"eigen"
"2003",41,"S Gelaes",0,"eigen"
"2004",42,"A Detiffe",0,"eigen"
"2005",43,"J Thibaut",0,"eigen"
"2006",44,"H Yoshida",0,"eigen"
"2007",45,"L Smith",0,"eigen"
"2008",46,"B Hemforth",0,"eigen"
"2009",47,"L Konieczny",0,"eigen"
"2010",48,"K Kim",0,"eigen"
"2011",49,"A Markman",0,"eigen"
"2012",50,"S Elzer",0,"eigen"
"2013",51,"N Green",0,"eigen"
"2014",52,"S Carberry",0,"eigen"
"2015",53,"J Snedeker",0,"eigen"
"2016",54,"P Li",0,"eigen"
"2017",55,"S Yuan",0,"eigen"
"2018",56,"B Martin",0,"eigen"
"2019",57,"B Tversky",0,"eigen"
"2020",58,"C Kemp",0,"eigen"
"2021",59,"D Salvucci",0,"eigen"
"2022",60,"T Siedlecki",0,"eigen"
"2023",61,"A Petrov",0,"eigen"
"2024",62,"N Taatgen",0,"eigen"
"2025",63,"M Dijkstra",0,"eigen"
"2026",64,"B Bergen",0,"eigen"
"2027",65,"S Narayan",0,"eigen"
"2028",66,"J Feldman",0,"eigen"
"2029",67,"P Cheng",0,"eigen"
"2030",68,"D Sobel",0,"eigen"
"2031",69,"T Kushnir",0,"eigen"
"2032",70,"S Sloman",0,"eigen"
"2033",71,"F Keller",0,"eigen"
"2034",72,"M Corley",0,"eigen"
"2035",73,"R Hartsuiker",0,"eigen"
"2036",74,"L Karlsson",0,"eigen"
"2037",75,"P Juslin",0,"eigen"
"2038",76,"H Olsson",0,"eigen"
"2039",77,"B Burns",0,"eigen"
"2040",78,"M Wieth",0,"eigen"
"2041",79,"X Xu",0.00467908841890547,"eigen"
"2042",80,"K Wiemer-Hastings",0.0547807678696399,"eigen"
"2043",81,"M Harrington",0,"eigen"
"2044",82,"S Dennis",0,"eigen"
"2045",83,"A diSessa",0,"eigen"
"2046",84,"N Gillespie",0,"eigen"
"2047",85,"J Esterly",0,"eigen"
"2048",86,"M Mayberry",0,"eigen"
"2049",87,"R Miikkulaainen",0,"eigen"
"2050",88,"A Olsson",0,"eigen"
"2051",89,"M Mermillod",0,"eigen"
"2052",90,"R French",0,"eigen"
"2053",91,"P Quin",0,"eigen"
"2054",92,"D Mareschal",0,"eigen"
"2055",93,"T Murray",0,"eigen"
"2056",94,"J Locke",0,"eigen"
"2057",95,"M Suret",0,"eigen"
"2058",96,"I McLaren",0,"eigen"
"2059",97,"P Paritosh",0,"eigen"
"2060",98,"K Forbus",0,"eigen"
"2061",99,"A Robinson",0,"eigen"
"2062",100,"C Hertzog",0,"eigen"
"2063",101,"R Farivar",0,"eigen"
"2064",102,"A Chaudhuri",0,"eigen"
"2065",103,"N Chang",0,"eigen"
"2066",104,"K Koedinger",0,"eigen"
"2067",105,"M Lovett",0,"eigen"
"2068",106,"P Maglio",0,"eigen"
"2069",107,"E Kandogan",0,"eigen"
"2070",108,"E Haber",0,"eigen"
"2071",109,"F Anggoro",0,"eigen"
"2072",110,"D Gentner",0,"eigen"
"2073",111,"Y Yang",0,"eigen"
"2074",112,"S Bringsjord",0,"eigen"
"2075",113,"D Davidson",0,"eigen"
"2076",114,"K Bock",0,"eigen"
"2077",115,"D Irwin",0,"eigen"
"2078",116,"P Johnson-Laird",0,"eigen"
"2079",117,"M Mozer",0,"eigen"
"2080",118,"M Colagrosso",0,"eigen"
"2081",119,"D Huber",0,"eigen"
"2082",120,"A Welham",0,"eigen"
"2083",121,"M Schnadt",0,"eigen"
"2084",122,"A Wills",0,"eigen"
"2085",123,"W Phillips",0,"eigen"
"2086",124,"L Boroditsky",0,"eigen"
"2087",125,"J Queseda",0,"eigen"
"2088",126,"W Kintsch",0,"eigen"
"2089",127,"E Gomez",0,"eigen"
"2090",128,"C Andersen",0,"eigen"
"2091",129,"A Gill",0,"eigen"
"2092",130,"J Oberlander",0,"eigen"
"2093",131,"M Scheutz",0,"eigen"
"2094",132,"K Eberhard",0,"eigen"
"2095",133,"K Targowski",0,"eigen"
"2096",134,"K Oberauer",0,"eigen"
"2097",135,"O Wilhelm",0,"eigen"
"2098",136,"K Malone",0,"eigen"
"2099",137,"E Davelaar",0,"eigen"
"2100",138,"M Usher",0,"eigen"
"2101",139,"D Devnich",0,"eigen"
"2102",140,"G Stevens",0,"eigen"
"2103",141,"J Hummel",0,"eigen"
"2104",142,"T Susi",0,"eigen"
"2105",143,"J Lindblom",0,"eigen"
"2106",144,"T Ziemke",0,"eigen"
"2107",145,"U Hasson",0,"eigen"
"2108",146,"C Jaynes",0,"eigen"
"2109",147,"R Golden",0,"eigen"
"2110",148,"N Nersessian",0,"eigen"
"2111",149,"E Kurz-Milcke",0,"eigen"
"2112",150,"W Newstetter",0,"eigen"
"2113",151,"J Davies",0,"eigen"
"2114",152,"C Bearman",0,"eigen"
"2115",153,"T Ormerod",0,"eigen"
"2116",154,"L Ball",0,"eigen"
"2117",155,"J Heiser",0,"eigen"
"2118",156,"M Agrawala",0,"eigen"
"2119",157,"P Hanrahan",0,"eigen"
"2120",158,"M Byrne",0,"eigen"
"2121",159,"M Gale",0,"eigen"
"2122",160,"S Haywood",0,"eigen"
"2123",161,"M Pickering",0,"eigen"
"2124",162,"J Choplin",0,"eigen"
"2125",163,"G Logan",0,"eigen"
"2126",164,"H Ji",0,"eigen"
"2127",165,"S Ploux",0,"eigen"
"2128",166,"N Sebanz",0,"eigen"
"2129",167,"G Knoblich",0,"eigen"
"2130",168,"W Prinz",0,"eigen"
"2131",169,"P Tibbetts",0,"eigen"
"2132",170,"T Bosse",0,"eigen"
"2133",171,"M Delfos",0,"eigen"
"2134",172,"C Jonker",0,"eigen"
"2135",173,"J Treur",0,"eigen"
"2136",174,"R Ratwani",0,"eigen"
"2137",175,"J Trafton",0,"eigen"
"2138",176,"D Boehm-Davis",0,"eigen"
"2139",177,"P Monaghan",0,"eigen"
"2140",178,"N Charter",0,"eigen"
"2141",179,"M Christiansen",0,"eigen"
"2142",180,"A Weidenfeld",0,"eigen"
"2143",181,"M Ramscar",0,"eigen"
"2144",182,"I Pearson",0,"eigen"
"2145",183,"S Ali",0,"eigen"
"2146",184,"M Dowman",0,"eigen"
"2147",185,"E Steingold",0,"eigen"
"2148",186,"E Spelke",0,"eigen"
"2149",187,"A Kittredge",0,"eigen"
"2150",188,"Z Solan",0,"eigen"
"2151",189,"D Horn",0,"eigen"
"2152",190,"E Ruppin",0,"eigen"
"2153",191,"S Edelman",0,"eigen"
"2154",192,"B Rehder",0,"eigen"
"2155",193,"A Hoffman",0,"eigen"
"2156",194,"Y Sakamoto",0,"eigen"
"2157",195,"B Love",0,"eigen"
"2158",196,"D Navarro",0,"eigen"
"2159",197,"I Myung",0,"eigen"
"2160",198,"M Pitt",0,"eigen"
"2161",199,"W Kim",0,"eigen"
"2162",200,"S Beller",0,"eigen"
"2163",201,"L Connell",0,"eigen"
"2164",202,"M Keane",0,"eigen"
"2165",203,"S Inamdar",0,"eigen"
"2166",204,"M Pomplun",0,"eigen"
"2167",205,"D Cousineau",0,"eigen"
"2168",206,"P Fitzpatrick",0,"eigen"
"2169",207,"E Balcetis",0,"eigen"
"2170",208,"R Dale",0,"eigen"
"2171",209,"R Vick",0,"eigen"
"2172",210,"M rosby",0,"eigen"
"2173",211,"B Auernheimer",0,"eigen"
"2174",212,"C Robinson",0,"eigen"
"2175",213,"V Sloutsky",0,"eigen"
"2176",214,"I Vlaev",0,"eigen"
"2177",215,"P Knoeferle",0,"eigen"
"2178",216,"M Crocker",0,"eigen"
"2179",217,"C Scheepers",0,"eigen"
"2180",218,"K Scheiter",0,"eigen"
"2181",219,"P Gerjets",0,"eigen"
"2182",220,"E Tomida",0,"eigen"
"2183",221,"S Maruno",0,"eigen"
"2184",222,"C Conway",0,"eigen"
"2185",223,"M Ellefson",0,"eigen"
"2186",224,"P Dominey",0,"eigen"
"2187",225,"J Jameson",0,"eigen"
"2188",226,"C Stilwell",0,"eigen"
"2189",227,"C Castelfranchi",0,"eigen"
"2190",228,"F Giardini",0,"eigen"
"2191",229,"E Lorini",0,"eigen"
"2192",230,"L Tummolini",0,"eigen"
"2193",231,"A Gordon",0,"eigen"
"2194",232,"A Nair",0,"eigen"
"2195",233,"C Yu",0,"eigen"
"2196",234,"D Ballard",0,"eigen"
"2197",235,"R Aslin",0,"eigen"
"2198",236,"D Casasanto",0,"eigen"
"2199",237,"L Magnani",0,"eigen"
"2200",238,"R Dossena",0,"eigen"
"2201",239,"A Bender",0,"eigen"
"2202",240,"M Wenger",0,"eigen"
"2203",241,"A Copeland",0,"eigen"
"2204",242,"M Suwa",0,"eigen"
"2205",243,"I Umata",0,"eigen"
"2206",244,"Y Katagiri",0,"eigen"
"2207",245,"N Swoboda",0,"eigen"
"2208",246,"T Fukaya",0,"eigen"
"2209",247,"T Yamauchi",0,"eigen"
"2210",248,"F Bosco",0,"eigen"
"2211",249,"M Bucciarelli",0,"eigen"
"2212",250,"B Bara",0,"eigen"
"2213",251,"D Race",0,"eigen"
"2214",252,"M MacDonald",0,"eigen"
"2215",253,"C Lebiere",0,"eigen"
"2216",254,"R Gray",0,"eigen"
"2217",255,"R West",0,"eigen"
"2218",256,"G Lupyan",0,"eigen"
"2219",257,"J McClelland",0,"eigen"
"2220",258,"N Fay",0,"eigen"
"2221",259,"S Garrod",0,"eigen"
"2222",260,"J Lee",0,"eigen"
"2223",261,"L Gabora",0,"eigen"
"2224",262,"M Gonitzke",0,"eigen"
"2225",263,"M Schlesinger",0,"eigen"
"2226",264,"M Young",0,"eigen"
"2227",265,"A Gopnik",0,"eigen"
"2228",266,"L Schulz",0,"eigen"
"2229",267,"D Danks",0,"eigen"
"2230",268,"Z Estes",0,"eigen"
"2231",269,"R Alix-Gaudreau",0,"eigen"
"2232",270,"R Seabrook",0,"eigen"
"2233",271,"Z Dienes",0,"eigen"
"2234",272,"U Cress",0,"eigen"
"2235",273,"D Liu",0,"eigen"
"2236",274,"E Hannon",0,"eigen"
"2237",275,"S Trehub",0,"eigen"
"2238",276,"T Ioerger",0,"eigen"
"2239",277,"J Sims",0,"eigen"
"2240",278,"R Volz",0,"eigen"
"2241",279,"J Workman",0,"eigen"
"2242",280,"W Shebilske",0,"eigen"
"2243",281,"A Fisher",0,"eigen"
"2244",282,"A Patalano",0,"eigen"
"2245",283,"R Leech",0,"eigen"
"2246",284,"R Cooper",0,"eigen"
"2247",285,"R Revlin",0,"eigen"
"2248",286,"D Calvillo",0,"eigen"
"2249",287,"P Mautone",0,"eigen"
"2250",288,"C Wendelken",0,"eigen"
"2251",289,"L Shastri",0,"eigen"
"2252",290,"R Sun",0,"eigen"
"2253",291,"X Zhang",0,"eigen"
"2254",292,"I Blanchette",0,"eigen"
"2255",293,"A Richards",0,"eigen"
"2256",294,"J Yan",0,"eigen"
"2257",295,"T Matlock",0,"eigen"
"2258",296,"N Braisby",0,"eigen"
"2259",297,"G Jackson",0.840327788059068,"eigen"
"2260",298,"E Matthews",0.840327788059068,"eigen"
"2261",299,"H Mitchell",0.840327788059068,"eigen"
"2262",300,"A Olney",0.840327788059068,"eigen"
"2263",301,"M Ventura",0.840327788059067,"eigen"
"2264",302,"P Chipman",0.840327788059069,"eigen"
"2265",303,"N Person",0.840327788059068,"eigen"
"2266",304,"G Group",0.840327788059068,"eigen"
"2267",305,"M Nielsen",0,"eigen"
"2268",306,"M Jodlowski",0,"eigen"
"2269",307,"S Doane",0,"eigen"
"2270",308,"C Haught",0,"eigen"
"2271",309,"N Witthoft",0,"eigen"
"2272",310,"J Winawer",0,"eigen"
"2273",311,"L Wu",0,"eigen"
"2274",312,"M Frank",0,"eigen"
"2275",313,"A Wade",0,"eigen"
"2276",314,"T Griffiths",0,"eigen"
"2277",315,"M Amoretti",0,"eigen"
"2278",316,"B Guimberteau",0,"eigen"
"2279",317,"L Webber",0,"eigen"
"2280",318,"A Feeney",0,"eigen"
"2281",319,"L Wagner",0,"eigen"
"2282",320,"P Healey",0,"eigen"
"2283",321,"M Purver",0,"eigen"
"2284",322,"J King",0,"eigen"
"2285",323,"J Ginzburg",0,"eigen"
"2286",324,"G Mills",0,"eigen"
"2287",325,"A Stocco",0,"eigen"
"2288",326,"J Marsh",0,"eigen"
"2289",327,"W Ahn",0,"eigen"
"2290",328,"S Read",0,"eigen"
"2291",329,"C Snow",0,"eigen"
"2292",330,"D Simon",0,"eigen"
"2293",331,"J Hsiao",0,"eigen"
"2294",332,"E Munnich",0,"eigen"
"2295",333,"M Ramney",0,"eigen"
"2296",334,"J Nelson",0,"eigen"
"2297",335,"J Osuna",0,"eigen"
"2298",336,"N Brazil",0,"eigen"
"2299",337,"J Owensby",0,"eigen"
"2300",338,"J Kolodner",0,"eigen"
"2301",339,"N Verschueren",0,"eigen"
"2302",340,"W Schaeken",0,"eigen"
"2303",341,"G d'Ydewalle",0,"eigen"
"2304",342,"A Samnonovich",0,"eigen"
"2305",343,"K Jong",0,"eigen"
"2306",344,"T Komatsu",0,"eigen"
"2307",345,"A Utsunomiya",0,"eigen"
"2308",346,"K Suzuki",0,"eigen"
"2309",347,"K Ueda",0,"eigen"
"2310",348,"K Hiraki",0,"eigen"
"2311",349,"N Oka",0,"eigen"
"2312",350,"L Onnis",0,"eigen"
"2313",351,"R Gomez",0,"eigen"
"2314",352,"J Clement",0,"eigen"
"2315",353,"B Klettke",0,"eigen"
"2316",354,"P Wolff",0,"eigen"
"2317",355,"S Katz",0,"eigen"
"2318",356,"L Leger",0,"eigen"
"2319",357,"D Chene",0,"eigen"
"2320",358,"T Baccino",0,"eigen"
"2321",359,"C Tijus",0,"eigen"
"2322",360,"C Luhmann",0,"eigen"
"2323",361,"T Krynski",0,"eigen"
"2324",362,"M Feist",0,"eigen"
"2325",363,"J Blanc",0,"eigen"
"2326",364,"C Dodane",0,"eigen"
"2327",365,"F Reali",0,"eigen"
"2328",366,"D Lynott",0,"eigen"
"2329",367,"R Goldstone",0,"eigen"
"2330",368,"B Ashpole",0,"eigen"
"2331",369,"W Neys",0,"eigen"
"2332",370,"J Aronoff",0,"eigen"
"2333",371,"L Gonnerman",0,"eigen"
"2334",372,"E Andersen",0,"eigen"
"2335",373,"D Kempler",0,"eigen"
"2336",374,"A Almor",0,"eigen"
"2337",375,"A Goel",0,"eigen"
"2338",376,"A Napolitano",0,"eigen"
"2339",377,"M Wiebe",0,"eigen"
"2340",378,"T Kershaw",0,"eigen"
"2341",379,"S Ohlsson",0,"eigen"
"2342",380,"C Coyne",0,"eigen"
"2343",381,"R Ferguson",0,"eigen"
"2344",382,"S Moore",0,"eigen"
"2345",383,"P Hansson",0,"eigen"
"2346",384,"A Winman",0,"eigen"
"2347",385,"S Ainsworth",0,"eigen"
"2348",386,"G Peevers",0,"eigen"
"2349",387,"M Vilcu",0,"eigen"
"2350",388,"R Hadley",0,"eigen"
"2351",389,"J Wiley",0,"eigen"
"2352",390,"C Jolly",0,"eigen"
"2353",391,"R Catrambone",0,"eigen"
"2354",392,"W Fu",0,"eigen"
"2355",393,"L Martin",0,"eigen"
"2356",394,"D Barner",0,"eigen"
"2357",395,"J Hoeks",0,"eigen"
"2358",396,"I Prinsen",0,"eigen"
"2359",397,"L Stowe",0,"eigen"
"2360",398,"T Schorr",0,"eigen"
"2361",399,"M Perry",0,"eigen"
"2362",400,"K O'Hara",0,"eigen"
"2363",401,"G Spinelli",0,"eigen"
"2364",402,"B Sharpe",0,"eigen"
"2365",403,"M Alac",0,"eigen"
"2366",404,"S Reimers",0,"eigen"
"2367",405,"G Deak",0,"eigen"
"2368",406,"J Wagner",0,"eigen"
"2369",407,"S Day",0,"eigen"
"2370",408,"G Goodwin",0,"eigen"
"2371",409,"F Calvo",0,"eigen"
"2372",410,"E Colunga",0,"eigen"
"2373",411,"H Nilsson",0,"eigen"
"2374",412,"W Helton",0,"eigen"
"2375",413,"D Yarlett",0,"eigen"
"2376",414,"A Chavez",0,"eigen"
"2377",415,"O Coelho",0,"eigen"
"2378",416,"E Francozo",0,"eigen"
"2379",417,"E Albano",0,"eigen"
"2380",418,"R Basso",0,"eigen"
"2381",419,"R Prather",0,"eigen"
"2382",420,"N Zareva-Toncheva",0,"eigen"
"2383",421,"B Kokinov",0,"eigen"
"2384",422,"A Kozbelt",0,"eigen"
"2385",423,"A Keselman",0,"eigen"
"2386",424,"V Patel",0,"eigen"
"2387",425,"M Graham",0,"eigen"
"2388",426,"T Johnson",0,"eigen"
"2389",427,"J Zhang",0,"eigen"
"2390",428,"I Rifkin",0,"eigen"
"2391",429,"F Lee",0,"eigen"
"2392",430,"S Gamard",0,"eigen"
"2393",431,"I Arroyo",0,"eigen"
"2394",432,"K Patel",0,"eigen"
"2395",433,"K Matsuda",0,"eigen"
"2396",434,"T Kusumi",0,"eigen"
"2397",435,"T Seymour",0,"eigen"
"2398",436,"J Kerlin",0,"eigen"
"2399",437,"A Kurtz",0,"eigen"
"2400",438,"J Son",0,"eigen"
"2401",439,"S Gokcesu",0,"eigen"
"2402",440,"B Bowdle",0,"eigen"
"2403",441,"C Beal",0,"eigen"
"2404",442,"K Klein",0,"eigen"
"2405",443,"K Addis",0,"eigen"
"2406",444,"M Kahana",0,"eigen"
"2407",445,"K Nakamoto",0,"eigen"
"2408",446,"C Sifonis",0,"eigen"
"2409",447,"F Chen",0,"eigen"
"2410",448,"D Bommarito",0,"eigen"
"2411",449,"T Lombrozo",0,"eigen"
"2412",450,"S Carey",0,"eigen"
"2413",451,"J Gobert",0,"eigen"
"2414",452,"D Skelton",0,"eigen"
"2415",453,"R Tweney",0,"eigen"
"2416",454,"M Yip",0,"eigen"
"2417",455,"K Christy",0,"eigen"
"2418",456,"L Blaha",0,"eigen"
"2419",457,"R Thomas",0,"eigen"
"2420",458,"R Fiorentino",0,"eigen"
"2421",459,"D Poeppel",0,"eigen"
"2422",460,"C Ayala",0,"eigen"
"2423",461,"D Francschetti",0.0933918477424791,"eigen"
"2424",462,"A Adcock",0.0933918477424791,"eigen"
"2425",463,"G Giguere",0,"eigen"
"2426",464,"G Lacroix",0,"eigen"
"2427",465,"S Larochelle",0,"eigen"
"2428",466,"K Maddox",0,"eigen"
"2429",467,"D Rapp",0,"eigen"
"2430",468,"H Taylor",0,"eigen"
"2431",469,"M Hegarty",0,"eigen"
"2432",470,"M Canham",0,"eigen"
"2433",471,"N Shimozawa",0,"eigen"
"2434",472,"C Laloyaux",0,"eigen"
"2435",473,"C Schmitt",0,"eigen"
"2436",474,"E Anderson",0,"eigen"
"2437",475,"J Florack",0,"eigen"
"2438",476,"M McGlone",0,"eigen"
"2439",477,"H Bortfeld",0,"eigen"
"2440",478,"F Subiaul",0,"eigen"
"2441",479,"H Lurie",0,"eigen"
"2442",480,"K Romansky",0,"eigen"
"2443",481,"D Holmes",0,"eigen"
"2444",482,"T Klein",0,"eigen"
"2445",483,"R Holloway",0,"eigen"
"2446",484,"H Terrace",0,"eigen"
"2447",485,"H Shirouzu",0,"eigen"
"2448",486,"N Miyake",0,"eigen"
"2449",487,"P Chung",0,"eigen"
"2450",488,"R Byrne",0,"eigen"
"2451",489,"S Egan",0,"eigen"
"2452",490,"J Garcia-Madruga",0,"eigen"
"2453",491,"L Hedman",0,"eigen"
"2454",492,"P Anderson",0,"eigen"
"2455",493,"P Strom",0,"eigen"
"2456",494,"A Kjellin",0,"eigen"
"2457",495,"L Sarno",0,"eigen"
"2458",496,"T Wredmark",0,"eigen"
"2459",497,"L Fellander-Tsai",0,"eigen"
"2460",498,"J Moss",0,"eigen"
"2461",499,"K Kotovsky",0,"eigen"
"2462",500,"J Cagan",0,"eigen"
"2463",501,"J Fleck",0,"eigen"
"2464",502,"R Weisberg",0,"eigen"
"2465",503,"Y Kobayashi",0,"eigen"
"2466",504,"E Trusova",0,"eigen"
"2467",505,"K Ishii",0,"eigen"
"2468",506,"S Kitayama",0,"eigen"
"2469",507,"M Johansen",0,"eigen"
"2470",508,"J Kruschke",0,"eigen"
"2471",509,"H Ramsawh",0,"eigen"
"2472",510,"C Harris",0,"eigen"
"2473",511,"C Espinel",0,"eigen"
"2474",512,"D Grodner",0,"eigen"
"2475",513,"J Sedivy",0,"eigen"
"2476",514,"S Helie",0,"eigen"
"2477",515,"L Romero",0,"eigen"
"2478",516,"S Brem",0,"eigen"
"2479",517,"A Friedrich",0,"eigen"
"2480",518,"T Zentall",0,"eigen"
"2481",519,"D Brumby",0,"eigen"
"2482",520,"A Howes",0,"eigen"
"2483",521,"T Wong",0,"eigen"
"2484",522,"A Chau",0,"eigen"
"2485",523,"K Dieussaert",0,"eigen"
"2486",524,"P Wiemer-Hastings",0,"eigen"
"2487",525,"E Dolan",0,"eigen"
"2488",526,"C Sauder",0,"eigen"
"2489",527,"A Wingfield",0,"eigen"
"2490",528,"B Christensen",0,"eigen"
"2491",529,"D Trumpower",0,"eigen"
"2492",530,"T Goldsmith",0,"eigen"
"2493",531,"B Williams",0,"eigen"
"2494",532,"O Blajenkova",0,"eigen"
"2495",533,"M Kozhevnikov",0,"eigen"
"2496",534,"A Vera",0,"eigen"
"2497",535,"R Remington",0,"eigen"
"2498",536,"R Anderson",0,"eigen"
"2499",537,"M Doherty",0,"eigen"
"2500",538,"K Lie",0,"eigen"
"2501",539,"T Matsuka",0,"eigen"
"2502",540,"J Corter",0,"eigen"
"2503",541,"P Horwitz",0,"eigen"
"2504",542,"B Tinker",0,"eigen"
"2505",543,"B Buckley",0,"eigen"
"2506",544,"U Wilensky",0,"eigen"
"2507",545,"S Levy",0,"eigen"
"2508",546,"C Dede",0,"eigen"
"2509",547,"P Sederberg",0,"eigen"
"2510",548,"J Madsen",0,"eigen"
"2511",549,"H Wang",0,"eigen"
"2512",550,"J Fan",0,"eigen"
"2513",551,"L Jones",0,"eigen"
"2514",552,"B Eiter",0,"eigen"
"2515",553,"A Inhoff",0,"eigen"
"2516",554,"C Krachun",0,"eigen"
"2517",555,"D Kamawar",0,"eigen"
"2518",556,"L Winship",0,"eigen"
"2519",557,"N Stillings",0,"eigen"
"2520",558,"C Werner",0,"eigen"
"2521",559,"R John",0,"eigen"
"2522",560,"Y Kushleyeva",0,"eigen"
"2523",561,"J Kwasny",0,"eigen"
"2524",562,"K Kurtz",0,"eigen"
"2525",563,"Y Miyake",0,"eigen"
"2526",564,"S Li",0,"eigen"
"2527",565,"C Myers",0,"eigen"
"2528",566,"M Schoelles",0,"eigen"
"2529",567,"W Gray",0,"eigen"
"2530",568,"C Cohen",0,"eigen"
"2531",569,"M Kehner",0,"eigen"
"2532",570,"D Montello",0,"eigen"
"2533",571,"E Chrysikou",0,"eigen"
"2534",572,"L Jerzykiewicz",0,"eigen"
"2535",573,"M Wettler",0,"eigen"
"2536",574,"P Seidensticker",0,"eigen"
"2537",575,"M Taube-Schiff",0,"eigen"
"2538",576,"N Segalowitz",0,"eigen"
"2539",577,"F Dogan",0,"eigen"
"2540",578,"C Tobon",0,"eigen"
"2541",579,"B Morris",0,"eigen"
"2542",580,"I O'Brien",0,"eigen"
"2543",581,"L Baraff",0,"eigen"
"2544",582,"J Coley",0,"eigen"
"2545",583,"Y Yoshimura",0,"eigen"
"2546",584,"B MacWhinney",0,"eigen"
"2547",585,"S Trickett",0,"eigen"
"2548",586,"T Watkins",0,"eigen"
"2549",587,"N Davidenko",0,"eigen"
"2550",588,"W Chung",0,"eigen"
"2551",589,"J Lipinski",0,"eigen"
"2552",590,"P Gupta",0,"eigen"
"2553",591,"A Preece",0,"eigen"
"2554",592,"J Bond-Robinson",0,"eigen"
"2555",593,"H Yen",0,"eigen"
"2556",594,"H Muller",0,"eigen"
"2557",595,"J Schuh",0,"eigen"
"2558",596,"R Shillcock",0,"eigen"
"2559",597,"B Clark",0,"eigen"
"2560",598,"E Bratt",0,"eigen"
"2561",599,"K Schultz",0,"eigen"
"2562",600,"M Evens",0,"eigen"
"2563",601,"D Mendonca",0,"eigen"
"2564",602,"W Wallace",0,"eigen"
"2565",603,"T Kojima",0,"eigen"
"2566",604,"M Tscholl",0,"eigen"
"2567",605,"J Dowell",0,"eigen"
"2568",606,"T Shultz",0,"eigen"
"2569",607,"G Harman",0,"eigen"
"2570",608,"S Kulkarni",0,"eigen"
"2571",609,"E Altmann",0,"eigen"
"2572",610,"J Zacks",0,"eigen"
"2573",611,"I Levinstein",0.0544125552670785,"eigen"
"2574",612,"K Millis",0.0544125552670785,"eigen"
"2575",613,"J Magliano",0.0544125552670785,"eigen"
"2576",614,"A Corrigan-Halpern",0,"eigen"
"2577",615,"B Eugenio",0,"eigen"
"2578",616,"X Lu",0,"eigen"
"2579",617,"M Glass",0,"eigen"
"2580",618,"P Todd",0,"eigen"
"2581",619,"P Grim",0,"eigen"
"2582",620,"P Denis",0,"eigen"
"2583",621,"T Kokalis",0,"eigen"
"2584",622,"P Sedlmeier",0,"eigen"
"2585",623,"M Spivey",0,"eigen"
"2586",624,"T Regier",0,"eigen"
"2587",625,"M Zheng",0,"eigen"
"2588",626,"W Richards",0,"eigen"
"2589",627,"S Seung",0,"eigen"
"2590",628,"R Giere",0,"eigen"
"2591",629,"W Clancey",0,"eigen"
"2592",630,"A Shapiro",0,"eigen"
"2593",631,"D Niederhauser",0,"eigen"
"2594",632,"E Hutchins",0,"eigen"
"2595",633,"M Tomasello",0,"eigen"
"2596",634,"J Greeno",0,"eigen"
"2597",635,"F Ferreira",0,"eigen"
"2598",636,"R Frank",0,"eigen"
"2599",637,"E Stabler",0,"eigen"
"2600",638,"B Webber",0,"eigen"
"2601",639,"L Neal",0,"eigen"
"2602",640,"D Anastasi",0,"eigen"
"2603",641,"T Landauer",0,"eigen"
"2604",642,"A Abrahamsen",0,"eigen"
"2605",643,"W Bechtel",0,"eigen"
"2606",644,"P Bradley",0,"eigen"
"2607",645,"C Craver",0,"eigen"
"2608",646,"K Rayner",0,"eigen"
"2609",647,"J Kolonder",0,"eigen"
"2610",648,"A",0,"eigen"
"2611",649,"C Ronald",0,"eigen"
"2612",650,"K Elizabeth",0,"eigen"
"2613",651,"T M.",0,"eigen"
"2614",652,"G Marcus",0,"eigen"
"2615",653,"R Jacobs",0,"eigen"
"2616",654,"J Kangasoja",0,"eigen"
