"","from","to"
"1","H Avila-Munoz","A Cleary"
"2","E Heit","A Cleary"
"3","E Heit","H Avila-Munoz"
"4","C Hoadley","A Cleary"
"5","C Hoadley","H Avila-Munoz"
"6","C Hoadley","E Heit"
"7","L Namy","A Cleary"
"8","L Namy","H Avila-Munoz"
"9","L Namy","E Heit"
"10","L Namy","C Hoadley"
"11","A Ishai","A Cleary"
"12","A Ishai","H Avila-Munoz"
"13","A Ishai","E Heit"
"14","A Ishai","C Hoadley"
"15","A Ishai","L Namy"
"16","B Tuller","A Cleary"
"17","B Tuller","H Avila-Munoz"
"18","B Tuller","E Heit"
"19","B Tuller","C Hoadley"
"20","B Tuller","L Namy"
"21","B Tuller","A Ishai"
"22","Y Zhao","T Gao"
"23","L Yu","T Gao"
"24","L Yu","Y Zhao"
"25","J Tenenbaum","J Hartshorne"
"26","B Turner","A Heathcote"
"27","S Brown","A Heathcote"
"28","S Brown","B Turner"
"29","M Pitt","J Myung"
"30","M Speekenbrink","J Myung"
"31","M Speekenbrink","M Pitt"
"32","R Dale","M Coco"
"33","J Leeuw","J Leeuw"
"34","J Kruschke","J Kruschke"
"35","J Yearsley","J Trueblood"
"36","Z Wang","J Trueblood"
"37","Z Wang","J Yearsley"
"38","J Busemeyer","J Trueblood"
"39","J Busemeyer","J Yearsley"
"40","J Busemeyer","Z Wang"
"41","C Kalish","M Alibali"
"42","T Rogers","M Alibali"
"43","T Rogers","C Kalish"
"44","C Massey","M Alibali"
"45","C Massey","C Kalish"
"46","C Massey","T Rogers"
"47","P Kellman","M Alibali"
"48","P Kellman","C Kalish"
"49","P Kellman","T Rogers"
"50","P Kellman","C Massey"
"51","V Sloutsky","M Alibali"
"52","V Sloutsky","C Kalish"
"53","V Sloutsky","T Rogers"
"54","V Sloutsky","C Massey"
"55","V Sloutsky","P Kellman"
"56","J McClelland","M Alibali"
"57","J McClelland","C Kalish"
"58","J McClelland","T Rogers"
"59","J McClelland","C Massey"
"60","J McClelland","P Kellman"
"61","J McClelland","V Sloutsky"
"62","K Mickey","M Alibali"
"63","K Mickey","C Kalish"
"64","K Mickey","T Rogers"
"65","K Mickey","C Massey"
"66","K Mickey","P Kellman"
"67","K Mickey","V Sloutsky"
"68","K Mickey","J McClelland"
"69","A Bender","S Beller"
"70","J Bohnemeyer","S Beller"
"71","J Bohnemeyer","A Bender"
"72","A Rothe-Wulf","S Beller"
"73","A Rothe-Wulf","A Bender"
"74","A Rothe-Wulf","J Bohnemeyer"
"75","Y Hagmayer","S Beller"
"76","Y Hagmayer","A Bender"
"77","Y Hagmayer","J Bohnemeyer"
"78","Y Hagmayer","A Rothe-Wulf"
"79","R Astuti","S Beller"
"80","R Astuti","A Bender"
"81","R Astuti","J Bohnemeyer"
"82","R Astuti","A Rothe-Wulf"
"83","R Astuti","Y Hagmayer"
"84","W Gray","K Gluck"
"85","M Lovett","K Gluck"
"86","M Lovett","W Gray"
"87","A Markman","K Gluck"
"88","A Markman","W Gray"
"89","A Markman","M Lovett"
"90","J Spohrer","K Gluck"
"91","J Spohrer","W Gray"
"92","J Spohrer","M Lovett"
"93","J Spohrer","A Markman"
"94","M Ramscar","B Love"
"95","T Griffiths","B Love"
"96","T Griffiths","M Ramscar"
"97","M Jones","B Love"
"98","M Jones","M Ramscar"
"99","M Jones","T Griffiths"
"100","M Goldwater","B Pajak"
"101","D Gentner","B Pajak"
"102","D Gentner","M Goldwater"
"103","A Goldberg","B Pajak"
"104","A Goldberg","M Goldwater"
"105","A Goldberg","D Gentner"
"106","R Shao","B Pajak"
"107","R Shao","M Goldwater"
"108","R Shao","D Gentner"
"109","R Shao","A Goldberg"
"110","J Knobe","J Phillips"
"111","A Shtulman","J Phillips"
"112","A Shtulman","J Knobe"
"113","C Kalish","J Phillips"
"114","C Kalish","J Knobe"
"115","C Kalish","A Shtulman"
"116","A Riggs","J Phillips"
"117","A Riggs","J Knobe"
"118","A Riggs","A Shtulman"
"119","A Riggs","C Kalish"
"120","C Hitchcock","J Phillips"
"121","C Hitchcock","J Knobe"
"122","C Hitchcock","A Shtulman"
"123","C Hitchcock","C Kalish"
"124","C Hitchcock","A Riggs"
"125","P Knoeferle","D Abashidze"
"126","M Carminati","D Abashidze"
"127","M Carminati","P Knoeferle"
"128","K Abe","K Abe"
"129","C Cancino","K Agres"
"130","M Grachten","K Agres"
"131","M Grachten","C Cancino"
"132","S Lattner","K Agres"
"133","S Lattner","C Cancino"
"134","S Lattner","M Grachten"
"135","J Santiago","R Aguirre"
"136","A Yu","S Ahmad"
"137","N Nozari","N Akhavan"
"138","T Goksun","N Akhavan"
"139","T Goksun","N Nozari"
"140","R Foushee","S Al-Mughairy"
"141","D Barner","S Al-Mughairy"
"142","D Barner","R Foushee"
"143","M Srinivasan","S Al-Mughairy"
"144","M Srinivasan","R Foushee"
"145","M Srinivasan","D Barner"
"146","H Schultheis","R Albrecht"
"147","W Fu","R Albrecht"
"148","W Fu","H Schultheis"
"149","D McNamara","L Allen"
"150","M McCrudden","L Allen"
"151","M McCrudden","D McNamara"
"152","J Jara-Ettinger","K Allen"
"153","T Gerstenberg","K Allen"
"154","T Gerstenberg","J Jara-Ettinger"
"155","M Kleiman-Weiner","K Allen"
"156","M Kleiman-Weiner","J Jara-Ettinger"
"157","M Kleiman-Weiner","T Gerstenberg"
"158","J Tenenbaum","K Allen"
"159","J Tenenbaum","J Jara-Ettinger"
"160","J Tenenbaum","T Gerstenberg"
"161","J Tenenbaum","M Kleiman-Weiner"
"162","J Cantlon","S Alonso-Diaz"
"163","S Piantadosi","S Alonso-Diaz"
"164","S Piantadosi","J Cantlon"
"165","H Kloos","J Amaral"
"166","V Romero","J Amaral"
"167","V Romero","H Kloos"
"168","M Richardson","J Amaral"
"169","M Richardson","H Kloos"
"170","M Richardson","V Romero"
"171","Z Savcheva","E Andonova"
"172","G Todorova","E Andonova"
"173","G Todorova","Z Savcheva"
"174","R Verbrugge","B Arslan"
"175","N Taatgen","B Arslan"
"176","N Taatgen","R Verbrugge"
"177","B Hollebrandse","B Arslan"
"178","B Hollebrandse","R Verbrugge"
"179","B Hollebrandse","N Taatgen"
"180","J Queiroz","P Ata"
"181","P Vogt","S Aussems"
"182","M Chu","S Aussems"
"183","S Kita","S Aussems"
"184","S Kita","M Chu"
"185","M Zaanen","S Aussems"
"186","M Zaanen","M Chu"
"187","M Zaanen","S Kita"
"188","N Vasilyeva","S Ayala"
"189","A Johnson","R Azevedo"
"190","C Burkett","R Azevedo"
"191","C Burkett","A Johnson"
"192","E Krahmer","A Baltaretu"
"193","A Maes","A Baltaretu"
"194","A Maes","E Krahmer"
"195","M Blair","J Barnes"
"196","P Tupper","J Barnes"
"197","P Tupper","M Blair"
"198","R Walshe","J Barnes"
"199","R Walshe","M Blair"
"200","R Walshe","P Tupper"
"201","E Pothos","A Barque-Duran"
"202","J Yearsley","A Barque-Duran"
"203","J Yearsley","E Pothos"
"204","J Hampton","A Barque-Duran"
"205","J Hampton","E Pothos"
"206","J Hampton","J Yearsley"
"207","C Schunn","B Barstow"
"208","L Fazio","B Barstow"
"209","L Fazio","C Schunn"
"210","M Falakmasir","B Barstow"
"211","M Falakmasir","C Schunn"
"212","M Falakmasir","L Fazio"
"213","K Ashley","B Barstow"
"214","K Ashley","C Schunn"
"215","K Ashley","L Fazio"
"216","K Ashley","M Falakmasir"
"217","D Hawthorne","I Bass"
"218","N Goodman","I Bass"
"219","N Goodman","D Hawthorne"
"220","H Gweon","I Bass"
"221","H Gweon","D Hawthorne"
"222","H Gweon","N Goodman"
"223","P Battaglia","C Bates"
"224","I Yildirim","C Bates"
"225","I Yildirim","P Battaglia"
"226","J Tenenbaum","C Bates"
"227","J Tenenbaum","P Battaglia"
"228","J Tenenbaum","I Yildirim"
"229","P Baumann","P Baumann"
"230","J Knobe","A Bear"
"231","A Aguilar","N Beckage"
"232","E Colunga","N Beckage"
"233","E Colunga","A Aguilar"
"234","M Mozer","N Beckage"
"236","E Colunga","M Mozer"
"237","S Stevenson","B Beekhuizen"
"238","L Richland","K Begolli"
"239","S Jaeggi","K Begolli"
"240","S Jaeggi","L Richland"
"241","S Khemlani","P Bello"
"242","L Assif","G Ben-Yosef"
"243","D Harari","G Ben-Yosef"
"244","D Harari","L Assif"
"245","S Ullman","G Ben-Yosef"
"246","S Ullman","L Assif"
"247","S Ullman","D Harari"
"248","N Goodman","E Bennett"
"249","S Bhatia","S Bhatia"
"250","C Eliasmith","P Blouw"
"251","J Garten","R Boghrati"
"252","A Litvinova","R Boghrati"
"253","A Litvinova","J Garten"
"254","M Dehghani","R Boghrati"
"255","M Dehghani","J Garten"
"256","M Dehghani","A Litvinova"
"257","J Landrigan","M Botezatu"
"258","Q Chen","M Botezatu"
"259","Q Chen","J Landrigan"
"260","D Mirman","M Botezatu"
"261","D Mirman","J Landrigan"
"262","D Mirman","Q Chen"
"263","D Yurovsky","M Braginsky"
"264","V Marchman","M Braginsky"
"265","V Marchman","D Yurovsky"
"266","M Frank","M Braginsky"
"267","M Frank","D Yurovsky"
"268","M Frank","V Marchman"
"269","P Dayan","N Bramley"
"270","D Lagnado","N Bramley"
"271","D Lagnado","P Dayan"
"272","M Oaksford","C Brand"
"273","T Brauner","T Brauner"
"274","P Bello","W Bridewell"
"275","T Brochhagen","T Brochhagen"
"276","V Reyna","D Broniatowski"
"277","T Cakar","M Cakir"
"278","Y Girisken","M Cakir"
"279","Y Girisken","T Cakar"
"280","J Xu","A Carstensen"
"281","C Smith","A Carstensen"
"282","C Smith","J Xu"
"283","T Regier","A Carstensen"
"284","T Regier","J Xu"
"285","T Regier","C Smith"
"286","D Braithwaite","P Carvalho"
"287","J Leeuw","P Carvalho"
"288","J Leeuw","D Braithwaite"
"289","B Motz","P Carvalho"
"290","B Motz","D Braithwaite"
"291","B Motz","J Leeuw"
"292","R Goldstone","P Carvalho"
"293","R Goldstone","D Braithwaite"
"294","R Goldstone","J Leeuw"
"295","R Goldstone","B Motz"
"296","C Vos","M Casillas"
"297","O Crasborn","M Casillas"
"298","O Crasborn","C Vos"
"299","S Levinson","M Casillas"
"300","S Levinson","C Vos"
"301","S Levinson","O Crasborn"
"302","A Chan","C Chan"
"303","T Lee","C Chan"
"304","T Lee","A Chan"
"305","J Hsiao","C Chan"
"306","J Hsiao","A Chan"
"307","J Hsiao","T Lee"
"308","G Date","S Chandrasekharan"
"309","P Pande","S Chandrasekharan"
"310","P Pande","G Date"
"311","J Rahaman","S Chandrasekharan"
"312","J Rahaman","G Date"
"313","J Rahaman","P Pande"
"314","R Shaikh","S Chandrasekharan"
"315","R Shaikh","G Date"
"316","R Shaikh","P Pande"
"317","R Shaikh","J Rahaman"
"318","A Srivastava","S Chandrasekharan"
"319","A Srivastava","G Date"
"320","A Srivastava","P Pande"
"321","A Srivastava","J Rahaman"
"322","A Srivastava","R Shaikh"
"323","N Srivastava","S Chandrasekharan"
"324","N Srivastava","G Date"
"325","N Srivastava","P Pande"
"326","N Srivastava","J Rahaman"
"327","N Srivastava","R Shaikh"
"328","N Srivastava","A Srivastava"
"329","H Agrawal","S Chandrasekharan"
"330","H Agrawal","G Date"
"331","H Agrawal","P Pande"
"332","H Agrawal","J Rahaman"
"333","H Agrawal","R Shaikh"
"334","H Agrawal","A Srivastava"
"335","H Agrawal","N Srivastava"
"336","N Gauvrit","M Chekaf"
"337","A Guida","M Chekaf"
"338","A Guida","N Gauvrit"
"339","F Mathy","M Chekaf"
"340","F Mathy","N Gauvrit"
"341","F Mathy","A Guida"
"342","H Lu","D Chen"
"343","K Holyoak","D Chen"
"344","K Holyoak","H Lu"
"345","P Cheng","P Cheng"
"346","C Remulla","E Chestnut"
"347","E Markman","E Chestnut"
"348","E Markman","C Remulla"
"349","V Ayzenberg","C Cheung"
"350","R Diamond","C Cheung"
"351","R Diamond","V Ayzenberg"
"352","S Yousif","C Cheung"
"353","S Yousif","V Ayzenberg"
"354","S Yousif","R Diamond"
"355","S Lourenco","C Cheung"
"356","S Lourenco","V Ayzenberg"
"357","S Lourenco","R Diamond"
"358","S Lourenco","S Yousif"
"359","J Hsiao","T Cheung"
"360","M Corre","P Cheung"
"361","J Johnson","J Chin"
"362","D Moeller","J Chin"
"363","D Moeller","J Johnson"
"364","E Duwe","J Chin"
"365","E Duwe","J Johnson"
"366","E Duwe","D Moeller"
"367","J Graumlich","J Chin"
"368","J Graumlich","J Johnson"
"369","J Graumlich","D Moeller"
"370","J Graumlich","E Duwe"
"371","M Murray","J Chin"
"372","M Murray","J Johnson"
"373","M Murray","D Moeller"
"374","M Murray","E Duwe"
"375","M Murray","J Graumlich"
"376","E Stine-Morrow","J Chin"
"377","E Stine-Morrow","J Johnson"
"378","E Stine-Morrow","D Moeller"
"379","E Stine-Morrow","E Duwe"
"380","E Stine-Morrow","J Graumlich"
"381","E Stine-Morrow","M Murray"
"382","D Morrow","J Chin"
"383","D Morrow","J Johnson"
"384","D Morrow","D Moeller"
"385","D Morrow","E Duwe"
"386","D Morrow","J Graumlich"
"387","D Morrow","M Murray"
"388","D Morrow","E Stine-Morrow"
"389","E Fyfe","J Chu"
"390","B Rittle-Johnson","J Chu"
"391","B Rittle-Johnson","E Fyfe"
"392","S Craig","C Chuang"
"393","J Femiani","C Chuang"
"394","J Femiani","S Craig"
"395","A Chan","T Chuk"
"396","J Hsiao","T Chuk"
"398","J Leung","H Chung"
"399","J Hsiao","H Chung"
"400","J Hsiao","J Leung"
"401","N Duran","M Coco"
"402","T Gureckis","A Coenen"
"403","B Murthy","N Cohn"
"404","U Hahn","P Collins"
"405","Y Gerber","P Collins"
"406","Y Gerber","U Hahn"
"407","E Olsson","P Collins"
"408","E Olsson","U Hahn"
"409","E Olsson","Y Gerber"
"410","M Colombo","M Colombo"
"411","K Kurtz","N Conaway"
"412","E Wakefield","K Cooperrider"
"413","S Goldin-Meadow","K Cooperrider"
"414","S Goldin-Meadow","E Wakefield"
"415","P Coppin","P Coppin"
"416","M Werning","E Cosentino"
"417","K Reuter","E Cosentino"
"418","K Reuter","M Werning"
"419","C Acarturk","M Coskun"
"420","T Davenport","S Coulson"
"421","P Knoeferle","S Coulson"
"422","P Knoeferle","T Davenport"
"423","S Creel","S Coulson"
"424","S Creel","T Davenport"
"425","S Creel","P Knoeferle"
"426","R Shiffrin","G Cox"
"427","E Seubert","S Creel"
"428","J Jordan","S Croker"
"429","D Schloesser","S Croker"
"430","D Schloesser","J Jordan"
"431","V Cialdella","S Croker"
"432","V Cialdella","J Jordan"
"433","V Cialdella","D Schloesser"
"434","Y Kim","S Crossley"
"435","T Lester","S Crossley"
"436","T Lester","Y Kim"
"437","S Clark","S Crossley"
"438","S Clark","Y Kim"
"439","S Clark","T Lester"
"440","M Lee","I Danileiko"
"441","M Kalish","I Danileiko"
"442","M Kalish","M Lee"
"443","N Ramirez","T Davenport"
"444","M Leonard","T Davenport"
"445","M Leonard","N Ramirez"
"446","R Mayberry","T Davenport"
"447","R Mayberry","N Ramirez"
"448","R Mayberry","M Leonard"
"449","E Halgren","T Davenport"
"450","E Halgren","N Ramirez"
"451","E Halgren","M Leonard"
"452","E Halgren","R Mayberry"
"453","Y Cheong","N Davidenko"
"454","J Smith","N Davidenko"
"455","J Smith","Y Cheong"
"456","S Verheyen","S Deyne"
"457","A Perfors","S Deyne"
"458","A Perfors","S Verheyen"
"459","D Navarro","S Deyne"
"460","D Navarro","S Verheyen"
"461","D Navarro","A Perfors"
"462","S Johnson","J Freitas"
"464","J Andrews","J Leeuw"
"465","E Broers","H Weerd"
"466","R Verbrugge","H Weerd"
"467","R Verbrugge","E Broers"
"468","M Tessler","J Degen"
"469","N Goodman","J Degen"
"470","N Goodman","M Tessler"
"471","K Reuter","G Pinal"
"472","M Bassok","M Dewolf"
"473","K Holyoak","M Dewolf"
"474","K Holyoak","M Bassok"
"475","J Son","M Dewolf"
"477","M Bassok","J Son"
"479","K Holyoak","J Son"
"481","M Louwerse","K Dinnissen"
"482","S Denison","T Doan"
"483","C Lucas","T Doan"
"484","C Lucas","S Denison"
"485","A Gopnik","T Doan"
"486","A Gopnik","S Denison"
"487","A Gopnik","C Lucas"
"488","S Hunnius","S Dolscheid"
"489","A Majid","S Dolscheid"
"490","A Majid","S Hunnius"
"491","M Goldwater","H Don"
"492","A Otto","H Don"
"493","A Otto","M Goldwater"
"494","E Livesey","H Don"
"495","E Livesey","M Goldwater"
"496","E Livesey","A Otto"
"497","P Brooks","S Donnelly"
"498","B Homer","S Donnelly"
"499","B Homer","P Brooks"
"500","L Zaadnoordijk","L Drijvers"
"501","M Dingemanse","L Drijvers"
"502","M Dingemanse","L Zaadnoordijk"
"503","S Nicholson","N Duran"
"504","R Dale","N Duran"
"505","R Dale","S Nicholson"
"506","L Caglar","K Durkin"
"507","E Bonawitz","K Durkin"
"508","E Bonawitz","L Caglar"
"509","P Shafto","K Durkin"
"510","P Shafto","L Caglar"
"511","P Shafto","E Bonawitz"
"512","L Schalk","P Edelsbrunner"
"513","R Schumacher","P Edelsbrunner"
"514","R Schumacher","L Schalk"
"515","E Stern","P Edelsbrunner"
"516","E Stern","L Schalk"
"517","E Stern","R Schumacher"
"518","K Marton","N Eichorn"
"519","R Kallen","B Eiler"
"520","S Harrison","B Eiler"
"521","S Harrison","R Kallen"
"522","E Saltzman","B Eiler"
"523","E Saltzman","R Kallen"
"524","E Saltzman","S Harrison"
"525","R Schmidt","B Eiler"
"526","R Schmidt","R Kallen"
"527","R Schmidt","S Harrison"
"528","R Schmidt","E Saltzman"
"529","M Richardson","B Eiler"
"530","M Richardson","R Kallen"
"531","M Richardson","S Harrison"
"532","M Richardson","E Saltzman"
"533","M Richardson","R Schmidt"
"537","A Aroor","S Epstein"
"538","M Evanusa","S Epstein"
"539","M Evanusa","A Aroor"
"540","E Sklar","S Epstein"
"541","E Sklar","A Aroor"
"542","E Sklar","M Evanusa"
"543","S Parsons","S Epstein"
"544","S Parsons","A Aroor"
"545","S Parsons","M Evanusa"
"546","S Parsons","E Sklar"
"547","D Yamins","J Fan"
"548","N Turk-Browne","J Fan"
"549","N Turk-Browne","D Yamins"
"550","B Zinszer","S Fang"
"551","B Malt","S Fang"
"552","B Malt","B Zinszer"
"553","P Li","S Fang"
"554","P Li","B Zinszer"
"555","P Li","B Malt"
"556","J Martin","C Faur"
"557","C Clavel","C Faur"
"558","C Clavel","J Martin"
"559","G Vallee-Tourangeau","J Faure-Bloom"
"560","S Mannan","J Faure-Bloom"
"561","S Mannan","G Vallee-Tourangeau"
"562","T Jaeger","M Fedzechkina"
"563","J Trueswell","M Fedzechkina"
"564","J Trueswell","T Jaeger"
"565","G Bidelman","S Feng"
"566","M Buehner","R Fereday"
"567","S Waxman","B Ferguson"
"568","S Finley","S Finley"
"570","M Walsh","C Fisher"
"571","L Blaha","C Fisher"
"572","L Blaha","M Walsh"
"573","G Gunzelmann","C Fisher"
"574","G Gunzelmann","M Walsh"
"575","G Gunzelmann","L Blaha"
"576","P Maglio","M Fleming"
"577","M Dellavalle","S Flusberg"
"578","P Thibodeau","S Flusberg"
"579","P Thibodeau","M Dellavalle"
"580","C Yu","J Franchak"
"581","F Keller","D Frassinelli"
"582","H Lukowski-Duplessy","B French"
"583","C Rieth","B French"
"584","C Rieth","H Lukowski-Duplessy"
"585","G Cottrell","B French"
"586","G Cottrell","H Lukowski-Duplessy"
"587","G Cottrell","C Rieth"
"588","J Pine","D Freudenthal"
"589","G Jones","D Freudenthal"
"590","G Jones","J Pine"
"591","F Gobet","D Freudenthal"
"592","F Gobet","J Pine"
"593","F Gobet","G Jones"
"594","J Bjorndahl","R Fusaroli"
"595","A Roepstorff","R Fusaroli"
"596","A Roepstorff","J Bjorndahl"
"597","K Tylen","R Fusaroli"
"598","K Tylen","J Bjorndahl"
"599","K Tylen","A Roepstorff"
"600","N Carbert","L Gabora"
"601","T Jachmann","C Gambi"
"602","M Staudte","C Gambi"
"603","M Staudte","T Jachmann"
"604","M Knauff","L Castaneda"
"605","J Tenenbaum","S Gershman"
"606","N Goodman","T Gerstenberg"
"607","D Lagnado","T Gerstenberg"
"608","D Lagnado","N Goodman"
"610","J Tenenbaum","N Goodman"
"611","J Tenenbaum","D Lagnado"
"612","J Halpern","T Gerstenberg"
"614","J Tenenbaum","J Halpern"
"615","T Rogers","B Gibson"
"616","C Kalish","B Gibson"
"618","X Zhu","B Gibson"
"619","X Zhu","T Rogers"
"620","X Zhu","C Kalish"
"621","T Lombrozo","C Giffin"
"622","A Fisher","K Godwin"
"623","C Eliasmith","J Gosmann"
"624","J Thibaut","H Gros"
"625","E Sander","H Gros"
"626","E Sander","J Thibaut"
"627","M Lee","M Guan"
"628","J Vandekerckhove","M Guan"
"629","J Vandekerckhove","M Lee"
"630","K Coventry","H Gudde"
"631","P Engelhardt","H Gudde"
"632","P Engelhardt","K Coventry"
"633","J Trueblood","L Guo"
"634","A Diederich","L Guo"
"635","A Diederich","J Trueblood"
"636","C Harris","L Guthrie"
"637","F Vallee-Tourangeau","L Guthrie"
"638","F Vallee-Tourangeau","C Harris"
"639","M Asaba","H Gweon"
"640","K Sharma","T Halder"
"641","S Ghosh","T Halder"
"642","S Ghosh","K Sharma"
"643","R Verbrugge","T Halder"
"644","R Verbrugge","K Sharma"
"645","R Verbrugge","S Ghosh"
"646","F Roser","K Hamburger"
"647","K Smith","J Hamrick"
"648","T Griffiths","J Hamrick"
"649","T Griffiths","K Smith"
"650","E Vul","J Hamrick"
"651","E Vul","K Smith"
"652","E Vul","T Griffiths"
"653","K Coventry","J Harold"
"654","I Lorenzoni","J Harold"
"655","I Lorenzoni","K Coventry"
"656","T Shipley","J Harold"
"657","T Shipley","K Coventry"
"658","T Shipley","I Lorenzoni"
"659","A Stuhlmuller","R Hawkins"
"660","J Degen","R Hawkins"
"661","J Degen","A Stuhlmuller"
"662","N Goodman","R Hawkins"
"663","N Goodman","A Stuhlmuller"
"665","N Goodman","D Hawthorne-Madell"
"666","G Hawkins","B Hayes"
"667","B Newell","B Hayes"
"668","B Newell","G Hawkins"
"669","K Persaud","P Hemmer"
"670","C Kidd","P Hemmer"
"671","C Kidd","K Persaud"
"672","S Piantadosi","P Hemmer"
"673","S Piantadosi","K Persaud"
"674","S Piantadosi","C Kidd"
"675","L Boroditsky","R Hendricks"
"676","D Navarro","A Hendrickson"
"677","C Donkin","A Hendrickson"
"678","C Donkin","D Navarro"
"679","G Trafton","L Hiatt"
"680","M Littman","M Ho"
"681","F Cushman","M Ho"
"682","F Cushman","M Littman"
"683","J Austerweil","M Ho"
"684","J Austerweil","M Littman"
"685","J Austerweil","F Cushman"
"686","M Frank","A Horowitz"
"687","L Blaha","J Houpt"
"688","P Healey","C Howes"
"689","P Panzarasa","C Howes"
"690","P Panzarasa","P Healey"
"691","T Hills","C Howes"
"692","T Hills","P Healey"
"693","T Hills","P Panzarasa"
"694","W Horton","C Hoyos"
"695","D Gentner","C Hoyos"
"696","D Gentner","W Horton"
"697","B MacDonald","M Hrabic"
"698","M Beran","M Hrabic"
"699","M Beran","B MacDonald"
"700","R Williamson","M Hrabic"
"701","R Williamson","B MacDonald"
"702","R Williamson","M Beran"
"703","A Whalen","J Hu"
"704","D Buchsbaum","J Hu"
"705","D Buchsbaum","A Whalen"
"706","T Griffiths","J Hu"
"707","T Griffiths","A Whalen"
"708","T Griffiths","D Buchsbaum"
"709","F Xu","J Hu"
"710","F Xu","A Whalen"
"711","F Xu","D Buchsbaum"
"712","F Xu","T Griffiths"
"713","N Goodman","T Icard"
"714","E Lydic","J Jara-Ettinger"
"716","J Tenenbaum","E Lydic"
"717","L Schulz","J Jara-Ettinger"
"718","L Schulz","E Lydic"
"719","L Schulz","J Tenenbaum"
"723","L Samuelson","G Jenkins"
"724","J Spencer","G Jenkins"
"725","J Spencer","L Samuelson"
"726","C Jennings","C Jennings"
"727","Y Li","Y Jie"
"728","J Wang","K Johannes"
"729","A Papafragou","K Johannes"
"730","A Papafragou","J Wang"
"731","B Landau","K Johannes"
"732","B Landau","J Wang"
"733","B Landau","A Papafragou"
"734","T Merchant","S Johnson"
"735","F Keil","S Johnson"
"736","F Keil","T Merchant"
"737","G Rajeev-Kumar","S Johnson"
"739","F Keil","G Rajeev-Kumar"
"743","S Johnson","A Johnston"
"744","M Koven","A Johnston"
"745","M Koven","S Johnson"
"746","F Keil","A Johnston"
"748","F Keil","M Koven"
"749","J Moss","W Jones"
"750","A Goel","D Joyner"
"751","O Rasanen","S Kakouros"
"752","J Kaminski","J Kaminski"
"753","N Goodman","J Kao"
"754","C Suhler","L Kavanagh"
"755","H Rohde","A Kehler"
"756","M Montrey","M Kharratzadeh"
"757","A Metz","M Kharratzadeh"
"758","A Metz","M Montrey"
"759","T Shultz","M Kharratzadeh"
"760","T Shultz","M Montrey"
"761","T Shultz","A Metz"
"762","G Goodwin","S Khemlani"
"763","P Johnson-Laird","S Khemlani"
"764","P Johnson-Laird","G Goodwin"
"766","J Opfer","D Kim"
"767","E Kaiser","L Kim"
"768","M Sumner","S Kim"
"769","S Hunley","K Kimura"
"770","L Namy","K Kimura"
"771","L Namy","S Hunley"
"772","M Sumner","E King"
"773","B Burns","S Kistner"
"774","R Vollmeyer","S Kistner"
"775","R Vollmeyer","B Burns"
"776","K Ulrich","S Kistner"
"777","K Ulrich","B Burns"
"778","K Ulrich","R Vollmeyer"
"780","S Levine","M Kleiman-Weiner"
"781","S Levine","T Gerstenberg"
"784","J Tenenbaum","S Levine"
"785","R Raizada","D Kleinschmidt"
"786","T Jaeger","D Kleinschmidt"
"787","T Jaeger","R Raizada"
"788","J Snedeker","M Kline"
"789","M Eckstein","K Koehler"
"790","K Koedinger","D Koh"
"791","C Rose","D Koh"
"792","C Rose","K Koedinger"
"793","D Feldon","D Koh"
"794","D Feldon","K Koedinger"
"795","D Feldon","C Rose"
"796","S Hoppe","N Koleva"
"797","M Moniri","N Koleva"
"798","M Moniri","S Hoppe"
"799","M Staudte","N Koleva"
"800","M Staudte","S Hoppe"
"801","M Staudte","M Moniri"
"802","A Bulling","N Koleva"
"803","A Bulling","S Hoppe"
"804","A Bulling","M Moniri"
"805","A Bulling","M Staudte"
"806","R Prada","T Komatsu"
"807","K Kobayashi","T Komatsu"
"808","K Kobayashi","R Prada"
"809","S Yamada","T Komatsu"
"810","S Yamada","R Prada"
"811","S Yamada","K Kobayashi"
"812","K Funakoshi","T Komatsu"
"813","K Funakoshi","R Prada"
"814","K Funakoshi","K Kobayashi"
"815","K Funakoshi","S Yamada"
"816","M Nakano","T Komatsu"
"817","M Nakano","R Prada"
"818","M Nakano","K Kobayashi"
"819","M Nakano","S Yamada"
"820","M Nakano","K Funakoshi"
"821","P Langthorne","J Kominsky"
"822","F Keil","J Kominsky"
"823","F Keil","P Langthorne"
"824","V Ustun","C Kommers"
"825","A Demski","C Kommers"
"826","A Demski","V Ustun"
"827","P Rosenbloom","C Kommers"
"828","P Rosenbloom","V Ustun"
"829","P Rosenbloom","A Demski"
"830","N Ashby","E Konstantinidis"
"831","C Gonzalez","E Konstantinidis"
"832","C Gonzalez","N Ashby"
"833","M MacDonald","M Koranda"
"834","P Carvalho","A Kost"
"835","R Goldstone","A Kost"
"837","B Kotchoubey","B Kotchoubey"
"838","R Hawkins","P Krafft"
"839","A Pentland","P Krafft"
"840","A Pentland","R Hawkins"
"841","N Goodman","P Krafft"
"843","N Goodman","A Pentland"
"844","J Tenenbaum","P Krafft"
"845","J Tenenbaum","R Hawkins"
"846","J Tenenbaum","A Pentland"
"848","V Demberg","E Kravtchenko"
"849","H Lu","J Kubricht"
"850","K Holyoak","J Kubricht"
"852","M Buschkuehl","C Kupitz"
"853","S Jaeggi","C Kupitz"
"854","S Jaeggi","M Buschkuehl"
"855","J Jonides","C Kupitz"
"856","J Jonides","M Buschkuehl"
"857","J Jonides","S Jaeggi"
"858","P Shah","C Kupitz"
"859","P Shah","M Buschkuehl"
"860","P Shah","S Jaeggi"
"861","P Shah","J Jonides"
"862","J Vandekerckhove","C Kupitz"
"863","J Vandekerckhove","M Buschkuehl"
"864","J Vandekerckhove","S Jaeggi"
"865","J Vandekerckhove","J Jonides"
"866","J Vandekerckhove","P Shah"
"867","J Cesario","P Kvam"
"868","J Schossau","P Kvam"
"869","J Schossau","J Cesario"
"870","H Eisthen","P Kvam"
"871","H Eisthen","J Cesario"
"872","H Eisthen","J Schossau"
"873","A Hintze","P Kvam"
"874","A Hintze","J Cesario"
"875","A Hintze","J Schossau"
"876","A Hintze","H Eisthen"
"877","R West","K Kwok"
"878","M Kelly","K Kwok"
"879","M Kelly","R West"
"880","E Krahmer","J Lai"
"881","J Sprenger","J Lai"
"882","J Sprenger","E Krahmer"
"883","W Zaremba","B Lake"
"884","R Fergus","B Lake"
"885","R Fergus","W Zaremba"
"886","T Gureckis","B Lake"
"887","T Gureckis","W Zaremba"
"888","T Gureckis","R Fergus"
"889","J Cloudy","A Landrum"
"890","P Shafto","A Landrum"
"891","P Shafto","J Cloudy"
"892","J Lederer","J Lederer"
"893","M Dewolf","H Lee"
"894","M Bassok","H Lee"
"896","K Holyoak","H Lee"
"899","E Liu","M Lee"
"900","M Steyvers","M Lee"
"901","M Steyvers","E Liu"
"902","B Burns","J Lee"
"903","V Sloutsky","S Lee"
"904","D Lenzen","D Lenzen"
"905","L Schulz","J Leonard"
"906","C Sims","R Lerch"
"907","N Ramlakhan","C Lesage"
"908","I Toivonen","C Lesage"
"909","I Toivonen","N Ramlakhan"
"910","C Wildman","C Lesage"
"911","C Wildman","N Ramlakhan"
"912","C Wildman","I Toivonen"
"913","N Lester","N Lester"
"914","F Martin","N Lester"
"916","S Charney","C Levitan"
"917","K Schloss","C Levitan"
"918","K Schloss","S Charney"
"919","S Palmer","C Levitan"
"920","S Palmer","S Charney"
"921","S Palmer","K Schloss"
"922","E Vul","T Lew"
"923","M Frank","M Lewis"
"924","J Hsiao","T Li"
"925","T Mintz","J Li"
"926","Y Zhao","W Liang"
"927","Y Zhu","W Liang"
"928","Y Zhu","Y Zhao"
"929","S Zhu","W Liang"
"930","S Zhu","Y Zhao"
"931","S Zhu","Y Zhu"
"932","T Griffiths","F Lieder"
"933","Z Sim","F Lieder"
"934","J Hu","F Lieder"
"935","J Hu","Z Sim"
"937","T Griffiths","Z Sim"
"939","F Xu","F Lieder"
"940","F Xu","Z Sim"
"943","C Donkin","D Lin"
"944","B Newell","D Lin"
"945","B Newell","C Donkin"
"946","N Fay","C Lister"
"947","T Ellison","C Lister"
"948","T Ellison","N Fay"
"949","J Ohan","C Lister"
"950","J Ohan","N Fay"
"951","J Ohan","T Ellison"
"952","K Eryilmaz","H Little"
"953","B Boer","H Little"
"954","B Boer","K Eryilmaz"
"955","J Hsiao","T Liu"
"956","C Schunn","A Liu"
"957","J Fiez","A Liu"
"958","J Fiez","C Schunn"
"959","M Libertus","A Liu"
"960","M Libertus","C Schunn"
"961","M Libertus","J Fiez"
"962","D Liu","D Liu"
"963","L Doumas","K Livins"
"964","M Spivey","K Livins"
"965","M Spivey","L Doumas"
"966","F Gobet","M Lloyd-Kelly"
"967","P Lane","M Lloyd-Kelly"
"968","P Lane","F Gobet"
"969","S Raisig","M Louwerse"
"970","R Tillman","M Louwerse"
"971","R Tillman","S Raisig"
"972","S Hutchinson","M Louwerse"
"973","S Hutchinson","S Raisig"
"974","S Hutchinson","R Tillman"
"975","X Huang","H Lu"
"976","Y Song","H Lu"
"977","Y Song","X Huang"
"978","H Wei","H Lu"
"979","H Wei","X Huang"
"980","H Wei","Y Song"
"981","C Donkin","A Luckman"
"982","B Newell","A Luckman"
"984","A Yu","N Ma"
"985","D Yurovsky","K MacDonald"
"986","M Frank","K MacDonald"
"988","A Yung","C Macias"
"989","P Hemmer","C Macias"
"990","P Hemmer","A Yung"
"991","C Kidd","C Macias"
"992","C Kidd","A Yung"
"994","J Ledoux","T Madarasz"
"995","J Johansen","T Madarasz"
"996","J Johansen","J Ledoux"
"997","J Madsen","J Madsen"
"998","K Miwa","A Maehigashi"
"999","H Terai","A Maehigashi"
"1000","H Terai","K Miwa"
"1001","T Igami","A Maehigashi"
"1002","T Igami","K Miwa"
"1003","T Igami","H Terai"
"1004","Y Nakamura","A Maehigashi"
"1005","Y Nakamura","K Miwa"
"1006","Y Nakamura","H Terai"
"1007","Y Nakamura","T Igami"
"1008","K Mori","A Maehigashi"
"1009","K Mori","K Miwa"
"1010","K Mori","H Terai"
"1011","K Mori","T Igami"
"1012","K Mori","Y Nakamura"
"1013","L Schulz","R Magid"
"1014","S Arfini","L Magnani"
"1015","T Bertolotti","L Magnani"
"1016","T Bertolotti","S Arfini"
"1017","G Magri","G Magri"
"1018","F Ackerman","R Malouf"
"1019","S Seyfarth","R Malouf"
"1020","S Seyfarth","F Ackerman"
"1021","L Eberle","T Marghetis"
"1022","B Bergen","T Marghetis"
"1023","B Bergen","L Eberle"
"1024","T Pleskac","D Markant"
"1025","A Diederich","D Markant"
"1026","A Diederich","T Pleskac"
"1027","T Pachur","D Markant"
"1028","T Pachur","T Pleskac"
"1029","T Pachur","A Diederich"
"1030","R Hertwig","D Markant"
"1031","R Hertwig","T Pleskac"
"1032","R Hertwig","A Diederich"
"1033","R Hertwig","T Pachur"
"1034","K Coventry","I Markostamou"
"1035","C Fox","I Markostamou"
"1036","C Fox","K Coventry"
"1037","L McInnes","I Markostamou"
"1038","L McInnes","K Coventry"
"1039","L McInnes","C Fox"
"1040","J Marley-Payne","J Marley-Payne"
"1041","A Zeveney","J Marsh"
"1042","J Snijder","B Marsh"
"1043","M Pulver","B Marsh"
"1044","M Pulver","J Snijder"
"1045","V Johnson","B Marsh"
"1046","V Johnson","J Snijder"
"1047","V Johnson","M Pulver"
"1048","J Schirmer","B Marsh"
"1049","J Schirmer","J Snijder"
"1050","J Schirmer","M Pulver"
"1051","J Schirmer","V Johnson"
"1052","H Lee","B Marsh"
"1053","H Lee","J Snijder"
"1054","H Lee","M Pulver"
"1055","H Lee","V Johnson"
"1056","H Lee","J Schirmer"
"1057","A Horiuchi","B Marsh"
"1058","A Horiuchi","J Snijder"
"1059","A Horiuchi","M Pulver"
"1060","A Horiuchi","V Johnson"
"1061","A Horiuchi","J Schirmer"
"1062","A Horiuchi","H Lee"
"1063","N Koskela","B Marsh"
"1064","N Koskela","J Snijder"
"1065","N Koskela","M Pulver"
"1066","N Koskela","V Johnson"
"1067","N Koskela","J Schirmer"
"1068","N Koskela","H Lee"
"1069","N Koskela","A Horiuchi"
"1070","B Reynoso","B Marsh"
"1071","B Reynoso","J Snijder"
"1072","B Reynoso","M Pulver"
"1073","B Reynoso","V Johnson"
"1074","B Reynoso","J Schirmer"
"1075","B Reynoso","H Lee"
"1076","B Reynoso","A Horiuchi"
"1077","B Reynoso","N Koskela"
"1078","R Fajardo","B Marsh"
"1079","R Fajardo","J Snijder"
"1080","R Fajardo","M Pulver"
"1081","R Fajardo","V Johnson"
"1082","R Fajardo","J Schirmer"
"1083","R Fajardo","H Lee"
"1084","R Fajardo","A Horiuchi"
"1085","R Fajardo","N Koskela"
"1086","R Fajardo","B Reynoso"
"1087","P Koralus","S Mascarenhas"
"1088","A Alishahi","Y Matusevych"
"1089","A Backus","Y Matusevych"
"1090","A Backus","A Alishahi"
"1091","M Christiansen","S McCauley"
"1092","M Blair","C McColeman"
"1093","J Kim","K McCormick"
"1094","S List","K McCormick"
"1095","S List","J Kim"
"1096","L Nygaard","K McCormick"
"1097","L Nygaard","J Kim"
"1098","L Nygaard","S List"
"1099","R Heald","B Meadows"
"1100","P Langley","B Meadows"
"1101","P Langley","R Heald"
"1102","S Chen","R Meng"
"1103","D Bartels","R Meng"
"1104","D Bartels","S Chen"
"1105","T Griffiths","S Meylan"
"1106","J Trueblood","P Mistry"
"1107","J Vandekerckhove","P Mistry"
"1108","J Vandekerckhove","J Trueblood"
"1109","E Pothos","P Mistry"
"1110","E Pothos","J Trueblood"
"1111","E Pothos","J Vandekerckhove"
"1113","M Liljeholm","P Mistry"
"1114","S Piantadosi","F Mollica"
"1116","M Tanenhaus","F Mollica"
"1117","M Tanenhaus","S Piantadosi"
"1118","D Bartels","S Molouki"
"1119","J Anderson","J Moon"
"1120","R Baker","G Moore"
"1121","S Gowda","G Moore"
"1122","S Gowda","R Baker"
"1123","T Dai","D Morden-Snipper"
"1124","J Booth","D Morden-Snipper"
"1125","J Booth","T Dai"
"1126","B Chang","D Morden-Snipper"
"1127","B Chang","T Dai"
"1128","B Chang","J Booth"
"1129","J Cromley","D Morden-Snipper"
"1130","J Cromley","T Dai"
"1131","J Cromley","J Booth"
"1132","J Cromley","B Chang"
"1133","N Newcombe","D Morden-Snipper"
"1134","N Newcombe","T Dai"
"1135","N Newcombe","J Booth"
"1136","N Newcombe","B Chang"
"1137","N Newcombe","J Cromley"
"1138","T Griffiths","T Morgan"
"1139","R Levy","E Morgan"
"1140","J Bois","F Martin"
"1141","R Azevedo","N Mudrick"
"1142","M Taub","N Mudrick"
"1143","M Taub","R Azevedo"
"1144","F Bouchet","N Mudrick"
"1145","F Bouchet","R Azevedo"
"1146","F Bouchet","M Taub"
"1147","J Szymanik","G Munneke"
"1148","M Carminati","K Munster"
"1149","P Knoeferle","K Munster"
"1151","T Rogers","A Murphy"
"1152","E Hubbard","A Murphy"
"1153","E Hubbard","T Rogers"
"1154","A Brower","A Murphy"
"1155","A Brower","T Rogers"
"1156","A Brower","E Hubbard"
"1157","T Moriwaki","Y Nagai"
"1158","M Asada","Y Nagai"
"1159","M Asada","T Moriwaki"
"1160","S Stephan","J Nagel"
"1161","K Nakamura","K Nakamura"
"1162","C Riehm","P Nalepka"
"1163","C Mansour","P Nalepka"
"1164","C Mansour","C Riehm"
"1165","A Chemero","P Nalepka"
"1166","A Chemero","C Riehm"
"1167","A Chemero","C Mansour"
"1168","M Richardson","P Nalepka"
"1169","M Richardson","C Riehm"
"1170","M Richardson","C Mansour"
"1171","M Richardson","A Chemero"
"1172","M Penner-Wilger","A Newton"
"1173","W Goh","M Ng"
"1174","M Yap","M Ng"
"1175","M Yap","W Goh"
"1176","C Tse","M Ng"
"1177","C Tse","W Goh"
"1178","C Tse","M Yap"
"1179","W So","M Ng"
"1180","W So","W Goh"
"1181","W So","M Yap"
"1182","W So","C Tse"
"1183","J Danovitch","N Noles"
"1184","P Shafto","N Noles"
"1185","P Shafto","J Danovitch"
"1186","N Noori","N Noori"
"1188","M Frank","A Nordmeyer"
"1189","G Dell","N Nozari"
"1190","K Schneck","N Nozari"
"1191","K Schneck","G Dell"
"1192","B Gordon","N Nozari"
"1193","B Gordon","G Dell"
"1194","B Gordon","K Schneck"
"1195","G Colflesh","P O'Rourke"
"1196","D Chesney","N Obrecht"
"1197","D Medin","b ojalehto"
"1198","S Garcia","b ojalehto"
"1199","S Garcia","D Medin"
"1200","J Loveday","H Olsson"
"1201","N Goodman","D Ong"
"1202","J Zaki","D Ong"
"1203","J Zaki","N Goodman"
"1204","M Lou-Magnuson","L Onnis"
"1205","H Yun","L Onnis"
"1206","H Yun","M Lou-Magnuson"
"1207","E Thiessen","L Onnis"
"1208","E Thiessen","M Lou-Magnuson"
"1209","E Thiessen","H Yun"
"1210","D Lee","P Ortega"
"1211","A Stocker","P Ortega"
"1212","A Stocker","D Lee"
"1213","D Landy","E Ottmar"
"1214","R Goldstone","E Ottmar"
"1215","R Goldstone","D Landy"
"1216","E Weitnauer","E Ottmar"
"1217","E Weitnauer","D Landy"
"1218","E Weitnauer","R Goldstone"
"1219","D Barkoczi","P Analytis"
"1220","S Herzog","P Analytis"
"1221","S Herzog","D Barkoczi"
"1222","T Griffiths","M Pacer"
"1223","D Kennedy","P Pantelis"
"1224","N Umashankar","J Parker"
"1225","M Schleicher","J Parker"
"1226","M Schleicher","N Umashankar"
"1227","L Hall","P Parnamets"
"1228","P Johansson","P Parnamets"
"1229","P Johansson","L Hall"
"1230","E Schulz","P Parpart"
"1231","M Speekenbrink","P Parpart"
"1232","M Speekenbrink","E Schulz"
"1233","B Love","P Parpart"
"1234","B Love","E Schulz"
"1235","B Love","M Speekenbrink"
"1236","M McGovern","E Partridge"
"1237","A Yung","E Partridge"
"1238","A Yung","M McGovern"
"1239","C Kidd","E Partridge"
"1240","C Kidd","M McGovern"
"1242","K Kurtz","J Patterson"
"1243","J Roche","A Paxton"
"1244","M Tanenhaus","A Paxton"
"1245","M Tanenhaus","J Roche"
"1246","J Paul","M Perlman"
"1247","G Lupyan","M Perlman"
"1248","G Lupyan","J Paul"
"1249","M Perlman","L Perry"
"1250","G Lupyan","L Perry"
"1252","T Gruter","R Peters"
"1253","A Borovsky","R Peters"
"1254","A Borovsky","T Gruter"
"1255","A Danek","J Petervari"
"1256","V Flanagin","J Petervari"
"1257","V Flanagin","A Danek"
"1258","W Wilson","S Phillips"
"1259","A Jern","A Piergiovanni"
"1260","C Kurumada","A Pogue"
"1261","M Tanenhaus","A Pogue"
"1262","M Tanenhaus","C Kurumada"
"1263","A Salverda","D Pontillo"
"1264","M Tanenhaus","D Pontillo"
"1265","M Tanenhaus","A Salverda"
"1266","R Prather","R Prather"
"1267","A Scholz","A Prittmann"
"1268","J Krems","A Prittmann"
"1269","J Krems","A Scholz"
"1270","J Luo","F Pu"
"1271","Y Zhang","F Pu"
"1272","Y Zhang","J Luo"
"1273","G Luo","F Pu"
"1274","G Luo","J Luo"
"1275","G Luo","Y Zhang"
"1276","J Austerweil","T Qian"
"1277","S Garnsey","Z Qian"
"1278","D Noelle","J Rafati"
"1279","C Otieno","S Schwenke"
"1280","O Rasanen","O Rasanen"
"1281","H Rasilo","O Rasanen"
"1283","N Renner","N Renner"
"1284","L Namy","K Revill"
"1285","L Nygaard","K Revill"
"1286","L Nygaard","L Namy"
"1287","T Gureckis","A Rich"
"1288","N Feldman","R Richardson"
"1289","W Idsardi","R Richardson"
"1290","W Idsardi","N Feldman"
"1291","C Zepeda","J Richey"
"1292","T Nokes-Malach","J Richey"
"1293","T Nokes-Malach","C Zepeda"
"1294","A Kit-fong","T Van-yip"
"1295","H Hui-wen","T Van-yip"
"1296","H Hui-wen","A Kit-fong"
"1297","V Romero","L Rigoli"
"1298","K Shockley","L Rigoli"
"1299","K Shockley","V Romero"
"1300","G Funke","L Rigoli"
"1301","G Funke","V Romero"
"1302","G Funke","K Shockley"
"1303","A Strang","L Rigoli"
"1304","A Strang","V Romero"
"1305","A Strang","K Shockley"
"1306","A Strang","G Funke"
"1307","M Richardson","L Rigoli"
"1309","M Richardson","K Shockley"
"1310","M Richardson","G Funke"
"1311","M Richardson","A Strang"
"1312","V Sloutsky","S Rivera"
"1313","W Barnhart","C Robinson"
"1314","S Rivera","C Robinson"
"1315","S Rivera","W Barnhart"
"1317","P Fitzpatrick","V Romero"
"1318","P Fitzpatrick","J Amaral"
"1319","R Schmidt","V Romero"
"1320","R Schmidt","J Amaral"
"1321","R Schmidt","P Fitzpatrick"
"1324","M Richardson","P Fitzpatrick"
"1326","R Kallen","V Romero"
"1327","M Riley","V Romero"
"1328","M Riley","R Kallen"
"1331","M Richardson","M Riley"
"1332","R Hastie","B Rottman"
"1333","B Rottman","B Rottman"
"1334","T Lombrozo","A Ruggeri"
"1335","T Griffiths","A Ruggeri"
"1336","T Griffiths","T Lombrozo"
"1337","F Xu","A Ruggeri"
"1338","F Xu","T Lombrozo"
"1340","A Tabard","A Rule"
"1341","K Boyd","A Rule"
"1342","K Boyd","A Tabard"
"1343","J Hollan","A Rule"
"1344","J Hollan","A Tabard"
"1345","J Hollan","K Boyd"
"1346","E Dechter","J Rule"
"1347","J Tenenbaum","J Rule"
"1348","J Tenenbaum","E Dechter"
"1349","M Heyvaert","L Saenen"
"1350","W Dooren","L Saenen"
"1351","W Dooren","M Heyvaert"
"1352","P Onghena","L Saenen"
"1353","P Onghena","M Heyvaert"
"1354","P Onghena","W Dooren"
"1355","T Gann","E Sagi"
"1356","T Matlock","E Sagi"
"1357","T Matlock","T Gann"
"1358","J Dessalles","A Saillenfest"
"1359","M Saito","M Saito"
"1360","M Asano","N Saji"
"1361","M Oishi","N Saji"
"1362","M Oishi","M Asano"
"1363","M Imai","N Saji"
"1364","M Imai","M Asano"
"1365","M Imai","M Oishi"
"1366","T Kagitani","M Sakamoto"
"1367","R Doizaki","M Sakamoto"
"1368","R Doizaki","T Kagitani"
"1369","M Waldmann","J Samland"
"1370","S Weiss","F Schaller"
"1371","H Muller","F Schaller"
"1372","H Muller","S Weiss"
"1373","J Burling","L Schillingmann"
"1374","H Yoshida","L Schillingmann"
"1375","H Yoshida","J Burling"
"1376","Y Nagai","L Schillingmann"
"1377","Y Nagai","J Burling"
"1378","Y Nagai","H Yoshida"
"1379","D Yurovsky","R Schneider"
"1380","M Frank","R Schneider"
"1382","J Tenenbaum","E Schulz"
"1383","D Reshef","E Schulz"
"1384","D Reshef","J Tenenbaum"
"1386","M Speekenbrink","J Tenenbaum"
"1387","M Speekenbrink","D Reshef"
"1388","S Gershman","E Schulz"
"1390","S Gershman","D Reshef"
"1391","S Gershman","M Speekenbrink"
"1392","E Konstantinidis","E Schulz"
"1394","M Speekenbrink","E Konstantinidis"
"1395","S Hayes","A Seiffert"
"1396","C Harriott","A Seiffert"
"1397","C Harriott","S Hayes"
"1398","J Adams","A Seiffert"
"1399","J Adams","S Hayes"
"1400","J Adams","C Harriott"
"1401","R Cooper","N Sexton"
"1402","A Warlaumont","T Shea"
"1403","C Kello","T Shea"
"1404","C Kello","A Warlaumont"
"1405","D Noelle","T Shea"
"1406","D Noelle","A Warlaumont"
"1407","D Noelle","C Kello"
"1408","J Linck","A Shell"
"1409","L Slevc","A Shell"
"1410","L Slevc","J Linck"
"1411","T Okada","D Shimizu"
"1412","B Bauman","H Shin"
"1413","I MacPhee","H Shin"
"1414","I MacPhee","B Bauman"
"1415","J Zevin","H Shin"
"1416","J Zevin","B Bauman"
"1417","J Zevin","I MacPhee"
"1418","K Eberhard","W Shin"
"1419","M Smithson","Y Shou"
"1420","F Song","Y Shou"
"1421","S Huette","K Shubeck"
"1422","W Gray","C Sibert"
"1423","J Lindstedt","C Sibert"
"1424","J Lindstedt","W Gray"
"1425","M Tanner","Z Sim"
"1426","N Alpert","Z Sim"
"1427","N Alpert","M Tanner"
"1429","F Xu","M Tanner"
"1430","F Xu","N Alpert"
"1432","F Martin","H Simpson"
"1433","J Daltrozzo","S Singh"
"1434","C Conway","S Singh"
"1435","C Conway","J Daltrozzo"
"1436","S Johnson","L Slone"
"1437","A Smirnova","A Smirnova"
"1439","D Kirsh","D Smithwick"
"1440","F Andrea","C Sobh"
"1441","C Gonzalez","C Sobh"
"1442","C Gonzalez","F Andrea"
"1443","I McManus","C Sobh"
"1444","I McManus","F Andrea"
"1445","I McManus","C Gonzalez"
"1446","J Santiago","C Sobh"
"1447","J Santiago","F Andrea"
"1448","J Santiago","C Gonzalez"
"1449","J Santiago","I McManus"
"1450","L Wanner","J Soler-Company"
"1451","P Pittsburgh","K Soo"
"1452","B Rottman","K Soo"
"1453","B Rottman","P Pittsburgh"
"1454","J Kontinen","M Spychalska"
"1455","I Noveck","M Spychalska"
"1456","I Noveck","J Kontinen"
"1457","L Roesch","M Spychalska"
"1458","L Roesch","J Kontinen"
"1459","L Roesch","I Noveck"
"1460","M Werning","M Spychalska"
"1461","M Werning","J Kontinen"
"1462","M Werning","I Noveck"
"1463","M Werning","L Roesch"
"1464","E Vul","N Srivastava"
"1466","J Paul","M Stadtler"
"1467","S Globoschutz","M Stadtler"
"1468","S Globoschutz","J Paul"
"1469","R Bromme","M Stadtler"
"1470","R Bromme","J Paul"
"1471","R Bromme","S Globoschutz"
"1472","L Tomova","I Stepniczka"
"1473","D Niedermeier","I Stepniczka"
"1474","D Niedermeier","L Tomova"
"1475","M Peschl","I Stepniczka"
"1476","M Peschl","L Tomova"
"1477","M Peschl","D Niedermeier"
"1478","C Lamm","I Stepniczka"
"1479","C Lamm","L Tomova"
"1480","C Lamm","D Niedermeier"
"1481","C Lamm","M Peschl"
"1482","P Analytis","H Stojic"
"1483","M Speekenbrink","H Stojic"
"1484","M Speekenbrink","P Analytis"
"1485","E Deangelis","E Sumner"
"1486","M Hyatt","E Sumner"
"1487","M Hyatt","E Deangelis"
"1488","N Goodman","E Sumner"
"1489","N Goodman","E Deangelis"
"1490","N Goodman","M Hyatt"
"1491","C Kidd","E Sumner"
"1492","C Kidd","E Deangelis"
"1493","C Kidd","M Hyatt"
"1494","C Kidd","N Goodman"
"1495","H Wang","Y Sun"
"1496","T Toyota","M Suzuki"
"1497","Y Sun","M Suzuki"
"1498","Y Sun","T Toyota"
"1499","R Revlin","A Swan"
"1500","B Friedman","M Swart"
"1501","S Kornkasem","M Swart"
"1502","S Kornkasem","B Friedman"
"1503","J Black","M Swart"
"1504","J Black","B Friedman"
"1505","J Black","S Kornkasem"
"1506","J Vitale","M Swart"
"1507","J Vitale","B Friedman"
"1508","J Vitale","S Kornkasem"
"1509","J Vitale","J Black"
"1510","C Kello","J Szary"
"1511","R Dale","J Szary"
"1512","R Dale","C Kello"
"1513","A Kawase","K Takagi"
"1514","S Yokochi","K Takagi"
"1515","S Yokochi","A Kawase"
"1516","T Okada","K Takagi"
"1517","T Okada","A Kawase"
"1518","T Okada","S Yokochi"
"1519","G Trafton","F Tamborello"
"1520","E Altmann","F Tamborello"
"1521","E Altmann","G Trafton"
"1522","Y Sakamoto","Y Tanaka"
"1523","N Sonehara","Y Tanaka"
"1524","N Sonehara","Y Sakamoto"
"1525","S Krasne","K Thai"
"1526","P Kellman","K Thai"
"1527","P Kellman","S Krasne"
"1528","S Mueller","K Thanasuan"
"1529","A Winneg","P Thibodeau"
"1530","C Frantz","P Thibodeau"
"1531","C Frantz","A Winneg"
"1533","S Flusberg","A Winneg"
"1534","S Flusberg","C Frantz"
"1535","K Gehring","P Thibodeau"
"1536","P Iyiewaure","P Thibodeau"
"1537","L Boroditsky","P Thibodeau"
"1538","L Boroditsky","P Iyiewaure"
"1539","M Riley","B Thomas"
"1540","R Thomson","R Thomson"
"1541","A Nie","R Thorstad"
"1542","P Wolff","R Thorstad"
"1543","P Wolff","A Nie"
"1544","N Tulagan","K Tillman"
"1545","D Barner","K Tillman"
"1546","D Barner","N Tulagan"
"1550","J Tree","J Tolins"
"1551","E Davelaar","S Topf"
"1552","F Delogu","E Tourtouri"
"1553","M Crocker","E Tourtouri"
"1554","M Crocker","F Delogu"
"1555","A Borovsky","M Troyer"
"1556","J Tenenbaum","P Tsividis"
"1557","L Schulz","P Tsividis"
"1559","M Gobel","M Tufft"
"1560","D Richardson","M Tufft"
"1561","D Richardson","M Gobel"
"1568","M Upal","M Upal"
"1569","S Steffensen","F Vallee-Tourangeau"
"1570","G Vallee-Tourangeau","F Vallee-Tourangeau"
"1571","G Vallee-Tourangeau","S Steffensen"
"1572","A Makri","F Vallee-Tourangeau"
"1573","A Makri","S Steffensen"
"1574","A Makri","G Vallee-Tourangeau"
"1575","S Verheyen","H Vankrunkelsven"
"1576","S Deyne","H Vankrunkelsven"
"1578","G Storms","H Vankrunkelsven"
"1579","G Storms","S Verheyen"
"1580","G Storms","S Deyne"
"1581","D Wilkenfeld","N Vasilyeva"
"1582","T Lombrozo","N Vasilyeva"
"1583","T Lombrozo","D Wilkenfeld"
"1585","S Roberts","T Verhoef"
"1586","M Dingemanse","T Verhoef"
"1587","M Dingemanse","S Roberts"
"1588","A Vernazzani","A Vernazzani"
"1589","J Jordan","D Vinson"
"1590","A Hund","D Vinson"
"1591","A Hund","J Jordan"
"1592","P Hendriks","M Vogelzang"
"1593","H Rijn","M Vogelzang"
"1594","H Rijn","P Hendriks"
"1595","U Hahn","I Volzhanin"
"1596","M Jonsson","I Volzhanin"
"1597","M Jonsson","U Hahn"
"1598","E Olsson","I Volzhanin"
"1600","E Olsson","M Jonsson"
"1601","M Sydow","M Sydow"
"1603","D Richardson","J Zimmermann"
"1604","D Pnevmatikos","S Vosniadou"
"1605","N Makris","S Vosniadou"
"1606","N Makris","D Pnevmatikos"
"1607","K Eikospentaki","S Vosniadou"
"1608","K Eikospentaki","D Pnevmatikos"
"1609","K Eikospentaki","N Makris"
"1610","D Lepenioti","S Vosniadou"
"1611","D Lepenioti","D Pnevmatikos"
"1612","D Lepenioti","N Makris"
"1613","D Lepenioti","K Eikospentaki"
"1614","A Chountala","S Vosniadou"
"1615","A Chountala","D Pnevmatikos"
"1616","A Chountala","N Makris"
"1617","A Chountala","K Eikospentaki"
"1618","A Chountala","D Lepenioti"
"1619","G Kyrianakis","S Vosniadou"
"1620","G Kyrianakis","D Pnevmatikos"
"1621","G Kyrianakis","N Makris"
"1622","G Kyrianakis","K Eikospentaki"
"1623","G Kyrianakis","D Lepenioti"
"1624","G Kyrianakis","A Chountala"
"1625","C Kidd","S Wade"
"1626","K Kimura","K Wagner"
"1627","P Cheung","K Wagner"
"1628","P Cheung","K Kimura"
"1629","D Barner","K Wagner"
"1630","D Barner","K Kimura"
"1631","D Barner","P Cheung"
"1632","K Smith","D Walker"
"1633","E Vul","D Walker"
"1635","A Lim","M Walker"
"1636","S Sinnett","M Walker"
"1637","S Sinnett","A Lim"
"1638","S Bridgers","C Walker"
"1639","A Gopnik","C Walker"
"1640","A Gopnik","S Bridgers"
"1641","W Merriman","J Wall"
"1642","C Thompson","J Wall"
"1643","B Morris","J Wall"
"1644","B Morris","C Thompson"
"1645","A Warlaumont","E Walle"
"1646","B O'Brien","S Wallot"
"1647","C Coey","S Wallot"
"1648","C Coey","B O'Brien"
"1649","D Kelty-Stephen","S Wallot"
"1650","D Kelty-Stephen","B O'Brien"
"1651","D Kelty-Stephen","C Coey"
"1652","M Collins","M Walsh"
"1653","K Gluck","M Walsh"
"1654","K Gluck","M Collins"
"1655","M Richardson","A Walton"
"1656","P Langland-Hassan","A Walton"
"1657","P Langland-Hassan","M Richardson"
"1658","A Chemero","A Walton"
"1660","A Chemero","P Langland-Hassan"
"1661","A Washburn","A Walton"
"1662","A Washburn","M Richardson"
"1663","A Washburn","P Langland-Hassan"
"1664","A Washburn","A Chemero"
"1665","G Cottrell","P Wang"
"1666","C Kanan","P Wang"
"1667","C Kanan","G Cottrell"
"1668","M Menon","F Wang"
"1669","E Kaiser","F Wang"
"1670","E Kaiser","M Menon"
"1671","T Mintz","F Wang"
"1672","R Kallen","A Washburn"
"1673","C Coey","A Washburn"
"1674","C Coey","R Kallen"
"1675","K Shockley","A Washburn"
"1676","K Shockley","R Kallen"
"1677","K Shockley","C Coey"
"1680","M Richardson","C Coey"
"1682","E Markman","K Weisman"
"1683","C Dweck","K Weisman"
"1684","C Dweck","E Markman"
"1688","H Ritter","E Weitnauer"
"1689","H Ritter","D Landy"
"1690","H Ritter","R Goldstone"
"1691","S Begg","M Welsh"
"1692","S Yeung","A Whalen"
"1693","K Meyer","A Wiegmann"
"1694","R Patel","E Wiese"
"1695","J Olsen","E Wiese"
"1696","J Olsen","R Patel"
"1697","K Koedinger","E Wiese"
"1698","K Koedinger","R Patel"
"1699","K Koedinger","J Olsen"
"1700","A Markman","D Willard"
"1701","M Scheutz","T Williams"
"1702","B Chinh","Y Wu"
"1703","S Coulson","Y Wu"
"1704","S Coulson","B Chinh"
"1705","J Gros-Louis","Z Wu"
"1706","P Muentener","Y Wu"
"1707","L Schulz","Y Wu"
"1708","L Schulz","P Muentener"
"1709","T Yamauchi","K Xiao"
"1710","C Bowman","K Xiao"
"1711","C Bowman","T Yamauchi"
"1712","E Myers","X Xie"
"1713","C Kemp","Y Xu"
"1714","T Regier","Y Xu"
"1715","B Malt","Y Xu"
"1716","B Malt","T Regier"
"1718","N Newcombe","Y Xu"
"1719","N Newcombe","T Regier"
"1720","H Seo","T Yamauchi"
"1721","Y Choe","T Yamauchi"
"1722","Y Choe","H Seo"
"1724","C Bowman","H Seo"
"1725","C Bowman","Y Choe"
"1727","K Xiao","H Seo"
"1728","K Xiao","Y Choe"
"1730","T Lee","L Yang"
"1739","T Kulkarni","I Yildirim"
"1740","W Freiwald","I Yildirim"
"1741","W Freiwald","T Kulkarni"
"1743","J Tenenbaum","T Kulkarni"
"1744","J Tenenbaum","W Freiwald"
"1745","Y Wu","E Yoon"
"1746","M Frank","E Yoon"
"1747","M Frank","Y Wu"
"1748","L Smith","C Yu"
"1749","T Kushnir","Y Yu"
"1750","K Wagner","D Yurovsky"
"1751","D Barner","D Yurovsky"
"1754","M Frank","K Wagner"
"1755","M Frank","D Barner"
"1756","N Zautra","N Zautra"
"1757","J Anderson","Q Zhang"
"1758","R Kass","Q Zhang"
"1759","R Kass","J Anderson"
"1760","D Yurovsky","Y Zhang"
"1761","C Yu","Y Zhang"
"1762","C Yu","D Yurovsky"
"1763","H Zhou","Y Zhang"
"1764","M Luan","Y Zhang"
"1765","M Luan","H Zhou"
"1766","H Li","Y Zhang"
"1767","H Li","H Zhou"
"1768","H Li","M Luan"
"1769","M Song","S Zhang"
"1770","A Yu","S Zhang"
"1771","A Yu","M Song"
"1772","C Cusimano","X Zhao"
"1773","B Malle","X Zhao"
"1774","B Malle","C Cusimano"
"1775","T Price","G Zhou"
"1776","C Lynch","G Zhou"
"1777","C Lynch","T Price"
"1778","T Barnes","G Zhou"
"1779","T Barnes","T Price"
"1780","T Barnes","C Lynch"
"1781","M Chi","G Zhou"
"1782","M Chi","T Price"
"1783","M Chi","C Lynch"
"1784","M Chi","T Barnes"
"1785","C John","H Zhou"
"1786","A Anderson","B Zinszer"
"1787","O Kang","B Zinszer"
"1788","O Kang","A Anderson"
"1789","T Wheatley","B Zinszer"
"1790","T Wheatley","A Anderson"
"1791","T Wheatley","O Kang"
"1792","R Raizada","B Zinszer"
"1793","R Raizada","A Anderson"
"1794","R Raizada","O Kang"
"1795","R Raizada","T Wheatley"
"1796","L Gabora","L Gabora"
"1797","L Magnani","L Magnani"
"1798","I Rooij","I Rooij"
"1799","A Warlaumont","D Abney"
"1800","D Oller","D Abney"
"1801","D Oller","A Warlaumont"
"1802","S Wallot","D Abney"
"1803","S Wallot","A Warlaumont"
"1804","S Wallot","D Oller"
"1805","C Kello","D Abney"
"1807","C Kello","D Oller"
"1808","C Kello","S Wallot"
"1809","C Galeucia","D Adams"
"1810","J Kolesari","D Adams"
"1811","J Kolesari","C Galeucia"
"1812","L Carlson","D Adams"
"1813","L Carlson","C Galeucia"
"1814","L Carlson","J Kolesari"
"1815","K Coventry","D Adams"
"1816","K Coventry","C Galeucia"
"1817","K Coventry","J Kolesari"
"1818","K Coventry","L Carlson"
"1819","A Sanchez-Carmona","J Albert"
"1820","G Santaniello","J Albert"
"1821","G Santaniello","A Sanchez-Carmona"
"1822","S Lopez-Martin","J Albert"
"1823","S Lopez-Martin","A Sanchez-Carmona"
"1824","S Lopez-Martin","G Santaniello"
"1825","J Hinojosa","J Albert"
"1826","J Hinojosa","A Sanchez-Carmona"
"1827","J Hinojosa","G Santaniello"
"1828","J Hinojosa","S Lopez-Martin"
"1829","P Verschure","X Arsiwalla"
"1830","R Ashley","R Ashley"
"1831","C Sandhofer","N Atagi"
"1832","Y Xu","G Bacon"
"1833","T Regier","G Bacon"
"1835","T Ormerod","A Banks"
"1836","P Rusconi","A Banks"
"1837","P Rusconi","T Ormerod"
"1838","J MacGregor","A Banks"
"1839","J MacGregor","T Ormerod"
"1840","J MacGregor","P Rusconi"
"1841","M Hegarty","T Barrett"
"1842","G McKenzie","T Barrett"
"1843","G McKenzie","M Hegarty"
"1844","M Goodchild","T Barrett"
"1845","M Goodchild","M Hegarty"
"1846","M Goodchild","G McKenzie"
"1847","G Gauthier","L Beaudoin"
"1848","P Winne","L Beaudoin"
"1849","P Winne","G Gauthier"
"1850","M Butz","A Belardinelli"
"1851","T Matlock","T Bergmann"
"1852","W Maddox","N Blanco"
"1853","T Wareham","M Blokpoel"
"1854","J Ruiter","M Blokpoel"
"1855","J Ruiter","T Wareham"
"1856","P Haselager","M Blokpoel"
"1857","P Haselager","T Wareham"
"1858","P Haselager","J Ruiter"
"1859","I Toni","M Blokpoel"
"1860","I Toni","T Wareham"
"1861","I Toni","J Ruiter"
"1862","I Toni","P Haselager"
"1863","I Rooij","M Blokpoel"
"1864","I Rooij","T Wareham"
"1865","I Rooij","J Ruiter"
"1866","I Rooij","P Haselager"
"1867","I Rooij","I Toni"
"1868","M Hegarty","A Boone"
"1870","T Wills","J Booth"
"1871","T Wills","J Cromley"
"1872","W Stepnowski","J Booth"
"1873","W Stepnowski","J Cromley"
"1874","W Stepnowski","T Wills"
"1875","T Shipley","J Booth"
"1876","T Shipley","J Cromley"
"1877","T Shipley","T Wills"
"1878","T Shipley","W Stepnowski"
"1879","W Zahner","J Booth"
"1880","W Zahner","J Cromley"
"1881","W Zahner","T Wills"
"1882","W Zahner","W Stepnowski"
"1883","W Zahner","T Shipley"
"1884","J Rossi","J Booth"
"1885","J Rossi","J Cromley"
"1886","J Rossi","T Wills"
"1887","J Rossi","W Stepnowski"
"1888","J Rossi","T Shipley"
"1889","J Rossi","W Zahner"
"1890","K Holmes","J Brodsky"
"1891","P Kellman","C Bufford"
"1892","H Burte","H Burte"
"1893","R Pool","L Butler"
"1894","R Geirhos","M Butz"
"1895","J Kneissler","M Butz"
"1896","J Kneissler","R Geirhos"
"1897","D Worthy","K Byrne"
"1904","Y Xu","A Carstensen"
"1905","C Kemp","A Carstensen"
"1909","T Regier","C Kemp"
"1910","E Bonawitz","A Castro"
"1911","F Reali","L Chaparro-Moreno"
"1912","C Maldonado-Carreno","L Chaparro-Moreno"
"1913","C Maldonado-Carreno","F Reali"
"1914","W Lee","J Chen"
"1915","C Wang","S Chen"
"1916","J Hu","S Chen"
"1917","J Hu","C Wang"
"1918","C Jennings","Y Chernykhovskaya"
"1919","M Tabatabaeian","Y Chernykhovskaya"
"1920","M Tabatabaeian","C Jennings"
"1921","E Anderson","J Chin"
"1922","C Chin","J Chin"
"1923","C Chin","E Anderson"
"1924","W Fu","J Chin"
"1925","W Fu","E Anderson"
"1926","W Fu","C Chin"
"1927","C Yu","C Chu"
"1928","Y Chuang","C Chu"
"1929","Y Chuang","C Yu"
"1930","Y Tsai","C Chu"
"1931","Y Tsai","C Yu"
"1932","Y Tsai","Y Chuang"
"1933","J Hu","C Chu"
"1934","J Hu","C Yu"
"1935","J Hu","Y Chuang"
"1936","J Hu","Y Tsai"
"1937","M Maher","T Clausner"
"1938","B Gonzales","T Clausner"
"1939","B Gonzales","M Maher"
"1940","T Bergmann","C Coe"
"1941","T Matlock","C Coe"
"1945","D Lagnado","S Desai"
"1946","N Davidenko","J Day"
"1947","B Rogoff","A Dayton"
"1948","B Rottman","C Derringer"
"1949","L Beaudoin","N Digdon"
"1950","S Dolscheid","S Dolscheid"
"1951","A Kristoff","K Duchi"
"1952","S Fissel","K Duchi"
"1953","S Fissel","A Kristoff"
"1954","J Roche","K Duchi"
"1955","J Roche","A Kristoff"
"1956","J Roche","S Fissel"
"1957","E Risko","T Dunn"
"1958","Z Li","F Durgin"
"1959","B Klein","F Durgin"
"1960","B Klein","Z Li"
"1961","R Shiffrin","M Dye"
"1962","A Zonoz","H Moradi"
"1964","F Vallee-Tourangeau","J Faure-Bloom"
"1966","K Cho","L Feldman"
"1967","C Aragon","L Feldman"
"1968","C Aragon","K Cho"
"1969","J Kroll","L Feldman"
"1970","J Kroll","K Cho"
"1971","J Kroll","C Aragon"
"1972","M Buckmann","M Fific"
"1973","P Ganea","A Fitch"
"1974","P Harris","A Fitch"
"1975","P Harris","P Ganea"
"1976","Z Kaldy","A Fitch"
"1977","Z Kaldy","P Ganea"
"1978","Z Kaldy","P Harris"
"1979","J Ford","J Ford"
"1980","D Barkoczi","M Galesic"
"1981","K Katsikopoulos","M Galesic"
"1982","K Katsikopoulos","D Barkoczi"
"1983","J Stigler","E Geller"
"1984","J Stefanucci","D Gill"
"1985","S Creem-Regehr","D Gill"
"1986","S Creem-Regehr","J Stefanucci"
"1987","E Barhorst","D Gill"
"1988","E Barhorst","J Stefanucci"
"1989","E Barhorst","S Creem-Regehr"
"1990","B French","Y Glady"
"1991","J Thibaut","Y Glady"
"1992","J Thibaut","B French"
"1993","M Ellefson","K Goedert"
"1994","V Kerns","K Goedert"
"1995","V Kerns","M Ellefson"
"1996","T Seymour","S Goodman"
"1997","B Anderson","S Goodman"
"1998","B Anderson","T Seymour"
"1999","M Spivey","C Gordon"
"2000","K Reimer","M Graves"
"2001","A Beckum","M Graves"
"2002","A Beckum","K Reimer"
"2003","S Smith","M Graves"
"2004","S Smith","K Reimer"
"2005","S Smith","A Beckum"
"2006","R Nair","M Graves"
"2007","R Nair","K Reimer"
"2008","R Nair","A Beckum"
"2009","R Nair","S Smith"
"2010","M Spezio","M Graves"
"2011","M Spezio","K Reimer"
"2012","M Spezio","A Beckum"
"2013","M Spezio","S Smith"
"2014","M Spezio","R Nair"
"2015","W Brown","M Graves"
"2016","W Brown","K Reimer"
"2017","W Brown","A Beckum"
"2018","W Brown","S Smith"
"2019","W Brown","R Nair"
"2020","W Brown","M Spezio"
"2021","S Quartz","M Graves"
"2022","S Quartz","K Reimer"
"2023","S Quartz","A Beckum"
"2024","S Quartz","S Smith"
"2025","S Quartz","R Nair"
"2026","S Quartz","M Spezio"
"2027","S Quartz","W Brown"
"2028","E Bonawitz","S Gualtieri"
"2029","S Denison","S Gualtieri"
"2030","S Denison","E Bonawitz"
"2031","R Hasegawa","E Etsuko"
"2032","W Kayano","E Etsuko"
"2033","W Kayano","R Hasegawa"
"2034","H Osawa","E Etsuko"
"2035","H Osawa","R Hasegawa"
"2036","H Osawa","W Kayano"
"2037","K Han","S Her"
"2038","M Hegarty","N Heydari"
"2039","M Tarampi","N Heydari"
"2040","M Tarampi","M Hegarty"
"2041","M Casillas","E Hilbrink"
"2042","I Lammertink","E Hilbrink"
"2043","I Lammertink","M Casillas"
"2044","S Levinson","E Hilbrink"
"2046","S Levinson","I Lammertink"
"2047","S Kiyokawa","M Horie"
"2048","A Cimpian","Z Horne"
"2049","Y Tsai","Y Hsiao"
"2050","H Chen","Y Hsiao"
"2051","H Chen","Y Tsai"
"2052","J Hu","Y Hsiao"
"2054","J Hu","H Chen"
"2058","Y Lin","J Hu"
"2059","Y Lin","Y Tsai"
"2060","Y Lin","Y Hsiao"
"2061","L Shen","J Hu"
"2062","L Shen","Y Tsai"
"2063","L Shen","Y Hsiao"
"2064","L Shen","Y Lin"
"2065","L Tsao","J Hu"
"2066","L Tsao","Y Tsai"
"2067","L Tsao","Y Hsiao"
"2068","L Tsao","Y Lin"
"2069","L Tsao","L Shen"
"2070","Y Chan","J Hu"
"2071","Y Chan","Y Tsai"
"2072","Y Chan","Y Hsiao"
"2073","Y Chan","Y Lin"
"2074","Y Chan","L Shen"
"2075","Y Chan","L Tsao"
"2079","H Chen","Y Lin"
"2080","H Chen","L Shen"
"2081","H Chen","L Tsao"
"2082","H Chen","Y Chan"
"2083","A Boone","I Ruginski"
"2084","L Padilla","I Ruginski"
"2085","L Padilla","A Boone"
"2086","M Hegarty","I Ruginski"
"2088","M Hegarty","L Padilla"
"2089","W Thompson","I Ruginski"
"2090","W Thompson","A Boone"
"2091","W Thompson","L Padilla"
"2092","W Thompson","M Hegarty"
"2093","D House","I Ruginski"
"2094","D House","A Boone"
"2095","D House","L Padilla"
"2096","D House","M Hegarty"
"2097","D House","W Thompson"
"2098","S Creem-Regehr","I Ruginski"
"2099","S Creem-Regehr","A Boone"
"2100","S Creem-Regehr","L Padilla"
"2101","S Creem-Regehr","M Hegarty"
"2102","S Creem-Regehr","W Thompson"
"2103","S Creem-Regehr","D House"
"2104","C Krumhansl","E Isbilen"
"2105","T Okada","C Ishiguro"
"2106","I Ilina","K Istomin"
"2107","O Uliashev","K Istomin"
"2108","O Uliashev","I Ilina"
"2109","D Gentner","A Jamrozik"
"2110","L Kaastra","L Kaastra"
"2111","M Rhodes","G Kachergis"
"2112","T Gureckis","G Kachergis"
"2113","T Gureckis","M Rhodes"
"2114","O Kilic","O Kilic"
"2115","P Wang","O Kilic"
"2116","R Dotsch","A Klapper"
"2117","I Rooij","A Klapper"
"2118","I Rooij","R Dotsch"
"2119","D Wigboldus","A Klapper"
"2120","D Wigboldus","R Dotsch"
"2121","D Wigboldus","I Rooij"
"2122","A Yuille","C Komers"
"2123","N Blanco","S Koslov"
"2124","B Chandrasekaran","S Koslov"
"2125","B Chandrasekaran","N Blanco"
"2126","T Maddox","S Koslov"
"2127","T Maddox","N Blanco"
"2128","T Maddox","B Chandrasekaran"
"2129","K Kotani","S Kozai"
"2130","M Sipraseuth","S Kozai"
"2131","M Sipraseuth","K Kotani"
"2132","J Sienkewicz","A Kranjec"
"2133","C Robinson","A Kranjec"
"2134","C Robinson","J Sienkewicz"
"2135","A Buchheit","A Kranjec"
"2136","A Buchheit","J Sienkewicz"
"2137","A Buchheit","C Robinson"
"2138","D Noelle","A Kyrilov"
"2139","B Roberge-Valliere","D Lafond"
"2140","M Saint-Louis","D Lafond"
"2141","M Saint-Louis","B Roberge-Valliere"
"2142","S Tremblay","D Lafond"
"2143","S Tremblay","B Roberge-Valliere"
"2144","S Tremblay","M Saint-Louis"
"2145","D Fienup","M Lamnina"
"2146","J Peterson","T Langlois"
"2147","S Palmer","T Langlois"
"2148","S Palmer","J Peterson"
"2149","J Collins","A Larson"
"2150","N Davidenko","A Larson"
"2151","N Davidenko","J Collins"
"2152","W Goh","M Lau"
"2153","M Yap","M Lau"
"2155","M Michael","D David"
"2156","T Mintz","C Lin"
"2157","J Marewski","D Link"
"2158","C Zimmerman","E Lobato"
"2159","M Fleming","M Obeso"
"2161","S Hoyos","S Lopez-Martin"
"2162","S Hoyos","J Albert"
"2165","A Sanchez-Carmona","S Hoyos"
"2166","L Carretie","S Lopez-Martin"
"2167","L Carretie","J Albert"
"2168","L Carretie","S Hoyos"
"2169","L Carretie","A Sanchez-Carmona"
"2170","S Franconeri","A Lovett"
"2171","J Black","C Lu"
"2172","K Holstein","C Lucas"
"2173","M Pacer","C Lucas"
"2174","M Pacer","K Holstein"
"2178","M Sato","Y Luo"
"2179","Y Wang","Y Luo"
"2180","Y Wang","M Sato"
"2181","S Ito","Y Luo"
"2182","S Ito","M Sato"
"2183","S Ito","Y Wang"
"2184","H Sakai","Y Luo"
"2185","H Sakai","M Sato"
"2186","H Sakai","Y Wang"
"2187","H Sakai","S Ito"
"2188","H Nakamura","Y Majima"
"2189","L Mudrik","U Maoz"
"2190","R Rivlin","U Maoz"
"2191","R Rivlin","L Mudrik"
"2192","G Yaffe","U Maoz"
"2193","G Yaffe","L Mudrik"
"2194","G Yaffe","R Rivlin"
"2195","R Adolphs","U Maoz"
"2196","R Adolphs","L Mudrik"
"2197","R Adolphs","R Rivlin"
"2198","R Adolphs","G Yaffe"
"2199","C Koch","U Maoz"
"2200","C Koch","L Mudrik"
"2201","C Koch","R Rivlin"
"2202","C Koch","G Yaffe"
"2203","C Koch","R Adolphs"
"2204","R Catrambone","L Margulieux"
"2205","K Weingartner","A Masnick"
"2206","M Cohen","A Masnick"
"2207","M Cohen","K Weingartner"
"2208","D Massaro","D Massaro"
"2209","K Miwa","M Matsumuro"
"2210","H Terai","M Matsumuro"
"2212","M Kurita","M Matsumuro"
"2213","M Kurita","K Miwa"
"2214","M Kurita","H Terai"
"2215","G Mills","G Mills"
"2216","T Noguchi","J Misyak"
"2217","N Chater","J Misyak"
"2218","N Chater","T Noguchi"
"2219","E Harada","K Miyashiro"
"2220","M Jones","J Montag"
"2221","L Smith","J Montag"
"2222","L Smith","M Jones"
"2223","T Hirayama","J Morita"
"2224","K Mase","J Morita"
"2225","K Mase","T Hirayama"
"2226","K Yamada","J Morita"
"2227","K Yamada","T Hirayama"
"2228","K Yamada","K Mase"
"2229","N Faivre","L Mudrik"
"2230","S Kouider","L Mudrik"
"2231","S Kouider","N Faivre"
"2233","C Koch","N Faivre"
"2234","C Koch","S Kouider"
"2235","E Grant","A Nematzadeh"
"2236","S Stevenson","A Nematzadeh"
"2237","S Stevenson","E Grant"
"2238","P Newall","P Newall"
"2239","V Sloustky","A O'Leary"
"2240","A Matsumoto","Y Ohmoto"
"2241","T Nishida","Y Ohmoto"
"2242","T Nishida","A Matsumoto"
"2243","K Ohtsu","K Ohtsu"
"2244","M Hattori","R Orita"
"2245","K Otsuka","K Otsuka"
"2246","M Sweers","M Otworowska"
"2247","R Wellner","M Otworowska"
"2248","R Wellner","M Sweers"
"2249","T Wareham","M Otworowska"
"2250","T Wareham","M Sweers"
"2251","T Wareham","R Wellner"
"2252","I Rooij","M Otworowska"
"2253","I Rooij","M Sweers"
"2254","I Rooij","R Wellner"
"2256","I Bostan","D Ozer"
"2257","A Chatterjee","D Ozer"
"2258","A Chatterjee","I Bostan"
"2259","T Goksun","D Ozer"
"2260","T Goksun","I Bostan"
"2261","T Goksun","A Chatterjee"
"2263","J Stefanucci","L Padilla"
"2265","E Cashdan","L Padilla"
"2266","E Cashdan","S Creem-Regehr"
"2267","E Cashdan","J Stefanucci"
"2269","R Waring","M Penner-Wilger"
"2271","A Newton","R Waring"
"2272","C White","M Penner-Wilger"
"2273","C White","R Waring"
"2274","C White","A Newton"
"2276","J Lai","F Poletiek"
"2277","D Plaut","R Powers"
"2278","S Prasada","S Prasada"
"2279","A Warlaumont","G Pretzer"
"2280","E Walle","G Pretzer"
"2282","M St-Louis","S Pronovost"
"2283","D Lafond","S Pronovost"
"2284","D Lafond","M St-Louis"
"2285","J Gagnon","S Pronovost"
"2286","J Gagnon","M St-Louis"
"2287","J Gagnon","D Lafond"
"2288","S Tremblay","S Pronovost"
"2289","S Tremblay","M St-Louis"
"2291","S Tremblay","J Gagnon"
"2293","N Ramlakhan","N Ramlakhan"
"2294","S Ohlsson","J Ramsburg"
"2295","M Dye","M Ramscar"
"2296","P Milin","M Ramscar"
"2297","P Milin","M Dye"
"2298","R Futrell","M Ramscar"
"2299","R Futrell","M Dye"
"2300","R Futrell","P Milin"
"2301","W Voorspoels","K Ransom"
"2302","A Perfors","K Ransom"
"2303","A Perfors","W Voorspoels"
"2304","D Navarro","K Ransom"
"2305","D Navarro","W Voorspoels"
"2307","D Noelle","J Rodny"
"2308","G Namgyal","M Romano"
"2309","T Samphel","M Romano"
"2310","T Samphel","G Namgyal"
"2311","C Worthman","M Romano"
"2312","C Worthman","G Namgyal"
"2313","C Worthman","T Samphel"
"2314","A Warlaumont","J Ross"
"2315","L Rigoli","J Ross"
"2316","L Rigoli","A Warlaumont"
"2317","R Balasubramaniam","J Ross"
"2318","R Balasubramaniam","A Warlaumont"
"2319","R Balasubramaniam","L Rigoli"
"2320","B Lake","A Rothe"
"2321","T Gureckis","A Rothe"
"2323","H Eum","J Ryu"
"2324","K Lee","J Ryu"
"2325","K Lee","H Eum"
"2326","G Tamas","C Sabrina"
"2327","J Richard","C Sabrina"
"2328","J Richard","G Tamas"
"2329","C Leana","C Sabrina"
"2330","C Leana","G Tamas"
"2331","C Leana","J Richard"
"2332","T Sparer","C Salas"
"2333","S Velez","C Salas"
"2334","S Velez","T Sparer"
"2335","T Griffin","C Salas"
"2336","T Griffin","T Sparer"
"2337","T Griffin","S Velez"
"2338","T Noguchi","A Sanborn"
"2339","J Tripp","A Sanborn"
"2340","J Tripp","T Noguchi"
"2341","N Stewart","A Sanborn"
"2342","N Stewart","T Noguchi"
"2343","N Stewart","J Tripp"
"2344","J Bai","D Schloesser"
"2346","J Jordan","J Bai"
"2347","N Atagi","C Schonberg"
"2348","C Sandhofer","C Schonberg"
"2350","T Spehar-Fahey","A Sell"
"2351","M Gagliardo","A Sell"
"2352","M Gagliardo","T Spehar-Fahey"
"2353","H Shimada","H Shimada"
"2354","J Saulter","C Sifonis"
"2355","W Fuss","C Sifonis"
"2356","W Fuss","J Saulter"
"2357","D Reece","F Smith"
"2358","P Monaghan","F Smith"
"2359","P Monaghan","D Reece"
"2360","M Christiansen","F Smith"
"2361","M Christiansen","D Reece"
"2362","M Christiansen","P Monaghan"
"2363","T Farmer","F Smith"
"2364","T Farmer","D Reece"
"2365","T Farmer","P Monaghan"
"2366","T Farmer","M Christiansen"
"2367","B Fisher","E Soutar-Rau"
"2368","J Ramsburg","T Sparer"
"2370","C Salas","J Ramsburg"
"2371","S Ohlsson","T Sparer"
"2373","S Ohlsson","C Salas"
"2374","J Spohrer","J Spohrer"
"2375","N Srivastava","N Srivastava"
"2376","D Noelle","W Clair"
"2377","E Pederson","M Stave"
"2378","M Hegarty","A Stull"
"2379","S Pilkington","M Tabatabaeian"
"2380","R Dale","M Tabatabaeian"
"2381","R Dale","S Pilkington"
"2382","T Taira","T Taira"
"2383","B Khanukayev","M Tarampi"
"2384","R Schaefer","M Tarampi"
"2385","R Schaefer","B Khanukayev"
"2386","J Farnsworth","M Taub"
"2388","R Azevedo","J Farnsworth"
"2392","E Kalafus-Mastenbrook","P Thibodeau"
"2393","M Berretta","P Thibodeau"
"2394","M Berretta","E Kalafus-Mastenbrook"
"2395","A Tuzhilin","P Thibodeau"
"2396","A Tuzhilin","E Kalafus-Mastenbrook"
"2397","A Tuzhilin","M Berretta"
"2398","N Agrawal","P Thibodeau"
"2399","N Agrawal","E Kalafus-Mastenbrook"
"2400","N Agrawal","M Berretta"
"2401","N Agrawal","A Tuzhilin"
"2410","Y Hsiao","C Yu"
"2411","S Cho","Y Tsai"
"2412","S Cho","C Yu"
"2413","S Cho","Y Hsiao"
"2415","H Chen","C Yu"
"2417","H Chen","S Cho"
"2421","J Hu","S Cho"
"2423","P Tupper","P Tupper"
"2424","A Fisher","L Unger"
"2426","E Pederson","P Vajrabhaya"
"2427","R Dale","D Vinson"
"2428","S Vosniadou","M Vlacholia"
"2429","K Salta","M Vlacholia"
"2430","K Salta","S Vosniadou"
"2431","P Roussos","M Vlacholia"
"2432","P Roussos","S Vosniadou"
"2433","P Roussos","K Salta"
"2434","S Kazi","M Vlacholia"
"2435","S Kazi","S Vosniadou"
"2436","S Kazi","K Salta"
"2437","S Kazi","P Roussos"
"2438","M Sigalas","M Vlacholia"
"2439","M Sigalas","S Vosniadou"
"2440","M Sigalas","K Salta"
"2441","M Sigalas","P Roussos"
"2442","M Sigalas","S Kazi"
"2443","C Tsougraki","M Vlacholia"
"2444","C Tsougraki","S Vosniadou"
"2445","C Tsougraki","K Salta"
"2446","C Tsougraki","P Roussos"
"2447","C Tsougraki","S Kazi"
"2448","C Tsougraki","M Sigalas"
"2456","M Richardson","S Wallot"
"2458","S Fu","H Wang"
"2461","Y Tsai","C Wang"
"2462","Y Tsai","S Chen"
"2463","Y Hsiao","C Wang"
"2464","Y Hsiao","S Chen"
"2471","S Bridgers","A Wente"
"2472","X Zhao","A Wente"
"2473","X Zhao","S Bridgers"
"2474","Y Cui","A Wente"
"2475","Y Cui","S Bridgers"
"2476","Y Cui","X Zhao"
"2477","E Seiver","A Wente"
"2478","E Seiver","S Bridgers"
"2479","E Seiver","X Zhao"
"2480","E Seiver","Y Cui"
"2481","L Zhanxing","A Wente"
"2482","L Zhanxing","S Bridgers"
"2483","L Zhanxing","X Zhao"
"2484","L Zhanxing","Y Cui"
"2485","L Zhanxing","E Seiver"
"2486","L Zhu","A Wente"
"2487","L Zhu","S Bridgers"
"2488","L Zhu","X Zhao"
"2489","L Zhu","Y Cui"
"2490","L Zhu","E Seiver"
"2491","L Zhu","L Zhanxing"
"2492","A Gopnik","A Wente"
"2494","A Gopnik","X Zhao"
"2495","A Gopnik","Y Cui"
"2496","A Gopnik","E Seiver"
"2497","A Gopnik","L Zhanxing"
"2498","A Gopnik","L Zhu"
"2501","E Cosentino","J Kontinen"
"2502","G Finotti","V Weser"
"2503","D Proffitt","V Weser"
"2504","D Proffitt","G Finotti"
"2505","D Besner","D White"
"2507","G Broad","C White"
"2508","G Broad","M Penner-Wilger"
"2509","L Selen","T Winner"
"2510","L Verhagen","T Winner"
"2511","L Verhagen","L Selen"
"2512","P Medendorp","T Winner"
"2513","P Medendorp","L Selen"
"2514","P Medendorp","L Verhagen"
"2515","I Toni","T Winner"
"2516","I Toni","L Selen"
"2517","I Toni","L Verhagen"
"2518","I Toni","P Medendorp"
"2519","I Rooij","T Winner"
"2520","I Rooij","L Selen"
"2521","I Rooij","L Verhagen"
"2522","I Rooij","P Medendorp"
"2524","M Perlman","B Winter"
"2525","T Matlock","B Winter"
"2526","T Matlock","M Perlman"
"2527","C Baker","Y Wu"
"2528","J Tenenbaum","Y Wu"
"2529","J Tenenbaum","C Baker"
"2531","L Schulz","C Baker"
"2533","S Ueda","R Yakushijin"
"2534","T Farmer","S Yan"
"2535","S Dennis","H Yim"
"2536","C Bartlett","H Yim"
"2537","C Bartlett","S Dennis"
"2538","V Sloutsky","H Yim"
"2539","V Sloutsky","S Dennis"
"2540","V Sloutsky","C Bartlett"
"2541","M Yip","M Yip"
"2542","M Wang","C Yu"
"2543","P Chen","C Yu"
"2544","P Chen","M Wang"
"2545","J Yap","C Yu"
"2546","J Yap","M Wang"
"2547","J Yap","P Chen"
"2548","J Chang","C Yu"
"2549","J Chang","M Wang"
"2550","J Chang","P Chen"
"2551","J Chang","J Yap"
"2553","Y Hsiao","M Wang"
"2554","Y Hsiao","P Chen"
"2555","Y Hsiao","J Yap"
"2556","Y Hsiao","J Chang"
"2558","J Hu","M Wang"
"2559","J Hu","P Chen"
"2560","J Hu","J Yap"
"2561","J Hu","J Chang"
"2563","S Hunnius","L Zaadnoordijk"
"2564","M Meyer","L Zaadnoordijk"
"2565","M Meyer","S Hunnius"
"2566","J Kwisthout","L Zaadnoordijk"
"2567","J Kwisthout","S Hunnius"
"2568","J Kwisthout","M Meyer"
"2569","I Rooij","L Zaadnoordijk"
"2570","I Rooij","S Hunnius"
"2571","I Rooij","M Meyer"
"2572","I Rooij","J Kwisthout"
"2573","K Holmes","H Zeigerson"
"2575","E Wojcik","M Zettersten"
"2576","V Benitez","M Zettersten"
"2577","V Benitez","E Wojcik"
"2578","J Saffran","M Zettersten"
"2579","J Saffran","E Wojcik"
"2580","J Saffran","V Benitez"
"2581","H Wang","J Zevin"
