"","from","to"
"1","S Pattyn","W Vanpaemel"
"2","G Storms","W Vanpaemel"
"3","G Storms","S Pattyn"
"4","R Garcia","E Francozo"
"5","V Rinaldi","E Francozo"
"6","V Rinaldi","R Garcia"
"7","C Nagaoka","M Komori"
"8","S Yoshikawa","M Komori"
"9","S Yoshikawa","C Nagaoka"
"10","D Vansteenwegen","K Dieussaert"
"11","A Assche","K Dieussaert"
"12","A Assche","D Vansteenwegen"
"13","T Griffiths","B Christian"
"14","M Kalish","B Christian"
"15","M Kalish","T Griffiths"
"16","K Kuhnberger","H Gust"
"17","C Wu","Y Liu"
"18","K Turley-Ames","T Ricks"
"19","J Wiley","T Ricks"
"20","J Wiley","K Turley-Ames"
"21","K Bieda","M Alibali"
"22","A Hostetter","M Alibali"
"23","A Hostetter","K Bieda"
"24","E Knuth","M Alibali"
"25","E Knuth","K Bieda"
"26","E Knuth","A Hostetter"
"27","M Nathan","M Alibali"
"28","M Nathan","K Bieda"
"29","M Nathan","A Hostetter"
"30","M Nathan","E Knuth"
"31","L Garcia-Marques","M Ferreira"
"32","M Garrido","M Ferreira"
"33","M Garrido","L Garcia-Marques"
"34","D Hamilton","M Ferreira"
"35","D Hamilton","L Garcia-Marques"
"36","D Hamilton","M Garrido"
"37","A Murugesan","N Cassimatis"
"38","T Susi","T Susi"
"39","C Palmer","C Palmer"
"40","A Kyburg","A Kyburg"
"41","T Inui","N Abdikeev"
"42","S Tarasenko","N Abdikeev"
"43","S Tarasenko","T Inui"
"44","L Garcia-Marques","R Costa"
"45","R Elio","R Elio"
"46","M Sydow","Y Hagmayer"
"47","W Sieck","A McHugh"
"48","J Smith","A McHugh"
"49","J Smith","W Sieck"
"50","S Simmons","Z Estes"
"51","R Kozma","D Harter"
"52","E Colunga","C Brojde"
"53","A Markman","J Laux"
"54","N Forrester","F Baughman"
"55","F Richardson","F Baughman"
"56","F Richardson","N Forrester"
"57","M Thomas","F Baughman"
"58","M Thomas","N Forrester"
"59","M Thomas","F Richardson"
"60","Y Kawasaki","K Adachi"
"61","K Manktelow","K Adachi"
"62","K Manktelow","Y Kawasaki"
"63","H Mercier","K Adachi"
"64","H Mercier","Y Kawasaki"
"65","H Mercier","K Manktelow"
"66","J Henst","K Adachi"
"67","J Henst","Y Kawasaki"
"68","J Henst","K Manktelow"
"69","J Henst","H Mercier"
"70","H Yama","K Adachi"
"71","H Yama","Y Kawasaki"
"72","H Yama","K Manktelow"
"73","H Yama","H Mercier"
"74","H Yama","J Henst"
"75","S Gahl","C Fisher"
"76","S Garnsey","C Fisher"
"77","S Garnsey","S Gahl"
"78","L Matzen","C Fisher"
"79","L Matzen","S Gahl"
"80","L Matzen","S Garnsey"
"81","D Lynott","L Connell"
"82","J Hallam","D Galbraith"
"83","M Torrance","D Galbraith"
"84","M Torrance","J Hallam"
"85","V Sloutsky","C Robinson"
"86","T Ghirardelli","D Cassenti"
"87","T Kelley","D Cassenti"
"88","T Kelley","T Ghirardelli"
"89","R Hadley","R Hadley"
"90","P McCarthy","C Bell"
"91","D McNamara","C Bell"
"92","D McNamara","P McCarthy"
"93","L Yi","G Feng"
"94","P Gupta","B Abbs"
"95","W Newstetter","N Nersessian"
"96","Y Sun","N Nersessian"
"97","Y Sun","W Newstetter"
"98","A D'Angiulli","A D'Angiulli"
"99","M Flecha-Garcia","M Flecha-Garcia"
"100","M Knauff","T Fangmeier"
"101","M Ragni","T Fangmeier"
"102","M Ragni","M Knauff"
"103","L Webber","T Fangmeier"
"104","L Webber","M Knauff"
"105","L Webber","M Ragni"
"106","G Lindgaard","L Ferres"
"107","M Rasouli","L Ferres"
"108","M Rasouli","G Lindgaard"
"109","A Parush","L Ferres"
"110","A Parush","G Lindgaard"
"111","A Parush","M Rasouli"
"112","B Stankiewicz","M MacMahon"
"113","M Lee","J Campbell"
"114","M Romano","M Romano"
"115","B Rehder","H Harris"
"116","J Saiki","S Hidaka"
"117","L Smith","S Hidaka"
"118","L Smith","J Saiki"
"119","K Sakamoto","M Nakagawa"
"120","L Rips","A Proctor"
"121","D Danks","D Danks"
"122","M Fleischman","P DeCamp"
"123","P Gorniak","P DeCamp"
"124","P Gorniak","M Fleischman"
"125","J Guinness","P DeCamp"
"126","J Guinness","M Fleischman"
"127","J Guinness","P Gorniak"
"128","R Kubat","P DeCamp"
"129","R Kubat","M Fleischman"
"130","R Kubat","P Gorniak"
"131","R Kubat","J Guinness"
"132","M Levit","P DeCamp"
"133","M Levit","M Fleischman"
"134","M Levit","P Gorniak"
"135","M Levit","J Guinness"
"136","M Levit","R Kubat"
"137","N Mavridis","P DeCamp"
"138","N Mavridis","M Fleischman"
"139","N Mavridis","P Gorniak"
"140","N Mavridis","J Guinness"
"141","N Mavridis","R Kubat"
"142","N Mavridis","M Levit"
"143","R Patel","P DeCamp"
"144","R Patel","M Fleischman"
"145","R Patel","P Gorniak"
"146","R Patel","J Guinness"
"147","R Patel","R Kubat"
"148","R Patel","M Levit"
"149","R Patel","N Mavridis"
"150","B Roy","P DeCamp"
"151","B Roy","M Fleischman"
"152","B Roy","P Gorniak"
"153","B Roy","J Guinness"
"154","B Roy","R Kubat"
"155","B Roy","M Levit"
"156","B Roy","N Mavridis"
"157","B Roy","R Patel"
"158","D Roy","P DeCamp"
"159","D Roy","M Fleischman"
"160","D Roy","P Gorniak"
"161","D Roy","J Guinness"
"162","D Roy","R Kubat"
"163","D Roy","M Levit"
"164","D Roy","N Mavridis"
"165","D Roy","R Patel"
"166","D Roy","B Roy"
"167","S Tellex","P DeCamp"
"168","S Tellex","M Fleischman"
"169","S Tellex","P Gorniak"
"170","S Tellex","J Guinness"
"171","S Tellex","R Kubat"
"172","S Tellex","M Levit"
"173","S Tellex","N Mavridis"
"174","S Tellex","R Patel"
"175","S Tellex","B Roy"
"176","S Tellex","D Roy"
"177","A Salata","P DeCamp"
"178","A Salata","M Fleischman"
"179","A Salata","P Gorniak"
"180","A Salata","J Guinness"
"181","A Salata","R Kubat"
"182","A Salata","M Levit"
"183","A Salata","N Mavridis"
"184","A Salata","R Patel"
"185","A Salata","B Roy"
"186","A Salata","D Roy"
"187","A Salata","S Tellex"
"188","M Thuring","U Drewitz"
"189","L Urbas","U Drewitz"
"190","L Urbas","M Thuring"
"191","I Farkas","M Crocker"
"192","N Claudio","J Chariker"
"193","R Fell","J Chariker"
"194","R Fell","N Claudio"
"195","J Pani","J Chariker"
"196","J Pani","N Claudio"
"197","J Pani","R Fell"
"198","S Baum","V Taler"
"199","D Saumier","V Taler"
"200","D Saumier","S Baum"
"201","K Robinson","K Robinson"
"202","A Hornof","T Halverson"
"203","B Scassellati","K Gold"
"204","G Recchia","B Hard"
"205","J Ritchie","J Ritchie"
"206","P Foltz","A Abdelali"
"207","M Martin","A Abdelali"
"208","M Martin","P Foltz"
"209","R Oberbreckling","A Abdelali"
"210","R Oberbreckling","P Foltz"
"211","R Oberbreckling","M Martin"
"212","M Rosenstein","A Abdelali"
"213","M Rosenstein","P Foltz"
"214","M Rosenstein","M Martin"
"215","M Rosenstein","R Oberbreckling"
"216","S Goldman","R Golden"
"217","J Choplin","V Bolender"
"218","P Jeuniaux","M Hoque"
"219","G Lewis","M Hoque"
"220","G Lewis","P Jeuniaux"
"221","M Louwerse","M Hoque"
"222","M Louwerse","P Jeuniaux"
"223","M Louwerse","G Lewis"
"224","J Wu","M Hoque"
"225","J Wu","P Jeuniaux"
"226","J Wu","G Lewis"
"227","J Wu","M Louwerse"
"228","A Bond","A Bond"
"229","J Kaminski","A Heckler"
"230","V Sloutsky","A Heckler"
"231","V Sloutsky","J Kaminski"
"232","C Rytting","C Rytting"
"233","J Ludtke","B Kaup"
"234","I Visser","T Blaazer"
"235","J Treur","J Treur"
"236","C Delbe","E Bigand"
"237","R French","E Bigand"
"238","R French","C Delbe"
"239","K Devitt","K Devitt"
"240","S Pieschl","R Bromme"
"241","E Stahl","R Bromme"
"242","E Stahl","S Pieschl"
"243","I Ash","I Ash"
"244","T Omori","K Kurosaki"
"245","D Hartnagel","A Bichot"
"246","C Roumes","A Bichot"
"247","C Roumes","D Hartnagel"
"248","A Meier","S Hauser"
"249","H Spada","S Hauser"
"250","H Spada","A Meier"
"251","N Rummel","S Hauser"
"252","N Rummel","A Meier"
"253","N Rummel","H Spada"
"254","O Hernandez","S Chin-Parker"
"255","M Matens","S Chin-Parker"
"256","M Matens","O Hernandez"
"257","Y Sakamoto","B Love"
"258","R Maguire","M Keane"
"259","S Kim","S Cho"
"260","Y Kim","S Cho"
"261","Y Kim","S Kim"
"262","J Lee","S Cho"
"263","J Lee","S Kim"
"264","J Lee","Y Kim"
"265","E Yoon","S Cho"
"266","E Yoon","S Kim"
"267","E Yoon","Y Kim"
"268","E Yoon","J Lee"
"269","G Guerra-Filho","Y Aloimonos"
"270","J Rambusch","J Rambusch"
"271","A Guha","A Guha"
"272","D Done","N Davey"
"273","A Thurman","N Davey"
"274","A Thurman","D Done"
"275","R Frank","N Davey"
"276","R Frank","D Done"
"277","R Frank","A Thurman"
"278","C Coble","P Bello"
"279","H Wang","P Bello"
"280","H Wang","C Coble"
"281","J Go","M Anderson"
"282","B Lee","M Anderson"
"283","B Lee","J Go"
"284","S Li","M Anderson"
"285","S Li","J Go"
"286","S Li","B Lee"
"287","B Sutandio","M Anderson"
"288","B Sutandio","J Go"
"289","B Sutandio","B Lee"
"290","B Sutandio","S Li"
"291","L Zhou","M Anderson"
"292","L Zhou","J Go"
"293","L Zhou","B Lee"
"294","L Zhou","S Li"
"295","L Zhou","B Sutandio"
"296","K Yamagishi","H Honda"
"297","K Doya","R Bapi"
"298","K Miyapuram","R Bapi"
"299","K Miyapuram","K Doya"
"300","A Graesser","D Dufty"
"301","M Louwerse","D Dufty"
"302","M Louwerse","A Graesser"
"303","D McNamara","D Dufty"
"304","D McNamara","A Graesser"
"305","D McNamara","M Louwerse"
"306","R Eyraud","A Clark"
"307","B Love","M Jones"
"308","Y Sakamoto","M Jones"
"310","S Verbrugge","W Schaeken"
"311","H Liu","H Liu"
"312","C Kam","A Finn"
"316","S Sherman","M Ferreira"
"317","S Sherman","L Garcia-Marques"
"318","S Sherman","M Garrido"
"319","M Silva","A Cox"
"320","E Kus","R French"
"321","P Fernbach","P Fernbach"
"322","J MacGregor","E Chronicle"
"323","T Ormerod","E Chronicle"
"324","T Ormerod","J MacGregor"
"325","S Iwasaki","C Bai"
"326","Y Kotozaki","C Bai"
"327","Y Kotozaki","S Iwasaki"
"328","N Campion","N Campion"
"329","F Vallee-Tourangeau","T Payton"
"330","U Hahn","A Corner"
"331","M Oaksford","A Corner"
"332","M Oaksford","U Hahn"
"333","C Timbrook","C Robinson"
"335","V Sloutsky","C Timbrook"
"336","K Levering","K Kurtz"
"337","M Schuetz","B Gibson"
"338","L Calcraft","R Adams"
"339","N Davey","R Adams"
"340","N Davey","L Calcraft"
"341","M Imhof","C Beierlein"
"342","R Berierlein","C Beierlein"
"343","R Berierlein","M Imhof"
"344","J Spencer","G Schoner"
"348","E Fioratou","E Chronicle"
"349","E Fioratou","J MacGregor"
"350","E Fioratou","T Ormerod"
"351","D Halstead","K Forbus"
"352","K Lockwood","K Forbus"
"353","K Lockwood","D Halstead"
"354","J Usher","K Forbus"
"355","J Usher","D Halstead"
"356","J Usher","K Lockwood"
"357","C Scheepers","F Keller"
"358","M Rosenberg-Lee","M Lovett"
"359","F Paas","R Salden"
"360","J Merrienboer","R Salden"
"361","J Merrienboer","F Paas"
"362","S Chandrasekharan","D Athreya"
"363","N Srinivasan","D Athreya"
"364","N Srinivasan","S Chandrasekharan"
"365","S Franklin","S D'Mello"
"366","U Ramamurthy","S D'Mello"
"367","U Ramamurthy","S Franklin"
"368","F Poletiek","N Charter"
"369","N Stewart","J Adelman"
"370","E Miyamoto","M Kobayashi"
"371","K Sato","M Kobayashi"
"372","K Sato","E Miyamoto"
"373","S Lupker","R Grondin"
"374","K McRae","R Grondin"
"375","K McRae","S Lupker"
"376","K Sakamoto","K Abe"
"377","M Nakagawa","K Abe"
"379","M Kapur","M Kapur"
"380","D Lonsdale","I Dodge"
"381","S Lim","C Kee"
"385","P Johnson-Laird","C Frosch"
"386","M Huff","B Garsoffky"
"387","S Schwan","B Garsoffky"
"388","S Schwan","M Huff"
"389","G Pagliuca","P Monaghan"
"390","E Sagi","E Sagi"
"391","R Sitala","S Keskinen"
"392","V Taatila","S Keskinen"
"393","V Taatila","R Sitala"
"394","J Suomala","S Keskinen"
"395","J Suomala","R Sitala"
"396","J Suomala","V Taatila"
"397","R Cochran","E Chown"
"398","F Lee","E Chown"
"399","F Lee","R Cochran"
"400","T Shultz","L Egri"
"401","F Costello","A Cater"
"402","B Devereux","A Cater"
"403","B Devereux","F Costello"
"404","P Maguire","A Cater"
"405","P Maguire","F Costello"
"406","P Maguire","B Devereux"
"407","M Kyranidou","M Avraamides"
"408","M Rhemtulla","E Nicoladis"
"410","V Kempe","P Brooks"
"411","N Seva","P Brooks"
"412","N Seva","V Kempe"
"413","L Lentz","J Kamalski"
"414","T Sanders","J Kamalski"
"415","T Sanders","L Lentz"
"416","K Hugdahl","P Bosch"
"417","M Noort","P Bosch"
"418","M Noort","K Hugdahl"
"419","V Garcia","S Denison"
"420","K Konopczynski","S Denison"
"421","K Konopczynski","V Garcia"
"422","F Xu","S Denison"
"423","F Xu","V Garcia"
"424","F Xu","K Konopczynski"
"425","P Raymont","A Brook"
"426","C Luhmann","W Ahn"
"427","G Petkov","B Kokinov"
"428","J Murre","J Lacroix"
"429","E Postma","J Lacroix"
"430","E Postma","J Murre"
"431","C Mansi","E Livesey"
"432","I McLaren","E Livesey"
"433","I McLaren","C Mansi"
"434","J Stemberger","J Stemberger"
"435","L McKnight","A Dix"
"436","T Ormerod","A Dix"
"437","T Ormerod","L McKnight"
"438","C Sas","A Dix"
"439","C Sas","L McKnight"
"440","C Sas","T Ormerod"
"441","E Bonawitz","C Baker"
"442","N Goodman","C Baker"
"443","N Goodman","E Bonawitz"
"444","A Gopnik","C Baker"
"445","A Gopnik","E Bonawitz"
"446","A Gopnik","N Goodman"
"447","V Mansinghka","C Baker"
"448","V Mansinghka","E Bonawitz"
"449","V Mansinghka","N Goodman"
"450","V Mansinghka","A Gopnik"
"451","L Schulz","C Baker"
"452","L Schulz","E Bonawitz"
"453","L Schulz","N Goodman"
"454","L Schulz","A Gopnik"
"455","L Schulz","V Mansinghka"
"456","J Tenenbaum","C Baker"
"457","J Tenenbaum","E Bonawitz"
"458","J Tenenbaum","N Goodman"
"459","J Tenenbaum","A Gopnik"
"460","J Tenenbaum","V Mansinghka"
"461","J Tenenbaum","L Schulz"
"462","H Wellman","C Baker"
"463","H Wellman","E Bonawitz"
"464","H Wellman","N Goodman"
"465","H Wellman","A Gopnik"
"466","H Wellman","V Mansinghka"
"467","H Wellman","L Schulz"
"468","H Wellman","J Tenenbaum"
"469","R Misra","W Goh"
"470","P Knoeferle","M Crocker"
"471","T Okada","T Agata"
"472","N Cassimatis","P Bello"
"473","J Gero","Z Bilda"
"474","M Thothathiri","J Snedeker"
"475","M O'Brien","M Keane"
"476","J Patrick","S Waldron"
"477","A Howes","S Waldron"
"478","A Howes","J Patrick"
"479","G Duggan","S Waldron"
"480","G Duggan","J Patrick"
"481","G Duggan","A Howes"
"482","F Dandurand","F Dandurand"
"486","A Thurnham","N Davey"
"487","A Thurnham","D Done"
"488","A Thurnham","R Frank"
"489","C Kello","G Anderson"
"490","R Ward","R Ward"
"491","T Halverson","D Brock"
"492","A Hornof","D Brock"
"494","B McClimens","D Brock"
"495","B McClimens","T Halverson"
"496","B McClimens","A Hornof"
"497","T Poibeau","T Poibeau"
"498","L Gerken","C Dawson"
"499","S Welbourne","M Ralph"
"500","P Gerjets","R Catrambone"
"501","K Scheiter","R Catrambone"
"502","K Scheiter","P Gerjets"
"503","B Vollmann","R Catrambone"
"504","B Vollmann","P Gerjets"
"505","B Vollmann","K Scheiter"
"506","A Stocco","D Fum"
"507","M Penner-Wilger","J LeFevre"
"508","C Proctor","F Keil"
"509","C Jonker","T Bosse"
"510","J Treur","T Bosse"
"511","J Treur","C Jonker"
"512","A Ram","R Mappus"
"513","G Jackson","A Graesser"
"514","H Kim","A Graesser"
"515","H Kim","G Jackson"
"516","A Olney","A Graesser"
"517","A Olney","G Jackson"
"518","A Olney","H Kim"
"519","L Doumas","M Bassok"
"520","A Guthormson","M Bassok"
"521","A Guthormson","L Doumas"
"522","J Hummel","M Bassok"
"523","J Hummel","L Doumas"
"524","J Hummel","A Guthormson"
"525","C Davia","P Carpenter"
"526","D Hoffman","D Cammack"
"527","M Kapur","D Cammack"
"528","M Kapur","D Hoffman"
"529","C Kinzer","D Cammack"
"530","C Kinzer","D Hoffman"
"531","C Kinzer","M Kapur"
"532","S Kontovourki","D Cammack"
"533","S Kontovourki","D Hoffman"
"534","S Kontovourki","M Kapur"
"535","S Kontovourki","C Kinzer"
"536","S Lohnes","D Cammack"
"537","S Lohnes","D Hoffman"
"538","S Lohnes","M Kapur"
"539","S Lohnes","C Kinzer"
"540","S Lohnes","S Kontovourki"
"541","S Turkay","D Cammack"
"542","S Turkay","D Hoffman"
"543","S Turkay","M Kapur"
"544","S Turkay","C Kinzer"
"545","S Turkay","S Kontovourki"
"546","S Turkay","S Lohnes"
"547","S Egan","R Byrne"
"548","A Kehler","J Elman"
"549","L Kertz","J Elman"
"550","L Kertz","A Kehler"
"551","P Loui","C Kam"
"552","D Wessel","C Kam"
"553","D Wessel","P Loui"
"554","L Smith","R Goldstone"
"555","J Son","R Goldstone"
"556","J Son","L Smith"
"557","G Gigerenzer","R Garcia-Marques"
"558","M Takezawa","R Garcia-Marques"
"559","M Takezawa","G Gigerenzer"
"560","M Last","L Kaczmarczyk"
"561","R Miikkulainen","L Kaczmarczyk"
"562","R Miikkulainen","M Last"
"563","M Gaskell","A Cleland"
"564","P Quinlan","A Cleland"
"565","P Quinlan","M Gaskell"
"566","J Tamminen","A Cleland"
"567","J Tamminen","M Gaskell"
"568","J Tamminen","P Quinlan"
"569","S Nabavian","N Bryan-Kinns"
"570","P Otto","N Charter"
"571","H Stott","N Charter"
"572","H Stott","P Otto"
"573","J Fleishhauer","H Beseoglu"
"574","M Werning","H Beseoglu"
"575","M Werning","J Fleishhauer"
"576","J Leclerc","F Gosselin"
"577","S Kiyokawa","T Izawa"
"578","K Ueda","T Izawa"
"579","K Ueda","S Kiyokawa"
"580","D Mackie","T Garcia-Marques"
"581","C Schunn","K Cho"
"582","T O'Riley","D McNamara"
"583","M Rowe","D McNamara"
"584","M Rowe","T O'Riley"
"585","R Taylor","D McNamara"
"586","R Taylor","T O'Riley"
"587","R Taylor","M Rowe"
"588","S Vosniadou","N Kyriakopoulou"
"589","N Bullot","N Bullot"
"591","N HIndy","R Dale"
"592","M Spivey","R Dale"
"593","M Spivey","N HIndy"
"594","U Kurup","B Chandrasekaran"
"595","K Goddard","C Beaman"
"596","R McCloy","C Beaman"
"597","R McCloy","K Goddard"
"598","K Livingston","P Alfaro"
"599","M Lee","M Butavicius"
"600","R Vast","M Butavicius"
"601","R Vast","M Lee"
"602","J Feldman","E Briscoe"
"604","E Wisniewski","A Cater"
"605","E Wisniewski","P Maguire"
"606","A Utsumi","A Utsumi"
"607","E Kronmuller","D Barr"
"608","S Mueller","M Diehl"
"609","R Ziegler","M Diehl"
"610","R Ziegler","S Mueller"
"611","L Gerken","F Balcomb"
"612","D Gentner","K Forbus"
"613","A Lovett","K Forbus"
"614","A Lovett","D Gentner"
"615","C Ramey","E Chrysikou"
"620","C Kemp","M Gordon"
"621","V Mansinghka","M Gordon"
"622","V Mansinghka","C Kemp"
"623","P Shafto","M Gordon"
"624","P Shafto","C Kemp"
"625","P Shafto","V Mansinghka"
"626","J Tenenbaum","M Gordon"
"627","J Tenenbaum","C Kemp"
"629","J Tenenbaum","P Shafto"
"631","J Schuh","P Gerjets"
"632","J Schuh","K Scheiter"
"633","F Salvetti","N Nicolov"
"634","M Watson","H Branigan"
"635","M Pickering","H Branigan"
"636","M Pickering","M Watson"
"637","P Monaghan","M Christiansen"
"638","K Mendiuk","O Hermesh"
"639","O Shacham","O Hermesh"
"640","O Shacham","K Mendiuk"
"641","B Sandbank","O Hermesh"
"642","B Sandbank","K Mendiuk"
"643","B Sandbank","O Shacham"
"644","B Kokinov","P Hristova"
"645","K Yokosawa","M Asano"
"646","F Keijzer","F Keijzer"
"647","R Scott","C Fisher"
"648","P Williams","R Miikkulainen"
"649","J Hoeks","P Hendriks"
"650","L Zijlstra","P Hendriks"
"651","L Zijlstra","J Hoeks"
"652","T Reichherzer","D Leake"
"653","P Saka","P Saka"
"654","A Kittur","C Green"
"655","W Schaeken","K Dieussaert"
"656","W Schroyens","K Dieussaert"
"657","W Schroyens","W Schaeken"
"658","A Sevenants","K Dieussaert"
"659","A Sevenants","W Schaeken"
"660","A Sevenants","W Schroyens"
"661","R Lowe","S Fischer"
"662","S Schwan","S Fischer"
"663","S Schwan","R Lowe"
"664","M Tomlinson","B Love"
"665","D Sibley","C Kello"
"666","M Sanscartier","E Neufeld"
"677","M Lo","C Hue"
"678","F Tsai","C Hue"
"679","F Tsai","M Lo"
"680","J Patrick","A Ahmed"
"684","C Whalen","G Dell"
"685","S Kenpei","S Kenpei"
"686","S Day","D Bartels"
"687","J Feldman","C Aitkin"
"688","S Schwartz","D Danks"
"689","M Buehner","M Buehner"
"690","M Walker","F Mairesse"
"691","D Lyon","G Gunzelmann"
"692","A Katz","T Ferretti"
"693","C Schwint","T Ferretti"
"694","C Schwint","A Katz"
"695","J Williams","J Leung"
"696","B Jee","T Griffin"
"697","J Wiley","T Griffin"
"698","J Wiley","B Jee"
"699","L Garcia-Marques","S Santos"
"700","S Moreira","S Santos"
"701","S Moreira","L Garcia-Marques"
"702","H Saalbach","M Imai"
"703","M Werning","A Maye"
"704","J Buder","D Bodemer"
"707","A Kozbelt","A Kozbelt"
"708","S Hockema","M Christiansen"
"709","L Onnis","M Christiansen"
"710","L Onnis","S Hockema"
"711","C Yu","L Smith"
"712","Y Yang","Y Yang"
"713","T Stewart","T Stewart"
"714","A Graesser","N Duran"
"715","P McCarthy","N Duran"
"716","P McCarthy","A Graesser"
"717","D McNamara","N Duran"
"720","A Klin","W Jones"
"721","F Shic","W Jones"
"722","F Shic","A Klin"
"723","B Scassellati","W Jones"
"724","B Scassellati","A Klin"
"725","B Scassellati","F Shic"
"726","M Knauff","H Bulthoff"
"727","T Meilinger","H Bulthoff"
"728","T Meilinger","M Knauff"
"729","M Matthew","J Busemeyer"
"730","Z Wang","J Busemeyer"
"731","Z Wang","M Matthew"
"732","A Litt","C Eliasmith"
"733","P Thagard","C Eliasmith"
"734","P Thagard","A Litt"
"735","R Shillcock","J Hsiao"
"736","H Rojas-Anaya","P Cheng"
"737","J Moore","D Reitter"
"738","A Markman","M Goldwater"
"739","N Lee","P Johnson-Laird"
"740","J Spencer","J Johnson"
"741","G Schöner","J Johnson"
"742","G Schöner","J Spencer"
"743","H Spada","A Bender"
"744","H Swoboda","A Bender"
"745","H Swoboda","H Spada"
"746","S Traber","A Bender"
"747","S Traber","H Spada"
"748","S Traber","H Swoboda"
"749","R Dale","S Cargill"
"750","T Farmer","S Cargill"
"751","T Farmer","R Dale"
"752","N Hindy","S Cargill"
"753","N Hindy","R Dale"
"754","N Hindy","T Farmer"
"755","M Spivey","S Cargill"
"757","M Spivey","T Farmer"
"758","M Spivey","N Hindy"
"759","K Yamagishi","K Nakamura"
"760","B Love","T Gureckis"
"761","A Perfors","C Kemp"
"763","J Tenenbaum","A Perfors"
"764","C Reed","K Jack"
"765","A Waller","K Jack"
"766","A Waller","C Reed"
"767","K Ericsson","D Eccles"
"768","K Harris","D Eccles"
"769","K Harris","K Ericsson"
"770","L Lang","D Eccles"
"771","L Lang","K Ericsson"
"772","L Lang","K Harris"
"773","L Tashman","D Eccles"
"774","L Tashman","K Ericsson"
"775","L Tashman","K Harris"
"776","L Tashman","L Lang"
"777","P Ward","D Eccles"
"778","P Ward","K Ericsson"
"779","P Ward","K Harris"
"780","P Ward","L Lang"
"781","P Ward","L Tashman"
"782","A Williams","D Eccles"
"783","A Williams","K Ericsson"
"784","A Williams","K Harris"
"785","A Williams","L Lang"
"786","A Williams","L Tashman"
"787","A Williams","P Ward"
"788","J Ramrattan","D Eccles"
"789","J Ramrattan","K Ericsson"
"790","J Ramrattan","K Harris"
"791","J Ramrattan","L Lang"
"792","J Ramrattan","L Tashman"
"793","J Ramrattan","P Ward"
"794","J Ramrattan","A Williams"
"795","J Hummel","K Holyoak"
"796","A Kittur","K Holyoak"
"797","A Kittur","J Hummel"
"798","F Gobert","D Freudenthal"
"799","J Pine","D Freudenthal"
"800","J Pine","F Gobert"
"807","P Slezak","P Slezak"
"808","J Loewenstein","J Keller"
"809","J Tan","G Biswas"
"810","D Schwartz","G Biswas"
"811","D Schwartz","J Tan"
"812","T Regier","A Prefors"
"813","J Tenenbaum","A Prefors"
"814","J Tenenbaum","T Regier"
"815","T Griffiths","E Bonawitz"
"817","L Schulz","T Griffiths"
"818","S D'Mello","P Chipman"
"819","B Gholson","P Chipman"
"820","B Gholson","S D'Mello"
"821","A Graesser","P Chipman"
"822","A Graesser","S D'Mello"
"823","A Graesser","B Gholson"
"824","B McDaniel","P Chipman"
"825","B McDaniel","S D'Mello"
"826","B McDaniel","B Gholson"
"827","B McDaniel","A Graesser"
"828","A Witherspoon","P Chipman"
"829","A Witherspoon","S D'Mello"
"830","A Witherspoon","B Gholson"
"831","A Witherspoon","A Graesser"
"832","A Witherspoon","B McDaniel"
"833","K Keramaian","K Christoff"
"834","B Luus","K Christoff"
"835","B Luus","K Keramaian"
"836","J Schoner","K Christoff"
"837","J Schoner","K Keramaian"
"838","J Schoner","B Luus"
"839","J Smallwood","K Christoff"
"840","J Smallwood","K Keramaian"
"841","J Smallwood","B Luus"
"842","J Smallwood","J Schoner"
"843","R Smith","K Christoff"
"844","R Smith","K Keramaian"
"845","R Smith","B Luus"
"846","R Smith","J Schoner"
"847","R Smith","J Smallwood"
"848","V Marian","H Blumenfeld"
"849","B Burns","B Burns"
"850","E Lieven","F Chang"
"851","M Tomasello","F Chang"
"852","M Tomasello","E Lieven"
"853","M Anderson","M Anderson"
"854","K Gurney","R Bogacz"
"855","A Lang","J Busemeyer"
"857","Z Wang","A Lang"
"859","C Wilburn","A Feeney"
"860","M Mozer","D Baldwin"
"861","J Maouene","S Hidaka"
"863","L Smith","J Maouene"
"864","C Thompson","J Opfer"
"865","F Keller","M Croker"
"866","U Padó","M Croker"
"867","U Padó","F Keller"
"868","A Gatt","A Gatt"
"869","G Cottrell","L Barrington"
"870","K Gluck","D Dinges"
"871","J Gross","D Dinges"
"872","J Gross","K Gluck"
"873","G Gunzelmann","D Dinges"
"874","G Gunzelmann","K Gluck"
"875","G Gunzelmann","J Gross"
"876","H Dongen","D Dinges"
"877","H Dongen","K Gluck"
"878","H Dongen","J Gross"
"879","H Dongen","G Gunzelmann"
"880","R Morrison","L Doumas"
"881","L Richland","L Doumas"
"882","L Richland","R Morrison"
"883","C Gonzalez","W Fu"
"884","V Simmering","G Schoner"
"886","J Spencer","V Simmering"
"888","G Storms","P Maguire"
"890","E Wisniewski","G Storms"
"891","S Iwasawa","S Ito"
"892","K Kogure","S Ito"
"893","K Kogure","S Iwasawa"
"894","I Umata","S Ito"
"895","I Umata","S Iwasawa"
"896","I Umata","K Kogure"
"897","J Canas","T Baccino"
"898","L Salmerón","T Baccino"
"899","L Salmerón","J Canas"
"900","R Ping","S Goldin-Meadow"
"902","M Mayberry","M Crocker"
"903","M Mayberry","P Knoeferle"
"904","D Navarro","T Griffiths"
"905","A Sanborn","T Griffiths"
"906","A Sanborn","D Navarro"
"907","D Ginhac","S Chambaron"
"908","P Perruchet","S Chambaron"
"909","P Perruchet","D Ginhac"
"910","S Wu","R Lewis"
"911","R Remington","R Lewis"
"912","R Remington","S Wu"
"913","B Malt","E Ameel"
"914","G Storms","E Ameel"
"915","G Storms","B Malt"
"916","M Keane","F Costello"
"917","R Maguire","F Costello"
"919","S Scrafton","A Feeney"
"921","H Bülthoff","M Knauff"
"922","H Bülthoff","T Meilinger"
"923","B Meder","Y Hagmayer"
"924","M Waldmann","Y Hagmayer"
"925","M Waldmann","B Meder"
"927","W Maddox","M Jones"
"928","W Maddox","B Love"
"929","D Stojanovic","K Wheeler"
"933","N Vershueren","B Sandbank"
"934","J Whitmore","B Sandbank"
"935","J Whitmore","N Vershueren"
"936","C Yu","C Yu"
"937","D Richardson","R Dale"
"938","N Baisby","N Baisby"
"939","D Shieh","J Elman"
"940","C Schunn","I Tollinger"
"941","A Vera","I Tollinger"
"942","A Vera","C Schunn"
"943","E Sagi","D Gentner"
"944","D Rakison","G Lupyan"
"948","Y Ozuru","A Graesser"
"949","Y Ozuru","M Louwerse"
"950","Y Ozuru","D McNamara"
"954","H Neth","W Gray"
"955","C Sims","W Gray"
"956","C Sims","H Neth"
"957","D Noelle","A Gupta"
"958","W Fu","J Anderson"
"959","S Chin","G Campbell"
"960","V Marien","O Boukrina"
"961","H Terai","K Miwa"
"962","R Jacobs","M Chhabra"
"963","J Bullinaria","J Bullinaria"
"964","M Nückles","S Hübner"
"965","A Renkl","S Hübner"
"966","A Renkl","M Nückles"
"967","W Haselager","S Frank"
"968","B McCandliss","P Li"
"969","H Shu","P Li"
"970","H Shu","B McCandliss"
"971","J Zevin","P Li"
"972","J Zevin","B McCandliss"
"973","J Zevin","H Shu"
"974","J Yang","P Li"
"975","J Yang","B McCandliss"
"976","J Yang","H Shu"
"977","J Yang","J Zevin"
"978","J Fiser","R Aslin"
"979","M Lengyel","R Aslin"
"980","M Lengyel","J Fiser"
"981","G Orban","R Aslin"
"982","G Orban","J Fiser"
"983","G Orban","M Lengyel"
"984","V Sloutsky","A Fisher"
"985","C Myers","W Gray"
"987","H Neth","C Myers"
"988","M Schoelles","W Gray"
"989","M Schoelles","C Myers"
"990","M Schoelles","H Neth"
"992","T Garcia-Marques","M Ferreira"
"993","T Garcia-Marques","L Garcia-Marques"
"994","J Winawer","L Boroditsky"
"995","N Witthoft","L Boroditsky"
"996","N Witthoft","J Winawer"
"997","J Evans","J Evans"
"998","S Beller","S Beller"
"999","J Trafton","R Ratwani"
"1000","A Kranjec","A Kranjec"
"1001","L Samuelson","J Lipinski"
"1002","G Schöner","J Lipinski"
"1003","G Schöner","L Samuelson"
"1004","J Spencer","J Lipinski"
"1005","J Spencer","L Samuelson"
"1007","L Vainio","R Ellis"
"1008","M Tucker","R Ellis"
"1009","M Tucker","L Vainio"
"1013","D Sobel","S Munro"
"1014","E Conwell","B Balas"
"1015","D Cox","B Balas"
"1016","D Cox","E Conwell"
"1017","C Fausey","J Asmuth"
"1018","D Gentner","J Asmuth"
"1019","D Gentner","C Fausey"
"1020","H Yoshida","J Asmuth"
"1021","H Yoshida","C Fausey"
"1022","H Yoshida","D Gentner"
"1023","J Horst","B Dobbertin"
"1024","L Samuelson","B Dobbertin"
"1025","L Samuelson","J Horst"
"1026","A Schutte","B Dobbertin"
"1027","A Schutte","J Horst"
"1028","A Schutte","L Samuelson"
"1029","B McMurray","J Horst"
"1031","L Samuelson","B McMurray"
"1033","J Wittwer","M Nückles"
"1034","J Wittwer","A Renkl"
"1035","L Schmidt","C Kemp"
"1037","J Tenenbaum","L Schmidt"
"1038","L Rips","J Asmuth"
"1039","S Linek","P Gerjets"
"1041","K Scheiter","S Linek"
"1042","W Shaeken","W Neys"
"1043","J Evans","S Elqayam"
"1044","E Ohm","S Elqayam"
"1045","E Ohm","J Evans"
"1046","D Over","S Elqayam"
"1047","D Over","J Evans"
"1048","D Over","E Ohm"
"1049","K Malmberg","M Lehman"
"1050","L Sahakyan","M Lehman"
"1051","L Sahakyan","K Malmberg"
"1052","J Marsh","W Ahn"
"1053","A Oliva","M Greene"
"1054","J Lindblom","J Lindblom"
"1055","G Pezzulo","A Couyoumdjian"
"1057","S Marshall","D Kieras"
"1058","R Matthews","S Lane"
"1059","B Sallas","S Lane"
"1060","B Sallas","R Matthews"
"1061","R Sun","S Lane"
"1062","R Sun","R Matthews"
"1063","R Sun","B Sallas"
"1064","D Gentner","S Christie"
"1065","M Corley","M Schnadt"
"1066","K Holyoak","P Cheng"
"1067","M Liljeholm","P Cheng"
"1068","M Liljeholm","K Holyoak"
"1069","H Lu","P Cheng"
"1070","H Lu","K Holyoak"
"1071","H Lu","M Liljeholm"
"1072","A Yuille","P Cheng"
"1073","A Yuille","K Holyoak"
"1074","A Yuille","M Liljeholm"
"1075","A Yuille","H Lu"
"1076","M Kapur","J Black"
"1077","C Kinzer","J Black"
"1079","J Kruschke","J Kruschke"
"1081","J Snedeker","Y Huang"
"1082","A Schlottmann","J Cownie"
"1083","E Ray","J Cownie"
"1084","E Ray","A Schlottmann"
"1086","P Smith","C Beaman"
"1087","P Smith","R McCloy"
"1090","H Rohde","J Elman"
"1091","H Rohde","A Kehler"
"1092","A Blandford","A Abeles"
"1093","P Cairns","A Abeles"
"1094","P Cairns","A Blandford"
"1095","A Cox","A Abeles"
"1096","A Cox","A Blandford"
"1097","A Cox","P Cairns"
"1098","S Li","A Abeles"
"1099","S Li","A Blandford"
"1100","S Li","P Cairns"
"1101","S Li","A Cox"
"1102","R Young","A Abeles"
"1103","R Young","A Blandford"
"1104","R Young","P Cairns"
"1105","R Young","A Cox"
"1106","R Young","S Li"
"1107","H Rijn","N Taatgen"
"1108","M Netto","M Netto"
"1109","E Hudlicka","E Hudlicka"
"1110","S Ohlsson","A Mitrovic"
"1111","C Kemp","T Griffiths"
"1112","J Tenenbaum","T Griffiths"
"1114","D Mirman","J Magnuson"
"1115","M Straatemeier","J Magnuson"
"1116","M Straatemeier","D Mirman"
"1117","A Bender","S Beller"
"1118","G Bennardo","S Beller"
"1119","G Bennardo","A Bender"
"1120","L Boroditsky","S Beller"
"1121","L Boroditsky","A Bender"
"1122","L Boroditsky","G Bennardo"
"1123","J Boster","S Beller"
"1124","J Boster","A Bender"
"1125","J Boster","G Bennardo"
"1126","J Boster","L Boroditsky"
"1127","A Majid","S Beller"
"1128","A Majid","A Bender"
"1129","A Majid","G Bennardo"
"1130","A Majid","L Boroditsky"
"1131","A Majid","J Boster"
"1132","D Medin","S Beller"
"1133","D Medin","A Bender"
"1134","D Medin","G Bennardo"
"1135","D Medin","L Boroditsky"
"1136","D Medin","J Boster"
"1137","D Medin","A Majid"
"1138","J Wassmann","S Beller"
"1139","J Wassmann","A Bender"
"1140","J Wassmann","G Bennardo"
"1141","J Wassmann","L Boroditsky"
"1142","J Wassmann","J Boster"
"1143","J Wassmann","A Majid"
"1144","J Wassmann","D Medin"
"1146","K Forbus","P Bello"
"1147","K Forbus","N Cassimatis"
"1148","J Tenenbaum","P Bello"
"1149","J Tenenbaum","N Cassimatis"
"1150","J Tenenbaum","K Forbus"
"1151","J Greeno","M Alac"
"1152","E Hutchins","M Alac"
"1153","E Hutchins","J Greeno"
"1154","N Myers","M Alac"
"1155","N Myers","J Greeno"
"1156","N Myers","E Hutchins"
"1157","N Nersessian","M Alac"
"1158","N Nersessian","J Greeno"
"1159","N Nersessian","E Hutchins"
"1160","N Nersessian","N Myers"
"1161","W Newstetter","M Alac"
"1162","W Newstetter","J Greeno"
"1163","W Newstetter","E Hutchins"
"1164","W Newstetter","N Myers"
"1166","A Stull","R Mathews"
"1168","V Patel","N Nersessian"
"1169","V Patel","W Newstetter"
"1170","J Zhang","N Nersessian"
"1171","J Zhang","W Newstetter"
"1172","J Zhang","V Patel"
"1173","Y Xiao","N Nersessian"
"1174","Y Xiao","W Newstetter"
"1175","Y Xiao","V Patel"
"1176","Y Xiao","J Zhang"
"1178","J Gratch","K Gluck"
"1179","J Gratch","G Gunzelmann"
"1180","E Hudlicka","K Gluck"
"1181","E Hudlicka","G Gunzelmann"
"1182","E Hudlicka","J Gratch"
"1183","F Ritter","K Gluck"
"1184","F Ritter","G Gunzelmann"
"1185","F Ritter","J Gratch"
"1186","F Ritter","E Hudlicka"
"1187","P Li","P Li"
"1188","R Goldstone","L Boroditsky"
"1189","G Lupyan","L Boroditsky"
"1190","G Lupyan","R Goldstone"
"1191","T Regier","L Boroditsky"
"1192","T Regier","R Goldstone"
"1193","T Regier","G Lupyan"
"1194","D Roberson","L Boroditsky"
"1195","D Roberson","R Goldstone"
"1196","D Roberson","G Lupyan"
"1197","D Roberson","T Regier"
"1198","J Feldman","N Charter"
"1199","C Kemp","N Charter"
"1200","C Kemp","J Feldman"
"1201","T Gendler","N Charter"
"1202","T Gendler","J Feldman"
"1203","T Gendler","C Kemp"
"1204","J Tenenbaum","N Charter"
"1205","J Tenenbaum","J Feldman"
"1207","J Tenenbaum","T Gendler"
"1208","L Gleitman","R Aslin"
"1209","E Newport","R Aslin"
"1210","E Newport","L Gleitman"
"1211","D Weiss","R Aslin"
"1212","D Weiss","L Gleitman"
"1213","D Weiss","E Newport"
"1214","N Miyake","N Miyake"
"1215","E Hannon","R Ashley"
"1216","H Honing","R Ashley"
"1217","H Honing","E Hannon"
"1218","S Hutchins","R Ashley"
"1219","S Hutchins","E Hannon"
"1220","S Hutchins","H Honing"
"1221","E Large","R Ashley"
"1222","E Large","E Hannon"
"1223","E Large","H Honing"
"1224","E Large","S Hutchins"
"1225","C Palmer","R Ashley"
"1226","C Palmer","E Hannon"
"1227","C Palmer","H Honing"
"1228","C Palmer","S Hutchins"
"1229","C Palmer","E Large"
"1230","W Gray","S Gamard"
"1231","V Veksler","S Gamard"
"1232","V Veksler","W Gray"
"1233","B Zafrina","S Gamard"
"1234","B Zafrina","W Gray"
"1235","B Zafrina","V Veksler"
"1236","D Zaitchik","T Lombrozo"
"1237","S Shinozaki","H Kobayashi"
"1238","T Yasuda","H Kobayashi"
"1239","T Yasuda","S Shinozaki"
"1240","L Leenaars","P Boechler"
"1241","I Levner","P Boechler"
"1242","I Levner","L Leenaars"
"1243","D Steffler","P Boechler"
"1244","D Steffler","L Leenaars"
"1245","D Steffler","I Levner"
"1246","T Kusumi","T Hattori"
"1247","A Booth","A Booth"
"1248","N Charter","E Blagrove"
"1249","M Ellefson","E Blagrove"
"1250","M Ellefson","N Charter"
"1251","E Johnstone","E Blagrove"
"1252","E Johnstone","N Charter"
"1253","E Johnstone","M Ellefson"
"1254","D Therriault","C Madden"
"1255","R Morley","W Badecker"
"1256","P Smolensky","W Badecker"
"1257","P Smolensky","R Morley"
"1258","R Prevete","E Catanzariti"
"1259","M Santoro","E Catanzariti"
"1260","M Santoro","R Prevete"
"1261","G Tessitore","E Catanzariti"
"1262","G Tessitore","R Prevete"
"1263","G Tessitore","M Santoro"
"1264","B Rehder","B Rehder"
"1265","B Rehder","A Hoffman"
"1266","P Bradley","P Bradley"
"1267","C Dodson","S Bawa"
"1268","R Robinson","J Bond-Robinson"
"1269","A Preece","J Bond-Robinson"
"1270","A Preece","R Robinson"
"1274","K Goedert","K Goedert"
"1275","C Frosch","R Byrne"
"1276","A Brunstein","A Brunstein"
"1277","K McRae","G Cree"
"1278","C O'Connor","G Cree"
"1279","C O'Connor","K McRae"
"1280","N Witthoft","N Davidenko"
"1281","J Winawer","N Davidenko"
"1283","M Ramscar","N Davidenko"
"1284","M Ramscar","N Witthoft"
"1285","M Ramscar","J Winawer"
"1286","D Woltz","C Was"
"1287","N Shinoaga","I Gyobu"
"1288","M Toda","I Gyobu"
"1289","M Toda","N Shinoaga"
"1290","B Rottman","D Gentner"
"1291","S Kershaw","S Kershaw"
"1293","E Lightman","D Dufty"
"1294","P McCarthy","D Dufty"
"1295","P McCarthy","E Lightman"
"1297","D McNamara","E Lightman"
"1299","C Sandhofer","A Ankowski"
"1300","G Raney","S Obeidallah"
"1301","D Lee","C Hall"
"1302","G Lewis","C Hall"
"1303","G Lewis","D Lee"
"1304","P McCarthy","C Hall"
"1305","P McCarthy","D Lee"
"1306","P McCarthy","G Lewis"
"1307","D McNamara","C Hall"
"1308","D McNamara","D Lee"
"1309","D McNamara","G Lewis"
"1311","T Kershaw","T Kershaw"
"1312","D Little","S Lewandowsky"
"1313","T Verguts","F Opstal"
"1314","W Fias","F Opstal"
"1315","W Fias","T Verguts"
"1316","A Reeves","A D'Angiulli"
"1317","S Yildirim","R Beachell"
"1318","P Wolff","A Barbey"
"1320","C Patterson","T Ferretti"
"1321","C Patterson","A Katz"
"1322","I Sekerina","P Brooks"
"1323","E Ziori","J Fadardi"
"1324","E Pothos","J Fadardi"
"1325","E Pothos","E Ziori"
"1326","K Tapper","J Fadardi"
"1327","K Tapper","E Ziori"
"1328","K Tapper","E Pothos"
"1329","G Fenk-Oczlon","A Fenk"
"1330","C Rieth","D Huber"
"1331","J Dzacck","J Dzacck"
"1332","N Shingaki","H Nojima"
"1333","G Stroms","S Deyne"
"1334","S Sloman","Y Hagmayer"
"1335","M Itoh","K Hirata"
"1336","T Kawasaki","K Hirata"
"1337","T Kawasaki","M Itoh"
"1339","D Lyon","K Gluck"
"1341","I Kalliopi","S Irini"
"1342","V Stella","S Irini"
"1343","V Stella","I Kalliopi"
"1344","L Maanen","C Janssen"
"1345","H Rijn","C Janssen"
"1346","H Rijn","L Maanen"
"1347","S Waxman","H Norbury"
"1348","C Wright","I Rooij"
"1349","C Ramey","E Lee"
"1350","J Jeon","M Chung"
"1351","S Kim","M Chung"
"1352","S Kim","J Jeon"
"1353","M Na","M Chung"
"1354","M Na","J Jeon"
"1355","M Na","S Kim"
"1356","D Huber","E Davelaar"
"1357","V Zammuner","C Galli"
"1358","D Landy","D Landy"
"1359","V Goel","L Hoshino"
"1360","J Grafman","L Hoshino"
"1361","J Grafman","V Goel"
"1362","V Raymont","L Hoshino"
"1363","V Raymont","V Goel"
"1364","V Raymont","J Grafman"
"1365","S Kalyuga","S Kalyuga"
"1366","P Wolff","B Klettke"
"1367","E Cokely","P Andersson"
"1368","K Ericsson","P Andersson"
"1369","K Ericsson","E Cokely"
"1370","S Yokochi","T Okada"
"1371","S Packard","E Campana"
"1372","M Tanenhaus","E Campana"
"1373","M Tanenhaus","S Packard"
"1374","S Gilutz","J Black"
"1375","T Yamauchi","N Yu"
"1376","C Sandhofer","N James"
"1377","E Silva","R Vitral"
"1378","D Sales","R Vitral"
"1379","D Sales","E Silva"
"1380","B MacWhinney","J Greeno"
"1381","Y Kao","J Anderson"
"1382","E Pogossian","E Pogossian"
"1383","R Thomson","M Henighan"
"1384","J Schoenherr","M Henighan"
"1385","J Schoenherr","R Thomson"
"1386","S Pronovost","M Henighan"
"1387","S Pronovost","R Thomson"
"1388","S Pronovost","J Schoenherr"
"1389","J Williams","P Rebuschat"
"1390","N Miyake","M Hirakawa"
"1391","H Shirouzu","M Hirakawa"
"1392","H Shirouzu","N Miyake"
"1393","M Raijmakers","B Jansen"
"1394","I Visser","B Jansen"
"1395","I Visser","M Raijmakers"
"1396","L Riby","G Caldwell"
"1397","J Hahn","J Skelly"
"1401","S Vosniadou","I Skopeliti"
"1402","G Koostra","B Boer"
"1403","A Nederveen","B Boer"
"1404","A Nederveen","G Koostra"
"1405","T Kusumi","T Kojima"
"1406","D Tanaka","S Kiyokawa"
"1407","A Yamada","S Kiyokawa"
"1408","A Yamada","D Tanaka"
"1409","K Shigemasu","S Kiyokawa"
"1410","K Shigemasu","D Tanaka"
"1411","K Shigemasu","A Yamada"
"1412","P Lindstrom","P Lindstrom"
"1413","B Rehder","S Kim"
"1414","M Speekenbrink","S Channon"
"1415","D Shanks","S Channon"
"1416","D Shanks","M Speekenbrink"
"1417","T Richter","T Richter"
"1418","S Suto","E Harada"
"1419","S Todaro","J Magliano"
"1421","E Gibson","M Frank"
"1422","V Mansinghka","M Frank"
"1423","V Mansinghka","E Gibson"
"1424","M Doherty","R Anderson"
"1425","J Gilkey","R Anderson"
"1426","J Gilkey","M Doherty"
"1427","M Chan","J Black"
"1428","P McCarthy","S Briner"
"1429","D McNamara","S Briner"
"1431","L Perry","S Hockema"
"1432","L Smith","S Hockema"
"1433","L Smith","L Perry"
"1434","D Morrow","M Meade"
"1435","T Nokes","M Meade"
"1436","T Nokes","D Morrow"
"1437","E Stine-Morrow","M Meade"
"1438","E Stine-Morrow","D Morrow"
"1439","E Stine-Morrow","T Nokes"
"1440","J McClelland","K Dilkina"
"1441","M Ramscar","A Smith"
"1442","P Khooshabeh","M Hegarty"
"1443","P Pavlik","P Pavlik"
"1444","M Maouene","J Maouene"
"1446","L Smith","M Maouene"
"1447","W MacInnes","D Gilin"
"1448","R Mancy","S Kelly"
"1449","M Jones","R Goldstone"
"1450","N Perham","M Oaksford"
"1451","S Borrett","D Billman"
"1452","W Bridewell","D Billman"
"1453","W Bridewell","S Borrett"
"1454","M Daum","G Aschersleben"
"1455","W Prinz","G Aschersleben"
"1456","W Prinz","M Daum"
"1457","J Kiefer","J Kiefer"
"1458","T Zamuner","T Zamuner"
"1459","P Johnson-Laird","G Goodwin"
"1460","N Lee","G Goodwin"
"1462","A Herdman","A D'Angiulli"
"1463","C Hertzman","A D'Angiulli"
"1464","C Hertzman","A Herdman"
"1465","D Stapells","A D'Angiulli"
"1466","D Stapells","A Herdman"
"1467","D Stapells","C Hertzman"
"1468","M Kaschak","K Dijkstra"
"1469","M Moisirlisoy","K Dijkstra"
"1470","M Moisirlisoy","M Kaschak"
"1471","R Zwaan","K Dijkstra"
"1472","R Zwaan","M Kaschak"
"1473","R Zwaan","M Moisirlisoy"
"1474","B Tversky","A Kessell"
"1475","P McCarthy","K Dempsey"
"1476","D McNamara","K Dempsey"
"1478","G Schraverus","B Heerebout"
"1479","R Phaf","B Heerebout"
"1480","R Phaf","G Schraverus"
"1481","J Kitamura","H Izumori"
"1482","N Miyake","H Izumori"
"1483","N Miyake","J Kitamura"
"1484","H Shirouzu","H Izumori"
"1485","H Shirouzu","J Kitamura"
"1487","C Fausey","L Boroditsky"
"1488","J Booth","T Bitan"
"1489","J Cheon","T Bitan"
"1490","J Cheon","J Booth"
"1491","E Hoicka","M Gattis"
"1492","A Gigi","A Gigi"
"1493","S Fang","I Eigsti"
"1494","L Feldman","D Basnight-Brown"
"1495","Y Kanai","D Basnight-Brown"
"1496","Y Kanai","L Feldman"
"1497","D Landy","R Goldstone"
"1498","D Dufty","S Crossley"
"1499","G Lewis","S Crossley"
"1500","G Lewis","D Dufty"
"1501","M Louwerse","S Crossley"
"1504","P McCarthy","S Crossley"
"1507","P McCarthy","M Louwerse"
"1508","D McNamara","S Crossley"
"1513","A Renkl","V Aleven"
"1514","R Salden","V Aleven"
"1515","R Salden","A Renkl"
"1516","J Wittwer","V Aleven"
"1518","J Wittwer","R Salden"
"1519","A Wills","F Milton"
"1520","E Mok","N Chang"
"1521","S Bettex","A Bangerter"
"1522","K Matsuda","T Kusumi"
"1524","R Shiffrin","A Nelson"
"1526","S Kozai","S Kozai"
"1527","J Jameson","D Gentner"
"1528","C Crockett","T Cooper"
"1529","L Riby","T Cooper"
"1530","L Riby","C Crockett"
"1531","S Sünram-Lea","T Cooper"
"1532","S Sünram-Lea","C Crockett"
"1533","S Sünram-Lea","L Riby"
"1534","S Hochstein","M Pavlovskaya"
"1535","F Pons","J Cady"
"1536","L Sabourin","J Cady"
"1537","L Sabourin","F Pons"
"1538","J Werker","J Cady"
"1539","J Werker","F Pons"
"1540","J Werker","L Sabourin"
"1541","N James","P Cheng"
"1542","R Golden","S Ghiasinejad"
"1543","M YIP","M YIP"
"1544","E Chevalley","A Bangerter"
"1545","M Grealy","M Grealy"
"1546","D Schwartz","R Lindgren"
"1547","O Vitouch","B Gula"
"1548","M Evens","S Argamon"
"1549","E Lulis","S Argamon"
"1550","E Lulis","M Evens"
"1551","X Tian","E Davelaar"
"1552","T Crowley","E Davelaar"
"1553","T Crowley","X Tian"
"1555","D Huber","X Tian"
"1556","D Huber","T Crowley"
"1557","T Okada","F Kobayashi"
"1558","D Salvucci","D Brumby"
"1560","R Sekal","R Babai"
"1561","R Stavy","R Babai"
"1562","R Stavy","R Sekal"
"1563","N Taatgen","I Juvina"
"1564","S Finley","W Badecker"
"1565","M Ryan","N Kim"
"1566","X Zhao","P Li"
"1567","P Dronek","S Blessing"
"1568","T Taira","T Kusumi"
"1569","N Segalowitz","W Chung"
"1570","J Hu","C Chang"
"1571","R Lindgren","J Go"
"1572","S Varma","J Go"
"1573","S Varma","R Lindgren"
"1574","W Shore","P Hull-Smith"
"1575","J Whitmore","P Hull-Smith"
"1576","J Whitmore","W Shore"
"1577","B Pedersen","B Pedersen"
"1578","S Vosniadou","M Koulianou"
"1579","E Bos","F Poletiek"
"1580","H Nakamura","J Kawaguchi"
"1581","S Stavinoha","H Ginsburg"
"1582","S Levine","J Huttenlocher"
"1583","L Suriyakham","J Huttenlocher"
"1584","L Suriyakham","S Levine"
"1585","B Aczel","D Toth"
"1586","T Kaefer","G Feng"
"1587","M Walker","J Ellenbogen"
"1588","J Payne","J Ellenbogen"
"1589","J Payne","M Walker"
"1590","E Stroynowski","J Ellenbogen"
"1591","E Stroynowski","M Walker"
"1592","E Stroynowski","J Payne"
"1593","R Stickgold","J Ellenbogen"
"1594","R Stickgold","M Walker"
"1595","R Stickgold","J Payne"
"1596","R Stickgold","E Stroynowski"
"1597","A Stull","R Mayer"
"1598","S Zengaro","A Iran-Nejad"
"1599","F Zengaro","A Iran-Nejad"
"1600","F Zengaro","S Zengaro"
"1601","M Saggar","R Miikkulainen"
"1602","K Doherty","S Bang"
"1603","B Landau","A Goldberg"
"1604","H Maas","B Jansen"
"1605","M Straatemeier","B Jansen"
"1606","M Straatemeier","H Maas"
"1607","E Chrysikou","K Alvarez"
"1608","J Clarke","K Alvarez"
"1609","J Clarke","E Chrysikou"
"1610","M Hegarty","M Canham"
"1611","R Perez","E Villasenor"
"1612","S d'Apollonia","S d'Apollonia"
"1613","F Xu","H Yeung"
"1614","C Santamaría","G Navarrete"
"1615","S Chartier","M Boukadoum"
"1616","S Helie","M Boukadoum"
"1617","S Helie","S Chartier"
"1618","R Proulx","M Boukadoum"
"1619","R Proulx","S Chartier"
"1620","R Proulx","S Helie"
"1621","G Giguere","D Cousineau"
"1622","G Lacroix","D Cousineau"
"1623","G Lacroix","G Giguere"
"1624","S Larochelle","D Cousineau"
"1625","S Larochelle","G Giguere"
"1626","S Larochelle","G Lacroix"
"1627","A Hund","M Bartlett"
"1628","B Seanor","M Bartlett"
"1629","B Seanor","A Hund"
"1630","V Marian","M Kaushanskaya"
"1631","J Yan","N Lavigne"
"1632","E Cooper","E Reed"
"1633","L Jones","E Reed"
"1634","L Jones","E Cooper"
"1635","P Thompson","E Reed"
"1636","P Thompson","E Cooper"
"1637","P Thompson","L Jones"
"1638","A Pope","E Reed"
"1639","A Pope","E Cooper"
"1640","A Pope","L Jones"
"1641","A Pope","P Thompson"
"1642","K Wilson","E Reed"
"1643","K Wilson","E Cooper"
"1644","K Wilson","L Jones"
"1645","K Wilson","P Thompson"
"1646","K Wilson","A Pope"
"1647","A Schutte","M Ortmann"
"1651","P Hauf","G Aschersleben"
"1652","A Klein","G Aschersleben"
"1653","A Klein","P Hauf"
"1654","N Charter","J Adelman"
"1655","J Quesada","J Adelman"
"1656","J Quesada","N Charter"
"1657","K Gaitanis","O Vybornova"
"1658","B Macq","O Vybornova"
"1659","B Macq","K Gaitanis"
"1660","L Zhang","G Cottrell"
"1661","R Youmans","S Ohlsson"
"1662","S Kwan","P Chu"
"1663","S Matthews","P Chu"
"1664","S Matthews","S Kwan"
"1665","F Yap","P Chu"
"1666","F Yap","S Kwan"
"1667","F Yap","S Matthews"
"1668","E Yiu","P Chu"
"1669","E Yiu","S Kwan"
"1670","E Yiu","S Matthews"
"1671","E Yiu","F Yap"
"1672","S Wong","P Chu"
"1673","S Wong","S Kwan"
"1674","S Wong","S Matthews"
"1675","S Wong","F Yap"
"1676","S Wong","E Yiu"
"1677","Y Shirai","P Chu"
"1678","Y Shirai","S Kwan"
"1679","Y Shirai","S Matthews"
"1680","Y Shirai","F Yap"
"1681","Y Shirai","E Yiu"
"1682","Y Shirai","S Wong"
"1683","V Raymont","V Raymont"
"1684","T Ohno","J Abe"
"1685","K Yokosawa","H Jin"
"1686","K Yamagishi","Y Nishimura"
"1687","P Paritosh","M Klenk"
"1688","O Vartanian","D Mandel"
"1689","D Lonsdale","D Lonsdale"
"1690","T Lubart","T Lubart"
"1691","D Roy","M Chi"
"1692","F Guindi","F Guindi"
"1693","B Ross","J Hummel"
"1694","J Zacks","J Zacks"
"1695","E Kappenman","W Hetrick"
"1696","J Kruschke","W Hetrick"
"1697","J Kruschke","E Kappenman"
"1698","J Johnson","J Busemeyer"
"1699","R Bod","R Bod"
"1700","I Zeeuws","N Deroost"
"1701","E Soetens","N Deroost"
"1702","E Soetens","I Zeeuws"
"1703","N Newcombe","N Newcombe"
"1704","A Iran-Nejad","A Iran-Nejad"
"1705","B Bertenthal","B Bertenthal"
"1707","W Ijsselsteijn","J Holopainen"
"1708","C Lindley","J Holopainen"
"1709","C Lindley","W Ijsselsteijn"
"1710","C Sennersten","J Holopainen"
"1711","C Sennersten","W Ijsselsteijn"
"1712","C Sennersten","C Lindley"
"1713","S Nieenthal","J Holopainen"
"1714","S Nieenthal","W Ijsselsteijn"
"1715","S Nieenthal","C Lindley"
"1716","S Nieenthal","C Sennersten"
"1717","N Ravaja","J Holopainen"
"1718","N Ravaja","W Ijsselsteijn"
"1719","N Ravaja","C Lindley"
"1720","N Ravaja","C Sennersten"
"1721","N Ravaja","S Nieenthal"
"1722","A Kanai","A Tokosumi"
"1723","N Matsumoto","A Tokosumi"
"1724","N Matsumoto","A Kanai"
"1725","A Utsumi","A Tokosumi"
"1726","A Utsumi","A Kanai"
"1727","A Utsumi","N Matsumoto"
"1728","N Yoshimine","A Tokosumi"
"1729","N Yoshimine","A Kanai"
"1730","N Yoshimine","N Matsumoto"
"1731","N Yoshimine","A Utsumi"
"1732","R Siegler","R Siegler"
"1733","R Shepard","R Shepard"
"1734","D Schacter","D Schacter"
"1735","J Wiley","M Jensen"
