"","from","to"
"1","U Hoffrage","T Reimer"
"2","S Niyogi","J Tenenbaum"
"3","T Nokes","I Ash"
"4","C Schunn","K Cho"
"5","H Brignull","Y Rogers"
"6","D Fum","F Missier"
"7","J McLean","H Branigan"
"8","H Reeve","H Branigan"
"9","H Reeve","J McLean"
"10","L Rips","A Bloomfield"
"11","T Halverson","A Hornof"
"12","T Knuuttila","T Honkela"
"13","N Chater","N Stewart"
"14","Z Cai","X Hu"
"15","D Franceschetti","X Hu"
"16","D Franceschetti","Z Cai"
"17","P Penumatsa","X Hu"
"18","P Penumatsa","Z Cai"
"19","P Penumatsa","D Franceschetti"
"20","A Graesser","X Hu"
"21","A Graesser","Z Cai"
"22","A Graesser","D Franceschetti"
"23","A Graesser","P Penumatsa"
"24","M Louwerse","X Hu"
"25","M Louwerse","Z Cai"
"26","M Louwerse","D Franceschetti"
"27","M Louwerse","P Penumatsa"
"28","M Louwerse","A Graesser"
"29","D McNamara","X Hu"
"30","D McNamara","Z Cai"
"31","D McNamara","D Franceschetti"
"32","D McNamara","P Penumatsa"
"33","D McNamara","A Graesser"
"34","D McNamara","M Louwerse"
"35","H Group","X Hu"
"36","H Group","Z Cai"
"37","H Group","D Franceschetti"
"38","H Group","P Penumatsa"
"39","H Group","A Graesser"
"40","H Group","M Louwerse"
"41","H Group","D McNamara"
"42","S Scott","S Scott"
"43","B Ross","S Chin-Parker"
"44","D Fisher","L Frey"
"45","K VanLehn","S Siler"
"46","A Shimojima","C Oshima"
"47","A Detiffe","S Gelaes"
"48","J Thibaut","S Gelaes"
"49","J Thibaut","A Detiffe"
"50","L Smith","H Yoshida"
"51","L Konieczny","B Hemforth"
"52","A Markman","K Kim"
"53","N Green","S Elzer"
"54","S Carberry","S Elzer"
"55","S Carberry","N Green"
"56","P Li","J Snedeker"
"57","S Yuan","J Snedeker"
"58","S Yuan","P Li"
"59","B Tversky","B Martin"
"60","J Tenenbaum","C Kemp"
"61","T Siedlecki","D Salvucci"
"62","A Petrov","A Petrov"
"63","M Dijkstra","N Taatgen"
"64","S Narayan","B Bergen"
"65","J Feldman","B Bergen"
"66","J Feldman","S Narayan"
"67","P Cheng","P Cheng"
"68","T Kushnir","D Sobel"
"69","S Sloman","S Sloman"
"70","F Keller","F Keller"
"71","R Hartsuiker","M Corley"
"72","P Juslin","L Karlsson"
"73","H Olsson","L Karlsson"
"74","H Olsson","P Juslin"
"75","M Wieth","B Burns"
"76","K Wiemer-Hastings","X Xu"
"77","S Dennis","M Harrington"
"78","N Gillespie","A diSessa"
"79","J Esterly","A diSessa"
"80","J Esterly","N Gillespie"
"81","R Miikkulaainen","M Mayberry"
"82","P Juslin","A Olsson"
"83","H Olsson","A Olsson"
"85","R French","M Mermillod"
"86","P Quin","M Mermillod"
"87","P Quin","R French"
"88","D Mareschal","M Mermillod"
"89","D Mareschal","R French"
"90","D Mareschal","P Quin"
"91","T Murray","T Murray"
"92","S Dennis","S Dennis"
"94","M Suret","J Locke"
"95","I McLaren","J Locke"
"96","I McLaren","M Suret"
"97","K Forbus","P Paritosh"
"98","C Hertzog","A Robinson"
"99","A Chaudhuri","R Farivar"
"100","K Koedinger","N Chang"
"101","M Lovett","N Chang"
"102","M Lovett","K Koedinger"
"103","E Kandogan","P Maglio"
"104","E Haber","P Maglio"
"105","E Haber","E Kandogan"
"106","D Gentner","F Anggoro"
"107","S Bringsjord","Y Yang"
"108","K Bock","D Davidson"
"109","D Irwin","D Davidson"
"110","D Irwin","K Bock"
"111","P Johnson-Laird","Y Yang"
"112","M Colagrosso","M Mozer"
"113","D Huber","M Mozer"
"114","D Huber","M Colagrosso"
"115","M Schnadt","A Welham"
"116","A Wills","A Welham"
"117","A Wills","M Schnadt"
"118","L Boroditsky","W Phillips"
"119","W Kintsch","J Queseda"
"120","E Gomez","J Queseda"
"121","E Gomez","W Kintsch"
"122","C Andersen","C Andersen"
"123","J Oberlander","A Gill"
"124","K Eberhard","M Scheutz"
"125","K Targowski","M Scheutz"
"126","K Targowski","K Eberhard"
"127","O Wilhelm","K Oberauer"
"128","K Malone","K Malone"
"129","M Usher","E Davelaar"
"130","G Stevens","D Devnich"
"131","J Hummel","D Devnich"
"132","J Hummel","G Stevens"
"133","J Lindblom","T Susi"
"134","T Ziemke","T Susi"
"135","T Ziemke","J Lindblom"
"139","P Johnson-Laird","U Hasson"
"141","R Golden","C Jaynes"
"142","E Kurz-Milcke","N Nersessian"
"143","W Newstetter","N Nersessian"
"144","W Newstetter","E Kurz-Milcke"
"145","J Davies","N Nersessian"
"146","J Davies","E Kurz-Milcke"
"147","J Davies","W Newstetter"
"148","T Ormerod","C Bearman"
"149","L Ball","C Bearman"
"150","L Ball","T Ormerod"
"151","B Tversky","J Heiser"
"152","M Agrawala","J Heiser"
"153","M Agrawala","B Tversky"
"154","P Hanrahan","J Heiser"
"155","P Hanrahan","B Tversky"
"156","P Hanrahan","M Agrawala"
"157","M Byrne","M Byrne"
"158","L Ball","M Gale"
"159","M Pickering","S Haywood"
"160","H Branigan","S Haywood"
"161","H Branigan","M Pickering"
"162","G Logan","J Choplin"
"163","S Ploux","H Ji"
"164","G Knoblich","N Sebanz"
"165","W Prinz","N Sebanz"
"166","W Prinz","G Knoblich"
"167","P Tibbetts","P Tibbetts"
"168","M Delfos","T Bosse"
"169","C Jonker","T Bosse"
"170","C Jonker","M Delfos"
"171","J Treur","T Bosse"
"172","J Treur","M Delfos"
"173","J Treur","C Jonker"
"174","J Trafton","R Ratwani"
"175","D Boehm-Davis","R Ratwani"
"176","D Boehm-Davis","J Trafton"
"177","N Charter","P Monaghan"
"178","M Christiansen","P Monaghan"
"179","M Christiansen","N Charter"
"180","K Oberauer","A Weidenfeld"
"181","I Pearson","M Ramscar"
"182","S Ali","M Ramscar"
"183","S Ali","I Pearson"
"184","M Dowman","M Dowman"
"185","E Spelke","E Steingold"
"186","A Kittredge","E Steingold"
"187","A Kittredge","E Spelke"
"188","D Horn","Z Solan"
"189","E Ruppin","Z Solan"
"190","E Ruppin","D Horn"
"191","S Edelman","Z Solan"
"192","S Edelman","D Horn"
"193","S Edelman","E Ruppin"
"194","A Hoffman","B Rehder"
"195","B Love","Y Sakamoto"
"196","I Myung","D Navarro"
"197","M Pitt","D Navarro"
"198","M Pitt","I Myung"
"199","W Kim","D Navarro"
"200","W Kim","I Myung"
"201","W Kim","M Pitt"
"202","S Beller","S Beller"
"203","M Keane","L Connell"
"204","M Pomplun","S Inamdar"
"205","D Cousineau","D Huber"
"206","P Fitzpatrick","P Fitzpatrick"
"207","R Dale","E Balcetis"
"208","M rosby","R Vick"
"209","B Auernheimer","R Vick"
"210","B Auernheimer","M rosby"
"211","V Sloutsky","C Robinson"
"212","N Chater","I Vlaev"
"213","M Crocker","P Knoeferle"
"214","C Scheepers","P Knoeferle"
"215","C Scheepers","M Crocker"
"216","M Pickering","P Knoeferle"
"217","M Pickering","M Crocker"
"218","M Pickering","C Scheepers"
"219","P Gerjets","K Scheiter"
"220","S Maruno","E Tomida"
"221","M Ellefson","C Conway"
"222","M Christiansen","C Conway"
"223","M Christiansen","M Ellefson"
"224","P Dominey","P Dominey"
"225","D Gentner","J Jameson"
"226","A Markman","C Stilwell"
"227","F Giardini","C Castelfranchi"
"228","E Lorini","C Castelfranchi"
"229","E Lorini","F Giardini"
"230","L Tummolini","C Castelfranchi"
"231","L Tummolini","F Giardini"
"232","L Tummolini","E Lorini"
"233","A Nair","A Gordon"
"234","D Ballard","C Yu"
"235","R Aslin","C Yu"
"236","R Aslin","D Ballard"
"237","L Boroditsky","D Casasanto"
"238","R Dossena","L Magnani"
"239","S Beller","A Bender"
"240","M Wenger","P Maglio"
"241","A Copeland","P Maglio"
"242","A Copeland","M Wenger"
"243","B Tversky","M Suwa"
"244","A Shimojima","I Umata"
"245","Y Katagiri","I Umata"
"246","Y Katagiri","A Shimojima"
"247","N Swoboda","I Umata"
"248","N Swoboda","A Shimojima"
"249","N Swoboda","Y Katagiri"
"250","T Fukaya","A Shimojima"
"251","T Yamauchi","T Yamauchi"
"252","M Bucciarelli","F Bosco"
"253","B Bara","F Bosco"
"254","B Bara","M Bucciarelli"
"255","M MacDonald","D Race"
"256","R Gray","C Lebiere"
"257","D Salvucci","C Lebiere"
"258","D Salvucci","R Gray"
"259","R West","C Lebiere"
"260","R West","R Gray"
"261","R West","D Salvucci"
"262","J McClelland","G Lupyan"
"263","S Garrod","N Fay"
"264","J Lee","N Fay"
"265","J Lee","S Garrod"
"266","J Oberlander","N Fay"
"267","J Oberlander","S Garrod"
"268","J Oberlander","J Lee"
"269","L Gabora","L Gabora"
"270","M Gonitzke","P Monaghan"
"271","N Chater","P Monaghan"
"272","N Chater","M Gonitzke"
"273","M Young","M Schlesinger"
"274","A Gopnik","T Kushnir"
"275","L Schulz","T Kushnir"
"276","L Schulz","A Gopnik"
"277","D Danks","T Kushnir"
"278","D Danks","A Gopnik"
"279","D Danks","L Schulz"
"280","R Alix-Gaudreau","Z Estes"
"281","Z Dienes","R Seabrook"
"282","U Cress","U Cress"
"283","D Liu","D Liu"
"284","S Trehub","E Hannon"
"285","J Sims","T Ioerger"
"286","R Volz","T Ioerger"
"287","R Volz","J Sims"
"288","J Workman","T Ioerger"
"289","J Workman","J Sims"
"290","J Workman","R Volz"
"291","W Shebilske","T Ioerger"
"292","W Shebilske","J Sims"
"293","W Shebilske","R Volz"
"294","W Shebilske","J Workman"
"295","V Sloutsky","A Fisher"
"296","S Chin-Parker","A Patalano"
"297","B Ross","A Patalano"
"299","D Mareschal","R Leech"
"300","R Cooper","R Leech"
"301","R Cooper","D Mareschal"
"302","D Calvillo","R Revlin"
"303","P Mautone","R Revlin"
"304","P Mautone","D Calvillo"
"305","L Shastri","C Wendelken"
"306","X Zhang","R Sun"
"307","A Richards","I Blanchette"
"308","K Forbus","J Yan"
"309","D Gentner","J Yan"
"310","D Gentner","K Forbus"
"311","M Ramscar","T Matlock"
"312","L Boroditsky","T Matlock"
"313","L Boroditsky","M Ramscar"
"314","N Braisby","N Braisby"
"315","G Jackson","A Graesser"
"316","E Matthews","A Graesser"
"317","E Matthews","G Jackson"
"318","H Mitchell","A Graesser"
"319","H Mitchell","G Jackson"
"320","H Mitchell","E Matthews"
"321","A Olney","A Graesser"
"322","A Olney","G Jackson"
"323","A Olney","E Matthews"
"324","A Olney","H Mitchell"
"325","M Ventura","A Graesser"
"326","M Ventura","G Jackson"
"327","M Ventura","E Matthews"
"328","M Ventura","H Mitchell"
"329","M Ventura","A Olney"
"330","P Chipman","A Graesser"
"331","P Chipman","G Jackson"
"332","P Chipman","E Matthews"
"333","P Chipman","H Mitchell"
"334","P Chipman","A Olney"
"335","P Chipman","M Ventura"
"337","D Franceschetti","G Jackson"
"338","D Franceschetti","E Matthews"
"339","D Franceschetti","H Mitchell"
"340","D Franceschetti","A Olney"
"341","D Franceschetti","M Ventura"
"342","D Franceschetti","P Chipman"
"344","X Hu","G Jackson"
"345","X Hu","E Matthews"
"346","X Hu","H Mitchell"
"347","X Hu","A Olney"
"348","X Hu","M Ventura"
"349","X Hu","P Chipman"
"352","M Louwerse","G Jackson"
"353","M Louwerse","E Matthews"
"354","M Louwerse","H Mitchell"
"355","M Louwerse","A Olney"
"356","M Louwerse","M Ventura"
"357","M Louwerse","P Chipman"
"360","N Person","A Graesser"
"361","N Person","G Jackson"
"362","N Person","E Matthews"
"363","N Person","H Mitchell"
"364","N Person","A Olney"
"365","N Person","M Ventura"
"366","N Person","P Chipman"
"367","N Person","D Franceschetti"
"368","N Person","X Hu"
"369","N Person","M Louwerse"
"370","G Group","A Graesser"
"371","G Group","G Jackson"
"372","G Group","E Matthews"
"373","G Group","H Mitchell"
"374","G Group","A Olney"
"375","G Group","M Ventura"
"376","G Group","P Chipman"
"377","G Group","D Franceschetti"
"378","G Group","X Hu"
"379","G Group","M Louwerse"
"380","G Group","N Person"
"381","M Nielsen","M Nielsen"
"382","S Doane","M Jodlowski"
"383","P Johnson-Laird","C Haught"
"384","J Winawer","N Witthoft"
"385","L Wu","N Witthoft"
"386","L Wu","J Winawer"
"387","M Frank","N Witthoft"
"388","M Frank","J Winawer"
"389","M Frank","L Wu"
"390","A Wade","N Witthoft"
"391","A Wade","J Winawer"
"392","A Wade","L Wu"
"393","A Wade","M Frank"
"394","L Boroditsky","N Witthoft"
"395","L Boroditsky","J Winawer"
"396","L Boroditsky","L Wu"
"397","L Boroditsky","M Frank"
"398","L Boroditsky","A Wade"
"399","J Tenenbaum","T Griffiths"
"400","M Amoretti","M Amoretti"
"401","B Guimberteau","B Guimberteau"
"402","A Feeney","L Webber"
"403","L Wagner","L Wagner"
"404","M Purver","P Healey"
"405","J King","P Healey"
"406","J King","M Purver"
"407","J Ginzburg","P Healey"
"408","J Ginzburg","M Purver"
"409","J Ginzburg","J King"
"410","G Mills","P Healey"
"411","G Mills","M Purver"
"412","G Mills","J King"
"413","G Mills","J Ginzburg"
"414","A Stocco","D Fum"
"415","W Ahn","J Marsh"
"416","C Snow","S Read"
"417","D Simon","S Read"
"418","D Simon","C Snow"
"419","J Hsiao","J Hsiao"
"420","M Ramney","E Munnich"
"421","J Nelson","E Munnich"
"422","J Nelson","M Ramney"
"423","J Osuna","E Munnich"
"424","J Osuna","M Ramney"
"425","J Osuna","J Nelson"
"426","N Brazil","E Munnich"
"427","N Brazil","M Ramney"
"428","N Brazil","J Nelson"
"429","N Brazil","J Osuna"
"430","J Kolodner","J Owensby"
"431","W Schaeken","N Verschueren"
"432","G d'Ydewalle","N Verschueren"
"433","G d'Ydewalle","W Schaeken"
"434","K Jong","A Samnonovich"
"435","A Utsunomiya","T Komatsu"
"436","K Suzuki","T Komatsu"
"437","K Suzuki","A Utsunomiya"
"438","K Ueda","T Komatsu"
"439","K Ueda","A Utsunomiya"
"440","K Ueda","K Suzuki"
"441","K Hiraki","T Komatsu"
"442","K Hiraki","A Utsunomiya"
"443","K Hiraki","K Suzuki"
"444","K Hiraki","K Ueda"
"445","N Oka","T Komatsu"
"446","N Oka","A Utsunomiya"
"447","N Oka","K Suzuki"
"448","N Oka","K Ueda"
"449","N Oka","K Hiraki"
"450","M Christiansen","L Onnis"
"451","N Chater","L Onnis"
"452","N Chater","M Christiansen"
"453","R Gomez","L Onnis"
"454","R Gomez","M Christiansen"
"455","R Gomez","N Chater"
"456","J Clement","J Clement"
"457","P Wolff","B Klettke"
"458","B Burns","B Burns"
"459","S Katz","S Katz"
"460","D Chene","L Leger"
"461","T Baccino","L Leger"
"462","T Baccino","D Chene"
"463","C Tijus","L Leger"
"464","C Tijus","D Chene"
"465","C Tijus","T Baccino"
"466","W Ahn","C Luhmann"
"467","J Tenenbaum","T Krynski"
"468","D Gentner","M Feist"
"469","C Dodane","J Blanc"
"470","P Dominey","J Blanc"
"471","P Dominey","C Dodane"
"472","M Christiansen","F Reali"
"473","P Monaghan","F Reali"
"475","M Keane","D Lynott"
"476","B Ashpole","R Goldstone"
"477","W Schaeken","W Neys"
"478","G d'Ydewalle","W Neys"
"480","L Gonnerman","J Aronoff"
"481","E Andersen","J Aronoff"
"482","E Andersen","L Gonnerman"
"483","D Kempler","J Aronoff"
"484","D Kempler","L Gonnerman"
"485","D Kempler","E Andersen"
"486","A Almor","J Aronoff"
"487","A Almor","L Gonnerman"
"488","A Almor","E Andersen"
"489","A Almor","D Kempler"
"490","A Goel","J Davies"
"491","V Sloutsky","A Napolitano"
"492","M Wiebe","M Wiebe"
"494","S Ohlsson","T Kershaw"
"495","C Coyne","T Kershaw"
"496","C Coyne","S Ohlsson"
"497","R Ferguson","R Ferguson"
"498","N Chater","S Moore"
"499","P Juslin","P Hansson"
"500","A Winman","P Hansson"
"501","A Winman","P Juslin"
"502","G Peevers","S Ainsworth"
"503","R Hadley","M Vilcu"
"504","C Jolly","J Wiley"
"506","R Catrambone","P Gerjets"
"507","R Catrambone","K Scheiter"
"508","W Fu","W Fu"
"509","R Hadley","R Hadley"
"510","V Sloutsky","L Martin"
"511","J Snedeker","D Barner"
"512","I Prinsen","J Hoeks"
"513","L Stowe","J Hoeks"
"514","L Stowe","I Prinsen"
"515","P Gerjets","T Schorr"
"516","K Scheiter","T Schorr"
"518","K O'Hara","M Perry"
"519","G Spinelli","M Perry"
"520","G Spinelli","K O'Hara"
"521","B Sharpe","M Perry"
"522","B Sharpe","K O'Hara"
"523","B Sharpe","G Spinelli"
"524","M Alac","M Alac"
"525","N Stewart","S Reimers"
"526","N Chater","S Reimers"
"528","J Wagner","G Deak"
"529","D Gentner","S Day"
"530","G Goodwin","U Hasson"
"531","E Colunga","F Calvo"
"532","P Juslin","H Nilsson"
"533","H Olsson","H Nilsson"
"535","W Helton","W Helton"
"536","M Ramscar","D Yarlett"
"537","D Salvucci","A Chavez"
"538","E Francozo","O Coelho"
"539","E Albano","O Coelho"
"540","E Albano","E Francozo"
"541","R Basso","O Coelho"
"542","R Basso","E Francozo"
"543","R Basso","E Albano"
"544","L Boroditsky","R Prather"
"545","B Kokinov","N Zareva-Toncheva"
"546","A Kozbelt","A Kozbelt"
"547","V Patel","A Keselman"
"548","M Graham","A Keselman"
"549","M Graham","V Patel"
"550","T Johnson","A Keselman"
"551","T Johnson","V Patel"
"552","T Johnson","M Graham"
"553","J Zhang","A Keselman"
"554","J Zhang","V Patel"
"555","J Zhang","M Graham"
"556","J Zhang","T Johnson"
"557","I Rifkin","G Lupyan"
"558","S Gamard","F Lee"
"559","I Arroyo","T Murray"
"560","R Golden","K Patel"
"561","T Kusumi","K Matsuda"
"562","J Kerlin","T Seymour"
"563","A Kurtz","T Seymour"
"564","A Kurtz","J Kerlin"
"565","R Goldstone","J Son"
"566","B Bowdle","S Gokcesu"
"567","C Beal","I Arroyo"
"568","K Addis","K Klein"
"569","M Kahana","K Klein"
"570","M Kahana","K Addis"
"571","K Nakamoto","K Nakamoto"
"572","F Chen","C Sifonis"
"573","D Bommarito","C Sifonis"
"574","D Bommarito","F Chen"
"575","S Carey","T Lombrozo"
"576","J Gobert","J Gobert"
"577","R Tweney","D Skelton"
"578","M Yip","M Yip"
"579","M Ramscar","M Frank"
"580","L Blaha","K Christy"
"581","R Thomas","K Christy"
"582","R Thomas","L Blaha"
"583","D Poeppel","R Fiorentino"
"584","C Ayala","R Tweney"
"585","A Adcock","D Francschetti"
"586","A Graesser","D Francschetti"
"587","A Graesser","A Adcock"
"588","G Lacroix","G Giguere"
"589","S Larochelle","G Giguere"
"590","S Larochelle","G Lacroix"
"591","D Rapp","K Maddox"
"592","H Taylor","K Maddox"
"593","H Taylor","D Rapp"
"594","M Canham","M Hegarty"
"595","N Shimozawa","M Hegarty"
"596","N Shimozawa","M Canham"
"597","C Schmitt","C Laloyaux"
"598","J Florack","E Anderson"
"599","H Bortfeld","M McGlone"
"600","H Lurie","F Subiaul"
"601","K Romansky","F Subiaul"
"602","K Romansky","H Lurie"
"603","D Holmes","F Subiaul"
"604","D Holmes","H Lurie"
"605","D Holmes","K Romansky"
"606","T Klein","F Subiaul"
"607","T Klein","H Lurie"
"608","T Klein","K Romansky"
"609","T Klein","D Holmes"
"610","R Holloway","F Subiaul"
"611","R Holloway","H Lurie"
"612","R Holloway","K Romansky"
"613","R Holloway","D Holmes"
"614","R Holloway","T Klein"
"615","H Terrace","F Subiaul"
"616","H Terrace","H Lurie"
"617","H Terrace","K Romansky"
"618","H Terrace","D Holmes"
"619","H Terrace","T Klein"
"620","H Terrace","R Holloway"
"621","N Miyake","H Shirouzu"
"622","J Zhang","P Chung"
"623","T Johnson","P Chung"
"625","S Egan","R Byrne"
"626","J Garcia-Madruga","R Byrne"
"627","J Garcia-Madruga","S Egan"
"628","P Anderson","L Hedman"
"629","P Strom","L Hedman"
"630","P Strom","P Anderson"
"631","A Kjellin","L Hedman"
"632","A Kjellin","P Anderson"
"633","A Kjellin","P Strom"
"634","L Sarno","L Hedman"
"635","L Sarno","P Anderson"
"636","L Sarno","P Strom"
"637","L Sarno","A Kjellin"
"638","T Wredmark","L Hedman"
"639","T Wredmark","P Anderson"
"640","T Wredmark","P Strom"
"641","T Wredmark","A Kjellin"
"642","T Wredmark","L Sarno"
"643","L Fellander-Tsai","L Hedman"
"644","L Fellander-Tsai","P Anderson"
"645","L Fellander-Tsai","P Strom"
"646","L Fellander-Tsai","A Kjellin"
"647","L Fellander-Tsai","L Sarno"
"648","L Fellander-Tsai","T Wredmark"
"649","K Kotovsky","J Moss"
"650","J Cagan","J Moss"
"651","J Cagan","K Kotovsky"
"652","R Weisberg","J Fleck"
"653","Y Kobayashi","Y Kobayashi"
"654","E Trusova","L Boroditsky"
"655","S Kitayama","K Ishii"
"656","J Kruschke","M Johansen"
"657","C Harris","H Ramsawh"
"659","C Espinel","C Espinel"
"663","J Sedivy","D Grodner"
"664","D Cousineau","S Helie"
"665","S Brem","L Romero"
"666","T Zentall","A Friedrich"
"667","A Howes","D Brumby"
"669","A Chau","T Wong"
"670","K Dieussaert","K Dieussaert"
"671","P Wiemer-Hastings","P Wiemer-Hastings"
"672","E Dolan","M Kahana"
"673","C Sauder","M Kahana"
"674","C Sauder","E Dolan"
"675","A Wingfield","M Kahana"
"676","A Wingfield","E Dolan"
"677","A Wingfield","C Sauder"
"678","C Schunn","B Christensen"
"679","T Goldsmith","D Trumpower"
"680","B Williams","D Trumpower"
"681","B Williams","T Goldsmith"
"682","M Kozhevnikov","O Blajenkova"
"683","A Vera","A Howes"
"684","R Remington","A Howes"
"685","R Remington","A Vera"
"686","M Doherty","R Anderson"
"688","K Lie","K Lie"
"689","J Corter","T Matsuka"
"690","P Horwitz","J Gobert"
"691","B Tinker","J Gobert"
"692","B Tinker","P Horwitz"
"693","B Buckley","J Gobert"
"694","B Buckley","P Horwitz"
"695","B Buckley","B Tinker"
"696","U Wilensky","J Gobert"
"697","U Wilensky","P Horwitz"
"698","U Wilensky","B Tinker"
"699","U Wilensky","B Buckley"
"700","S Levy","J Gobert"
"701","S Levy","P Horwitz"
"702","S Levy","B Tinker"
"703","S Levy","B Buckley"
"704","S Levy","U Wilensky"
"705","C Dede","J Gobert"
"706","C Dede","P Horwitz"
"707","C Dede","B Tinker"
"708","C Dede","B Buckley"
"709","C Dede","U Wilensky"
"710","C Dede","S Levy"
"711","J Madsen","P Sederberg"
"712","M Kahana","P Sederberg"
"713","M Kahana","J Madsen"
"714","T Ziemke","T Ziemke"
"715","J Fan","H Wang"
"716","L Jones","Z Estes"
"717","A Inhoff","B Eiter"
"718","D Kamawar","C Krachun"
"719","L Winship","T Murray"
"720","N Stillings","T Murray"
"721","N Stillings","L Winship"
"722","W Neys","K Dieussaert"
"723","W Phillips","D Casasanto"
"726","R John","C Werner"
"727","D Salvucci","Y Kushleyeva"
"728","K Kurtz","J Kwasny"
"730","Y Miyake","N Miyake"
"731","Y Miyake","H Shirouzu"
"735","C Myers","S Li"
"736","M Schoelles","S Li"
"737","M Schoelles","C Myers"
"738","W Gray","S Li"
"739","W Gray","C Myers"
"740","W Gray","M Schoelles"
"741","M Hegarty","C Cohen"
"742","M Kehner","C Cohen"
"743","M Kehner","M Hegarty"
"744","D Montello","C Cohen"
"745","D Montello","M Hegarty"
"746","D Montello","M Kehner"
"747","R Weisberg","E Chrysikou"
"748","L Jerzykiewicz","L Jerzykiewicz"
"749","P Seidensticker","M Wettler"
"750","N Segalowitz","M Taube-Schiff"
"751","N Nersessian","F Dogan"
"752","C Tobon","C Tobon"
"753","C Schunn","B Morris"
"754","N Segalowitz","I O'Brien"
"755","J Coley","L Baraff"
"756","B MacWhinney","Y Yoshimura"
"757","P Chung","P Chung"
"758","T Watkins","S Trickett"
"759","J Trafton","S Trickett"
"760","J Trafton","T Watkins"
"761","M Ramscar","N Davidenko"
"762","N Segalowitz","W Chung"
"763","P Gupta","J Lipinski"
"764","J Bond-Robinson","A Preece"
"765","H Muller","H Yen"
"770","P Gerjets","J Schuh"
"771","K Scheiter","J Schuh"
"773","H Wang","T Johnson"
"775","J Zhang","H Wang"
"776","R Shillcock","J Hsiao"
"777","E Bratt","B Clark"
"778","K Schultz","B Clark"
"779","K Schultz","E Bratt"
"780","M Evens","B Clark"
"781","M Evens","E Bratt"
"782","M Evens","K Schultz"
"783","W Wallace","D Mendonca"
"784","C Harris","C Harris"
"785","T Kojima","T Kojima"
"786","J Dowell","M Tscholl"
"787","T Shultz","T Shultz"
"788","S Kulkarni","G Harman"
"789","E Altmann","E Altmann"
"792","J McLean","M Pickering"
"794","J Zacks","J Zacks"
"795","I Levinstein","D McNamara"
"796","K Millis","D McNamara"
"797","K Millis","I Levinstein"
"798","J Magliano","D McNamara"
"799","J Magliano","I Levinstein"
"800","J Magliano","K Millis"
"801","K Wiemer-Hastings","D McNamara"
"802","K Wiemer-Hastings","I Levinstein"
"803","K Wiemer-Hastings","K Millis"
"804","K Wiemer-Hastings","J Magliano"
"805","A Corrigan-Halpern","S Ohlsson"
"806","B Eugenio","S Ohlsson"
"807","B Eugenio","A Corrigan-Halpern"
"808","X Lu","S Ohlsson"
"809","X Lu","A Corrigan-Halpern"
"810","X Lu","B Eugenio"
"811","M Glass","S Ohlsson"
"812","M Glass","A Corrigan-Halpern"
"813","M Glass","B Eugenio"
"814","M Glass","X Lu"
"815","P Todd","P Todd"
"816","P Denis","P Grim"
"817","T Kokalis","P Grim"
"818","T Kokalis","P Denis"
"819","P Sedlmeier","P Sedlmeier"
"820","S Edelman","S Edelman"
"821","M Spivey","M Spivey"
"822","L Smith","L Smith"
"823","M Zheng","T Regier"
"824","S Seung","W Richards"
"825","R Giere","R Giere"
"826","L Magnani","L Magnani"
"827","W Clancey","W Clancey"
"828","D Niederhauser","A Shapiro"
"829","E Hutchins","E Hutchins"
"830","M Tomasello","M Tomasello"
"831","J Greeno","J Greeno"
"832","R Frank","F Ferreira"
"833","E Stabler","F Ferreira"
"834","E Stabler","R Frank"
"835","B Webber","F Ferreira"
"836","B Webber","R Frank"
"837","B Webber","E Stabler"
"838","D Anastasi","L Neal"
"839","T Landauer","S Dennis"
"840","W Kintsch","S Dennis"
"841","W Kintsch","T Landauer"
"842","J Queseda","S Dennis"
"843","J Queseda","T Landauer"
"845","W Bechtel","A Abrahamsen"
"846","P Bradley","A Abrahamsen"
"847","P Bradley","W Bechtel"
"848","C Craver","A Abrahamsen"
"849","C Craver","W Bechtel"
"850","C Craver","P Bradley"
"851","K Rayner","K Rayner"
"852","J Kolonder","N Miyake"
"853","A","R Tweney"
"854","C Ronald","R Tweney"
"855","C Ronald","A"
"856","K Elizabeth","R Tweney"
"857","K Elizabeth","A"
"858","K Elizabeth","C Ronald"
"859","T M.","R Tweney"
"860","T M.","A"
"861","T M.","C Ronald"
"862","T M.","K Elizabeth"
"863","G Marcus","R Hadley"
"864","R Jacobs","R Hadley"
"865","R Jacobs","G Marcus"
"866","T Honkela","R Giere"
"867","J Kangasoja","R Giere"
"868","J Kangasoja","T Honkela"
"869","T Knuuttila","R Giere"
"871","T Knuuttila","J Kangasoja"
