"","from","to"
"1","R Salakhutdinov","B Lake"
"2","J Tenenbaum","B Lake"
"3","J Tenenbaum","R Salakhutdinov"
"4","C Lebiere","I Juvina"
"5","C Gonzalez","I Juvina"
"6","C Gonzalez","C Lebiere"
"7","M Saleem","I Juvina"
"8","M Saleem","C Lebiere"
"9","M Saleem","C Gonzalez"
"10","C Kemp","C Carroll"
"11","F Vallee-Tourangeau","F Vallee-Tourangeau"
"12","G Trafton","S Khemlani"
"13","P Healey","C Howes"
"14","M Purver","C Howes"
"15","M Purver","P Healey"
"16","A Eshghi","C Howes"
"17","A Eshghi","P Healey"
"18","A Eshghi","M Purver"
"19","P Bilkstein","P Bilkstein"
"20","T Gureckis","D Markant"
"21","J Williams","C Walker"
"22","T Lombrozo","C Walker"
"23","T Lombrozo","J Williams"
"24","A Gopnik","C Walker"
"25","A Gopnik","J Williams"
"26","A Gopnik","T Lombrozo"
"27","J Hsiao","T Liu"
"28","O Alacam","C Acarturk"
"29","J Dungan","J Koster-Hale"
"30","R Saxe","J Koster-Hale"
"31","R Saxe","J Dungan"
"32","L Young","J Koster-Hale"
"33","L Young","J Dungan"
"34","L Young","R Saxe"
"35","T Hills","D Wulff"
"36","R Hertwig","D Wulff"
"37","R Hertwig","T Hills"
"38","R Goldstone","P Carvalho"
"39","J Anderson","J Moon"
"40","H Sakai","M Sato"
"41","J Wu","M Sato"
"42","J Wu","H Sakai"
"43","B Bergen","M Sato"
"44","B Bergen","H Sakai"
"45","B Bergen","J Wu"
"46","L Maaten","J Lewis"
"47","V Sa","J Lewis"
"48","V Sa","L Maaten"
"49","S Kelly","J Holler"
"50","P Hagoort","J Holler"
"51","P Hagoort","S Kelly"
"52","A Ozyurek","J Holler"
"53","A Ozyurek","S Kelly"
"54","A Ozyurek","P Hagoort"
"55","E Coppess","Y Kronrod"
"56","N Feldman","Y Kronrod"
"57","N Feldman","E Coppess"
"58","A Bender","S Beller"
"59","T Ullman","P Battaglia"
"60","J Tenenbaum","P Battaglia"
"61","J Tenenbaum","T Ullman"
"62","A Sanborn","P Battaglia"
"63","A Sanborn","T Ullman"
"64","A Sanborn","J Tenenbaum"
"65","K Forbus","P Battaglia"
"66","K Forbus","T Ullman"
"67","K Forbus","J Tenenbaum"
"68","K Forbus","A Sanborn"
"69","T Gerstenberg","P Battaglia"
"70","T Gerstenberg","T Ullman"
"71","T Gerstenberg","J Tenenbaum"
"72","T Gerstenberg","A Sanborn"
"73","T Gerstenberg","K Forbus"
"74","D Lagnado","P Battaglia"
"75","D Lagnado","T Ullman"
"76","D Lagnado","J Tenenbaum"
"77","D Lagnado","A Sanborn"
"78","D Lagnado","K Forbus"
"79","D Lagnado","T Gerstenberg"
"80","J Ha","B Zhang"
"81","M Kang","B Zhang"
"82","M Kang","J Ha"
"83","G Mauner","H Yun"
"84","D Roland","H Yun"
"85","D Roland","G Mauner"
"86","J Koenig","H Yun"
"87","J Koenig","G Mauner"
"88","J Koenig","D Roland"
"89","N Goodman","T Gerstenberg"
"91","D Lagnado","N Goodman"
"93","J Tenenbaum","N Goodman"
"95","F Choo","T Stewart"
"96","C Eliasmith","T Stewart"
"97","C Eliasmith","F Choo"
"98","M Garraffa","M Coco"
"99","H Branigan","M Coco"
"100","H Branigan","M Garraffa"
"101","S Duman","K Phelps"
"102","J Leung","R Chan"
"103","A Abrahamsen","W Bechtel"
"104","F Jones","F Yeates"
"105","A Wills","F Yeates"
"106","A Wills","F Jones"
"107","M Aitken","F Yeates"
"108","M Aitken","F Jones"
"109","M Aitken","A Wills"
"110","I McLaren","F Yeates"
"111","I McLaren","F Jones"
"112","I McLaren","A Wills"
"113","I McLaren","M Aitken"
"114","L Kornbluth","L Zhang"
"115","P Knoeferle","L Zhang"
"116","P Knoeferle","L Kornbluth"
"117","H Wang","Y Sun"
"118","S Hutchinson","M Louwerse"
"119","Z Cai","M Louwerse"
"120","Z Cai","S Hutchinson"
"121","P Holcomb","N Cohn"
"122","R Jackendoff","N Cohn"
"123","R Jackendoff","P Holcomb"
"124","G Kuperberg","N Cohn"
"125","G Kuperberg","P Holcomb"
"126","G Kuperberg","R Jackendoff"
"127","M Waldman","J Nagel"
"128","E Bennett","A Gagliardi"
"129","J Lidz","A Gagliardi"
"130","J Lidz","E Bennett"
"131","N Feldman","A Gagliardi"
"132","N Feldman","E Bennett"
"133","N Feldman","J Lidz"
"134","E Redcay","N Dufour"
"135","L Young","N Dufour"
"136","L Young","E Redcay"
"137","P Mavros","N Dufour"
"138","P Mavros","E Redcay"
"139","P Mavros","L Young"
"140","J Moran","N Dufour"
"141","J Moran","E Redcay"
"142","J Moran","L Young"
"143","J Moran","P Mavros"
"144","C Triantafyllou","N Dufour"
"145","C Triantafyllou","E Redcay"
"146","C Triantafyllou","L Young"
"147","C Triantafyllou","P Mavros"
"148","C Triantafyllou","J Moran"
"149","J Gabrieli","N Dufour"
"150","J Gabrieli","E Redcay"
"151","J Gabrieli","L Young"
"152","J Gabrieli","P Mavros"
"153","J Gabrieli","J Moran"
"154","J Gabrieli","C Triantafyllou"
"155","R Saxe","N Dufour"
"156","R Saxe","E Redcay"
"158","R Saxe","P Mavros"
"159","R Saxe","J Moran"
"160","R Saxe","C Triantafyllou"
"161","R Saxe","J Gabrieli"
"162","D Lynott","L Connell"
"163","S Pado","A Zarcone"
"164","A Lenci","A Zarcone"
"165","A Lenci","S Pado"
"166","T Konno","J Morita"
"167","T Hashimoto","J Morita"
"168","T Hashimoto","T Konno"
"169","R Levy","K Bicknell"
"170","A Stuhlmuller","N Goodman"
"171","O Lappi","A Rusanen"
"172","A Prefors","D Navarro"
"173","E Hristova","M Grinberg"
"174","M Borisova","M Grinberg"
"175","M Borisova","E Hristova"
"176","A Scholz","F Rebitschek"
"177","F Bocklisch","F Rebitschek"
"178","F Bocklisch","A Scholz"
"179","J Krems","F Rebitschek"
"180","J Krems","A Scholz"
"181","J Krems","F Bocklisch"
"182","G Jahn","F Rebitschek"
"183","G Jahn","A Scholz"
"184","G Jahn","F Bocklisch"
"185","G Jahn","J Krems"
"186","K Fiedler","M Sydow"
"187","Y Egusa","H Saito"
"188","M Takaku","H Saito"
"189","M Takaku","Y Egusa"
"190","M Miwa","H Saito"
"191","M Miwa","Y Egusa"
"192","M Miwa","M Takaku"
"193","N Kando","H Saito"
"194","N Kando","Y Egusa"
"195","N Kando","M Takaku"
"196","N Kando","M Miwa"
"197","T Regier","J Abbott"
"198","T Griffiths","J Abbott"
"199","T Griffiths","T Regier"
"200","J Braatz","G Jahn"
"201","C Myers","V Veksler"
"202","K Gluck","V Veksler"
"203","K Gluck","C Myers"
"204","C Kemp","B Deverett"
"205","J Arciuli","D Stevens"
"206","D Anderson","D Stevens"
"207","D Anderson","J Arciuli"
"208","M Williams","D Stevens"
"209","M Williams","J Arciuli"
"210","M Williams","D Anderson"
"211","S Dow","C Kulkarni"
"212","S Klemmer","C Kulkarni"
"213","S Klemmer","S Dow"
"214","N Goodman","D Lassiter"
"215","K Dobkins","K Wagner"
"216","D Barner","K Wagner"
"217","D Barner","K Dobkins"
"218","G Stump","S Brem"
"219","G Sinatra","S Brem"
"220","G Sinatra","G Stump"
"221","R Reichenberg","S Brem"
"222","R Reichenberg","G Stump"
"223","R Reichenberg","G Sinatra"
"224","B Heddy","S Brem"
"225","B Heddy","G Stump"
"226","B Heddy","G Sinatra"
"227","B Heddy","R Reichenberg"
"228","J Austerweil","T Griffiths"
"229","V Berthiaume","T Griffiths"
"230","V Berthiaume","J Austerweil"
"231","E Vul","K Smith"
"232","J Manjaly","N Kumar"
"233","K Miyapuram","N Kumar"
"234","K Miyapuram","J Manjaly"
"235","G Cottrell","T Tsuchida"
"236","M Frank","M Frank"
"237","M Britt","L Scharrer"
"238","M Stadtler","L Scharrer"
"239","M Stadtler","M Britt"
"240","R Bromme","L Scharrer"
"241","R Bromme","M Britt"
"242","R Bromme","M Stadtler"
"243","B Tversky","A Jamalian"
"244","A Vuoung","R Hausmann"
"245","M Welsh","M Welsh"
"246","J Martin","A Hsu"
"247","A Sanborn","A Hsu"
"248","A Sanborn","J Martin"
"249","T Griffiths","A Hsu"
"250","T Griffiths","J Martin"
"251","T Griffiths","A Sanborn"
"252","W Gray","J Ralph"
"253","M Schoelles","J Ralph"
"254","M Schoelles","W Gray"
"255","M Frank","A Horowtiz"
"256","V Datla","S Hutchinson"
"258","M Louwerse","V Datla"
"259","P Ganea","C Walker"
"261","A Gopnik","P Ganea"
"262","F Canas","J Foster"
"263","M Jones","J Foster"
"264","M Jones","F Canas"
"266","S Kita","L Mol"
"267","M Werning","M Werning"
"268","P Beaman","P Beaman"
"269","A Carstensen","M Pacer"
"270","T Regier","M Pacer"
"271","T Regier","A Carstensen"
"272","M Ragni","K Haring"
"273","L Konieczny","K Haring"
"274","L Konieczny","M Ragni"
"275","K Watanbe","K Haring"
"276","K Watanbe","M Ragni"
"277","K Watanbe","L Konieczny"
"278","E Yarzebinski","N Matsuda"
"279","V Keiser","N Matsuda"
"280","V Keiser","E Yarzebinski"
"281","R Raizada","N Matsuda"
"282","R Raizada","E Yarzebinski"
"283","R Raizada","V Keiser"
"284","W Cohen","N Matsuda"
"285","W Cohen","E Yarzebinski"
"286","W Cohen","V Keiser"
"287","W Cohen","R Raizada"
"288","G Stylianides","N Matsuda"
"289","G Stylianides","E Yarzebinski"
"290","G Stylianides","V Keiser"
"291","G Stylianides","R Raizada"
"292","G Stylianides","W Cohen"
"293","K Koedinger","N Matsuda"
"294","K Koedinger","E Yarzebinski"
"295","K Koedinger","V Keiser"
"296","K Koedinger","R Raizada"
"297","K Koedinger","W Cohen"
"298","K Koedinger","G Stylianides"
"299","M Zaharia","A Raffert"
"300","T Griffiths","A Raffert"
"301","T Griffiths","M Zaharia"
"302","E Krahmer","M Hoetjes"
"303","M Swerts","M Hoetjes"
"304","M Swerts","E Krahmer"
"305","W Schaeken","T Heyman"
"306","K Pipijn","T Heyman"
"307","K Pipijn","W Schaeken"
"308","J Logan","J Schoenherr"
"309","A Winchester","J Schoenherr"
"310","A Winchester","J Logan"
"311","S Zhang","D Asher"
"312","A Zaldivar","D Asher"
"313","A Zaldivar","S Zhang"
"314","M Lee","D Asher"
"315","M Lee","S Zhang"
"316","M Lee","A Zaldivar"
"317","J Stevens","D Asher"
"318","J Stevens","S Zhang"
"319","J Stevens","A Zaldivar"
"320","J Stevens","M Lee"
"321","K Shinohara","S Kawahara"
"322","H Rasilo","O Rasanen"
"323","H Gweon","P Shafto"
"324","C Fargen","P Shafto"
"325","C Fargen","H Gweon"
"326","L Schulz","P Shafto"
"327","L Schulz","H Gweon"
"328","L Schulz","C Fargen"
"329","Y Sugioka","Y Kobayashi"
"330","T Ito","Y Kobayashi"
"331","T Ito","Y Sugioka"
"332","J Dessalles","A Saillenfest"
"333","T Pfeifer","N Pfeifer-Lessmann"
"334","I Wachsmuth","N Pfeifer-Lessmann"
"335","I Wachsmuth","T Pfeifer"
"336","T Griffiths","M Pacer"
"337","D Sterling","C Lucas"
"338","C Kemp","C Lucas"
"339","C Kemp","D Sterling"
"340","J Gurlitt","A Lachner"
"341","M Nuckles","A Lachner"
"342","M Nuckles","J Gurlitt"
"343","D Kirsh","D Kirsh"
"344","E Nitzany","Y Gao"
"345","S Edelman","Y Gao"
"346","S Edelman","E Nitzany"
"347","C Baker","J Jara-Ettinger"
"348","J Tenenbaum","J Jara-Ettinger"
"349","J Tenenbaum","C Baker"
"350","L Smith","D Yurovsky"
"351","C Yu","D Yurovsky"
"352","C Yu","L Smith"
"353","A Wiegmann","M Waldmann"
"354","E Bjork","J Little"
"355","F Chen","C Xiao"
"356","A Majid","E Wnuk"
"357","L Doumas","A Lim"
"358","S Sinnett","A Lim"
"359","S Sinnett","L Doumas"
"360","S Sinnett","A Dewald"
"361","T Tenbrink","L Gralla"
"362","M Siebers","L Gralla"
"363","M Siebers","T Tenbrink"
"364","U Schmid","L Gralla"
"365","U Schmid","T Tenbrink"
"366","U Schmid","M Siebers"
"367","P Reeder","T Qian"
"368","R Aslin","T Qian"
"369","R Aslin","P Reeder"
"370","J Tenenbaum","T Qian"
"371","J Tenenbaum","P Reeder"
"372","J Tenenbaum","R Aslin"
"373","E Newport","T Qian"
"374","E Newport","P Reeder"
"375","E Newport","R Aslin"
"376","E Newport","J Tenenbaum"
"380","T Stafford","C Fox"
"381","L Moore","G Gunzelman"
"382","Z Cai","L Connell"
"383","J Holler","L Connell"
"384","J Holler","Z Cai"
"385","N Goodman","L Bergen"
"386","R Levy","L Bergen"
"387","R Levy","N Goodman"
"388","T Ohno","T Yamauchi"
"389","M Nakatani","T Yamauchi"
"390","M Nakatani","T Ohno"
"391","Y Kato","T Yamauchi"
"392","Y Kato","T Ohno"
"393","Y Kato","M Nakatani"
"394","A Markman","T Yamauchi"
"395","A Markman","T Ohno"
"396","A Markman","M Nakatani"
"397","A Markman","Y Kato"
"398","M Spivey","E Chiu"
"399","J Taylor","C Hempelmann"
"400","V Raskin","C Hempelmann"
"401","V Raskin","J Taylor"
"402","J Gratch","C Melo"
"403","P Carnevale","C Melo"
"404","P Carnevale","J Gratch"
"405","S Read","C Melo"
"406","S Read","J Gratch"
"407","S Read","P Carnevale"
"408","K Miwa","N Kanzaki"
"409","M Goudbeek","J Viethen"
"410","E Krahmer","J Viethen"
"411","E Krahmer","M Goudbeek"
"412","A Rothe","R Mayrhofer"
"413","C Jew","J McDonnell"
"414","T Gureckis","J McDonnell"
"415","T Gureckis","C Jew"
"416","D Olsher","E Cambria"
"417","K Kwok","E Cambria"
"418","K Kwok","D Olsher"
"419","S Hidaka","D Yurovsky"
"420","R Wu","D Yurovsky"
"421","R Wu","S Hidaka"
"422","R Gibbs","L Morett"
"423","B MacWhinney","L Morett"
"424","B MacWhinney","R Gibbs"
"425","A Majid","M Dingemanse"
"426","P Li","P Cheung"
"427","D Barner","P Cheung"
"428","D Barner","P Li"
"429","D Pautler","B Keonig"
"430","J Herberg","B Keonig"
"431","J Herberg","D Pautler"
"432","K Wan","B Keonig"
"433","K Wan","D Pautler"
"434","K Wan","J Herberg"
"435","B Monroe","B Keonig"
"436","B Monroe","D Pautler"
"437","B Monroe","J Herberg"
"438","B Monroe","K Wan"
"439","E Wirawan","B Keonig"
"440","E Wirawan","D Pautler"
"441","E Wirawan","J Herberg"
"442","E Wirawan","K Wan"
"443","E Wirawan","B Monroe"
"444","M Frank","C Smith"
"445","M Steyvers","N Beckage"
"446","C Butts","N Beckage"
"447","C Butts","M Steyvers"
"448","K Plunkett","J Maor"
"449","M Brown","C Kurumada"
"450","M Tanenhaus","C Kurumada"
"451","M Tanenhaus","M Brown"
"452","K Watanbe","K Tanaka"
"453","L Rips","B Edwards"
"454","S Creel","M Bregman"
"455","A Fine","D Kleinschmidt"
"456","T Jaeger","D Kleinschmidt"
"457","T Jaeger","A Fine"
"458","M Dehghani","B Karacora"
"459","N Kramer-Mertens","B Karacora"
"460","N Kramer-Mertens","M Dehghani"
"461","J Gratch","B Karacora"
"462","J Gratch","M Dehghani"
"463","J Gratch","N Kramer-Mertens"
"464","R Bogers","L Mol"
"465","T Bouwens","L Mol"
"466","T Bouwens","R Bogers"
"467","K Forbus","S Kandaswamy"
"468","M Twyman","M Speekenbrink"
"469","N Harvey","M Speekenbrink"
"470","N Harvey","M Twyman"
"471","W Schaeken","L Janssens"
"472","J Chen","B Galmar"
"473","L Boroditsky","L Ouyang"
"474","M Frank","L Ouyang"
"475","M Frank","L Boroditsky"
"476","J Busemeyer","T Tsuzuki"
"477","J Austerweil","J Abbott"
"481","A Taylor-Weiner","N Cohn"
"482","S Grossman","N Cohn"
"483","S Grossman","A Taylor-Weiner"
"484","M Yap","C Siew"
"485","W Goh","C Siew"
"486","W Goh","M Yap"
"487","T Shipley","I Resnick"
"488","N Newcombe","I Resnick"
"489","N Newcombe","T Shipley"
"490","C Massey","I Resnick"
"491","C Massey","T Shipley"
"492","C Massey","N Newcombe"
"493","T Wills","I Resnick"
"494","T Wills","T Shipley"
"495","T Wills","N Newcombe"
"496","T Wills","C Massey"
"497","K Bharani","B Sweis"
"498","R Morrison","B Sweis"
"499","R Morrison","K Bharani"
"500","C Sims","E Colunga"
"501","D Swingley","F Adriaans"
"502","D O'Young","E Redcay"
"503","L Slevc","E Redcay"
"504","L Slevc","D O'Young"
"506","P Mavros","D O'Young"
"507","P Mavros","L Slevc"
"508","J Gabriel","E Redcay"
"509","J Gabriel","D O'Young"
"510","J Gabriel","L Slevc"
"511","J Gabriel","P Mavros"
"512","P Sinha","E Redcay"
"513","P Sinha","D O'Young"
"514","P Sinha","L Slevc"
"515","P Sinha","P Mavros"
"516","P Sinha","J Gabriel"
"517","V Sloutsky","S Deng"
"518","G Forester","S Kamp"
"519","A Murphy","S Kamp"
"520","A Murphy","G Forester"
"521","T Brumback","S Kamp"
"522","T Brumback","G Forester"
"523","T Brumback","A Murphy"
"524","E Donchin","S Kamp"
"525","E Donchin","G Forester"
"526","E Donchin","A Murphy"
"527","E Donchin","T Brumback"
"528","S Hunnius","S Dolscheid"
"529","D Casasanto","S Dolscheid"
"530","D Casasanto","S Hunnius"
"531","A Majid","S Dolscheid"
"532","A Majid","S Hunnius"
"533","A Majid","D Casasanto"
"534","M Arai","C Nakamura"
"535","A Koller","M Staudte"
"536","K Garoufi","M Staudte"
"537","K Garoufi","A Koller"
"538","M Crocker","M Staudte"
"539","M Crocker","A Koller"
"540","M Crocker","K Garoufi"
"541","K Forbus","A Lovett"
"543","K Nakamura","K Nakamura"
"544","B Rittle-Johnson","E Fyfe"
"545","M Goudbeek","K Lierop"
"546","E Krahmer","K Lierop"
"548","T Foulsham","T Foulsham"
"549","T Chen","J Chen"
"550","B Tversky","S Kang"
"551","J Black","S Kang"
"552","J Black","B Tversky"
"553","N Fleischhut","F Artinger"
"554","V Levati","F Artinger"
"555","V Levati","N Fleischhut"
"556","J Stevens","F Artinger"
"557","J Stevens","N Fleischhut"
"558","J Stevens","V Levati"
"559","E Hussey","J Harbison"
"560","M Dougherty","J Harbison"
"561","M Dougherty","E Hussey"
"562","E Davelaar","J Harbison"
"563","E Davelaar","E Hussey"
"564","E Davelaar","M Dougherty"
"565","W Wilson","S Phillips"
"566","S Bridgers","D Buchsbaum"
"567","A Whalen","D Buchsbaum"
"568","A Whalen","S Bridgers"
"569","E Seiver","D Buchsbaum"
"570","E Seiver","S Bridgers"
"571","E Seiver","A Whalen"
"572","T Griffiths","D Buchsbaum"
"573","T Griffiths","S Bridgers"
"574","T Griffiths","A Whalen"
"575","T Griffiths","E Seiver"
"576","A Gopnik","D Buchsbaum"
"577","A Gopnik","S Bridgers"
"578","A Gopnik","A Whalen"
"579","A Gopnik","E Seiver"
"580","A Gopnik","T Griffiths"
"581","N Kirkham","R Wu"
"582","G Kachergis","G Kachergis"
"583","V Crupi","J Zhao"
"584","K Tentori","J Zhao"
"585","K Tentori","V Crupi"
"586","B Fitelson","J Zhao"
"587","B Fitelson","V Crupi"
"588","B Fitelson","K Tentori"
"589","D Osherson","J Zhao"
"590","D Osherson","V Crupi"
"591","D Osherson","K Tentori"
"592","D Osherson","B Fitelson"
"593","M Hegarty","H Burte"
"594","R Shiffrin","G Cox"
"595","V Sloutsky","R Hammer"
"596","K Grill-Spector","R Hammer"
"597","K Grill-Spector","V Sloutsky"
"598","R Saxe","B Deen"
"599","C Yu","G Kachergis"
"600","R Shiffrin","G Kachergis"
"601","R Shiffrin","C Yu"
"602","H Wang","P Plummer"
"603","M Pomplun","P Plummer"
"604","M Pomplun","H Wang"
"605","Y Tzeng","P Plummer"
"606","Y Tzeng","H Wang"
"607","Y Tzeng","M Pomplun"
"608","K Rayner","P Plummer"
"609","K Rayner","H Wang"
"610","K Rayner","M Pomplun"
"611","K Rayner","Y Tzeng"
"612","S Chow","S Chow"
"613","R Bion","D Yurovsky"
"615","L Smith","R Bion"
"616","A Fernald","D Yurovsky"
"617","A Fernald","R Bion"
"618","A Fernald","L Smith"
"619","R Goldstone","D Braithwaite"
"620","L Pearl","L Phillips"
"621","E Thiessen","L Onnis"
"622","M Wexler","S Popescu"
"626","E Vul","C Rieth"
"627","Y Hayashi","Y Hayashi"
"628","J Thibaut","Y Glady"
"629","B French","Y Glady"
"630","B French","J Thibaut"
"631","A Blaye","Y Glady"
"632","A Blaye","J Thibaut"
"633","A Blaye","B French"
"634","O Ross","W Ahn"
"635","Y Shin","W Ahn"
"636","Y Shin","O Ross"
"637","J Busemeyer","W Ahn"
"638","J Busemeyer","O Ross"
"639","J Busemeyer","Y Shin"
"640","J Brown","W Ahn"
"641","J Brown","O Ross"
"642","J Brown","Y Shin"
"643","J Brown","J Busemeyer"
"644","B O'Donnell","W Ahn"
"645","B O'Donnell","O Ross"
"646","B O'Donnell","Y Shin"
"647","B O'Donnell","J Busemeyer"
"648","B O'Donnell","J Brown"
"649","C Baker","H Richardson"
"650","J Tenenbaum","H Richardson"
"652","R Saxe","H Richardson"
"653","R Saxe","C Baker"
"654","R Saxe","J Tenenbaum"
"655","Y Okan","A Wiegmann"
"656","J Ong","A Prefors"
"657","A Prefors","A Prefors"
"658","S Furber","Y Chang"
"659","S Welbourne","Y Chang"
"660","S Welbourne","S Furber"
"661","T Matsui","T Nakamura"
"662","A Utsumi","T Nakamura"
"663","A Utsumi","T Matsui"
"664","M Yamazaki","T Nakamura"
"665","M Yamazaki","T Matsui"
"666","M Yamazaki","A Utsumi"
"667","K Makita","T Nakamura"
"668","K Makita","T Matsui"
"669","K Makita","A Utsumi"
"670","K Makita","M Yamazaki"
"671","H Tanabe","T Nakamura"
"672","H Tanabe","T Matsui"
"673","H Tanabe","A Utsumi"
"674","H Tanabe","M Yamazaki"
"675","H Tanabe","K Makita"
"676","N Sadato","T Nakamura"
"677","N Sadato","T Matsui"
"678","N Sadato","A Utsumi"
"679","N Sadato","M Yamazaki"
"680","N Sadato","K Makita"
"681","N Sadato","H Tanabe"
"682","M Scheutz","R Veale"
"683","C Wilson","C Kirov"
"684","I Orenes","S Khemlani"
"685","P Johnson-Laird","S Khemlani"
"686","P Johnson-Laird","I Orenes"
"688","M Frank","B Roy"
"689","D Roy","B Roy"
"690","D Roy","M Frank"
"692","D Odic","A Wellwood"
"693","J Halberda","A Wellwood"
"694","J Halberda","D Odic"
"695","J Lidz","A Wellwood"
"696","J Lidz","D Odic"
"697","J Lidz","J Halberda"
"699","S Lewandowsky","D Little"
"700","T Griffiths","D Little"
"701","T Griffiths","S Lewandowsky"
"702","S Nicholson","E Heit"
"703","M Avraamides","K Neokleous"
"704","C Schizas","K Neokleous"
"705","C Schizas","M Avraamides"
"706","R Dale","N Duran"
"707","W Fuss","C Sifonis"
"708","H Elchlepp","C Civile"
"709","R McLaren","C Civile"
"710","R McLaren","H Elchlepp"
"711","A Lavrci","C Civile"
"712","A Lavrci","H Elchlepp"
"713","A Lavrci","R McLaren"
"714","I McLaren","C Civile"
"715","I McLaren","H Elchlepp"
"716","I McLaren","R McLaren"
"717","I McLaren","A Lavrci"
"718","E Lehtonen","O Lappi"
"719","Z Malisz","B Inden"
"720","P Wagner","B Inden"
"721","P Wagner","Z Malisz"
"722","I Wachsmuth","B Inden"
"723","I Wachsmuth","Z Malisz"
"724","I Wachsmuth","P Wagner"
"725","R West","M Kelly"
"726","Y Sakamoto","Y Tanaka"
"727","T Matsuka","Y Tanaka"
"728","T Matsuka","Y Sakamoto"
"729","N Flor","N Flor"
"730","A Hahn","F Lara"
"731","N Yu","F Lara"
"732","N Yu","A Hahn"
"733","T Yamauchi","F Lara"
"734","T Yamauchi","A Hahn"
"735","T Yamauchi","N Yu"
"736","G Hallman","S Kang"
"738","J Black","G Hallman"
"739","A Hohenberger","B Arslan"
"740","R Verbrugge","B Arslan"
"741","R Verbrugge","A Hohenberger"
"742","K Miwa","A Maehigashi"
"743","H Terai","A Maehigashi"
"744","H Terai","K Miwa"
"745","K Kojima","A Maehigashi"
"746","K Kojima","K Miwa"
"747","K Kojima","H Terai"
"748","J Morita","A Maehigashi"
"749","J Morita","K Miwa"
"750","J Morita","H Terai"
"751","J Morita","K Kojima"
"752","E Bonawitz","K Pham"
"753","A Gopnik","K Pham"
"754","A Gopnik","E Bonawitz"
"755","A Bordilovskaya","A Bordilovskaya"
"757","P Carnevale","M Dehghani"
"759","D Cousineau","F Dandurand"
"760","T Shultz","F Dandurand"
"761","T Shultz","D Cousineau"
"762","A Lenci","D Frassinelli"
"763","S Lu","H Wang"
"764","J Lim","H Wang"
"765","J Lim","S Lu"
"767","M Pomplun","S Lu"
"768","M Pomplun","J Lim"
"769","N Maeda","N Maeda"
"770","T Kusumi","M Sugimoto"
"771","S Taya","T Seno"
"772","Y Yamada","T Seno"
"773","Y Yamada","S Taya"
"774","K Ihaya","T Seno"
"775","K Ihaya","S Taya"
"776","K Ihaya","Y Yamada"
"777","H Ito","T Seno"
"778","H Ito","S Taya"
"779","H Ito","Y Yamada"
"780","H Ito","K Ihaya"
"781","S Sunaga","T Seno"
"782","S Sunaga","S Taya"
"783","S Sunaga","Y Yamada"
"784","S Sunaga","K Ihaya"
"785","S Sunaga","H Ito"
"786","A Jalabi","A Pogue"
"787","M Corre","A Pogue"
"788","M Corre","A Jalabi"
"789","T Miyake","Y Ohmoto"
"790","T Nishida","Y Ohmoto"
"791","T Nishida","T Miyake"
"792","H Kobayashi","T Yasuda"
"793","C Bozsahin","K Eryilmaz"
"794","B McLaren","D Adams"
"795","K Durkin","D Adams"
"796","K Durkin","B McLaren"
"797","R Mayer","D Adams"
"798","R Mayer","B McLaren"
"799","R Mayer","K Durkin"
"800","B Rittle-Johnson","D Adams"
"801","B Rittle-Johnson","B McLaren"
"802","B Rittle-Johnson","K Durkin"
"803","B Rittle-Johnson","R Mayer"
"804","S Isotani","D Adams"
"805","S Isotani","B McLaren"
"806","S Isotani","K Durkin"
"807","S Isotani","R Mayer"
"808","S Isotani","B Rittle-Johnson"
"809","M Velsen","D Adams"
"810","M Velsen","B McLaren"
"811","M Velsen","K Durkin"
"812","M Velsen","R Mayer"
"813","M Velsen","B Rittle-Johnson"
"814","M Velsen","S Isotani"
"815","M Popova","S Bliznashki"
"816","B Kokinov","S Bliznashki"
"817","B Kokinov","M Popova"
"818","H Liu","H Liu"
"822","G Kachergis","A Hendrickson"
"823","C Fausey","A Hendrickson"
"824","C Fausey","G Kachergis"
"825","R Goldstone","A Hendrickson"
"826","R Goldstone","G Kachergis"
"827","R Goldstone","C Fausey"
"828","B Lee","C Lee"
"829","J Kim","C Lee"
"830","J Kim","B Lee"
"831","B Zhang","C Lee"
"832","B Zhang","B Lee"
"833","B Zhang","J Kim"
"834","J Hsiao","Y Wong"
"835","K Miwa","M Matsumoto"
"842","A Majid","R Defina"
"843","S Sharma","A Awasthi"
"844","A Mukerjee","A Awasthi"
"845","A Mukerjee","S Sharma"
"846","D Leibovitz","R West"
"847","V Datla","R Tillman"
"848","S Hutchinson","R Tillman"
"850","M Louwerse","R Tillman"
"853","C Kurumuda","S Meylan"
"854","M Frank","S Meylan"
"855","M Frank","C Kurumuda"
"856","B Borschinger","S Meylan"
"857","B Borschinger","C Kurumuda"
"858","B Borschinger","M Frank"
"859","M Johnson","S Meylan"
"860","M Johnson","C Kurumuda"
"861","M Johnson","M Frank"
"862","M Johnson","B Borschinger"
"863","T Au","R Tso"
"864","J Hsiao","R Tso"
"865","J Hsiao","T Au"
"866","B Matlen","K Godwin"
"867","A Fisher","K Godwin"
"868","A Fisher","B Matlen"
"869","T Okada","C Ishiguro"
"870","M Plank","B Urgen"
"871","H Ishiguro","B Urgen"
"872","H Ishiguro","M Plank"
"873","H Poizner","B Urgen"
"874","H Poizner","M Plank"
"875","H Poizner","H Ishiguro"
"876","A Saygin","B Urgen"
"877","A Saygin","M Plank"
"878","A Saygin","H Ishiguro"
"879","A Saygin","H Poizner"
"880","L Gabora","S Riley"
"881","K Shiina","K Shiina"
"883","E Yu","E Davelaar"
"884","E Yu","J Harbison"
"887","E Hussey","E Yu"
"890","M Dougherty","E Yu"
"892","C Jian","V Mast"
"893","D Zhekova","V Mast"
"894","D Zhekova","C Jian"
"895","J Hsiao","B Cipollini"
"896","G Cottrell","B Cipollini"
"897","G Cottrell","J Hsiao"
"898","R Goldstone","A Terai"
"899","K Hayashi","S Kiyokawa"
"900","T Matsuka","S Kiyokawa"
"901","T Matsuka","K Hayashi"
"902","A Toyomaki","M Miyajima"
"903","I Kusumi","M Miyajima"
"904","I Kusumi","A Toyomaki"
"905","T Koyama","M Miyajima"
"906","T Koyama","A Toyomaki"
"907","T Koyama","I Kusumi"
"908","W Gray","B Veksler"
"909","H Takeuchi","Y Habuchi"
"910","N Braisby","A Roberts"
"911","S Holldobler","E Dietz"
"912","M Ragni","E Dietz"
"913","M Ragni","S Holldobler"
"914","D Danks","S Wellen"
"915","J Ball","J Ball"
"916","P Bruza","K Kitto"
"917","M Jones","D Corral"
"918","E Haryu","Y Ohtake"
"920","S Matsubayashi","H Terai"
"921","S Matsubayashi","K Miwa"
"922","J Clevenger","M Braverman"
"923","I Harmon","M Braverman"
"924","I Harmon","J Clevenger"
"925","A Higgins","M Braverman"
"926","A Higgins","J Clevenger"
"927","A Higgins","I Harmon"
"928","Z Horne","M Braverman"
"929","Z Horne","J Clevenger"
"930","Z Horne","I Harmon"
"931","Z Horne","A Higgins"
"932","J Spino","M Braverman"
"933","J Spino","J Clevenger"
"934","J Spino","I Harmon"
"935","J Spino","A Higgins"
"936","J Spino","Z Horne"
"937","J Gynther","M Braverman"
"938","J Gynther","J Clevenger"
"939","J Gynther","I Harmon"
"940","J Gynther","A Higgins"
"941","J Gynther","Z Horne"
"942","J Gynther","J Spino"
"943","P Knoeferle","E Guerra"
"944","H Firouzi","L Gabora"
"945","S Ogawa","B Indurkhya"
"946","H ono","Y Deng"
"947","H Sakai","Y Deng"
"948","H Sakai","H ono"
"950","J Behr","S Thill"
"951","T Ziemke","S Thill"
"952","T Ziemke","J Behr"
"953","P Carvalho","A Hendrickson"
"956","C Best","S Rivera"
"957","H Yim","S Rivera"
"958","H Yim","C Best"
"959","A Martinez","S Rivera"
"960","A Martinez","C Best"
"961","A Martinez","H Yim"
"962","V Sloutsky","S Rivera"
"963","V Sloutsky","C Best"
"964","V Sloutsky","H Yim"
"965","V Sloutsky","A Martinez"
"966","D Walther","S Rivera"
"967","D Walther","C Best"
"968","D Walther","H Yim"
"969","D Walther","A Martinez"
"970","D Walther","V Sloutsky"
"971","T Kusumi","T Taira"
"972","A Utsumi","T Taira"
"973","A Utsumi","T Kusumi"
"974","D Landy","E Ottmar"
"975","R Goldstone","E Ottmar"
"976","R Goldstone","D Landy"
"977","M Castillo","A Iglesias"
"978","J Serrano","A Iglesias"
"979","J Serrano","M Castillo"
"980","J Oliva","A Iglesias"
"981","J Oliva","M Castillo"
"982","J Oliva","J Serrano"
"983","D Kirsh","K Skagerlund"
"984","N Dahlback","K Skagerlund"
"985","N Dahlback","D Kirsh"
"986","F Keller","B Allison"
"987","M Coco","B Allison"
"988","M Coco","F Keller"
"989","M Boureux","S Sulpizio"
"990","C Burani","S Sulpizio"
"991","C Burani","M Boureux"
"992","C Deguchi","S Sulpizio"
"993","C Deguchi","M Boureux"
"994","C Deguchi","C Burani"
"995","L Colombo","S Sulpizio"
"996","L Colombo","M Boureux"
"997","L Colombo","C Burani"
"998","L Colombo","C Deguchi"
"999","A Mukerjee","S Nayak"
"1000","M Matsumoto","Y Hayashi"
"1001","H Ogawa","Y Hayashi"
"1002","H Ogawa","M Matsumoto"
"1003","T Matsumoto","T Matsumoto"
"1004","M Fukushima-Murata","S Ogawa"
"1005","N Kubo-Kawai","S Ogawa"
"1006","N Kubo-Kawai","M Fukushima-Murata"
"1007","T Asai","S Ogawa"
"1008","T Asai","M Fukushima-Murata"
"1009","T Asai","N Kubo-Kawai"
"1010","H Taniai","S Ogawa"
"1011","H Taniai","M Fukushima-Murata"
"1012","H Taniai","N Kubo-Kawai"
"1013","H Taniai","T Asai"
"1014","N Masataka","S Ogawa"
"1015","N Masataka","M Fukushima-Murata"
"1016","N Masataka","N Kubo-Kawai"
"1017","N Masataka","T Asai"
"1018","N Masataka","H Taniai"
"1019","R Dryer","N Ware"
"1020","R Schwonke","I Skuballa"
"1021","A Renkl","I Skuballa"
"1022","A Renkl","R Schwonke"
"1023","L Hsu","H Wang"
"1024","Y Tien","H Wang"
"1025","Y Tien","L Hsu"
"1027","M Pomplun","L Hsu"
"1028","M Pomplun","Y Tien"
"1029","D Olsher","D Olsher"
"1030","T Okada","Y Nakano"
"1031","S Atkins","J Harbison"
"1033","M Dougherty","S Atkins"
"1034","J Black","N Li"
"1035","M Gao","N Li"
"1036","M Gao","J Black"
"1037","C Sturm","M Saleh"
"1038","I Temkin","T Veloz"
"1039","L Gabora","T Veloz"
"1040","L Gabora","I Temkin"
"1041","H Kamide","M Komori"
"1042","S Kawamura","M Komori"
"1043","S Kawamura","H Kamide"
"1044","C Nagaoka","M Komori"
"1045","C Nagaoka","H Kamide"
"1046","C Nagaoka","S Kawamura"
"1047","T Shultz","D Shimizu"
"1048","P Isola","W Bainbridge"
"1049","I Blank","W Bainbridge"
"1050","I Blank","P Isola"
"1051","A Oliva","W Bainbridge"
"1052","A Oliva","P Isola"
"1053","A Oliva","I Blank"
"1054","B Bertenthal","M Scheutz"
"1055","Y Liu","S Zhong"
"1056","Y Zhang","S Zhong"
"1057","Y Zhang","Y Liu"
"1058","F Chung","S Zhong"
"1059","F Chung","Y Liu"
"1060","F Chung","Y Zhang"
"1061","S Finley","S Finley"
"1062","M Masters","A Bloomfield"
"1063","S Ross","A Bloomfield"
"1064","S Ross","M Masters"
"1065","S O'Connell","A Bloomfield"
"1066","S O'Connell","M Masters"
"1067","S O'Connell","S Ross"
"1068","K Gynther","A Bloomfield"
"1069","K Gynther","M Masters"
"1070","K Gynther","S Ross"
"1071","K Gynther","S O'Connell"
"1072","D Takano","T Ito"
"1073","X Wan","T Ito"
"1074","X Wan","D Takano"
"1075","K Tanaka","T Ito"
"1076","K Tanaka","D Takano"
"1077","K Tanaka","X Wan"
"1078","L Dilley","M Brown"
"1080","M Tanenhaus","L Dilley"
"1081","C Pendergrast","K Smyth"
"1082","A Feeney","K Smyth"
"1083","A Feeney","C Pendergrast"
"1084","J Coley","K Smyth"
"1085","J Coley","C Pendergrast"
"1086","J Coley","A Feeney"
"1087","C Edison","K Smyth"
"1088","C Edison","C Pendergrast"
"1089","C Edison","A Feeney"
"1090","C Edison","J Coley"
"1091","U Niens","K Smyth"
"1092","U Niens","C Pendergrast"
"1093","U Niens","A Feeney"
"1094","U Niens","J Coley"
"1095","U Niens","C Edison"
"1096","A Ortony","B Quek"
"1103","J Hoorn","M Pontier"
"1104","N Zakaria","H Yama"
"1105","M Varadinov","L Laskin"
"1106","R Mills","A Bryant"
"1107","G Peterson","A Bryant"
"1108","G Peterson","R Mills"
"1109","M Grimaila","A Bryant"
"1110","M Grimaila","R Mills"
"1111","M Grimaila","G Peterson"
"1112","C Bowman","M Byrd"
"1113","T Yamauchi","M Byrd"
"1114","T Yamauchi","C Bowman"
"1115","M Koyasu","A Mizuno"
"1116","J Lesky","K Sears"
"1117","D Landy","K Sears"
"1118","D Landy","J Lesky"
"1119","J Myers","J Myers"
"1120","J Thoresen","V Kempe"
"1121","P Brooks","V Kempe"
"1122","P Brooks","J Thoresen"
"1123","T Matsuka","H Honda"
"1124","M Sumihisa","M Sakamoto"
"1125","T Matsumoto","M Sakamoto"
"1126","T Matsumoto","M Sumihisa"
"1127","A Utsumi","M Sakamoto"
"1128","A Utsumi","M Sumihisa"
"1129","A Utsumi","T Matsumoto"
"1131","K Kuhnberger","T Besold"
"1132","I Uchiyama","A Sato"
"1133","H Kansal","D Lynott"
"1135","L Connell","H Kansal"
"1136","K O'Brien","D Lynott"
"1137","K O'Brien","H Kansal"
"1138","K O'Brien","L Connell"
"1139","K Georgila","E Nouri"
"1140","D Traum","E Nouri"
"1141","D Traum","K Georgila"
"1143","B Scassellati","H Admoni"
"1144","H Toushek","P Hristova"
"1145","G Petkov","P Hristova"
"1146","G Petkov","H Toushek"
"1147","J Pelz","R Li"
"1148","P Shi","R Li"
"1149","P Shi","J Pelz"
"1150","A Haake","R Li"
"1151","A Haake","J Pelz"
"1152","A Haake","P Shi"
"1153","T Ullman","J McCoy"
"1154","A Stuhlmuller","J McCoy"
"1155","A Stuhlmuller","T Ullman"
"1156","T Gerstenberg","J McCoy"
"1158","T Gerstenberg","A Stuhlmuller"
"1159","J Tenenbaum","J McCoy"
"1161","J Tenenbaum","A Stuhlmuller"
"1163","D Lonsdale","E Okura"
"1164","S Kyllingsbaek","T Andersen"
"1165","M Keane","M Salzle"
"1166","B Payne","J Chin"
"1167","A Battles","J Chin"
"1168","A Battles","B Payne"
"1169","W Fu","J Chin"
"1170","W Fu","B Payne"
"1171","W Fu","A Battles"
"1172","D Morrow","J Chin"
"1173","D Morrow","B Payne"
"1174","D Morrow","A Battles"
"1175","D Morrow","W Fu"
"1176","E Stine-Morrow","J Chin"
"1177","E Stine-Morrow","B Payne"
"1178","E Stine-Morrow","A Battles"
"1179","E Stine-Morrow","W Fu"
"1180","E Stine-Morrow","D Morrow"
"1181","E Krahmer","M Visser"
"1182","M Swerts","M Visser"
"1184","L Doumas","K Livins"
"1185","D Navarro","S Deyne"
"1186","A Prefors","S Deyne"
"1188","G Storms","S Deyne"
"1189","G Storms","D Navarro"
"1190","G Storms","A Prefors"
"1192","L Morett","L Morett"
"1193","D Hirsch","N Yamamoto"
"1194","K Gotseva","M Mutafchieva"
"1195","B Kokinov","M Mutafchieva"
"1196","B Kokinov","K Gotseva"
"1197","A Moore","S Khemlani"
"1198","R Gompel","K Suckow"
"1200","M Lowerse","S Hutchinson"
"1201","V Glebkin","V Glebkin"
"1202","S Handley","K Morsanyi"
"1203","T Shimazaki","M Saito"
"1204","K Iwamoto","N Kawano"
"1205","K Ebe","N Kawano"
"1206","K Ebe","K Iwamoto"
"1207","K Ukai","N Kawano"
"1208","K Ukai","K Iwamoto"
"1209","K Ukai","K Ebe"
"1210","Y Suzuki","N Kawano"
"1211","Y Suzuki","K Iwamoto"
"1212","Y Suzuki","K Ebe"
"1213","Y Suzuki","K Ukai"
"1214","H Umegaki","N Kawano"
"1215","H Umegaki","K Iwamoto"
"1216","H Umegaki","K Ebe"
"1217","H Umegaki","K Ukai"
"1218","H Umegaki","Y Suzuki"
"1219","T Iidaka","N Kawano"
"1220","T Iidaka","K Iwamoto"
"1221","T Iidaka","K Ebe"
"1222","T Iidaka","K Ukai"
"1223","T Iidaka","Y Suzuki"
"1224","T Iidaka","H Umegaki"
"1225","N Ozaki","N Kawano"
"1226","N Ozaki","K Iwamoto"
"1227","N Ozaki","K Ebe"
"1228","N Ozaki","K Ukai"
"1229","N Ozaki","Y Suzuki"
"1230","N Ozaki","H Umegaki"
"1231","N Ozaki","T Iidaka"
"1232","R Higashinaka","T Teraoka"
"1233","J Okamoto","T Teraoka"
"1234","J Okamoto","R Higashinaka"
"1235","S Ishizaki","T Teraoka"
"1236","S Ishizaki","R Higashinaka"
"1237","S Ishizaki","J Okamoto"
"1238","G Cottrell","R Li"
"1240","Y Feng","J Engle"
"1241","R Goldstone","J Engle"
"1242","R Goldstone","Y Feng"
"1243","H Yoshida","D Tran"
"1244","P Healey","S Duffy"
"1245","M Kozhevnikov","T Obana"
"1246","N Miyake","M Saito"
"1247","S Kopp","K Bergmann"
"1248","G Kachergis","G Cox"
"1251","P Shafto","A Gonzalez"
"1252","E Bonawtiz","A Gonzalez"
"1253","E Bonawtiz","P Shafto"
"1254","A Gopnik","A Gonzalez"
"1255","A Gopnik","P Shafto"
"1256","A Gopnik","E Bonawtiz"
"1257","D Radicioni","E Acotto"
"1258","K Nakamura","A Utsumi"
"1260","M Sakamoto","K Nakamura"
"1261","M Hegarty","S Padalkar"
"1262","H Luuk","E Luuk"
"1263","S Lim","J Yap"
"1264","S Spaulding","D Leyzberg"
"1265","M Toneva","D Leyzberg"
"1266","M Toneva","S Spaulding"
"1267","B Scassellati","D Leyzberg"
"1268","B Scassellati","S Spaulding"
"1269","B Scassellati","M Toneva"
"1270","R Youmans","J Ramsburg"
"1271","R Gompel","A Gatt"
"1272","E Krahmer","A Gatt"
"1273","E Krahmer","R Gompel"
"1274","K Deemter","A Gatt"
"1275","K Deemter","R Gompel"
"1276","K Deemter","E Krahmer"
"1277","N Baughman","F Baughman"
"1278","S Mills","F Baughman"
"1279","S Mills","N Baughman"
"1280","L Gonnerman","M Blais"
"1281","K Kobayashi","T Komatsu"
"1282","S Yamada","T Komatsu"
"1283","S Yamada","K Kobayashi"
"1284","K Funakoshi","T Komatsu"
"1285","K Funakoshi","K Kobayashi"
"1286","K Funakoshi","S Yamada"
"1287","M Nakano","T Komatsu"
"1288","M Nakano","K Kobayashi"
"1289","M Nakano","S Yamada"
"1290","M Nakano","K Funakoshi"
"1291","H Yoshida","E Woods"
"1292","V Sloutsky","J Kaminski"
"1293","K Holyoak","T Omata"
"1294","S Hidaka","S Hidaka"
"1295","C Thorton","C Thorton"
"1296","S Philips","T Miyadera"
"1297","E Doty","T Shultz"
"1299","F Dandurand","E Doty"
"1300","J Magnusson","T Hannagan"
"1301","J Grainger","T Hannagan"
"1302","J Grainger","J Magnusson"
"1303","T Besold","A Abdel-Fattah"
"1304","H Gust","A Abdel-Fattah"
"1305","H Gust","T Besold"
"1306","U Krumnack","A Abdel-Fattah"
"1307","U Krumnack","T Besold"
"1308","U Krumnack","H Gust"
"1309","M Schmidt","A Abdel-Fattah"
"1310","M Schmidt","T Besold"
"1311","M Schmidt","H Gust"
"1312","M Schmidt","U Krumnack"
"1313","K Kuhnberger","A Abdel-Fattah"
"1315","K Kuhnberger","H Gust"
"1316","K Kuhnberger","U Krumnack"
"1317","K Kuhnberger","M Schmidt"
"1318","P Wang","A Abdel-Fattah"
"1319","P Wang","T Besold"
"1320","P Wang","H Gust"
"1321","P Wang","U Krumnack"
"1322","P Wang","M Schmidt"
"1323","P Wang","K Kuhnberger"
"1325","K Deemter","R Kutlak"
"1326","C Mellish","R Kutlak"
"1327","C Mellish","K Deemter"
"1328","R Caballero","D Kirsh"
"1329","S Cuykendall","D Kirsh"
"1330","S Cuykendall","R Caballero"
"1331","S Frey","S Frey"
"1332","A Salverda","M Brown"
"1334","L Dilley","A Salverda"
"1336","M Tanenhaus","A Salverda"
"1338","T Gureckis","M Juni"
"1339","L Maloney","M Juni"
"1340","L Maloney","T Gureckis"
"1341","S Creel","B Pajak"
"1342","R Levy","B Pajak"
"1343","R Levy","S Creel"
"1344","R Kaulakis","C Zhao"
"1345","J Morgan","C Zhao"
"1346","J Morgan","R Kaulakis"
"1347","J Hiam","C Zhao"
"1348","J Hiam","R Kaulakis"
"1349","J Hiam","J Morgan"
"1350","F Ritter","C Zhao"
"1351","F Ritter","R Kaulakis"
"1352","F Ritter","J Morgan"
"1353","F Ritter","J Hiam"
"1354","D Daniels","A Sevenants"
"1355","L Janssens","A Sevenants"
"1356","L Janssens","D Daniels"
"1357","W Schaeken","A Sevenants"
"1358","W Schaeken","D Daniels"
"1361","M Coppola","E Carrigan"
"1362","H Elchlepp","C Forrest"
"1363","S Monsell","C Forrest"
"1364","S Monsell","H Elchlepp"
"1365","I McLaren","C Forrest"
"1367","I McLaren","S Monsell"
"1368","S Brandenburg","U Drewitz"
"1369","A Sanborn","C Blundell"
"1370","T Griffiths","C Blundell"
"1372","K McGreggor","M Kunda"
"1373","A Goel","M Kunda"
"1374","A Goel","K McGreggor"
"1375","B Hayes","A Martin"
"1387","G Cottrell","R Yang"
"1388","S Dennis","H Yim"
"1390","V Sloutsky","S Dennis"
"1391","S Danafar","S Danafar"
"1392","J Dessalles","D Munch"
"1393","J Tolins","J Tolins"
"1394","H Saito","M Oi"
"1395","M Pelowski","M Oi"
"1396","M Pelowski","H Saito"
"1397","T Liu","M Oi"
"1398","T Liu","H Saito"
"1399","T Liu","M Pelowski"
"1400","R Makino","K Kodama"
"1401","N Furuyama","K Kodama"
"1402","N Furuyama","R Makino"
"1403","A Fazly","A Nematzadeh"
"1404","S Stevenson","A Nematzadeh"
"1405","S Stevenson","A Fazly"
"1406","M Henriksson","M Henriksson"
"1407","M Ackerman","J Lewis"
"1409","V Sa","M Ackerman"
"1411","D Clark","M Ranney"
"1412","D Reinholz","M Ranney"
"1413","D Reinholz","D Clark"
"1414","S Cohen","M Ranney"
"1415","S Cohen","D Clark"
"1416","S Cohen","D Reinholz"
"1417","J Wiener","M Ragni"
"1418","S Nishio","H Sumioka"
"1419","E Okamoto","H Sumioka"
"1420","E Okamoto","S Nishio"
"1421","H Ishiguro","H Sumioka"
"1422","H Ishiguro","S Nishio"
"1423","H Ishiguro","E Okamoto"
"1424","T Matsui","R Mizuno"
"1425","P Khooshabeh","M Dehghani"
"1426","L Huang","M Dehghani"
"1427","L Huang","P Khooshabeh"
"1428","A Nazarian","M Dehghani"
"1429","A Nazarian","P Khooshabeh"
"1430","A Nazarian","L Huang"
"1432","J Gratch","P Khooshabeh"
"1433","J Gratch","L Huang"
"1434","J Gratch","A Nazarian"
"1435","B Sierra","I Zipitria"
"1436","A Arruarte","I Zipitria"
"1437","A Arruarte","B Sierra"
"1438","J Elorriaga","I Zipitria"
"1439","J Elorriaga","B Sierra"
"1440","J Elorriaga","A Arruarte"
"1441","Y Kurisawa","K Oishi"
"1442","M Kamada","K Oishi"
"1443","M Kamada","Y Kurisawa"
"1444","I Fukuda","K Oishi"
"1445","I Fukuda","Y Kurisawa"
"1446","I Fukuda","M Kamada"
"1447","T Akimoto","K Oishi"
"1448","T Akimoto","Y Kurisawa"
"1449","T Akimoto","M Kamada"
"1450","T Akimoto","I Fukuda"
"1451","T Ogata","K Oishi"
"1452","T Ogata","Y Kurisawa"
"1453","T Ogata","M Kamada"
"1454","T Ogata","I Fukuda"
"1455","T Ogata","T Akimoto"
"1456","N Zhang","N Zhang"
"1457","D Chwila","R Gisladottir"
"1458","H Schriefers","R Gisladottir"
"1459","H Schriefers","D Chwila"
"1460","S Levinson","R Gisladottir"
"1461","S Levinson","D Chwila"
"1462","S Levinson","H Schriefers"
"1464","R Nakaike","K Miwa"
"1465","R Nakaike","H Terai"
"1466","P Pirolli","J Paik"
"1467","C Lebiere","J Paik"
"1468","C Lebiere","P Pirolli"
"1469","M Rutledge-Taylor","J Paik"
"1470","M Rutledge-Taylor","P Pirolli"
"1471","M Rutledge-Taylor","C Lebiere"
"1472","N Silbert","D Landy"
"1473","A Goldin","D Landy"
"1474","A Goldin","N Silbert"
"1475","C Sims","S Schilling"
"1476","E Colunga","S Schilling"
"1478","Y Utsunomiya","J Watanbe"
"1479","H Tsukurimichi","J Watanbe"
"1480","H Tsukurimichi","Y Utsunomiya"
"1481","M Sakamoto","J Watanbe"
"1482","M Sakamoto","Y Utsunomiya"
"1483","M Sakamoto","H Tsukurimichi"
"1484","F Milton","E Klama"
"1485","T Akimoto","K Onodera"
"1486","T Ogata","K Onodera"
"1488","S Flusberg","A Dils"
"1489","L Boroditsky","A Dils"
"1490","L Boroditsky","S Flusberg"
"1491","A Ishiguchi","M Tokita"
"1493","N Kuriyama","A Terai"
"1494","M Nakagawa","A Terai"
"1495","M Nakagawa","N Kuriyama"
"1496","K Yamagashi","A Terai"
"1497","K Yamagashi","N Kuriyama"
"1498","K Yamagashi","M Nakagawa"
"1499","T Kusumi","A Terai"
"1500","T Kusumi","N Kuriyama"
"1501","T Kusumi","M Nakagawa"
"1502","T Kusumi","K Yamagashi"
"1503","K Jimura","A Terai"
"1504","K Jimura","N Kuriyama"
"1505","K Jimura","M Nakagawa"
"1506","K Jimura","K Yamagashi"
"1507","K Jimura","T Kusumi"
"1509","E Gibson","L Bergen"
"1510","E Gibson","R Levy"
"1511","F Keller","D Frassinelli"
"1513","A Lascarides","M Guhe"
"1514","K Sayama","P Dybala"
"1515","M Hegarty","M Hegarty"
"1516","F Durgin","D Nardi"
"1517","K Jeffrey","D Nardi"
"1518","K Jeffrey","F Durgin"
"1519","S Weisberg","D Nardi"
"1520","S Weisberg","F Durgin"
"1521","S Weisberg","K Jeffrey"
"1522","M Speekenbrink","M Osman"
"1523","P Dayan","M Osman"
"1524","P Dayan","M Speekenbrink"
"1525","M Watanbe","M Osman"
"1526","M Watanbe","M Speekenbrink"
"1527","M Watanbe","P Dayan"
"1528","N Harvey","M Osman"
"1530","N Harvey","P Dayan"
"1531","N Harvey","M Watanbe"
"1532","H Ishiguro","R Pfeifer"
"1533","Y Anzai","R Pfeifer"
"1534","Y Anzai","H Ishiguro"
"1535","N Miyake","R Pfeifer"
"1536","N Miyake","H Ishiguro"
"1537","N Miyake","Y Anzai"
"1538","J Tenenbaum","J Malmaud"
"1539","P Dayan","J Malmaud"
"1540","P Dayan","J Tenenbaum"
"1541","L Maloney","J Malmaud"
"1542","L Maloney","J Tenenbaum"
"1543","L Maloney","P Dayan"
"1544","E Vul","J Malmaud"
"1545","E Vul","J Tenenbaum"
"1546","E Vul","P Dayan"
"1547","E Vul","L Maloney"
"1548","N Chater","J Malmaud"
"1549","N Chater","J Tenenbaum"
"1550","N Chater","P Dayan"
"1551","N Chater","L Maloney"
"1552","N Chater","E Vul"
"1553","D Gentner","S Christie"
"1554","M Imai","S Christie"
"1555","M Imai","D Gentner"
"1556","E Haryu","S Christie"
"1557","E Haryu","D Gentner"
"1558","E Haryu","M Imai"
"1559","H Okada","S Christie"
"1560","H Okada","D Gentner"
"1561","H Okada","M Imai"
"1562","H Okada","E Haryu"
"1563","J Son","S Christie"
"1564","J Son","D Gentner"
"1565","J Son","M Imai"
"1566","J Son","E Haryu"
"1567","J Son","H Okada"
"1568","J Stigler","S Christie"
"1569","J Stigler","D Gentner"
"1570","J Stigler","M Imai"
"1571","J Stigler","E Haryu"
"1572","J Stigler","H Okada"
"1573","J Stigler","J Son"
"1574","L Doumas","S Christie"
"1575","L Doumas","D Gentner"
"1576","L Doumas","M Imai"
"1577","L Doumas","E Haryu"
"1578","L Doumas","H Okada"
"1579","L Doumas","J Son"
"1580","L Doumas","J Stigler"
"1581","R Morrison","S Christie"
"1582","R Morrison","D Gentner"
"1583","R Morrison","M Imai"
"1584","R Morrison","E Haryu"
"1585","R Morrison","H Okada"
"1586","R Morrison","J Son"
"1587","R Morrison","J Stigler"
"1588","R Morrison","L Doumas"
"1589","L Richland","S Christie"
"1590","L Richland","D Gentner"
"1591","L Richland","M Imai"
"1592","L Richland","E Haryu"
"1593","L Richland","H Okada"
"1594","L Richland","J Son"
"1595","L Richland","J Stigler"
"1596","L Richland","L Doumas"
"1597","L Richland","R Morrison"
"1598","T Griffiths","C Eliasmith"
"1599","V Hardcastle","C Eliasmith"
"1600","V Hardcastle","T Griffiths"
"1601","B Love","C Eliasmith"
"1602","B Love","T Griffiths"
"1603","B Love","V Hardcastle"
"1604","W Bechtel","C Eliasmith"
"1605","W Bechtel","T Griffiths"
"1606","W Bechtel","V Hardcastle"
"1607","W Bechtel","B Love"
"1608","R Cooper","C Eliasmith"
"1609","R Cooper","T Griffiths"
"1610","R Cooper","V Hardcastle"
"1611","R Cooper","B Love"
"1612","R Cooper","W Bechtel"
"1613","D Peebles","C Eliasmith"
"1614","D Peebles","T Griffiths"
"1615","D Peebles","V Hardcastle"
"1616","D Peebles","B Love"
"1617","D Peebles","W Bechtel"
"1618","D Peebles","R Cooper"
"1619","R Pea","N Miyake"
"1620","R Pekrun","N Miyake"
"1621","R Pekrun","R Pea"
"1622","K Lehn","N Miyake"
"1623","K Lehn","R Pea"
"1624","K Lehn","R Pekrun"
"1625","R Catrambone","N Miyake"
"1626","R Catrambone","R Pea"
"1627","R Catrambone","R Pekrun"
"1628","R Catrambone","K Lehn"
"1629","S Vosniadou","N Miyake"
"1630","S Vosniadou","R Pea"
"1631","S Vosniadou","R Pekrun"
"1632","S Vosniadou","K Lehn"
"1633","S Vosniadou","R Catrambone"
"1634","S Friedman","M Goldwater"
"1635","D Gentner","M Goldwater"
"1636","D Gentner","S Friedman"
"1637","K Forbus","M Goldwater"
"1638","K Forbus","S Friedman"
"1639","K Forbus","D Gentner"
"1640","C Fisher","M Goldwater"
"1641","C Fisher","S Friedman"
"1642","C Fisher","D Gentner"
"1643","C Fisher","K Forbus"
"1644","M Connor","M Goldwater"
"1645","M Connor","S Friedman"
"1646","M Connor","D Gentner"
"1647","M Connor","K Forbus"
"1648","M Connor","C Fisher"
"1649","D Roth","M Goldwater"
"1650","D Roth","S Friedman"
"1651","D Roth","D Gentner"
"1652","D Roth","K Forbus"
"1653","D Roth","C Fisher"
"1654","D Roth","M Connor"
"1655","F Chang","M Goldwater"
"1656","F Chang","S Friedman"
"1657","F Chang","D Gentner"
"1658","F Chang","K Forbus"
"1659","F Chang","C Fisher"
"1660","F Chang","M Connor"
"1661","F Chang","D Roth"
"1662","G Dell","M Goldwater"
"1663","G Dell","S Friedman"
"1664","G Dell","D Gentner"
"1665","G Dell","K Forbus"
"1666","G Dell","C Fisher"
"1667","G Dell","M Connor"
"1668","G Dell","D Roth"
"1669","G Dell","F Chang"
"1670","J O'Doherty","K Doya"
"1671","A Pouget","K Doya"
"1672","A Pouget","J O'Doherty"
"1673","P Bossaerts","K Doya"
"1674","P Bossaerts","J O'Doherty"
"1675","P Bossaerts","A Pouget"
"1676","N Daw","K Doya"
"1677","N Daw","J O'Doherty"
"1678","N Daw","A Pouget"
"1679","N Daw","P Bossaerts"
"1680","Y Niv","K Doya"
"1681","Y Niv","J O'Doherty"
"1682","Y Niv","A Pouget"
"1683","Y Niv","P Bossaerts"
"1684","Y Niv","N Daw"
"1685","N Cohn","C Wilson"
"1686","J Myers","C Wilson"
"1687","J Myers","N Cohn"
"1688","S Goldberg","C Wilson"
"1689","S Goldberg","N Cohn"
"1690","S Goldberg","J Myers"
"1691","A Cohen-Goldberg","C Wilson"
"1692","A Cohen-Goldberg","N Cohn"
"1693","A Cohen-Goldberg","J Myers"
"1694","A Cohen-Goldberg","S Goldberg"
"1695","B Meder","M Osman"
"1696","G Gigerenzer","M Osman"
"1697","G Gigerenzer","B Meder"
"1698","N Charter","M Osman"
"1699","N Charter","B Meder"
"1700","N Charter","G Gigerenzer"
"1701","D Read","M Osman"
"1702","D Read","B Meder"
"1703","D Read","G Gigerenzer"
"1704","D Read","N Charter"
"1705","H Neth","M Osman"
"1706","H Neth","B Meder"
"1707","H Neth","G Gigerenzer"
"1708","H Neth","N Charter"
"1709","H Neth","D Read"
"1710","J Diaz","M Andrews"
"1711","Z Dienes","Z Dienes"
"1714","J Kim","F Ritter"
"1715","P Bruza","J Busemeyer"
"1716","T Takahashi","J Busemeyer"
"1717","T Takahashi","P Bruza"
"1718","J Trueblood","J Busemeyer"
"1719","J Trueblood","P Bruza"
"1720","J Trueblood","T Takahashi"
"1722","R Thompson","S Frank"
"1723","S Ho","S Ho"
"1724","J Hell","L Feldman"
"1725","J Kroll","L Feldman"
"1726","J Kroll","J Hell"
"1727","S Rajaram","L Feldman"
"1728","S Rajaram","J Hell"
"1729","S Rajaram","J Kroll"
"1730","S Ullman","B Tversky"
"1731","D Baldwin","B Tversky"
"1732","D Baldwin","S Ullman"
"1733","F Pollick","B Tversky"
"1734","F Pollick","S Ullman"
"1735","F Pollick","D Baldwin"
"1736","J Tenenbaum","B Tversky"
"1737","J Tenenbaum","S Ullman"
"1738","J Tenenbaum","D Baldwin"
"1739","J Tenenbaum","F Pollick"
"1740","T Gao","B Tversky"
"1741","T Gao","S Ullman"
"1742","T Gao","D Baldwin"
"1743","T Gao","F Pollick"
"1744","T Gao","J Tenenbaum"
"1745","P Pantelis","B Tversky"
"1746","P Pantelis","S Ullman"
"1747","P Pantelis","D Baldwin"
"1748","P Pantelis","F Pollick"
"1749","P Pantelis","J Tenenbaum"
"1750","P Pantelis","T Gao"
"1751","D Pautler","B Tversky"
"1752","D Pautler","S Ullman"
"1753","D Pautler","D Baldwin"
"1754","D Pautler","F Pollick"
"1755","D Pautler","J Tenenbaum"
"1756","D Pautler","T Gao"
"1757","D Pautler","P Pantelis"
