"","from","to"
"1","F Xu","E Bonawitz"
"2","M Kline","E Wittenberg"
"3","J Hartshorne","E Wittenberg"
"4","J Hartshorne","M Kline"
"5","C Jiang","T Gao"
"6","Y Zhu","T Gao"
"7","Y Zhu","C Jiang"
"8","Y Zhao","T Gao"
"9","Y Zhao","C Jiang"
"10","Y Zhao","Y Zhu"
"11","L Yu","T Gao"
"12","L Yu","C Jiang"
"13","L Yu","Y Zhu"
"14","L Yu","Y Zhao"
"15","S Hansen","J McClelland"
"16","A Saxe","J McClelland"
"17","A Saxe","S Hansen"
"18","E Bergelson","E Bergelson"
"19","G Trafton","S Khemlani"
"20","J Yearsley","J Trueblood"
"21","P Kvam","J Trueblood"
"22","P Kvam","J Yearsley"
"23","Z Wang","J Trueblood"
"24","Z Wang","J Yearsley"
"25","Z Wang","P Kvam"
"26","J Busemeyer","J Trueblood"
"27","J Busemeyer","J Yearsley"
"28","J Busemeyer","P Kvam"
"29","J Busemeyer","Z Wang"
"30","T Morgan","J Suchow"
"31","J Hamrick","J Suchow"
"32","J Hamrick","T Morgan"
"33","M Pacer","J Suchow"
"34","M Pacer","T Morgan"
"35","M Pacer","J Hamrick"
"36","S Meylan","J Suchow"
"37","S Meylan","T Morgan"
"38","S Meylan","J Hamrick"
"39","S Meylan","M Pacer"
"40","T Griffiths","J Suchow"
"41","T Griffiths","T Morgan"
"42","T Griffiths","J Hamrick"
"43","T Griffiths","M Pacer"
"44","T Griffiths","S Meylan"
"45","T Tenbrink","T Tenbrink"
"46","N Taatgen","N Taatgen"
"47","M Lewis","S Tsuji"
"48","C Bergmann","S Tsuji"
"49","C Bergmann","M Lewis"
"50","M Frank","S Tsuji"
"51","M Frank","M Lewis"
"52","M Frank","C Bergmann"
"53","A Cristia","S Tsuji"
"54","A Cristia","M Lewis"
"55","A Cristia","C Bergmann"
"56","A Cristia","M Frank"
"57","N Goodman","J Kao"
"58","E Coderre","N Cohn"
"59","L Kendall","N Cohn"
"60","L Kendall","E Coderre"
"61","J Magliano","N Cohn"
"62","J Magliano","E Coderre"
"63","J Magliano","L Kendall"
"64","Z Horne","M Goldwater"
"65","J Loewenstein","M Goldwater"
"66","J Loewenstein","Z Horne"
"67","R Goldstone","M Goldwater"
"68","R Goldstone","Z Horne"
"69","R Goldstone","J Loewenstein"
"70","N Goodman","R Hawkins"
"71","O Feher","R Hawkins"
"72","O Feher","N Goodman"
"73","K Smith","R Hawkins"
"74","K Smith","N Goodman"
"75","K Smith","O Feher"
"76","R Goldstone","R Hawkins"
"77","R Goldstone","N Goodman"
"78","R Goldstone","O Feher"
"79","R Goldstone","K Smith"
"80","T Griffiths","R Hawkins"
"81","T Griffiths","N Goodman"
"82","T Griffiths","O Feher"
"83","T Griffiths","K Smith"
"84","T Griffiths","R Goldstone"
"85","A Bender","S Beller"
"86","C Caldwell","S Beller"
"87","C Caldwell","A Bender"
"88","M Christiansen","S Beller"
"89","M Christiansen","A Bender"
"90","M Christiansen","C Caldwell"
"91","K Overmann","S Beller"
"92","K Overmann","A Bender"
"93","K Overmann","C Caldwell"
"94","K Overmann","M Christiansen"
"95","K Smith","S Beller"
"96","K Smith","A Bender"
"97","K Smith","C Caldwell"
"98","K Smith","M Christiansen"
"99","K Smith","K Overmann"
"100","D McNamara","R Perez"
"101","G Solomon","R Perez"
"102","G Solomon","D McNamara"
"103","W Gray","R Perez"
"104","W Gray","D McNamara"
"105","W Gray","G Solomon"
"106","M Hegarty","L Novick"
"107","R Catrambone","L Novick"
"108","R Catrambone","M Hegarty"
"109","J Pani","L Novick"
"110","J Pani","M Hegarty"
"111","J Pani","R Catrambone"
"112","T Shipley","L Novick"
"113","T Shipley","M Hegarty"
"114","T Shipley","R Catrambone"
"115","T Shipley","J Pani"
"116","K Wagner","K Tillman"
"117","J Chu","K Tillman"
"118","J Chu","K Wagner"
"119","M Imai","K Tillman"
"120","M Imai","K Wagner"
"121","M Imai","J Chu"
"122","B Malt","K Tillman"
"123","B Malt","K Wagner"
"124","B Malt","J Chu"
"125","B Malt","M Imai"
"126","S Widen","K Tillman"
"127","S Widen","K Wagner"
"128","S Widen","J Chu"
"129","S Widen","M Imai"
"130","S Widen","B Malt"
"131","M Shatz","K Tillman"
"132","M Shatz","K Wagner"
"133","M Shatz","J Chu"
"134","M Shatz","M Imai"
"135","M Shatz","B Malt"
"136","M Shatz","S Widen"
"137","P Monaghan","P Rebuschat"
"138","R Gomez","P Rebuschat"
"139","R Gomez","P Monaghan"
"140","G Dell","P Rebuschat"
"141","G Dell","P Monaghan"
"142","G Dell","R Gomez"
"143","N Anderson","P Rebuschat"
"144","N Anderson","P Monaghan"
"145","N Anderson","R Gomez"
"146","N Anderson","G Dell"
"147","C Conway","P Rebuschat"
"148","C Conway","P Monaghan"
"149","C Conway","R Gomez"
"150","C Conway","G Dell"
"151","C Conway","N Anderson"
"152","J Zacks","M Eisenberg"
"153","S Flores","M Eisenberg"
"154","S Flores","J Zacks"
"155","L Howard","M Eisenberg"
"156","L Howard","J Zacks"
"157","L Howard","S Flores"
"158","A Woodward","M Eisenberg"
"159","A Woodward","J Zacks"
"160","A Woodward","S Flores"
"161","A Woodward","L Howard"
"162","J Loucks","M Eisenberg"
"163","J Loucks","J Zacks"
"164","J Loucks","S Flores"
"165","J Loucks","L Howard"
"166","J Loucks","A Woodward"
"167","A Meltzoff","M Eisenberg"
"168","A Meltzoff","J Zacks"
"169","A Meltzoff","S Flores"
"170","A Meltzoff","L Howard"
"171","A Meltzoff","A Woodward"
"172","A Meltzoff","J Loucks"
"173","R Cooper","M Eisenberg"
"174","R Cooper","J Zacks"
"175","R Cooper","S Flores"
"176","R Cooper","L Howard"
"177","R Cooper","A Woodward"
"178","R Cooper","J Loucks"
"179","R Cooper","A Meltzoff"
"180","J Kuhn","A Wellwood"
"181","P Schlenker","A Wellwood"
"182","P Schlenker","J Kuhn"
"183","C Geraci","A Wellwood"
"184","C Geraci","J Kuhn"
"185","C Geraci","P Schlenker"
"186","B Strickland","A Wellwood"
"187","B Strickland","J Kuhn"
"188","B Strickland","P Schlenker"
"189","B Strickland","C Geraci"
"190","S Hespos","A Wellwood"
"191","S Hespos","J Kuhn"
"192","S Hespos","P Schlenker"
"193","S Hespos","C Geraci"
"194","S Hespos","B Strickland"
"195","L Rips","A Wellwood"
"196","L Rips","J Kuhn"
"197","L Rips","P Schlenker"
"198","L Rips","C Geraci"
"199","L Rips","B Strickland"
"200","L Rips","S Hespos"
"201","E Husband","A Wellwood"
"202","E Husband","J Kuhn"
"203","E Husband","P Schlenker"
"204","E Husband","C Geraci"
"205","E Husband","B Strickland"
"206","E Husband","S Hespos"
"207","E Husband","L Rips"
"208","A Williams","A Wellwood"
"209","A Williams","J Kuhn"
"210","A Williams","P Schlenker"
"211","A Williams","C Geraci"
"212","A Williams","B Strickland"
"213","A Williams","S Hespos"
"214","A Williams","L Rips"
"215","A Williams","E Husband"
"216","E Milburn","M Tiv"
"217","T Warren","M Tiv"
"218","T Warren","E Milburn"
"219","S Johnson","S Johnson"
"220","A Wills","C Edmunds"
"221","K Gluck","M Collins"
"222","M Walsh","M Collins"
"223","M Walsh","K Gluck"
"224","M Krusmark","M Collins"
"225","M Krusmark","K Gluck"
"226","M Krusmark","M Walsh"
"227","G Gunzelmann","M Collins"
"228","G Gunzelmann","K Gluck"
"229","G Gunzelmann","M Walsh"
"230","G Gunzelmann","M Krusmark"
"231","P Monaghan","R Frost"
"232","M Christiansen","R Frost"
"233","M Christiansen","P Monaghan"
"234","A Andrikopoulou","M Vinos"
"235","C Papaeliou","M Vinos"
"236","C Papaeliou","A Andrikopoulou"
"237","A Protopapas","M Vinos"
"238","A Protopapas","A Andrikopoulou"
"239","A Protopapas","C Papaeliou"
"240","A Papafragou","S Fairchild"
"241","E Frissen","J Loo"
"242","E Krahmer","J Loo"
"243","E Krahmer","E Frissen"
"244","N Braus","M Sydow"
"245","J Kanero","N George"
"246","D Chwilla","N George"
"247","D Chwilla","J Kanero"
"248","N Nijmegen","N George"
"249","N Nijmegen","J Kanero"
"250","N Nijmegen","D Chwilla"
"251","D Weiss","N George"
"252","D Weiss","J Kanero"
"253","D Weiss","D Chwilla"
"254","D Weiss","N Nijmegen"
"255","Q Zhang","A Pirrone"
"256","S Li","A Pirrone"
"257","S Li","Q Zhang"
"258","P Monaghan","Y Chang"
"259","S Welbourne","Y Chang"
"260","S Welbourne","P Monaghan"
"261","A Scholz","A Klichowicz"
"262","S Strehlau","A Klichowicz"
"263","S Strehlau","A Scholz"
"264","J Krems","A Klichowicz"
"265","J Krems","A Scholz"
"266","J Krems","S Strehlau"
"267","M Asaba","D Ong"
"268","H Gweon","D Ong"
"269","H Gweon","M Asaba"
"270","A Majid","I Croijmans"
"271","R Thomson","J Schoenherr"
"272","B Rottman","K Soo"
"273","A Gatt","R Koolen"
"274","R Gompel","R Koolen"
"275","R Gompel","A Gatt"
"276","E Krahmer","R Koolen"
"277","E Krahmer","A Gatt"
"278","E Krahmer","R Gompel"
"279","K Deemter","R Koolen"
"280","K Deemter","A Gatt"
"281","K Deemter","R Gompel"
"282","K Deemter","E Krahmer"
"283","J Madsen","J Madsen"
"284","G Gronchi","M Lorenzino"
"285","C Caudek","M Lorenzino"
"286","C Caudek","G Gronchi"
"287","K Miwa","M Matsumuro"
"288","A Chan","T Chuk"
"289","S Shimojo","T Chuk"
"290","S Shimojo","A Chan"
"291","J Hsiao","T Chuk"
"292","J Hsiao","A Chan"
"293","J Hsiao","S Shimojo"
"294","A Fisher","L Unger"
"295","F Berends","G Kachergis"
"296","R Kleijn","G Kachergis"
"297","R Kleijn","F Berends"
"298","B Hommel","G Kachergis"
"299","B Hommel","F Berends"
"300","B Hommel","R Kleijn"
"301","J Kim","L Unger"
"302","T Huppert","L Unger"
"303","T Huppert","J Kim"
"304","J Badger","L Unger"
"305","J Badger","J Kim"
"306","J Badger","T Huppert"
"308","A Fisher","J Kim"
"309","A Fisher","T Huppert"
"310","A Fisher","J Badger"
"311","C Behme","C Behme"
"312","M Lee","P Mistry"
"313","B Newell","P Mistry"
"314","B Newell","M Lee"
"315","Y Wang","S Rao"
"316","G Cottrell","S Rao"
"317","G Cottrell","Y Wang"
"318","T Matsuka","H Honda"
"319","K Ueda","H Honda"
"320","K Ueda","T Matsuka"
"321","S Thurman","Y Peng"
"322","H Lu","Y Peng"
"323","H Lu","S Thurman"
"324","M Banani","M Kunda"
"325","J Rehg","M Kunda"
"326","J Rehg","M Banani"
"327","B Sarnecka","B Sarnecka"
"328","Y Hayashi","K Miwa"
"329","H Terai","K Miwa"
"330","H Terai","Y Hayashi"
"331","A Mathis","S Huette"
"332","A Graesser","S Huette"
"333","A Graesser","A Mathis"
"334","D Barner","H Yazdi"
"335","G Heyman","H Yazdi"
"336","G Heyman","D Barner"
"337","D Yeo","M Hong"
"338","B Rittle-Johnson","M Hong"
"339","B Rittle-Johnson","D Yeo"
"340","L Fazio","M Hong"
"341","L Fazio","D Yeo"
"342","L Fazio","B Rittle-Johnson"
"343","L Margulieux","L Schaeffer"
"344","R Catrambone","L Schaeffer"
"345","R Catrambone","L Margulieux"
"346","A Protopapas","F Fotiadis"
"347","S Hidaka","M Fuyama"
"348","V Karuzis","G Colflesh"
"349","P O'Rourke","G Colflesh"
"350","P O'Rourke","V Karuzis"
"351","N Salay","N Salay"
"352","T Strandberg","D Siven"
"353","L Hall","D Siven"
"354","L Hall","T Strandberg"
"355","P Johansson","D Siven"
"356","P Johansson","T Strandberg"
"357","P Johansson","L Hall"
"358","P Parnamets","D Siven"
"359","P Parnamets","T Strandberg"
"360","P Parnamets","L Hall"
"361","P Parnamets","P Johansson"
"362","P Cheng","D Powell"
"363","M Waldmann","D Powell"
"364","M Waldmann","P Cheng"
"365","J Austerweil","Y Kenett"
"366","M Frank","B Peloquin"
"367","M Pavlova","G Petkov"
"368","S Righi","G Gronchi"
"369","G Parrini","G Gronchi"
"370","G Parrini","S Righi"
"371","L Pierguidi","G Gronchi"
"372","L Pierguidi","S Righi"
"373","L Pierguidi","G Parrini"
"374","M Viggiano","G Gronchi"
"375","M Viggiano","S Righi"
"376","M Viggiano","G Parrini"
"377","M Viggiano","L Pierguidi"
"378","K Twomey","A Capelier-Mourguy"
"379","G Westermann","A Capelier-Mourguy"
"380","G Westermann","K Twomey"
"381","A Knott","C Gorman"
"382","V Marian","S Schroeder"
"383","M Frank","E Hembacher"
"384","J Zaki","D Ong"
"385","N Goodman","D Ong"
"386","N Goodman","J Zaki"
"387","V Demberg","F Asr"
"388","J Powers","K Johannes"
"389","L Couper","K Johannes"
"390","L Couper","J Powers"
"391","M Silberglitt","K Johannes"
"392","M Silberglitt","J Powers"
"393","M Silberglitt","L Couper"
"394","J Davenport","K Johannes"
"395","J Davenport","J Powers"
"396","J Davenport","L Couper"
"397","J Davenport","M Silberglitt"
"398","R Levy","T Poppels"
"399","T Stafford","T Stafford"
"400","A Harris","S Jenkins"
"401","M Lark","S Jenkins"
"402","M Lark","A Harris"
"403","A Walk","S Singh"
"404","C Conway","S Singh"
"405","C Conway","A Walk"
"406","Y Sun","H Wang"
"407","J Smith","H Wang"
"408","J Smith","Y Sun"
"409","P Watts","F Costello"
"410","K Miwa","A Maehigashi"
"411","M Oda","A Maehigashi"
"412","M Oda","K Miwa"
"413","Y Nakamura","A Maehigashi"
"414","Y Nakamura","K Miwa"
"415","Y Nakamura","M Oda"
"416","K Mori","A Maehigashi"
"417","K Mori","K Miwa"
"418","K Mori","M Oda"
"419","K Mori","Y Nakamura"
"420","T Igami","A Maehigashi"
"421","T Igami","K Miwa"
"422","T Igami","M Oda"
"423","T Igami","Y Nakamura"
"424","T Igami","K Mori"
"425","N Brennan","E Jost"
"426","K Peck","E Jost"
"427","K Peck","N Brennan"
"428","A Holodny","E Jost"
"429","A Holodny","N Brennan"
"430","A Holodny","K Peck"
"431","M Christiansen","E Jost"
"432","M Christiansen","N Brennan"
"433","M Christiansen","K Peck"
"434","M Christiansen","A Holodny"
"435","F Reali","C Riano"
"436","M Nilsenova","M Colombo"
"437","J Sprenger","M Colombo"
"438","J Sprenger","M Nilsenova"
"439","R Nosofsky","R Cao"
"440","R Shiffrin","R Cao"
"441","R Shiffrin","R Nosofsky"
"442","D Markant","D Markant"
"443","M Berg","A Fox"
"444","E Vries","A Fox"
"445","E Vries","M Berg"
"446","G Schurz","P Thorn"
"447","S Bertel","B Azari"
"448","C Wuethrich","B Azari"
"449","C Wuethrich","S Bertel"
"450","F Vallee-Tourangeau","N Shipp"
"451","S Anthony","N Shipp"
"452","S Anthony","F Vallee-Tourangeau"
"453","T Rhodes","S Petrusz"
"454","J Shields","S Petrusz"
"455","J Shields","T Rhodes"
"456","A Munroe","S Petrusz"
"457","A Munroe","T Rhodes"
"458","A Munroe","J Shields"
"459","J Walker","J Ye"
"460","P Cheng","J Ye"
"461","P Cheng","J Walker"
"462","P Vogt","M Haque"
"463","A Alishahi","M Haque"
"464","A Alishahi","P Vogt"
"465","E Krahmer","M Haque"
"466","E Krahmer","P Vogt"
"467","E Krahmer","A Alishahi"
"468","C Dimov","C Dimov"
"469","V Shalin","K Lippa"
"470","M Welsh","M Kaesler"
"471","C Semmler","M Kaesler"
"472","C Semmler","M Welsh"
"473","P Tupper","G Jenkins"
"474","M Williams","J Vitale"
"475","B Johnston","J Vitale"
"476","B Johnston","M Williams"
"477","V Kapatsinski","Z Harmon"
"478","P Engelhardt","E Fischer"
"479","A Knott","M Takac"
"480","E Stine-Morrow","J Chin"
"481","S Steacy","M Welsh"
"482","S Begg","M Welsh"
"483","S Begg","S Steacy"
"484","D Navarro","M Welsh"
"485","D Navarro","S Steacy"
"486","D Navarro","S Begg"
"487","J Rij","K Loo"
"488","J Jarvikivi","K Loo"
"489","J Jarvikivi","J Rij"
"490","H Baayen","K Loo"
"491","H Baayen","J Rij"
"492","H Baayen","J Jarvikivi"
"493","K Forbus","J Blass"
"494","A Arnhold","K Hawthorne"
"495","E Sullivan","K Hawthorne"
"496","E Sullivan","A Arnhold"
"497","J Jarvikivi","K Hawthorne"
"498","J Jarvikivi","A Arnhold"
"499","J Jarvikivi","E Sullivan"
"500","H Atmanspacher","M Rooij"
"501","J Kornmeier","M Rooij"
"502","J Kornmeier","H Atmanspacher"
"503","F Medicine","M Rooij"
"504","F Medicine","H Atmanspacher"
"505","F Medicine","J Kornmeier"
"506","S Thurman","T Shu"
"507","D Chen","T Shu"
"508","D Chen","S Thurman"
"509","S Zhu","T Shu"
"510","S Zhu","S Thurman"
"511","S Zhu","D Chen"
"512","H Lu","T Shu"
"514","H Lu","D Chen"
"515","H Lu","S Zhu"
"516","M Burigo","A Rodriguez"
"517","P Knoeferle","A Rodriguez"
"518","P Knoeferle","M Burigo"
"519","C Relander","M Hurst"
"520","S Cordes","M Hurst"
"521","S Cordes","C Relander"
"522","J Booth","N Corbett"
"523","C Barbieri","N Corbett"
"524","C Barbieri","J Booth"
"525","L Young","N Corbett"
"526","L Young","J Booth"
"527","L Young","C Barbieri"
"528","H Karnick","S Thomas"
"529","J Pine","D Freudenthal"
"530","G Jones","D Freudenthal"
"531","G Jones","J Pine"
"532","F Gobet","D Freudenthal"
"533","F Gobet","J Pine"
"534","F Gobet","G Jones"
"535","Z Qian","Z Qian"
"536","E Konstantinidis","S Cheyette"
"537","J Harman","S Cheyette"
"538","J Harman","E Konstantinidis"
"539","C Gonzalez","S Cheyette"
"540","C Gonzalez","E Konstantinidis"
"541","C Gonzalez","J Harman"
"542","D Choi","D Menager"
"543","S Reimers","S Desai"
"544","D Lagnado","S Desai"
"545","D Lagnado","S Reimers"
"546","V Sloutsky","T Miser"
"547","S Gimbel","E Kim"
"548","A Litvinova","E Kim"
"549","A Litvinova","S Gimbel"
"550","J Kaplan","E Kim"
"551","J Kaplan","S Gimbel"
"552","J Kaplan","A Litvinova"
"553","M Dehghani","E Kim"
"554","M Dehghani","S Gimbel"
"555","M Dehghani","A Litvinova"
"556","M Dehghani","J Kaplan"
"557","B Lake","A Cohen"
"558","N Taatgen","I Doesburg"
"559","K Muldner","S Tan"
"560","J Lefevre","S Tan"
"561","J Lefevre","K Muldner"
"562","E Dupoux","A Fourtassi"
"563","W Gray","M Destefano"
"572","N Toyama","H Terai"
"573","N Toyama","K Miwa"
"574","D Gentner","K Cooperrider"
"575","S Goldin-Meadow","K Cooperrider"
"576","S Goldin-Meadow","D Gentner"
"577","S Piantadosi","L Marti"
"578","F Mollica","L Marti"
"579","F Mollica","S Piantadosi"
"580","C Kidd","L Marti"
"581","C Kidd","S Piantadosi"
"582","C Kidd","F Mollica"
"583","E Hristova","M Grinberg"
"584","V Kadreva","M Grinberg"
"585","V Kadreva","E Hristova"
"586","J Jara-Ettinger","S Bridgers"
"587","H Gweon","S Bridgers"
"588","H Gweon","J Jara-Ettinger"
"589","T Goksun","N Akhavan"
"590","N Nozari","N Akhavan"
"591","N Nozari","T Goksun"
"592","G Mens","E Konovalova"
"593","N Fong","S Yoon"
"594","M Kristiansson","N Dahlback"
"595","C Conway","K Ross"
"596","E Vul","T Lew"
"597","J Opfer","D Kim"
"598","B Rottman","C Derringer"
"599","M Dascalu","S Crossley"
"600","S Trausan-Matu","S Crossley"
"601","S Trausan-Matu","M Dascalu"
"602","L Allen","S Crossley"
"603","L Allen","M Dascalu"
"604","L Allen","S Trausan-Matu"
"605","D McNamara","S Crossley"
"606","D McNamara","M Dascalu"
"607","D McNamara","S Trausan-Matu"
"608","D McNamara","L Allen"
"609","T Ting","A Wente"
"610","R Aboody","A Wente"
"611","R Aboody","T Ting"
"612","T Kushnir","A Wente"
"613","T Kushnir","T Ting"
"614","T Kushnir","R Aboody"
"615","A Gopnik","A Wente"
"616","A Gopnik","T Ting"
"617","A Gopnik","R Aboody"
"618","A Gopnik","T Kushnir"
"619","H Kim","S Johnson"
"620","F Keil","S Johnson"
"621","F Keil","H Kim"
"622","A Papafragou","M Grigoroglou"
"623","S Marsella","M Lhommet"
"624","Y Kikuchi","K Kodama"
"625","H Yamagiwa","K Kodama"
"626","H Yamagiwa","Y Kikuchi"
"627","J Knobe","T Icard"
"628","S Stephan","J Nagel"
"629","H Seltman","K Godwin"
"630","M Almeda","K Godwin"
"631","M Almeda","H Seltman"
"632","S Kai","K Godwin"
"633","S Kai","H Seltman"
"634","S Kai","M Almeda"
"635","R Baker","K Godwin"
"636","R Baker","H Seltman"
"637","R Baker","M Almeda"
"638","R Baker","S Kai"
"639","A Fisher","K Godwin"
"640","A Fisher","H Seltman"
"641","A Fisher","M Almeda"
"642","A Fisher","S Kai"
"643","A Fisher","R Baker"
"644","Y Hayashi","Y Hayashi"
"645","M Lamar","J Moon"
"646","C Forsyth","J Moon"
"647","C Forsyth","M Lamar"
"648","M Keehner","J Moon"
"649","M Keehner","M Lamar"
"650","M Keehner","C Forsyth"
"651","D Rakison","D Benton"
"652","K Forbus","C McFate"
"653","M Frank","P Crone"
"654","M Ciraolo","M Walker"
"655","A Dewald","M Walker"
"656","A Dewald","M Ciraolo"
"657","S Sinnett","M Walker"
"658","S Sinnett","M Ciraolo"
"659","S Sinnett","A Dewald"
"660","J Wong","C Chan"
"661","A Chan","C Chan"
"662","A Chan","J Wong"
"663","T Lee","C Chan"
"664","T Lee","J Wong"
"665","T Lee","A Chan"
"666","J Hsiao","C Chan"
"667","J Hsiao","J Wong"
"669","J Hsiao","T Lee"
"670","J McDaniel","M Si"
"671","D Myers","P Thibodeau"
"672","S Flusberg","P Thibodeau"
"673","S Flusberg","D Myers"
"674","S O'Grady","H Walin"
"675","F Xu","H Walin"
"676","F Xu","S O'Grady"
"677","E Kaiser","A Besserman"
"678","T Sugimoto","T Sugimoto"
"679","R Fer","M Carbajal"
"680","E Dupoux","M Carbajal"
"681","E Dupoux","R Fer"
"682","M Gibbert","Q Sun"
"683","T Hills","Q Sun"
"684","T Hills","M Gibbert"
"685","E Nowak","Q Sun"
"686","E Nowak","M Gibbert"
"687","E Nowak","T Hills"
"688","R Fusaroli","R Dale"
"689","K Tylen","R Dale"
"690","K Tylen","R Fusaroli"
"691","J Raczaszek-Leonardi","R Dale"
"692","J Raczaszek-Leonardi","R Fusaroli"
"693","J Raczaszek-Leonardi","K Tylen"
"694","M Christiansen","R Dale"
"695","M Christiansen","R Fusaroli"
"696","M Christiansen","K Tylen"
"697","M Christiansen","J Raczaszek-Leonardi"
"698","T Hills","D Wulff"
"699","M Lachman","D Wulff"
"700","M Lachman","T Hills"
"701","R Mata","D Wulff"
"702","R Mata","T Hills"
"703","R Mata","M Lachman"
"704","K Ryan","S Jimenez"
"705","M Saylor","S Jimenez"
"706","M Saylor","K Ryan"
"707","P Analytis","D Barkoczi"
"708","C Wu","D Barkoczi"
"709","C Wu","P Analytis"
"710","B Malle","X Zhao"
"711","H Gweon","X Zhao"
"712","H Gweon","B Malle"
"713","S Yamada","T Komatsu"
"714","T Boyer","S Harding"
"715","B Bertenthal","S Harding"
"716","B Bertenthal","T Boyer"
"717","S Ohlsson","E Sovansky"
"718","L Favela","L Moralez"
"719","R Patel","E Wiese"
"720","K Koedinger","E Wiese"
"721","K Koedinger","R Patel"
"722","K Nakamura","K Nakamura"
"723","Y Leong","N Velez"
"724","C Pan","N Velez"
"725","C Pan","Y Leong"
"726","J Zaki","N Velez"
"727","J Zaki","Y Leong"
"728","J Zaki","C Pan"
"729","H Gweon","N Velez"
"730","H Gweon","Y Leong"
"731","H Gweon","C Pan"
"732","H Gweon","J Zaki"
"733","Y Seino","R Furutani"
"734","T Tezuka","R Furutani"
"735","T Tezuka","Y Seino"
"736","T Satoh","R Furutani"
"737","T Satoh","Y Seino"
"738","T Satoh","T Tezuka"
"739","E Krahmer","A Baltaretu"
"740","A Maes","A Baltaretu"
"741","A Maes","E Krahmer"
"742","J Zhao","Y Luo"
"743","J Harbison","A Bloomfield"
"744","S Campbell","A Bloomfield"
"745","S Campbell","J Harbison"
"746","P Bradley","A Bloomfield"
"747","P Bradley","J Harbison"
"748","P Bradley","S Campbell"
"749","L Saner","A Bloomfield"
"750","L Saner","J Harbison"
"751","L Saner","S Campbell"
"752","L Saner","P Bradley"
"753","R Hass","R Hass"
"754","Z Davis","B Rehder"
"755","T Griffiths","S O'Grady"
"757","F Xu","T Griffiths"
"758","H Kjellstrom","J Butepage"
"759","D Kragic","J Butepage"
"760","D Kragic","H Kjellstrom"
"761","J Marsh","A Zeveney"
"762","E Mech","L Perry"
"763","M MacDonald","L Perry"
"764","M MacDonald","E Mech"
"765","M Seidenberg","L Perry"
"766","M Seidenberg","E Mech"
"767","M Seidenberg","M MacDonald"
"768","A Chan","S Brueggemann"
"769","J Hsiao","S Brueggemann"
"771","D Gentner","R Shao"
"772","B Bertenthal","A Barton"
"773","S Harding","A Barton"
"775","T Alexopoulou","A Murakami"
"776","D Casasanto","B Pitt"
"777","D Roney","A Gilman"
"778","V Rehr","A Gilman"
"779","V Rehr","D Roney"
"780","H Hu","A Gilman"
"781","H Hu","D Roney"
"782","H Hu","V Rehr"
"783","M Peterson","A Gilman"
"784","M Peterson","D Roney"
"785","M Peterson","V Rehr"
"786","M Peterson","H Hu"
"787","W Voorspoels","F Djalal"
"788","T Heyman","F Djalal"
"789","T Heyman","W Voorspoels"
"790","G Storms","F Djalal"
"791","G Storms","W Voorspoels"
"792","G Storms","T Heyman"
"793","C Conway","J Deocampo"
"794","T Waltzer","R Castillo"
"795","H Kloos","R Castillo"
"796","H Kloos","T Waltzer"
"797","E Bonawitz","Y Yu"
"798","P Shafto","Y Yu"
"799","P Shafto","E Bonawitz"
"800","J Willits","F Asr"
"801","M Jones","F Asr"
"802","M Jones","J Willits"
"803","P Kvam","P Kvam"
"804","D Over","N Cruz"
"805","M Oaksford","N Cruz"
"806","M Oaksford","D Over"
"807","J Baratgin","N Cruz"
"808","J Baratgin","D Over"
"809","J Baratgin","M Oaksford"
"810","N Goodman","C Qing"
"811","D Lassiter","C Qing"
"812","D Lassiter","N Goodman"
"813","P Vogt","C Jong"
"814","B Komer","S Sharma"
"815","T Stewart","S Sharma"
"816","T Stewart","B Komer"
"817","C Eliasmith","S Sharma"
"818","C Eliasmith","B Komer"
"819","C Eliasmith","T Stewart"
"820","P Byers","P Byers"
"821","D Fum","F Zarl"
"822","Q Huys","E Schulz"
"823","D Bach","E Schulz"
"824","D Bach","Q Huys"
"825","M Speekenbrink","E Schulz"
"826","M Speekenbrink","Q Huys"
"827","M Speekenbrink","D Bach"
"828","A Krause","E Schulz"
"829","A Krause","Q Huys"
"830","A Krause","D Bach"
"831","A Krause","M Speekenbrink"
"832","M Johanson","F Gervits"
"833","A Papafragou","F Gervits"
"834","A Papafragou","M Johanson"
"835","R Grimm","G Cassani"
"836","S Gillis","G Cassani"
"837","S Gillis","R Grimm"
"838","W Daelemans","G Cassani"
"839","W Daelemans","R Grimm"
"840","W Daelemans","S Gillis"
"841","J MacGlashan","M Ho"
"842","A Greenwald","M Ho"
"843","A Greenwald","J MacGlashan"
"844","M Littman","M Ho"
"845","M Littman","J MacGlashan"
"846","M Littman","A Greenwald"
"847","E Hilliard","M Ho"
"848","E Hilliard","J MacGlashan"
"849","E Hilliard","A Greenwald"
"850","E Hilliard","M Littman"
"851","C Trimbach","M Ho"
"852","C Trimbach","J MacGlashan"
"853","C Trimbach","A Greenwald"
"854","C Trimbach","M Littman"
"855","C Trimbach","E Hilliard"
"856","S Brawner","M Ho"
"857","S Brawner","J MacGlashan"
"858","S Brawner","A Greenwald"
"859","S Brawner","M Littman"
"860","S Brawner","E Hilliard"
"861","S Brawner","C Trimbach"
"862","J Tenenbaum","M Ho"
"863","J Tenenbaum","J MacGlashan"
"864","J Tenenbaum","A Greenwald"
"865","J Tenenbaum","M Littman"
"866","J Tenenbaum","E Hilliard"
"867","J Tenenbaum","C Trimbach"
"868","J Tenenbaum","S Brawner"
"869","M Kleiman-Weiner","M Ho"
"870","M Kleiman-Weiner","J MacGlashan"
"871","M Kleiman-Weiner","A Greenwald"
"872","M Kleiman-Weiner","M Littman"
"873","M Kleiman-Weiner","E Hilliard"
"874","M Kleiman-Weiner","C Trimbach"
"875","M Kleiman-Weiner","S Brawner"
"876","M Kleiman-Weiner","J Tenenbaum"
"877","J Austerweil","M Ho"
"878","J Austerweil","J MacGlashan"
"879","J Austerweil","A Greenwald"
"880","J Austerweil","M Littman"
"881","J Austerweil","E Hilliard"
"882","J Austerweil","C Trimbach"
"883","J Austerweil","S Brawner"
"884","J Austerweil","J Tenenbaum"
"885","J Austerweil","M Kleiman-Weiner"
"886","L Boroditsky","R Hendricks"
"887","P Rauwolf","J Bryson"
"888","J Kregor","C Massey"
"889","L Cosgrove","C Massey"
"890","L Cosgrove","J Kregor"
"891","H Lee","C Massey"
"892","H Lee","J Kregor"
"893","H Lee","L Cosgrove"
"894","A Ozyurek","G Ortega"
"895","N Patson","N Patson"
"896","D Mirman","N Nozari"
"897","J Zhao","B Tomm"
"898","J Vonk","E Searle"
"899","B Brothers","E Searle"
"900","B Brothers","J Vonk"
"901","B Langstein","G Roberts"
"902","B Galantucci","G Roberts"
"903","B Galantucci","B Langstein"
"904","S Steiner","J Zemla"
"905","S Sloman","J Zemla"
"906","S Sloman","S Steiner"
"907","D Reitter","M Ghafurian"
"911","D Huber","W Hopper"
"912","S Kirby","M Woensdregt"
"913","C Cummins","M Woensdregt"
"914","C Cummins","S Kirby"
"915","K Smith","M Woensdregt"
"916","K Smith","S Kirby"
"917","K Smith","C Cummins"
"918","V Sloutsky","S Rivera"
"919","L Sass","D Smithwick"
"920","D Kirsh","D Smithwick"
"921","D Kirsh","L Sass"
"922","R Jacobs","M Overlan"
"923","S Piantadosi","M Overlan"
"924","S Piantadosi","R Jacobs"
"925","M Siegel","I Yildirim"
"926","J Tenenbaum","I Yildirim"
"927","J Tenenbaum","M Siegel"
"928","E Sander","H Gros"
"929","J Thibaut","H Gros"
"930","J Thibaut","E Sander"
"932","H Haarmann","A Romberg"
"933","B Shahriari","P Tupper"
"934","A Backus","Z Azar"
"935","A Ozyurek","Z Azar"
"936","A Ozyurek","A Backus"
"937","D Landy","B Rogers"
"938","S Gelman","T Kushnir"
"939","F Miscevic","A Nematzadeh"
"940","S Stevenson","A Nematzadeh"
"941","S Stevenson","F Miscevic"
"942","M Rhodes","T Mandalaywala"
"943","R Jamieson","B Johns"
"944","M Crump","B Johns"
"945","M Crump","R Jamieson"
"946","M Jones","B Johns"
"947","M Jones","R Jamieson"
"948","M Jones","M Crump"
"949","D Mewhort","B Johns"
"950","D Mewhort","R Jamieson"
"951","D Mewhort","M Crump"
"952","D Mewhort","M Jones"
"954","E Dupoux","C Bergmann"
"955","E Dupoux","A Cristia"
"956","D Baldwin","J Kosie"
"957","A Senghas","A Kocab"
"958","J Snedeker","A Kocab"
"959","J Snedeker","A Senghas"
"960","B French","J Thibaut"
"961","Y Glady","J Thibaut"
"962","Y Glady","B French"
"963","O Iain","F Gobet"
"964","L Fournier","A Stubblefield"
"965","N Feldman","K Hitczenko"
"966","G Oliveira","G Oliveira"
"967","M Postma-Nilsenova","E Postma"
"969","D kar","Y Abbasi"
"970","N Sintov","Y Abbasi"
"971","N Sintov","D kar"
"972","M Tambe","Y Abbasi"
"973","M Tambe","D kar"
"974","M Tambe","N Sintov"
"975","N Ben-Asher","Y Abbasi"
"976","N Ben-Asher","D kar"
"977","N Ben-Asher","N Sintov"
"978","N Ben-Asher","M Tambe"
"979","D Morrison","Y Abbasi"
"980","D Morrison","D kar"
"981","D Morrison","N Sintov"
"982","D Morrison","M Tambe"
"983","D Morrison","N Ben-Asher"
"984","C Gonzalez","Y Abbasi"
"985","C Gonzalez","D kar"
"986","C Gonzalez","N Sintov"
"987","C Gonzalez","M Tambe"
"988","C Gonzalez","N Ben-Asher"
"989","C Gonzalez","D Morrison"
"990","M Jones","J Szary"
"991","A Paiva","J Campos"
"992","G Cottrell","P Wang"
"993","J Davies","D Kelly"
"994","M Kaschak","A Yazbec"
"995","A Borovsky","A Yazbec"
"996","A Borovsky","M Kaschak"
"997","V Malave","L Li"
"998","A Song","L Li"
"999","A Song","V Malave"
"1000","A Yu","L Li"
"1001","A Yu","V Malave"
"1002","A Yu","A Song"
"1003","R Dale","D Vinson"
"1004","M Jones","D Vinson"
"1005","M Jones","R Dale"
"1006","D Abney","J Bunce"
"1007","C Gordon","J Bunce"
"1008","C Gordon","D Abney"
"1009","M Spivey","J Bunce"
"1010","M Spivey","D Abney"
"1011","M Spivey","C Gordon"
"1012","R Scott","J Bunce"
"1013","R Scott","D Abney"
"1014","R Scott","C Gordon"
"1015","R Scott","M Spivey"
"1016","N Feldman","A Ettinger"
"1017","P Resnik","A Ettinger"
"1018","P Resnik","N Feldman"
"1019","C Phillips","A Ettinger"
"1020","C Phillips","N Feldman"
"1021","C Phillips","P Resnik"
"1022","A Majid","L Speed"
"1023","Y Sun","W Nan"
"1024","X Liu","W Nan"
"1025","X Liu","Y Sun"
"1026","H Wang","W Nan"
"1028","H Wang","X Liu"
"1029","J Hoover","R Boghrati"
"1030","K Johnson","R Boghrati"
"1031","K Johnson","J Hoover"
"1032","J Garten","R Boghrati"
"1033","J Garten","J Hoover"
"1034","J Garten","K Johnson"
"1035","M Dehghani","R Boghrati"
"1036","M Dehghani","J Hoover"
"1037","M Dehghani","K Johnson"
"1038","M Dehghani","J Garten"
"1039","I Arnon","L Raviv"
"1040","F Gobet","M Lloyd-Kelly"
"1041","P Lane","M Lloyd-Kelly"
"1042","P Lane","F Gobet"
"1043","G Valdez","G Smith"
"1044","A Walk","G Smith"
"1045","A Walk","G Valdez"
"1046","J Purdy","G Smith"
"1047","J Purdy","G Valdez"
"1048","J Purdy","A Walk"
"1049","C Conway","G Smith"
"1050","C Conway","G Valdez"
"1052","C Conway","J Purdy"
"1053","P Smolensky","P Cho"
"1054","M Siegel","T Ullman"
"1055","J Tenenbaum","T Ullman"
"1057","S Gershman","T Ullman"
"1058","S Gershman","M Siegel"
"1059","S Gershman","J Tenenbaum"
"1060","S Chung","T Li"
"1061","J Hsiao","T Li"
"1062","J Hsiao","S Chung"
"1067","W Bridewell","P Bello"
"1068","C Wasylyshyn","P Bello"
"1069","C Wasylyshyn","W Bridewell"
"1070","A Ishiguchi","M Tokita"
"1072","P Iyiewuare","P Thibodeau"
"1073","M Berretta","P Thibodeau"
"1074","M Berretta","P Iyiewuare"
"1075","S Leslie","E Foster-Hanson"
"1076","M Rhodes","E Foster-Hanson"
"1077","M Rhodes","S Leslie"
"1078","B Dey","S Musslick"
"1079","K Ozcimder","S Musslick"
"1080","K Ozcimder","B Dey"
"1081","M Patwary","S Musslick"
"1082","M Patwary","B Dey"
"1083","M Patwary","K Ozcimder"
"1084","T Willke","S Musslick"
"1085","T Willke","B Dey"
"1086","T Willke","K Ozcimder"
"1087","T Willke","M Patwary"
"1088","J Cohen","S Musslick"
"1089","J Cohen","B Dey"
"1090","J Cohen","K Ozcimder"
"1091","J Cohen","M Patwary"
"1092","J Cohen","T Willke"
"1093","J Holden","M Amon"
"1094","D Chesney","D Chesney"
"1095","T Hills","E Nikitin"
"1096","D Lee","P Thibodeau"
"1098","S Flusberg","D Lee"
"1099","K Kim","S Johnson"
"1101","F Keil","K Kim"
"1102","C Eliasmith","P Blouw"
"1103","B Tripp","P Blouw"
"1104","B Tripp","C Eliasmith"
"1105","A Criss","G Cox"
"1107","D Barner","J Chu"
"1108","D Barner","K Wagner"
"1112","B Sandham","N Chernyak"
"1113","P Harris","N Chernyak"
"1114","P Harris","B Sandham"
"1115","S Cordes","N Chernyak"
"1116","S Cordes","B Sandham"
"1117","S Cordes","P Harris"
"1118","Y Xu","T Ullman"
"1119","N Goodman","T Ullman"
"1120","N Goodman","Y Xu"
"1121","J Hilgard","A Landrum"
"1122","H Akin","A Landrum"
"1123","H Akin","J Hilgard"
"1124","N Li","A Landrum"
"1125","N Li","J Hilgard"
"1126","N Li","H Akin"
"1127","D Kahan","A Landrum"
"1128","D Kahan","J Hilgard"
"1129","D Kahan","H Akin"
"1130","D Kahan","N Li"
"1131","B Gordon","M Freund"
"1132","N Nozari","M Freund"
"1133","N Nozari","B Gordon"
"1134","D Crandall","S Bambach"
"1135","L Smith","S Bambach"
"1136","L Smith","D Crandall"
"1137","C Yu","S Bambach"
"1138","C Yu","D Crandall"
"1139","C Yu","L Smith"
"1140","D Peeters","D Peeters"
"1142","T Ullman","M Kryven"
"1143","W Cowan","M Kryven"
"1144","W Cowan","T Ullman"
"1145","J Tenenbaum","M Kryven"
"1147","J Tenenbaum","W Cowan"
"1148","N Goodman","M Tessler"
"1149","J Zevin","H Wang"
"1150","T Mintz","H Wang"
"1151","T Mintz","J Zevin"
"1152","V Reyna","D Broniatowski"
"1153","L Favela","M Rooij"
"1164","M Wieth","A Hostetter"
"1165","K Foster","A Hostetter"
"1166","K Foster","M Wieth"
"1167","K Moreno","A Hostetter"
"1168","K Moreno","M Wieth"
"1169","K Moreno","K Foster"
"1170","J Washington","A Hostetter"
"1171","J Washington","M Wieth"
"1172","J Washington","K Foster"
"1173","J Washington","K Moreno"
"1174","D Yurovsky","M Braginsky"
"1175","V Marchman","M Braginsky"
"1176","V Marchman","D Yurovsky"
"1177","M Frank","M Braginsky"
"1178","M Frank","D Yurovsky"
"1179","M Frank","V Marchman"
"1180","T Griffiths","R Foushee"
"1181","M Srinivasan","R Foushee"
"1182","M Srinivasan","T Griffiths"
"1183","P Monaghan","P Monaghan"
"1184","V Simmering","H Miller"
"1185","M Pickering","E Suffill"
"1186","H Branigan","E Suffill"
"1187","H Branigan","M Pickering"
"1188","O Kardan","H Kotabe"
"1189","M Berman","H Kotabe"
"1190","M Berman","O Kardan"
"1191","D Bartels","S Chen"
"1192","O Urminsky","S Chen"
"1193","O Urminsky","D Bartels"
"1194","M Hurst","K Hamamouche"
"1195","S Cordes","K Hamamouche"
"1197","B Rittle-Johnson","A Loehr"
"1198","J Hartshorne","L Niemi"
"1199","T Gerstenberg","L Niemi"
"1200","T Gerstenberg","J Hartshorne"
"1201","L Young","L Niemi"
"1202","L Young","J Hartshorne"
"1203","L Young","T Gerstenberg"
"1204","R Wilson","A Geana"
"1205","N Daw","A Geana"
"1206","N Daw","R Wilson"
"1207","J Cohen","A Geana"
"1208","J Cohen","R Wilson"
"1209","J Cohen","N Daw"
"1210","T Nagamine","O Rasanen"
"1211","N Mesgarani","O Rasanen"
"1212","N Mesgarani","T Nagamine"
"1213","B Johns","M Dye"
"1214","M Jones","M Dye"
"1216","M Ramscar","M Dye"
"1217","M Ramscar","B Johns"
"1218","M Ramscar","M Jones"
"1219","L Sikos","P Thibodeau"
"1220","F Durgin","P Thibodeau"
"1221","F Durgin","L Sikos"
"1222","A Weber","Y Asano"
"1223","J Wu","R Zhang"
"1224","C Zhang","R Zhang"
"1225","C Zhang","J Wu"
"1226","W Freeman","R Zhang"
"1227","W Freeman","J Wu"
"1228","W Freeman","C Zhang"
"1229","J Tenenbaum","R Zhang"
"1230","J Tenenbaum","J Wu"
"1231","J Tenenbaum","C Zhang"
"1232","J Tenenbaum","W Freeman"
"1233","J Kneissler","C Gumbsch"
"1234","M Butz","C Gumbsch"
"1235","M Butz","J Kneissler"
"1243","D Landy","J Willits"
"1244","D Landy","M Jones"
"1245","C Jiang","J Kubricht"
"1246","Y Zhu","J Kubricht"
"1248","S Zhu","J Kubricht"
"1249","S Zhu","C Jiang"
"1250","S Zhu","Y Zhu"
"1251","D Terzopoulos","J Kubricht"
"1252","D Terzopoulos","C Jiang"
"1253","D Terzopoulos","Y Zhu"
"1254","D Terzopoulos","S Zhu"
"1255","H Lu","J Kubricht"
"1256","H Lu","C Jiang"
"1257","H Lu","Y Zhu"
"1259","H Lu","D Terzopoulos"
"1260","J Wiley","M Mielicki"
"1261","A Weber","S Beck"
"1262","P Hagoort","G Lockwood"
"1263","M Dingemanse","G Lockwood"
"1264","M Dingemanse","P Hagoort"
"1265","D Weisberg","E Hopkins"
"1266","J Taylor","E Hopkins"
"1267","J Taylor","D Weisberg"
"1268","L Smith","S Suanda"
"1269","C Yu","S Suanda"
"1271","R Roberts","A Starr"
"1272","E Brannon","A Starr"
"1273","E Brannon","R Roberts"
"1274","R Weber","N Lester"
"1275","B Rehder","B Rehder"
"1276","P Oudeyer","S Forestier"
"1277","C Kello","B Kerster"
"1278","A Borutecene","I Bostan"
"1279","O Ozcan","I Bostan"
"1280","O Ozcan","A Borutecene"
"1281","T Goksun","I Bostan"
"1282","T Goksun","A Borutecene"
"1283","T Goksun","O Ozcan"
"1284","T Kushnir","X Zhao"
"1285","J Marewski","D Link"
"1287","E Gleason","U Priva"
"1288","C Jong","J Lai"
"1289","D Gao","J Lai"
"1290","D Gao","C Jong"
"1291","R Huang","J Lai"
"1292","R Huang","C Jong"
"1293","R Huang","D Gao"
"1294","E Krahmer","J Lai"
"1295","E Krahmer","C Jong"
"1296","E Krahmer","D Gao"
"1297","E Krahmer","R Huang"
"1298","J Sprenger","J Lai"
"1299","J Sprenger","C Jong"
"1300","J Sprenger","D Gao"
"1301","J Sprenger","R Huang"
"1302","J Sprenger","E Krahmer"
"1303","Y Kenett","J Zemla"
"1304","K Jun","J Zemla"
"1305","K Jun","Y Kenett"
"1306","J Austerweil","J Zemla"
"1308","J Austerweil","K Jun"
"1309","J Jordan","S Croker"
"1310","D Schloesser","S Croker"
"1311","D Schloesser","J Jordan"
"1312","V Cialdella","S Croker"
"1313","V Cialdella","J Jordan"
"1314","V Cialdella","D Schloesser"
"1315","A Dayer","S Croker"
"1316","A Dayer","J Jordan"
"1317","A Dayer","D Schloesser"
"1318","A Dayer","V Cialdella"
"1319","N Feldman","C Richter"
"1320","H Salgado","C Richter"
"1321","H Salgado","N Feldman"
"1322","A Jansen","C Richter"
"1323","A Jansen","N Feldman"
"1324","A Jansen","H Salgado"
"1325","R Catrambone","D Chen"
"1326","J Lins","M Richter"
"1327","G Schoener","M Richter"
"1328","G Schoener","J Lins"
"1329","S Bhatia","S Bhatia"
"1330","G Loomes","S Bhatia"
"1331","M Sirota","F Vallee-Tourangeau"
"1332","G Vallee-Tourangeau","F Vallee-Tourangeau"
"1333","G Vallee-Tourangeau","M Sirota"
"1334","G Storms","A White"
"1335","B Malt","A White"
"1336","B Malt","G Storms"
"1337","S Verheyen","A White"
"1338","S Verheyen","G Storms"
"1339","S Verheyen","B Malt"
"1340","I Toivonen","R Barbu"
"1341","M Zhang","S Johnson"
"1343","F Keil","M Zhang"
"1344","F Gobet","G Sala"
"1345","R Trinchero","G Sala"
"1346","R Trinchero","F Gobet"
"1347","S Ventura","G Sala"
"1348","S Ventura","F Gobet"
"1349","S Ventura","R Trinchero"
"1350","J Asselin","D Wilkenfeld"
"1351","T Lombrozo","D Wilkenfeld"
"1352","T Lombrozo","J Asselin"
"1353","S Bridgers","N Velez"
"1356","P Wolff","R Thorstad"
"1357","C Yu","T Xu"
"1360","B Herd","K Begolli"
"1361","H Sayonno","K Begolli"
"1362","H Sayonno","B Herd"
"1363","S Jaeggi","K Begolli"
"1364","S Jaeggi","B Herd"
"1365","S Jaeggi","H Sayonno"
"1366","L Richland","K Begolli"
"1367","L Richland","B Herd"
"1368","L Richland","H Sayonno"
"1369","L Richland","S Jaeggi"
"1370","A Voelker","S Aubin"
"1371","C Eliasmith","S Aubin"
"1372","C Eliasmith","A Voelker"
"1373","C Yu","Y Zhang"
"1374","F Sun","J Jara-Ettinger"
"1375","L Schulz","J Jara-Ettinger"
"1376","L Schulz","F Sun"
"1377","J Tenenbaum","J Jara-Ettinger"
"1378","J Tenenbaum","F Sun"
"1379","J Tenenbaum","L Schulz"
"1380","R Poldrack","I Eisenberg"
"1381","S Hansen","M Rabovsky"
"1382","J McClelland","M Rabovsky"
"1384","B Lake","A Rothe"
"1385","T Gureckis","A Rothe"
"1386","T Gureckis","B Lake"
"1387","N Cohn","N Cohn"
"1389","R Liu","R Patel"
"1391","K Koedinger","R Liu"
"1392","T Griffiths","F Lieder"
"1393","M Franke","T Brochhagen"
"1394","R Rooij","T Brochhagen"
"1395","R Rooij","M Franke"
"1396","R Cowell","P Sadil"
"1397","G Doyle","D Yurovsky"
"1399","M Frank","G Doyle"
"1400","C Morgan","A Shtulman"
"1401","S Frank","L Onnis"
"1402","H Yun","L Onnis"
"1403","H Yun","S Frank"
"1404","M Lou-Magnuson","L Onnis"
"1405","M Lou-Magnuson","S Frank"
"1406","M Lou-Magnuson","H Yun"
"1407","L Rips","M Salomon"
"1408","S Denison","S Gualtieri"
"1409","S Stevenson","M Mozuraitis"
"1410","D Heller","M Mozuraitis"
"1411","D Heller","S Stevenson"
"1412","J Deocampo","L Eghbalzad"
"1413","C Conway","L Eghbalzad"
"1415","R Peterson","T Kershaw"
"1416","S Bhowmick","T Kershaw"
"1417","S Bhowmick","R Peterson"
"1418","E Wakefield","M Novack"
"1419","E Congdon","M Novack"
"1420","E Congdon","E Wakefield"
"1421","S Franconeri","M Novack"
"1422","S Franconeri","E Wakefield"
"1423","S Franconeri","E Congdon"
"1424","S Goldin-Meadow","M Novack"
"1425","S Goldin-Meadow","E Wakefield"
"1426","S Goldin-Meadow","E Congdon"
"1427","S Goldin-Meadow","S Franconeri"
"1428","M Vugt","J Daamen"
"1429","N Taatgen","J Daamen"
"1430","N Taatgen","M Vugt"
"1434","K Leech","N Chernyak"
"1435","M Rowe","N Chernyak"
"1436","M Rowe","K Leech"
"1437","P Johnson-Laird","S Khemlani"
"1438","A Utsumi","K Takano"
"1439","F Xu","R Foushee"
"1440","J Gosmann","I Kajic"
"1441","T Stewart","I Kajic"
"1442","T Stewart","J Gosmann"
"1443","T Wennekers","I Kajic"
"1444","T Wennekers","J Gosmann"
"1445","T Wennekers","T Stewart"
"1446","C Eliasmith","I Kajic"
"1447","C Eliasmith","J Gosmann"
"1449","C Eliasmith","T Wennekers"
"1450","J Borst","T Buwalda"
"1451","M Vugt","T Buwalda"
"1452","M Vugt","J Borst"
"1453","N Taatgen","T Buwalda"
"1454","N Taatgen","J Borst"
"1456","V Sloutsky","K Apfelbaum"
"1457","K Chadwick","C Robinson"
"1458","J Parker","C Robinson"
"1459","J Parker","K Chadwick"
"1460","S Sinnett","C Robinson"
"1461","S Sinnett","K Chadwick"
"1462","S Sinnett","J Parker"
"1463","G Vigliocco","A Rotaru"
"1464","S Frank","A Rotaru"
"1465","S Frank","G Vigliocco"
"1466","B Malt","Y Xu"
"1467","M Srinivasan","Y Xu"
"1468","M Srinivasan","B Malt"
"1469","L Schmitz","C Vesper"
"1470","G Knoblich","C Vesper"
"1471","G Knoblich","L Schmitz"
"1472","I Paul","J Parker"
"1473","N Reinholtz","J Parker"
"1474","N Reinholtz","I Paul"
"1475","A Carstensen","C Tseng"
"1476","T Regier","C Tseng"
"1477","T Regier","A Carstensen"
"1478","Y Xu","C Tseng"
"1479","Y Xu","A Carstensen"
"1480","Y Xu","T Regier"
"1483","F Milton","C Edmunds"
"1484","F Milton","A Wills"
"1485","A Anderson","B Zinszer"
"1486","R Raizada","B Zinszer"
"1487","R Raizada","A Anderson"
"1488","S Stevenson","B Beekhuizen"
"1489","J Degen","C Graf"
"1490","R Hawkins","C Graf"
"1491","R Hawkins","J Degen"
"1492","N Goodman","C Graf"
"1493","N Goodman","J Degen"
"1495","J Chen","L Speed"
"1496","F Huettig","L Speed"
"1497","F Huettig","J Chen"
"1499","A Majid","J Chen"
"1500","A Majid","F Huettig"
"1501","Z Ma","C Sims"
"1502","S Allred","C Sims"
"1503","S Allred","Z Ma"
"1504","R Lerch","C Sims"
"1505","R Lerch","Z Ma"
"1506","R Lerch","S Allred"
"1507","J Flombaum","C Sims"
"1508","J Flombaum","Z Ma"
"1509","J Flombaum","S Allred"
"1510","J Flombaum","R Lerch"
"1511","A Martin","L Doumas"
"1512","J Mueller-Trede","N Srivastava"
"1513","P Schrater","N Srivastava"
"1514","P Schrater","J Mueller-Trede"
"1515","E Vul","N Srivastava"
"1516","E Vul","J Mueller-Trede"
"1517","E Vul","P Schrater"
"1521","M Kobayashi","T Matsuzaki"
"1522","N Arai","T Matsuzaki"
"1523","N Arai","M Kobayashi"
"1524","D Bartels","J Landy"
"1525","A Nematzadeh","E Grant"
"1526","S Stevenson","E Grant"
"1528","D Shapiro","S Flusberg"
"1529","K Collister","S Flusberg"
"1530","K Collister","D Shapiro"
"1532","P Thibodeau","D Shapiro"
"1533","P Thibodeau","K Collister"
"1534","C Yang","K Schuler"
"1535","E Newport","K Schuler"
"1536","E Newport","C Yang"
"1537","P Carvalho","D Finch"
"1538","R Goldstone","D Finch"
"1539","R Goldstone","P Carvalho"
"1540","K Kurtz","J Patterson"
"1541","E Pothos","J Yearsley"
"1543","T Jaeger","D Kleinschmidt"
"1544","K Byrne","B Pang"
"1545","D Worthy","B Pang"
"1546","D Worthy","K Byrne"
"1547","J Abbott","J Peterson"
"1548","T Griffiths","J Peterson"
"1549","T Griffiths","J Abbott"
"1550","R Lin","P Khooshabeh"
"1551","C Melo","P Khooshabeh"
"1552","C Melo","R Lin"
"1553","J Gratch","P Khooshabeh"
"1554","J Gratch","R Lin"
"1555","J Gratch","C Melo"
"1556","B Ouimette","P Khooshabeh"
"1557","B Ouimette","R Lin"
"1558","B Ouimette","C Melo"
"1559","B Ouimette","J Gratch"
"1560","J Blascovich","P Khooshabeh"
"1561","J Blascovich","R Lin"
"1562","J Blascovich","C Melo"
"1563","J Blascovich","J Gratch"
"1564","J Blascovich","B Ouimette"
"1565","K Kurtz","N Conaway"
"1566","T Marghetis","K Tillman"
"1567","D Barner","K Tillman"
"1568","D Barner","T Marghetis"
"1569","M Srinivasan","K Tillman"
"1570","M Srinivasan","T Marghetis"
"1571","M Srinivasan","D Barner"
"1572","R Thompson","A Kumcu"
"1573","R Levy","M Zhan"
"1574","A Kehler","M Zhan"
"1575","A Kehler","R Levy"
"1576","R West","L Kersten"
"1577","A Brook","L Kersten"
"1578","A Brook","R West"
"1579","N Buchler","V Veksler"
"1580","F Xu","Z Sim"
"1581","E Walker","R Hendricks"
"1582","B Bergen","R Hendricks"
"1583","B Bergen","E Walker"
"1585","L Boroditsky","E Walker"
"1586","L Boroditsky","B Bergen"
"1587","R Nunez","R Hendricks"
"1588","R Nunez","E Walker"
"1589","R Nunez","B Bergen"
"1590","R Nunez","L Boroditsky"
"1591","M Frank","R Schneider"
"1592","C Wilson","K Johannes"
"1593","B Landau","K Johannes"
"1594","B Landau","C Wilson"
"1595","A Mishler","J Harbison"
"1596","T Wallsten","J Harbison"
"1597","T Wallsten","A Mishler"
"1598","C Sun","M Ramscar"
"1599","P Hendrix","M Ramscar"
"1600","P Hendrix","C Sun"
"1601","H Baayen","M Ramscar"
"1602","H Baayen","C Sun"
"1603","H Baayen","P Hendrix"
"1606","E Pothos","J Trueblood"
"1608","M Frank","K MacDonald"
"1609","T Kujala","D Salvucci"
"1610","A Hendrickson","W Vong"
"1611","A Perfors","W Vong"
"1612","A Perfors","A Hendrickson"
"1613","D Navarro","W Vong"
"1614","D Navarro","A Hendrickson"
"1615","D Navarro","A Perfors"
"1616","M Rhodes","G Kachergis"
"1617","T Gureckis","G Kachergis"
"1618","T Gureckis","M Rhodes"
"1619","C Perret","L Allen"
"1621","D McNamara","C Perret"
"1622","O Rasanen","S Kakouros"
"1623","I Yildirim","K Allen"
"1624","J Tenenbaum","K Allen"
"1626","R Meijer","F Sense"
"1627","H Rijn","F Sense"
"1628","H Rijn","R Meijer"
"1629","R Shao","C Hoyos"
"1630","D Gentner","C Hoyos"
"1632","E Kaiser","H Wang"
"1633","G Cottrell","S Wiraatmadja"
"1634","R Scott","E Roby"
"1636","B Meder","E Schulz"
"1637","B Meder","M Speekenbrink"
"1638","J Trueswell","A Hafri"
"1639","B Strickland","A Hafri"
"1640","B Strickland","J Trueswell"
"1641","R Jacobs","G Erdogan"
"1642","M Quade","M Halbrugge"
"1643","K Engelbrecht","M Halbrugge"
"1644","K Engelbrecht","M Quade"
"1645","H Brouwer","J Calvillo"
"1646","M Crocker","J Calvillo"
"1647","M Crocker","H Brouwer"
"1651","T Gerstenberg","N Bramley"
"1652","J Tenenbaum","N Bramley"
"1653","J Tenenbaum","T Gerstenberg"
"1655","P Blackburn","T Brauner"
"1656","I Polyanskaya","T Brauner"
"1657","I Polyanskaya","P Blackburn"
"1658","F Martin","N Lester"
"1659","G Roberts","B Sneller"
"1660","S Piantadosi","E Bigelow"
"1661","Y Zheng","Y Gu"
"1662","M Swerts","Y Gu"
"1663","M Swerts","Y Zheng"
"1666","K MacDonald","M Lewis"
"1667","E Walker","T Verhoef"
"1668","T Marghetis","T Verhoef"
"1669","T Marghetis","E Walker"
"1670","N Taatgen","S Rupp"
"1672","M Ramasubramanian","G Vallee-Tourangeau"
"1673","M Ramasubramanian","F Vallee-Tourangeau"
"1674","M Flecken","J Gerwien"
"1675","M Franke","M Herbstritt"
"1676","D Spokoyny","J Irvin"
"1677","F Martin","J Irvin"
"1678","F Martin","D Spokoyny"
"1679","R Meng","P Matthews"
"1680","E Toomarian","P Matthews"
"1681","E Toomarian","R Meng"
"1682","E Hubbard","P Matthews"
"1683","E Hubbard","R Meng"
"1684","E Hubbard","E Toomarian"
"1685","M Thuring","A Trapp"
"1686","T Blanchard","N Vasilyeva"
"1687","T Lombrozo","N Vasilyeva"
"1688","T Lombrozo","T Blanchard"
"1689","F Dablander","M Franke"
"1690","A Schoeller","M Franke"
"1691","A Schoeller","F Dablander"
"1692","E Bennett","M Franke"
"1693","E Bennett","F Dablander"
"1694","E Bennett","A Schoeller"
"1695","J Degen","M Franke"
"1696","J Degen","F Dablander"
"1697","J Degen","A Schoeller"
"1698","J Degen","E Bennett"
"1699","M Tessler","M Franke"
"1700","M Tessler","F Dablander"
"1701","M Tessler","A Schoeller"
"1702","M Tessler","E Bennett"
"1703","M Tessler","J Degen"
"1704","J Kao","M Franke"
"1705","J Kao","F Dablander"
"1706","J Kao","A Schoeller"
"1707","J Kao","E Bennett"
"1708","J Kao","J Degen"
"1709","J Kao","M Tessler"
"1710","N Goodman","M Franke"
"1711","N Goodman","F Dablander"
"1712","N Goodman","A Schoeller"
"1713","N Goodman","E Bennett"
"1717","D Markant","A Ruggeri"
"1718","T Gureckis","A Ruggeri"
"1719","T Gureckis","D Markant"
"1720","F Xu","A Ruggeri"
"1721","F Xu","D Markant"
"1722","F Xu","T Gureckis"
"1723","M Jacovina","L Allen"
"1725","D McNamara","M Jacovina"
"1726","E Wnuk","E Wnuk"
"1727","N Conaway","G Honke"
"1728","K Kurtz","G Honke"
"1730","G Orban","D Nagy"
"1731","A Yu","N Ma"
"1732","M Dale","P Cheung"
"1733","M Corre","P Cheung"
"1734","M Corre","M Dale"
"1735","D Casasanto","T Gijssels"
"1736","D Shi","J Kralik"
"1737","O El-Shroa","J Kralik"
"1738","O El-Shroa","D Shi"
"1739","L Ray","J Kralik"
"1740","L Ray","D Shi"
"1741","L Ray","O El-Shroa"
"1742","C Robinson","S Rivera"
"1743","V Marian","J Bartolotti"
"1744","C Dweck","K Weisman"
"1745","E Markman","K Weisman"
"1746","E Markman","C Dweck"
"1747","L Schmitz","B Wahn"
"1748","P Konig","B Wahn"
"1749","P Konig","L Schmitz"
"1750","G Knoblich","B Wahn"
"1752","G Knoblich","P Konig"
"1754","S Kirby","M Tamariz"
"1755","J Carr","M Tamariz"
"1756","J Carr","S Kirby"
"1757","M Brady","A Valenti"
"1758","M Scheutz","A Valenti"
"1759","M Scheutz","M Brady"
"1760","P Holcomb","A Valenti"
"1761","P Holcomb","M Brady"
"1762","P Holcomb","M Scheutz"
"1763","H Pu","A Valenti"
"1764","H Pu","M Brady"
"1765","H Pu","M Scheutz"
"1766","H Pu","P Holcomb"
"1767","M Tessler","E Yoon"
"1768","N Goodman","E Yoon"
"1770","M Frank","E Yoon"
"1771","M Frank","M Tessler"
"1772","M Frank","N Goodman"
"1774","Z Kriegel","N Craycraft"
"1775","M Tanenhaus","N Craycraft"
"1776","M Tanenhaus","Z Kriegel"
"1777","J Roche","N Craycraft"
"1778","J Roche","Z Kriegel"
"1779","J Roche","M Tanenhaus"
"1780","E Yoon","A Nordmeyer"
"1781","M Frank","A Nordmeyer"
"1783","M Waldmann","S Stephan"
"1784","C Lynch","G Zhou"
"1785","T Price","G Zhou"
"1786","T Price","C Lynch"
"1787","T Barnes","G Zhou"
"1788","T Barnes","C Lynch"
"1789","T Barnes","T Price"
"1790","M Chi","G Zhou"
"1791","M Chi","C Lynch"
"1792","M Chi","T Price"
"1793","M Chi","T Barnes"
"1794","M Postma-Nilsenova","R Vromans"
"1795","E Slusser","P Cheung"
"1796","A Shusterman","P Cheung"
"1797","A Shusterman","E Slusser"
"1798","T Gureckis","A Coenen"
"1799","M Lee","I Danileiko"
"1800","D Ruskin","H Azab"
"1801","C Kidd","H Azab"
"1802","C Kidd","D Ruskin"
"1803","R Shiffrin","R Shiffrin"
"1804","B Kotchoubey","B Kotchoubey"
"1805","N Krishnaswamy","J Pustejovsky"
"1806","P Langley","P Langley"
"1808","Y Xu","E Cibelli"
"1809","J Austerweil","E Cibelli"
"1810","J Austerweil","Y Xu"
"1811","T Griffiths","E Cibelli"
"1812","T Griffiths","Y Xu"
"1813","T Griffiths","J Austerweil"
"1814","T Regier","E Cibelli"
"1816","T Regier","J Austerweil"
"1817","T Regier","T Griffiths"
"1818","R Enns","Y Chen"
"1819","E Nicoladis","Y Chen"
"1820","E Nicoladis","R Enns"
"1821","T Wu","A Yuan"
"1822","J McClelland","A Yuan"
"1823","J McClelland","T Wu"
"1824","Y Choi","J Lee"
"1825","I Katz","I Katz"
"1826","P Koralus","S Mascarenhas"
"1827","S Thompson-Schill","A Leshinskaya"
"1829","J Gu","K Do"
"1830","K Yoo","K Do"
"1831","K Yoo","J Gu"
"1832","P Carvalho","C Chen"
"1833","C Yu","C Chen"
"1834","C Yu","P Carvalho"
"1835","Y Dunham","N Chernyak"
"1836","P Blake","N Chernyak"
"1837","P Blake","Y Dunham"
"1838","E Bonawitz","E Lapidow"
"1839","J Snedeker","J Ziegler"
"1840","K Kurtz","D Silliman"
"1841","A Harrison","S Khemlani"
"1843","G Trafton","A Harrison"
"1844","T Rogers","Q Lu"
"1845","M Bolognese","G Sala"
"1846","G Barsuola","G Sala"
"1847","G Barsuola","M Bolognese"
"1848","M Signorelli","G Sala"
"1849","M Signorelli","M Bolognese"
"1850","M Signorelli","G Barsuola"
"1852","F Gobet","M Bolognese"
"1853","F Gobet","G Barsuola"
"1854","F Gobet","M Signorelli"
"1855","T Noguchi","J Misyak"
"1856","N Chater","J Misyak"
"1857","N Chater","T Noguchi"
"1858","T Mizuguchi","T Mizuguchi"
"1859","M Ahissar","E Kimel"
"1860","L Carlson","J Kolesari"
"1861","A Bernatskiy","N Livingston"
"1862","K Livingston","N Livingston"
"1863","K Livingston","A Bernatskiy"
"1864","M Smith","N Livingston"
"1865","M Smith","A Bernatskiy"
"1866","M Smith","K Livingston"
"1867","J Schwarz","N Livingston"
"1868","J Schwarz","A Bernatskiy"
"1869","J Schwarz","K Livingston"
"1870","J Schwarz","M Smith"
"1871","J Bongard","N Livingston"
"1872","J Bongard","A Bernatskiy"
"1873","J Bongard","K Livingston"
"1874","J Bongard","M Smith"
"1875","J Bongard","J Schwarz"
"1876","D Wallach","N Livingston"
"1877","D Wallach","A Bernatskiy"
"1878","D Wallach","K Livingston"
"1879","D Wallach","M Smith"
"1880","D Wallach","J Schwarz"
"1881","D Wallach","J Bongard"
"1882","E Altiero","N Livingston"
"1883","E Altiero","A Bernatskiy"
"1884","E Altiero","K Livingston"
"1885","E Altiero","M Smith"
"1886","E Altiero","J Schwarz"
"1887","E Altiero","J Bongard"
"1888","E Altiero","D Wallach"
"1889","J Long","N Livingston"
"1890","J Long","A Bernatskiy"
"1891","J Long","K Livingston"
"1892","J Long","M Smith"
"1893","J Long","J Schwarz"
"1894","J Long","J Bongard"
"1895","J Long","D Wallach"
"1896","J Long","E Altiero"
"1897","M Almeda","C Uscianowski"
"1898","C Freeman","C Uscianowski"
"1899","C Freeman","M Almeda"
"1900","H Ginsburg","C Uscianowski"
"1901","H Ginsburg","M Almeda"
"1902","H Ginsburg","C Freeman"
"1904","N Sebanz","L Schmitz"
"1905","N Sebanz","C Vesper"
"1908","G Knoblich","N Sebanz"
"1909","S Heverly-Fitt","R Prather"
"1910","A Candan","K Swallow"
"1911","J Kemp","K Swallow"
"1912","J Kemp","A Candan"
"1913","E Kitrick","J Kanero"
"1914","K Hirsh-Pasek","J Kanero"
"1915","K Hirsh-Pasek","E Kitrick"
"1916","K Holmes","J Kanero"
"1917","K Holmes","E Kitrick"
"1918","K Holmes","K Hirsh-Pasek"
"1919","H Suzuki","H Miyata"
"1920","B Kotchoubey","F Nonnenmacher"
"1921","H Vlach","H Miller"
"1922","P Maglio","M Fleming"
"1923","N Kacinik","J Chen"
"1924","Y Chen","J Chen"
"1925","Y Chen","N Kacinik"
"1926","N Wu","J Chen"
"1927","N Wu","N Kacinik"
"1928","N Wu","Y Chen"
"1929","T Hills","T Engelthaler"
"1930","T Ferretti","D Hall"
"1931","J Hong","D Hall"
"1932","J Hong","T Ferretti"
"1933","R Siegler","D Braithwaite"
"1934","K Holmes","A Deslauriers"
"1936","R Richert","M Schlesinger"
"1937","J Franchak","M Schlesinger"
"1938","J Franchak","R Richert"
"1939","C Wasylyshyn","C Wasylyshyn"
"1940","E Weinberger","E Munnich"
"1941","A Hoffmann","E Munnich"
"1942","A Hoffmann","E Weinberger"
"1943","J Anderson","C Tenison"
"1944","N Spanola","L Grimm"
"1945","A Protopapas","S Loui"
"1946","N Conaway","K Levering"
"1947","K Kurtz","K Levering"
"1949","A Saide","N Shaman"
"1950","R Richert","N Shaman"
"1951","R Richert","A Saide"
"1952","G Pretzer","A Warlaumont"
"1953","S Arunachalam","A He"
"1954","L Child","R Ross"
"1955","D Baldwin","R Ross"
"1956","D Baldwin","L Child"
"1958","L Smith","C Tay"
"1959","C Yu","C Tay"
"1961","H Don","M Goldwater"
"1962","E Livesey","M Goldwater"
"1963","E Livesey","H Don"
"1964","K Endo","R Yakushijin"
"1966","C Wilson","M Young"
"1967","J Groos","M Lamar"
"1968","P Thibodeau","S Cox"
"1969","M Lengyel","J Cevora"
"1970","R Henson","J Cevora"
"1971","R Henson","M Lengyel"
"1972","V Simmering","C Jensen"
"1973","T Rogers","C Jensen"
"1974","T Rogers","V Simmering"
"1975","J Boucher","J Sullivan"
"1976","R Goodkind","J Sullivan"
"1977","R Goodkind","J Boucher"
"1978","R Kiefer","J Sullivan"
"1979","R Kiefer","J Boucher"
"1980","R Kiefer","R Goodkind"
"1981","R Skyer","J Sullivan"
"1982","R Skyer","J Boucher"
"1983","R Skyer","R Goodkind"
"1984","R Skyer","R Kiefer"
"1985","K Williams","J Sullivan"
"1986","K Williams","J Boucher"
"1987","K Williams","R Goodkind"
"1988","K Williams","R Kiefer"
"1989","K Williams","R Skyer"
"1990","H Jabotinsky","E Sagi"
"1991","K Castellano","G Jackson"
"1992","D Zapata-Rivera","G Jackson"
"1993","D Zapata-Rivera","K Castellano"
"1994","I Iotzov","D Leeds"
"1996","M Penner-Wilger","O Wassing"
"1997","E Risko","T Dunn"
"1998","M Waldmann","R Mayrhofer"
"1999","P Marshall","S Weiss"
"2000","C Mills","M Faber"
"2001","K Kopp","M Faber"
"2002","K Kopp","C Mills"
"2003","S D'mello","M Faber"
"2004","S D'mello","C Mills"
"2005","S D'mello","K Kopp"
"2006","A Sanborn","J Tripp"
"2007","N Stewart","J Tripp"
"2008","N Stewart","A Sanborn"
"2009","T Noguchi","J Tripp"
"2010","T Noguchi","A Sanborn"
"2011","T Noguchi","N Stewart"
"2012","J Grabowski","S Wallot"
"2013","K Goedert","B Rehder"
"2014","C Willett","B Rehder"
"2015","C Willett","K Goedert"
"2016","R Blattner","B Rehder"
"2017","R Blattner","K Goedert"
"2018","R Blattner","C Willett"
"2019","W Ma","R Berg"
"2021","Y Moon","J Kim"
"2022","H Jo","J Kim"
"2023","H Jo","Y Moon"
"2024","J Ryu","J Kim"
"2025","J Ryu","Y Moon"
"2026","J Ryu","H Jo"
"2027","C Lucas","B Montambault"
"2028","J Austerweil","B Montambault"
"2029","J Austerweil","C Lucas"
"2030","C Yu","L Slone"
"2031","L Smith","L Slone"
"2033","D Odic","C Baer"
"2034","Y Tzneg","C Lien"
"2035","H Chien","C Lien"
"2036","H Chien","Y Tzneg"
"2037","C Chen","C Lien"
"2038","C Chen","Y Tzneg"
"2039","C Chen","H Chien"
"2040","C Strassmann","A Putten"
"2041","N Kramer","A Putten"
"2042","N Kramer","C Strassmann"
"2043","R Balasubramaniam","B Mede"
"2044","C Kello","B Mede"
"2045","C Kello","R Balasubramaniam"
"2046","A Cohen","K Ferrara"
"2047","B Landau","K Ferrara"
"2048","B Landau","A Cohen"
"2049","X Zhao","X Zhao"
"2050","S Menard","A Danek"
"2051","J Wiley","A Danek"
"2052","J Wiley","S Menard"
"2053","L Daoust","L Daoust"
"2054","T Griffin","J Wiley"
"2055","A Jaeger","J Wiley"
"2056","A Jaeger","T Griffin"
"2057","D Sarmento","J Wiley"
"2058","D Sarmento","T Griffin"
"2059","D Sarmento","A Jaeger"
"2061","M Mielicki","T Griffin"
"2062","M Mielicki","A Jaeger"
"2063","M Mielicki","D Sarmento"
"2064","J Toscano","O Pereira"
"2065","K Livingston","J Andrews"
"2066","C Larson","J Andrews"
"2067","C Larson","K Livingston"
"2068","K Kurtz","J Andrews"
"2069","K Kurtz","K Livingston"
"2070","K Kurtz","C Larson"
"2071","E Nordeen","S Vrabic"
"2072","J Toscano","S Vrabic"
"2073","J Toscano","E Nordeen"
"2074","A Wong","E Cranford"
"2075","J Durriseau","E Cranford"
"2076","J Durriseau","A Wong"
"2077","K Barnes","E Cranford"
"2078","K Barnes","A Wong"
"2079","K Barnes","J Durriseau"
"2080","W Jones","E Cranford"
"2081","W Jones","A Wong"
"2082","W Jones","J Durriseau"
"2083","W Jones","K Barnes"
"2084","G Bradshaw","E Cranford"
"2085","G Bradshaw","A Wong"
"2086","G Bradshaw","J Durriseau"
"2087","G Bradshaw","K Barnes"
"2088","G Bradshaw","W Jones"
"2089","J Moss","E Cranford"
"2090","J Moss","A Wong"
"2091","J Moss","J Durriseau"
"2092","J Moss","K Barnes"
"2093","J Moss","W Jones"
"2094","J Moss","G Bradshaw"
"2095","D Abney","A Paxton"
"2096","K Castellanos","A Paxton"
"2097","K Castellanos","D Abney"
"2098","G Sepulveda","A Paxton"
"2099","G Sepulveda","D Abney"
"2100","G Sepulveda","K Castellanos"
"2102","J Siklos-Whillans","J Hong"
"2103","J Siklos-Whillans","T Ferretti"
"2106","D Hall","J Siklos-Whillans"
"2107","K Kurtz","S Snoddy"
"2109","D Frye","J Jeong"
"2110","A Paxton","E Roby"
"2111","R Dale","E Roby"
"2112","R Dale","A Paxton"
"2114","R Scott","A Paxton"
"2115","R Scott","R Dale"
"2116","S Abbaspour","J Schneider"
"2117","T Cacchione","J Schneider"
"2118","T Cacchione","S Abbaspour"
"2120","M Sydow","M Sydow"
"2121","R Balasubramaniam","C Gordon"
"2123","M Spivey","R Balasubramaniam"
"2124","C Tompkins","V Scharp"
"2125","M Dickey","V Scharp"
"2126","M Dickey","C Tompkins"
"2127","D Noelle","D Noelle"
"2128","J Brodsky","K Holmes"
"2129","S Creel","C Quam"
"2130","J Groos","J Huang"
"2131","M Lamar","J Huang"
"2133","A Brandone","B Klimek"
"2134","C Schonberg","E Russell"
"2135","S Barreiro","E Russell"
"2136","S Barreiro","C Schonberg"
"2137","C Johnson","J Hart"
"2138","N Duran","J Hart"
"2139","N Duran","C Johnson"
"2140","C Zimmerman","E Lobato"
"2141","S Croker","E Lobato"
"2142","S Croker","C Zimmerman"
"2143","A Li","J Chen"
"2144","L Perry","L Perry"
"2145","A Amorati","B Nelligan"
"2146","D Adams","B Nelligan"
"2147","D Adams","A Amorati"
"2148","C Galeucia","B Nelligan"
"2149","C Galeucia","A Amorati"
"2150","C Galeucia","D Adams"
"2151","L Carlson","B Nelligan"
"2152","L Carlson","A Amorati"
"2153","L Carlson","D Adams"
"2154","L Carlson","C Galeucia"
"2155","B Rossion","A Marquis"
"2156","M Moulson","A Marquis"
"2157","M Moulson","B Rossion"
"2158","S Varma","P Patel"
"2159","W Kennedy","W Kennedy"
"2160","L Yang","L Yang"
"2161","E Risko","D White"
"2162","D Besner","D White"
"2163","D Besner","E Risko"
"2164","D Gokcay","S Yuceil"
"2168","J Lohmann","A Belardinelli"
"2169","M Butz","A Belardinelli"
"2170","M Butz","J Lohmann"
"2172","I Rivlin","A Goldstein"
"2173","R Hassin","A Goldstein"
"2174","R Hassin","I Rivlin"
"2175","F Anggoro","B Jee"
"2176","N Evans","B Jee"
"2177","N Evans","F Anggoro"
"2178","C Murphy","B Jee"
"2179","C Murphy","F Anggoro"
"2180","C Murphy","N Evans"
"2181","J Tran","B Jee"
"2182","J Tran","F Anggoro"
"2183","J Tran","N Evans"
"2184","J Tran","C Murphy"
"2185","C Morano","B Jee"
"2186","C Morano","F Anggoro"
"2187","C Morano","N Evans"
"2188","C Morano","C Murphy"
"2189","C Morano","J Tran"
"2190","A McCarthy","B Jee"
"2191","A McCarthy","F Anggoro"
"2192","A McCarthy","N Evans"
"2193","A McCarthy","C Murphy"
"2194","A McCarthy","J Tran"
"2195","A McCarthy","C Morano"
"2196","V Jackson","B Jee"
"2197","V Jackson","F Anggoro"
"2198","V Jackson","N Evans"
"2199","V Jackson","C Murphy"
"2200","V Jackson","J Tran"
"2201","V Jackson","C Morano"
"2202","V Jackson","A McCarthy"
"2203","D Salvucci","E Khosroshahi"
"2204","A Wellwood","H Farkas"
"2205","H Konishi","N Brezack"
"2206","R Golinkoff","N Brezack"
"2207","R Golinkoff","H Konishi"
"2208","K Hirsh-Pasek","N Brezack"
"2209","K Hirsh-Pasek","H Konishi"
"2210","K Hirsh-Pasek","R Golinkoff"
"2211","S Verheyen","H Vankrunkelsven"
"2212","S Deyne","H Vankrunkelsven"
"2213","S Deyne","S Verheyen"
"2214","G Storms","H Vankrunkelsven"
"2216","G Storms","S Deyne"
"2217","A Nazareth","A Ahmed"
"2218","D Burnetta","A Ahmed"
"2219","D Burnetta","A Nazareth"
"2220","M Abozeed","A Ahmed"
"2221","M Abozeed","A Nazareth"
"2222","M Abozeed","D Burnetta"
"2223","N Newcombe","A Ahmed"
"2224","N Newcombe","A Nazareth"
"2225","N Newcombe","D Burnetta"
"2226","N Newcombe","M Abozeed"
"2227","V Sloutsky","S Deng"
"2228","T O'Donnell","J Mu"
"2229","J Hartshorne","J Mu"
"2230","J Hartshorne","T O'Donnell"
"2231","J Korman","B Kim"
"2232","B Malle","B Kim"
"2233","B Malle","J Korman"
"2234","J Marewski","J Olds"
"2235","E Isbilen","E Isbilen"
"2236","M Si","M Si"
"2237","P Maglio","U Krishnamurthy"
"2238","K Kopp","S Dmello"
"2239","C Mills","S Dmello"
"2241","H Chen","R Cherng"
"2242","C Cho","R Cherng"
"2243","C Cho","H Chen"
"2244","J Chen","R Cherng"
"2245","J Chen","H Chen"
"2246","J Chen","C Cho"
"2247","S Wallace","J Verbos"
"2248","A Kranjec","J Verbos"
"2249","A Kranjec","S Wallace"
"2250","R Rhodes","R Rhodes"
"2251","E Pederson","D Baldwin"
"2252","T Hills","Y Li"
"2253","R Hertwig","Y Li"
"2254","R Hertwig","T Hills"
"2255","S Prasada","S Prasada"
"2256","K Wiemer","J Neal"
"2258","J Hochmann","R Zhu"
"2259","S Sanborn","R Zhu"
"2260","S Sanborn","J Hochmann"
"2261","S Carey","R Zhu"
"2262","S Carey","J Hochmann"
"2263","S Carey","S Sanborn"
"2264","P Monaghan","J Brand"
"2265","S Tubridy","G Kachergis"
"2267","T Gureckis","S Tubridy"
"2268","S Desai","J Madsen"
"2269","A Harris","J Madsen"
"2270","A Harris","S Desai"
"2271","D Lagnado","J Madsen"
"2273","D Lagnado","A Harris"
"2274","A Booth","J Bauer"
"2275","C Legare","J Bauer"
"2276","C Legare","A Booth"
"2277","T Levari","P Paul"
"2278","D Hardenbergh","P Paul"
"2279","D Hardenbergh","T Levari"
"2280","J Snedeker","P Paul"
"2281","J Snedeker","T Levari"
"2282","J Snedeker","D Hardenbergh"
"2283","V Sloutsky","A O'Leary"
"2284","K Gluck","C Myers"
"2285","A Halsey","C Myers"
"2286","A Halsey","K Gluck"
"2287","J Harris","C Myers"
"2288","J Harris","K Gluck"
"2289","J Harris","A Halsey"
"2290","A Drummey","H Abel"
"2291","S Vicari","H Abel"
"2292","S Vicari","A Drummey"
"2293","I Kan","H Abel"
"2294","I Kan","A Drummey"
"2295","I Kan","S Vicari"
"2296","M Bixter","K Johnson"
"2297","C Luhmann","K Johnson"
"2298","C Luhmann","M Bixter"
"2299","J Kim","C Wasserman"
"2300","E Large","C Wasserman"
"2301","E Large","J Kim"
"2302","E Skoe","C Wasserman"
"2303","E Skoe","J Kim"
"2304","E Skoe","E Large"
"2307","I Katz","D Zapata-Rivera"
"2308","I Katz","G Jackson"
"2309","M Hamana","M Hamana"
"2310","V Sloutsky","K Darby"
"2311","P Hemmer","T Robbins"
"2312","M Petersen","R Fusaroli"
"2313","F Cushman","J Phillips"
"2314","M Lamnina","T Jin"
"2315","M Pacer","M Pacer"
"2316","S Pruden","A Nazareth"
"2317","L Crawford","S Duffy"
"2318","J Smith","S Duffy"
"2319","J Smith","L Crawford"
"2320","G Redeker","G Mills"
"2321","A Saxe","A Saxe"
"2322","E Risko","M Zhu"
"2323","R Dale","M Tabatabaeian"
"2324","E Pederson","M Stave"
"2325","P Hemmer","K Persaud"
"2326","M Gewaltig","F Roehrbein"
"2327","C Laschi","F Roehrbein"
"2328","C Laschi","M Gewaltig"
"2329","G Klinker","F Roehrbein"
"2330","G Klinker","M Gewaltig"
"2331","G Klinker","C Laschi"
"2332","P Levi","F Roehrbein"
"2333","P Levi","M Gewaltig"
"2334","P Levi","C Laschi"
"2335","P Levi","G Klinker"
"2336","A Knoll","F Roehrbein"
"2337","A Knoll","M Gewaltig"
"2338","A Knoll","C Laschi"
"2339","A Knoll","G Klinker"
"2340","A Knoll","P Levi"
"2344","G Cottrell","A Song"
"2345","G Cottrell","L Li"
"2346","G Cottrell","V Malave"
"2350","A Yu","G Cottrell"
"2351","B Strickland","J Kominsky"
"2352","A Wertz","J Kominsky"
"2353","A Wertz","B Strickland"
"2354","C Elsner","J Kominsky"
"2355","C Elsner","B Strickland"
"2356","C Elsner","A Wertz"
"2357","K Wynn","J Kominsky"
"2358","K Wynn","B Strickland"
"2359","K Wynn","A Wertz"
"2360","K Wynn","C Elsner"
"2361","F Keil","J Kominsky"
"2362","F Keil","B Strickland"
"2363","F Keil","A Wertz"
"2364","F Keil","C Elsner"
"2365","F Keil","K Wynn"
"2366","S Skwarchuk","M Penner-Wilger"
"2367","C Sowinski","M Penner-Wilger"
"2368","C Sowinski","S Skwarchuk"
"2369","J Lefevre","M Penner-Wilger"
"2370","J Lefevre","S Skwarchuk"
"2371","J Lefevre","C Sowinski"
"2372","A Nazareth","R Odean"
"2373","J Bartley","R Odean"
"2374","J Bartley","A Nazareth"
"2375","E Brewe","R Odean"
"2376","E Brewe","A Nazareth"
"2377","E Brewe","J Bartley"
"2378","A Laird","R Odean"
"2379","A Laird","A Nazareth"
"2380","A Laird","J Bartley"
"2381","A Laird","E Brewe"
"2382","S Pruden","R Odean"
"2384","S Pruden","J Bartley"
"2385","S Pruden","E Brewe"
"2386","S Pruden","A Laird"
"2387","M Srinivasan","K Moty"
"2388","C Was","B Morris"
"2389","A Masnick","B Morris"
"2390","A Masnick","C Was"
"2391","B Aldosari","B Morris"
"2392","B Aldosari","C Was"
"2393","B Aldosari","A Masnick"
"2394","J Madsen","P Koralus"
"2395","E Carella","P Koralus"
"2396","E Carella","J Madsen"
"2397","R Bailey","P Koralus"
"2398","R Bailey","J Madsen"
"2399","R Bailey","E Carella"
"2400","H Dresang","C Lei"
"2401","M Holcomb","C Lei"
"2402","M Holcomb","H Dresang"
"2403","T Warren","C Lei"
"2404","T Warren","H Dresang"
"2405","T Warren","M Holcomb"
"2406","M Dickey","C Lei"
"2407","M Dickey","H Dresang"
"2408","M Dickey","M Holcomb"
"2409","M Dickey","T Warren"
"2410","L Lugli","E Scerrati"
"2411","A Borghi","E Scerrati"
"2412","A Borghi","L Lugli"
"2413","R Nicoletti","E Scerrati"
"2414","R Nicoletti","L Lugli"
"2415","R Nicoletti","A Borghi"
"2416","C Kang","C Kang"
"2420","A Utsumi","K Inohara"
"2422","P Smith","K Tylen"
"2423","P Smith","R Fusaroli"
"2424","J Arnoldi","K Tylen"
"2425","J Arnoldi","R Fusaroli"
"2426","J Arnoldi","P Smith"
"2427","Y Wu","L Xu"
"2429","J Andrews","J Sparks"
"2430","D Zapata-Rivera","J Sparks"
"2431","D Zapata-Rivera","J Andrews"
"2432","B Lehman","J Sparks"
"2433","B Lehman","J Andrews"
"2434","B Lehman","D Zapata-Rivera"
"2435","K James","J Sparks"
"2436","K James","J Andrews"
"2437","K James","D Zapata-Rivera"
"2438","K James","B Lehman"
"2439","J Zhao","R Yu"
"2440","K Ueda","S Kiyokawa"
"2441","Y Ohmoto","S Kiyokawa"
"2442","Y Ohmoto","K Ueda"
"2443","P Polycarpou","P Cheng"
"2444","G Garcia","P Cheng"
"2445","G Garcia","P Polycarpou"
"2446","F Aldrich","P Cheng"
"2447","F Aldrich","P Polycarpou"
"2448","F Aldrich","G Garcia"
"2449","A Alsius","N Latif"
"2450","K Munhall","N Latif"
"2451","K Munhall","A Alsius"
"2452","M Vertolli","C Genovesi"
"2453","V Glebkin","V Glebkin"
"2454","K Bell","C Schoetensack"
"2455","P Monaghan","C Schoetensack"
"2456","P Monaghan","K Bell"
"2457","P Rebuschat","C Schoetensack"
"2458","P Rebuschat","K Bell"
"2460","V Easvaradoss","E Joseph"
"2461","S Abraham","E Joseph"
"2462","S Abraham","V Easvaradoss"
"2463","M Brazil","E Joseph"
"2464","M Brazil","V Easvaradoss"
"2465","M Brazil","S Abraham"
"2466","D Chandran","E Joseph"
"2467","D Chandran","V Easvaradoss"
"2468","D Chandran","S Abraham"
"2469","D Chandran","M Brazil"
"2470","E Husband","K Fuellenbach"
"2471","E Andonova","E Andonova"
"2472","S Hanson","L Caglar"
"2479","L Stranahan","Y Huang"
"2480","J Snedeker","Y Huang"
"2481","J Snedeker","L Stranahan"
"2482","S Huette","J Viaud"
"2483","F Li","Y Deng"
"2484","K Forbus","I Rabkina"
"2485","P Munro","P Munro"
"2486","F Walter","M Akl"
"2487","F Rohrbein","M Akl"
"2488","F Rohrbein","F Walter"
"2489","Y Takeda","S Phillips"
"2490","F Sugimoto","S Phillips"
"2491","F Sugimoto","Y Takeda"
"2492","D Grodner","P Thibodeau"
"2493","R Raizada","E Shay"
"2494","Z Deng","L Zhang"
"2495","J Zhang","L Zhang"
"2496","J Zhang","Z Deng"
"2497","Z Chen","L Zhang"
"2498","Z Chen","Z Deng"
"2499","Z Chen","J Zhang"
"2500","Y Hu","L Zhang"
"2501","Y Hu","Z Deng"
"2502","Y Hu","J Zhang"
"2503","Y Hu","Z Chen"
"2504","M Simonic","M Butz"
"2505","M Binz","M Butz"
"2506","M Binz","M Simonic"
"2507","J Einig","M Butz"
"2508","J Einig","M Simonic"
"2509","J Einig","M Binz"
"2510","S Ehrenfeld","M Butz"
"2511","S Ehrenfeld","M Simonic"
"2512","S Ehrenfeld","M Binz"
"2513","S Ehrenfeld","J Einig"
"2514","F Schrodt","M Butz"
"2515","F Schrodt","M Simonic"
"2516","F Schrodt","M Binz"
"2517","F Schrodt","J Einig"
"2518","F Schrodt","S Ehrenfeld"
"2519","A Mahdeyan","A Mahdeyan"
"2520","F Li","F Li"
"2521","Y Liu","G Chen"
"2522","Q Zhao","G Chen"
"2523","Q Zhao","Y Liu"
"2524","T Kumada","R Iwai"
"2525","D Kawahara","R Iwai"
"2526","D Kawahara","T Kumada"
"2527","S Kurohashi","R Iwai"
"2528","S Kurohashi","T Kumada"
"2529","S Kurohashi","D Kawahara"
"2530","S Niedopytalski","A Dils"
"2531","J Arroyo","A Dils"
"2532","J Arroyo","S Niedopytalski"
"2533","S Flusberg","A Dils"
"2534","S Flusberg","S Niedopytalski"
"2535","S Flusberg","J Arroyo"
"2536","R Nonohay","G Gauer"
"2537","R Gonzalez","G Gauer"
"2538","R Gonzalez","R Nonohay"
"2539","G Lannig","G Gauer"
"2540","G Lannig","R Nonohay"
"2541","G Lannig","R Gonzalez"
"2542","J Corter","C Xing"
"2543","D Zahner","C Xing"
"2544","D Zahner","J Corter"
"2551","V Sloutsky","T Posid"
"2552","S Vick","Q Dou"
"2553","M Yip","Q Dou"
"2554","M Yip","S Vick"
"2556","A Guazzini","A Lazzeri"
"2557","D Vilone","A Lazzeri"
"2558","D Vilone","A Guazzini"
"2559","G Gronchi","A Lazzeri"
"2560","G Gronchi","A Guazzini"
"2561","G Gronchi","D Vilone"
"2562","P Parnamets","A Pirrone"
"2563","J Marshall","A Pirrone"
"2564","J Marshall","P Parnamets"
"2565","T Stafford","A Pirrone"
"2566","T Stafford","P Parnamets"
"2567","T Stafford","J Marshall"
"2568","J Zhang","H Guan"
"2570","D Schereckenghost","D Billman"
"2571","Z Caddick","D Billman"
"2572","Z Caddick","D Schereckenghost"
"2573","P Marupaka","M Upal"
"2574","C Lucas","E Herbst"
"2575","D Buchsbaum","E Herbst"
"2576","D Buchsbaum","C Lucas"
