"","from","to"
"1","O Urminsky","D Bartels"
"2","T Gureckis","D Bartels"
"3","T Gureckis","O Urminsky"
"4","J Trueblood","D Bartels"
"5","J Trueblood","O Urminsky"
"6","J Trueblood","T Gureckis"
"7","A Gopnik","E Bonawitz"
"8","C Kidd","E Bonawitz"
"9","C Kidd","A Gopnik"
"10","E Schulz","N Bramley"
"11","F Xu","N Bramley"
"12","F Xu","E Schulz"
"13","J Tenenbaum","N Bramley"
"14","J Tenenbaum","E Schulz"
"15","J Tenenbaum","F Xu"
"16","S Perone","A Buss"
"17","A Bhat","A Buss"
"18","A Bhat","S Perone"
"19","J Leeuw","J Hartshorne"
"20","L Germine","J Hartshorne"
"21","L Germine","J Leeuw"
"22","K Reinecke","J Hartshorne"
"23","K Reinecke","J Leeuw"
"24","K Reinecke","L Germine"
"25","M Jennings","J Hartshorne"
"26","M Jennings","J Leeuw"
"27","M Jennings","L Germine"
"28","M Jennings","K Reinecke"
"29","A Olteteanu","A Olteteanu"
"30","P Bruza","J Busemeyer"
"31","P Kvam","J Busemeyer"
"32","P Kvam","P Bruza"
"33","Z Wang","J Busemeyer"
"34","Z Wang","P Bruza"
"35","Z Wang","P Kvam"
"36","T Gorman","S Nordli"
"37","H Singmann","H Singmann"
"38","N Goodman","M Tessler"
"39","A Knott","M Butz"
"40","E Coderre","N Cohn"
"41","E O'Donnell","N Cohn"
"42","E O'Donnell","E Coderre"
"43","A Osterby","N Cohn"
"44","A Osterby","E Coderre"
"45","A Osterby","E O'Donnell"
"46","L Loschky","N Cohn"
"47","L Loschky","E Coderre"
"48","L Loschky","E O'Donnell"
"49","L Loschky","A Osterby"
"50","L Holt","F Dick"
"51","H Nusbaum","F Dick"
"52","H Nusbaum","L Holt"
"53","N Sharma","F Dick"
"54","N Sharma","L Holt"
"55","N Sharma","H Nusbaum"
"56","B Shinn-Cunningham","F Dick"
"57","B Shinn-Cunningham","L Holt"
"58","B Shinn-Cunningham","H Nusbaum"
"59","B Shinn-Cunningham","N Sharma"
"60","N Simms","D Gentner"
"61","K Kurtz","D Gentner"
"62","K Kurtz","N Simms"
"63","g honke","D Gentner"
"64","g honke","N Simms"
"65","g honke","K Kurtz"
"66","S Snoddy","D Gentner"
"67","S Snoddy","N Simms"
"68","S Snoddy","K Kurtz"
"69","S Snoddy","g honke"
"70","K Forbus","D Gentner"
"71","K Forbus","N Simms"
"72","K Forbus","K Kurtz"
"73","K Forbus","g honke"
"74","K Forbus","S Snoddy"
"75","L Richland","D Gentner"
"76","L Richland","N Simms"
"77","L Richland","K Kurtz"
"78","L Richland","g honke"
"79","L Richland","S Snoddy"
"80","L Richland","K Forbus"
"81","B Matlen","D Gentner"
"82","B Matlen","N Simms"
"83","B Matlen","K Kurtz"
"84","B Matlen","g honke"
"85","B Matlen","S Snoddy"
"86","B Matlen","K Forbus"
"87","B Matlen","L Richland"
"88","E Lyons","D Gentner"
"89","E Lyons","N Simms"
"90","E Lyons","K Kurtz"
"91","E Lyons","g honke"
"92","E Lyons","S Snoddy"
"93","E Lyons","K Forbus"
"94","E Lyons","L Richland"
"95","E Lyons","B Matlen"
"96","E Klostermann","D Gentner"
"97","E Klostermann","N Simms"
"98","E Klostermann","K Kurtz"
"99","E Klostermann","g honke"
"100","E Klostermann","S Snoddy"
"101","E Klostermann","K Forbus"
"102","E Klostermann","L Richland"
"103","E Klostermann","B Matlen"
"104","E Klostermann","E Lyons"
"105","A Gopnik","R Goldstone"
"106","P Thagard","R Goldstone"
"107","P Thagard","A Gopnik"
"108","T Ullman","R Goldstone"
"109","T Ullman","A Gopnik"
"110","T Ullman","P Thagard"
"112","P Shah","E Lyons"
"113","P Shah","L Richland"
"114","A Ibrahiam","E Lyons"
"115","A Ibrahiam","L Richland"
"116","A Ibrahiam","P Shah"
"117","M DeCaro","E Lyons"
"118","M DeCaro","L Richland"
"119","M DeCaro","P Shah"
"120","M DeCaro","A Ibrahiam"
"121","D Bellinger","E Lyons"
"122","D Bellinger","L Richland"
"123","D Bellinger","P Shah"
"124","D Bellinger","A Ibrahiam"
"125","D Bellinger","M DeCaro"
"126","P Ralston","E Lyons"
"127","P Ralston","L Richland"
"128","P Ralston","P Shah"
"129","P Ralston","A Ibrahiam"
"130","P Ralston","M DeCaro"
"131","P Ralston","D Bellinger"
"132","S Jaeggi","E Lyons"
"133","S Jaeggi","L Richland"
"134","S Jaeggi","P Shah"
"135","S Jaeggi","A Ibrahiam"
"136","S Jaeggi","M DeCaro"
"137","S Jaeggi","D Bellinger"
"138","S Jaeggi","P Ralston"
"139","E Gibson","A Majid"
"140","T Luhrmann","A Majid"
"141","T Luhrmann","E Gibson"
"142","J McDermott","A Majid"
"143","J McDermott","E Gibson"
"144","J McDermott","T Luhrmann"
"145","A Arshamian","A Majid"
"146","A Arshamian","E Gibson"
"147","A Arshamian","T Luhrmann"
"148","A Arshamian","J McDermott"
"149","A Michal","C McColeman"
"150","R Goldstone","C McColeman"
"151","R Goldstone","A Michal"
"152","K Schloss","C McColeman"
"153","K Schloss","A Michal"
"154","K Schloss","R Goldstone"
"155","J Kaminski","C McColeman"
"156","J Kaminski","A Michal"
"157","J Kaminski","R Goldstone"
"158","J Kaminski","K Schloss"
"159","J Hullman","C McColeman"
"160","J Hullman","A Michal"
"161","J Hullman","R Goldstone"
"162","J Hullman","K Schloss"
"163","J Hullman","J Kaminski"
"164","W Gray","R Perez"
"165","M Posner","R Perez"
"166","M Posner","W Gray"
"167","S Vinogradov","R Perez"
"168","S Vinogradov","W Gray"
"169","S Vinogradov","M Posner"
"170","M Chi","R Perez"
"171","M Chi","W Gray"
"172","M Chi","M Posner"
"173","M Chi","S Vinogradov"
"174","J Tenenbaum","K Smith"
"175","E Anderson","K Smith"
"176","E Anderson","J Tenenbaum"
"177","S Hespos","K Smith"
"178","S Hespos","J Tenenbaum"
"179","S Hespos","E Anderson"
"180","L Rips","K Smith"
"181","L Rips","J Tenenbaum"
"182","L Rips","E Anderson"
"183","L Rips","S Hespos"
"184","C Firestone","K Smith"
"185","C Firestone","J Tenenbaum"
"186","C Firestone","E Anderson"
"187","C Firestone","S Hespos"
"188","C Firestone","L Rips"
"189","J Hamrick","K Smith"
"190","J Hamrick","J Tenenbaum"
"191","J Hamrick","E Anderson"
"192","J Hamrick","S Hespos"
"193","J Hamrick","L Rips"
"194","J Hamrick","C Firestone"
"196","D Danks","M Tessler"
"197","D Danks","N Goodman"
"198","E Foster-Hanson","M Tessler"
"199","E Foster-Hanson","N Goodman"
"200","E Foster-Hanson","D Danks"
"201","M Rhodes","M Tessler"
"202","M Rhodes","N Goodman"
"203","M Rhodes","D Danks"
"204","M Rhodes","E Foster-Hanson"
"205","G Carlson","M Tessler"
"206","G Carlson","N Goodman"
"207","G Carlson","D Danks"
"208","G Carlson","E Foster-Hanson"
"209","G Carlson","M Rhodes"
"210","B Malt","Y Xu"
"211","M Srinivasan","Y Xu"
"212","M Srinivasan","B Malt"
"213","I Polyanskaya","T Brauner"
"214","P Blackburn","T Brauner"
"215","P Blackburn","I Polyanskaya"
"217","T Pleskac","J Busemeyer"
"218","T Pleskac","P Kvam"
"219","P Carvalho","P Carvalho"
"220","M Chi","M Chi"
"221","W Croft","W Croft"
"222","V Kapatsinski","V Kapatsinski"
"223","H Kirkorian","H Kirkorian"
"224","G Lupyan","G Lupyan"
"225","K Paap","K Paap"
"226","E Sober","E Sober"
"227","H Vlach","H Vlach"
"228","H Bailey","J Zacks"
"229","C Kurby","J Zacks"
"230","C Kurby","H Bailey"
"231","C Kemp","N Zaslavsky"
"232","T Regier","N Zaslavsky"
"233","T Regier","C Kemp"
"234","N Tishby","N Zaslavsky"
"235","N Tishby","C Kemp"
"236","N Tishby","T Regier"
"237","J Velez-Ginorio","R Aboody"
"238","L Santos","R Aboody"
"239","L Santos","J Velez-Ginorio"
"240","J Jara-Ettinger","R Aboody"
"241","J Jara-Ettinger","J Velez-Ginorio"
"242","J Jara-Ettinger","L Santos"
"243","H Huey","R Aboody"
"245","J Jara-Ettinger","H Huey"
"246","K Zish","N Aguiar"
"247","M McCurry","N Aguiar"
"248","M McCurry","K Zish"
"249","G Trafton","N Aguiar"
"250","G Trafton","K Zish"
"251","G Trafton","M McCurry"
"252","E DeAngelis","R Ahl"
"253","A Stephenson","R Ahl"
"254","A Stephenson","E DeAngelis"
"255","S Joo","R Ahl"
"256","S Joo","E DeAngelis"
"257","S Joo","A Stephenson"
"258","F Keil","R Ahl"
"259","F Keil","E DeAngelis"
"260","F Keil","A Stephenson"
"261","F Keil","S Joo"
"262","H Drenhaus","C Ankener"
"263","M Crocker","C Ankener"
"264","M Crocker","H Drenhaus"
"265","M Staudte","C Ankener"
"266","M Staudte","H Drenhaus"
"267","M Staudte","M Crocker"
"268","T Arai","T Arai"
"269","H Gweon","M Asaba"
"270","E Hembacher","M Asaba"
"271","H Qiu","M Asaba"
"272","H Qiu","E Hembacher"
"273","B Anderson","M Asaba"
"274","B Anderson","E Hembacher"
"275","B Anderson","H Qiu"
"276","M Frank","M Asaba"
"277","M Frank","E Hembacher"
"278","M Frank","H Qiu"
"279","M Frank","B Anderson"
"281","H Gweon","E Hembacher"
"282","H Gweon","H Qiu"
"283","H Gweon","B Anderson"
"284","H Gweon","M Frank"
"285","M Jones","J Avery"
"286","C Chambers","A Baltaretu"
"287","S Bensinger","A Bear"
"288","J Jara-Ettinger","A Bear"
"289","J Jara-Ettinger","S Bensinger"
"290","J Knobe","A Bear"
"291","J Knobe","S Bensinger"
"292","J Knobe","J Jara-Ettinger"
"293","A Mobramaein","M Behrooz"
"294","A Jhala","M Behrooz"
"295","A Jhala","A Mobramaein"
"296","J Whitehead","M Behrooz"
"297","J Whitehead","A Mobramaein"
"298","J Whitehead","A Jhala"
"299","J Spencer","A Bhat"
"300","L Samuelson","A Bhat"
"301","L Samuelson","J Spencer"
"302","Y Trope","D Bosch"
"303","G Murphy","D Bosch"
"304","G Murphy","Y Trope"
"305","C Wu","I Bouhlel"
"306","N Hanaki","I Bouhlel"
"307","N Hanaki","C Wu"
"308","R Goldstone","I Bouhlel"
"309","R Goldstone","C Wu"
"310","R Goldstone","N Hanaki"
"311","J Abbott","D Bourgin"
"312","T Griffiths","D Bourgin"
"313","T Griffiths","J Abbott"
"314","D Landy","E Brower"
"315","J Coffey","A Buerkin-Pontrelli"
"316","D Swingley","A Buerkin-Pontrelli"
"317","D Swingley","J Coffey"
"318","F Lieder","F Callaway"
"319","P Das","F Callaway"
"320","P Das","F Lieder"
"321","S Gul","F Callaway"
"322","S Gul","F Lieder"
"323","S Gul","P Das"
"324","P Krueger","F Callaway"
"325","P Krueger","F Lieder"
"326","P Krueger","P Das"
"327","P Krueger","S Gul"
"328","T Griffiths","F Callaway"
"329","T Griffiths","F Lieder"
"330","T Griffiths","P Das"
"331","T Griffiths","S Gul"
"332","T Griffiths","P Krueger"
"333","E Izquierdo","M Candadai"
"334","T Busey","R Cao"
"335","R Nosofsky","R Cao"
"336","R Nosofsky","T Busey"
"337","R Shiffrin","R Cao"
"338","R Shiffrin","T Busey"
"339","R Shiffrin","R Nosofsky"
"340","G Woodman","R Cao"
"341","G Woodman","T Busey"
"342","G Woodman","R Nosofsky"
"343","G Woodman","R Shiffrin"
"344","L Malkiewich","C Chase"
"345","A Kumar","C Chase"
"346","A Kumar","L Malkiewich"
"347","Z Zhou","S Chen"
"348","M Fang","S Chen"
"349","M Fang","Z Zhou"
"350","J McClelland","S Chen"
"351","J McClelland","Z Zhou"
"352","J McClelland","M Fang"
"353","O Urminsky","S Chen"
"354","Z Kaldy","C Cheng"
"355","E Blaser","C Cheng"
"356","E Blaser","Z Kaldy"
"357","E Lapidow","K Choi"
"358","J Austin","K Choi"
"359","J Austin","E Lapidow"
"360","P Shafto","K Choi"
"361","P Shafto","E Lapidow"
"362","P Shafto","J Austin"
"363","E Bonawitz","K Choi"
"364","E Bonawitz","E Lapidow"
"365","E Bonawitz","J Austin"
"366","E Bonawitz","P Shafto"
"367","L Schulz","J Chu"
"368","J Austerweil","A Cochrane"
"369","V Simmering","A Cochrane"
"370","V Simmering","J Austerweil"
"371","C Green","A Cochrane"
"372","C Green","J Austerweil"
"373","C Green","V Simmering"
"374","D Gentner","K Cooperrider"
"375","J Jones","C Cortesa"
"376","G Hager","C Cortesa"
"377","G Hager","J Jones"
"378","S Khudanpur","C Cortesa"
"379","S Khudanpur","J Jones"
"380","S Khudanpur","G Hager"
"381","B Landau","C Cortesa"
"382","B Landau","J Jones"
"383","B Landau","G Hager"
"384","B Landau","S Khudanpur"
"385","A Shelton","C Cortesa"
"386","A Shelton","J Jones"
"387","A Shelton","G Hager"
"388","A Shelton","S Khudanpur"
"389","A Shelton","B Landau"
"390","A Criss","G Cox"
"391","C Lebiere","E Cranford"
"392","C Gonzalez","E Cranford"
"393","C Gonzalez","C Lebiere"
"394","S Cooney","E Cranford"
"395","S Cooney","C Lebiere"
"396","S Cooney","C Gonzalez"
"397","P Vayanos","E Cranford"
"398","P Vayanos","C Lebiere"
"399","P Vayanos","C Gonzalez"
"400","P Vayanos","S Cooney"
"401","M Tambe","E Cranford"
"402","M Tambe","C Lebiere"
"403","M Tambe","C Gonzalez"
"404","M Tambe","S Cooney"
"405","M Tambe","P Vayanos"
"406","C Massey","L Cui"
"407","P Kellman","L Cui"
"408","P Kellman","C Massey"
"409","H Jarvinen","J Culbertson"
"410","F Haggarty","J Culbertson"
"411","F Haggarty","H Jarvinen"
"412","K Smith","J Culbertson"
"413","K Smith","H Jarvinen"
"414","K Smith","F Haggarty"
"415","L Hewitt","M Cusimano"
"416","J Tenenbaum","M Cusimano"
"417","J Tenenbaum","L Hewitt"
"418","J McDermott","M Cusimano"
"419","J McDermott","L Hewitt"
"420","J McDermott","J Tenenbaum"
"421","K Smith","I Dasgupta"
"422","E Schulz","I Dasgupta"
"423","E Schulz","K Smith"
"424","J Tenenbaum","I Dasgupta"
"427","S Gershman","I Dasgupta"
"428","S Gershman","K Smith"
"429","S Gershman","E Schulz"
"430","S Gershman","J Tenenbaum"
"431","N Bramley","Z Davis"
"432","B Rehder","Z Davis"
"433","B Rehder","N Bramley"
"434","T Gureckis","Z Davis"
"435","T Gureckis","N Bramley"
"436","T Gureckis","B Rehder"
"440","A Tinga","T Back"
"441","R Hoef","T Back"
"442","R Hoef","A Tinga"
"443","E Peters","T Back"
"444","E Peters","A Tinga"
"445","E Peters","R Hoef"
"446","M Louwerse","T Back"
"447","M Louwerse","A Tinga"
"448","M Louwerse","R Hoef"
"449","M Louwerse","E Peters"
"450","Y DENG","Y DENG"
"451","T Candy","C DeSerio"
"452","J Gold","C DeSerio"
"453","J Gold","T Candy"
"454","L Smith","C DeSerio"
"455","L Smith","T Candy"
"456","L Smith","J Gold"
"457","D Lagnado","S Dewitt"
"458","N Fenton","S Dewitt"
"459","N Fenton","D Lagnado"
"460","A Collins","M Eckstein"
"461","M Derex","P Edmiston"
"462","G Lupyan","P Edmiston"
"463","G Lupyan","M Derex"
"464","J Kubricht","M Edmonds"
"465","C Summers","M Edmonds"
"466","C Summers","J Kubricht"
"467","Y Zhu","M Edmonds"
"468","Y Zhu","J Kubricht"
"469","Y Zhu","C Summers"
"470","B Rothrock","M Edmonds"
"471","B Rothrock","J Kubricht"
"472","B Rothrock","C Summers"
"473","B Rothrock","Y Zhu"
"474","S Zhu","M Edmonds"
"475","S Zhu","J Kubricht"
"476","S Zhu","C Summers"
"477","S Zhu","Y Zhu"
"478","S Zhu","B Rothrock"
"479","H Lu","M Edmonds"
"480","H Lu","J Kubricht"
"481","H Lu","C Summers"
"482","H Lu","Y Zhu"
"483","H Lu","B Rothrock"
"484","H Lu","S Zhu"
"485","Z Peters","J Eilbert"
"486","F eliott","J Eilbert"
"487","F eliott","Z Peters"
"488","K Stassun","J Eilbert"
"489","K Stassun","Z Peters"
"490","K Stassun","F eliott"
"491","M Kunda","J Eilbert"
"492","M Kunda","Z Peters"
"493","M Kunda","F eliott"
"494","M Kunda","K Stassun"
"495","K Godwin","C Eng"
"496","K Boyle","C Eng"
"497","K Boyle","K Godwin"
"498","A Fisher","C Eng"
"499","A Fisher","K Godwin"
"500","A Fisher","K Boyle"
"501","A Tomasic","C Eng"
"502","E Thiessen","C Eng"
"503","E Thiessen","A Tomasic"
"504","C Walker","J Engle"
"505","S Thompson-Schill","A Familiar"
"512","E Renfro","M Fathan"
"513","J Austerweil","M Fathan"
"514","J Austerweil","E Renfro"
"515","N Beckage","M Fathan"
"516","N Beckage","E Renfro"
"517","N Beckage","J Austerweil"
"518","M Lauria","S Flusberg"
"519","P Thibodeau","S Flusberg"
"520","P Thibodeau","M Lauria"
"521","A Dils","S Flusberg"
"522","K Perkins","S Flusberg"
"523","K Perkins","A Dils"
"524","Y Bian","A Fourtassi"
"525","M Frank","A Fourtassi"
"526","M Frank","Y Bian"
"527","K Smith","S Frank"
"528","S Brown","E Fyfe"
"529","A Karni","Y Gabay"
"530","L Holt","Y Gabay"
"531","L Holt","A Karni"
"532","B Kennedy","J Garten"
"533","J Hoover","J Garten"
"534","J Hoover","B Kennedy"
"535","K Sagae","J Garten"
"536","K Sagae","B Kennedy"
"537","K Sagae","J Hoover"
"538","M Dehghani","J Garten"
"539","M Dehghani","B Kennedy"
"540","M Dehghani","J Hoover"
"541","M Dehghani","K Sagae"
"542","M Siegel","T Gerstenberg"
"543","J Tenenbaum","T Gerstenberg"
"544","J Tenenbaum","M Siegel"
"546","M Bollen","M Goldwater"
"547","J Giron","M Goldwater"
"548","J Giron","M Bollen"
"549","C Atance","B Goulding"
"550","O Friedman","B Goulding"
"551","O Friedman","C Atance"
"552","J Tekulve","R Grieben"
"553","S Zibner","R Grieben"
"554","S Zibner","J Tekulve"
"555","S Schneegans","R Grieben"
"556","S Schneegans","J Tekulve"
"557","S Schneegans","S Zibner"
"558","G Schoner","R Grieben"
"559","G Schoner","J Tekulve"
"560","G Schoner","S Zibner"
"561","G Schoner","S Schneegans"
"562","E Wakefield","K Guarino"
"563","M Novack","K Guarino"
"564","M Novack","E Wakefield"
"565","E Congdon","K Guarino"
"566","E Congdon","E Wakefield"
"567","E Congdon","M Novack"
"568","S Franconeri","K Guarino"
"569","S Franconeri","E Wakefield"
"570","S Franconeri","M Novack"
"571","S Franconeri","E Congdon"
"572","S Goldin-Meadow","K Guarino"
"573","S Goldin-Meadow","E Wakefield"
"574","S Goldin-Meadow","M Novack"
"575","S Goldin-Meadow","E Congdon"
"576","S Goldin-Meadow","S Franconeri"
"577","D Mrowca","N Haber"
"578","L Fei-Fei","N Haber"
"579","L Fei-Fei","D Mrowca"
"580","D Yamins","N Haber"
"581","D Yamins","D Mrowca"
"582","D Yamins","L Fei-Fei"
"583","P Rodriguez","D Halpern"
"584","P Rajivan","S Harding"
"585","B Bertenthal","S Harding"
"586","B Bertenthal","P Rajivan"
"587","C Gonzalez","S Harding"
"588","C Gonzalez","P Rajivan"
"589","C Gonzalez","B Bertenthal"
"590","R Shiffrin","S Harding"
"591","M Franke","R Hawkins"
"592","K Smith","R Hawkins"
"593","K Smith","M Franke"
"594","N Goodman","R Hawkins"
"595","N Goodman","M Franke"
"596","N Goodman","K Smith"
"597","Y Hayashi","Y Hayashi"
"598","S Bhatia","L He"
"599","S Stevenson","D Heller"
"600","S Pinet","C Hepner"
"601","N Nozari","C Hepner"
"602","N Nozari","S Pinet"
"604","R Mazuka","K Hitczenko"
"605","M Elsner","K Hitczenko"
"606","M Elsner","R Mazuka"
"607","N Feldman","K Hitczenko"
"608","N Feldman","R Mazuka"
"609","N Feldman","M Elsner"
"610","M Littman","M Ho"
"611","F Cushman","M Ho"
"612","F Cushman","M Littman"
"613","J Austerweil","M Ho"
"614","J Austerweil","M Littman"
"615","J Austerweil","F Cushman"
"616","B Thompson","E Hopman"
"617","J Austerweil","E Hopman"
"618","J Austerweil","B Thompson"
"619","G Lupyan","E Hopman"
"620","G Lupyan","B Thompson"
"621","G Lupyan","J Austerweil"
"622","F Cushman","T Icard"
"623","J Knobe","T Icard"
"624","J Knobe","F Cushman"
"625","S Varma","S Im"
"626","Y Tanaka","M Inuzuka"
"627","M Tsubakimoto","M Inuzuka"
"628","M Tsubakimoto","Y Tanaka"
"629","C Ellis","M Iordan"
"630","M Lesnick","M Iordan"
"631","M Lesnick","C Ellis"
"632","D Osherson","M Iordan"
"633","D Osherson","C Ellis"
"634","D Osherson","M Lesnick"
"635","J Cohen","M Iordan"
"636","J Cohen","C Ellis"
"637","J Cohen","M Lesnick"
"638","J Cohen","D Osherson"
"639","J Lindsey","M Jain"
"640","B Johns","R Jamieson"
"641","J Avery","R Jamieson"
"642","J Avery","B Johns"
"643","M Jones","R Jamieson"
"644","M Jones","B Johns"
"646","A Rafferty","R Jansen"
"647","T Griffiths","R Jansen"
"648","T Griffiths","A Rafferty"
"649","A Jaggi","M Jasbi"
"650","M Frank","M Jasbi"
"651","M Frank","A Jaggi"
"652","K Muldner","J Jennings"
"653","J Zhang","S Johnson"
"654","F Keil","S Johnson"
"655","F Keil","J Zhang"
"656","S Steinerberger","S Johnson"
"657","E Schulz","A Jones"
"658","B Meder","A Jones"
"659","B Meder","E Schulz"
"660","A Ruggeri","A Jones"
"661","A Ruggeri","E Schulz"
"662","A Ruggeri","B Meder"
"663","J Phillips","M Jovanovich"
"664","J Kaminski","J Kaminski"
"665","H Singmann","D Kellen"
"666","S Chen","D Kellen"
"667","S Chen","H Singmann"
"668","S Winiger","D Kellen"
"669","S Winiger","H Singmann"
"670","S Winiger","S Chen"
"671","K Lowery","A Kerr-German"
"672","A Buss","A Kerr-German"
"673","A Buss","K Lowery"
"674","N Pescetelli","R Kim"
"675","M Kleiman-Weiner","R Kim"
"676","M Kleiman-Weiner","N Pescetelli"
"677","E Awad","R Kim"
"678","E Awad","N Pescetelli"
"679","E Awad","M Kleiman-Weiner"
"680","S Dsouza","R Kim"
"681","S Dsouza","N Pescetelli"
"682","S Dsouza","M Kleiman-Weiner"
"683","S Dsouza","E Awad"
"684","J Tenenbaum","R Kim"
"685","J Tenenbaum","N Pescetelli"
"686","J Tenenbaum","M Kleiman-Weiner"
"687","J Tenenbaum","E Awad"
"688","J Tenenbaum","S Dsouza"
"689","I Rahwan","R Kim"
"690","I Rahwan","N Pescetelli"
"691","I Rahwan","M Kleiman-Weiner"
"692","I Rahwan","E Awad"
"693","I Rahwan","S Dsouza"
"694","I Rahwan","J Tenenbaum"
"695","S Singh","J Kim"
"696","A Velde","J Kim"
"697","A Velde","S Singh"
"698","E Thiessen","J Kim"
"699","E Thiessen","S Singh"
"700","E Thiessen","A Velde"
"701","A Fisher","J Kim"
"702","A Fisher","S Singh"
"703","A Fisher","A Velde"
"704","A Fisher","E Thiessen"
"705","D Lagnado","L Kirfel"
"706","A Vientos","M Kleiman-Weiner"
"707","D Rand","M Kleiman-Weiner"
"708","D Rand","A Vientos"
"710","J Tenenbaum","A Vientos"
"711","J Tenenbaum","D Rand"
"712","S Carey","J Kominsky"
"713","B Scholl","J Kominsky"
"714","M Zettersten","M Koranda"
"715","M MacDonald","M Koranda"
"716","M MacDonald","M Zettersten"
"717","S Khemlani","J Korman"
"718","M Richter","P Kounatidou"
"719","G Schoner","P Kounatidou"
"720","G Schoner","M Richter"
"721","S Harding","K Kumar"
"722","R Shiffrin","K Kumar"
"725","B Westphal","V Langenfeld"
"726","R Albrecht","V Langenfeld"
"727","R Albrecht","B Westphal"
"728","A Podelski","V Langenfeld"
"729","A Podelski","B Westphal"
"730","A Podelski","R Albrecht"
"731","M Myers","A LaTourrette"
"732","L Rips","A LaTourrette"
"733","L Rips","M Myers"
"734","S Lee","S Lee"
"735","K Holyoak","J Lee"
"736","M Kleiman-Weiner","S Levine"
"737","N Chater","S Levine"
"738","N Chater","M Kleiman-Weiner"
"739","F Cushman","S Levine"
"740","F Cushman","M Kleiman-Weiner"
"741","F Cushman","N Chater"
"742","J Tenenbaum","S Levine"
"744","J Tenenbaum","N Chater"
"745","J Tenenbaum","F Cushman"
"746","R Levy","R Levy"
"747","B Leonard","T Linzen"
"748","T Lombrozo","E Liquin"
"749","L Fazio","A Loehr"
"750","B Rittle-Johnson","A Loehr"
"751","B Rittle-Johnson","L Fazio"
"752","J Fan","B Long"
"753","M Frank","B Long"
"754","M Frank","J Fan"
"755","V Marchman","K MacDonald"
"756","A Fernald","K MacDonald"
"757","A Fernald","V Marchman"
"758","M Frank","K MacDonald"
"759","M Frank","V Marchman"
"760","M Frank","A Fernald"
"761","U Hahn","J Madsen"
"762","T Pilditch","J Madsen"
"763","T Pilditch","U Hahn"
"764","K Miwa","A Maehigashi"
"765","K Kojima","A Maehigashi"
"766","K Kojima","K Miwa"
"767","J Magnuson","J Magnuson"
"768","B Guay","T Marghetis"
"769","A Karlapudy","T Marghetis"
"770","A Karlapudy","B Guay"
"771","D Landy","T Marghetis"
"772","D Landy","B Guay"
"773","D Landy","A Karlapudy"
"774","B Beekhuizen","Y Matusevych"
"775","S Stevenson","Y Matusevych"
"776","S Stevenson","B Beekhuizen"
"778","R Dubey","H Mehta"
"779","T Lombrozo","H Mehta"
"780","T Lombrozo","R Dubey"
"781","N Bramley","Y Meng"
"782","F Xu","Y Meng"
"784","C Massey","E Mettler"
"785","T Burke","E Mettler"
"786","T Burke","C Massey"
"787","P Garrigan","E Mettler"
"788","P Garrigan","C Massey"
"789","P Garrigan","T Burke"
"790","P Kellman","E Mettler"
"792","P Kellman","T Burke"
"793","P Kellman","P Garrigan"
"794","J Skewes","P Mistry"
"795","M Lee","P Mistry"
"796","M Lee","J Skewes"
"797","J Trueblood","P Mistry"
"798","M Liljeholm","P Mistry"
"799","J Phillips","A Morris"
"800","F Cushman","A Morris"
"801","F Cushman","J Phillips"
"802","J Cohen","S Musslick"
"803","A Shenhav","S Musslick"
"804","A Shenhav","J Cohen"
"805","S Jang","S Musslick"
"806","M Shvartsman","S Musslick"
"807","M Shvartsman","S Jang"
"809","A Shenhav","S Jang"
"810","A Shenhav","M Shvartsman"
"812","J Cohen","S Jang"
"813","J Cohen","M Shvartsman"
"815","L Favela","Z Neemeh"
"816","M Amon","Z Neemeh"
"817","M Amon","L Favela"
"818","M DeCaro","P Newman"
"819","A Omaki","N Nozari"
"820","W Bridewell","K O'Neill"
"821","P Bello","K O'Neill"
"822","P Bello","W Bridewell"
"823","N McNeil","C O'Rear"
"824","P Kirkland","C O'Rear"
"825","P Kirkland","N McNeil"
"826","F Mollica","L Oey"
"827","S Piantadosi","L Oey"
"828","S Piantadosi","F Mollica"
"829","T Granwald","P Parnamets"
"830","A Olsson","P Parnamets"
"831","A Olsson","T Granwald"
"832","T Morgan","A Paxton"
"833","J Suchow","A Paxton"
"834","J Suchow","T Morgan"
"835","T Griffiths","A Paxton"
"836","T Griffiths","T Morgan"
"837","T Griffiths","J Suchow"
"838","L Schulz","M Pelz"
"839","D Navarro","A Perfors"
"840","P Shafto","A Perfors"
"841","P Shafto","D Navarro"
"842","N Dam","A Perfors"
"843","J Suchow","J Peterson"
"844","K Aghi","J Peterson"
"845","K Aghi","J Suchow"
"846","A Ku","J Peterson"
"847","A Ku","J Suchow"
"848","A Ku","K Aghi"
"849","T Griffiths","J Peterson"
"851","T Griffiths","K Aghi"
"852","T Griffiths","A Ku"
"854","D Lagnado","T Pilditch"
"855","D Lagnado","U Hahn"
"856","K Scales","B Pitt"
"857","D Casasanto","B Pitt"
"858","D Casasanto","K Scales"
"859","S Clark","T Posid"
"860","M Bonawitz","T Posid"
"861","M Bonawitz","S Clark"
"862","V Sloutsky","T Posid"
"863","V Sloutsky","S Clark"
"864","V Sloutsky","M Bonawitz"
"865","E Fourakis","C Potter"
"866","E Morin-Lessard","C Potter"
"867","E Morin-Lessard","E Fourakis"
"868","K Byers-Heinlein","C Potter"
"869","K Byers-Heinlein","E Fourakis"
"870","K Byers-Heinlein","E Morin-Lessard"
"871","C Lew-Williams","C Potter"
"872","C Lew-Williams","E Fourakis"
"873","C Lew-Williams","E Morin-Lessard"
"874","C Lew-Williams","K Byers-Heinlein"
"875","K Weisman","D Powell"
"876","E Markman","D Powell"
"877","E Markman","K Weisman"
"878","R Prather","R Prather"
"879","J Opfer","J Qin"
"880","C McFate","I Rabkina"
"881","K Forbus","I Rabkina"
"882","K Forbus","C McFate"
"883","A Hendrickson","K Ransom"
"884","A Perfors","K Ransom"
"885","A Perfors","A Hendrickson"
"886","D Navarro","K Ransom"
"887","D Navarro","A Hendrickson"
"889","J Kim","M Ricci"
"890","T Serre","M Ricci"
"891","T Serre","J Kim"
"892","A Stocco","P Rice"
"893","J Wang","S Ritter"
"894","Z Kurth-Nelson","S Ritter"
"895","Z Kurth-Nelson","J Wang"
"896","M Botvinick","S Ritter"
"897","M Botvinick","J Wang"
"898","M Botvinick","Z Kurth-Nelson"
"899","R Clark","G Roberts"
"900","M Wallentin","R Rocca"
"901","C Vesper","R Rocca"
"902","C Vesper","M Wallentin"
"903","K Tylen","R Rocca"
"904","K Tylen","M Wallentin"
"905","K Tylen","C Vesper"
"906","M Franke","T Roettger"
"907","L Casasanto","R Rosen"
"908","A Singh","R Rosen"
"909","A Singh","L Casasanto"
"910","D Casasanto","R Rosen"
"911","D Casasanto","L Casasanto"
"912","D Casasanto","A Singh"
"913","L Hall","M Roszko"
"914","P Johansson","M Roszko"
"915","P Johansson","L Hall"
"916","P Parnamets","M Roszko"
"917","P Parnamets","L Hall"
"918","P Parnamets","P Johansson"
"919","A Rich","A Rothe"
"920","Z Li","A Rothe"
"921","Z Li","A Rich"
"922","R Aboody","A Royka"
"923","J Jara-Ettinger","A Royka"
"925","J Jara-Ettinger","P Rubio-Fernandez"
"926","S Gabay","W Saban"
"927","R Klein","W Saban"
"928","R Klein","S Gabay"
"929","S Musslick","Y Sagiv"
"930","Y Niv","Y Sagiv"
"931","Y Niv","S Musslick"
"932","J Cohen","Y Sagiv"
"934","J Cohen","Y Niv"
"935","I Psaromiligkos","A SalehiNobandegani"
"936","G Oliveira","G Oliveira"
"938","R Nosofsky","C Sanders"
"939","K Niikuni","M Sato"
"940","A Schafer","M Sato"
"941","A Schafer","K Niikuni"
"942","M Koizumi","M Sato"
"943","M Koizumi","K Niikuni"
"944","M Koizumi","A Schafer"
"945","T Brady","A Schachner"
"946","K Oro","A Schachner"
"947","K Oro","T Brady"
"948","M Lee","A Schachner"
"949","M Lee","T Brady"
"950","M Lee","K Oro"
"951","M Michel","Y Semizer"
"952","K Evans","Y Semizer"
"953","K Evans","M Michel"
"954","J Wolfe","Y Semizer"
"955","J Wolfe","M Michel"
"956","J Wolfe","K Evans"
"957","P Patel","A Sen"
"958","M Rau","A Sen"
"959","M Rau","P Patel"
"960","B Mason","A Sen"
"961","B Mason","P Patel"
"962","B Mason","M Rau"
"963","R Nowak","A Sen"
"964","R Nowak","P Patel"
"965","R Nowak","M Rau"
"966","R Nowak","B Mason"
"967","T Rogers","A Sen"
"968","T Rogers","P Patel"
"969","T Rogers","M Rau"
"970","T Rogers","B Mason"
"971","T Rogers","R Nowak"
"972","J Zhu","A Sen"
"973","J Zhu","P Patel"
"974","J Zhu","M Rau"
"975","J Zhu","B Mason"
"976","J Zhu","R Nowak"
"977","J Zhu","T Rogers"
"978","S Marsella","P Sequeira"
"980","J McDermott","M Siegel"
"982","J Magnuson","E Simmons"
"984","E Mizrak","H Singmann"
"985","E Mizrak","D Kellen"
"986","I Oztekin","H Singmann"
"987","I Oztekin","D Kellen"
"988","I Oztekin","E Mizrak"
"989","J Szymanik","J Sippel"
"990","R Mayrhofer","S Stephan"
"991","M Waldmann","S Stephan"
"992","M Waldmann","R Mayrhofer"
"993","S Thorgeirsson","T Stewart"
"994","C Eliasmith","T Stewart"
"995","C Eliasmith","S Thorgeirsson"
"996","J Laird","A Stocco"
"997","C Lebiere","A Stocco"
"998","C Lebiere","J Laird"
"999","P Rosenbloom","A Stocco"
"1000","P Rosenbloom","J Laird"
"1001","P Rosenbloom","C Lebiere"
"1002","K Console","J Sullins"
"1003","C Henrichson","J Sullins"
"1004","C Henrichson","K Console"
"1005","R Denton","J Sullins"
"1006","R Denton","K Console"
"1007","R Denton","C Henrichson"
"1008","S Roberts","J Sullins"
"1009","S Roberts","K Console"
"1010","S Roberts","C Henrichson"
"1011","S Roberts","R Denton"
"1012","K Howell","J Sullins"
"1013","K Howell","K Console"
"1014","K Howell","C Henrichson"
"1015","K Howell","R Denton"
"1016","K Howell","S Roberts"
"1017","A Ruggeri","N Swaboda"
"1018","A Gopnik","N Swaboda"
"1019","A Gopnik","A Ruggeri"
"1020","M Franke","M Tessler"
"1021","A Witt","J Thibaut"
"1023","A Chuey","E Trouche"
"1024","K Lockhart","E Trouche"
"1025","K Lockhart","A Chuey"
"1026","F Keil","E Trouche"
"1027","F Keil","A Chuey"
"1028","F Keil","K Lockhart"
"1029","D Halpern","S Tubridy"
"1030","L Davachi","S Tubridy"
"1031","L Davachi","D Halpern"
"1032","T Gureckis","S Tubridy"
"1033","T Gureckis","D Halpern"
"1034","T Gureckis","L Davachi"
"1035","J Jian","P Tupper"
"1036","K Leung","P Tupper"
"1037","K Leung","J Jian"
"1038","Y Wang","P Tupper"
"1039","Y Wang","J Jian"
"1040","Y Wang","K Leung"
"1041","L Shen","O Urminsky"
"1042","S Skarsten","O Urminsky"
"1043","S Skarsten","L Shen"
"1044","A Utsumi","A Utsumi"
"1045","E Walker","T Verhoef"
"1046","T Marghetis","T Verhoef"
"1047","T Marghetis","E Walker"
"1048","S Coulson","T Verhoef"
"1049","S Coulson","E Walker"
"1050","S Coulson","T Marghetis"
"1051","C Bergmann","K Holzen"
"1052","C Dweck","K Weisman"
"1054","E Markman","C Dweck"
"1058","A Otto","D Worthy"
"1059","A Cornwall","D Worthy"
"1060","A Cornwall","A Otto"
"1061","H Don","D Worthy"
"1062","H Don","A Otto"
"1063","H Don","A Cornwall"
"1064","T Davis","D Worthy"
"1065","T Davis","A Otto"
"1066","T Davis","A Cornwall"
"1067","T Davis","H Don"
"1068","E Schulz","C Wu"
"1069","M Garvert","C Wu"
"1070","M Garvert","E Schulz"
"1071","B Meder","C Wu"
"1073","B Meder","M Garvert"
"1074","N Schuck","C Wu"
"1075","N Schuck","E Schulz"
"1076","N Schuck","M Garvert"
"1077","N Schuck","B Meder"
"1078","L Holt","Y Wu"
"1079","J Haque","Y Wu"
"1080","L Schulz","Y Wu"
"1081","L Schulz","J Haque"
"1082","B Hayes","B Xie"
"1083","D Navarro","B Xie"
"1084","D Navarro","B Hayes"
"1085","F Mollica","S Yan"
"1086","M Tanenhaus","S Yan"
"1087","M Tanenhaus","F Mollica"
"1088","G Brookshire","D Yap"
"1089","D Casasanto","D Yap"
"1090","D Casasanto","G Brookshire"
"1091","A Borovsky","A Yazbec"
"1092","M Kaschak","A Yazbec"
"1093","M Kaschak","A Borovsky"
"1094","K MacDonald","E Yoon"
"1095","M Asaba","E Yoon"
"1096","M Asaba","K MacDonald"
"1097","H Gweon","E Yoon"
"1098","H Gweon","K MacDonald"
"1100","M Frank","E Yoon"
"1104","R West","J Young"
"1105","A Powers","A Young"
"1106","L Pilgrim","A Young"
"1107","L Pilgrim","A Powers"
"1108","A Shtulman","A Young"
"1109","A Shtulman","A Powers"
"1110","A Shtulman","L Pilgrim"
"1111","J Laca","A Young"
"1112","G Dieffenbach","A Young"
"1113","G Dieffenbach","J Laca"
"1114","E Hossain","A Young"
"1115","E Hossain","J Laca"
"1116","E Hossain","G Dieffenbach"
"1117","D Mann","A Young"
"1118","D Mann","J Laca"
"1119","D Mann","G Dieffenbach"
"1120","D Mann","E Hossain"
"1122","A Shtulman","J Laca"
"1123","A Shtulman","G Dieffenbach"
"1124","A Shtulman","E Hossain"
"1125","A Shtulman","D Mann"
"1126","R Aboody","S Yousif"
"1127","F Keil","S Yousif"
"1128","F Keil","R Aboody"
"1135","R Levy","M Zhan"
"1136","S Bhatia","W Zhao"
"1137","A Diederich","W Zhao"
"1138","J Trueblood","W Zhao"
"1139","J Trueblood","A Diederich"
"1141","S Bhatia","A Diederich"
"1142","S Bhatia","J Trueblood"
"1143","J Myung","R Zhou"
"1144","C Mathews","R Zhou"
"1145","C Mathews","J Myung"
"1146","M Pitt","R Zhou"
"1147","M Pitt","J Myung"
"1148","M Pitt","C Mathews"
"1149","H Karmazyn","D Abney"
"1150","L Smith","D Abney"
"1151","L Smith","H Karmazyn"
"1152","C Yu","D Abney"
"1153","C Yu","H Karmazyn"
"1154","C Yu","L Smith"
"1155","M Eskenazi","A Abraham"
"1156","J Roche","A Abraham"
"1157","J Roche","M Eskenazi"
"1158","J Folk","A Abraham"
"1159","J Folk","M Eskenazi"
"1160","J Folk","J Roche"
"1161","D Abugaber","D Abugaber"
"1162","T Hartman","A Agarwal"
"1163","A Goel","A Agarwal"
"1164","A Goel","T Hartman"
"1165","R Dale","C Alviar"
"1166","C Kello","C Alviar"
"1167","C Kello","R Dale"
"1168","E He","A Amatuni"
"1169","E Bergelson","A Amatuni"
"1170","E Bergelson","E He"
"1171","B Bertenthal","M Amon"
"1172","G Erlikhman","N Baker"
"1173","P Kellman","N Baker"
"1174","P Kellman","G Erlikhman"
"1175","H Lu","N Baker"
"1176","H Lu","G Erlikhman"
"1177","H Lu","P Kellman"
"1178","O Urminsky","A Banerjee"
"1179","S Coulson","M Bardolph"
"1180","A Strivens","M Bartlett"
"1181","W Nicholson","M Bartlett"
"1182","W Nicholson","A Strivens"
"1183","R McLaren","M Bartlett"
"1184","R McLaren","A Strivens"
"1185","R McLaren","W Nicholson"
"1186","I McLaren","M Bartlett"
"1187","I McLaren","A Strivens"
"1188","I McLaren","W Nicholson"
"1189","I McLaren","R McLaren"
"1190","A Berg","J Bartolotti"
"1191","V Marian","J Bartolotti"
"1192","V Marian","A Berg"
"1193","P Shafto","I Bass"
"1194","E Bonawitz","I Bass"
"1196","H Singmann","C Baumann"
"1197","V Kaxiras","C Baumann"
"1198","V Kaxiras","H Singmann"
"1199","S Gershman","C Baumann"
"1200","S Gershman","H Singmann"
"1201","S Gershman","V Kaxiras"
"1202","B Helversen","C Baumann"
"1203","B Helversen","H Singmann"
"1204","B Helversen","V Kaxiras"
"1205","B Helversen","S Gershman"
"1206","S Milic","B Beekhuizen"
"1207","B Armstrong","B Beekhuizen"
"1208","B Armstrong","S Milic"
"1210","S Stevenson","S Milic"
"1211","S Stevenson","B Armstrong"
"1212","A Lovett","P Bello"
"1213","G Briggs","P Bello"
"1214","G Briggs","A Lovett"
"1216","K O'Neill","A Lovett"
"1217","K O'Neill","G Briggs"
"1218","M Asaba","G Bennett-Pierre"
"1219","H Gweon","G Bennett-Pierre"
"1221","A Starynska","K Binaee"
"1222","J Pelz","K Binaee"
"1223","J Pelz","A Starynska"
"1224","C Kanan","K Binaee"
"1225","C Kanan","A Starynska"
"1226","C Kanan","J Pelz"
"1227","G Diaz","K Binaee"
"1228","G Diaz","A Starynska"
"1229","G Diaz","J Pelz"
"1230","G Diaz","C Kanan"
"1231","V Sloutsky","N Blanco"
"1232","O Peters","M Bockholt"
"1233","S Narciss","M Bockholt"
"1234","S Narciss","O Peters"
"1235","K Zweig","M Bockholt"
"1236","K Zweig","O Peters"
"1237","K Zweig","S Narciss"
"1238","M Dehghani","R Boghrati"
"1239","S DeDeo","C Boyce-Jacino"
"1240","A Rothe","N Bramley"
"1242","J Tenenbaum","A Rothe"
"1244","F Xu","A Rothe"
"1247","T Gureckis","A Rothe"
"1248","T Gureckis","J Tenenbaum"
"1249","T Gureckis","F Xu"
"1250","P Monaghan","J Brand"
"1251","P Walker","J Brand"
"1252","P Walker","P Monaghan"
"1253","H Gweon","S Bridgers"
"1254","M Bretzke","S Bridgers"
"1255","M Bretzke","H Gweon"
"1256","A Ruggeri","S Bridgers"
"1257","A Ruggeri","H Gweon"
"1258","A Ruggeri","M Bretzke"
"1259","C Wasylyshyn","G Briggs"
"1261","P Bello","C Wasylyshyn"
"1262","D Menendez","S Brown"
"1263","M Alibali","S Brown"
"1264","M Alibali","D Menendez"
"1265","K Morgan-Short","J Buffington"
"1266","L Butler","L Butler"
"1267","D Bilkey","M Butz"
"1269","A Knott","D Bilkey"
"1270","S Otte","M Butz"
"1271","S Otte","D Bilkey"
"1272","S Otte","A Knott"
"1273","D Miller-Cotto","J Byrnes"
"1274","J Dyke","L Campanelli"
"1275","K Marton","L Campanelli"
"1276","K Marton","J Dyke"
"1277","J Kodner","S Caplan"
"1278","S Caplan","S Caplan"
"1279","H Kloos","M Cartwright"
"1280","Q Mano","M Cartwright"
"1281","Q Mano","H Kloos"
"1282","C Hord","M Cartwright"
"1283","C Hord","H Kloos"
"1284","C Hord","Q Mano"
"1285","K Manke","P Carvalho"
"1286","K Koedinger","P Carvalho"
"1287","K Koedinger","K Manke"
"1288","J Bavel","L Chalik"
"1289","M Rhodes","L Chalik"
"1290","M Rhodes","J Bavel"
"1291","J Bartolotti","P Chen"
"1292","S Schroeder","P Chen"
"1293","S Schroeder","J Bartolotti"
"1294","S Rochanavibhata","P Chen"
"1295","S Rochanavibhata","J Bartolotti"
"1296","S Rochanavibhata","S Schroeder"
"1297","V Marian","P Chen"
"1299","V Marian","S Schroeder"
"1300","V Marian","S Rochanavibhata"
"1301","W Hayward","Z Cheng"
"1302","A Chan","Z Cheng"
"1303","A Chan","W Hayward"
"1304","J Hsiao","Z Cheng"
"1305","J Hsiao","W Hayward"
"1306","J Hsiao","A Chan"
"1307","J Brixey","C Chiang"
"1308","J Gibson","C Chiang"
"1309","J Gibson","J Brixey"
"1310","M Dehghani","C Chiang"
"1311","M Dehghani","J Brixey"
"1312","M Dehghani","J Gibson"
"1313","M Kaplan","J Chirls"
"1314","Y Gebre-Ab","J Chirls"
"1315","Y Gebre-Ab","M Kaplan"
"1316","M Ortiz","J Chirls"
"1317","M Ortiz","M Kaplan"
"1318","M Ortiz","Y Gebre-Ab"
"1319","L Howard","J Chirls"
"1320","L Howard","M Kaplan"
"1321","L Howard","Y Gebre-Ab"
"1322","L Howard","M Ortiz"
"1323","H Don","J Chow"
"1324","B Colagiuri","J Chow"
"1325","B Colagiuri","H Don"
"1326","E Livesey","J Chow"
"1327","E Livesey","H Don"
"1328","E Livesey","B Colagiuri"
"1329","M Sheskin","A Chuey"
"1331","F Keil","M Sheskin"
"1332","M Welsh","M Clausen"
"1333","E Gleason","U CohenPriva"
"1334","C Sanker","U CohenPriva"
"1335","T Roijackers","N Cohn"
"1336","R Schaap","N Cohn"
"1337","R Schaap","T Roijackers"
"1338","J Engelen","N Cohn"
"1339","J Engelen","T Roijackers"
"1340","J Engelen","R Schaap"
"1341","S Patrick","D Cokal"
"1342","F Ferreira","D Cokal"
"1343","F Ferreira","S Patrick"
"1344","E Bonawitz","J Colantonio"
"1345","S Reimers","S Desai"
"1346","N Couch","N Couch"
"1347","S Farmer","M Crane"
"1348","S Appling","M Crane"
"1349","S Appling","S Farmer"
"1350","e briscoe","M Crane"
"1351","e briscoe","S Farmer"
"1352","e briscoe","S Appling"
"1353","M Cychosz","M Cychosz"
"1354","M Jones","P Dachapally"
"1355","M Amelsvoort","D Damen"
"1356","P Wijst","D Damen"
"1357","P Wijst","M Amelsvoort"
"1358","E Krahmer","D Damen"
"1359","E Krahmer","M Amelsvoort"
"1360","E Krahmer","P Wijst"
"1367","J Hartz","H Dames"
"1368","M Kantz","H Dames"
"1369","M Kantz","J Hartz"
"1370","N Riesterer","H Dames"
"1371","N Riesterer","J Hartz"
"1372","N Riesterer","M Kantz"
"1373","M Ragni","H Dames"
"1374","M Ragni","J Hartz"
"1375","M Ragni","M Kantz"
"1376","M Ragni","N Riesterer"
"1377","J Kim","C Dancy"
"1378","D Guo","I Dasgupta"
"1379","A Stuhlmueller","I Dasgupta"
"1380","A Stuhlmueller","D Guo"
"1382","S Gershman","D Guo"
"1383","S Gershman","A Stuhlmueller"
"1384","N Goodman","I Dasgupta"
"1385","N Goodman","D Guo"
"1386","N Goodman","A Stuhlmueller"
"1387","N Goodman","S Gershman"
"1394","A Perfors","S Deyne"
"1395","D Navarro","S Deyne"
"1397","G Kachergis","R Kleijn"
"1398","B Hommel","R Kleijn"
"1399","B Hommel","G Kachergis"
"1403","A Davis","C maza"
"1404","C Gonzalez","C maza"
"1405","C Gonzalez","A Davis"
"1406","I Azevedo","C maza"
"1407","I Azevedo","A Davis"
"1408","I Azevedo","C Gonzalez"
"1409","B Rottman","C Derringer"
"1410","O Friedman","T Doan"
"1411","S Denison","T Doan"
"1412","S Denison","O Friedman"
"1414","M Ragni","L Elflein"
"1415","S Donnet","F Elleuch"
"1416","A Buendia","F Elleuch"
"1417","A Buendia","S Donnet"
"1418","s natkin","F Elleuch"
"1419","s natkin","S Donnet"
"1420","s natkin","A Buendia"
"1421","C Tijus","F Elleuch"
"1422","C Tijus","S Donnet"
"1423","C Tijus","A Buendia"
"1424","C Tijus","s natkin"
"1425","H Miller","J Ellis"
"1426","L Ou","J Ellis"
"1427","L Ou","H Miller"
"1428","V Simmering","J Ellis"
"1429","V Simmering","H Miller"
"1430","V Simmering","L Ou"
"1431","B Lake","R Feinman"
"1432","R Aboody","M Flowers"
"1433","J Jara-Ettinger","M Flowers"
"1435","A Ramos","S Flusberg"
"1436","A Finn","T Forest"
"1437","T Donoghue","W Fox"
"1438","M Pitt","M Freggens"
"1439","J Pine","D Freudenthal"
"1440","F Gobet","D Freudenthal"
"1441","F Gobet","J Pine"
"1442","T Veuthey","M Gates"
"1443","M Tessler","M Gates"
"1444","M Tessler","T Veuthey"
"1445","K Smith","M Gates"
"1446","K Smith","T Veuthey"
"1447","K Smith","M Tessler"
"1448","T Gerstenberg","M Gates"
"1449","T Gerstenberg","T Veuthey"
"1450","T Gerstenberg","M Tessler"
"1451","T Gerstenberg","K Smith"
"1452","L Bayet","M Gates"
"1453","L Bayet","T Veuthey"
"1454","L Bayet","M Tessler"
"1455","L Bayet","K Smith"
"1456","L Bayet","T Gerstenberg"
"1457","J Tenenbaum","M Gates"
"1458","J Tenenbaum","T Veuthey"
"1459","J Tenenbaum","M Tessler"
"1462","J Tenenbaum","L Bayet"
"1463","R Levy","J Gauthier"
"1464","J Tenenbaum","J Gauthier"
"1465","J Tenenbaum","R Levy"
"1466","M Still","J Geller"
"1467","E Burdett","S Gerson"
"1468","S Beck","S Gerson"
"1469","S Beck","E Burdett"
"1470","C Walker","M Goddu"
"1472","R Todaro","K Godwin"
"1473","R Todaro","C Eng"
"1474","G Murray","K Godwin"
"1475","G Murray","C Eng"
"1476","G Murray","R Todaro"
"1479","A Fisher","R Todaro"
"1480","A Fisher","G Murray"
"1481","J Wittwer","S Golke"
"1482","M Mutafchieva","K Gotseva-Balgaranova"
"1483","K Holyoak","M Gray"
"1484","P Parpart","P Guarda"
"1485","N Harvey","P Guarda"
"1486","N Harvey","P Parpart"
"1487","J Munoz","P Guarda"
"1488","J Munoz","P Parpart"
"1489","J Munoz","N Harvey"
"1490","J Wiley","T Guerrero"
"1491","C Dweck","C Guo"
"1492","E Markman","C Guo"
"1494","M Sydow","U Hahn"
"1495","C Merdes","U Hahn"
"1496","C Merdes","M Sydow"
"1497","J Degen","M Hahn"
"1498","N Goodman","M Hahn"
"1499","N Goodman","J Degen"
"1500","D Jurafsky","M Hahn"
"1501","D Jurafsky","J Degen"
"1502","D Jurafsky","N Goodman"
"1503","R Futrell","M Hahn"
"1504","R Futrell","J Degen"
"1505","R Futrell","N Goodman"
"1506","R Futrell","D Jurafsky"
"1507","M Keefe","K Hamamouche"
"1508","K Jordan","K Hamamouche"
"1509","K Jordan","M Keefe"
"1510","S Cordes","K Hamamouche"
"1511","S Cordes","M Keefe"
"1512","S Cordes","K Jordan"
"1513","K Allen","J Hamrick"
"1514","V Bapst","J Hamrick"
"1515","V Bapst","K Allen"
"1516","T Zhu","J Hamrick"
"1517","T Zhu","K Allen"
"1518","T Zhu","V Bapst"
"1519","K McKee","J Hamrick"
"1520","K McKee","K Allen"
"1521","K McKee","V Bapst"
"1522","K McKee","T Zhu"
"1524","J Tenenbaum","K Allen"
"1525","J Tenenbaum","V Bapst"
"1526","J Tenenbaum","T Zhu"
"1527","J Tenenbaum","K McKee"
"1528","P Battaglia","J Hamrick"
"1529","P Battaglia","K Allen"
"1530","P Battaglia","V Bapst"
"1531","P Battaglia","T Zhu"
"1532","P Battaglia","K McKee"
"1533","P Battaglia","J Tenenbaum"
"1534","B Bannerjee","M Kapourchali"
"1535","L Gonnerman","K Hill"
"1536","M Hoetjes","M Hoetjes"
"1537","R Theodore","A Hogstrom"
"1538","A Canfield","A Hogstrom"
"1539","A Canfield","R Theodore"
"1540","B Castelluccio","A Hogstrom"
"1541","B Castelluccio","R Theodore"
"1542","B Castelluccio","A Canfield"
"1543","J Green","A Hogstrom"
"1544","J Green","R Theodore"
"1545","J Green","A Canfield"
"1546","J Green","B Castelluccio"
"1547","C Irvine","A Hogstrom"
"1548","C Irvine","R Theodore"
"1549","C Irvine","A Canfield"
"1550","C Irvine","B Castelluccio"
"1551","C Irvine","J Green"
"1552","I Eigsti","A Hogstrom"
"1553","I Eigsti","R Theodore"
"1554","I Eigsti","A Canfield"
"1555","I Eigsti","B Castelluccio"
"1556","I Eigsti","J Green"
"1557","I Eigsti","C Irvine"
"1558","C Roark","L Holt"
"1559","M Lehet","L Holt"
"1560","M Lehet","C Roark"
"1562","F Dick","C Roark"
"1563","F Dick","M Lehet"
"1564","M Shirasuna","H Honda"
"1565","T Matsuka","H Honda"
"1566","T Matsuka","M Shirasuna"
"1567","K Ueda","H Honda"
"1568","K Ueda","M Shirasuna"
"1569","K Ueda","T Matsuka"
"1570","S Khemlani","Z Horne"
"1571","K Boneff","A Hostetter"
"1572","M Alibali","A Hostetter"
"1573","M Alibali","K Boneff"
"1574","D Navarro","J Hotaling"
"1575","B Newell","J Hotaling"
"1576","B Newell","D Navarro"
"1577","M Kleiman-Weiner","S Houlihan"
"1578","J Tenenbaum","S Houlihan"
"1580","R Saxe","S Houlihan"
"1581","R Saxe","M Kleiman-Weiner"
"1582","R Saxe","J Tenenbaum"
"1583","P Huebner","P Huebner"
"1584","K Muldner","C Humeny"
"1585","R West","C Humeny"
"1586","R West","K Muldner"
"1587","S Cordes","M Hurst"
"1588","D Huber","L Huszar"
"1589","S Hidaka","M Imai"
"1590","N Saji","M Imai"
"1591","N Saji","S Hidaka"
"1592","M Ohba","M Imai"
"1593","M Ohba","S Hidaka"
"1594","M Ohba","N Saji"
"1595","R Frost","E Isbilen"
"1596","P Monaghan","E Isbilen"
"1597","P Monaghan","R Frost"
"1598","M Christiansen","E Isbilen"
"1599","M Christiansen","R Frost"
"1600","M Christiansen","P Monaghan"
"1601","R Levy","A Ivanova"
"1602","D Feng","D Jeong"
"1603","S Marsella","D Jeong"
"1604","S Marsella","D Feng"
"1605","A Papafragou","Y Ji"
"1606","D Tuckett","S Johnson"
"1607","J Nador","I Juvina"
"1608","O Larue","I Juvina"
"1609","O Larue","J Nador"
"1610","R Green","I Juvina"
"1611","R Green","J Nador"
"1612","R Green","O Larue"
"1613","A Harel","I Juvina"
"1614","A Harel","J Nador"
"1615","A Harel","O Larue"
"1616","A Harel","R Green"
"1617","B Minnery","I Juvina"
"1618","B Minnery","J Nador"
"1619","B Minnery","O Larue"
"1620","B Minnery","R Green"
"1621","B Minnery","A Harel"
"1622","D Dubhashi","M Kageback"
"1623","A Sayeed","M Kageback"
"1624","A Sayeed","D Dubhashi"
"1625","D Kalocinski","D Kalocinski"
"1626","O Scharenborg","T Karaminis"
"1627","S Kessler","S Kessler"
"1628","J Ullrich","B Kim"
"1629","J Krueger","B Kim"
"1630","J Krueger","J Ullrich"
"1631","J Opfer","D Kim"
"1632","A Ruesch","J Kim"
"1633","T Huppert","J Kim"
"1634","T Huppert","A Ruesch"
"1635","J Kainerstorfer","J Kim"
"1636","J Kainerstorfer","A Ruesch"
"1637","J Kainerstorfer","T Huppert"
"1639","E Thiessen","A Ruesch"
"1640","E Thiessen","T Huppert"
"1641","E Thiessen","J Kainerstorfer"
"1643","A Fisher","A Ruesch"
"1644","A Fisher","T Huppert"
"1645","A Fisher","J Kainerstorfer"
"1647","A Buss","K Kinder"
"1648","D Kleinschmidt","D Kleinschmidt"
"1649","T Lombrozo","E Kon"
"1650","G Mens","E Konovalova"
"1652","D Baldwin","J Kosie"
"1653","T Griffiths","P Krafft"
"1654","K Munster","J Kroger"
"1655","M Burigo","J Kroger"
"1656","M Burigo","K Munster"
"1657","P Knoeferle","J Kroger"
"1658","P Knoeferle","K Munster"
"1659","P Knoeferle","M Burigo"
"1661","E Schulz","M Krusche"
"1662","A Guez","M Krusche"
"1663","A Guez","E Schulz"
"1664","M Speekenbrink","M Krusche"
"1665","M Speekenbrink","E Schulz"
"1666","M Speekenbrink","A Guez"
"1668","C Lee","C Lee"
"1670","S Jeong","S Lee"
"1671","J Kralik","J Lee"
"1672","J Jeong","J Lee"
"1673","J Jeong","J Kralik"
"1674","I Preda","P Villagra"
"1675","C Lucas","P Villagra"
"1676","C Lucas","I Preda"
"1677","S Thompson-Schill","A Leshinskaya"
"1678","S Auderset","N Lester"
"1679","P Rogers","N Lester"
"1680","P Rogers","S Auderset"
"1681","D Baum","N Lester"
"1682","T Biron","N Lester"
"1683","T Biron","D Baum"
"1684","G Lupyan","M Lewis"
"1685","M Tesic","A Liefgreen"
"1686","D Lagnado","A Liefgreen"
"1687","D Lagnado","M Tesic"
"1689","S Koh","M Liljeholm"
"1690","S Koh","P Mistry"
"1691","R Nightingale","S Lindsay"
"1692","S Metz","E Liquin"
"1694","T Lombrozo","S Metz"
"1695","A Belardinelli","J Lohmann"
"1696","M Butz","J Lohmann"
"1697","M Butz","A Belardinelli"
"1701","Y Xu","Y Luo"
"1702","J Magnuson","S Luthra"
"1703","J Vitriol","J Marsh"
"1704","R Frank","R McCoy"
"1705","T Linzen","R McCoy"
"1706","T Linzen","R Frank"
"1708","K Rosengren","D Menendez"
"1709","K Rosengren","M Alibali"
"1710","P Matthews","R Meng"
"1711","E Hubbard","R Meng"
"1712","E Hubbard","P Matthews"
"1713","G Zellou","Z Mengesha"
"1714","P Shah","A Michal"
"1715","D Uttal","A Michal"
"1716","D Uttal","P Shah"
"1717","S Franconeri","A Michal"
"1718","S Franconeri","P Shah"
"1719","S Franconeri","D Uttal"
"1723","P Renner","N Mitev"
"1724","T Pfeiffer","N Mitev"
"1725","T Pfeiffer","P Renner"
"1726","M Staudte","N Mitev"
"1727","M Staudte","P Renner"
"1728","M Staudte","T Pfeiffer"
"1729","J Roche","L Morett"
"1730","S Fraundorf","L Morett"
"1731","S Fraundorf","J Roche"
"1732","J McPartland","L Morett"
"1733","J McPartland","J Roche"
"1734","J McPartland","S Fraundorf"
"1735","E Veinott","S Mueller"
"1736","L Lorch","S Munzer"
"1737","A Schwering","S Munzer"
"1738","A Schwering","L Lorch"
"1739","J Krukar","S Munzer"
"1740","J Krukar","L Lorch"
"1741","J Krukar","A Schwering"
"1742","V Anacta","S Munzer"
"1743","V Anacta","L Lorch"
"1744","V Anacta","A Schwering"
"1745","V Anacta","J Krukar"
"1746","B Torok","D Nagy"
"1747","G Orban","D Nagy"
"1748","G Orban","B Torok"
"1749","S Yamada","R Nakahashi"
"1750","J Navarrete","J Navarrete"
"1751","W So","M Ng"
"1752","S Kita","M Ng"
"1753","S Kita","W So"
"1754","F Verbruggen","W Nicholson"
"1756","I McLaren","F Verbruggen"
"1757","H Fukuda","A Nonami"
"1758","Y Sato","A Nonami"
"1759","Y Sato","H Fukuda"
"1760","K Samejima","A Nonami"
"1761","K Samejima","H Fukuda"
"1762","K Samejima","Y Sato"
"1763","K Ueda","A Nonami"
"1764","K Ueda","H Fukuda"
"1765","K Ueda","Y Sato"
"1766","K Ueda","K Samejima"
"1767","M Frank","A Nordmeyer"
"1768","L Fuselier","L Novick"
"1769","F Xu","S O'Grady"
"1770","D Chesney","N Obrecht"
"1771","H Honda","Y Onuki"
"1772","N Shingaki","Y Onuki"
"1773","N Shingaki","H Honda"
"1774","K Ueda","Y Onuki"
"1776","K Ueda","N Shingaki"
"1777","M Tessler","L Ouyang"
"1778","D Ly","L Ouyang"
"1779","D Ly","M Tessler"
"1780","N Goodman","L Ouyang"
"1782","N Goodman","D Ly"
"1783","P Hristova","K Paliakova"
"1784","J Binzak","Y Park"
"1785","E Toomarian","Y Park"
"1786","E Toomarian","J Binzak"
"1787","P Kalra","Y Park"
"1788","P Kalra","J Binzak"
"1789","P Kalra","E Toomarian"
"1790","P Matthews","Y Park"
"1791","P Matthews","J Binzak"
"1792","P Matthews","E Toomarian"
"1793","P Matthews","P Kalra"
"1794","E Hubbard","Y Park"
"1795","E Hubbard","J Binzak"
"1796","E Hubbard","E Toomarian"
"1797","E Hubbard","P Kalra"
"1799","R Obeid","O Parshina"
"1800","E Che","O Parshina"
"1801","E Che","R Obeid"
"1802","T Ricker","O Parshina"
"1803","T Ricker","R Obeid"
"1804","T Ricker","E Che"
"1805","P Brooks","O Parshina"
"1806","P Brooks","R Obeid"
"1807","P Brooks","E Che"
"1808","P Brooks","T Ricker"
"1809","K Kurtz","J Patterson"
"1810","J Jokinen","T Peltola"
"1811","S Kaski","T Peltola"
"1812","S Kaski","J Jokinen"
"1813","P Javangula","Y Peng"
"1814","H Lu","Y Peng"
"1815","H Lu","P Javangula"
"1816","K Holyoak","Y Peng"
"1817","K Holyoak","P Javangula"
"1818","K Holyoak","H Lu"
"1819","P Soulos","J Peterson"
"1820","A Nematzadeh","J Peterson"
"1821","A Nematzadeh","P Soulos"
"1823","T Griffiths","P Soulos"
"1824","T Griffiths","A Nematzadeh"
"1825","S Thellman","V Petrovych"
"1826","T Ziemke","V Petrovych"
"1827","T Ziemke","S Thellman"
"1828","S VALDOIS","T PHENIX"
"1829","J Diard","T PHENIX"
"1830","J Diard","S VALDOIS"
"1831","U Hahn","K Phillips"
"1832","T Pilditch","K Phillips"
"1834","S Phillips","S Phillips"
"1835","J Knobe","J Phillips"
"1836","B Strickland","J Phillips"
"1837","B Strickland","J Knobe"
"1838","P Armary","J Phillips"
"1839","P Armary","J Knobe"
"1840","P Armary","B Strickland"
"1843","F Cushman","B Strickland"
"1844","F Cushman","P Armary"
"1845","L Hasenfratz","E Piazza"
"1846","U Hasson","E Piazza"
"1847","U Hasson","L Hasenfratz"
"1848","C Lew-Williams","E Piazza"
"1849","C Lew-Williams","L Hasenfratz"
"1850","C Lew-Williams","U Hasson"
"1851","M Tanenhaus","A Pogue"
"1852","M Pavlova","V Popov"
"1853","P Hristova","V Popov"
"1854","P Hristova","M Pavlova"
"1855","Z Horne","D Powell"
"1856","Z Horne","J Priniski"
"1857","M Unterhuber","K Prochownik"
"1858","L Doumas","A Puljic"
"1859","D Lassiter","C Qing"
"1860","J Degen","C Qing"
"1861","J Degen","D Lassiter"
"1862","A Mitchell","P Racz"
"1863","J Blythe","P Racz"
"1864","J Blythe","A Mitchell"
"1865","P Johnson-Laird","M Ragni"
"1867","S Khemlani","M Ragni"
"1868","S Khemlani","N Riesterer"
"1870","P Johnson-Laird","N Riesterer"
"1871","P Johnson-Laird","S Khemlani"
"1872","K Sauerwald","M Ragni"
"1873","T Bock","M Ragni"
"1874","T Bock","K Sauerwald"
"1875","G Kern-Isberner","M Ragni"
"1876","G Kern-Isberner","K Sauerwald"
"1877","G Kern-Isberner","T Bock"
"1878","P Friemann","M Ragni"
"1879","P Friemann","K Sauerwald"
"1880","P Friemann","T Bock"
"1881","P Friemann","G Kern-Isberner"
"1882","C Beierle","M Ragni"
"1883","C Beierle","K Sauerwald"
"1884","C Beierle","T Bock"
"1885","C Beierle","G Kern-Isberner"
"1886","C Beierle","P Friemann"
"1887","E Sander","L Raynal"
"1888","E Clement","L Raynal"
"1889","E Clement","E Sander"
"1890","C Lew-Williams","T Reuter"
"1891","S Goldin-Meadow","L Rissman"
"1892","A Woodward","L Rissman"
"1893","A Woodward","S Goldin-Meadow"
"1894","F Soylu","B Rivera"
"1895","P Hemmer","T Robbins"
"1896","M Dougherty","A Robey"
"1897","G Lupyan","H Roebuck"
"1898","L Young","J Rottman"
"1899","P Blake","J Rottman"
"1900","P Blake","L Young"
"1901","D Kelemen","J Rottman"
"1902","D Kelemen","L Young"
"1903","D Kelemen","P Blake"
"1904","E Schulz","J Rule"
"1905","S Piantadosi","J Rule"
"1906","S Piantadosi","E Schulz"
"1907","J Tenenbaum","J Rule"
"1909","J Tenenbaum","S Piantadosi"
"1910","W Voorspoels","I Rutten"
"1911","E Koster","I Rutten"
"1912","E Koster","W Voorspoels"
"1913","W Vanpaemel","I Rutten"
"1914","W Vanpaemel","W Voorspoels"
"1915","W Vanpaemel","E Koster"
"1916","B Jones","E Sagi"
"1917","T Shultz","A SalehiNobandegani"
"1918","K Silva-Castanheira","A SalehiNobandegani"
"1919","A Otto","A SalehiNobandegani"
"1920","A Otto","K Silva-Castanheira"
"1922","T Shultz","K Silva-Castanheira"
"1923","T Shultz","A Otto"
"1924","D Bourgin","S Sanborn"
"1925","M Chang","S Sanborn"
"1926","M Chang","D Bourgin"
"1927","T Griffiths","S Sanborn"
"1929","T Griffiths","M Chang"
"1930","V Raja","G Oliveira"
"1931","B Long","A Sanchez"
"1932","A Kraus","A Sanchez"
"1933","A Kraus","B Long"
"1934","M Frank","A Sanchez"
"1936","M Frank","A Kraus"
"1937","G Stapleton","Y Sato"
"1938","M Jamnik","Y Sato"
"1939","M Jamnik","G Stapleton"
"1940","Z Shams","Y Sato"
"1941","Z Shams","G Stapleton"
"1942","Z Shams","M Jamnik"
"1943","N Blanco","O Savic"
"1944","V Sloutsky","O Savic"
"1946","M Kim","A Schachner"
"1947","A Wills","R Schlegelmilch"
"1948","B Helversen","R Schlegelmilch"
"1949","B Helversen","A Wills"
"1950","A Munoz","D Schloesser"
"1951","C Kello","D Schloesser"
"1952","C Kello","A Munoz"
"1953","V Loreto","W Schueller"
"1954","P Oudeyer","W Schueller"
"1955","P Oudeyer","V Loreto"
"1956","J Fischer","S Schwettmann"
"1957","J Tenenbaum","S Schwettmann"
"1958","J Tenenbaum","J Fischer"
"1959","N Kanwisher","S Schwettmann"
"1960","N Kanwisher","J Fischer"
"1961","N Kanwisher","J Tenenbaum"
"1962","S Weissmeyer","V Scotney"
"1963","L Gabora","V Scotney"
"1964","L Gabora","S Weissmeyer"
"1965","J Spencer","B Serhan"
"1966","A Cangelosi","B Serhan"
"1967","A Cangelosi","J Spencer"
"1968","T Marghetis","M Setzler"
"1969","M Kim","M Setzler"
"1970","M Kim","T Marghetis"
"1971","S Reijula","K Yahosseini"
"1972","L Molleman","K Yahosseini"
"1973","L Molleman","S Reijula"
"1974","M Moussaid","K Yahosseini"
"1975","M Moussaid","S Reijula"
"1976","M Moussaid","L Molleman"
"1977","N Taatgen","H Shaposhnik"
"1978","J Borst","H Shaposhnik"
"1979","J Borst","N Taatgen"
"1980","D Noelle","T Shea"
"1981","J Dessalles","G Sileno"
"1982","A Agarwala","P SINGHAL"
"1983","P Srivastava","P SINGHAL"
"1984","P Srivastava","A Agarwala"
"1985","T Schack","M Sionti"
"1986","Y Aloimonos","M Sionti"
"1987","Y Aloimonos","T Schack"
"1988","H Rabagliati","B Skarabela"
"1989","M Srinivasan","B Skarabela"
"1990","M Srinivasan","H Rabagliati"
"1991","M Wong","W So"
"1992","W Lam","W So"
"1993","W Lam","M Wong"
"1994","C Cheng","W So"
"1995","C Cheng","M Wong"
"1996","C Cheng","W Lam"
"1998","M Ng","M Wong"
"1999","M Ng","W Lam"
"2000","M Ng","C Cheng"
"2001","J Logan","M Sokolov"
"2002","L Wanner","J Soler-Company"
"2003","J Medaglia","S Solomon"
"2004","S Thompson-Schill","S Solomon"
"2005","S Thompson-Schill","J Medaglia"
"2006","B Rottman","K Soo"
"2007","A Majid","L Speed"
"2008","W Dam","L Speed"
"2009","G Vigliocco","L Speed"
"2010","G Vigliocco","W Dam"
"2011","R Desai","L Speed"
"2012","R Desai","W Dam"
"2013","R Desai","G Vigliocco"
"2014","K Holyoak","D Stamenkovic"
"2018","S Roberts","B Thompson"
"2020","G Lupyan","S Roberts"
"2021","P Wolff","R Thorstad"
"2022","K Wagner","K Tillman"
"2023","D Barner","K Tillman"
"2024","D Barner","K Wagner"
"2025","S Hidaka","T Torii"
"2026","D Landy","C Trueborn"
"2027","T Kameda","A Ueshima"
"2028","A Fisher","L Unger"
"2029","V Sloutsky","L Unger"
"2030","S States","C Vales"
"2031","A Fisher","C Vales"
"2032","A Fisher","S States"
"2033","T Linzen","M Schijndel"
"2034","A Ruggeri","N Vasilyeva"
"2035","T Lombrozo","N Vasilyeva"
"2036","T Lombrozo","A Ruggeri"
"2037","N Buchler","V Veksler"
"2038","C Lebiere","V Veksler"
"2039","C Lebiere","N Buchler"
"2040","D Morrison","V Veksler"
"2041","D Morrison","N Buchler"
"2042","D Morrison","C Lebiere"
"2043","Y Wu","N Velez"
"2044","H Gweon","N Velez"
"2045","H Gweon","Y Wu"
"2046","R Sojitra","W Vong"
"2047","A Reyes","W Vong"
"2048","A Reyes","R Sojitra"
"2049","S Yang","W Vong"
"2050","S Yang","R Sojitra"
"2051","S Yang","A Reyes"
"2052","P Shafto","W Vong"
"2053","P Shafto","R Sojitra"
"2054","P Shafto","A Reyes"
"2055","P Shafto","S Yang"
"2056","I Votsis","I Votsis"
"2057","L Campanelli","D Wadhera"
"2058","K Marton","D Wadhera"
"2060","G CHAPMAN","D Wall"
"2061","P Hemmer","D Wall"
"2062","P Hemmer","G CHAPMAN"
"2064","S Stroustrup","M Wallentin"
"2065","S Stroustrup","R Rocca"
"2066","N Taatgen","J Wan"
"2067","H Fu","Y Wan"
"2068","M Tanenhaus","Y Wan"
"2069","M Tanenhaus","H Fu"
"2070","M Kunda","N Warford"
"2071","T Stewart","J Wertheim"
"2072","R Jackson","T Williams"
"2073","J Lockshin","T Williams"
"2074","J Lockshin","R Jackson"
"2075","J Phillips","A Williams"
"2076","C Wilson","C Wilson"
"2077","Y Chong","F Woon"
"2078","L Daniel","F Woon"
"2079","L Daniel","Y Chong"
"2080","B Broekman","F Woon"
"2081","B Broekman","Y Chong"
"2082","B Broekman","L Daniel"
"2083","S Cai","F Woon"
"2084","S Cai","Y Chong"
"2085","S Cai","L Daniel"
"2086","S Cai","B Broekman"
"2087","S Styles","F Woon"
"2088","S Styles","Y Chong"
"2089","S Styles","L Daniel"
"2090","S Styles","B Broekman"
"2091","S Styles","S Cai"
"2092","M WU","M WU"
"2094","R Saxe","Y Wu"
"2095","R Saxe","L Schulz"
"2096","A Knott","X Yan"
"2097","S Mills","X Yan"
"2098","S Mills","A Knott"
"2099","S Cook","A Yeo"
"2100","M Nathan","A Yeo"
"2101","M Nathan","S Cook"
"2102","V Popescu","A Yeo"
"2103","V Popescu","S Cook"
"2104","V Popescu","M Nathan"
"2105","M Alibali","A Yeo"
"2106","M Alibali","S Cook"
"2107","M Alibali","M Nathan"
"2108","M Alibali","V Popescu"
"2109","P Garrett","H Yim"
"2110","M Baker","H Yim"
"2111","M Baker","P Garrett"
"2112","S Dennis","H Yim"
"2113","S Dennis","P Garrett"
"2114","S Dennis","M Baker"
"2115","N Duran","J Yonehiro"
"2117","R Goldstone","J Yu"
"2118","D Landy","J Yu"
"2119","D Landy","R Goldstone"
"2123","W Monroe","A Yuan"
"2124","Y Bai","A Yuan"
"2125","Y Bai","W Monroe"
"2126","N Kushman","A Yuan"
"2127","N Kushman","W Monroe"
"2128","N Kushman","Y Bai"
"2129","M Meyers","D Yurovsky"
"2130","N Burke","D Yurovsky"
"2131","N Burke","M Meyers"
"2132","S Goldin-Meadow","D Yurovsky"
"2133","S Goldin-Meadow","M Meyers"
"2134","S Goldin-Meadow","N Burke"
"2135","C Potter","M Zettersten"
"2136","J Saffran","M Zettersten"
"2137","J Saffran","C Potter"
"2138","V Popov","Q Zhang"
"2139","G Koch","Q Zhang"
"2140","G Koch","V Popov"
"2141","R Calloway","Q Zhang"
"2142","R Calloway","V Popov"
"2143","R Calloway","G Koch"
"2144","M Coutanche","Q Zhang"
"2145","M Coutanche","V Popov"
"2146","M Coutanche","G Koch"
"2147","M Coutanche","R Calloway"
"2148","M Pinango","M Zhang"
"2149","A Deo","M Zhang"
"2150","A Deo","M Pinango"
"2151","I Pol","B Zhao"
"2152","M Raijmakers","B Zhao"
"2153","M Raijmakers","I Pol"
"2154","J Szymanik","B Zhao"
"2155","J Szymanik","I Pol"
"2156","J Szymanik","M Raijmakers"
"2163","G Kachergis","K Adams"
"2164","H Lucena","K Adams"
"2165","H Lucena","G Kachergis"
"2166","Y Nakagawa","S AMANO"
"2167","M Okamoto","S AMANO"
"2168","M Okamoto","Y Nakagawa"
"2169","C Andrews","R Leuenberger"
"2170","K Kovack-Lesh","R Leuenberger"
"2171","K Kovack-Lesh","C Andrews"
"2172","V Simmering","R Leuenberger"
"2173","V Simmering","C Andrews"
"2174","V Simmering","K Kovack-Lesh"
"2175","J Leeuw","J Andrews"
"2176","B Jee","F Anggoro"
"2177","J Austerweil","J Erens"
"2178","E Hopman","K Lange"
"2179","E Pettit","K Lange"
"2180","E Pettit","E Hopman"
"2181","A Rao","K Lange"
"2182","A Rao","E Hopman"
"2183","A Rao","E Pettit"
"2184","N Beckage","K Lange"
"2185","N Beckage","E Hopman"
"2186","N Beckage","E Pettit"
"2187","N Beckage","A Rao"
"2188","J Zemla","K Lange"
"2189","J Zemla","E Hopman"
"2190","J Zemla","E Pettit"
"2191","J Zemla","A Rao"
"2192","J Zemla","N Beckage"
"2193","J Austerweil","K Lange"
"2195","J Austerweil","E Pettit"
"2196","J Austerweil","A Rao"
"2198","J Austerweil","J Zemla"
"2199","S Grondin","L Azari"
"2200","d ball","d ball"
"2201","A Wong","K Barnes"
"2202","G Bradshaw","K Barnes"
"2203","G Bradshaw","A Wong"
"2204","J Moss","K Barnes"
"2205","J Moss","A Wong"
"2206","J Moss","G Bradshaw"
"2207","h barsham","h barsham"
"2208","D Yurovsky","C Bergey"
"2215","L Blaha","K Porterfield"
"2216","J Suter","K Porterfield"
"2217","J Suter","L Blaha"
"2218","J PH.D","K Porterfield"
"2219","J PH.D","L Blaha"
"2220","J PH.D","J Suter"
"2221","G Longoni","K Porterfield"
"2222","G Longoni","L Blaha"
"2223","G Longoni","J Suter"
"2224","G Longoni","J PH.D"
"2225","J Johns","K Porterfield"
"2226","J Johns","L Blaha"
"2227","J Johns","J Suter"
"2228","J Johns","J PH.D"
"2229","J Johns","G Longoni"
"2230","G Dib","K Porterfield"
"2231","G Dib","L Blaha"
"2232","G Dib","J Suter"
"2233","G Dib","J PH.D"
"2234","G Dib","G Longoni"
"2235","G Dib","J Johns"
"2236","K Duskin","K Porterfield"
"2237","K Duskin","L Blaha"
"2238","K Duskin","J Suter"
"2239","K Duskin","J PH.D"
"2240","K Duskin","G Longoni"
"2241","K Duskin","J Johns"
"2242","K Duskin","G Dib"
"2243","M D'Esposito","D Bliss"
"2244","K McGinn","J Booth"
"2245","L Young","J Booth"
"2246","L Young","K McGinn"
"2247","M Braginsky","M Braginsky"
"2249","A Baker","L Bustamante"
"2250","A Burton","L Bustamante"
"2251","A Burton","A Baker"
"2252","A Shenhav","L Bustamante"
"2253","A Shenhav","A Baker"
"2254","A Shenhav","A Burton"
"2255","C Hoeber","L Bustamante"
"2256","C Hoeber","A Baker"
"2257","C Hoeber","A Burton"
"2258","C Hoeber","A Shenhav"
"2259","N Daw","L Bustamante"
"2260","N Daw","A Baker"
"2261","N Daw","A Burton"
"2262","N Daw","A Shenhav"
"2263","N Daw","C Hoeber"
"2264","J Cohen","L Bustamante"
"2265","J Cohen","A Baker"
"2266","J Cohen","A Burton"
"2268","J Cohen","C Hoeber"
"2269","J Cohen","N Daw"
"2270","P Opazo","A Carstensen"
"2271","C Tsaousi","A Carstensen"
"2272","C Tsaousi","P Opazo"
"2273","A Majid","A Carstensen"
"2274","A Majid","P Opazo"
"2275","A Majid","C Tsaousi"
"2276","L Smith","P Carvalho"
"2277","B Kurdi","T Charlesworth"
"2278","M Banaji","T Charlesworth"
"2279","M Banaji","B Kurdi"
"2280","J Hu","C Chen"
"2281","J Chen","J Chen"
"2282","Z Chen","Z Chen"
"2283","Y Liao","R Cherng"
"2284","J Chen","R Cherng"
"2285","J Chen","Y Liao"
"2286","B Porter","J Childers"
"2287","H Lee","H Choi"
"2288","S Yoon","M Choi"
"2289","H Morrow","E Chrysikou"
"2290","J Hu","P Chuang"
"2291","P Todd","S Cohen"
"2292","K Gluck","M Collins"
"2293","J Ellis","E Colunga"
"2294","S Carpenter","D Corral"
"2295","S Clingan-Siverly","D Corral"
"2296","S Clingan-Siverly","S Carpenter"
"2297","M Borkenhagen","C Cox"
"2298","M Seidenberg","C Cox"
"2299","M Seidenberg","M Borkenhagen"
"2300","G Rehrig","R Cullimore"
"2301","J Henderson","R Cullimore"
"2302","J Henderson","G Rehrig"
"2303","F Ferreira","R Cullimore"
"2304","F Ferreira","G Rehrig"
"2305","F Ferreira","J Henderson"
"2306","G Dam","Z Catron"
"2307","B Surampudi","A Dasaka"
"2308","I Destefano","J Leeuw"
"2309","S Sohn","S Stefani"
"2310","J Feldman","S Stefani"
"2311","J Feldman","S Sohn"
"2312","M Kapadia","S Stefani"
"2313","M Kapadia","S Sohn"
"2314","M Kapadia","J Feldman"
"2315","P Pantelis","S Stefani"
"2316","P Pantelis","S Sohn"
"2317","P Pantelis","J Feldman"
"2318","P Pantelis","M Kapadia"
"2319","H Vlach","C DeBrock"
"2320","M Goldwater","S Dekel"
"2321","B Burns","S Dekel"
"2322","B Burns","M Goldwater"
"2323","A Batistatou","Y Delevoye-Turrell"
"2324","A Deplancke","Y Delevoye-Turrell"
"2325","A Deplancke","A Batistatou"
"2326","W Deng","Y Yao"
"2327","M Postma","M Silva"
"2328","H Lee","L Do"
"2329","M Alibali","A Donovan"
"2330","W Merrill","T Eisape"
"2331","J Hartshorne","T Eisape"
"2332","J Hartshorne","W Merrill"
"2333","S Dietz","T Eisape"
"2334","S Dietz","W Merrill"
"2335","S Dietz","J Hartshorne"
"2336","C Endemann","C Endemann"
"2337","N Engelmann","Y Hagmayer"
"2338","M Rees","M Faber"
"2339","S D'Mello","M Faber"
"2340","S D'Mello","M Rees"
"2341","M Spivey","J Falandays"
"2342","J Toscano","J Falandays"
"2343","J Toscano","M Spivey"
"2344","M Srinivasan","R Foushee"
"2345","T Rogers","V Frigo"
"2346","D Monster","R Fusaroli"
"2347","A Baronchelli","R Fusaroli"
"2348","A Baronchelli","D Monster"
"2349","K Tylen","R Fusaroli"
"2350","K Tylen","D Monster"
"2351","K Tylen","A Baronchelli"
"2352","I Ruginski","D Gill"
"2353","B Thomas","D Gill"
"2354","B Thomas","I Ruginski"
"2355","J Houpt","J Glavan"
"2356","K Norman","K Tachihara"
"2357","N Turk-Browne","K Tachihara"
"2358","N Turk-Browne","K Norman"
"2359","A Goldberg","K Tachihara"
"2360","A Goldberg","K Norman"
"2361","A Goldberg","N Turk-Browne"
"2362","S Choi","F Goller"
"2363","U Ansorge","F Goller"
"2364","U Ansorge","S Choi"
"2365","S D'Mello","J Gregg"
"2366","E Sander","H Gros"
"2367","J Thibaut","H Gros"
"2368","J Thibaut","E Sander"
"2369","H Lee","H Ha"
"2370","C Hilverman","A Bushinski"
"2371","K Halvorson","A Bushinski"
"2372","K Halvorson","C Hilverman"
"2373","B Rickles","L Harris"
"2374","L Lopez","L Harris"
"2375","L Lopez","B Rickles"
"2376","C Perfetti","L Harris"
"2377","C Perfetti","B Rickles"
"2378","C Perfetti","L Lopez"
"2379","M Goldwater","C Hilton"
"2380","M Jacobson","C Hilton"
"2381","M Jacobson","M Goldwater"
"2382","M Duff","C Hilverman"
"2383","S Cook","C Hilverman"
"2384","S Cook","M Duff"
"2385","J Tenenbaum","M Hofer"
"2386","R Levy","M Hofer"
"2388","A Kopel","S Husney"
"2389","K Holmes","S Husney"
"2390","K Holmes","A Kopel"
"2391","N Ravitch","R Welch"
"2392","K Holmes","R Welch"
"2393","K Holmes","N Ravitch"
"2394","K Holmes","R Rabinovitch"
"2395","A Kirvin-Quamme","I Carey"
"2396","N Newcombe","I Carey"
"2397","N Newcombe","A Kirvin-Quamme"
"2398","K Holmes","I Carey"
"2399","K Holmes","A Kirvin-Quamme"
"2400","K Holmes","N Newcombe"
"2401","Z Horne","S Roberts"
"2402","S Khemlani","S Roberts"
"2404","J Hu","N Hsiao"
"2406","S Peng","J Hu"
"2407","P Huang","J Hu"
"2408","P Huang","S Peng"
"2412","C Liu","P Huang"
"2413","C Liu","S Peng"
"2414","C Liu","J Hu"
"2415","A Hund","A Hund"
"2416","K Scott","B Immel"
"2417","P Devine","B Immel"
"2418","P Devine","K Scott"
"2419","K Shutts","B Immel"
"2420","K Shutts","K Scott"
"2421","K Shutts","P Devine"
"2422","R Foushee","R Jansen"
"2424","T Griffiths","R Foushee"
"2425","B Matlen","B Jee"
"2426","N Simms","B Jee"
"2428","D Gentner","B Jee"
"2431","P Tupper","G Jenkins"
"2432","T Rogers","C Jensen"
"2433","V Simmering","C Jensen"
"2434","V Simmering","T Rogers"
"2435","A Scott","A Jern"
"2436","N Blank","A Jern"
"2437","N Blank","A Scott"
"2438","C Kemp","A Jern"
"2439","C Kemp","A Scott"
"2440","C Kemp","N Blank"
"2441","G Norville","L Jones"
"2442","S Daniel","J Bai"
"2443","J Jordan","J Bai"
"2444","J Jordan","S Daniel"
"2445","D Schloesser","J Jordan"
"2446","J Mason","J Jordan"
"2447","J Mason","D Schloesser"
"2449","A Dayer","J Jordan"
"2450","A Dayer","J Mason"
"2451","G Kachergis","A Rothe"
"2452","M Raijmakers","A Rothe"
"2453","M Raijmakers","G Kachergis"
"2454","P Kalra","P Kalra"
"2455","E Lazaroff","M Kaul"
"2456","H Vlach","M Kaul"
"2457","H Vlach","E Lazaroff"
"2458","J Thompson","W Kennedy"
"2459","S Eason","K Kerr"
"2460","M Hurst","K Kerr"
"2461","M Hurst","S Eason"
"2462","A Dulaney-Foley","K Kerr"
"2463","A Dulaney-Foley","S Eason"
"2464","A Dulaney-Foley","M Hurst"
"2465","A Claessens","K Kerr"
"2466","A Claessens","S Eason"
"2467","A Claessens","M Hurst"
"2468","A Claessens","A Dulaney-Foley"
"2469","S Levine","K Kerr"
"2470","S Levine","S Eason"
"2471","S Levine","M Hurst"
"2472","S Levine","A Dulaney-Foley"
"2473","S Levine","A Claessens"
"2474","M Yamakawa","M Akao"
"2475","S Kiyokawa","M Akao"
"2476","S Kiyokawa","M Yamakawa"
"2477","N Atagi","N Kline"
"2478","M Bushmakin","N Kline"
"2479","M Bushmakin","N Atagi"
"2480","C Sandhofer","N Kline"
"2481","C Sandhofer","N Atagi"
"2482","C Sandhofer","M Bushmakin"
"2483","U Krishnamurthy","U Krishnamurthy"
"2484","F Goller","A Kroiss"
"2485","U Ansorge","A Kroiss"
"2487","S Choi","A Kroiss"
"2490","S Waxman","A LaTourrette"
"2492","N Bramley","Z Li"
"2493","T Gureckis","Z Li"
"2495","B Tidswell","N Livingston"
"2496","M Willcoxon","N Livingston"
"2497","M Willcoxon","B Tidswell"
"2498","T Law","N Livingston"
"2499","T Law","B Tidswell"
"2500","T Law","M Willcoxon"
"2501","G Dell'Accio","N Livingston"
"2502","G Dell'Accio","B Tidswell"
"2503","G Dell'Accio","M Willcoxon"
"2504","G Dell'Accio","T Law"
"2505","M Little","N Livingston"
"2506","M Little","B Tidswell"
"2507","M Little","M Willcoxon"
"2508","M Little","T Law"
"2509","M Little","G Dell'Accio"
"2510","J Long","N Livingston"
"2511","J Long","B Tidswell"
"2512","J Long","M Willcoxon"
"2513","J Long","T Law"
"2514","J Long","G Dell'Accio"
"2515","J Long","M Little"
"2516","J Bongard","N Livingston"
"2517","J Bongard","B Tidswell"
"2518","J Bongard","M Willcoxon"
"2519","J Bongard","T Law"
"2520","J Bongard","G Dell'Accio"
"2521","J Bongard","M Little"
"2522","J Bongard","J Long"
"2523","K Livingston","N Livingston"
"2524","K Livingston","B Tidswell"
"2525","K Livingston","M Willcoxon"
"2526","K Livingston","T Law"
"2527","K Livingston","G Dell'Accio"
"2528","K Livingston","M Little"
"2529","K Livingston","J Long"
"2530","K Livingston","J Bongard"
"2531","N Burke","J Lu"
"2532","S Goldin-Meadow","J Lu"
"2534","A Woodward","J Lu"
"2535","A Woodward","N Burke"
"2537","P Ramadge","Q Lu"
"2538","K Norman","Q Lu"
"2539","K Norman","P Ramadge"
"2540","U Hasson","Q Lu"
"2541","U Hasson","P Ramadge"
"2542","U Hasson","K Norman"
"2543","D Sobel","E Luchkina"
"2544","J Morgan","E Luchkina"
"2545","J Morgan","D Sobel"
"2546","C Sandhofer","M Luna"
"2547","Y Majima","Y Majima"
"2548","K Chiew","D Malhotra"
"2549","M Vu","D Malhotra"
"2550","M Vu","K Chiew"
"2551","N Heller","D Malhotra"
"2552","N Heller","K Chiew"
"2553","N Heller","M Vu"
"2554","G Sapiro","D Malhotra"
"2555","G Sapiro","K Chiew"
"2556","G Sapiro","M Vu"
"2557","G Sapiro","N Heller"
"2558","A Adcock","D Malhotra"
"2559","A Adcock","K Chiew"
"2560","A Adcock","M Vu"
"2561","A Adcock","N Heller"
"2562","A Adcock","G Sapiro"
"2563","E Marchand","E Marchand"
"2564","S Cohen","T Marghetis"
"2565","P Todd","T Marghetis"
"2567","R Goldstone","T Marghetis"
"2568","R Goldstone","S Cohen"
"2569","R Goldstone","P Todd"
"2571","D Landy","S Cohen"
"2572","D Landy","P Todd"
"2574","A Jones","D Markant"
"2575","T Pachur","D Markant"
"2576","T Pachur","A Jones"
"2577","A Gopnik","D Markant"
"2578","A Gopnik","A Jones"
"2579","A Gopnik","T Pachur"
"2580","A Ruggeri","D Markant"
"2582","A Ruggeri","T Pachur"
"2584","L Ying","M Masitah"
"2585","T Hills","M Masitah"
"2586","T Hills","L Ying"
"2587","T Roembke","B McMurray"
"2588","E Hazeltine","B McMurray"
"2589","E Hazeltine","T Roembke"
"2593","M Hernik","H Miton"
"2594","D Sperber","H Miton"
"2595","D Sperber","M Hernik"
"2596","C Chen","C Monroy"
"2597","I Castellanos","C Monroy"
"2598","I Castellanos","C Chen"
"2599","D Houston","C Monroy"
"2600","D Houston","C Chen"
"2601","D Houston","I Castellanos"
"2602","D Yurovsky","B Morris"
"2606","K Nakamura","K Nakamura"
"2607","L Yan","W Nan"
"2608","J Huang","W Nan"
"2609","J Huang","L Yan"
"2610","Y Fan","W Nan"
"2611","Y Fan","L Yan"
"2612","Y Fan","J Huang"
"2613","H Lu","W Nan"
"2614","H Lu","L Yan"
"2615","H Lu","J Huang"
"2616","H Lu","Y Fan"
"2617","S Fu","W Nan"
"2618","S Fu","L Yan"
"2619","S Fu","J Huang"
"2620","S Fu","Y Fan"
"2621","S Fu","H Lu"
"2622","A Jaeger","A Nazareth"
"2623","N Newcombe","A Nazareth"
"2624","N Newcombe","A Jaeger"
"2625","K Wiemer","J Neal"
"2626","S Beach","C Niziolek"
"2627","S Kiran","C Niziolek"
"2628","S Kiran","S Beach"
"2629","H Vlach","N Noll"
"2630","C Kalish","N Noll"
"2631","C Kalish","H Vlach"
"2633","T Pleskac","A Tump"
"2634","R Kurvers","A Tump"
"2635","R Kurvers","T Pleskac"
"2636","Y Tanida","S Taniguchi"
"2637","M Okamoto","S Taniguchi"
"2638","M Okamoto","Y Tanida"
"2640","P Sidney","J Opfer"
"2641","P Sidney","D Kim"
"2642","C Fitzsimmons","J Opfer"
"2643","C Fitzsimmons","D Kim"
"2644","C Fitzsimmons","P Sidney"
"2645","C Thompson","J Opfer"
"2646","C Thompson","D Kim"
"2647","C Thompson","P Sidney"
"2648","C Thompson","C Fitzsimmons"
"2649","M Hattori","R Orita"
"2650","M Ellefson","T Paes"
"2651","K Varma","J Park"
"2652","S Varma","J Park"
"2653","S Varma","K Varma"
"2654","E Schulz","P Parpart"
"2655","A Kuo","P Patel"
"2656","K Wenzel","P Patel"
"2657","K Wenzel","A Kuo"
"2658","L Brown","A Paxton"
"2659","B Winter","A Paxton"
"2660","B Winter","L Brown"
"2661","N Goodman","B Peloquin"
"2662","M Frank","B Peloquin"
"2663","M Frank","N Goodman"
"2664","R Waring","M Penner-Wilger"
"2665","N Collins","M Penner-Wilger"
"2666","N Collins","R Waring"
"2667","P Perniss","M Murgiano"
"2668","Y Motamedi","M Murgiano"
"2669","Y Motamedi","P Perniss"
"2670","G Vigliocco","M Murgiano"
"2671","G Vigliocco","P Perniss"
"2672","G Vigliocco","Y Motamedi"
"2673","A Wood","R Plate"
"2674","S Pollak","R Plate"
"2675","S Pollak","A Wood"
"2676","F Poletiek","F Poletiek"
"2677","D Plaut","R Powers"
"2678","C Sandhofer","G Price"
"2679","S Ohlsson","J Ramsburg"
"2680","Z Horne","M Reinecke"
"2681","S Revithis","S Revithis"
"2684","E Sagi","E Sagi"
"2685","A Samsonovich","A Samsonovich"
"2686","A Sanders","A Sanders"
"2687","E Kapnoula","M Sarrett"
"2688","B McMurray","M Sarrett"
"2689","B McMurray","E Kapnoula"
"2690","M Saylor","N Tippenhauer"
"2691","S Jimenez","Y Sun"
"2692","N Tippenhauer","Y Sun"
"2693","N Tippenhauer","S Jimenez"
"2694","M Saylor","Y Sun"
"2695","M Saylor","S Jimenez"
"2697","M Anderson","J Scheuerman"
"2698","K Venable","J Scheuerman"
"2699","K Venable","M Anderson"
"2700","E Golob","J Scheuerman"
"2701","E Golob","M Anderson"
"2702","E Golob","K Venable"
"2703","C Sandhofer","C Schonberg"
"2704","S Johnson","C Schonberg"
"2705","S Johnson","C Sandhofer"
"2706","S Goldin-Meadow","M Schouwstra"
"2707","M Flaherty","M Schouwstra"
"2708","M Flaherty","S Goldin-Meadow"
"2709","M MacDonald","S Schwering"
"2710","T Wasow","S Schwering"
"2711","T Wasow","M MacDonald"
"2712","T Ito","K Sekine"
"2713","D Gentner","R Shao"
"2714","T Wang","A Shoaib"
"2715","J Lany","A Shoaib"
"2716","J Lany","T Wang"
"2717","L Ou","M Arieli-Attali"
"2718","V Simmering","M Arieli-Attali"
"2721","Q Wang","D Casasanto"
"2722","Q Wang","A Singh"
"2723","B McMurray","F Smith"
"2725","T Ullman","F Sosa"
"2726","S Gershman","F Sosa"
"2727","S Gershman","T Ullman"
"2728","J Tenenbaum","F Sosa"
"2729","J Tenenbaum","T Ullman"
"2731","T Gerstenberg","F Sosa"
"2732","T Gerstenberg","T Ullman"
"2733","T Gerstenberg","S Gershman"
"2735","S Ohlsson","E Winter"
"2736","M Spivey","S Spevack"
"2737","S Spevack","C Spivey"
"2738","G Wattonville","C Spivey"
"2739","G Wattonville","S Spevack"
"2740","F Xu","R Foushee"
"2742","M Srinivasan","F Xu"
"2743","S Chandra","P Srivastava"
"2744","J Alba","E Stein"
"2745","A Markman","E Stein"
"2746","A Markman","J Alba"
"2747","S Verran","C Sumner"
"2748","S Mueller","C Sumner"
"2749","S Mueller","S Verran"
"2750","L Swanson","L Swanson"
"2751","K Miwa","H Terai"
"2752","M Nakamura","H Terai"
"2753","M Nakamura","K Miwa"
"2754","R Reeve","K Trezise"
"2755","J Philipsen","K Tylen"
"2756","S Ostergaard","K Tylen"
"2757","S Ostergaard","J Philipsen"
"2758","J Raczaszek-Leonardi","K Tylen"
"2759","J Raczaszek-Leonardi","J Philipsen"
"2760","J Raczaszek-Leonardi","S Ostergaard"
"2761","F Stjernfelt","K Tylen"
"2762","F Stjernfelt","J Philipsen"
"2763","F Stjernfelt","S Ostergaard"
"2764","F Stjernfelt","J Raczaszek-Leonardi"
"2766","R Fusaroli","J Philipsen"
"2767","R Fusaroli","S Ostergaard"
"2768","R Fusaroli","J Raczaszek-Leonardi"
"2769","R Fusaroli","F Stjernfelt"
"2772","J Valle-Lisboa","J Valle-Lisboa"
"2773","K VanLehn","K VanLehn"
"2774","C Holmes","M Velazquez"
"2775","N Newcombe","M Velazquez"
"2776","N Newcombe","C Holmes"
"2777","F Wang","R Budnick"
"2778","M Borkenhagen","T Wang"
"2779","M Seidenberg","T Wang"
"2781","K Tona","C Warren"
"2782","L Ouwerkerk","C Warren"
"2783","L Ouwerkerk","K Tona"
"2784","J Bosch","C Warren"
"2785","J Bosch","K Tona"
"2786","J Bosch","L Ouwerkerk"
"2787","S Nieuwenhuis","C Warren"
"2788","S Nieuwenhuis","K Tona"
"2789","S Nieuwenhuis","L Ouwerkerk"
"2790","S Nieuwenhuis","J Bosch"
"2791","K Kurtz","M Wetzel"
"2799","J Nelson","C Wu"
"2800","J Nelson","B Meder"
"2802","R Liu","Y Wu"
"2803","R Liu","L Holt"
"2804","S Lim","Y Wu"
"2805","S Lim","L Holt"
"2806","S Lim","R Liu"
"2807","A Xia","A Xia"
"2809","A Leontyev","T Yamauchi"
"2811","J Opfer","S Yu"
"2812","M Yuasa","M Yuasa"
"2813","B Velichkovsky","V Zabotkina"
"2814","E POZDNYAKOVA","V Zabotkina"
"2815","E POZDNYAKOVA","B Velichkovsky"
"2816","D Orlov","V Zabotkina"
"2817","D Orlov","B Velichkovsky"
"2818","D Orlov","E POZDNYAKOVA"
"2819","A Kotov","V Zabotkina"
"2820","A Kotov","B Velichkovsky"
"2821","A Kotov","E POZDNYAKOVA"
"2822","A Kotov","D Orlov"
"2823","C Yu","Y Zhang"
