"","from","to"
"1","D Hu","C Iricinschi"
"2","M Oullet","N Spatola"
"3","J Santiago","N Spatola"
"4","J Santiago","M Oullet"
"5","B Beffara","N Spatola"
"6","B Beffara","M Oullet"
"7","B Beffara","J Santiago"
"8","M Mermillod","N Spatola"
"9","M Mermillod","M Oullet"
"10","M Mermillod","J Santiago"
"11","M Mermillod","B Beffara"
"12","C Yang","T Chang"
"13","S Cabrera","D Baker"
"14","J Joy","D Baker"
"15","J Joy","S Cabrera"
"16","S Revithis","S Revithis"
"17","L Magnani","L Magnani"
"18","D Gentner","B Matlen"
"19","S Franconeri","B Matlen"
"20","S Franconeri","D Gentner"
"21","C Wang","M Wei"
"22","Y Chen","M Wei"
"23","Y Chen","C Wang"
"24","Y Chang","M Wei"
"25","Y Chang","C Wang"
"26","Y Chang","Y Chen"
"27","H Chen","M Wei"
"28","H Chen","C Wang"
"29","H Chen","Y Chen"
"30","H Chen","Y Chang"
"31","J Hu","M Wei"
"32","J Hu","C Wang"
"33","J Hu","Y Chen"
"34","J Hu","Y Chang"
"35","J Hu","H Chen"
"36","B Goldstein","S Meylan"
"37","A Rafferty","S Meylan"
"38","A Rafferty","B Goldstein"
"39","T Griffiths","S Meylan"
"40","T Griffiths","B Goldstein"
"41","T Griffiths","A Rafferty"
"42","P Huang","P Huang"
"43","A Samsonovich","A Samsonovich"
"44","S Miwa","S Miwa"
"45","B Johns","M Dye"
"46","S Chandramouli","M Dye"
"47","S Chandramouli","B Johns"
"48","M Ramscar","M Dye"
"49","M Ramscar","B Johns"
"50","M Ramscar","S Chandramouli"
"51","M Kmiecik","R Morrison"
"52","J Irwin","R Morrison"
"53","J Irwin","M Kmiecik"
"54","N Unsworth","R Morrison"
"55","N Unsworth","M Kmiecik"
"56","N Unsworth","J Irwin"
"57","L Jones","R Morrison"
"58","L Jones","M Kmiecik"
"59","L Jones","J Irwin"
"60","L Jones","N Unsworth"
"61","E Morin-Lessard","K Byers-Heinlein"
"62","B Jee","F Anggoro"
"63","L Yang","L Yang"
"64","D Navarro","S Tauber"
"65","A Prefors","S Tauber"
"66","A Prefors","D Navarro"
"67","M Lee","S Tauber"
"68","M Lee","D Navarro"
"69","M Lee","A Prefors"
"70","V Sloutsky","A O'Leary"
"71","Y Lee","R Tsai"
"72","T Kusumi","M Sugimoto"
"73","T Kurita","M Sugimoto"
"74","T Kurita","T Kusumi"
"75","A Ishikawa","M Sugimoto"
"76","A Ishikawa","T Kusumi"
"77","A Ishikawa","T Kurita"
"78","T Sakaguchi","M Sugimoto"
"79","T Sakaguchi","T Kusumi"
"80","T Sakaguchi","T Kurita"
"81","T Sakaguchi","A Ishikawa"
"82","M Nabetani","M Sugimoto"
"83","M Nabetani","T Kusumi"
"84","M Nabetani","T Kurita"
"85","M Nabetani","A Ishikawa"
"86","M Nabetani","T Sakaguchi"
"87","H Takashi","M Sugimoto"
"88","H Takashi","T Kusumi"
"89","H Takashi","T Kurita"
"90","H Takashi","A Ishikawa"
"91","H Takashi","T Sakaguchi"
"92","H Takashi","M Nabetani"
"93","M Nishida","M Sugimoto"
"94","M Nishida","T Kusumi"
"95","M Nishida","T Kurita"
"96","M Nishida","A Ishikawa"
"97","M Nishida","T Sakaguchi"
"98","M Nishida","M Nabetani"
"99","M Nishida","H Takashi"
"100","A Eidels","G Tillman"
"101","M Finkbeiner","G Tillman"
"102","M Finkbeiner","A Eidels"
"103","K Gehring","P Thibodeau"
"104","E Tesny","P Thibodeau"
"105","E Tesny","K Gehring"
"106","S Flusberg","P Thibodeau"
"107","S Flusberg","K Gehring"
"108","S Flusberg","E Tesny"
"109","C Fausey","P Thibodeau"
"110","C Fausey","K Gehring"
"111","C Fausey","E Tesny"
"112","C Fausey","S Flusberg"
"113","L Boroditsky","P Thibodeau"
"114","L Boroditsky","K Gehring"
"115","L Boroditsky","E Tesny"
"116","L Boroditsky","S Flusberg"
"117","L Boroditsky","C Fausey"
"118","P Coppin","P Coppin"
"119","D Worthy","K Byrne"
"120","D Kelly","D Kelly"
"121","R Anderson","R Anderson"
"122","J Davenport","A Rafferty"
"123","D Yaron","A Rafferty"
"124","D Yaron","J Davenport"
"125","J Skowronek","S Blessing"
"126","S Lourenco","J Drucker"
"127","C Zimmerman","S Croker"
"128","B Morris","S Croker"
"129","B Morris","C Zimmerman"
"130","M Anderson","M Penner-Wilger"
"131","E Arnau","A Ballus"
"132","O Nieto","A Ballus"
"133","O Nieto","E Arnau"
"134","F Font","A Ballus"
"135","F Font","E Arnau"
"136","F Font","O Nieto"
"137","A Torrents","A Ballus"
"138","A Torrents","E Arnau"
"139","A Torrents","O Nieto"
"140","A Torrents","F Font"
"141","S Denison","M Khourochvili"
"142","T Regier","K Holmes"
"143","S Hung","J Lavalle"
"144","G Trafton","L Hiatt"
"145","K Tobia","K Tobia"
"146","C Vales","V Benitez"
"147","L Smith","V Benitez"
"148","L Smith","C Vales"
"149","E Stickles","E Stickles"
"150","S Huette","J Luno"
"151","T Pleskac","P Kvam"
"152","C Cheng","Y Chen"
"154","H Chen","C Cheng"
"155","C Huang","Y Chen"
"156","C Huang","C Cheng"
"157","C Huang","H Chen"
"158","S Peng","Y Chen"
"159","S Peng","C Cheng"
"160","S Peng","H Chen"
"161","S Peng","C Huang"
"162","P HUang","Y Chen"
"163","P HUang","C Cheng"
"164","P HUang","H Chen"
"165","P HUang","C Huang"
"166","P HUang","S Peng"
"168","J Hu","C Cheng"
"170","J Hu","C Huang"
"171","J Hu","S Peng"
"172","J Hu","P HUang"
"174","Y Chang-Chien","M Wei"
"175","Y Chang-Chien","C Wang"
"176","I Chen","M Wei"
"177","I Chen","C Wang"
"178","I Chen","Y Chang-Chien"
"179","L Yang","M Wei"
"180","L Yang","C Wang"
"181","L Yang","Y Chang-Chien"
"182","L Yang","I Chen"
"185","J Hu","Y Chang-Chien"
"186","J Hu","I Chen"
"187","J Hu","L Yang"
"188","R Onoda","R Onoda"
"189","H Ekhtiari","L Pishkenari"
"190","J Hatami","L Pishkenari"
"191","J Hatami","H Ekhtiari"
"192","T Bertolotti","L Magnani"
"193","S DiPaola","U Bernardet"
"194","A Kukona","Y Kamide"
"195","C Eliasmith","D Pintosis"
"206","T Wareham","Z Sajedinia"
"207","M Holgersson","M Holgersson"
"208","C Was","I AL-Harthy"
"209","G Jarosz","K Hitczenko"
"210","D Markant","P Chan"
"211","B Lake","P Chan"
"212","B Lake","D Markant"
"213","T Gureckis","P Chan"
"214","T Gureckis","D Markant"
"215","T Gureckis","B Lake"
"216","C Kirov","C Kirov"
"217","L Blaha","L Blaha"
"218","J Rahona","S Fernandez"
"219","M Lachmair","S Fernandez"
"220","M Lachmair","J Rahona"
"221","P Gerjets","S Fernandez"
"222","P Gerjets","J Rahona"
"223","P Gerjets","M Lachmair"
"224","J Shepard","H Naftalovich"
"225","P Wolff","H Naftalovich"
"226","P Wolff","J Shepard"
"227","R Brotman","K Cho"
"228","L Feldman","K Cho"
"229","L Feldman","R Brotman"
"230","J Lupiáñez","M Rodriguez-Bailon"
"231","E Rodenas-Garcia","M Rodriguez-Bailon"
"232","E Rodenas-Garcia","J Lupiáñez"
"233","T Moran","M Rodriguez-Bailon"
"234","T Moran","J Lupiáñez"
"235","T Moran","E Rodenas-Garcia"
"236","M Triviño","M Rodriguez-Bailon"
"237","M Triviño","J Lupiáñez"
"238","M Triviño","E Rodenas-Garcia"
"239","M Triviño","T Moran"
"240","M Molina","M Rodriguez-Bailon"
"241","M Molina","J Lupiáñez"
"242","M Molina","E Rodenas-Garcia"
"243","M Molina","T Moran"
"244","M Molina","M Triviño"
"245","J Rieskamp","J Hotaling"
"246","S Gluth","J Hotaling"
"247","S Gluth","J Rieskamp"
"248","J Millán","M Vargas"
"249","J Tolins","K Liu"
"250","J Tree","K Liu"
"251","J Tree","J Tolins"
"252","M Walker","K Liu"
"253","M Walker","J Tolins"
"254","M Walker","J Tree"
"255","M Neff","K Liu"
"256","M Neff","J Tolins"
"257","M Neff","J Tree"
"258","M Neff","M Walker"
"259","T Wareham","A Wijnia"
"260","I Rooij","A Wijnia"
"261","I Rooij","T Wareham"
"262","P Pavlik","S Medimorec"
"263","A Olney","S Medimorec"
"264","A Olney","P Pavlik"
"265","A Graesser","S Medimorec"
"266","A Graesser","P Pavlik"
"267","A Graesser","A Olney"
"268","E Risko","S Medimorec"
"269","E Risko","P Pavlik"
"270","E Risko","A Olney"
"271","E Risko","A Graesser"
"272","M Kmiecik","R Brisson"
"273","R Morrison","R Brisson"
"275","Y Chan","Y Chan"
"276","S Vosniadou","D Lepenioti"
"277","U Hong","Y Nam"
"278","H Yun","Y Nam"
"279","H Yun","U Hong"
"280","D Holt","J Hilse"
"281","A Fischer","J Hilse"
"282","A Fischer","D Holt"
"283","J Funke","J Hilse"
"284","J Funke","D Holt"
"285","J Funke","A Fischer"
"286","C Puranik","M Patchan"
"287","C Talbot","M Patchan"
"288","C Talbot","C Puranik"
"289","S Digon","M Patchan"
"290","S Digon","C Puranik"
"291","S Digon","C Talbot"
"292","A Saxe","R Lee"
"293","T Shipley","K Atit"
"294","B Kim","S Lee"
"295","W Walters","L Hahn"
"296","T Blaetz","L Hahn"
"297","T Blaetz","W Walters"
"298","M Kitajima","M Kitajima"
"299","E Chiu","J Szary"
"300","R Balasubramaniam","J Szary"
"301","R Balasubramaniam","E Chiu"
"302","M Bauer","I Katz"
"303","G Cayton-Hodges","I Katz"
"304","G Cayton-Hodges","M Bauer"
"305","G Feng","I Katz"
"306","G Feng","M Bauer"
"307","G Feng","G Cayton-Hodges"
"308","T Jackson","I Katz"
"309","T Jackson","M Bauer"
"310","T Jackson","G Cayton-Hodges"
"311","T Jackson","G Feng"
"312","M Keehner","I Katz"
"313","M Keehner","M Bauer"
"314","M Keehner","G Cayton-Hodges"
"315","M Keehner","G Feng"
"316","M Keehner","T Jackson"
"317","J Zapata-Rivera","I Katz"
"318","J Zapata-Rivera","M Bauer"
"319","J Zapata-Rivera","G Cayton-Hodges"
"320","J Zapata-Rivera","G Feng"
"321","J Zapata-Rivera","T Jackson"
"322","J Zapata-Rivera","M Keehner"
"323","A Skatova","R Otto"
"324","S Madlon-Kay","R Otto"
"325","S Madlon-Kay","A Skatova"
"326","N Daw","R Otto"
"327","N Daw","A Skatova"
"328","N Daw","S Madlon-Kay"
"329","L Gabora","N Carbert"
"330","J Schwatz","N Carbert"
"331","J Schwatz","L Gabora"
"332","P Brum","P Brum"
"333","C Wang","Y Chung"
"334","H Chen","Y Chung"
"336","J Hu","Y Chung"
"339","D Gentner","A Jamrozik"
"340","T Matlock","J Matthews"
"341","E Harada","K Miyashiro"
"352","J Ray","D Noelle"
"353","S Pado","A Zarcone"
"354","A Lenci","A Zarcone"
"355","A Lenci","S Pado"
"356","A Walker","B Belland"
"357","N Kim","B Belland"
"358","N Kim","A Walker"
"359","M Lifler","B Belland"
"360","M Lifler","A Walker"
"361","M Lifler","N Kim"
"362","J Lindstedt","L Gittelson"
"363","C Sibert","L Gittelson"
"364","C Sibert","J Lindstedt"
"365","W Gray","L Gittelson"
"366","W Gray","J Lindstedt"
"367","W Gray","C Sibert"
"368","C Zepeda","A Ferrera"
"369","T Nokes-Malach","A Ferrera"
"370","T Nokes-Malach","C Zepeda"
"371","J Hu","S Chen"
"372","W Xu","S Chen"
"373","W Xu","J Hu"
"374","Y Chen","S Chen"
"376","Y Chen","W Xu"
"377","Y HUang","S Chen"
"378","Y HUang","J Hu"
"379","Y HUang","W Xu"
"380","Y HUang","Y Chen"
"381","M Speekenbrink","M Speekenbrink"
"382","B Kuzmanovic","A Georgescu"
"383","L Schilbach","A Georgescu"
"384","L Schilbach","B Kuzmanovic"
"385","R Kulbida","A Georgescu"
"386","R Kulbida","B Kuzmanovic"
"387","R Kulbida","L Schilbach"
"388","R Tepest","A Georgescu"
"389","R Tepest","B Kuzmanovic"
"390","R Tepest","L Schilbach"
"391","R Tepest","R Kulbida"
"392","G Bente","A Georgescu"
"393","G Bente","B Kuzmanovic"
"394","G Bente","L Schilbach"
"395","G Bente","R Kulbida"
"396","G Bente","R Tepest"
"397","K Vogeley","A Georgescu"
"398","K Vogeley","B Kuzmanovic"
"399","K Vogeley","L Schilbach"
"400","K Vogeley","R Kulbida"
"401","K Vogeley","R Tepest"
"402","K Vogeley","G Bente"
"403","M Waldmann","R Mayrhofer"
"404","T Ferretti","J Hong"
"405","D Hall","J Hong"
"406","D Hall","T Ferretti"
"407","E Richey","A Wallace"
"408","T Nokes-Malach","A Wallace"
"409","T Nokes-Malach","E Richey"
"410","G Wayne","K Barry"
"411","M Schoelles","K Barry"
"412","M Schoelles","G Wayne"
"413","C Humeny","C Humeny"
"414","S Kiyokawa","K Sugino"
"415","J Jordan","D Gill"
"416","S Bridgers","A Wente"
"417","A Gopnik","A Wente"
"418","A Gopnik","S Bridgers"
"419","Z Xin","A Wente"
"420","Z Xin","S Bridgers"
"421","Z Xin","A Gopnik"
"422","Z Liqi","A Wente"
"423","Z Liqi","S Bridgers"
"424","Z Liqi","A Gopnik"
"425","Z Liqi","Z Xin"
"426","E Seiver","A Wente"
"427","E Seiver","S Bridgers"
"428","E Seiver","A Gopnik"
"429","E Seiver","Z Xin"
"430","E Seiver","Z Liqi"
"431","D Peshek","N Sammaknejad"
"432","D Hoffman","N Sammaknejad"
"433","D Hoffman","D Peshek"
"434","T Shibata","G Ito"
"435","Y Takano","G Ito"
"436","Y Takano","T Shibata"
"437","Y Tsai","Y Hsiao"
"438","Y Huang","Y Hsiao"
"439","Y Huang","Y Tsai"
"440","J Hu","Y Hsiao"
"441","J Hu","Y Tsai"
"442","J Hu","Y Huang"
"443","J Williams","L Vinals-Castonguay"
"447","S Lu","Y Hsiao"
"448","S Lu","Y Tsai"
"449","S Lu","Y Huang"
"450","C Chuang","Y Hsiao"
"451","C Chuang","Y Tsai"
"452","C Chuang","Y Huang"
"453","C Chuang","S Lu"
"454","Y Liang","Y Hsiao"
"455","Y Liang","Y Tsai"
"456","Y Liang","Y Huang"
"457","Y Liang","S Lu"
"458","Y Liang","C Chuang"
"459","Y Chan","Y Hsiao"
"460","Y Chan","Y Tsai"
"461","Y Chan","Y Huang"
"462","Y Chan","S Lu"
"463","Y Chan","C Chuang"
"464","Y Chan","Y Liang"
"465","H Chen","Y Hsiao"
"466","H Chen","Y Tsai"
"467","H Chen","Y Huang"
"468","H Chen","S Lu"
"469","H Chen","C Chuang"
"470","H Chen","Y Liang"
"471","H Chen","Y Chan"
"475","J Hu","S Lu"
"476","J Hu","C Chuang"
"477","J Hu","Y Liang"
"478","J Hu","Y Chan"
"480","T Zamuner","E Morin-Lessard"
"481","S Strahm","E Morin-Lessard"
"482","S Strahm","T Zamuner"
"483","M Page","E Morin-Lessard"
"484","M Page","T Zamuner"
"485","M Page","S Strahm"
"486","C Xing","J Corter"
"487","M Dye","C Long"
"488","M Ramscar","C Long"
"490","A Broder","S Malejka"
"491","C Cusimano","J Korman"
"492","J Smith","J Korman"
"493","J Smith","C Cusimano"
"494","A Monroe","J Korman"
"495","A Monroe","C Cusimano"
"496","A Monroe","J Smith"
"497","B Malle","J Korman"
"498","B Malle","C Cusimano"
"499","B Malle","J Smith"
"500","B Malle","A Monroe"
"501","M Spivey","S Spevack"
"502","S Huette","S Spevack"
"503","S Huette","M Spivey"
"504","G Trafton","F Tamborello"
"505","R West","D Leibovitz"
"506","M Belanger","D Leibovitz"
"507","M Belanger","R West"
"508","A Saxe","A Saxe"
"509","J Tenenbaum","B Lake"
"510","M Mills","K Weatherford"
"511","P Goolkasian","K Weatherford"
"512","P Goolkasian","M Mills"
"513","M Littman","J MacGlashan"
"514","F Cushman","J MacGlashan"
"515","F Cushman","M Littman"
"516","L Arcurio","A Nikoulina"
"517","T James","A Nikoulina"
"518","T James","L Arcurio"
"526","Y Chung","M Wei"
"527","Y Chung","Y Chang"
"534","J Fugelsang","C Millar"
"535","O Friedman","C Millar"
"536","O Friedman","J Fugelsang"
"537","A Winman","M Lindskog"
"538","L Poom","M Lindskog"
"539","L Poom","A Winman"
"540","E Smith","S Sherrin"
"541","J Houpt","J Glavan"
"542","F Durgin","F Durgin"
"543","P Huang","J Chen"
"545","S Medimorec","T Dunn"
"546","E Risko","T Dunn"
"548","J Magnuson","J Magnuson"
"549","M Jones","P Parpart"
"550","B Love","P Parpart"
"551","B Love","M Jones"
"552","A Moreno","Y Ledovaya"
"553","H Vlach","H Miller"
"554","V Simmering","H Miller"
"555","V Simmering","H Vlach"
"556","S Hubachek","C Walker"
"557","A Gopnik","C Walker"
"558","A Gopnik","S Hubachek"
"559","J Gagnon","S Pronovost"
"560","D Lafond","S Pronovost"
"561","D Lafond","J Gagnon"
"562","S Tremblay","S Pronovost"
"563","S Tremblay","J Gagnon"
"564","S Tremblay","D Lafond"
"565","P Cheung","A Nyhout"
"566","J Roche","B Peters"
"567","J Jamieson","B Peters"
"568","J Jamieson","J Roche"
"569","V Gliozzi","V Gliozzi"
"570","K Livingston","J Andrews"
"571","J Auerbach","J Andrews"
"572","J Auerbach","K Livingston"
"573","E Altiero","J Andrews"
"574","E Altiero","K Livingston"
"575","E Altiero","J Auerbach"
"576","K Neumeyer","J Andrews"
"577","K Neumeyer","K Livingston"
"578","K Neumeyer","J Auerbach"
"579","K Neumeyer","E Altiero"
"580","G Kalal","L Applebaum"
"581","E Spaepen","L Applebaum"
"582","E Spaepen","G Kalal"
"583","D Gentner","L Applebaum"
"584","D Gentner","G Kalal"
"585","D Gentner","E Spaepen"
"586","S Goldin-Meadow","L Applebaum"
"587","S Goldin-Meadow","G Kalal"
"588","S Goldin-Meadow","E Spaepen"
"589","S Goldin-Meadow","D Gentner"
"590","S Levine","L Applebaum"
"591","S Levine","G Kalal"
"592","S Levine","E Spaepen"
"593","S Levine","D Gentner"
"594","S Levine","S Goldin-Meadow"
"595","G Gallagher","T Linzen"
"596","J Opfer","D Kim"
"597","K Holmes","K Moty"
"598","T Regier","K Moty"
"603","T Nakamura","T Kojima"
"604","W Thorngate","W Chowdhury"
"606","J Kim","K Do"
"607","S Laszlo","B Armstrong"
"608","D Liu","D Liu"
"609","M Tramo","C Kommers"
"610","V Benitez","D Yurovsky"
"611","G Cox","D Yurovsky"
"612","G Cox","V Benitez"
"613","L Smith","D Yurovsky"
"615","L Smith","G Cox"
"616","M Dye","K Samson"
"617","S Sherman","K Samson"
"618","S Sherman","M Dye"
"619","P Hristova","V Popov"
"620","K Sarah","A Woollams"
"621","G Krajewski","A Woollams"
"622","G Krajewski","K Sarah"
"623","J Moy","A Woollams"
"624","J Moy","K Sarah"
"625","J Moy","G Krajewski"
"626","A Theakston","A Woollams"
"627","A Theakston","K Sarah"
"628","A Theakston","G Krajewski"
"629","A Theakston","J Moy"
"634","Y Majima","Y Majima"
"635","L Hall","T Strandberg"
"636","P Johansson","T Strandberg"
"637","P Johansson","L Hall"
"638","H Hayashi","H Hayashi"
"639","J Coley","N Vasilyeva"
"640","H Yama","Y Arai"
"641","J Spaniol","P Wegier"
"642","E Lee","S Lee"
"643","V Sloutsky","T Miser"
"644","N Yongsatianchot","M Si"
"645","G Mills","G Mills"
"646","M Ellefson","K Goedert"
"647","S Makioka","S Makioka"
"648","I Visser","I Visser"
"649","G Knoblich","V Ramenzoni"
"650","N Sebanz","V Ramenzoni"
"651","N Sebanz","G Knoblich"
"652","P Thibodeau","D Shapiro"
"653","S Flusberg","D Shapiro"
"655","S Seitz","A Rothe-Wulf"
"656","A Bender","A Rothe-Wulf"
"657","A Bender","S Seitz"
"658","F Cushman","J Martin"
"659","E Briggs","S Prasada"
"660","J Hu","Y Hung"
"661","L Tsai","Y Hung"
"662","L Tsai","J Hu"
"663","Y Lee","Y Hung"
"664","Y Lee","J Hu"
"665","Y Lee","L Tsai"
"666","P Wang","Y Hung"
"667","P Wang","J Hu"
"668","P Wang","L Tsai"
"669","P Wang","Y Lee"
"670","A Warriner","V Kuperman"
"671","S Østergaard","R Fusaroli"
"672","J Raczaszek-Leonardi","R Fusaroli"
"673","J Raczaszek-Leonardi","S Østergaard"
"674","J Bjørndahl","R Fusaroli"
"675","J Bjørndahl","S Østergaard"
"676","J Bjørndahl","J Raczaszek-Leonardi"
"677","F Stjernfelt","R Fusaroli"
"678","F Stjernfelt","S Østergaard"
"679","F Stjernfelt","J Raczaszek-Leonardi"
"680","F Stjernfelt","J Bjørndahl"
"681","K Tylen","R Fusaroli"
"682","K Tylen","S Østergaard"
"683","K Tylen","J Raczaszek-Leonardi"
"684","K Tylen","J Bjørndahl"
"685","K Tylen","F Stjernfelt"
"686","F Cushman","A Morris"
"688","H Nuerk","M Lachmair"
"689","H Nuerk","S Fernandez"
"690","B Kaup","M Lachmair"
"691","B Kaup","S Fernandez"
"692","B Kaup","H Nuerk"
"693","Y Chan","S Lee"
"694","H Chen","S Lee"
"696","T Trompenaars","S Frank"
"697","S Vasishth","S Frank"
"698","S Vasishth","T Trompenaars"
"699","K Gluck","M Walsh"
"700","Y Tao","F Liu"
"701","K Doing-Harris","K Doing-Harris"
"702","M Takezawa","T Ishii"
"703","T Tateno","T Ishii"
"704","T Tateno","M Takezawa"
"706","M Upal","M Upal"
"707","S Levine","C Young"
"708","K Mix","C Young"
"709","K Mix","S Levine"
"710","M Zhang","E Hanson"
"711","M Negishi","E Hanson"
"712","M Negishi","M Zhang"
"713","M Piñango","E Hanson"
"714","M Piñango","M Zhang"
"715","M Piñango","M Negishi"
"716","B Kerster","D Abney"
"717","C Kello","D Abney"
"718","C Kello","B Kerster"
"719","Y Kao","J Davenport"
"720","A Hubbard","J Davenport"
"721","A Hubbard","Y Kao"
"722","S Schneider","J Davenport"
"723","S Schneider","Y Kao"
"724","S Schneider","A Hubbard"
"725","J Chen","R Cherng"
"726","A Cavagnetto","K Kurtz"
"727","G Honke","K Kurtz"
"728","G Honke","A Cavagnetto"
"729","N Conaway","K Kurtz"
"730","N Conaway","A Cavagnetto"
"731","N Conaway","G Honke"
"732","J Patterson","K Kurtz"
"733","J Patterson","A Cavagnetto"
"734","J Patterson","G Honke"
"735","J Patterson","N Conaway"
"736","J Marr","K Kurtz"
"737","J Marr","A Cavagnetto"
"738","J Marr","G Honke"
"739","J Marr","N Conaway"
"740","J Marr","J Patterson"
"741","Y Tao","K Kurtz"
"742","Y Tao","A Cavagnetto"
"743","Y Tao","G Honke"
"744","Y Tao","N Conaway"
"745","Y Tao","J Patterson"
"746","Y Tao","J Marr"
"747","E Thiessen","L Onnis"
"748","M Lou-Magnuson","L Onnis"
"749","M Lou-Magnuson","E Thiessen"
"750","R Goldstone","P Carvalho"
"751","A Carstensen","S Guha"
"752","T Regier","S Guha"
"753","T Regier","A Carstensen"
"754","P Monaghan","F Poletiek"
"755","E Risko","N Phillips"
"756","Y Cheng","M Lai"
"757","C Liu","M Lai"
"758","C Liu","Y Cheng"
"759","K O'Brien","D Lynott"
"760","L Connell","D Lynott"
"761","L Connell","K O'Brien"
"762","N Shryane","D Lynott"
"763","N Shryane","K O'Brien"
"764","N Shryane","L Connell"
"765","H Kansal","D Lynott"
"766","H Kansal","K O'Brien"
"767","H Kansal","L Connell"
"768","H Kansal","N Shryane"
"769","M Walsh","D Lynott"
"770","M Walsh","K O'Brien"
"771","M Walsh","L Connell"
"772","M Walsh","N Shryane"
"773","M Walsh","H Kansal"
"774","I Yeon","K Do"
"775","J Parker","K Do"
"776","J Parker","I Yeon"
"777","P Doshi","C Kim"
"778","C Thai","C Kim"
"779","C Thai","P Doshi"
"780","D Kim","C Kim"
"781","D Kim","P Doshi"
"782","D Kim","C Thai"
"783","J Yuan","C Kim"
"784","J Yuan","P Doshi"
"785","J Yuan","C Thai"
"786","J Yuan","D Kim"
"787","A Alishahi","E Bemd"
"788","M Mos","E Bemd"
"789","M Mos","A Alishahi"
"791","J Golden","J Golden"
"792","K Mori","A Uchida"
"793","H Akama","M Lei"
"794","B Murphy","M Lei"
"795","B Murphy","H Akama"
"796","M Yip","L Tse"
"797","D Baldwin","J Kosie"
"798","S Nakamoto","K Matsuda"
"799","H Morioka","K Matsuda"
"800","H Morioka","S Nakamoto"
"801","K Hiyama","K Matsuda"
"802","K Hiyama","S Nakamoto"
"803","K Hiyama","H Morioka"
"804","T Goto","K Matsuda"
"805","T Goto","S Nakamoto"
"806","T Goto","H Morioka"
"807","T Goto","K Hiyama"
"808","M Koganei","K Matsuda"
"809","M Koganei","S Nakamoto"
"810","M Koganei","H Morioka"
"811","M Koganei","K Hiyama"
"812","M Koganei","T Goto"
"813","T Kusumi","K Matsuda"
"814","T Kusumi","S Nakamoto"
"815","T Kusumi","H Morioka"
"816","T Kusumi","K Hiyama"
"817","T Kusumi","T Goto"
"818","T Kusumi","M Koganei"
"819","W Goh","L Suarez"
"820","E Soh","L Suarez"
"821","E Soh","W Goh"
"822","J Houpt","N Silbert"
"823","N Taatgen","T Buwalda"
"824","T Nokes-Malach","J Chan"
"825","H Hristov","M Ginberg"
"826","E Hristova","M Ginberg"
"827","E Hristova","H Hristov"
"828","K Inomata","K Inomata"
"829","M Wei","Y Tsai"
"830","Y Chien","Y Tsai"
"831","Y Chien","M Wei"
"832","Y Chung","Y Tsai"
"834","Y Chung","Y Chien"
"835","C Cheng","Y Tsai"
"836","C Cheng","M Wei"
"837","C Cheng","Y Chien"
"838","C Cheng","Y Chung"
"839","S Cho","Y Tsai"
"840","S Cho","M Wei"
"841","S Cho","Y Chien"
"842","S Cho","Y Chung"
"843","S Cho","C Cheng"
"846","H Chen","Y Chien"
"849","H Chen","S Cho"
"852","J Hu","Y Chien"
"855","J Hu","S Cho"
"857","D Lee","H Yun"
"859","Y Nam","D Lee"
"860","H Jeong","H Yun"
"861","H Jeong","D Lee"
"862","H Jeong","Y Nam"
"863","E Chung","H Yun"
"864","E Chung","D Lee"
"865","E Chung","Y Nam"
"866","E Chung","H Jeong"
"868","U Hong","D Lee"
"870","U Hong","H Jeong"
"871","U Hong","E Chung"
"872","S Huang","S Huang"
"873","B Love","P Riefer"
"874","F Petzchner","S Paliwal"
"875","A Schmitz","S Paliwal"
"876","A Schmitz","F Petzchner"
"877","M Tittgemeyer","S Paliwal"
"878","M Tittgemeyer","F Petzchner"
"879","M Tittgemeyer","A Schmitz"
"880","K Stephan","S Paliwal"
"881","K Stephan","F Petzchner"
"882","K Stephan","A Schmitz"
"883","K Stephan","M Tittgemeyer"
"884","M McCarthy","T Kershaw"
"885","S Bhowmick","T Kershaw"
"886","S Bhowmick","M McCarthy"
"887","A Young","T Kershaw"
"888","A Young","M McCarthy"
"889","A Young","S Bhowmick"
"890","C Seepersad","T Kershaw"
"891","C Seepersad","M McCarthy"
"892","C Seepersad","S Bhowmick"
"893","C Seepersad","A Young"
"894","P Williams","T Kershaw"
"895","P Williams","M McCarthy"
"896","P Williams","S Bhowmick"
"897","P Williams","A Young"
"898","P Williams","C Seepersad"
"899","K Holtta-Otto","T Kershaw"
"900","K Holtta-Otto","M McCarthy"
"901","K Holtta-Otto","S Bhowmick"
"902","K Holtta-Otto","A Young"
"903","K Holtta-Otto","C Seepersad"
"904","K Holtta-Otto","P Williams"
"905","A Harrison","A Harrison"
"906","M Otworowska","J Kwisthout"
"907","H Bekkering","J Kwisthout"
"908","H Bekkering","M Otworowska"
"909","I Rooij","J Kwisthout"
"910","I Rooij","M Otworowska"
"911","I Rooij","H Bekkering"
"912","D Hsu","D Hsu"
"914","A Chountala","S Vosniadou"
"915","A Chountala","D Lepenioti"
"916","K Eikospentaki","S Vosniadou"
"917","K Eikospentaki","D Lepenioti"
"918","K Eikospentaki","A Chountala"
"919","K Holmes","A Carstensen"
"920","A Meer","A Carstensen"
"921","A Meer","K Holmes"
"924","T Regier","A Meer"
"925","J Ecalle","N Maïonchi-Pino"
"926","A Magnan","N Maïonchi-Pino"
"927","A Magnan","J Ecalle"
"928","Y Chan","Y Liao"
"929","H Chen","Y Liao"
"931","B Malle","X Zhao"
"932","T Noguchi","Q Sun"
"933","T Hills","Q Sun"
"934","T Hills","T Noguchi"
"935","M Gibbert","Q Sun"
"936","M Gibbert","T Noguchi"
"937","M Gibbert","T Hills"
"938","S Nagataki","T Konno"
"939","M Shibata","T Konno"
"940","M Shibata","S Nagataki"
"941","T Hashimoto","T Konno"
"942","T Hashimoto","S Nagataki"
"943","T Hashimoto","M Shibata"
"944","H Ohira","T Konno"
"945","H Ohira","S Nagataki"
"946","H Ohira","M Shibata"
"947","H Ohira","T Hashimoto"
"948","V Glebkin","V Glebkin"
"949","T Ito","M Asada"
"950","D Gentner","C Hoyos"
"951","T Bach","C Hoyos"
"952","T Bach","D Gentner"
"953","A Meltzoff","C Hoyos"
"954","A Meltzoff","D Gentner"
"955","A Meltzoff","T Bach"
"956","S Christie","C Hoyos"
"957","S Christie","D Gentner"
"958","S Christie","T Bach"
"959","S Christie","A Meltzoff"
"960","Z Murphy","C Hoyos"
"961","Z Murphy","D Gentner"
"962","Z Murphy","T Bach"
"963","Z Murphy","A Meltzoff"
"964","Z Murphy","S Christie"
"965","A Obee","C Hoyos"
"966","A Obee","D Gentner"
"967","A Obee","T Bach"
"968","A Obee","A Meltzoff"
"969","A Obee","S Christie"
"970","A Obee","Z Murphy"
"971","V Juan","C Hoyos"
"972","V Juan","D Gentner"
"973","V Juan","T Bach"
"974","V Juan","A Meltzoff"
"975","V Juan","S Christie"
"976","V Juan","Z Murphy"
"977","V Juan","A Obee"
"978","K O'Driscoll","C Hoyos"
"979","K O'Driscoll","D Gentner"
"980","K O'Driscoll","T Bach"
"981","K O'Driscoll","A Meltzoff"
"982","K O'Driscoll","S Christie"
"983","K O'Driscoll","Z Murphy"
"984","K O'Driscoll","A Obee"
"985","K O'Driscoll","V Juan"
"986","P Ganea","C Hoyos"
"987","P Ganea","D Gentner"
"988","P Ganea","T Bach"
"989","P Ganea","A Meltzoff"
"990","P Ganea","S Christie"
"991","P Ganea","Z Murphy"
"992","P Ganea","A Obee"
"993","P Ganea","V Juan"
"994","P Ganea","K O'Driscoll"
"995","W Horton","C Hoyos"
"996","W Horton","D Gentner"
"997","W Horton","T Bach"
"998","W Horton","A Meltzoff"
"999","W Horton","S Christie"
"1000","W Horton","Z Murphy"
"1001","W Horton","A Obee"
"1002","W Horton","V Juan"
"1003","W Horton","K O'Driscoll"
"1004","W Horton","P Ganea"
"1005","M Keane","M Foster"
"1006","J Loewenstein","M Foster"
"1007","J Loewenstein","M Keane"
"1008","P Maguire","M Foster"
"1009","P Maguire","M Keane"
"1010","P Maguire","J Loewenstein"
"1011","R Maguire","M Foster"
"1012","R Maguire","M Keane"
"1013","R Maguire","J Loewenstein"
"1014","R Maguire","P Maguire"
"1015","R May","M Foster"
"1016","R May","M Keane"
"1017","R May","J Loewenstein"
"1018","R May","P Maguire"
"1019","R May","R Maguire"
"1020","M Smith-Rodden","M Foster"
"1021","M Smith-Rodden","M Keane"
"1022","M Smith-Rodden","J Loewenstein"
"1023","M Smith-Rodden","P Maguire"
"1024","M Smith-Rodden","R Maguire"
"1025","M Smith-Rodden","R May"
"1026","I Ash","M Foster"
"1027","I Ash","M Keane"
"1028","I Ash","J Loewenstein"
"1029","I Ash","P Maguire"
"1030","I Ash","R Maguire"
"1031","I Ash","R May"
"1032","I Ash","M Smith-Rodden"
"1033","E Munnich","M Foster"
"1034","E Munnich","M Keane"
"1035","E Munnich","J Loewenstein"
"1036","E Munnich","P Maguire"
"1037","E Munnich","R Maguire"
"1038","E Munnich","R May"
"1039","E Munnich","M Smith-Rodden"
"1040","E Munnich","I Ash"
"1041","M Ranney","M Foster"
"1042","M Ranney","M Keane"
"1043","M Ranney","J Loewenstein"
"1044","M Ranney","P Maguire"
"1045","M Ranney","R Maguire"
"1046","M Ranney","R May"
"1047","M Ranney","M Smith-Rodden"
"1048","M Ranney","I Ash"
"1049","M Ranney","E Munnich"
"1050","S Beller","A Bender"
"1051","K Overmann","A Bender"
"1052","K Overmann","S Beller"
"1053","C Everett","A Bender"
"1054","C Everett","S Beller"
"1055","C Everett","K Overmann"
"1056","D Gagne","A Bender"
"1057","D Gagne","S Beller"
"1058","D Gagne","K Overmann"
"1059","D Gagne","C Everett"
"1060","M Coppola","A Bender"
"1061","M Coppola","S Beller"
"1062","M Coppola","K Overmann"
"1063","M Coppola","C Everett"
"1064","M Coppola","D Gagne"
"1065","S Chrisomalis","A Bender"
"1066","S Chrisomalis","S Beller"
"1067","S Chrisomalis","K Overmann"
"1068","S Chrisomalis","C Everett"
"1069","S Chrisomalis","D Gagne"
"1070","S Chrisomalis","M Coppola"
"1071","L Gabora","W Bridewell"
"1072","D Kirsh","W Bridewell"
"1073","D Kirsh","L Gabora"
"1074","P Thagard","W Bridewell"
"1075","P Thagard","L Gabora"
"1076","P Thagard","D Kirsh"
"1077","G Alvarez","D Barner"
"1078","M Srinivasan","D Barner"
"1079","M Srinivasan","G Alvarez"
"1080","N Brooks","D Barner"
"1081","N Brooks","G Alvarez"
"1082","N Brooks","M Srinivasan"
"1083","S Goldin-Meadow","D Barner"
"1084","S Goldin-Meadow","G Alvarez"
"1085","S Goldin-Meadow","M Srinivasan"
"1086","S Goldin-Meadow","N Brooks"
"1087","J Sullivan","D Barner"
"1088","J Sullivan","G Alvarez"
"1089","J Sullivan","M Srinivasan"
"1090","J Sullivan","N Brooks"
"1091","J Sullivan","S Goldin-Meadow"
"1092","K Wagner","D Barner"
"1093","K Wagner","G Alvarez"
"1094","K Wagner","M Srinivasan"
"1095","K Wagner","N Brooks"
"1096","K Wagner","S Goldin-Meadow"
"1097","K Wagner","J Sullivan"
"1098","M Frank","D Barner"
"1099","M Frank","G Alvarez"
"1100","M Frank","M Srinivasan"
"1101","M Frank","N Brooks"
"1102","M Frank","S Goldin-Meadow"
"1103","M Frank","J Sullivan"
"1104","M Frank","K Wagner"
"1105","J Coyne","M Heene"
"1106","G Francis","M Heene"
"1107","G Francis","J Coyne"
"1108","P Maguire","M Heene"
"1109","P Maguire","J Coyne"
"1110","P Maguire","G Francis"
"1111","R Maguire","M Heene"
"1112","R Maguire","J Coyne"
"1113","R Maguire","G Francis"
"1115","R Perez","W Gray"
"1116","J Lindtsedt","W Gray"
"1117","J Lindtsedt","R Perez"
"1118","A Skinner","W Gray"
"1119","A Skinner","R Perez"
"1120","A Skinner","J Lindtsedt"
"1121","R Johnson","W Gray"
"1122","R Johnson","R Perez"
"1123","R Johnson","J Lindtsedt"
"1124","R Johnson","A Skinner"
"1125","R Mayer","W Gray"
"1126","R Mayer","R Perez"
"1127","R Mayer","J Lindtsedt"
"1128","R Mayer","A Skinner"
"1129","R Mayer","R Johnson"
"1130","D Adams","W Gray"
"1131","D Adams","R Perez"
"1132","D Adams","J Lindtsedt"
"1133","D Adams","A Skinner"
"1134","D Adams","R Johnson"
"1135","D Adams","R Mayer"
"1136","R Atkinson","W Gray"
"1137","R Atkinson","R Perez"
"1138","R Atkinson","J Lindtsedt"
"1139","R Atkinson","A Skinner"
"1140","R Atkinson","R Johnson"
"1141","R Atkinson","R Mayer"
"1142","R Atkinson","D Adams"
"1143","N Goodman","J Degen"
"1144","R Katzir","J Degen"
"1145","R Katzir","N Goodman"
"1146","D Barner","J Degen"
"1147","D Barner","N Goodman"
"1148","D Barner","R Katzir"
"1149","A Gatt","J Degen"
"1150","A Gatt","N Goodman"
"1151","A Gatt","R Katzir"
"1152","A Gatt","D Barner"
"1153","J Jarecki","B Love"
"1154","J Busemeyer","B Love"
"1155","J Busemeyer","J Jarecki"
"1156","N Taatgen","B Love"
"1157","N Taatgen","J Jarecki"
"1158","N Taatgen","J Busemeyer"
"1159","T Griffiths","B Love"
"1160","T Griffiths","J Jarecki"
"1161","T Griffiths","J Busemeyer"
"1162","T Griffiths","N Taatgen"
"1163","J Mirjam","B Love"
"1164","J Mirjam","J Jarecki"
"1165","J Mirjam","J Busemeyer"
"1166","J Mirjam","N Taatgen"
"1167","J Mirjam","T Griffiths"
"1168","E Walker","K Tillman"
"1169","T Marghetis","K Tillman"
"1170","T Marghetis","E Walker"
"1171","A Bender","K Tillman"
"1172","A Bender","E Walker"
"1173","A Bender","T Marghetis"
"1174","S Beller","K Tillman"
"1175","S Beller","E Walker"
"1176","S Beller","T Marghetis"
"1178","M Srinivasan","K Tillman"
"1179","M Srinivasan","E Walker"
"1180","M Srinivasan","T Marghetis"
"1181","M Srinivasan","A Bender"
"1182","M Srinivasan","S Beller"
"1183","D Barner","K Tillman"
"1184","D Barner","E Walker"
"1185","D Barner","T Marghetis"
"1186","D Barner","A Bender"
"1187","D Barner","S Beller"
"1189","J Santiago","K Tillman"
"1190","J Santiago","E Walker"
"1191","J Santiago","T Marghetis"
"1192","J Santiago","A Bender"
"1193","J Santiago","S Beller"
"1194","J Santiago","M Srinivasan"
"1195","J Santiago","D Barner"
"1196","B Bergen","K Tillman"
"1197","B Bergen","E Walker"
"1198","B Bergen","T Marghetis"
"1199","B Bergen","A Bender"
"1200","B Bergen","S Beller"
"1201","B Bergen","M Srinivasan"
"1202","B Bergen","D Barner"
"1203","B Bergen","J Santiago"
"1204","R Nunez","K Tillman"
"1205","R Nunez","E Walker"
"1206","R Nunez","T Marghetis"
"1207","R Nunez","A Bender"
"1208","R Nunez","S Beller"
"1209","R Nunez","M Srinivasan"
"1210","R Nunez","D Barner"
"1211","R Nunez","J Santiago"
"1212","R Nunez","B Bergen"
"1213","D Casasanto","K Tillman"
"1214","D Casasanto","E Walker"
"1215","D Casasanto","T Marghetis"
"1216","D Casasanto","A Bender"
"1217","D Casasanto","S Beller"
"1218","D Casasanto","M Srinivasan"
"1219","D Casasanto","D Barner"
"1220","D Casasanto","J Santiago"
"1221","D Casasanto","B Bergen"
"1222","D Casasanto","R Nunez"
"1223","L Boroditsky","K Tillman"
"1224","L Boroditsky","E Walker"
"1225","L Boroditsky","T Marghetis"
"1226","L Boroditsky","A Bender"
"1227","L Boroditsky","S Beller"
"1228","L Boroditsky","M Srinivasan"
"1229","L Boroditsky","D Barner"
"1230","L Boroditsky","J Santiago"
"1231","L Boroditsky","B Bergen"
"1232","L Boroditsky","R Nunez"
"1233","L Boroditsky","D Casasanto"
"1234","V Veksler","K Gluck"
"1235","N Buchler","K Gluck"
"1236","N Buchler","V Veksler"
"1237","T Kelley","K Gluck"
"1238","T Kelley","V Veksler"
"1239","T Kelley","N Buchler"
"1240","P Bello","K Gluck"
"1241","P Bello","V Veksler"
"1242","P Bello","N Buchler"
"1243","P Bello","T Kelley"
"1244","J Donlon","K Gluck"
"1245","J Donlon","V Veksler"
"1246","J Donlon","N Buchler"
"1247","J Donlon","T Kelley"
"1248","J Donlon","P Bello"
"1249","A Vera","K Gluck"
"1250","A Vera","V Veksler"
"1251","A Vera","N Buchler"
"1252","A Vera","T Kelley"
"1253","A Vera","P Bello"
"1254","A Vera","J Donlon"
"1255","B Lee","K Gluck"
"1256","B Lee","V Veksler"
"1257","B Lee","N Buchler"
"1258","B Lee","T Kelley"
"1259","B Lee","P Bello"
"1260","B Lee","J Donlon"
"1261","B Lee","A Vera"
"1262","D Wagner","N Cohn"
"1263","T Foulsham","N Cohn"
"1264","T Foulsham","D Wagner"
"1265","J Drury","N Cohn"
"1266","J Drury","D Wagner"
"1267","J Drury","T Foulsham"
"1268","J Zaki","D Ong"
"1269","N Goodman","D Ong"
"1270","N Goodman","J Zaki"
"1272","V Sloutsky","K Darby"
"1273","S Gershman","P Tsividis"
"1274","J Tenenbaum","P Tsividis"
"1275","J Tenenbaum","S Gershman"
"1276","L Schulz","P Tsividis"
"1277","L Schulz","S Gershman"
"1278","L Schulz","J Tenenbaum"
"1279","B Zhang","C Lee"
"1280","M Schneider","D Nussbaumer"
"1281","E Stern","D Nussbaumer"
"1282","E Stern","M Schneider"
"1283","C Acarturk","D Zeyrek"
"1284","T Griffiths","J Hamrick"
"1285","A Varga","A Varga"
"1286","J Paik","Y Zhang"
"1287","P Pirolli","Y Zhang"
"1288","P Pirolli","J Paik"
"1289","L Bergen","J Kao"
"1290","N Goodman","J Kao"
"1291","N Goodman","L Bergen"
"1292","K Morgan-Short","K Brill-Schuetz"
"1293","L Mol","Y Gu"
"1294","M Hoetjes","Y Gu"
"1295","M Hoetjes","L Mol"
"1296","M Swerts","Y Gu"
"1297","M Swerts","L Mol"
"1298","M Swerts","M Hoetjes"
"1299","E Kaiser","I Ouyang"
"1300","J Jergens","K Wagner"
"1302","D Barner","J Jergens"
"1303","Z Azar","D Peeters"
"1304","A Ozyurek","D Peeters"
"1305","A Ozyurek","Z Azar"
"1306","M MacDonald","J Montag"
"1307","M Speekenbrink","I Visser"
"1308","A Dewald","M Walker"
"1309","S Sinnett","M Walker"
"1310","S Sinnett","A Dewald"
"1311","A Raftopoulos","A Raftopoulos"
"1312","G Gunzelmann","M Walsh"
"1313","H Dongen","M Walsh"
"1314","H Dongen","G Gunzelmann"
"1315","D Casasanto","B Pitt"
"1316","A Nizamani","C Strannegard"
"1317","F Engstrom","C Strannegard"
"1318","F Engstrom","A Nizamani"
"1319","O Haggstrom","C Strannegard"
"1320","O Haggstrom","A Nizamani"
"1321","O Haggstrom","F Engstrom"
"1322","H Schultheis","A Lovett"
"1323","F Berends","G Kachergis"
"1324","R Kleijn","G Kachergis"
"1325","R Kleijn","F Berends"
"1326","B Hommel","G Kachergis"
"1327","B Hommel","F Berends"
"1328","B Hommel","R Kleijn"
"1329","S Ritter","P Wolff"
"1330","K Holmes","P Wolff"
"1331","K Holmes","S Ritter"
"1332","D Danks","S Wellen"
"1333","L Casasanto","D Yap"
"1334","D Casasanto","D Yap"
"1335","D Casasanto","L Casasanto"
"1336","O Korolkova","O Korolkova"
"1337","B Rottman","K Soo"
"1338","S Maher","N Cohn"
"1339","M McComsey","T Marghetis"
"1340","K Cooperrider","T Marghetis"
"1341","K Cooperrider","M McComsey"
"1342","W Bechtel","W Bechtel"
"1343","O Urminsky","O Urminsky"
"1344","L Castro","H Yim"
"1345","E Wasserman","H Yim"
"1346","E Wasserman","L Castro"
"1347","V Sloutsky","H Yim"
"1348","V Sloutsky","L Castro"
"1349","V Sloutsky","E Wasserman"
"1350","M Franke","M Franke"
"1351","A Renkl","I Skuballa"
"1352","J Glavan","E Fox"
"1353","J Houpt","E Fox"
"1355","B Malt","H Zhu"
"1356","E Krause","M Scheutz"
"1357","S Sadeghi","M Scheutz"
"1358","S Sadeghi","E Krause"
"1359","J Roche","A Paxton"
"1360","A Ibarra","A Paxton"
"1361","A Ibarra","J Roche"
"1362","M Tanenhaus","A Paxton"
"1363","M Tanenhaus","J Roche"
"1364","M Tanenhaus","A Ibarra"
"1365","M Lehet","A Kranjec"
"1366","A Chatterjee","A Kranjec"
"1367","A Chatterjee","M Lehet"
"1368","R Dale","M Tabatabaeian"
"1369","N Duran","M Tabatabaeian"
"1370","N Duran","R Dale"
"1371","R Catrambone","L Margulieux"
"1372","Y Sun","C Liang"
"1373","H Wang","C Liang"
"1374","H Wang","Y Sun"
"1375","O Rasanen","S Kakouros"
"1376","N Engelman","H Neth"
"1377","R Mayrhofer","H Neth"
"1378","R Mayrhofer","N Engelman"
"1379","J Andrews","J Leeuw"
"1380","K Livingston","J Leeuw"
"1382","B Morris","P Cravalho"
"1383","C Was","P Cravalho"
"1384","C Was","B Morris"
"1385","A Masnick","P Cravalho"
"1386","A Masnick","B Morris"
"1387","A Masnick","C Was"
"1388","G Storms","J Zee"
"1389","S Verheyen","J Zee"
"1390","S Verheyen","G Storms"
"1391","A Fazly","B Beekhuizen"
"1392","S Stevenson","B Beekhuizen"
"1393","S Stevenson","A Fazly"
"1394","A Eidels","A Heathcote"
"1395","J Houpt","A Heathcote"
"1396","J Houpt","A Eidels"
"1397","J Coleman","A Heathcote"
"1398","J Coleman","A Eidels"
"1399","J Coleman","J Houpt"
"1400","J Watson","A Heathcote"
"1401","J Watson","A Eidels"
"1402","J Watson","J Houpt"
"1403","J Watson","J Coleman"
"1404","D Strayer","A Heathcote"
"1405","D Strayer","A Eidels"
"1406","D Strayer","J Houpt"
"1407","D Strayer","J Coleman"
"1408","D Strayer","J Watson"
"1409","J Austerweil","J Austerweil"
"1410","L Rips","S Johnson"
"1411","K Koedinger","E Wiese"
"1412","P Rosenbloom","P Rosenbloom"
"1413","M Postma","M VIsser"
"1414","E Krahmer","M VIsser"
"1415","E Krahmer","M Postma"
"1416","M Swerts","M VIsser"
"1417","M Swerts","M Postma"
"1418","M Swerts","E Krahmer"
"1419","F Milton","A Inkster"
"1420","A Wills","A Inkster"
"1421","A Wills","F Milton"
"1422","D Hick","J Marsh"
"1423","F Xu","Z Sim"
"1424","H Yoshida","S Bilson"
"1425","T Hills","S Bilson"
"1426","T Hills","H Yoshida"
"1427","J Corter","J Gao"
"1428","G Trafton","S Khemlani"
"1430","R Sun","J Licato"
"1431","S Bringsjord","J Licato"
"1432","S Bringsjord","R Sun"
"1433","K Jasmin","D Casasanto"
"1434","G Brookshire","D Casasanto"
"1435","G Brookshire","K Jasmin"
"1436","T Gijssels","D Casasanto"
"1437","T Gijssels","K Jasmin"
"1438","T Gijssels","G Brookshire"
"1439","A Alishahi","Y Matusevych"
"1440","A Backus","Y Matusevych"
"1441","A Backus","A Alishahi"
"1442","L Huang","L Huang"
"1443","T Regier","Y Xu"
"1444","P Shafto","H Gweon"
"1445","L Schulz","H Gweon"
"1446","L Schulz","P Shafto"
"1447","A Fazly","A Nematzadeh"
"1448","S Stevenson","A Nematzadeh"
"1450","V Sa","E Noh"
"1451","C Schunn","J Chan"
"1452","S Dow","J Chan"
"1453","S Dow","C Schunn"
"1454","S Visterin","K Pipijn"
"1455","L Janssens","K Pipijn"
"1456","L Janssens","S Visterin"
"1457","W Schaeken","K Pipijn"
"1458","W Schaeken","S Visterin"
"1459","W Schaeken","L Janssens"
"1460","F Reali","M Lleras"
"1461","C Alviar","M Lleras"
"1462","C Alviar","F Reali"
"1463","M Bermudez","M Lleras"
"1464","M Bermudez","F Reali"
"1465","M Bermudez","C Alviar"
"1466","R Grabner","D Nussbaumer"
"1468","E Stern","R Grabner"
"1469","J Phillips","J Kominsky"
"1470","T Gerstenberg","J Kominsky"
"1471","T Gerstenberg","J Phillips"
"1472","D Lagnado","J Kominsky"
"1473","D Lagnado","J Phillips"
"1474","D Lagnado","T Gerstenberg"
"1475","J Knobe","J Kominsky"
"1476","J Knobe","J Phillips"
"1477","J Knobe","T Gerstenberg"
"1478","J Knobe","D Lagnado"
"1479","M Louwerse","G Recchia"
"1480","C McKenzie","S Hansen"
"1481","J McClelland","S Hansen"
"1482","J McClelland","C McKenzie"
"1483","T Ueno","Y Ito"
"1484","S Kitagami","Y Ito"
"1485","S Kitagami","T Ueno"
"1486","J Kawaguchi","Y Ito"
"1487","J Kawaguchi","T Ueno"
"1488","J Kawaguchi","S Kitagami"
"1489","V Marian","J Bartolotti"
"1490","K Holstein","C Lucas"
"1491","C Kemp","C Lucas"
"1492","C Kemp","K Holstein"
"1493","Y Wang","J Wu"
"1494","Z Li","J Wu"
"1495","Z Li","Y Wang"
"1496","Z Tu","J Wu"
"1497","Z Tu","Y Wang"
"1498","Z Tu","Z Li"
"1499","K Miwa","J Ichikawa"
"1500","H Terai","J Ichikawa"
"1501","H Terai","K Miwa"
"1502","J Logan","A Mackenzie"
"1503","L Schulz","K Scott"
"1504","G Cottrell","B Cipollini"
"1505","C Eliasmith","D Rasmussen"
"1506","M Goudbeek","I Masson"
"1507","E Krahmer","I Masson"
"1508","E Krahmer","M Goudbeek"
"1509","G Rajeev-Kumar","S Johnson"
"1510","F Keil","S Johnson"
"1511","F Keil","G Rajeev-Kumar"
"1512","S Shapiro","D Schlegel"
"1513","E Markman","E Chestnut"
"1514","T Gerstenberg","N Bramley"
"1515","D Lagnado","N Bramley"
"1517","B Sumer","G Ortega"
"1518","A Ozyurek","G Ortega"
"1519","A Ozyurek","B Sumer"
"1520","B Tatler","R MacDonald"
"1521","T Lombrozo","A Ruggeri"
"1522","K Donelson","J Bohnemeyer"
"1523","R Tucker","J Bohnemeyer"
"1524","R Tucker","K Donelson"
"1525","E Benedicto","J Bohnemeyer"
"1526","E Benedicto","K Donelson"
"1527","E Benedicto","R Tucker"
"1528","A Garza","J Bohnemeyer"
"1529","A Garza","K Donelson"
"1530","A Garza","R Tucker"
"1531","A Garza","E Benedicto"
"1532","A Eggleston","J Bohnemeyer"
"1533","A Eggleston","K Donelson"
"1534","A Eggleston","R Tucker"
"1535","A Eggleston","E Benedicto"
"1536","A Eggleston","A Garza"
"1537","N Green","J Bohnemeyer"
"1538","N Green","K Donelson"
"1539","N Green","R Tucker"
"1540","N Green","E Benedicto"
"1541","N Green","A Garza"
"1542","N Green","A Eggleston"
"1543","M Gomez","J Bohnemeyer"
"1544","M Gomez","K Donelson"
"1545","M Gomez","R Tucker"
"1546","M Gomez","E Benedicto"
"1547","M Gomez","A Garza"
"1548","M Gomez","A Eggleston"
"1549","M Gomez","N Green"
"1550","S Castro","J Bohnemeyer"
"1551","S Castro","K Donelson"
"1552","S Castro","R Tucker"
"1553","S Castro","E Benedicto"
"1554","S Castro","A Garza"
"1555","S Castro","A Eggleston"
"1556","S Castro","N Green"
"1557","S Castro","M Gomez"
"1558","C O'Meara","J Bohnemeyer"
"1559","C O'Meara","K Donelson"
"1560","C O'Meara","R Tucker"
"1561","C O'Meara","E Benedicto"
"1562","C O'Meara","A Garza"
"1563","C O'Meara","A Eggleston"
"1564","C O'Meara","N Green"
"1565","C O'Meara","M Gomez"
"1566","C O'Meara","S Castro"
"1567","E Palancar","J Bohnemeyer"
"1568","E Palancar","K Donelson"
"1569","E Palancar","R Tucker"
"1570","E Palancar","E Benedicto"
"1571","E Palancar","A Garza"
"1572","E Palancar","A Eggleston"
"1573","E Palancar","N Green"
"1574","E Palancar","M Gomez"
"1575","E Palancar","S Castro"
"1576","E Palancar","C O'Meara"
"1577","G Baez","J Bohnemeyer"
"1578","G Baez","K Donelson"
"1579","G Baez","R Tucker"
"1580","G Baez","E Benedicto"
"1581","G Baez","A Garza"
"1582","G Baez","A Eggleston"
"1583","G Baez","N Green"
"1584","G Baez","M Gomez"
"1585","G Baez","S Castro"
"1586","G Baez","C O'Meara"
"1587","G Baez","E Palancar"
"1588","G Polian","J Bohnemeyer"
"1589","G Polian","K Donelson"
"1590","G Polian","R Tucker"
"1591","G Polian","E Benedicto"
"1592","G Polian","A Garza"
"1593","G Polian","A Eggleston"
"1594","G Polian","N Green"
"1595","G Polian","M Gomez"
"1596","G Polian","S Castro"
"1597","G Polian","C O'Meara"
"1598","G Polian","E Palancar"
"1599","G Polian","G Baez"
"1600","R Mendez","J Bohnemeyer"
"1601","R Mendez","K Donelson"
"1602","R Mendez","R Tucker"
"1603","R Mendez","E Benedicto"
"1604","R Mendez","A Garza"
"1605","R Mendez","A Eggleston"
"1606","R Mendez","N Green"
"1607","R Mendez","M Gomez"
"1608","R Mendez","S Castro"
"1609","R Mendez","C O'Meara"
"1610","R Mendez","E Palancar"
"1611","R Mendez","G Baez"
"1612","R Mendez","G Polian"
"1613","N Goodman","S Gershman"
"1614","C Goldberger","K Schloss"
"1615","S Palmer","K Schloss"
"1616","S Palmer","C Goldberger"
"1617","C Levitan","K Schloss"
"1618","C Levitan","C Goldberger"
"1619","C Levitan","S Palmer"
"1620","A Stuhlmuller","T Ullman"
"1621","N Goodman","T Ullman"
"1622","N Goodman","A Stuhlmuller"
"1623","J Tenenbaum","T Ullman"
"1624","J Tenenbaum","A Stuhlmuller"
"1625","J Tenenbaum","N Goodman"
"1626","L Magnani","T Berolotti"
"1627","M Strickrodt","T Hinterecker"
"1628","F Roser","T Hinterecker"
"1629","F Roser","M Strickrodt"
"1630","K Hamburger","T Hinterecker"
"1631","K Hamburger","M Strickrodt"
"1632","K Hamburger","F Roser"
"1633","D Chesney","P Matthews"
"1634","N McNeil","P Matthews"
"1635","N McNeil","D Chesney"
"1636","T Nokes-Malach","J Richey"
"1637","A Wallace","J Richey"
"1639","J Franchak","S Bambach"
"1640","D Crandall","S Bambach"
"1641","D Crandall","J Franchak"
"1642","C Yu","S Bambach"
"1643","C Yu","J Franchak"
"1644","C Yu","D Crandall"
"1645","D Mareschal","C Addyman"
"1646","B Tversky","E Bobek"
"1647","E Cartmill","C Young"
"1649","S Levine","E Cartmill"
"1650","S Goldin-Meadow","C Young"
"1651","S Goldin-Meadow","E Cartmill"
"1653","P Shafto","N Searcy"
"1654","J Saint-Aubin","M Poirier"
"1655","A Mair","M Poirier"
"1656","A Mair","J Saint-Aubin"
"1657","G Tehan","M Poirier"
"1658","G Tehan","J Saint-Aubin"
"1659","G Tehan","A Mair"
"1660","A Tolan","M Poirier"
"1661","A Tolan","J Saint-Aubin"
"1662","A Tolan","A Mair"
"1663","A Tolan","G Tehan"
"1664","R Dale","J Szary"
"1665","E Copestake","F Milton"
"1666","D Satherley","F Milton"
"1667","D Satherley","E Copestake"
"1668","T Stevens","F Milton"
"1669","T Stevens","E Copestake"
"1670","T Stevens","D Satherley"
"1672","A Wills","E Copestake"
"1673","A Wills","D Satherley"
"1674","A Wills","T Stevens"
"1676","S Mizuno","H Terai"
"1677","S Mizuno","K Miwa"
"1678","G Lupyan","P Monaghan"
"1679","M Christiansen","P Monaghan"
"1680","M Christiansen","G Lupyan"
"1681","V Reyna","D Broniatowski"
"1682","M Myslin","S Seyfarth"
"1683","T Matlock","T Gann"
"1684","M Toneva","A Nawroj"
"1685","H Admoni","A Nawroj"
"1686","H Admoni","M Toneva"
"1687","B Scassellati","A Nawroj"
"1688","B Scassellati","M Toneva"
"1689","B Scassellati","H Admoni"
"1690","A Rafferty","R Neuman"
"1691","T Griffiths","R Neuman"
"1693","C Cusimano","J Voiklis"
"1694","B Malle","J Voiklis"
"1696","A Harris","S Smith"
"1697","O Urminksy","D Bartels"
"1698","S Frederick","D Bartels"
"1699","S Frederick","O Urminksy"
"1700","E Vul","K Smith"
"1701","L Doumas","A Hamer"
"1702","R Koolen","H Westerbeek"
"1703","A Maes","H Westerbeek"
"1704","A Maes","R Koolen"
"1705","C Lee","B Lake"
"1706","J Glass","B Lake"
"1707","J Glass","C Lee"
"1709","J Tenenbaum","C Lee"
"1710","J Tenenbaum","J Glass"
"1711","J McClelland","K Mickey"
"1712","E Krahmer","J Lai"
"1713","J Sprenger","J Lai"
"1714","J Sprenger","E Krahmer"
"1715","B French","Y Glady"
"1716","J Thibaut","Y Glady"
"1717","J Thibaut","B French"
"1718","K Ikeda","T Ueno"
"1720","Y Ito","K Ikeda"
"1722","S Kitagami","K Ikeda"
"1725","J Kawaguchi","K Ikeda"
"1728","M Frank","D Yurovsky"
"1729","C Datsikas","H Admoni"
"1731","B Scassellati","C Datsikas"
"1733","M Hegarty","T Barrett"
"1734","F Choo","T Stewart"
"1735","C Eliasmith","T Stewart"
"1736","C Eliasmith","F Choo"
"1737","M Spivey","K Livins"
"1738","L Doumas","K Livins"
"1739","L Doumas","M Spivey"
"1740","M Pitt","W Kim"
"1741","Z Lu","W Kim"
"1742","Z Lu","M Pitt"
"1743","M Steyvers","W Kim"
"1744","M Steyvers","M Pitt"
"1745","M Steyvers","Z Lu"
"1746","H Gu","W Kim"
"1747","H Gu","M Pitt"
"1748","H Gu","Z Lu"
"1749","H Gu","M Steyvers"
"1750","J Myung","W Kim"
"1751","J Myung","M Pitt"
"1752","J Myung","Z Lu"
"1753","J Myung","M Steyvers"
"1754","J Myung","H Gu"
"1755","L Gabora","C Chrusch"
"1756","J Vale-Lisboa","J Vale-Lisboa"
"1758","A Camilleri","G Hawkins"
"1759","A Heathcote","G Hawkins"
"1760","A Heathcote","A Camilleri"
"1761","B Newell","G Hawkins"
"1762","B Newell","A Camilleri"
"1763","B Newell","A Heathcote"
"1764","S Brown","G Hawkins"
"1765","S Brown","A Camilleri"
"1766","S Brown","A Heathcote"
"1767","S Brown","B Newell"
"1768","N Ramlakhan","N Ramlakhan"
"1769","J Williams","B Edwards"
"1770","D Gentner","B Edwards"
"1771","D Gentner","J Williams"
"1772","T Lombrozo","B Edwards"
"1773","T Lombrozo","J Williams"
"1774","T Lombrozo","D Gentner"
"1775","B Rehder","A Coenen"
"1776","T Gureckis","A Coenen"
"1777","T Gureckis","B Rehder"
"1778","R Dale","D Vinson"
"1779","T Gureckis","A Rich"
"1780","S Gahl","S Meylan"
"1781","E Pothos","J Trueblood"
"1782","C Baker","Y Wu"
"1783","J Tenenbaum","Y Wu"
"1784","J Tenenbaum","C Baker"
"1785","L Schulz","Y Wu"
"1786","L Schulz","C Baker"
"1789","R Waring","M Penner-Wilger"
"1790","A Newton","M Penner-Wilger"
"1791","A Newton","R Waring"
"1792","M Pacer","A Press"
"1793","T Griffiths","A Press"
"1794","T Griffiths","M Pacer"
"1795","B Christian","A Press"
"1796","B Christian","M Pacer"
"1797","B Christian","T Griffiths"
"1798","A Jin","S Johnson"
"1800","F Keil","A Jin"
"1801","R Shiffrin","R Shiffrin"
"1802","M Franke","C Qing"
"1803","D Burnston","W Bechtel"
"1804","B Sheredos","W Bechtel"
"1805","B Sheredos","D Burnston"
"1806","A Abrahamsen","W Bechtel"
"1807","A Abrahamsen","D Burnston"
"1808","A Abrahamsen","B Sheredos"
"1809","B Rottman","B Rottman"
"1810","P Hemmer","K Persaud"
"1811","M Brown","C Kurumada"
"1812","S Bibyk","C Kurumada"
"1813","S Bibyk","M Brown"
"1814","D Pontillo","C Kurumada"
"1815","D Pontillo","M Brown"
"1816","D Pontillo","S Bibyk"
"1817","M Tanenhaus","C Kurumada"
"1818","M Tanenhaus","M Brown"
"1819","M Tanenhaus","S Bibyk"
"1820","M Tanenhaus","D Pontillo"
"1821","S Kuliga","R Stulpnagel"
"1822","S Buechner","R Stulpnagel"
"1823","S Buechner","S Kuliga"
"1824","C Holscher","R Stulpnagel"
"1825","C Holscher","S Kuliga"
"1826","C Holscher","S Buechner"
"1827","M Christiansen","S McCauley"
"1828","O Feher","K Smith"
"1829","N Ritt","K Smith"
"1830","N Ritt","O Feher"
"1831","M Smithson","Y Shou"
"1832","C Schunn","A Liu"
"1833","A Clark","J Lau"
"1834","S Lappin","J Lau"
"1835","S Lappin","A Clark"
"1836","P Knoeferle","M Burigo"
"1837","S McAlister","T Cessna"
"1838","H Kloos","T Cessna"
"1839","H Kloos","S McAlister"
"1840","R Frank","T Cessna"
"1841","R Frank","S McAlister"
"1842","R Frank","H Kloos"
"1843","D Trninic","D Landy"
"1844","F Soylu","D Landy"
"1845","F Soylu","D Trninic"
"1846","J Kehoe","D Landy"
"1847","J Kehoe","D Trninic"
"1848","J Kehoe","F Soylu"
"1849","P Fishwick","D Landy"
"1850","P Fishwick","D Trninic"
"1851","P Fishwick","F Soylu"
"1852","P Fishwick","J Kehoe"
"1853","M Montrey","A Kaznatcheev"
"1854","T Shultz","A Kaznatcheev"
"1855","T Shultz","M Montrey"
"1856","R Magid","M Siegel"
"1857","J Tenenbaum","M Siegel"
"1858","J Tenenbaum","R Magid"
"1859","L Schulz","M Siegel"
"1860","L Schulz","R Magid"
"1862","D Barner","L Hochstein"
"1863","N Goodman","M Tessler"
"1864","S Bhatia","S Bhatia"
"1865","E Konstantinidis","M Speekenbrink"
"1866","P Muentener","E Stave"
"1867","L Schulz","E Stave"
"1868","L Schulz","P Muentener"
"1869","T Griffiths","M Bertolero"
"1870","A Yu","S Ahmad"
"1871","T Ueno","K Inohara"
"1872","H Singmann","M Ragni"
"1873","E Steinlein","M Ragni"
"1874","E Steinlein","H Singmann"
"1875","V Chu","H Gweon"
"1877","L Schulz","V Chu"
"1878","F Jakel","C Zednik"
"1879","L Rigoli","E Chiu"
"1880","M Spivey","E Chiu"
"1881","M Spivey","L Rigoli"
"1882","P Schrater","N Srivastava"
"1883","W Schuler","M Schijndel"
"1884","P Culicover","M Schijndel"
"1885","P Culicover","W Schuler"
"1886","J Kontinen","M Spychalska"
"1887","M Werning","M Spychalska"
"1888","M Werning","J Kontinen"
"1889","M Carminati","D Abashidze"
"1890","P Knoeferle","D Abashidze"
"1891","P Knoeferle","M Carminati"
"1892","P Carvalho","E Weitnauer"
"1893","R Goldstone","E Weitnauer"
"1895","H Ritter","E Weitnauer"
"1896","H Ritter","P Carvalho"
"1897","H Ritter","R Goldstone"
"1898","C Kello","J Rodny"
"1899","P Hemmer","T Robbins"
"1900","Y Tang","T Robbins"
"1901","Y Tang","P Hemmer"
"1902","M Frank","A Horowtiz"
"1903","B Newell","D Navarro"
"1904","E Dunbar","A Fourtassi"
"1905","E Dupoux","A Fourtassi"
"1906","E Dupoux","E Dunbar"
"1907","D Salvucci","D Salvucci"
"1908","C Bromberg","P Thibodeau"
"1909","R Hernandez","P Thibodeau"
"1910","R Hernandez","C Bromberg"
"1911","Z Wilson","P Thibodeau"
"1912","Z Wilson","C Bromberg"
"1913","Z Wilson","R Hernandez"
"1914","N Kim","J Jara-Ettinger"
"1915","P Muetener","J Jara-Ettinger"
"1916","P Muetener","N Kim"
"1917","L Schulz","J Jara-Ettinger"
"1918","L Schulz","N Kim"
"1919","L Schulz","P Muetener"
"1920","M Lee","M Guan"
"1921","A Silva","M Guan"
"1922","A Silva","M Lee"
"1923","R Willems","S Dolscheid"
"1924","P Hagoort","S Dolscheid"
"1925","P Hagoort","R Willems"
"1926","D Casasanto","S Dolscheid"
"1927","D Casasanto","R Willems"
"1928","D Casasanto","P Hagoort"
"1929","C Thompson","J Opfer"
"1930","G Layher","F Schrodt"
"1931","H Neumann","F Schrodt"
"1932","H Neumann","G Layher"
"1933","M Butz","F Schrodt"
"1934","M Butz","G Layher"
"1935","M Butz","H Neumann"
"1936","B Meijering","G Bergwerff"
"1937","J Szymanik","G Bergwerff"
"1938","J Szymanik","B Meijering"
"1939","R Verbrugge","G Bergwerff"
"1940","R Verbrugge","B Meijering"
"1941","R Verbrugge","J Szymanik"
"1942","S Wierda","G Bergwerff"
"1943","S Wierda","B Meijering"
"1944","S Wierda","J Szymanik"
"1945","S Wierda","R Verbrugge"
"1946","M Waldmann","J Samland"
"1947","P Shafto","B Eaves"
"1948","R Nunez","K Cooperrider"
"1949","J Slotta","K Cooperrider"
"1950","J Slotta","R Nunez"
"1951","J Hsiao","T Liu"
"1952","A Chemero","M Lamb"
"1953","P Baumann","P Baumann"
"1954","H Gweon","J Jara-Ettinger"
"1955","J Tenenbaum","J Jara-Ettinger"
"1956","J Tenenbaum","H Gweon"
"1960","D Gentner","L Smith"
"1961","J Abbott","D Bourgin"
"1962","T Griffiths","D Bourgin"
"1963","T Griffiths","J Abbott"
"1964","K Smith","D Bourgin"
"1965","K Smith","J Abbott"
"1966","K Smith","T Griffiths"
"1967","E Vul","D Bourgin"
"1968","E Vul","J Abbott"
"1969","E Vul","T Griffiths"
"1971","E Kravtchenko","E Kravtchenko"
"1972","P Monaghan","A Smith"
"1973","F Huettig","A Smith"
"1974","F Huettig","P Monaghan"
"1975","P Naidu","H Schultheis"
"1976","P Series","R Duarte"
"1977","A Morrison","R Duarte"
"1978","A Morrison","P Series"
"1979","T Icard","T Icard"
"1980","J Funke","J Funke"
"1981","K Youngstrom","T Marghetis"
"1982","C Kemp","A Jern"
"1983","S Bennati","R Thomson"
"1984","C Lebiere","R Thomson"
"1985","C Lebiere","S Bennati"
"1986","Y Kamide","B Dunn"
"1987","C Scheepers","B Dunn"
"1988","C Scheepers","Y Kamide"
"1989","R Shiffrin","G Cox"
"1990","P Tupper","P Tupper"
"1991","E Thiessen","L Erickson"
"1992","K Godwin","L Erickson"
"1993","K Godwin","E Thiessen"
"1994","J Dickerson","L Erickson"
"1995","J Dickerson","E Thiessen"
"1996","J Dickerson","K Godwin"
"1997","A Fisher","L Erickson"
"1998","A Fisher","E Thiessen"
"1999","A Fisher","K Godwin"
"2000","A Fisher","J Dickerson"
"2001","P Cheng","J Walker"
"2002","J Stigler","J Walker"
"2003","J Stigler","P Cheng"
"2004","A Ishiguchi","M Tokita"
"2005","C Busdraghi","K Morsanyi"
"2006","C Primi","K Morsanyi"
"2007","C Primi","C Busdraghi"
"2008","B Gaume","Y Desalle"
"2009","K Duvignau","Y Desalle"
"2010","K Duvignau","B Gaume"
"2011","H Cheung","Y Desalle"
"2012","H Cheung","B Gaume"
"2013","H Cheung","K Duvignau"
"2014","S Hsieh","Y Desalle"
"2015","S Hsieh","B Gaume"
"2016","S Hsieh","K Duvignau"
"2017","S Hsieh","H Cheung"
"2018","P Magistry","Y Desalle"
"2019","P Magistry","B Gaume"
"2020","P Magistry","K Duvignau"
"2021","P Magistry","H Cheung"
"2022","P Magistry","S Hsieh"
"2023","J Nespoulous","Y Desalle"
"2024","J Nespoulous","B Gaume"
"2025","J Nespoulous","K Duvignau"
"2026","J Nespoulous","H Cheung"
"2027","J Nespoulous","S Hsieh"
"2028","J Nespoulous","P Magistry"
"2029","D Richardson","P Parnamets"
"2030","C Balkenius","P Parnamets"
"2031","C Balkenius","D Richardson"
"2032","N Goodman","T Gerstenberg"
"2034","D Lagnado","N Goodman"
"2035","J Tenenbaum","T Gerstenberg"
"2037","J Tenenbaum","D Lagnado"
"2038","E Baggs","E Baggs"
"2039","E Sugarman","M Lewis"
"2040","M Frank","M Lewis"
"2041","M Frank","E Sugarman"
"2042","A Charlesworth","D Landy"
"2043","E Ottmar","D Landy"
"2044","E Ottmar","A Charlesworth"
"2045","L Rips","J Dink"
"2046","P Monaghan","A Snith"
"2047","F Huettig","A Snith"
"2050","P Todd","B Kievit-Kylar"
"2051","Y Ahn","B Kievit-Kylar"
"2052","Y Ahn","P Todd"
"2053","S Brussow","S Bennati"
"2054","M Ragni","S Bennati"
"2055","M Ragni","S Brussow"
"2056","L Konieczny","S Bennati"
"2057","L Konieczny","S Brussow"
"2058","L Konieczny","M Ragni"
"2059","L Bucher","J Nejasmic"
"2060","P Thorn","J Nejasmic"
"2061","P Thorn","L Bucher"
"2062","M Knauff","J Nejasmic"
"2063","M Knauff","L Bucher"
"2064","M Knauff","P Thorn"
"2065","C Yu","A Romberg"
"2066","N Taatgen","L Gittelson"
"2068","J Ren","C Levitan"
"2069","A Woods","C Levitan"
"2070","A Woods","J Ren"
"2071","S Boesveldt","C Levitan"
"2072","S Boesveldt","J Ren"
"2073","S Boesveldt","A Woods"
"2074","J Chan","C Levitan"
"2075","J Chan","J Ren"
"2076","J Chan","A Woods"
"2077","J Chan","S Boesveldt"
"2078","K McKenzie","C Levitan"
"2079","K McKenzie","J Ren"
"2080","K McKenzie","A Woods"
"2081","K McKenzie","S Boesveldt"
"2082","K McKenzie","J Chan"
"2083","M Dodson","C Levitan"
"2084","M Dodson","J Ren"
"2085","M Dodson","A Woods"
"2086","M Dodson","S Boesveldt"
"2087","M Dodson","J Chan"
"2088","M Dodson","K McKenzie"
"2089","J Levin","C Levitan"
"2090","J Levin","J Ren"
"2091","J Levin","A Woods"
"2092","J Levin","S Boesveldt"
"2093","J Levin","J Chan"
"2094","J Levin","K McKenzie"
"2095","J Levin","M Dodson"
"2096","X Leong","C Levitan"
"2097","X Leong","J Ren"
"2098","X Leong","A Woods"
"2099","X Leong","S Boesveldt"
"2100","X Leong","J Chan"
"2101","X Leong","K McKenzie"
"2102","X Leong","M Dodson"
"2103","X Leong","J Levin"
"2104","J Bosch","C Levitan"
"2105","J Bosch","J Ren"
"2106","J Bosch","A Woods"
"2107","J Bosch","S Boesveldt"
"2108","J Bosch","J Chan"
"2109","J Bosch","K McKenzie"
"2110","J Bosch","M Dodson"
"2111","J Bosch","J Levin"
"2112","J Bosch","X Leong"
"2113","E Gontier","E Hasuo"
"2114","T Mitsudo","E Hasuo"
"2115","T Mitsudo","E Gontier"
"2116","Y Nakajima","E Hasuo"
"2117","Y Nakajima","E Gontier"
"2118","Y Nakajima","T Mitsudo"
"2119","S Tobimatsu","E Hasuo"
"2120","S Tobimatsu","E Gontier"
"2121","S Tobimatsu","T Mitsudo"
"2122","S Tobimatsu","Y Nakajima"
"2123","S Grondin","E Hasuo"
"2124","S Grondin","E Gontier"
"2125","S Grondin","T Mitsudo"
"2126","S Grondin","Y Nakajima"
"2127","S Grondin","S Tobimatsu"
"2128","R Magid","P Yang"
"2129","L Schulz","P Yang"
"2131","S Somers","S Cebulski"
"2132","L Swartzman","K Zhang"
"2133","J Minda","K Zhang"
"2134","J Minda","L Swartzman"
"2135","R Grimm","R Fernandez"
"2136","J Davies","M Vertolli"
"2137","M Ringenberg","D Belenkuy"
"2138","J Olsen","D Belenkuy"
"2139","J Olsen","M Ringenberg"
"2140","V Aleven","D Belenkuy"
"2141","V Aleven","M Ringenberg"
"2142","V Aleven","J Olsen"
"2143","N Rummel","D Belenkuy"
"2144","N Rummel","M Ringenberg"
"2145","N Rummel","J Olsen"
"2146","N Rummel","V Aleven"
"2147","N Khlaifian","M Ruiz-Blondet"
"2148","B Armstrong","M Ruiz-Blondet"
"2149","B Armstrong","N Khlaifian"
"2150","Z Jin","M Ruiz-Blondet"
"2151","Z Jin","N Khlaifian"
"2152","Z Jin","B Armstrong"
"2153","K Kurtz","M Ruiz-Blondet"
"2154","K Kurtz","N Khlaifian"
"2155","K Kurtz","B Armstrong"
"2156","K Kurtz","Z Jin"
"2157","S Laszlo","M Ruiz-Blondet"
"2158","S Laszlo","N Khlaifian"
"2160","S Laszlo","Z Jin"
"2161","S Laszlo","K Kurtz"
"2162","H Zaharchuk","C Lucero"
"2163","D Casasanto","C Lucero"
"2164","D Casasanto","H Zaharchuk"
"2165","M Bixter","C Luhmann"
"2166","A Prefors","A Hendrickson"
"2167","D Navarro","A Hendrickson"
"2170","C Lawson","S Stanley"
"2172","L Gonnerman","K Kolne"
"2173","M Ragni","G Kuhnmuench"
"2174","A Slater","G Recchia"
"2176","M Louwerse","A Slater"
"2177","E Pluciennicka","Y Wamain"
"2178","S Kalenine","Y Wamain"
"2179","S Kalenine","E Pluciennicka"
"2180","M Bernacki","J Richey"
"2181","D Belenky","J Richey"
"2182","D Belenky","M Bernacki"
"2184","T Nokes-Malach","M Bernacki"
"2185","T Nokes-Malach","D Belenky"
"2186","T Mathison","F Costello"
"2189","R Goldstone","D Braithwaite"
"2190","I Giannopoulos","T Thrash"
"2191","V Schinazi","T Thrash"
"2192","V Schinazi","I Giannopoulos"
"2193","E Mettler","C Bufford"
"2194","E Geller","C Bufford"
"2195","E Geller","E Mettler"
"2196","P Kellman","C Bufford"
"2197","P Kellman","E Mettler"
"2198","P Kellman","E Geller"
"2199","M Frank","M Frank"
"2200","I Gauthier","P Wang"
"2201","G Cottrell","P Wang"
"2202","G Cottrell","I Gauthier"
"2203","H Huang","S Zhang"
"2204","A Yu","S Zhang"
"2205","A Yu","H Huang"
"2206","P Cheng","P Cheng"
"2207","S Kopp","A Sadghipour"
"2208","J Allen","I Perera"
"2209","V Demberg","H Drenhaus"
"2210","J Koehne","H Drenhaus"
"2211","J Koehne","V Demberg"
"2212","F Delogu","H Drenhaus"
"2213","F Delogu","V Demberg"
"2214","F Delogu","J Koehne"
"2215","D Casasanto","J Fuente"
"2216","J Santiago","J Fuente"
"2218","B Kievit-Kylar","T Rubin"
"2219","J Willits","T Rubin"
"2220","J Willits","B Kievit-Kylar"
"2221","M Jones","T Rubin"
"2222","M Jones","B Kievit-Kylar"
"2223","M Jones","J Willits"
"2224","T Farmer","E Karuza"
"2225","A Fine","E Karuza"
"2226","A Fine","T Farmer"
"2227","F Smith","E Karuza"
"2228","F Smith","T Farmer"
"2229","F Smith","A Fine"
"2230","T Jaeger","E Karuza"
"2231","T Jaeger","T Farmer"
"2232","T Jaeger","A Fine"
"2233","T Jaeger","F Smith"
"2234","D Richardson","C Street"
"2235","T Lombrozo","D Plunkett"
"2236","L Buchak","D Plunkett"
"2237","L Buchak","T Lombrozo"
"2238","M Dehghani","E Sagi"
"2239","U Hahn","C Engelmann"
"2240","K Kotovsky","U Sio"
"2241","J Cagan","U Sio"
"2242","J Cagan","K Kotovsky"
"2243","M Sydow","M Sydow"
"2244","A Harris","K O'Brien"
"2246","S Yan","T Farmer"
"2247","S Yan","A Fine"
"2248","S Cheimariou","T Farmer"
"2249","S Cheimariou","A Fine"
"2250","S Cheimariou","S Yan"
"2251","F Jaeger","T Farmer"
"2252","F Jaeger","A Fine"
"2253","F Jaeger","S Yan"
"2254","F Jaeger","S Cheimariou"
"2255","E Tubau","E Johnson"
"2256","W Neys","E Johnson"
"2257","W Neys","E Tubau"
"2258","M Ranzini","A Flumini"
"2259","A Borghi","A Flumini"
"2260","A Borghi","M Ranzini"
"2261","S Frank","S Frank"
"2262","D Ballard","L Johnson"
"2263","K Miwa","A Maehigashi"
"2264","H Terai","A Maehigashi"
"2266","K Kojima","A Maehigashi"
"2267","K Kojima","K Miwa"
"2268","K Kojima","H Terai"
"2269","J Morita","A Maehigashi"
"2270","J Morita","K Miwa"
"2271","J Morita","H Terai"
"2272","J Morita","K Kojima"
"2273","J Thibaut","R French"
"2274","D Reitter","M Ghafurian"
"2275","S Yeung","S Yeung"
"2276","A Kukona","G Williams"
"2277","Y Kamide","G Williams"
"2279","B Nguyen","J Bye"
"2280","H Lu","J Bye"
"2281","H Lu","B Nguyen"
"2282","S Johnson","J Bye"
"2283","S Johnson","B Nguyen"
"2284","S Johnson","H Lu"
"2285","T Ong","M Gobel"
"2286","A Harris","M Gobel"
"2287","A Harris","T Ong"
"2288","A Hendrickson","S Langsford"
"2289","A Prefors","S Langsford"
"2291","D Navarro","S Langsford"
"2294","O Friedman","M Pesowski"
"2295","N McNeil","C Byrd"
"2296","S D'Mello","C Byrd"
"2297","S D'Mello","N McNeil"
"2298","S Cook","C Byrd"
"2299","S Cook","N McNeil"
"2300","S Cook","S D'Mello"
"2301","C Lawson","C Lawson"
"2302","P Cheng","R Roller"
"2303","B Datsko","I Lubashevsky"
"2306","C Myers","V Veksler"
"2307","C Myers","K Gluck"
"2308","J Harris","V Veksler"
"2309","J Harris","K Gluck"
"2310","J Harris","C Myers"
"2311","T Mielke","V Veksler"
"2312","T Mielke","K Gluck"
"2313","T Mielke","C Myers"
"2314","T Mielke","J Harris"
"2315","M Bernacki","S Fancsali"
"2316","T Nokes-Malach","S Fancsali"
"2318","M Yudelson","S Fancsali"
"2319","M Yudelson","M Bernacki"
"2320","M Yudelson","T Nokes-Malach"
"2321","S Ritter","S Fancsali"
"2322","S Ritter","M Bernacki"
"2323","S Ritter","T Nokes-Malach"
"2324","S Ritter","M Yudelson"
"2325","M Kastel","M Postma-Nilsenova"
"2326","M Balsters","M Postma-Nilsenova"
"2327","M Balsters","M Kastel"
"2328","H Fukuda","H Suzuki"
"2329","H Miyata","H Suzuki"
"2330","H Miyata","H Fukuda"
"2331","K Tsuchiya","H Suzuki"
"2332","K Tsuchiya","H Fukuda"
"2333","K Tsuchiya","H Miyata"
"2334","W Grannan-Rubenstein","G Grannan-Rubenstein"
"2335","P Thibodeau","G Grannan-Rubenstein"
"2336","P Thibodeau","W Grannan-Rubenstein"
"2337","V Breault","M Vertolli"
"2338","S Ouellet","M Vertolli"
"2339","S Ouellet","V Breault"
"2340","S Somers","M Vertolli"
"2341","S Somers","V Breault"
"2342","S Somers","S Ouellet"
"2343","J Gagne","M Vertolli"
"2344","J Gagne","V Breault"
"2345","J Gagne","S Ouellet"
"2346","J Gagne","S Somers"
"2348","J Davies","V Breault"
"2349","J Davies","S Ouellet"
"2350","J Davies","S Somers"
"2351","J Davies","J Gagne"
"2352","K Harle","H Huang"
"2353","M Paulus","H Huang"
"2354","M Paulus","K Harle"
"2355","J Movellan","H Huang"
"2356","J Movellan","K Harle"
"2357","J Movellan","M Paulus"
"2358","A Schlottmann","J Hill"
"2359","M Ellefson","J Hill"
"2360","M Ellefson","A Schlottmann"
"2361","K Taber","J Hill"
"2362","K Taber","A Schlottmann"
"2363","K Taber","M Ellefson"
"2364","V Tse","J Hill"
"2365","V Tse","A Schlottmann"
"2366","V Tse","M Ellefson"
"2367","V Tse","K Taber"
"2368","T Yung","J Hill"
"2369","T Yung","A Schlottmann"
"2370","T Yung","M Ellefson"
"2371","T Yung","K Taber"
"2372","T Yung","V Tse"
"2373","W Jimenez-Leal","C Gaviria"
"2374","M Blair","C McColeman"
"2375","G Cottrell","B French"
"2376","A Flumini","A Roman"
"2377","M Escobar","A Roman"
"2378","M Escobar","A Flumini"
"2379","J Santiago","A Roman"
"2380","J Santiago","A Flumini"
"2381","J Santiago","M Escobar"
"2382","R Sun","N Wilson"
"2383","M Dehghani","E Kim"
"2384","Y Kim","E Kim"
"2385","Y Kim","M Dehghani"
"2386","P Carnevale","E Kim"
"2387","P Carnevale","M Dehghani"
"2388","P Carnevale","Y Kim"
"2389","J Gratch","E Kim"
"2390","J Gratch","M Dehghani"
"2391","J Gratch","Y Kim"
"2392","J Gratch","P Carnevale"
"2393","D Bartels","N Reinholtz"
"2394","J Parker","N Reinholtz"
"2395","J Parker","D Bartels"
"2396","M Amelsvoort","H Westerbeek"
"2398","A Maes","M Amelsvoort"
"2399","M Swerts","H Westerbeek"
"2400","M Swerts","M Amelsvoort"
"2401","M Swerts","A Maes"
"2402","J Corter","Y Chen"
"2403","C Lacadie","Y Lai"
"2404","T Constable","Y Lai"
"2405","T Constable","C Lacadie"
"2406","A Deo","Y Lai"
"2407","A Deo","C Lacadie"
"2408","A Deo","T Constable"
"2409","M Piñango","Y Lai"
"2410","M Piñango","C Lacadie"
"2411","M Piñango","T Constable"
"2412","M Piñango","A Deo"
"2413","H Haarman","J Harbinson"
"2414","S Tsukamoto","T Ueno"
"2415","T Kurita","T Ueno"
"2416","T Kurita","S Tsukamoto"
"2417","M Karasawa","T Ueno"
"2418","M Karasawa","S Tsukamoto"
"2419","M Karasawa","T Kurita"
"2420","R Stahnke","G Jahn"
"2421","F Rebitschek","G Jahn"
"2422","F Rebitschek","R Stahnke"
"2423","P Moser","P Maguire"
"2425","R Maguire","P Moser"
"2426","V Griffith","P Maguire"
"2427","V Griffith","P Moser"
"2428","V Griffith","R Maguire"
"2429","J Mayer","L Guthrie"
"2430","F Vallee-Tourangeau","L Guthrie"
"2431","F Vallee-Tourangeau","J Mayer"
"2432","E Krahmer","M Hoetjes"
"2435","E Trimber","M Bixter"
"2437","C Luhmann","E Trimber"
"2438","M Heyvaert","L Saenen"
"2439","I Grosemans","L Saenen"
"2440","I Grosemans","M Heyvaert"
"2441","W Dooren","L Saenen"
"2442","W Dooren","M Heyvaert"
"2443","W Dooren","I Grosemans"
"2444","P Onghena","L Saenen"
"2445","P Onghena","M Heyvaert"
"2446","P Onghena","I Grosemans"
"2447","P Onghena","W Dooren"
"2448","J Milazzo","E Munnich"
"2449","J Stannard","E Munnich"
"2450","J Stannard","J Milazzo"
"2451","K Rainford","E Munnich"
"2452","K Rainford","J Milazzo"
"2453","K Rainford","J Stannard"
"2454","D Zeyrek","G Gönül"
"2455","M Rapp","M DeWolf"
"2456","M Bassok","M DeWolf"
"2457","M Bassok","M Rapp"
"2458","K Holyoak","M DeWolf"
"2459","K Holyoak","M Rapp"
"2460","K Holyoak","M Bassok"
"2461","G Heyman","I Oved"
"2462","D Barner","I Oved"
"2463","D Barner","G Heyman"
"2464","L Luo","B Burns"
"2465","J Adelman","T Hills"
"2466","N Cohn","N Cohn"
"2467","N McNeil","L Peterson"
"2468","A Tollaksen","L Peterson"
"2469","A Tollaksen","N McNeil"
"2470","A Boehm","L Peterson"
"2471","A Boehm","N McNeil"
"2472","A Boehm","A Tollaksen"
"2473","C Hall","L Peterson"
"2474","C Hall","N McNeil"
"2475","C Hall","A Tollaksen"
"2476","C Hall","A Boehm"
"2477","C Carrazza","L Peterson"
"2478","C Carrazza","N McNeil"
"2479","C Carrazza","A Tollaksen"
"2480","C Carrazza","A Boehm"
"2481","C Carrazza","C Hall"
"2482","B Devlin","L Peterson"
"2483","B Devlin","N McNeil"
"2484","B Devlin","A Tollaksen"
"2485","B Devlin","A Boehm"
"2486","B Devlin","C Hall"
"2487","B Devlin","C Carrazza"
"2488","M Speekenbrink","E Schulz"
"2489","D Shanks","E Schulz"
"2490","D Shanks","M Speekenbrink"
"2491","M Hutter","P Sunehag"
"2492","J Anderson","C Tenison"
"2493","A Loula","E Oliveira"
"2494","M Sumner","S King"
"2495","A Merrick","D Powell"
"2496","H Lu","D Powell"
"2497","H Lu","A Merrick"
"2498","K Holyoak","D Powell"
"2499","K Holyoak","A Merrick"
"2500","K Holyoak","H Lu"
"2501","J Daltrozzo","S Emerson"
"2502","C Conway","S Emerson"
"2503","C Conway","J Daltrozzo"
"2504","P Knoeferle","E Guerra"
"2505","I Yildrim","G Erdogan"
"2506","R Jacobs","G Erdogan"
"2507","R Jacobs","I Yildrim"
"2508","E Houben","R Koolen"
"2509","J Huntjens","R Koolen"
"2510","J Huntjens","E Houben"
"2511","E Krahmer","R Koolen"
"2512","E Krahmer","E Houben"
"2513","E Krahmer","J Huntjens"
"2514","P Knoeferle","H Kreysa"
"2515","E Nunneman","H Kreysa"
"2516","E Nunneman","P Knoeferle"
"2517","S Franklin","D Dong"
"2519","K Forbus","S Kandaswamy"
"2520","D Gentner","S Kandaswamy"
"2521","D Gentner","K Forbus"
"2522","L Leite","D Ullman"
"2523","J Phillips","D Ullman"
"2524","J Phillips","L Leite"
"2525","J Kim-Cohen","D Ullman"
"2526","J Kim-Cohen","L Leite"
"2527","J Kim-Cohen","J Phillips"
"2528","B Scassellati","D Ullman"
"2529","B Scassellati","L Leite"
"2530","B Scassellati","J Phillips"
"2531","B Scassellati","J Kim-Cohen"
"2532","J Kurz","A Belardinelli"
"2533","E Kutter","A Belardinelli"
"2534","E Kutter","J Kurz"
"2535","H Neumann","A Belardinelli"
"2536","H Neumann","J Kurz"
"2537","H Neumann","E Kutter"
"2538","H Karnath","A Belardinelli"
"2539","H Karnath","J Kurz"
"2540","H Karnath","E Kutter"
"2541","H Karnath","H Neumann"
"2542","M Butz","A Belardinelli"
"2543","M Butz","J Kurz"
"2544","M Butz","E Kutter"
"2546","M Butz","H Karnath"
"2548","T Matsui","K Kojima"
"2549","T Matsui","K Miwa"
"2551","S Perez","O Lewis"
"2552","J Tenenbaum","O Lewis"
"2553","J Tenenbaum","S Perez"
"2554","A Ly","S Sancehz-Alonso"
"2555","D Braze","S Sancehz-Alonso"
"2556","D Braze","A Ly"
"2557","C Lacadie","S Sancehz-Alonso"
"2558","C Lacadie","A Ly"
"2559","C Lacadie","D Braze"
"2560","T Constable","S Sancehz-Alonso"
"2561","T Constable","A Ly"
"2562","T Constable","D Braze"
"2564","M Pinango","S Sancehz-Alonso"
"2565","M Pinango","A Ly"
"2566","M Pinango","D Braze"
"2567","M Pinango","C Lacadie"
"2568","M Pinango","T Constable"
"2584","R Iliev","A Smirnova"
"2585","S Chartier","M Herbert"
"2586","C Tremblay","M Herbert"
"2587","C Tremblay","S Chartier"
"2588","S Nandy","S Nandy"
"2589","C Jones","D Peebles"
"2590","J Dessalles","D Munch"
"2591","S Grondin","T Kuroda"
"2592","S Tobimatsu","T Kuroda"
"2594","P Roon","A D'Angiulli"
"2595","M Yuan","W Cheng"
"2596","F Ferreira","W Cheng"
"2597","F Ferreira","M Yuan"
"2598","A Almor","W Cheng"
"2599","A Almor","M Yuan"
"2600","A Almor","F Ferreira"
"2601","M Althof","L Mol"
"2602","I Farkas","M Svec"
"2603","A Broeck","L Janssens"
"2605","W Schaeken","A Broeck"
"2606","W Clancey","W Clancey"
"2607","R Tillman","S Hutchinson"
"2608","M Louwerse","S Hutchinson"
"2609","M Louwerse","R Tillman"
"2610","H Vlach","H Vlach"
"2611","N Noles","J Danovitch"
"2612","M Kadiyala","D Pierce"
"2613","C Ives","D Pierce"
"2614","C Ives","M Kadiyala"
"2615","S Finley","S Finley"
"2616","C Bank","E Alexander"
"2617","J Yang","E Alexander"
"2618","J Yang","C Bank"
"2619","B Hayes","E Alexander"
"2620","B Hayes","C Bank"
"2621","B Hayes","J Yang"
"2622","B Scassellati","E Alexander"
"2623","B Scassellati","C Bank"
"2624","B Scassellati","J Yang"
"2625","B Scassellati","B Hayes"
"2626","I Harmon","J Waskan"
"2627","A Higgins","J Waskan"
"2628","A Higgins","I Harmon"
"2629","J Spino","J Waskan"
"2630","J Spino","I Harmon"
"2631","J Spino","A Higgins"
"2632","K Tobia","J Freitas"
"2633","G Newman","J Freitas"
"2634","G Newman","K Tobia"
"2635","J Knobe","J Freitas"
"2636","J Knobe","K Tobia"
"2637","J Knobe","G Newman"
"2638","T Hunter","Z Chen"
"2639","J Yun","Z Chen"
"2640","J Yun","T Hunter"
"2641","J Hale","Z Chen"
"2642","J Hale","T Hunter"
"2643","J Hale","J Yun"
"2645","M Carminati","K Munster"
"2646","P Knoeferle","K Munster"
"2648","L Pearl","L Phillips"
"2649","B Stillerman","E Walker"
"2650","J Iverson","E Walker"
"2651","J Iverson","B Stillerman"
"2652","A Patel","E Walker"
"2653","A Patel","B Stillerman"
"2654","A Patel","J Iverson"
"2656","B Bergen","B Stillerman"
"2657","B Bergen","J Iverson"
"2658","B Bergen","A Patel"
"2660","A Junglen","B Morris"
"2661","A Junglen","P Cravalho"
"2664","C Was","A Junglen"
"2667","A Masnick","A Junglen"
"2669","F Roser","C Balaban"
"2670","K Hamburger","C Balaban"
"2672","G Petkov","L Shahbazyan"
"2673","L Gurova","L Shahbazyan"
"2674","L Gurova","G Petkov"
"2676","M Donati","C Primi"
"2677","M Donati","K Morsanyi"
"2678","F Chiesi","C Primi"
"2679","F Chiesi","K Morsanyi"
"2680","F Chiesi","M Donati"
"2681","K McCallum","A Shtulman"
"2682","G Beaulac","G Beaulac"
"2684","E Postma","M Pereira"
"2685","S Shahid","M Pereira"
"2686","S Shahid","E Postma"
"2687","M Swerts","M Pereira"
"2688","M Swerts","E Postma"
"2689","M Swerts","S Shahid"
"2690","J Lins","M Richter"
"2691","S Schneegans","M Richter"
"2692","S Schneegans","J Lins"
"2693","Y Sandamirskaya","M Richter"
"2694","Y Sandamirskaya","J Lins"
"2695","Y Sandamirskaya","S Schneegans"
"2696","G Schoner","M Richter"
"2697","G Schoner","J Lins"
"2698","G Schoner","S Schneegans"
"2699","G Schoner","Y Sandamirskaya"
"2700","K Nakamura","K Nakamura"
"2702","R Venaglia","P Hemmer"
"2703","R Venaglia","K Persaud"
"2704","J DeAngelis","P Hemmer"
"2705","J DeAngelis","K Persaud"
"2706","J DeAngelis","R Venaglia"
"2707","J Krems","F Rebitscheck"
"2708","G Jahn","F Rebitscheck"
"2709","G Jahn","J Krems"
"2710","M Hsu","F Lieder"
"2711","T Griffiths","F Lieder"
"2712","T Griffiths","M Hsu"
"2713","U Gostoli","P Warren"
"2714","G Farmer","P Warren"
"2715","G Farmer","U Gostoli"
"2716","M Boyle","P Warren"
"2717","M Boyle","U Gostoli"
"2718","M Boyle","G Farmer"
"2719","W El-Deredy","P Warren"
"2720","W El-Deredy","U Gostoli"
"2721","W El-Deredy","G Farmer"
"2722","W El-Deredy","M Boyle"
"2723","A Howes","P Warren"
"2724","A Howes","U Gostoli"
"2725","A Howes","G Farmer"
"2726","A Howes","M Boyle"
"2727","A Howes","W El-Deredy"
"2728","U Hahn","P Warren"
"2729","U Hahn","U Gostoli"
"2730","U Hahn","G Farmer"
"2731","U Hahn","M Boyle"
"2732","U Hahn","W El-Deredy"
"2733","U Hahn","A Howes"
"2734","V Breugelmans","W Schaeken"
"2736","L Janssens","V Breugelmans"
"2737","B Kokinov","M Pavlova"
"2738","P Juslin","M Guath"
"2739","Y Tateyama","M Yano"
"2740","Y Kim","M Yano"
"2741","Y Kim","Y Tateyama"
"2742","T Sakamoto","M Yano"
"2743","T Sakamoto","Y Tateyama"
"2744","T Sakamoto","Y Kim"
"2745","T Shimazaki","M Saito"
"2746","D Vinson","J Jones"
"2747","N Clostre","J Jones"
"2748","N Clostre","D Vinson"
"2749","A Zhu","J Jones"
"2750","A Zhu","D Vinson"
"2751","A Zhu","N Clostre"
"2752","J Santiago","J Jones"
"2753","J Santiago","D Vinson"
"2754","J Santiago","N Clostre"
"2755","J Santiago","A Zhu"
"2756","G Vigliocco","J Jones"
"2757","G Vigliocco","D Vinson"
"2758","G Vigliocco","N Clostre"
"2759","G Vigliocco","A Zhu"
"2760","G Vigliocco","J Santiago"
"2761","J Szymanik","J Dotlacil"
"2762","M Zajenkowski","J Dotlacil"
"2763","M Zajenkowski","J Szymanik"
"2767","Y Chang","C Lee"
"2768","C Liu","C Lee"
"2769","C Liu","Y Chang"
"2770","J Hsu","C Lee"
"2771","J Hsu","Y Chang"
"2772","J Hsu","C Liu"
"2773","M MacDonald","S Howell"
"2774","M Seidenberg","S Howell"
"2775","M Seidenberg","M MacDonald"
"2776","T Boerrigter","M Swerts"
"2777","Y Gurova","M Swerts"
"2778","Y Gurova","T Boerrigter"
"2779","F Vallee-Tourangeau","N Shipp"
"2780","S Anthony","N Shipp"
"2781","S Anthony","F Vallee-Tourangeau"
"2782","S O'Hanlon","M Ciraolo"
"2783","L Doumas","M Ciraolo"
"2784","L Doumas","S O'Hanlon"
"2785","M Goudbeek","P Mui"
"2786","M Swerts","P Mui"
"2787","M Swerts","M Goudbeek"
"2788","P Carnevale","C Melo"
"2789","J Gratch","C Melo"
"2792","V Kadreva","E Hristova"
"2793","M Grinberg","E Hristova"
"2794","M Grinberg","V Kadreva"
"2795","D Mewhort","M Kelly"
"2796","R West","M Kelly"
"2797","R West","D Mewhort"
"2798","M Sydow","D Hebelmann"
"2799","A Emilsson","A Vogel"
"2800","M Frank","A Vogel"
"2801","M Frank","A Emilsson"
"2802","D Jurafsky","A Vogel"
"2803","D Jurafsky","A Emilsson"
"2804","D Jurafsky","M Frank"
"2805","C Potts","A Vogel"
"2806","C Potts","A Emilsson"
"2807","C Potts","M Frank"
"2808","C Potts","D Jurafsky"
"2809","C Lew-Williams","B Ferguson"
"2810","M Cox","M Paisner"
"2811","M Maynord","M Paisner"
"2812","M Maynord","M Cox"
"2813","D Perlis","M Paisner"
"2814","D Perlis","M Cox"
"2815","D Perlis","M Maynord"
"2816","J Yoshimi","J Yoshimi"
"2817","A Foltz","J Gaspers"
"2818","P Cimiano","J Gaspers"
"2819","P Cimiano","A Foltz"
"2820","T Ormerod","G Kefalidou"
"2821","S Goldin-Meadow","K Cooperrider"
"2822","C Wu","N Attar"
"2823","M Pomplun","N Attar"
"2824","M Pomplun","C Wu"
"2826","W Fu","A Battles"
"2827","L Wei","S Hutchinson"
"2829","M Louwerse","L Wei"
"2830","T Mondor","N Brosowsky"
"2831","F Prado","F Prado"
"2832","S Phillips","S Phillips"
"2833","J Avila-Souza","G Gauer"
"2834","G Lannig","G Gauer"
"2835","G Lannig","J Avila-Souza"
"2836","T Ullman","T Gerstenberg"
"2837","M Kleiman-Weiner","T Gerstenberg"
"2838","M Kleiman-Weiner","T Ullman"
"2840","D Lagnado","T Ullman"
"2841","D Lagnado","M Kleiman-Weiner"
"2844","J Tenenbaum","M Kleiman-Weiner"
"2846","E Kon","A Carstensen"
"2848","T Regier","E Kon"
"2849","K Forbus","C Liang"
"2850","J Corter","S Gugga"
"2851","I Lubashevsky","A Zgonnikov"
"2852","S Kanemoto","A Zgonnikov"
"2853","S Kanemoto","I Lubashevsky"
"2854","K Ransom","A Prefors"
"2856","D Navarro","K Ransom"
"2857","C Arciniegas","F Reali"
"2858","P Hagoort","E Heyselaar"
"2859","K Segaert","E Heyselaar"
"2860","K Segaert","P Hagoort"
"2861","B Chang","J Booth"
"2862","J Cromley","J Booth"
"2863","J Cromley","B Chang"
"2864","T Shipley","J Booth"
"2865","T Shipley","B Chang"
"2866","T Shipley","J Cromley"
"2867","T Wills","J Booth"
"2868","T Wills","B Chang"
"2869","T Wills","J Cromley"
"2870","T Wills","T Shipley"
"2871","L Maurits","A Whalen"
"2872","M Pacer","A Whalen"
"2873","M Pacer","L Maurits"
"2874","T Griffiths","A Whalen"
"2875","T Griffiths","L Maurits"
"2877","S Anderson","C Gordon"
"2878","M Spivey","C Gordon"
"2879","M Spivey","S Anderson"
"2880","N Berberian","C Tremblay"
"2882","S Chartier","N Berberian"
"2883","S Tseng","L Gabora"
"2884","M Lindeman","A Shtulman"
"2885","Y Wajima","Y Sato"
"2886","K Ueda","Y Sato"
"2887","K Ueda","Y Wajima"
"2888","R Dale","A Paxton"
"2889","C Yu","G Kachergis"
"2890","R Shiffrin","G Kachergis"
"2891","R Shiffrin","C Yu"
"2892","A Fazly","L Barak"
"2893","S Stevenson","L Barak"
"2895","M Suzuki","A Fujita"
"2896","N Arai","A Fujita"
"2897","N Arai","M Suzuki"
"2898","D Valado","A Filipowicz"
"2899","B Anderson","A Filipowicz"
"2900","B Anderson","D Valado"
"2901","J Danckert","A Filipowicz"
"2902","J Danckert","D Valado"
"2903","J Danckert","B Anderson"
"2904","P Cheung","I Oved"
"2906","D Barner","P Cheung"
"2907","C McColeman","J Barnes"
"2908","E Stepanova","J Barnes"
"2909","E Stepanova","C McColeman"
"2910","M Blair","J Barnes"
"2912","M Blair","E Stepanova"
"2913","R Walshe","J Barnes"
"2914","R Walshe","C McColeman"
"2915","R Walshe","E Stepanova"
"2916","R Walshe","M Blair"
"2917","M Sandt-Koenderman","K Nispen"
"2918","L Mol","K Nispen"
"2919","L Mol","M Sandt-Koenderman"
"2920","E Krahmer","K Nispen"
"2921","E Krahmer","M Sandt-Koenderman"
"2922","E Krahmer","L Mol"
"2923","T Jaeger","E Buz"
"2924","M Tanenhaus","E Buz"
"2925","M Tanenhaus","T Jaeger"
"2926","C Was","B Hollis"
"2927","H Gary","N Chernyak"
"2928","C Schunn","P Egan"
"2929","J Cagan","P Egan"
"2930","J Cagan","C Schunn"
"2931","P LeDuc","P Egan"
"2932","P LeDuc","C Schunn"
"2933","P LeDuc","J Cagan"
"2934","G Gunzelman","G Gunzelman"
"2936","L Doumas","A Lim"
"2937","S Sinnett","A Lim"
"2938","S Sinnett","L Doumas"
"2939","M Lotstein","S Khemlani"
"2940","P Johnson-Laird","S Khemlani"
"2941","P Johnson-Laird","M Lotstein"
"2948","D Abney","A Paxton"
"2949","C Kello","A Paxton"
"2952","R Dale","D Abney"
"2953","R Dale","C Kello"
"2954","J Pierrehumbert","R Schumacher"
"2955","P Lashell","R Schumacher"
"2956","P Lashell","J Pierrehumbert"
"2957","J Logan","J Schoenherr"
"2958","A Utsumi","A Utsumi"
"2959","A Vernazzani","A Vernazzani"
"2960","M Kataoka","Y Ohmoto"
"2961","T Nishida","Y Ohmoto"
"2962","T Nishida","M Kataoka"
"2963","O Rasanen","O Rasanen"
"2964","S Kirby","O Feher"
"2966","K Smith","S Kirby"
"2967","K Miwa","M Matsumoro"
"2968","H Terai","M Matsumoro"
"2970","K Yamada","M Matsumoro"
"2971","K Yamada","K Miwa"
"2972","K Yamada","H Terai"
"2973","D Landy","L Crawford"
"2974","A Presson","L Crawford"
"2975","A Presson","D Landy"
"2986","R Golman","S Bhatia"
"2987","K Shiina","K Shiina"
"2989","N Ben-Asher","C Gonzalez"
"2990","H Wang","L Yang"
"2991","F Huetting","E Guerra"
"2993","P Knoeferle","F Huetting"
"2994","J Pierrehumbert","J Pierrehumbert"
"2995","R West","K MacDougall"
"2996","E Hancock","K MacDougall"
"2997","E Hancock","R West"
"2998","M Spivey","M Greenwood"
"2999","C Conway","J Deocampo"
"3000","L Eghbalzad","J Deocampo"
"3001","L Eghbalzad","C Conway"
"3002","J Daltrozzo","J Deocampo"
"3004","J Daltrozzo","L Eghbalzad"
"3005","L Soriano","G Pusiol"
"3006","M Frank","G Pusiol"
"3007","M Frank","L Soriano"
"3008","L Fei-Fei","G Pusiol"
"3009","L Fei-Fei","L Soriano"
"3010","L Fei-Fei","M Frank"
"3011","K Chui","K Chui"
"3012","A Johnston","S Johnson"
"3013","A Toig","S Johnson"
"3014","A Toig","A Johnston"
"3016","F Keil","A Johnston"
"3017","F Keil","A Toig"
"3018","G Petkov","V Popov"
"3019","M Frank","A Nordemeyer"
"3020","M Goto","T Kagitani"
"3021","J Watanbe","T Kagitani"
"3022","J Watanbe","M Goto"
"3023","M Sakamoto","T Kagitani"
"3024","M Sakamoto","M Goto"
"3025","M Sakamoto","J Watanbe"
"3026","J Minda","R Rabi"
"3027","B Clark","P Baumann"
"3028","S Kaufmann","P Baumann"
"3029","S Kaufmann","B Clark"
"3030","W Jimenez-Leal","J Han"
"3031","S Sloman","J Han"
"3032","S Sloman","W Jimenez-Leal"
"3033","P Matthews","M Lewis"
"3034","E Hubbard","M Lewis"
"3035","E Hubbard","P Matthews"
"3036","P Blouw","J Turri"
"3037","W Buckwalter","J Turri"
"3038","W Buckwalter","P Blouw"
"3039","V Rynik","M Chanceaux"
"3040","J Lorenceau","M Chanceaux"
"3041","J Lorenceau","V Rynik"
"3042","J Diard","M Chanceaux"
"3043","J Diard","V Rynik"
"3044","J Diard","J Lorenceau"
"3045","J Zhang","J Meyer"
"3049","C Was","F Smith"
"3050","J Thibaut","L Augier"
"3051","D Mirman","D Mirman"
"3052","J Busemeyer","Z Wang"
"3053","J Trueblood","Z Wang"
"3054","J Trueblood","J Busemeyer"
"3055","P Healey","B Tversky"
"3056","D Kirsh","B Tversky"
"3057","D Kirsh","P Healey"
"3058","L Kertz","B Wallace"
"3059","A Coenen","J Leeuw"
"3060","D Markant","J Leeuw"
"3061","D Markant","A Coenen"
"3062","J Martin","J Leeuw"
"3063","J Martin","A Coenen"
"3064","J Martin","D Markant"
"3065","J McDonnell","J Leeuw"
"3066","J McDonnell","A Coenen"
"3067","J McDonnell","D Markant"
"3068","J McDonnell","J Martin"
"3069","A Rich","J Leeuw"
"3070","A Rich","A Coenen"
"3071","A Rich","D Markant"
"3072","A Rich","J Martin"
"3073","A Rich","J McDonnell"
"3074","T Gureckis","J Leeuw"
"3077","T Gureckis","J Martin"
"3078","T Gureckis","J McDonnell"
"3080","J Kim","F Ritter"
"3082","J Donlon","A Cleary"
"3083","E Heit","A Cleary"
"3084","E Heit","J Donlon"
"3085","C Hoadley","A Cleary"
"3086","C Hoadley","J Donlon"
"3087","C Hoadley","E Heit"
"3088","L Namy","A Cleary"
"3089","L Namy","J Donlon"
"3090","L Namy","E Heit"
"3091","L Namy","C Hoadley"
"3092","A Tang","A Cleary"
"3093","A Tang","J Donlon"
"3094","A Tang","E Heit"
"3095","A Tang","C Hoadley"
"3096","A Tang","L Namy"
"3097","B Tuller","A Cleary"
"3098","B Tuller","J Donlon"
"3099","B Tuller","E Heit"
"3100","B Tuller","C Hoadley"
"3101","B Tuller","L Namy"
"3102","B Tuller","A Tang"
"3104","E Hudlicka","E Hudlicka"
"3106","M Byrne","D Salvucci"
"3107","C Lebiere","D Salvucci"
"3108","C Lebiere","M Byrne"
"3109","N Taatgen","D Salvucci"
"3110","N Taatgen","M Byrne"
"3111","N Taatgen","C Lebiere"
"3112","J Trafton","D Salvucci"
"3113","J Trafton","M Byrne"
"3114","J Trafton","C Lebiere"
"3115","J Trafton","N Taatgen"
