"","from","to"
"1","S Kulkofsky","J Marsh"
"2","K Plunkett","J Mayor"
"3","M Lee","M Zeigenfuse"
"4","C Aktipis","M Anderson"
"5","C Stutterheim","M Flecken"
"6","M Carroll","M Flecken"
"7","M Carroll","C Stutterheim"
"8","R Carlson","D Cassenti"
"9","T Kelley","D Cassenti"
"10","T Kelley","R Carlson"
"11","L Kaastra","R Hernandez"
"12","B Fisher","R Hernandez"
"13","B Fisher","L Kaastra"
"14","R Hertwig","T Hills"
"15","M Raijmakers","T Schijndel"
"16","B Zhang","J Yuan"
"17","R Maguire","P Maguire"
"18","T Shultz","A Metz"
"19","P Cheng","E Genuchten"
"20","J Jenvey","D Havas"
"21","H Shilling","D Havas"
"22","H Shilling","J Jenvey"
"23","M Nathan","D Havas"
"24","M Nathan","J Jenvey"
"25","M Nathan","H Shilling"
"26","A Chang","J Richey"
"27","T Nokes","J Richey"
"28","T Nokes","A Chang"
"29","C Schunn","J Richey"
"30","C Schunn","A Chang"
"31","C Schunn","T Nokes"
"32","Y Uesaka","E Manalo"
"33","Y Yano","E Manalo"
"34","Y Yano","Y Uesaka"
"35","J Dessalles","J Dessalles"
"36","Z Dienes","S Kiyokawa"
"37","D Tanaka","S Kiyokawa"
"38","D Tanaka","Z Dienes"
"39","A Yamada","S Kiyokawa"
"40","A Yamada","Z Dienes"
"41","A Yamada","D Tanaka"
"42","W Wilson","S Phillips"
"43","A Lenci","A Zarcone"
"44","Y Su","Y Yu"
"45","R Chan","Y Yu"
"46","R Chan","Y Su"
"47","M Tull","P Engelbrecht"
"48","C Eliasmith","F Choo"
"49","R Taib","N Ruiz"
"50","F Chen","N Ruiz"
"51","F Chen","R Taib"
"52","L Gabora","B O'Connor"
"53","D Navarro","A Prefors"
"54","D Mewhort","R Jamieson"
"55","Y Kammerer","P Gerjets"
"56","E Quellmalz","J Davenport"
"57","M Timms","J Davenport"
"58","M Timms","E Quellmalz"
"59","D Connor","D Connor"
"60","E Heit","C Townsend"
"61","J Black","J Vitale"
"62","C Eric","J Vitale"
"63","C Eric","J Black"
"64","C Chang","J Vitale"
"65","C Chang","J Black"
"66","C Chang","C Eric"
"67","M Kitajima","M Toyota"
"68","W Maddox","D Worthy"
"69","H Chen","R Cherng"
"70","J Chen","R Cherng"
"71","J Chen","H Chen"
"72","Y Chen","R Cherng"
"73","Y Chen","H Chen"
"74","Y Chen","J Chen"
"75","S Revithis","S Revithis"
"76","T Shultz","V Berthiaume"
"77","O Dammann","V Berthiaume"
"78","O Dammann","T Shultz"
"79","V Sloutsky","J Kaminski"
"80","W Vandiver","W Vandiver"
"81","E Sagi","E Sagi"
"82","V Sloutsky","X Yao"
"83","C Robinson","C Best"
"84","V Sloutsky","C Best"
"85","V Sloutsky","C Robinson"
"86","J Kruschke","S Denton"
"87","S Gupta","T Laine"
"88","B Monroe","T Laine"
"89","B Monroe","S Gupta"
"90","H Rijn","J Rijn"
"91","P Hendriks","J Rijn"
"92","P Hendriks","H Rijn"
"93","M Faretta","K Brill"
"94","F Wong","K Brill"
"95","F Wong","M Faretta"
"96","P Wong","K Brill"
"97","P Wong","M Faretta"
"98","P Wong","F Wong"
"99","K Morgan-Short","K Brill"
"100","K Morgan-Short","M Faretta"
"101","K Morgan-Short","F Wong"
"102","K Morgan-Short","P Wong"
"103","L Gabora","L Gabora"
"104","S Sinnett","A Dewald"
"105","L Domas","A Dewald"
"106","L Domas","S Sinnett"
"107","M Chan","M Chan"
"108","L Bonatti","F Levillain"
"109","J McClelland","P Khaitan"
"110","N Muggleton","B Kemenade"
"111","V Walsh","B Kemenade"
"112","V Walsh","N Muggleton"
"113","A Saygin","B Kemenade"
"114","A Saygin","N Muggleton"
"115","A Saygin","V Walsh"
"116","A Dils","S Flusberg"
"117","L Boroditsky","S Flusberg"
"118","L Boroditsky","A Dils"
"119","F Keller","M Coco"
"120","S Creel","S Creel"
"121","E Davelaar","T Pettitt"
"122","M Yip","M Yip"
"123","R Morris","J Federman"
"124","L Dragoni","J Federman"
"125","L Dragoni","R Morris"
"126","P Cho","S Tobin"
"127","P Jennet","S Tobin"
"128","P Jennet","P Cho"
"129","J Magnuson","S Tobin"
"130","J Magnuson","P Cho"
"131","J Magnuson","P Jennet"
"132","J Marsh","P Beaman"
"133","D Jones","P Beaman"
"134","D Jones","J Marsh"
"135","A Fisher","B Matlen"
"136","K Godwin","B Matlen"
"137","K Godwin","A Fisher"
"138","Y Sakamoto","Y Sakamoto"
"139","W Vanpaemel","W Voorspoels"
"140","G Storms","W Voorspoels"
"141","G Storms","W Vanpaemel"
"142","D Gentner","L Smith"
"143","K Coventry","A Johnson"
"144","E Thompson","A Johnson"
"145","E Thompson","K Coventry"
"146","J Braasch","T Kershaw"
"147","C Flynn","T Kershaw"
"148","C Flynn","J Braasch"
"149","S Friedman","M McLure"
"150","K Forbus","M McLure"
"151","K Forbus","S Friedman"
"152","J Tenenbaum","B Lake"
"153","T Balslev","H Jarodzka"
"154","K Holmqvist","H Jarodzka"
"155","K Holmqvist","T Balslev"
"156","M Nystrom","H Jarodzka"
"157","M Nystrom","T Balslev"
"158","M Nystrom","K Holmqvist"
"159","K Scheiter","H Jarodzka"
"160","K Scheiter","T Balslev"
"161","K Scheiter","K Holmqvist"
"162","K Scheiter","M Nystrom"
"163","P Gerjets","H Jarodzka"
"164","P Gerjets","T Balslev"
"165","P Gerjets","K Holmqvist"
"166","P Gerjets","M Nystrom"
"167","P Gerjets","K Scheiter"
"168","B Eika","H Jarodzka"
"169","B Eika","T Balslev"
"170","B Eika","K Holmqvist"
"171","B Eika","M Nystrom"
"172","B Eika","K Scheiter"
"173","B Eika","P Gerjets"
"174","M Orozco-Hormaza","R Hurtado"
"175","D Guerrero","R Hurtado"
"176","D Guerrero","M Orozco-Hormaza"
"177","J Willits","M Goldwater"
"178","R Morrison","L Doumas"
"179","L Richland","L Doumas"
"180","L Richland","R Morrison"
"181","K Kim","K Do"
"182","N Rosario","D Brumby"
"183","C Janssen","D Brumby"
"184","C Janssen","N Rosario"
"185","E Newport","P Reeder"
"186","R Aslin","P Reeder"
"187","R Aslin","E Newport"
"188","K Jasmin","D Casasanto"
"189","T Matlock","J Matthews"
"190","R Kasturirangan","S Karmakar"
"191","L Konieczny","P Baumann"
"192","B Hemforth","P Baumann"
"193","B Hemforth","L Konieczny"
"194","L Yang","C Wang"
"195","V Marian","J Bartolotti"
"196","L Fast","M Penner-Wilger"
"197","J LeFevre","M Penner-Wilger"
"198","J LeFevre","L Fast"
"199","B Smith-Chant","M Penner-Wilger"
"200","B Smith-Chant","L Fast"
"201","B Smith-Chant","J LeFevre"
"202","S Skwarchuk","M Penner-Wilger"
"203","S Skwarchuk","L Fast"
"204","S Skwarchuk","J LeFevre"
"205","S Skwarchuk","B Smith-Chant"
"206","D Kamawar","M Penner-Wilger"
"207","D Kamawar","L Fast"
"208","D Kamawar","J LeFevre"
"209","D Kamawar","B Smith-Chant"
"210","D Kamawar","S Skwarchuk"
"211","J Bisnaz","M Penner-Wilger"
"212","J Bisnaz","L Fast"
"213","J Bisnaz","J LeFevre"
"214","J Bisnaz","B Smith-Chant"
"215","J Bisnaz","S Skwarchuk"
"216","J Bisnaz","D Kamawar"
"217","C Hernandez","R Sanz"
"218","J Gomez","R Sanz"
"219","J Gomez","C Hernandez"
"220","G Sanchez","R Sanz"
"221","G Sanchez","C Hernandez"
"222","G Sanchez","J Gomez"
"223","A Hernando","R Sanz"
"224","A Hernando","C Hernandez"
"225","A Hernando","J Gomez"
"226","A Hernando","G Sanchez"
"227","R Ivry","G Brookshire"
"228","D Casasanto","G Brookshire"
"229","D Casasanto","R Ivry"
"230","G Luger","P Palma"
"231","U Hahn","J Close"
"232","R Honey","J Close"
"233","R Honey","U Hahn"
"234","B Eiter","K Goedert"
"235","O Lewis","R Lindsey"
"236","H Pashler","R Lindsey"
"237","H Pashler","O Lewis"
"238","M Mozer","R Lindsey"
"239","M Mozer","O Lewis"
"240","M Mozer","H Pashler"
"241","J Black","S Jang"
"242","R Jyung","S Jang"
"243","R Jyung","J Black"
"244","T Kusumi","T Taira"
"245","J Shi","P Hemmer"
"246","M Steyvers","P Hemmer"
"247","M Steyvers","J Shi"
"248","T Griffiths","A Rafferty"
"249","E Mayr","M Smuc"
"250","F Windhager","M Smuc"
"251","F Windhager","E Mayr"
"252","M Ramscar","H Popick"
"253","N Kirkham","H Popick"
"254","N Kirkham","M Ramscar"
"255","T Kusumi","K Inohara"
"256","S Khan","E Munncih"
"257","M Latham","E Munncih"
"258","M Latham","S Khan"
"259","M Brewer","E Munncih"
"260","M Brewer","S Khan"
"261","M Brewer","M Latham"
"262","V Ho","E Munncih"
"263","V Ho","S Khan"
"264","V Ho","M Latham"
"265","V Ho","M Brewer"
"266","S Walton","E Munncih"
"267","S Walton","S Khan"
"268","S Walton","M Latham"
"269","S Walton","M Brewer"
"270","S Walton","V Ho"
"271","G Pezzulo","L Barca"
"272","E Castelli","L Barca"
"273","E Castelli","G Pezzulo"
"274","B Matlen","S Ramesh"
"275","A Fisher","S Ramesh"
"277","A Olivia","B Hidalgo-Sotelo"
"278","K McGreggor","M Kunda"
"279","A Goel","M Kunda"
"280","A Goel","K McGreggor"
"281","M Mozer","S Kang"
"282","H Pashler","S Kang"
"284","R Youmas","R Youmas"
"285","M Spivey","M Romano"
"286","P Nikolova","G Petkov"
"287","A Hohenberger","O Alacam"
"288","K Cagiltay","O Alacam"
"289","K Cagiltay","A Hohenberger"
"290","T Matsuka","H Honda"
"291","R Sun","N Wilson"
"292","R Mathews","N Wilson"
"293","R Mathews","R Sun"
"294","R Dale","M Riordan"
"295","R Kreuz","M Riordan"
"296","R Kreuz","R Dale"
"297","M Vidal","J Frankenstein"
"298","M Rouille","J Frankenstein"
"299","M Rouille","M Vidal"
"300","S Donikian","J Frankenstein"
"301","S Donikian","M Vidal"
"302","S Donikian","M Rouille"
"303","M Zaoui","J Frankenstein"
"304","M Zaoui","M Vidal"
"305","M Zaoui","M Rouille"
"306","M Zaoui","S Donikian"
"307","A Berthoz","J Frankenstein"
"308","A Berthoz","M Vidal"
"309","A Berthoz","M Rouille"
"310","A Berthoz","S Donikian"
"311","A Berthoz","M Zaoui"
"312","P Gupta","L Zhao"
"313","A Heckler","T Scaife"
"314","T Hannagan","F Dandurand"
"315","J Grainger","F Dandurand"
"316","J Grainger","T Hannagan"
"317","H Datta","K Agres"
"318","J Zevin","K Agres"
"319","J Zevin","H Datta"
"320","A Cohen","J Hotaling"
"321","J Busemeyer","J Hotaling"
"322","J Busemeyer","A Cohen"
"323","R Shiffrin","J Hotaling"
"324","R Shiffrin","A Cohen"
"325","R Shiffrin","J Busemeyer"
"326","B Kokinov","I Vankov"
"327","K Coventry","J Nilsson"
"328","N Ferrier","J Nilsson"
"329","N Ferrier","K Coventry"
"330","J McGuire","P Ladny"
"331","R Brou","P Ladny"
"332","R Brou","J McGuire"
"333","S Doane","P Ladny"
"334","S Doane","J McGuire"
"335","S Doane","R Brou"
"336","J Patel","R Bapi"
"337","V Naidu","R Bapi"
"338","V Naidu","J Patel"
"339","S Jala","R Bapi"
"340","S Jala","J Patel"
"341","S Jala","V Naidu"
"342","V Duggirala","R Bapi"
"343","V Duggirala","J Patel"
"344","V Duggirala","V Naidu"
"345","V Duggirala","S Jala"
"346","S Alladi","R Bapi"
"347","S Alladi","J Patel"
"348","S Alladi","V Naidu"
"349","S Alladi","S Jala"
"350","S Alladi","V Duggirala"
"351","H Shi","Y Sakamoto"
"352","J Holsanova","R Johansson"
"353","K Holmqvist","R Johansson"
"354","K Holmqvist","J Holsanova"
"355","A Markman","A Otto"
"356","E Taylor","A Otto"
"357","E Taylor","A Markman"
"358","R Shiffrin","S Denton"
"359","P Matthews","P Matthews"
"360","T Foulsham","K Laidlaw"
"361","G Kuhn","K Laidlaw"
"362","G Kuhn","T Foulsham"
"363","A Kingstone","K Laidlaw"
"364","A Kingstone","T Foulsham"
"365","A Kingstone","G Kuhn"
"366","S Ohlsson","D Choi"
"367","M Harmon-Vukic","M Upal"
"368","S Tremblay","P Jeuniaux"
"369","J Gagnon","P Jeuniaux"
"370","J Gagnon","S Tremblay"
"371","D Lafond","P Jeuniaux"
"372","D Lafond","S Tremblay"
"373","D Lafond","J Gagnon"
"374","F Bernier","P Jeuniaux"
"375","F Bernier","S Tremblay"
"376","F Bernier","J Gagnon"
"377","F Bernier","D Lafond"
"378","B Armstrong","S Laszlo"
"379","J MacInnes","S Laszlo"
"380","J MacInnes","B Armstrong"
"381","D Plaut","S Laszlo"
"382","D Plaut","B Armstrong"
"383","D Plaut","J MacInnes"
"384","K Federmeier","S Laszlo"
"385","K Federmeier","B Armstrong"
"386","K Federmeier","J MacInnes"
"387","K Federmeier","D Plaut"
"388","A Callender","A Callender"
"389","V Glebkin","V Glebkin"
"390","D Liu","D Liu"
"391","J Black","C Fadjo"
"392","J Hong","C Fadjo"
"393","J Hong","J Black"
"394","C Chang","C Fadjo"
"396","C Chang","J Hong"
"397","R Shiffrin","D Little"
"398","P Ladny","H Bai"
"399","J Trafton","H Bai"
"400","J Trafton","P Ladny"
"401","R Brou","H Bai"
"403","R Brou","J Trafton"
"404","S Doane","H Bai"
"406","S Doane","J Trafton"
"408","T Rogers","A Schapiro"
"409","M Botvinick","A Schapiro"
"410","M Botvinick","T Rogers"
"411","S DiPaola","T Green"
"412","Y Okan","A Wiegmann"
"413","J Nagel","A Wiegmann"
"414","J Nagel","Y Okan"
"415","S Mangold","A Wiegmann"
"416","S Mangold","Y Okan"
"417","S Mangold","J Nagel"
"418","K Darby","H Yoshida"
"419","J Burling","H Yoshida"
"420","J Burling","K Darby"
"421","P Blikstein","P Blikstein"
"422","L Carlson","K Mickey"
"423","S Freundschuh","K Mickey"
"424","S Freundschuh","L Carlson"
"425","W Badecker","S Finley"
"426","P Sidney","S Hattikudur"
"427","M Alibali","S Hattikudur"
"428","M Alibali","P Sidney"
"429","R Dale","J Roche"
"430","P Healey","C Howes"
"431","M Purver","C Howes"
"432","M Purver","P Healey"
"433","A Samsonovich","A Samsonovich"
"434","J Jost","R Stollhoff"
"435","I Kennerknecht","R Stollhoff"
"436","I Kennerknecht","J Jost"
"437","R French","J Thibaut"
"438","Y Gerard","J Thibaut"
"439","Y Gerard","R French"
"440","S Hidaka","D Yurovksy"
"441","C Yu","D Yurovksy"
"442","C Yu","S Hidaka"
"443","L Smith","D Yurovksy"
"444","L Smith","S Hidaka"
"445","L Smith","C Yu"
"446","G Colflesh","A Jarosz"
"447","J Wiley","A Jarosz"
"448","J Wiley","G Colflesh"
"449","W Fu","J Moon"
"450","T Oates","M Anderson"
"451","M Chan","Y Liu"
"452","J Caplan","Y Liu"
"453","J Caplan","M Chan"
"454","L Schneider","C Vredenburgh"
"455","A Hisa","C Vredenburgh"
"456","A Hisa","L Schneider"
"457","T Kushnir","C Vredenburgh"
"458","T Kushnir","L Schneider"
"459","T Kushnir","A Hisa"
"460","M Sakamoto","T Nakamura"
"461","A Utsumi","T Nakamura"
"462","A Utsumi","M Sakamoto"
"463","B Otto","S Muller"
"464","E Cokely","S Muller"
"465","E Cokely","B Otto"
"466","F Joublin","C Glaser"
"467","R Ashley","R Ashley"
"468","E Taylor","E Taylor"
"469","D Calvillo","A Penaloza"
"470","R Brooks","A Penaloza"
"471","R Brooks","D Calvillo"
"472","D Gome","A Penaloza"
"473","D Gome","D Calvillo"
"474","D Gome","R Brooks"
"475","K Koedinger","J Booth"
"476","J Whitman","J Yun"
"477","J Hale","J Yun"
"478","J Hale","J Whitman"
"479","R Prather","S Street"
"480","C Stitzel","S Street"
"481","C Stitzel","R Prather"
"482","L Smith","S Street"
"483","L Smith","R Prather"
"484","L Smith","C Stitzel"
"485","K Mix","S Street"
"486","K Mix","R Prather"
"487","K Mix","C Stitzel"
"488","K Mix","L Smith"
"489","K Kurtz","K Levering"
"490","A Eitel","K Scheiter"
"491","L Laskin","L Laskin"
"492","R Shiffrin","C Donkin"
"493","S Brown","C Donkin"
"494","S Brown","R Shiffrin"
"495","A Heathcote","C Donkin"
"496","A Heathcote","R Shiffrin"
"497","A Heathcote","S Brown"
"498","F Martin","L Feldman"
"499","P O'Connor","L Feldman"
"500","P O'Connor","F Martin"
"501","J Burton","P Coppin"
"502","B Koenig","D Pautler"
"503","B Quek","D Pautler"
"504","B Quek","B Koenig"
"505","A Ortony","D Pautler"
"506","A Ortony","B Koenig"
"507","A Ortony","B Quek"
"508","H Lee","K Do"
"509","H Kim","K Do"
"510","H Kim","H Lee"
"511","J Taylor","J Taylor"
"512","A Cassar","W Greville"
"513","M Johansen","W Greville"
"514","M Johansen","A Cassar"
"515","M Buehner","W Greville"
"516","M Buehner","A Cassar"
"517","M Buehner","M Johansen"
"518","M Guerdat","T Ward"
"519","B Roskos-Ewoldson","T Ward"
"520","B Roskos-Ewoldson","M Guerdat"
"521","M Faretta","B McCarthy"
"522","F Wong","B McCarthy"
"524","P Wong","B McCarthy"
"527","K Morgan-Short","B McCarthy"
"531","J Elman","A Borovsky"
"532","N Kramer","S Winter"
"533","J Appel","S Winter"
"534","J Appel","N Kramer"
"535","K Schielke","S Winter"
"536","K Schielke","N Kramer"
"537","K Schielke","J Appel"
"538","F Keller","E Morgan"
"539","M Steedman","E Morgan"
"540","M Steedman","F Keller"
"541","P Healey","S Battersby"
"542","A Pease","M Guhe"
"543","A Smail","M Guhe"
"544","A Smail","A Pease"
"545","M Schmidt","M Guhe"
"546","M Schmidt","A Pease"
"547","M Schmidt","A Smail"
"548","H Gust","M Guhe"
"549","H Gust","A Pease"
"550","H Gust","A Smail"
"551","H Gust","M Schmidt"
"552","K Kuhnberger","M Guhe"
"553","K Kuhnberger","A Pease"
"554","K Kuhnberger","A Smail"
"555","K Kuhnberger","M Schmidt"
"556","K Kuhnberger","H Gust"
"557","U Kumnack","M Guhe"
"558","U Kumnack","A Pease"
"559","U Kumnack","A Smail"
"560","U Kumnack","M Schmidt"
"561","U Kumnack","H Gust"
"562","U Kumnack","K Kuhnberger"
"563","M Pitt","J Myung"
"564","H Tily","M Frank"
"565","I Arnon","M Frank"
"566","I Arnon","H Tily"
"567","S Goldwater","M Frank"
"568","S Goldwater","H Tily"
"569","S Goldwater","I Arnon"
"570","L Smith","V Benitez"
"571","W Chan","N Smith"
"572","R Levy","N Smith"
"573","R Levy","W Chan"
"574","J Corter","E Bobek"
"575","D Barber-Plummer","A Kalb"
"576","R Cox","A Kalb"
"577","R Cox","D Barber-Plummer"
"578","R Dale","A Kalb"
"579","R Dale","D Barber-Plummer"
"580","R Dale","R Cox"
"581","D Castaneda","A Kalb"
"582","D Castaneda","D Barber-Plummer"
"583","D Castaneda","R Cox"
"584","D Castaneda","R Dale"
"585","C Potts","A Kalb"
"586","C Potts","D Barber-Plummer"
"587","C Potts","R Cox"
"588","C Potts","R Dale"
"589","C Potts","D Castaneda"
"590","H Chen","J Vaid"
"591","R Rhodes","J Vaid"
"592","R Rhodes","H Chen"
"593","S Tosun","J Vaid"
"594","S Tosun","H Chen"
"595","S Tosun","R Rhodes"
"596","F Anggoro","J Orton"
"597","B Jee","J Orton"
"598","B Jee","F Anggoro"
"599","J Gilkey","T Terziyan"
"600","K Holyoak","D Chen"
"601","E Campana","A Danielescu"
"602","R Gutierrez-Osuna","T Yamauchi"
"603","J Caverlee","T Yamauchi"
"604","J Caverlee","R Gutierrez-Osuna"
"606","T Griffiths","E Bonawitz"
"607","T Kojima","T Kojima"
"608","D Noelle","T Kriete"
"609","J McClelland","C Henderson"
"610","T Griffiths","A Hsu"
"611","J Wiley","T Ricks"
"612","W Fu","L D'Andrea"
"613","A Sussman","S Khemlani"
"614","D Oppenheimer","S Khemlani"
"615","D Oppenheimer","A Sussman"
"616","O Evans","L Bergen"
"617","J Tenenbaum","L Bergen"
"618","J Tenenbaum","O Evans"
"619","T Martinez","K Monteith"
"620","D Ventura","K Monteith"
"621","D Ventura","T Martinez"
"622","D Uttal","B Jee"
"623","C Crouch","B Jee"
"624","C Crouch","D Uttal"
"625","A Spiegel","B Jee"
"626","A Spiegel","D Uttal"
"627","A Spiegel","C Crouch"
"628","J Diamond","B Jee"
"629","J Diamond","D Uttal"
"630","J Diamond","C Crouch"
"631","J Diamond","A Spiegel"
"632","C Sims","M Brudzinski"
"633","W Gray","M Brudzinski"
"634","W Gray","C Sims"
"635","M Schoelles","M Brudzinski"
"636","M Schoelles","C Sims"
"637","M Schoelles","W Gray"
"638","F Rubio","R Zheng"
"639","D Woltz","R Zheng"
"640","D Woltz","F Rubio"
"641","E Bonawitz","S Denison"
"642","A Gopnik","S Denison"
"643","A Gopnik","E Bonawitz"
"644","T Griffiths","S Denison"
"646","T Griffiths","A Gopnik"
"647","J Johnson","D DeCaro"
"648","R Mayer","K DeLeeuw"
"649","B Giesbrecht","K DeLeeuw"
"650","B Giesbrecht","R Mayer"
"651","J Baker","K Jordan"
"652","K Rodzon","K Jordan"
"653","K Rodzon","J Baker"
"654","M Bugajska","W Kennedy"
"655","J Ball","J Ball"
"656","M Kleiber","C Winkelholz"
"657","C Schlick","C Winkelholz"
"658","C Schlick","M Kleiber"
"659","E Cokely","P Parpart"
"660","K Scheiter","B Imhof"
"661","P Gerjets","B Imhof"
"663","J Edelmann","B Imhof"
"664","J Edelmann","K Scheiter"
"665","J Edelmann","P Gerjets"
"666","M Thomas","T Karaminis"
"667","V Marian","A Shook"
"668","J Choi","K Do"
"669","P Langley","P Langley"
"670","C Anderson","N Anderson"
"671","E Risko","N Anderson"
"672","E Risko","C Anderson"
"673","A Kingstone","N Anderson"
"674","A Kingstone","C Anderson"
"675","A Kingstone","E Risko"
"676","F Martinez","S Jhean-Larose"
"677","N Neiman","R Weast"
"678","T McMillen","P Simen"
"679","S Behseta","P Simen"
"680","S Behseta","T McMillen"
"681","R Hausmann","N Abdullah"
"682","S Honiden","N Abdullah"
"683","S Honiden","R Hausmann"
"684","H Sharp","N Abdullah"
"685","H Sharp","R Hausmann"
"686","H Sharp","S Honiden"
"687","J Jacobson","S Killingsworth"
"688","M Saylor","S Killingsworth"
"689","M Saylor","J Jacobson"
"690","H Shimada","H Shimada"
"691","J Toscano","M Clayards"
"692","J Jones","J Jones"
"693","Y Hagmayer","M Sydow"
"694","B Meder","M Sydow"
"695","B Meder","Y Hagmayer"
"696","M Waldman","M Sydow"
"697","M Waldman","Y Hagmayer"
"698","M Waldman","B Meder"
"699","D Brang","U Teuscher"
"700","V Ramachandran","U Teuscher"
"701","V Ramachandran","D Brang"
"702","S Coulson","U Teuscher"
"703","S Coulson","D Brang"
"704","S Coulson","V Ramachandran"
"705","S Bocklisch","F Bocklisch"
"706","M Baumann","F Bocklisch"
"707","M Baumann","S Bocklisch"
"708","A Scholz","F Bocklisch"
"709","A Scholz","S Bocklisch"
"710","A Scholz","M Baumann"
"711","J Krems","F Bocklisch"
"712","J Krems","S Bocklisch"
"713","J Krems","M Baumann"
"714","J Krems","A Scholz"
"715","E Risko","J Chisholm"
"716","A Kingstone","J Chisholm"
"718","J Tenenbaum","A Stuhlmuller"
"719","N Goodman","A Stuhlmuller"
"720","N Goodman","J Tenenbaum"
"721","M Guarini","P Bello"
"722","M Matessa","M Matessa"
"723","V Sreekumar","Y Zhuang"
"724","M Belkin","Y Zhuang"
"725","M Belkin","V Sreekumar"
"726","S Dennis","Y Zhuang"
"727","S Dennis","V Sreekumar"
"728","S Dennis","M Belkin"
"729","D Lyon","D Lyon"
"730","J Cheng","T Foulsham"
"731","J Tracy","T Foulsham"
"732","J Tracy","J Cheng"
"733","J Henrich","T Foulsham"
"734","J Henrich","J Cheng"
"735","J Henrich","J Tracy"
"737","A Kingstone","J Cheng"
"738","A Kingstone","J Tracy"
"739","A Kingstone","J Henrich"
"740","R Catrambone","B Gane"
"741","J Low","A Garland"
"742","K Burns","A Garland"
"743","K Burns","J Low"
"744","R Flanagan","R Flanagan"
"745","G Campbell","N Steinhauser"
"746","K Harrison","N Steinhauser"
"747","K Harrison","G Campbell"
"748","L Taylor","N Steinhauser"
"749","L Taylor","G Campbell"
"750","L Taylor","K Harrison"
"751","M Dzikovska","N Steinhauser"
"752","M Dzikovska","G Campbell"
"753","M Dzikovska","K Harrison"
"754","M Dzikovska","L Taylor"
"755","J Moore","N Steinhauser"
"756","J Moore","G Campbell"
"757","J Moore","K Harrison"
"758","J Moore","L Taylor"
"759","J Moore","M Dzikovska"
"760","M Lapata","T Fountain"
"761","J Salapska-Gelleri","J Salapska-Gelleri"
"762","F Smolik","F Smolik"
"763","C Holscher","S Buechner"
"764","K James","A Pereira"
"765","S Jones","A Pereira"
"766","S Jones","K James"
"767","L Smith","A Pereira"
"768","L Smith","K James"
"769","L Smith","S Jones"
"770","C Li","J Chen"
"771","B Jones","B Jones"
"772","H Nicholson","K Eberhard"
"773","S Beilock","I Lyons"
"774","H Rijn","S Sprenger"
"775","E Krahmer","L Mol"
"776","B Rittle-Johnson","K Durkin"
"777","J Star","K Durkin"
"778","J Star","B Rittle-Johnson"
"779","K Cheng","S Kriz"
"780","M Rolandi","S Kriz"
"781","M Rolandi","K Cheng"
"782","Y Chen","S Kriz"
"783","Y Chen","K Cheng"
"784","Y Chen","M Rolandi"
"785","C Gallistel","A Kheifets"
"786","G Wiggins","G Wiggins"
"787","D Lagnado","T Gerstenberg"
"788","Y Kareev","T Gerstenberg"
"789","Y Kareev","D Lagnado"
"790","M Bassok","K Fisher"
"791","L Osterhout","K Fisher"
"792","L Osterhout","M Bassok"
"793","R Lowe","S Thill"
"794","J Hu","S Chen"
"795","P Li","S Chen"
"796","P Li","J Hu"
"797","J Rieskamp","B Scheibehenne"
"798","A Fazly","F Asr"
"799","Z Azimifar","F Asr"
"800","Z Azimifar","A Fazly"
"801","L Carlson","H Schultheis"
"802","R Abrams","H Schultheis"
"803","R Abrams","L Carlson"
"804","M Bizzotto","M Bizzotto"
"805","S Flsuberg","N Davidenko"
"806","J Alderete","J Alderete"
"807","K Nakamura","K Nakamura"
"808","M Yap","S Lim"
"809","J Hanna","D Byron"
"810","W Hartmann","D Byron"
"811","W Hartmann","J Hanna"
"812","J Larusson","R Alterman"
"813","S Chin-Parker","S Chin-Parker"
"814","E Wagemakers","L Maanen"
"815","H Mary","A Stull"
"816","S Mike","A Stull"
"817","S Mike","H Mary"
"818","D Bonnie","A Stull"
"819","D Bonnie","H Mary"
"820","D Bonnie","S Mike"
"821","E Bjork","J Little"
"822","R Goldstone","S Frey"
"823","M Upal","M Upal"
"824","R Wu","D Yurovksy"
"825","N Kirkham","D Yurovksy"
"826","N Kirkham","R Wu"
"828","C Yu","R Wu"
"829","C Yu","N Kirkham"
"830","J Goldstein","B Abbs"
"831","K Mueller","J Toscano"
"832","B McMurray","J Toscano"
"833","B McMurray","K Mueller"
"834","B Tomblin","J Toscano"
"835","B Tomblin","K Mueller"
"836","B Tomblin","B McMurray"
"837","S Linkenauger","D Landy"
"838","G Paiva","G Paiva"
"839","D Richardson","C Street"
"840","D Salvucci","P Bogunovich"
"841","A Kingstone","S Sinnett"
"842","G Gunzelmann","T Halverson"
"843","L Moore","T Halverson"
"844","L Moore","G Gunzelmann"
"845","H Dongen","T Halverson"
"846","H Dongen","G Gunzelmann"
"847","H Dongen","L Moore"
"848","T Griffin","C Salas"
"849","J Moss","W Jones"
"850","S Doane","W Jones"
"851","S Doane","J Moss"
"852","A Kawamoto","Q Liu"
"853","J Smith","G Jenkins"
"854","J Spencer","G Jenkins"
"855","J Spencer","J Smith"
"856","L Samuelson","G Jenkins"
"857","L Samuelson","J Smith"
"858","L Samuelson","J Spencer"
"859","T Matlock","M Greenwood"
"860","M Spivey","M Greenwood"
"861","M Spivey","T Matlock"
"862","J Matthews","M Greenwood"
"864","J Matthews","M Spivey"
"865","C Widmer","D Kim"
"866","C Szostak","D Kim"
"867","C Szostak","C Widmer"
"868","M Pitt","D Kim"
"869","M Pitt","C Widmer"
"870","M Pitt","C Szostak"
"871","W Sommer","M Rabovsky"
"872","R Rahman","M Rabovsky"
"873","R Rahman","W Sommer"
"874","G Vallet","L Brunel"
"875","B Riou","L Brunel"
"876","B Riou","G Vallet"
"877","M Lesourd","L Brunel"
"878","M Lesourd","G Vallet"
"879","M Lesourd","B Riou"
"880","E Labeye","L Brunel"
"881","E Labeye","G Vallet"
"882","E Labeye","B Riou"
"883","E Labeye","M Lesourd"
"884","R Versace","L Brunel"
"885","R Versace","G Vallet"
"886","R Versace","B Riou"
"887","R Versace","M Lesourd"
"888","R Versace","E Labeye"
"889","H Shin","E Kim"
"890","A Harris","A Corner"
"891","U Hahn","A Corner"
"892","U Hahn","A Harris"
"893","L Nygaard","C Tzeng"
"894","L Namy","C Tzeng"
"895","L Namy","L Nygaard"
"896","D Bullard","D Pfeiffer"
"897","H Kloos","D Pfeiffer"
"898","H Kloos","D Bullard"
"899","M Choi","S Yoon"
"900","H Shin","S Yoon"
"901","H Shin","M Choi"
"902","G Storms","S Verheyen"
"904","F Naaz","J Chariker"
"905","J Pani","J Chariker"
"906","J Pani","F Naaz"
"907","K Ericsson","J Moxley"
"908","T Towne","J Moxley"
"909","T Towne","K Ericsson"
"910","R Best","J Moxley"
"911","R Best","K Ericsson"
"912","R Best","T Towne"
"913","K Fu","J Chan"
"914","C Schunn","J Chan"
"915","C Schunn","K Fu"
"916","K Wood","J Chan"
"917","K Wood","K Fu"
"918","K Wood","C Schunn"
"919","J Cagan","J Chan"
"920","J Cagan","K Fu"
"921","J Cagan","C Schunn"
"922","J Cagan","K Wood"
"923","K Kotovsky","J Chan"
"924","K Kotovsky","K Fu"
"925","K Kotovsky","C Schunn"
"926","K Kotovsky","K Wood"
"927","K Kotovsky","J Cagan"
"928","U Cress","C Held"
"929","R West","A Sohrabi"
"930","L Smith","L Cantrell"
"931","M Prince","G Hawkins"
"932","S Brown","G Hawkins"
"933","S Brown","M Prince"
"934","A Heathcote","G Hawkins"
"935","A Heathcote","M Prince"
"937","O Koenig","E Gerbier"
"938","S Tan","L Suarez"
"939","M Yap","L Suarez"
"940","M Yap","S Tan"
"941","W Goh","L Suarez"
"942","W Goh","S Tan"
"943","W Goh","M Yap"
"944","H Lu","E Mettler"
"945","P Kellman","E Mettler"
"946","P Kellman","H Lu"
"947","A Gerganov","E Hristova"
"948","E Todorova","E Hristova"
"949","E Todorova","A Gerganov"
"950","S Georgieva","E Hristova"
"951","S Georgieva","A Gerganov"
"952","S Georgieva","E Todorova"
"953","Y Itaguchi","S Asakawa"
"954","T Shultz","I Beatu"
"955","C Schunn","M Patchan"
"956","M Beigl","H Schmidtke"
"957","D Gomes","D Calvillo"
"958","N Taatgen","J Borst"
"959","H Rijn","J Borst"
"960","H Rijn","N Taatgen"
"961","A Stocco","J Borst"
"962","A Stocco","N Taatgen"
"963","A Stocco","H Rijn"
"964","H Kloos","S Schwind"
"965","M Lauer-Schmaltz","W Rauch"
"966","T Shimazaki","M Saito"
"967","M Hernandez","N Stein"
"968","D Casasanto","T Henetz"
"969","B Bennett","R Taraban"
"970","X Zeng","R Taraban"
"971","X Zeng","B Bennett"
"972","T Rogers","L Chen"
"973","P Nachbaur","J Sturm"
"974","A Goldberg","J Sturm"
"975","A Goldberg","P Nachbaur"
"976","J Herts","J Sturm"
"977","J Herts","P Nachbaur"
"978","J Herts","A Goldberg"
"979","J Andrews","J Sturm"
"980","J Andrews","P Nachbaur"
"981","J Andrews","A Goldberg"
"982","J Andrews","J Herts"
"983","K Livingston","J Sturm"
"984","K Livingston","P Nachbaur"
"985","K Livingston","A Goldberg"
"986","K Livingston","J Herts"
"987","K Livingston","J Andrews"
"988","K Tomanek","S Lohman"
"989","J Ziegler","S Lohman"
"990","J Ziegler","K Tomanek"
"991","U Hahn","S Lohman"
"992","U Hahn","K Tomanek"
"993","U Hahn","J Ziegler"
"994","S Vattam","A Goel"
"995","S Rugaber","A Goel"
"996","S Rugaber","S Vattam"
"997","D Joyner","A Goel"
"998","D Joyner","S Vattam"
"999","D Joyner","S Rugaber"
"1000","C Hmelo-Silver","A Goel"
"1001","C Hmelo-Silver","S Vattam"
"1002","C Hmelo-Silver","S Rugaber"
"1003","C Hmelo-Silver","D Joyner"
"1004","R Jordan","A Goel"
"1005","R Jordan","S Vattam"
"1006","R Jordan","S Rugaber"
"1007","R Jordan","D Joyner"
"1008","R Jordan","C Hmelo-Silver"
"1009","S Honwad","A Goel"
"1010","S Honwad","S Vattam"
"1011","S Honwad","S Rugaber"
"1012","S Honwad","D Joyner"
"1013","S Honwad","C Hmelo-Silver"
"1014","S Honwad","R Jordan"
"1015","S Gray","A Goel"
"1016","S Gray","S Vattam"
"1017","S Gray","S Rugaber"
"1018","S Gray","D Joyner"
"1019","S Gray","C Hmelo-Silver"
"1020","S Gray","R Jordan"
"1021","S Gray","S Honwad"
"1022","S Sinha","A Goel"
"1023","S Sinha","S Vattam"
"1024","S Sinha","S Rugaber"
"1025","S Sinha","D Joyner"
"1026","S Sinha","C Hmelo-Silver"
"1027","S Sinha","R Jordan"
"1028","S Sinha","S Honwad"
"1029","S Sinha","S Gray"
"1030","M Saylor","D Levin"
"1031","S Lynn","D Levin"
"1032","S Lynn","M Saylor"
"1033","T Stoess","R Warner"
"1034","P Shafto","R Warner"
"1035","P Shafto","T Stoess"
"1036","S Lallee","C Madden"
"1037","P Dominey","C Madden"
"1038","P Dominey","S Lallee"
"1039","L Johnston","V Kapatsinski"
"1040","J McClelland","J Glick"
"1042","A Kawamoto","A Kawamoto"
"1043","A Kehler","M Ueno"
"1044","C Kalish","T Rogers"
"1045","B Gibson","T Rogers"
"1046","B Gibson","C Kalish"
"1047","J Harrison","T Rogers"
"1048","J Harrison","C Kalish"
"1049","J Harrison","B Gibson"
"1050","X Zhu","T Rogers"
"1051","X Zhu","C Kalish"
"1052","X Zhu","B Gibson"
"1053","X Zhu","J Harrison"
"1054","S Lee","S Lee"
"1055","S Hidaka","S Hidaka"
"1056","C Lau","C Madan"
"1057","J Caplan","C Madan"
"1058","J Caplan","C Lau"
"1059","E Fujiwara","C Madan"
"1060","E Fujiwara","C Lau"
"1061","E Fujiwara","J Caplan"
"1062","P Yaner","J Davies"
"1063","C Sandhofer","E Thom"
"1064","D Vinson","R Thompson"
"1065","N Fox","R Thompson"
"1066","N Fox","D Vinson"
"1067","G Vigliocco","R Thompson"
"1068","G Vigliocco","D Vinson"
"1069","G Vigliocco","N Fox"
"1071","C Scheepers","B Hemforth"
"1072","C Scheepers","L Konieczny"
"1073","S Colonna","B Hemforth"
"1074","S Colonna","L Konieczny"
"1075","S Colonna","C Scheepers"
"1076","S Schimke","B Hemforth"
"1077","S Schimke","L Konieczny"
"1078","S Schimke","C Scheepers"
"1079","S Schimke","S Colonna"
"1082","P Baumann","C Scheepers"
"1083","P Baumann","S Colonna"
"1084","P Baumann","S Schimke"
"1085","J Pynte","B Hemforth"
"1086","J Pynte","L Konieczny"
"1087","J Pynte","C Scheepers"
"1088","J Pynte","S Colonna"
"1089","J Pynte","S Schimke"
"1090","J Pynte","P Baumann"
"1091","K Smith","J Sturm"
"1092","M Freiman","J Ball"
"1093","S Rodgers","J Ball"
"1094","S Rodgers","M Freiman"
"1095","C Myers","J Ball"
"1096","C Myers","M Freiman"
"1097","C Myers","S Rodgers"
"1098","M Feist","B Breaux"
"1099","C Wasylyshyn","C Wasylyshyn"
"1100","J Kwisthout","M Blokpoel"
"1101","T Weide","M Blokpoel"
"1102","T Weide","J Kwisthout"
"1103","I Rooij","M Blokpoel"
"1104","I Rooij","J Kwisthout"
"1105","I Rooij","T Weide"
"1106","D Dunbar","A Prefors"
"1107","M Kaushanskaya","L Byom"
"1108","M Welsh","B Bruza"
"1109","D Navarro","B Bruza"
"1110","D Navarro","M Welsh"
"1111","S Begg","B Bruza"
"1112","S Begg","M Welsh"
"1113","S Begg","D Navarro"
"1114","T Ionescu","R Hanania"
"1115","L Smith","R Hanania"
"1116","L Smith","T Ionescu"
"1117","R Liu","H Datta"
"1119","J Zevin","R Liu"
"1120","A Feltz","E Cokely"
"1121","A Fouse","J Lewis"
"1122","V Sa","J Lewis"
"1123","V Sa","A Fouse"
"1124","S Ohlsson","D Cosejo"
"1125","S Dennis","A Osth"
"1126","V Sloutsky","A Osth"
"1127","V Sloutsky","S Dennis"
"1128","K Miwa","M Matsumuro"
"1130","L Geraci","S Tosun"
"1131","L Geraci","J Vaid"
"1132","M Spivey","E Chiu"
"1133","M Steyvers","S Yi"
"1134","M Lee","S Yi"
"1135","M Lee","M Steyvers"
"1136","M Dry","S Yi"
"1137","M Dry","M Steyvers"
"1138","M Dry","M Lee"
"1140","J Hudson","J Prabhakar"
"1141","D Noelle","W Clair"
"1142","C Yu","G Kachergis"
"1143","R Shiffrin","G Kachergis"
"1144","R Shiffrin","C Yu"
"1145","J Corter","T Matsuka"
"1146","A Markman","T Matsuka"
"1147","A Markman","J Corter"
"1148","C Wilson-Mendenhall","L McDonough"
"1149","L Barsalou","L McDonough"
"1150","L Barsalou","C Wilson-Mendenhall"
"1151","E Kim","W Lee"
"1152","J Won","W Lee"
"1153","J Won","E Kim"
"1154","Y Lee","W Lee"
"1155","Y Lee","E Kim"
"1156","Y Lee","J Won"
"1157","Y Kim","W Lee"
"1158","Y Kim","E Kim"
"1159","Y Kim","J Won"
"1160","Y Kim","Y Lee"
"1161","Y Jeong","M Kwon"
"1162","S Levine","M Kwon"
"1163","S Levine","Y Jeong"
"1165","B Becker","M Ragni"
"1166","E Risko","E Walker"
"1167","A Kingstone","E Walker"
"1169","B Roy","S Vosoughi"
"1170","M Frank","S Vosoughi"
"1171","M Frank","B Roy"
"1172","D Roy","S Vosoughi"
"1173","D Roy","B Roy"
"1174","D Roy","M Frank"
"1175","L Hackman","A Koop"
"1176","R Sutton","A Koop"
"1177","R Sutton","L Hackman"
"1178","M Alibail","A Young"
"1179","C Kalish","A Young"
"1180","C Kalish","M Alibail"
"1181","S Khemlani","N Kunze"
"1182","M Lotstein","N Kunze"
"1183","M Lotstein","S Khemlani"
"1184","P Johnson-Laird","N Kunze"
"1185","P Johnson-Laird","S Khemlani"
"1186","P Johnson-Laird","M Lotstein"
"1190","S Jones","H Kalagher"
"1191","B Rittle-Johnson","M DeCaro"
"1192","N Chater","A Hsu"
"1193","E Risko","R Treszka"
"1194","G Kuhn","R Treszka"
"1195","G Kuhn","E Risko"
"1196","A Kingstone","R Treszka"
"1199","W Voorspoels","D Heussen"
"1200","G Storms","D Heussen"
"1202","N Goodman","P Shafto"
"1203","B Gerstle","P Shafto"
"1204","B Gerstle","N Goodman"
"1205","F Ladusaw","P Shafto"
"1206","F Ladusaw","N Goodman"
"1207","F Ladusaw","B Gerstle"
"1208","J Wiley","P Cushen"
"1209","G Schurz","M Unterhuber"
"1210","J Moss","E Cranford"
"1211","Z Estes","P Thompson"
"1212","M Crocker","M Staudte"
"1213","J Wiley","A Jaeger"
"1214","T Rhodes","C Kello"
"1215","G Hollis","C Kello"
"1216","G Hollis","T Rhodes"
"1217","B Kerster","C Kello"
"1218","B Kerster","T Rhodes"
"1219","B Kerster","G Hollis"
"1220","M Welsh","M Welsh"
"1221","A Kenning","J Jordan"
"1222","J Clinton","J Jordan"
"1223","J Clinton","A Kenning"
"1224","J Durtschi","J Jordan"
"1225","J Durtschi","A Kenning"
"1226","J Durtschi","J Clinton"
"1227","J Cutting","J Jordan"
"1228","J Cutting","A Kenning"
"1229","J Cutting","J Clinton"
"1230","J Cutting","J Durtschi"
"1231","C Schunn","J Jang"
"1232","A Padgitt","A Hund"
"1233","T Lombrozo","K Uttich"
"1234","R Prather","R Prather"
"1235","E Shaw","J Kim"
"1236","S Wyner","J Kim"
"1237","S Wyner","E Shaw"
"1238","T Kim","J Kim"
"1239","T Kim","E Shaw"
"1240","T Kim","S Wyner"
"1241","J Li","J Kim"
"1242","J Li","E Shaw"
"1243","J Li","S Wyner"
"1244","J Li","T Kim"
"1245","R Zheng","K Butcher"
"1246","A Cook","K Butcher"
"1247","A Cook","R Zheng"
"1248","L Ferrera","K Butcher"
"1249","L Ferrera","R Zheng"
"1250","L Ferrera","A Cook"
"1251","S Davies","K Butcher"
"1252","S Davies","R Zheng"
"1253","S Davies","A Cook"
"1254","S Davies","L Ferrera"
"1255","A Mazal","K Butcher"
"1256","A Mazal","R Zheng"
"1257","A Mazal","A Cook"
"1258","A Mazal","L Ferrera"
"1259","A Mazal","S Davies"
"1260","A Dewald","K Butcher"
"1261","A Dewald","R Zheng"
"1262","A Dewald","A Cook"
"1263","A Dewald","L Ferrera"
"1264","A Dewald","S Davies"
"1265","A Dewald","A Mazal"
"1266","E Markman","S Gripshover"
"1267","P Monaghan","T Farmer"
"1268","J Misyak","T Farmer"
"1269","J Misyak","P Monaghan"
"1270","M Christiansen","T Farmer"
"1271","M Christiansen","P Monaghan"
"1272","M Christiansen","J Misyak"
"1273","L Rasmussen","W Sieck"
"1274","L Bott","E Williams"
"1275","M Lewis","E Williams"
"1276","M Lewis","L Bott"
"1277","J Patrick","E Williams"
"1278","J Patrick","L Bott"
"1279","J Patrick","M Lewis"
"1280","K Jennings","K Jennings"
"1281","R Wetzels","M Lee"
"1282","E Colunga","C Brojde"
"1283","M Fry","M Wood"
"1284","M Blair","M Wood"
"1285","M Blair","M Fry"
"1286","J Tenenbaum","D Buchanan"
"1287","D Sobel","D Buchanan"
"1288","D Sobel","J Tenenbaum"
"1289","A Graesser","S D'Mello"
"1291","P Hofmeister","L Casasanto"
"1292","I Sag","L Casasanto"
"1293","I Sag","P Hofmeister"
"1294","H Weldle","L Konieczny"
"1295","S Wolfer","L Konieczny"
"1296","S Wolfer","H Weldle"
"1297","D Muller","L Konieczny"
"1298","D Muller","H Weldle"
"1299","D Muller","S Wolfer"
"1301","P Baumann","H Weldle"
"1302","P Baumann","S Wolfer"
"1303","P Baumann","D Muller"
"1304","F Keller","J Gerard"
"1305","T Palpanas","J Gerard"
"1306","T Palpanas","F Keller"
"1307","J Jordan","J Jordan"
"1308","H Wang","Y Sun"
"1309","R Jacobs","I Yildirim"
"1310","M Harris","A Feltz"
"1311","A Perez","A Feltz"
"1312","A Perez","M Harris"
"1313","J Alexandre","J Alexandre"
"1315","A Kukona","J Magnuson"
"1316","D Braze","J Magnuson"
"1317","D Braze","A Kukona"
"1318","C Johns","J Magnuson"
"1319","C Johns","A Kukona"
"1320","C Johns","D Braze"
"1321","J Dyke","J Magnuson"
"1322","J Dyke","A Kukona"
"1323","J Dyke","D Braze"
"1324","J Dyke","C Johns"
"1325","W Tabor","J Magnuson"
"1326","W Tabor","A Kukona"
"1327","W Tabor","D Braze"
"1328","W Tabor","C Johns"
"1329","W Tabor","J Dyke"
"1330","K Pugh","J Magnuson"
"1331","K Pugh","A Kukona"
"1332","K Pugh","D Braze"
"1333","K Pugh","C Johns"
"1334","K Pugh","J Dyke"
"1335","K Pugh","W Tabor"
"1336","E Mencl","J Magnuson"
"1337","E Mencl","A Kukona"
"1338","E Mencl","D Braze"
"1339","E Mencl","C Johns"
"1340","E Mencl","J Dyke"
"1341","E Mencl","W Tabor"
"1342","E Mencl","K Pugh"
"1343","H Fitz","H Fitz"
"1344","A Yu","M Sonderegger"
"1345","J Hsiao","K Cheung"
"1346","K Brown","A Kaznatcheev"
"1347","T Shultz","A Kaznatcheev"
"1348","T Shultz","K Brown"
"1349","K Holyoak","H Lee"
"1350","A Prefors","R Stephens"
"1351","D Navarro","R Stephens"
"1353","D Oller","A Warlaumont"
"1354","R Dale","A Warlaumont"
"1355","R Dale","D Oller"
"1356","J Richards","A Warlaumont"
"1357","J Richards","D Oller"
"1358","J Richards","R Dale"
"1359","J Gilkerson","A Warlaumont"
"1360","J Gilkerson","D Oller"
"1361","J Gilkerson","R Dale"
"1362","J Gilkerson","J Richards"
"1363","D Xu","A Warlaumont"
"1364","D Xu","D Oller"
"1365","D Xu","R Dale"
"1366","D Xu","J Richards"
"1367","D Xu","J Gilkerson"
"1368","A Gupta","L Conlin"
"1369","D Hammer","L Conlin"
"1370","D Hammer","A Gupta"
"1372","A Maes","L Mol"
"1373","A Maes","E Krahmer"
"1374","M Swerts","L Mol"
"1375","M Swerts","E Krahmer"
"1376","M Swerts","A Maes"
"1377","L Boroditsky","C Fausey"
"1378","L Samuelson","S Kucker"
"1379","T Matlock","S Huette"
"1380","M Spivey","S Huette"
"1382","M Kapur","M Kapur"
"1383","S Stevenson","C Parisien"
"1384","K Mineshima","Y Sato"
"1385","R Takemura","Y Sato"
"1386","R Takemura","K Mineshima"
"1393","N Novitskiy","W Neys"
"1394","J Ramautar","W Neys"
"1395","J Ramautar","N Novitskiy"
"1396","J Wagemans","W Neys"
"1397","J Wagemans","N Novitskiy"
"1398","J Wagemans","J Ramautar"
"1399","A Springer","P Tausche"
"1400","W Prinz","P Tausche"
"1401","W Prinz","A Springer"
"1402","B Kokinov","S Bliznashki"
"1403","M Imai","M Arata"
"1404","J Okuda","M Arata"
"1405","J Okuda","M Imai"
"1406","H Okada","M Arata"
"1407","H Okada","M Imai"
"1408","H Okada","J Okuda"
"1409","T Matsuda","M Arata"
"1410","T Matsuda","M Imai"
"1411","T Matsuda","J Okuda"
"1412","T Matsuda","H Okada"
"1413","J Wittwer","S Herppich"
"1414","M Nuckles","S Herppich"
"1415","M Nuckles","J Wittwer"
"1416","A Renkl","S Herppich"
"1417","A Renkl","J Wittwer"
"1418","A Renkl","M Nuckles"
"1419","J Lukavsky","F Smolik"
"1420","R Levy","K Bicknell"
"1421","A Shtulman","A Shtulman"
"1422","S Dennis","E Freeman"
"1423","J Dunn","E Freeman"
"1424","J Dunn","S Dennis"
"1425","A Wiegmann","M Waldmann"
"1426","L Maanen","B Meijering"
"1427","H Rijn","B Meijering"
"1428","H Rijn","L Maanen"
"1429","R Verbrugge","B Meijering"
"1430","R Verbrugge","L Maanen"
"1431","R Verbrugge","H Rijn"
"1432","P Cheng","C Carroll"
"1433","H Lu","C Carroll"
"1434","H Lu","P Cheng"
"1435","M Jones","F Canas"
"1436","J Hummel","D Landy"
"1437","L Gerken","C Dawson"
"1438","C Schunn","J Moss"
"1439","W Schneider","J Moss"
"1440","W Schneider","C Schunn"
"1441","D McNamara","J Moss"
"1442","D McNamara","C Schunn"
"1443","D McNamara","W Schneider"
"1444","K VanLehn","J Moss"
"1445","K VanLehn","C Schunn"
"1446","K VanLehn","W Schneider"
"1447","K VanLehn","D McNamara"
"1448","M Singh","H Haladjian"
"1449","Z Pylyshyn","H Haladjian"
"1450","Z Pylyshyn","M Singh"
"1451","R Gallistel","H Haladjian"
"1452","R Gallistel","M Singh"
"1453","R Gallistel","Z Pylyshyn"
"1454","J Feigleson","J Baker"
"1456","K Jordan","J Feigleson"
"1457","D Powers","R Leibbrandt"
"1458","A Olney","A Olney"
"1459","C Sandhofer","H Vlach"
"1460","T Lombrozo","J Williams"
"1461","D Kostons","T Gog"
"1462","F Paas","T Gog"
"1463","F Paas","D Kostons"
"1464","A Majid","N Khetarpal"
"1465","B Malt","N Khetarpal"
"1466","B Malt","A Majid"
"1467","S Sloman","N Khetarpal"
"1468","S Sloman","A Majid"
"1469","S Sloman","B Malt"
"1470","T Regier","N Khetarpal"
"1471","T Regier","A Majid"
"1472","T Regier","B Malt"
"1473","T Regier","S Sloman"
"1475","J Viswanathan","S Karanam"
"1476","A Theertha","S Karanam"
"1477","A Theertha","J Viswanathan"
"1478","B Indurkhya","S Karanam"
"1479","B Indurkhya","J Viswanathan"
"1480","B Indurkhya","A Theertha"
"1481","H Oostendorp","S Karanam"
"1482","H Oostendorp","J Viswanathan"
"1483","H Oostendorp","A Theertha"
"1484","H Oostendorp","B Indurkhya"
"1485","Y Hagmayer","R Mayrhofer"
"1486","M Waldmann","R Mayrhofer"
"1487","M Waldmann","Y Hagmayer"
"1488","A Mendelson","R Engle"
"1489","P Nguyen","R Engle"
"1490","P Nguyen","A Mendelson"
"1491","T Lombrozo","N Gwynne"
"1493","R Aslin","N Bardhan"
"1494","M Tanenhaus","N Bardhan"
"1495","M Tanenhaus","R Aslin"
"1496","T Matlock","S Anderson"
"1497","M Spivey","S Anderson"
"1500","R Jacobs","R Yakushijin"
"1501","E McLaughlin","K Koedinger"
"1502","M Jones","B Johns"
"1503","J Trafton","A Harrison"
"1504","J Geren","C Shafto"
"1505","J Snedeker","C Shafto"
"1506","J Snedeker","J Geren"
"1507","W Goh","S Lim"
"1508","A Kaznatcheev","A Kaznatcheev"
"1509","J Feldman","P Pantelis"
"1510","M Tawney","J Choplin"
"1511","A Feeney","A Crisp-Bright"
"1512","B Love","A Hoffman"
"1513","A Markman","A Hoffman"
"1514","A Markman","B Love"
"1515","H Bulthoff","T Meilinger"
"1516","L Bucher","A Krumnack"
"1517","J Nejasmic","A Krumnack"
"1518","J Nejasmic","L Bucher"
"1519","M Knauff","A Krumnack"
"1520","M Knauff","L Bucher"
"1521","M Knauff","J Nejasmic"
"1522","R Salden","R Weitz"
"1523","R Kim","R Weitz"
"1524","R Kim","R Salden"
"1525","N Heffernan","R Weitz"
"1526","N Heffernan","R Salden"
"1527","N Heffernan","R Kim"
"1528","G Villejoubert","F Vallee-Tourangeau"
"1529","N Burns","A Prefors"
"1530","P Hendriks","J Hoeks"
"1531","G Redeker","J Hoeks"
"1532","G Redeker","P Hendriks"
"1533","L Stowe","J Hoeks"
"1534","L Stowe","P Hendriks"
"1535","L Stowe","G Redeker"
"1536","A Chuderski","T Smole"
"1537","T Gureckis","D Markant"
"1538","J Schaafsma","E Krahmer"
"1540","M Swerts","J Schaafsma"
"1541","M Balsters","E Krahmer"
"1542","M Balsters","J Schaafsma"
"1543","M Balsters","M Swerts"
"1544","A Vingerhoets","E Krahmer"
"1545","A Vingerhoets","J Schaafsma"
"1546","A Vingerhoets","M Swerts"
"1547","A Vingerhoets","M Balsters"
"1548","L Karlsson","A Merritt"
"1549","E Cokely","A Merritt"
"1550","E Cokely","L Karlsson"
"1551","S Thompson-Schill","G Lupyan"
"1552","G Jahn","F Renkewitz"
"1553","W Revelle","K Fua"
"1554","A Ortony","K Fua"
"1555","A Ortony","W Revelle"
"1556","U Noppeney","F Huszar"
"1557","M Lengyel","F Huszar"
"1558","M Lengyel","U Noppeney"
"1559","N Salay","N Salay"
"1560","M Grinberg","E Hristova"
"1561","D Simon","S Read"
"1562","D Stenstrom","S Read"
"1563","D Stenstrom","D Simon"
"1564","J Heil","L Peterson"
"1565","N McNeil","L Peterson"
"1566","N McNeil","J Heil"
"1567","G Haeffel","L Peterson"
"1568","G Haeffel","J Heil"
"1569","G Haeffel","N McNeil"
"1570","K Jasmin","L Casasanto"
"1571","D Casasanto","L Casasanto"
"1574","J Witt","J Jordan"
"1575","M Riley","J Jordan"
"1576","M Riley","J Witt"
"1577","L Gabora","S Leijnen"
"1578","M Robledo","R Jao"
"1579","G Deak","R Jao"
"1580","G Deak","M Robledo"
"1581","M Feist","L Robinette"
"1582","M Kalish","L Robinette"
"1583","M Kalish","M Feist"
"1584","T Nokes","S Gadgil"
"1585","A Fisher","A Fisher"
"1586","A Gopnik","C Lucas"
"1587","T Griffiths","C Lucas"
"1590","R Shiffrin","A Nelson"
"1591","N Turk-Browne","J Zhao"
"1592","M Lombardi","J Choplin"
"1593","M Crocker","J Koehne"
"1594","F Karlsson","F Karlsson"
"1595","E Markman","L Butler"
"1596","C Conway","M Hendricks"
"1597","R Kellogg","M Hendricks"
"1598","R Kellogg","C Conway"
"1599","J Townsend","J Houpt"
"1600","J Busemeyer","J Trueblood"
"1601","A Papafragou","S Bosse"
"1602","E Thiessen","E Thiessen"
"1603","D Barner","J Sullivan"
"1604","M Amelsvoort","M Nilsenova"
"1605","C Donkin","P Dodds"
"1606","S Brown","P Dodds"
"1608","A Heathcote","P Dodds"
"1611","A Cox","M Ament"
"1612","A Blandford","M Ament"
"1613","A Blandford","A Cox"
"1614","D Brumby","M Ament"
"1615","D Brumby","A Cox"
"1616","D Brumby","A Blandford"
"1617","C Diemand-Yauman","D Oppenheimer"
"1618","E Vaughan","D Oppenheimer"
"1619","E Vaughan","C Diemand-Yauman"
"1620","M Cruciani","M Cruciani"
"1621","T Gureckis","L Zaval"
"1622","B Pajak","B Pajak"
"1623","T Schlicht","T Schlicht"
"1624","E Ert","E Yechiam"
"1625","R Goldstone","T Wisdom"
"1626","R Cooper","E Davelaar"
"1627","P Li","B Zinszer"
"1628","A Kittredge","D Mirman"
"1629","G Dell","D Mirman"
"1630","G Dell","A Kittredge"
"1631","L Shi","K Ramanathan"
"1632","T Chong","K Ramanathan"
"1633","T Chong","L Shi"
"1634","S Huette","S Anderson"
"1640","A Darlow","P Fernbach"
"1641","T Kushnir","N Chernyak"
"1642","H Wellman","N Chernyak"
"1643","H Wellman","T Kushnir"
"1644","J Rieskamp","B Helversen"
"1645","V Aleven","K Butcher"
"1646","K Forbus","A Lovett"
"1647","J Usher","A Lovett"
"1648","J Usher","K Forbus"
"1649","M Lee","S Zhang"
"1651","J Treur","A Aziz"
"1652","M Klein","A Aziz"
"1653","M Klein","J Treur"
"1654","N Pilkington","B Devereux"
"1655","T Poibeau","B Devereux"
"1656","T Poibeau","N Pilkington"
"1657","A Korhonen","B Devereux"
"1658","A Korhonen","N Pilkington"
"1659","A Korhonen","T Poibeau"
"1660","M Gattis","E Hoicka"
"1661","D Casasanto","R Bottini"
"1662","A Lleras","S Mereu"
"1663","A Chuderska","A Chuderska"
"1664","A Gopnik","R Wu"
"1665","D Richardson","R Wu"
"1666","D Richardson","A Gopnik"
"1668","N Kirkham","A Gopnik"
"1669","N Kirkham","D Richardson"
"1671","A Schuler","A Eitel"
"1672","A Schuler","K Scheiter"
"1673","J Treur","Z Memon"
"1674","M Lee","J Pooley"
"1675","W Shankle","J Pooley"
"1676","W Shankle","M Lee"
"1677","T Griffiths","J Xu"
"1678","M Dowman","J Xu"
"1679","M Dowman","T Griffiths"
"1681","P Smith","P Beaman"
"1682","R McCloy","P Beaman"
"1683","R McCloy","P Smith"
"1684","J Tenenbaum","S Piantadosi"
"1685","N Goodman","S Piantadosi"
"1687","B Tversky","J Nickerson"
"1688","J Corter","J Nickerson"
"1689","J Corter","B Tversky"
"1690","L Yu","J Nickerson"
"1691","L Yu","B Tversky"
"1692","L Yu","J Corter"
"1693","Y Rho","J Nickerson"
"1694","Y Rho","B Tversky"
"1695","Y Rho","J Corter"
"1696","Y Rho","L Yu"
"1697","D Mason","J Nickerson"
"1698","D Mason","B Tversky"
"1699","D Mason","J Corter"
"1700","D Mason","L Yu"
"1701","D Mason","Y Rho"
"1703","A Bocconi","G Pezzulo"
"1704","A Bocconi","L Barca"
"1705","A Borghi","G Pezzulo"
"1706","A Borghi","L Barca"
"1707","A Borghi","A Bocconi"
"1708","S Bentin","I Lerner"
"1709","O Shriki","I Lerner"
"1710","O Shriki","S Bentin"
"1711","C Cochrane-Braswell","K McEldoon"
"1712","B Rittle-Johnson","K McEldoon"
"1713","B Rittle-Johnson","C Cochrane-Braswell"
"1714","M Kalish","J Trigg"
"1715","D Lin","M Louwerse"
"1716","A Drescher","M Louwerse"
"1717","A Drescher","D Lin"
"1718","G Semin","M Louwerse"
"1719","G Semin","D Lin"
"1720","G Semin","A Drescher"
"1721","V Sloutsky","S Deng"
"1722","J Patrick","P Morgan"
"1723","T Patrick","P Morgan"
"1724","T Patrick","J Patrick"
"1725","T Nokes","D Belenky"
"1726","A Gopnik","D Buchsbaum"
"1727","T Griffiths","D Buchsbaum"
"1729","G Cox","G Cox"
"1730","D McNamara","S Crossley"
"1731","L Colyn","R Anderson"
"1732","B Hartzler","R Anderson"
"1733","B Hartzler","L Colyn"
"1735","T Matlock","C Fausey"
"1736","F Keil","B Rottman"
"1737","M Moon","Y Wang"
"1738","W Fu","Y Wang"
"1739","W Fu","M Moon"
"1740","W Boot","Y Wang"
"1741","W Boot","M Moon"
"1742","W Boot","W Fu"
"1743","K Erickson","Y Wang"
"1744","K Erickson","M Moon"
"1745","K Erickson","W Fu"
"1746","K Erickson","W Boot"
"1747","A Kramer","Y Wang"
"1748","A Kramer","M Moon"
"1749","A Kramer","W Fu"
"1750","A Kramer","W Boot"
"1751","A Kramer","K Erickson"
"1752","R Ryan","J Kao"
"1753","M Dye","J Kao"
"1754","M Dye","R Ryan"
"1755","M Ramscar","J Kao"
"1756","M Ramscar","R Ryan"
"1757","M Ramscar","M Dye"
"1758","L Schalk","M Imai"
"1759","H Saalbach","M Imai"
"1760","H Saalbach","L Schalk"
"1762","H Okada","L Schalk"
"1763","H Okada","H Saalbach"
"1765","D Osherson","J Zhao"
"1766","T Chaminade","A Saygin"
"1767","H Ishiguro","A Saygin"
"1768","H Ishiguro","T Chaminade"
"1769","K Miwa","A Maehigashi"
"1770","M Kutas","R Metusalem"
"1771","M Hare","R Metusalem"
"1772","M Hare","M Kutas"
"1773","K McRae","R Metusalem"
"1774","K McRae","M Kutas"
"1775","K McRae","M Hare"
"1776","J Elman","R Metusalem"
"1777","J Elman","M Kutas"
"1778","J Elman","M Hare"
"1779","J Elman","K McRae"
"1780","D Stracuzzi","A Danielescu"
"1781","N Li","A Danielescu"
"1782","N Li","D Stracuzzi"
"1783","P Langley","A Danielescu"
"1784","P Langley","D Stracuzzi"
"1785","P Langley","N Li"
"1786","D Jackson","L Onnis"
"1787","M Spivey","L Onnis"
"1788","M Spivey","D Jackson"
"1789","D Tran","H Yoshida"
"1790","V Benitez","H Yoshida"
"1791","V Benitez","D Tran"
"1792","M Kuwabara","H Yoshida"
"1793","M Kuwabara","D Tran"
"1794","M Kuwabara","V Benitez"
"1795","G Kachergis","T Gangwani"
"1796","C Yu","T Gangwani"
"1798","P DeCamp","M Meyer"
"1799","B Hard","M Meyer"
"1800","B Hard","P DeCamp"
"1801","D Baldwin","M Meyer"
"1802","D Baldwin","P DeCamp"
"1803","D Baldwin","B Hard"
"1804","D Roy","M Meyer"
"1805","D Roy","P DeCamp"
"1806","D Roy","B Hard"
"1807","D Roy","D Baldwin"
"1808","S Epstein","T Ligorio"
"1809","R Passonneau","T Ligorio"
"1810","R Passonneau","S Epstein"
"1811","J Gordon","T Ligorio"
"1812","J Gordon","S Epstein"
"1813","J Gordon","R Passonneau"
"1814","L Novick","B Phillips"
"1815","K Catley","B Phillips"
"1816","K Catley","L Novick"
"1817","D Funk","B Phillips"
"1818","D Funk","L Novick"
"1819","D Funk","K Catley"
"1820","T Hills","C Kalff"
"1821","J Wiener","C Kalff"
"1822","J Wiener","T Hills"
"1823","A Kersten","S Chin"
"1824","D Rubinstein","L Emberson"
"1825","D Fricker","D Yurovksy"
"1827","C Yu","D Fricker"
"1829","L Smith","D Fricker"
"1831","T O'Donnell","J Hartshorne"
"1832","Y Sudo","J Hartshorne"
"1833","Y Sudo","T O'Donnell"
"1834","M Uruwashi","J Hartshorne"
"1835","M Uruwashi","T O'Donnell"
"1836","M Uruwashi","Y Sudo"
"1837","J Snedeker","J Hartshorne"
"1838","J Snedeker","T O'Donnell"
"1839","J Snedeker","Y Sudo"
"1840","J Snedeker","M Uruwashi"
"1841","H Kloos","C Erb"
"1842","O Urminsky","D Bartels"
"1843","J Loewenstein","J Keller"
"1844","J Yan","J Keller"
"1845","J Yan","J Loewenstein"
"1847","B Rehder","J Williams"
"1848","B Rehder","T Lombrozo"
"1849","J Cohen","S Gershman"
"1850","Y Niv","S Gershman"
"1851","Y Niv","J Cohen"
"1852","J Shi","M Lee"
"1853","R Goldstone","S Day"
"1854","T Hills","S Day"
"1855","T Hills","R Goldstone"
"1856","S Piantadosi","C Kidd"
"1857","R Aslin","C Kidd"
"1858","R Aslin","S Piantadosi"
"1859","H Lu","D Chen"
"1861","K Holyoak","H Lu"
"1862","G Andighetto","F Giardini"
"1863","R Conte","F Giardini"
"1864","R Conte","G Andighetto"
"1865","J Tenebaum","T Brady"
"1869","C Williams","S D'Mello"
"1870","P Hays","S D'Mello"
"1871","P Hays","C Williams"
"1872","A Olney","S D'Mello"
"1873","A Olney","C Williams"
"1874","A Olney","P Hays"
"1875","T Belpaeme","A Morse"
"1876","A Cangelosi","A Morse"
"1877","A Cangelosi","T Belpaeme"
"1878","L Smith","A Morse"
"1879","L Smith","T Belpaeme"
"1880","L Smith","A Cangelosi"
"1881","P Wolff","K Holmes"
"1882","M Jones","G Recchia"
"1883","M Sahlgren","G Recchia"
"1884","M Sahlgren","M Jones"
"1885","P Kanerva","G Recchia"
"1886","P Kanerva","M Jones"
"1887","P Kanerva","M Sahlgren"
"1888","A Bale","N Brooks"
"1889","D Barner","N Brooks"
"1890","D Barner","A Bale"
"1891","J Bonnefon","I Rahwan"
"1892","M Madakkatel","I Rahwan"
"1893","M Madakkatel","J Bonnefon"
"1894","R Awan","I Rahwan"
"1895","R Awan","J Bonnefon"
"1896","R Awan","M Madakkatel"
"1897","S Abdallah","I Rahwan"
"1898","S Abdallah","J Bonnefon"
"1899","S Abdallah","M Madakkatel"
"1900","S Abdallah","R Awan"
"1901","M Khalidi","M Khalidi"
"1902","S Baron","N Eapen"
"1903","C Street","N Eapen"
"1904","C Street","S Baron"
"1905","D Richardson","N Eapen"
"1906","D Richardson","S Baron"
"1908","E Andonova","E Andonova"
"1909","C Bracis","J Anderson"
"1910","A Goodwin","J Anderson"
"1911","A Goodwin","C Bracis"
"1912","X Choo","T Stewart"
"1913","C Eliasmith","T Stewart"
"1914","C Eliasmith","X Choo"
"1915","T Griffiths","J Austerweil"
"1916","E Heit","E Cadez"
"1917","V Cadez","E Cadez"
"1918","V Cadez","E Heit"
"1921","A Abrahamsen","W Bechtel"
"1922","J Nagel","R Mayrhofer"
"1924","M Waldmann","J Nagel"
"1925","M Ettlinger","H Rohde"
"1926","A Fazly","A Alishahi"
"1927","S Hanlon","N Braisby"
"1928","P Hristova","V Feldman"
"1929","B Kokinov","V Feldman"
"1930","B Kokinov","P Hristova"
"1931","E Davelaar","E Davelaar"
"1932","F Ahmadi-Fakhr","A Fazly"
"1934","A Alishahi","F Ahmadi-Fakhr"
"1935","S Stevenson","A Fazly"
"1936","S Stevenson","F Ahmadi-Fakhr"
"1937","S Stevenson","A Alishahi"
"1939","T Kolling","M Robledo"
"1940","T Kolling","G Deak"
"1942","E Sayre","A Heckler"
"1943","E Sayre","T Scaife"
"1944","L Schulz","H Gweon"
"1945","Y Ouchi","K Ohtsu"
"1946","S Reed","A Corbett"
"1947","B Hoffman","A Corbett"
"1948","B Hoffman","S Reed"
"1949","B MacLaren","A Corbett"
"1950","B MacLaren","S Reed"
"1951","B MacLaren","B Hoffman"
"1952","A Wagner","A Corbett"
"1953","A Wagner","S Reed"
"1954","A Wagner","B Hoffman"
"1955","A Wagner","B MacLaren"
"1956","C McGinnis","K Ratliff"
"1957","S Levine","K Ratliff"
"1958","S Levine","C McGinnis"
"1960","R Kreuz","J Roche"
"1962","T Urbach","P Knoeferle"
"1963","M Kuas","P Knoeferle"
"1964","M Kuas","T Urbach"
"1966","E Reichle","Y Liu"
"1968","C Young","Y Tang"
"1969","J Myung","Y Tang"
"1970","J Myung","C Young"
"1971","M Pitt","Y Tang"
"1972","M Pitt","C Young"
"1974","J Opfer","Y Tang"
"1975","J Opfer","C Young"
"1976","J Opfer","J Myung"
"1977","J Opfer","M Pitt"
"1978","G Deak","J Lewis"
"1979","H Jasso","J Lewis"
"1980","H Jasso","G Deak"
"1981","J Triesch","J Lewis"
"1982","J Triesch","G Deak"
"1983","J Triesch","H Jasso"
"1984","S Sahni","S Sahni"
"1985","K VanLehn","M Chi"
"1986","D Litman","M Chi"
"1987","D Litman","K VanLehn"
"1989","B Miller","P Hemmer"
"1990","B Miller","M Steyvers"
"1991","B Sarnecka","J Negen"
"1992","S Varma","M Lewis"
"1993","U Priva","U Priva"
"1994","J Opfer","F Kanayet"
"1995","W Cunningham","F Kanayet"
"1996","W Cunningham","J Opfer"
"1997","D Swingley","G Lupyan"
"1998","R Campbell","E Hoicka"
"1999","N Ahmar","C Robinson"
"2001","V Sloutsky","N Ahmar"
"2002","K Scheiter","A Schueler"
"2003","P Gerjets","A Schueler"
"2005","N Goodman","T Ullman"
"2006","J Tenenbaum","T Ullman"
"2009","D Fum","A Napoli"
"2013","C Eberbach","S Honwad"
"2014","C Eberbach","C Hmelo-Silver"
"2015","C Eberbach","R Jordan"
"2019","S Gray","C Eberbach"
"2023","S Sinha","C Eberbach"
"2028","A Goel","C Eberbach"
"2034","S Vattam","C Eberbach"
"2041","S Rugaber","C Eberbach"
"2049","D Joyner","C Eberbach"
"2056","J Tan","D Richardson"
"2057","J Tan","C Street"
"2058","B Bergen","H Dennison"
"2059","F Poletiek","J Lai"
"2060","E Colunga","C Sims"
"2061","C Eliasmith","D Rasmussen"
"2062","S Yamada","T Komatsu"
"2063","K Kobayashi","T Komatsu"
"2064","K Kobayashi","S Yamada"
"2065","K Funakoshi","T Komatsu"
"2066","K Funakoshi","S Yamada"
"2067","K Funakoshi","K Kobayashi"
"2068","M Nakano","T Komatsu"
"2069","M Nakano","S Yamada"
"2070","M Nakano","K Kobayashi"
"2071","M Nakano","K Funakoshi"
"2072","L Smith","N Beckage"
"2073","T Hills","N Beckage"
"2074","T Hills","L Smith"
"2075","Y Sun","F Tamborello"
"2076","H Wang","F Tamborello"
"2078","M Blair","B Rehder"
"2079","A Hoffman","B Rehder"
"2080","A Hoffman","M Blair"
"2081","M Watson","B Rehder"
"2082","M Watson","M Blair"
"2083","M Watson","A Hoffman"
"2084","J Hotaling","T Gureckis"
"2085","M Lee","T Gureckis"
"2086","M Lee","J Hotaling"
"2087","B Love","T Gureckis"
"2088","B Love","J Hotaling"
"2089","B Love","M Lee"
"2090","D Simon","T Gureckis"
"2091","D Simon","J Hotaling"
"2092","D Simon","M Lee"
"2093","D Simon","B Love"
"2094","C Kemp","Y Xu"
"2095","C Baker","N Goodman"
"2097","J Tenenbaum","C Baker"
"2098","C Lucas","N Goodman"
"2099","C Lucas","C Baker"
"2100","C Lucas","J Tenenbaum"
"2101","K Hamlin","N Goodman"
"2102","K Hamlin","C Baker"
"2103","K Hamlin","J Tenenbaum"
"2104","K Hamlin","C Lucas"
"2105","T Kushnir","N Goodman"
"2106","T Kushnir","C Baker"
"2107","T Kushnir","J Tenenbaum"
"2108","T Kushnir","C Lucas"
"2109","T Kushnir","K Hamlin"
"2111","T Ullman","C Baker"
"2113","T Ullman","C Lucas"
"2114","T Ullman","K Hamlin"
"2115","T Ullman","T Kushnir"
"2116","E Spelke","N Goodman"
"2117","E Spelke","C Baker"
"2118","E Spelke","J Tenenbaum"
"2119","E Spelke","C Lucas"
"2120","E Spelke","K Hamlin"
"2121","E Spelke","T Kushnir"
"2122","E Spelke","T Ullman"
"2123","C Fawcett","N Goodman"
"2124","C Fawcett","C Baker"
"2125","C Fawcett","J Tenenbaum"
"2126","C Fawcett","C Lucas"
"2127","C Fawcett","K Hamlin"
"2128","C Fawcett","T Kushnir"
"2129","C Fawcett","T Ullman"
"2130","C Fawcett","E Spelke"
"2131","T Griffiths","N Goodman"
"2132","T Griffiths","C Baker"
"2133","T Griffiths","J Tenenbaum"
"2135","T Griffiths","K Hamlin"
"2136","T Griffiths","T Kushnir"
"2137","T Griffiths","T Ullman"
"2138","T Griffiths","E Spelke"
"2139","T Griffiths","C Fawcett"
"2140","F Xu","N Goodman"
"2141","F Xu","C Baker"
"2142","F Xu","J Tenenbaum"
"2143","F Xu","C Lucas"
"2144","F Xu","K Hamlin"
"2145","F Xu","T Kushnir"
"2146","F Xu","T Ullman"
"2147","F Xu","E Spelke"
"2148","F Xu","C Fawcett"
"2149","F Xu","T Griffiths"
"2150","K Wynn","N Goodman"
"2151","K Wynn","C Baker"
"2152","K Wynn","J Tenenbaum"
"2153","K Wynn","C Lucas"
"2154","K Wynn","K Hamlin"
"2155","K Wynn","T Kushnir"
"2156","K Wynn","T Ullman"
"2157","K Wynn","E Spelke"
"2158","K Wynn","C Fawcett"
"2159","K Wynn","T Griffiths"
"2160","K Wynn","F Xu"
"2161","P Bloom","N Goodman"
"2162","P Bloom","C Baker"
"2163","P Bloom","J Tenenbaum"
"2164","P Bloom","C Lucas"
"2165","P Bloom","K Hamlin"
"2166","P Bloom","T Kushnir"
"2167","P Bloom","T Ullman"
"2168","P Bloom","E Spelke"
"2169","P Bloom","C Fawcett"
"2170","P Bloom","T Griffiths"
"2171","P Bloom","F Xu"
"2172","P Bloom","K Wynn"
"2173","H Wellman","N Goodman"
"2174","H Wellman","C Baker"
"2175","H Wellman","J Tenenbaum"
"2176","H Wellman","C Lucas"
"2177","H Wellman","K Hamlin"
"2179","H Wellman","T Ullman"
"2180","H Wellman","E Spelke"
"2181","H Wellman","C Fawcett"
"2182","H Wellman","T Griffiths"
"2183","H Wellman","F Xu"
"2184","H Wellman","K Wynn"
"2185","H Wellman","P Bloom"
"2186","S Gelman","N Goodman"
"2187","S Gelman","C Baker"
"2188","S Gelman","J Tenenbaum"
"2189","S Gelman","C Lucas"
"2190","S Gelman","K Hamlin"
"2191","S Gelman","T Kushnir"
"2192","S Gelman","T Ullman"
"2193","S Gelman","E Spelke"
"2194","S Gelman","C Fawcett"
"2195","S Gelman","T Griffiths"
"2196","S Gelman","F Xu"
"2197","S Gelman","K Wynn"
"2198","S Gelman","P Bloom"
"2199","S Gelman","H Wellman"
"2200","S Beller","A Bender"
"2201","G Bennardo","A Bender"
"2202","G Bennardo","S Beller"
"2203","J Boster","A Bender"
"2204","J Boster","S Beller"
"2205","J Boster","G Bennardo"
"2206","A Majid","A Bender"
"2207","A Majid","S Beller"
"2208","A Majid","G Bennardo"
"2209","A Majid","J Boster"
"2210","D Medin","A Bender"
"2211","D Medin","S Beller"
"2212","D Medin","G Bennardo"
"2213","D Medin","J Boster"
"2214","D Medin","A Majid"
"2215","J Panksepp","R Gabriel"
"2216","S Asma","R Gabriel"
"2217","S Asma","J Panksepp"
"2218","G Curran","R Gabriel"
"2219","G Curran","J Panksepp"
"2220","G Curran","S Asma"
"2221","M Fischer","K McRae"
"2222","A Petrashek","R Scott"
"2223","N Goodman","R Scott"
"2224","N Goodman","A Petrashek"
"2225","R Saxe","R Scott"
"2226","R Saxe","A Petrashek"
"2227","R Saxe","N Goodman"
"2228","H Neville","I Boroditsky"
"2229","C Karns","I Boroditsky"
"2230","C Karns","H Neville"
"2231","A Markman","I Boroditsky"
"2232","A Markman","H Neville"
"2233","A Markman","C Karns"
"2234","M Spivey","I Boroditsky"
"2235","M Spivey","H Neville"
"2236","M Spivey","C Karns"
"2237","M Spivey","A Markman"
"2238","R Weisberg","K Glazek"
"2240","D Kirsh","D Kirsh"
"2241","E Frohning","K Carbary"
"2242","M Tanenhaus","K Carbary"
"2243","M Tanenhaus","E Frohning"
"2244","L Ball","M Wilkinson"
"2245","R Cooper","M Wilkinson"
"2246","R Cooper","L Ball"
"2247","G Kachergis","A Hendrickson"
"2248","T Gureckis","A Hendrickson"
"2249","T Gureckis","G Kachergis"
"2250","R Goldstone","A Hendrickson"
"2251","R Goldstone","G Kachergis"
"2252","R Goldstone","T Gureckis"
"2254","M Kutas","A Borovsky"
"2256","C Yu","C Chen"
"2257","D Fricker","C Chen"
"2259","T Smith","C Chen"
"2260","T Smith","C Yu"
"2261","T Smith","D Fricker"
"2262","L Gershkoff-Stowe","C Chen"
"2263","L Gershkoff-Stowe","C Yu"
"2264","L Gershkoff-Stowe","D Fricker"
"2265","L Gershkoff-Stowe","T Smith"
"2266","W Zhang","R Alexander"
"2267","G Zelinsky","R Alexander"
"2268","G Zelinsky","W Zhang"
"2269","T Pleskac","A Wershbale"
"2270","A Hohenberger","S Eren"
"2271","D Galbraith","V Baaijen"
"2272","K Glopper","V Baaijen"
"2273","K Glopper","D Galbraith"
