"","from","to"
"1","C Gaviria","W Jimenez-Leal"
"2","M Uribe","W Jimenez-Leal"
"3","M Uribe","C Gaviria"
"4","K Deemter","R Kutlak"
"5","C Mellish","R Kutlak"
"6","C Mellish","K Deemter"
"7","X Oyarzabal","K Kurtz"
"8","A Bruin","D Casasanto"
"9","M Welsh","B Bruza"
"10","D Navarro","B Bruza"
"11","D Navarro","M Welsh"
"12","S Begg","B Bruza"
"13","S Begg","M Welsh"
"14","S Begg","D Navarro"
"15","T Barrett","A Stull"
"16","M Hegarty","A Stull"
"17","M Hegarty","T Barrett"
"18","M Pedro","J Gobert"
"19","O Montalvo","J Gobert"
"20","O Montalvo","M Pedro"
"21","E Toto","J Gobert"
"22","E Toto","M Pedro"
"23","E Toto","O Montalvo"
"24","M Bachmann","J Gobert"
"25","M Bachmann","M Pedro"
"26","M Bachmann","O Montalvo"
"27","M Bachmann","E Toto"
"28","R Baker","J Gobert"
"29","R Baker","M Pedro"
"30","R Baker","O Montalvo"
"31","R Baker","E Toto"
"32","R Baker","M Bachmann"
"33","J Matthews","Y Huang"
"34","M Kallmann","Y Huang"
"35","M Kallmann","J Matthews"
"36","T Matlock","Y Huang"
"37","T Matlock","J Matthews"
"38","T Matlock","M Kallmann"
"39","R Goldstone","D Braithwaite"
"40","R Raafat","A Coen"
"41","N Chater","A Coen"
"42","N Chater","R Raafat"
"43","A Lai","M Ament"
"44","A Cox","M Ament"
"45","A Cox","A Lai"
"46","H Weldle","S Schwarzkopf"
"47","D Muller","S Schwarzkopf"
"48","D Muller","H Weldle"
"49","L Koniezcny","S Schwarzkopf"
"50","L Koniezcny","H Weldle"
"51","L Koniezcny","D Muller"
"52","C Walkington","J Cooper"
"53","C Williams","J Cooper"
"54","C Williams","C Walkington"
"55","O Akinsiku","J Cooper"
"56","O Akinsiku","C Walkington"
"57","O Akinsiku","C Williams"
"58","C Kalish","J Cooper"
"59","C Kalish","C Walkington"
"60","C Kalish","C Williams"
"61","C Kalish","O Akinsiku"
"62","A Ellis","J Cooper"
"63","A Ellis","C Walkington"
"64","A Ellis","C Williams"
"65","A Ellis","O Akinsiku"
"66","A Ellis","C Kalish"
"67","E Knuth","J Cooper"
"68","E Knuth","C Walkington"
"69","E Knuth","C Williams"
"70","E Knuth","O Akinsiku"
"71","E Knuth","C Kalish"
"72","E Knuth","A Ellis"
"73","T Mintz","T Mintz"
"74","J Matthews","M Greenwood"
"75","T Matlock","M Greenwood"
"77","M Spivey","M Greenwood"
"78","M Spivey","J Matthews"
"79","M Spivey","T Matlock"
"80","N Goodman","A Stiller"
"81","M Frank","A Stiller"
"82","M Frank","N Goodman"
"83","C Yu","H Choi"
"84","L Smith","H Choi"
"85","L Smith","C Yu"
"86","O Sporns","H Choi"
"87","O Sporns","C Yu"
"88","O Sporns","L Smith"
"89","K Inukai","T Wisdom"
"90","K Kurosaka","T Wisdom"
"91","K Kurosaka","K Inukai"
"92","W Toyokawa","T Wisdom"
"93","W Toyokawa","K Inukai"
"94","W Toyokawa","K Kurosaka"
"95","Y Hizen","T Wisdom"
"96","Y Hizen","K Inukai"
"97","Y Hizen","K Kurosaka"
"98","Y Hizen","W Toyokawa"
"99","T Kameda","T Wisdom"
"100","T Kameda","K Inukai"
"101","T Kameda","K Kurosaka"
"102","T Kameda","W Toyokawa"
"103","T Kameda","Y Hizen"
"104","P Pyykkonen","A Alishahi"
"105","J Coley","N Vasilyeva"
"106","S Dennis","A Osth"
"108","M Upal","M Upal"
"109","S Finley","S Finley"
"110","S Lee","S Lee"
"111","R Port","R Port"
"112","A Demos","A Shaw"
"113","D Arthur","A Shaw"
"114","D Arthur","A Demos"
"115","J Magnuson","A Shaw"
"116","J Magnuson","A Demos"
"117","J Magnuson","D Arthur"
"118","L Itti","N Noori"
"119","K Miwa","N Kanzaki"
"120","Y Kim","Y So"
"121","A Fazly","A Nematzadeh"
"122","S Stevenson","A Nematzadeh"
"123","S Stevenson","A Fazly"
"124","L Konieczny","N Shuval"
"125","B Hemforth","N Shuval"
"126","B Hemforth","L Konieczny"
"127","S Stevenson","C Pariesen"
"128","S Somers","R West"
"129","D Dillon","I Song"
"130","R Youmas","J Ramsburg"
"131","B Colder","B Colder"
"132","M Misirlisoy","N Atalay"
"133","S Anderson","S Huette"
"134","T Matlock","S Huette"
"135","T Matlock","S Anderson"
"136","M Spivey","S Huette"
"137","M Spivey","S Anderson"
"139","A Knittel","A Knittel"
"140","K Deemter","M Mitchell"
"141","E Reiter","M Mitchell"
"142","E Reiter","K Deemter"
"143","E Bardone","L Magnani"
"144","T Bertolotti","L Magnani"
"145","T Bertolotti","E Bardone"
"146","S Newman","F Soylu"
"147","B Burns","B Burns"
"148","S Davies","K Butcher"
"149","A Crockett","K Butcher"
"150","A Crockett","S Davies"
"151","R Zheng","K Butcher"
"152","R Zheng","S Davies"
"153","R Zheng","A Crockett"
"154","A Dewald","K Butcher"
"155","A Dewald","S Davies"
"156","A Dewald","A Crockett"
"157","A Dewald","R Zheng"
"158","A Cook","K Butcher"
"159","A Cook","S Davies"
"160","A Cook","A Crockett"
"161","A Cook","R Zheng"
"162","A Cook","A Dewald"
"163","R Goldstone","S Frey"
"164","N Kirkham","K Swan"
"165","S Makioka","S Makioka"
"166","M Mota","K Tagarelli"
"167","P Rebuschat","K Tagarelli"
"168","P Rebuschat","M Mota"
"169","H Fitz","H Fitz"
"170","K Diessaert","A Sevenants"
"171","W Schaeken","A Sevenants"
"172","W Schaeken","K Diessaert"
"173","D Plaut","B Armstrong"
"174","S Vosniadou","M DeWolf"
"175","B Liang","J Chen"
"176","P O'Seaghdha","J Chen"
"177","P O'Seaghdha","B Liang"
"178","X Huang","J Chen"
"179","X Huang","B Liang"
"180","X Huang","P O'Seaghdha"
"181","E Colunga","C Sims"
"182","S Jordan","B Lisa"
"183","T Robert","B Lisa"
"184","T Robert","S Jordan"
"185","L Guy","B Lisa"
"186","L Guy","S Jordan"
"187","L Guy","T Robert"
"188","S Moffat","S Moffat"
"189","B Abbs","B Abbs"
"190","R Raghunathan","J Loewenstein"
"191","C Heath","J Loewenstein"
"192","C Heath","R Raghunathan"
"193","S Wallot","C Coey"
"194","M Richardson","C Coey"
"195","M Richardson","S Wallot"
"196","G Orden","C Coey"
"197","G Orden","S Wallot"
"198","G Orden","M Richardson"
"199","D Casasanto","R Bottini"
"200","M Speekenbrink","M Osman"
"201","S D'Mello","B Morgan"
"202","J Fielding","B Morgan"
"203","J Fielding","S D'Mello"
"204","K Fike","B Morgan"
"205","K Fike","S D'Mello"
"206","K Fike","J Fielding"
"207","A Tamplin","B Morgan"
"208","A Tamplin","S D'Mello"
"209","A Tamplin","J Fielding"
"210","A Tamplin","K Fike"
"211","G Radvansky","B Morgan"
"212","G Radvansky","S D'Mello"
"213","G Radvansky","J Fielding"
"214","G Radvansky","K Fike"
"215","G Radvansky","A Tamplin"
"216","J Arnett","B Morgan"
"217","J Arnett","S D'Mello"
"218","J Arnett","J Fielding"
"219","J Arnett","K Fike"
"220","J Arnett","A Tamplin"
"221","J Arnett","G Radvansky"
"222","R Abbott","B Morgan"
"223","R Abbott","S D'Mello"
"224","R Abbott","J Fielding"
"225","R Abbott","K Fike"
"226","R Abbott","A Tamplin"
"227","R Abbott","G Radvansky"
"228","R Abbott","J Arnett"
"229","A Graesser","B Morgan"
"230","A Graesser","S D'Mello"
"231","A Graesser","J Fielding"
"232","A Graesser","K Fike"
"233","A Graesser","A Tamplin"
"234","A Graesser","G Radvansky"
"235","A Graesser","J Arnett"
"236","A Graesser","R Abbott"
"237","E Sullivan","A Hostetter"
"238","D Field","R Shahbazi"
"239","S Edelmann","R Shahbazi"
"240","S Edelmann","D Field"
"241","T Lombrozo","K Uttich"
"242","R Dale","M Riordan"
"243","R Kreuz","M Riordan"
"244","R Kreuz","R Dale"
"245","A Olney","M Riordan"
"246","A Olney","R Dale"
"247","A Olney","R Kreuz"
"248","V Zabotkina","V Zabotkina"
"249","E Miller","G Schmidt"
"250","S Agauas","G Schmidt"
"251","S Agauas","E Miller"
"252","A Klippel","R Li"
"253","J Yang","R Li"
"254","J Yang","A Klippel"
"255","J Nickerson","J Voiklis"
"256","L Young","A Hawley-Dolan"
"257","M Ramscar","M Dye"
"258","E Suh","M Dye"
"259","E Suh","M Ramscar"
"260","T Shimazaki","M Saito"
"261","M Lotstein","S Khemlani"
"262","P Johnson-Laird","S Khemlani"
"263","P Johnson-Laird","M Lotstein"
"264","J Valle-Lisboa","J Valle-Lisboa"
"265","L Kaastra","L Kaastra"
"266","J Minda","R Nadler"
"267","S Liu","J Lim"
"268","T Gruenfelder","M Jones"
"269","G Recchia","M Jones"
"270","G Recchia","T Gruenfelder"
"271","G d'Ydewalle","A Sevenants"
"272","T Gijssels","L Casasanto"
"273","D Casasanto","L Casasanto"
"274","D Casasanto","T Gijssels"
"275","H Forgues","M Brunet"
"276","H Markovits","M Brunet"
"277","H Markovits","H Forgues"
"278","S Ross","K Wagner"
"279","D Szucs","H Pincham"
"280","J Black","C Lu"
"281","S Kang","C Lu"
"282","S Kang","J Black"
"283","S Huang","C Lu"
"284","S Huang","J Black"
"285","S Huang","S Kang"
"286","C Sandhofer","H Vlach"
"287","S Chow","S Chow"
"288","C Janssen","G Farmer"
"289","D Brumby","G Farmer"
"290","D Brumby","C Janssen"
"291","A Markatou","A Protopapas"
"292","H Pelton","H Gweon"
"293","L Schulz","H Gweon"
"294","L Schulz","H Pelton"
"295","S Carey","A Schachner"
"296","R West","C Humeny"
"297","T Gureckis","J McDonnell"
"298","Y Onuki","I Nomura"
"299","K Samejima","I Nomura"
"300","K Samejima","Y Onuki"
"301","Y Washida","I Nomura"
"302","Y Washida","Y Onuki"
"303","Y Washida","K Samejima"
"304","K Ueda","I Nomura"
"305","K Ueda","Y Onuki"
"306","K Ueda","K Samejima"
"307","K Ueda","Y Washida"
"308","H Okada","I Nomura"
"309","H Okada","Y Onuki"
"310","H Okada","K Samejima"
"311","H Okada","Y Washida"
"312","H Okada","K Ueda"
"313","T Omori","I Nomura"
"314","T Omori","Y Onuki"
"315","T Omori","K Samejima"
"316","T Omori","Y Washida"
"317","T Omori","K Ueda"
"318","T Omori","H Okada"
"319","G Burgmanis","J Škilters"
"320","Z Krišjane","J Škilters"
"321","Z Krišjane","G Burgmanis"
"322","L Apse","J Škilters"
"323","L Apse","G Burgmanis"
"324","L Apse","Z Krišjane"
"325","R Hurtado","J Useche"
"326","T Kusumi","T Taira"
"327","S Simpson","S Simpson"
"329","K Lamberts","M Refaat"
"330","J Garcia-Albea","J Gavilan"
"331","T Shultz","H Prime"
"332","R West","M Kelly"
"333","A Sussman","A Sussman"
"334","M Perush","L Bauer"
"335","M Gomez","L Bauer"
"336","M Gomez","M Perush"
"337","R Melara","L Bauer"
"338","R Melara","M Perush"
"339","R Melara","M Gomez"
"340","S Lu","D Pierce"
"341","D Harter","D Pierce"
"342","D Harter","S Lu"
"343","P Kotturu","D Pierce"
"344","P Kotturu","S Lu"
"345","P Kotturu","D Harter"
"346","P Kosito","D Pierce"
"347","P Kosito","S Lu"
"348","P Kosito","D Harter"
"349","P Kosito","P Kotturu"
"350","F Keller","M Coco"
"351","C Lucas","J Hu"
"352","T Griffiths","J Hu"
"353","T Griffiths","C Lucas"
"354","F Xu","J Hu"
"355","F Xu","C Lucas"
"356","F Xu","T Griffiths"
"357","G Recchia","G Kachergis"
"358","R Shiffrin","G Kachergis"
"359","R Shiffrin","G Recchia"
"360","M Waldmann","R Mayrhofer"
"361","F Steffenhagen","M Ragni"
"362","T Fangmeier","M Ragni"
"363","T Fangmeier","F Steffenhagen"
"364","A Kitsantas","A Samsonovich"
"365","E O'Brien","A Samsonovich"
"366","E O'Brien","A Kitsantas"
"367","K Jong","A Samsonovich"
"368","K Jong","A Kitsantas"
"369","K Jong","E O'Brien"
"370","A Papafraou","F Wilson"
"371","A Bunger","F Wilson"
"372","A Bunger","A Papafraou"
"373","J Trueswell","F Wilson"
"374","J Trueswell","A Papafraou"
"375","J Trueswell","A Bunger"
"376","M Bedny","S Dravida"
"377","R Saxe","S Dravida"
"378","R Saxe","M Bedny"
"379","L Grimm","K Geodert"
"380","A Markman","K Geodert"
"381","A Markman","L Grimm"
"382","B Spellman","K Geodert"
"383","B Spellman","L Grimm"
"384","B Spellman","A Markman"
"385","O Vybornova","O Vybornova"
"386","D Osherson","J Zhao"
"387","K Mehlhorn","A Scholz"
"388","F Bocklisch","A Scholz"
"389","F Bocklisch","K Mehlhorn"
"390","J Krems","A Scholz"
"391","J Krems","K Mehlhorn"
"392","J Krems","F Bocklisch"
"393","T Regier","S Bridgers"
"394","W So","W So"
"395","R West","G Griffiths"
"396","A D'Anguilli","G Griffiths"
"397","A D'Anguilli","R West"
"398","S Wallot","L Greshman"
"399","H Kloos","L Greshman"
"400","H Kloos","S Wallot"
"401","G Orden","L Greshman"
"403","G Orden","H Kloos"
"404","E Agichtein","B Lock"
"405","K Holmes","B Lock"
"406","K Holmes","E Agichtein"
"407","P Wolff","B Lock"
"408","P Wolff","E Agichtein"
"409","P Wolff","K Holmes"
"410","D Kim","C Widmer"
"411","C Szostak","C Widmer"
"412","C Szostak","D Kim"
"413","M Pitt","C Widmer"
"414","M Pitt","D Kim"
"415","M Pitt","C Szostak"
"416","R Patel","R Patel"
"417","L Magnani","L Magnani"
"418","J Moss","E Cranford"
"419","C Schunn","J Jang"
"420","L Santos","D Zaefferer"
"421","S Cholewiak","P Pantelis"
"422","P Ringstad","P Pantelis"
"423","P Ringstad","S Cholewiak"
"424","K Sanik","P Pantelis"
"425","K Sanik","S Cholewiak"
"426","K Sanik","P Ringstad"
"427","A Weinstein","P Pantelis"
"428","A Weinstein","S Cholewiak"
"429","A Weinstein","P Ringstad"
"430","A Weinstein","K Sanik"
"431","C Wu","P Pantelis"
"432","C Wu","S Cholewiak"
"433","C Wu","P Ringstad"
"434","C Wu","K Sanik"
"435","C Wu","A Weinstein"
"436","J Feldman","P Pantelis"
"437","J Feldman","S Cholewiak"
"438","J Feldman","P Ringstad"
"439","J Feldman","K Sanik"
"440","J Feldman","A Weinstein"
"441","J Feldman","C Wu"
"442","J Schoenherr","L Boucher"
"443","R Thosmon","L Boucher"
"444","R Thosmon","J Schoenherr"
"445","G Lacroix","L Boucher"
"446","G Lacroix","J Schoenherr"
"447","G Lacroix","R Thosmon"
"448","S Brussow","R Albrecht"
"449","C Kaller","R Albrecht"
"450","C Kaller","S Brussow"
"451","M Ragni","R Albrecht"
"452","M Ragni","S Brussow"
"453","M Ragni","C Kaller"
"454","V Marian","H Blumenfeld"
"455","M Aibali","N Crooks"
"456","D Lyon","D Lyon"
"457","M Tomlinson","B Glass"
"458","W Maddox","B Glass"
"459","W Maddox","M Tomlinson"
"460","B Love","B Glass"
"461","B Love","M Tomlinson"
"462","B Love","W Maddox"
"463","C Giraud-Carrier","M Smith"
"464","D Dewey","M Smith"
"465","D Dewey","C Giraud-Carrier"
"466","S Ring","M Smith"
"467","S Ring","C Giraud-Carrier"
"468","S Ring","D Dewey"
"469","D Gore","M Smith"
"470","D Gore","C Giraud-Carrier"
"471","D Gore","D Dewey"
"472","D Gore","S Ring"
"473","M Kalish","K Albarado"
"474","J Martin","B Rehder"
"475","T Kushnir","Y Yu"
"476","J Black","M Lu"
"478","T German","A Cohen"
"479","M Kitajima","M Toyota"
"480","C Conway","A Walk"
"481","C Desharnais","B Jee"
"482","J Staley","B Jee"
"483","J Staley","C Desharnais"
"484","Y So","Y So"
"485","M Tanenhaus","J Degen"
"486","M Keane","A Gerow"
"487","B Landau","O Gurcanli"
"488","H Honda","T Matsuka"
"489","S Matsuura","T Matsuka"
"490","S Matsuura","H Honda"
"491","S Dennis","S Smith"
"493","T Jaeger","A Fine"
"494","P Li","X Zhao"
"495","Y Liu","X Zhao"
"496","Y Liu","P Li"
"497","X Fang","X Zhao"
"498","X Fang","P Li"
"499","X Fang","Y Liu"
"500","H Shu","X Zhao"
"501","H Shu","P Li"
"502","H Shu","Y Liu"
"503","H Shu","X Fang"
"504","J Silverman","S Rogers"
"505","R Alterman","S Rogers"
"506","R Alterman","J Silverman"
"507","A Malka","B Galantucci"
"508","C Theisen","B Galantucci"
"509","C Theisen","A Malka"
"510","B Rosenzweig","B Galantucci"
"511","B Rosenzweig","A Malka"
"512","B Rosenzweig","C Theisen"
"513","K Gerin","B Galantucci"
"514","K Gerin","A Malka"
"515","K Gerin","C Theisen"
"516","K Gerin","B Rosenzweig"
"517","M Ambrose","B Galantucci"
"518","M Ambrose","A Malka"
"519","M Ambrose","C Theisen"
"520","M Ambrose","B Rosenzweig"
"521","M Ambrose","K Gerin"
"522","S Wayland","A Bloomfield"
"523","A Blodgett","A Bloomfield"
"524","A Blodgett","S Wayland"
"525","J Linck","A Bloomfield"
"526","J Linck","S Wayland"
"527","J Linck","A Blodgett"
"528","J Lee","D Kotsopoulos"
"529","A Clarkson","D Kotsopoulos"
"530","A Clarkson","J Lee"
"531","R Azevedo","C Burkett"
"532","Y Tzeng","N Stein"
"533","M Hernandez","N Stein"
"534","M Hernandez","Y Tzeng"
"535","T Brady","T Brady"
"536","D Baldwin","M Meyer"
"537","K Sage","M Meyer"
"538","K Sage","D Baldwin"
"539","M Christiansen","A Mitchel"
"540","D Weiss","A Mitchel"
"541","D Weiss","M Christiansen"
"542","T Gerstenberg","S Schaechtele"
"543","D Lagnado","S Schaechtele"
"544","D Lagnado","T Gerstenberg"
"545","A Toyomura","M Shibata"
"546","J Abe","M Shibata"
"547","J Abe","A Toyomura"
"548","P Monaghan","U Sio"
"549","T Ormerod","U Sio"
"550","T Ormerod","P Monaghan"
"551","J Black","C Fadjo"
"552","P Delfabbro","M Welsh"
"553","N Burns","M Welsh"
"554","N Burns","P Delfabbro"
"556","S Begg","P Delfabbro"
"557","S Begg","N Burns"
"558","A Pomi","A Pomi"
"559","D Szucs","C Killikelly"
"560","R Gelman","J Jacobs"
"561","A Fathi","A Roman"
"562","J Santiago","A Roman"
"563","J Santiago","A Fathi"
"564","S Chin-Parker","S Chin-Parker"
"565","R Saxe","J Koster-Hale"
"566","J Valle-Lisboa","A Cabana"
"567","E Mizraji","A Cabana"
"568","E Mizraji","J Valle-Lisboa"
"569","M Goudbeek","R Koolen"
"570","E Krahmer","R Koolen"
"571","E Krahmer","M Goudbeek"
"573","D Uttal","N Meadow"
"574","E Tipton","N Meadow"
"575","E Tipton","D Uttal"
"576","N Newcombe","N Meadow"
"577","N Newcombe","D Uttal"
"578","N Newcombe","E Tipton"
"579","S Dennis","H Yim"
"580","V Sloutsky","H Yim"
"581","V Sloutsky","S Dennis"
"582","L Viika","F Milton"
"583","H Henderson","F Milton"
"584","H Henderson","L Viika"
"585","A Wills","F Milton"
"586","A Wills","L Viika"
"587","A Wills","H Henderson"
"588","P Langley","W Bridewell"
"589","B Lopez","K Milliken"
"590","J Vaid","K Milliken"
"591","J Vaid","B Lopez"
"592","C Rao","K Milliken"
"593","C Rao","B Lopez"
"594","C Rao","J Vaid"
"595","L Guillette","M Wisniewski"
"596","M Radell","M Wisniewski"
"597","M Radell","L Guillette"
"598","C Sturdy","M Wisniewski"
"599","C Sturdy","L Guillette"
"600","C Sturdy","M Radell"
"601","E Mercado","M Wisniewski"
"602","E Mercado","L Guillette"
"603","E Mercado","M Radell"
"604","E Mercado","C Sturdy"
"605","T Shultz","F Dandurand"
"606","H Yoshida","D Tran"
"607","T Burleigh","J Schoenherr"
"608","A Winchester","J Schoenherr"
"609","A Winchester","T Burleigh"
"611","G Lacroix","T Burleigh"
"612","G Lacroix","A Winchester"
"613","A Lotem","O Kolodny"
"614","S Edelmann","O Kolodny"
"615","S Edelmann","A Lotem"
"616","A Krumnack","J Nejasmic"
"617","L Bucher","J Nejasmic"
"618","L Bucher","A Krumnack"
"619","M Knauff","J Nejasmic"
"620","M Knauff","A Krumnack"
"621","M Knauff","L Bucher"
"622","S Prasada","J Knobe"
"623","M Latham","E Munnich"
"624","J Milazzo","E Munnich"
"625","J Milazzo","M Latham"
"626","J Zisa","E Munnich"
"627","J Zisa","M Latham"
"628","J Zisa","J Milazzo"
"629","S Khan","E Munnich"
"630","S Khan","M Latham"
"631","S Khan","J Milazzo"
"632","S Khan","J Zisa"
"633","B Love","G Giguere"
"634","S Bredart","E Moyse"
"635","E Quellmalz","J Davenport"
"636","M Timms","J Davenport"
"637","M Timms","E Quellmalz"
"638","L Samuelson","L Perry"
"639","M Chan","M Chan"
"640","D Dickison","R Hausmann"
"641","J Connelly","R Hausmann"
"642","J Connelly","D Dickison"
"643","B Towle","R Hausmann"
"644","B Towle","D Dickison"
"645","B Towle","J Connelly"
"646","D Barner","J Sullivan"
"647","A Fine","T Farmer"
"648","F Jaeger","T Farmer"
"649","F Jaeger","A Fine"
"650","R Turner","V Leong"
"651","M Stone","V Leong"
"652","M Stone","R Turner"
"653","U Goswani","V Leong"
"654","U Goswani","R Turner"
"655","U Goswani","M Stone"
"656","C Caldwell-Harris","J Gorian"
"657","A Biller","J Gorian"
"658","A Biller","C Caldwell-Harris"
"659","Z Guomei","P Xiaoping"
"660","Z Lanya","P Xiaoping"
"661","Z Lanya","Z Guomei"
"662","T Chi-Shing","P Xiaoping"
"663","T Chi-Shing","Z Guomei"
"664","T Chi-Shing","Z Lanya"
"665","A Fisher","K Godwin"
"666","B Matlen","K Godwin"
"667","B Matlen","A Fisher"
"668","P Trinh","J Lewis"
"669","D Kirsh","J Lewis"
"670","D Kirsh","P Trinh"
"671","E Heit","J Edelstein"
"672","V Marian","A Shook"
"673","J Bartolotti","A Shook"
"674","J Bartolotti","V Marian"
"675","S Schroeder","A Shook"
"676","S Schroeder","V Marian"
"677","S Schroeder","J Bartolotti"
"678","S Chabal","A Shook"
"679","S Chabal","V Marian"
"680","S Chabal","J Bartolotti"
"681","S Chabal","S Schroeder"
"682","T Griffiths","J Abbott"
"683","H Johnson","B Grawemeyer"
"684","M Brosnan","B Grawemeyer"
"685","M Brosnan","H Johnson"
"686","E Ashwin","B Grawemeyer"
"687","E Ashwin","H Johnson"
"688","E Ashwin","M Brosnan"
"689","L Benton","B Grawemeyer"
"690","L Benton","H Johnson"
"691","L Benton","M Brosnan"
"692","L Benton","E Ashwin"
"693","I Fasel","W Talbott"
"694","J Miolina","W Talbott"
"695","J Miolina","I Fasel"
"696","V Sa","W Talbott"
"697","V Sa","I Fasel"
"698","V Sa","J Miolina"
"699","J Movellan","W Talbott"
"700","J Movellan","I Fasel"
"701","J Movellan","J Miolina"
"702","J Movellan","V Sa"
"703","H Liu","H Liu"
"704","R Dale","D Barker-Plummer"
"705","R Cox","D Barker-Plummer"
"706","R Cox","R Dale"
"707","R Goldstone","A Terai"
"708","C Bank","H Admoni"
"709","J Tan","H Admoni"
"710","J Tan","C Bank"
"711","M Toneva","H Admoni"
"712","M Toneva","C Bank"
"713","M Toneva","J Tan"
"714","B Scassellati","H Admoni"
"715","B Scassellati","C Bank"
"716","B Scassellati","J Tan"
"717","B Scassellati","M Toneva"
"718","S Flusberg","P Thibodeau"
"719","J Glick","P Thibodeau"
"720","J Glick","S Flusberg"
"721","D Sternberg","P Thibodeau"
"722","D Sternberg","S Flusberg"
"723","D Sternberg","J Glick"
"724","C Lebiere","D Reitter"
"725","R Tzur","R Tzur"
"726","E Heit","C Townsend"
"727","S Frank","S Frank"
"728","M Yip","M Yip"
"729","D Klahr","S Siler"
"730","K Willows","S Siler"
"731","K Willows","D Klahr"
"732","C Magaro","S Siler"
"733","C Magaro","D Klahr"
"734","C Magaro","K Willows"
"735","M Jones","B Kievit-Kylar"
"736","S Schachtele","H Neth"
"737","S Duwal","H Neth"
"738","S Duwal","S Schachtele"
"739","P Todd","H Neth"
"740","P Todd","S Schachtele"
"741","P Todd","S Duwal"
"742","S Kirby","C Theisen-White"
"743","J Oberlander","C Theisen-White"
"744","J Oberlander","S Kirby"
"745","C Cohen","C Cohen"
"746","L Jones","Z Estes"
"747","E Mather","Z Estes"
"748","E Mather","L Jones"
"749","J Black","J Vitale"
"750","M Swart","J Vitale"
"751","M Swart","J Black"
"752","B Riou","G Vallet"
"753","R Versace","G Vallet"
"754","R Versace","B Riou"
"755","M Simard","G Vallet"
"756","M Simard","B Riou"
"757","M Simard","R Versace"
"758","R Neiman","B Morris"
"759","I Farkas","J Svantner"
"760","M Crocker","J Svantner"
"761","M Crocker","I Farkas"
"762","A Cohen","S Oviatt"
"763","A Mann","S Oviatt"
"764","A Mann","A Cohen"
"765","N Goodman","T Ullman"
"766","J Tenenbaum","T Ullman"
"767","J Tenenbaum","N Goodman"
"768","Y Arai","Y Arai"
"770","S Golonka","L Jones"
"771","S Golonka","Z Estes"
"772","H Shin","E Kim"
"773","D Zaefferer","D Klensovsak"
"774","S Brennan","J Hanna"
"775","M Coco","M Dziemianko"
"776","F Keller","M Dziemianko"
"778","L Talmy","L Talmy"
"779","D Landy","M Penner-Wilger"
"780","X Zhang","M Penner-Wilger"
"781","X Zhang","D Landy"
"782","A Weitzer","M Penner-Wilger"
"783","A Weitzer","D Landy"
"784","A Weitzer","X Zhang"
"785","K Kurtz","K Levering"
"786","S Tremblay","J Gagnon"
"787","R Dale","N Duran"
"788","F Keil","B Rottman"
"789","C Civile","I McLaren"
"790","C Holscher","J Frankenstein"
"791","S Sinnett","A Dewald"
"792","B Bergen","F Parrill"
"793","P Lichtenstein","F Parrill"
"794","P Lichtenstein","B Bergen"
"795","G Strube","C Kalff"
"799","P deWinstanley","C Strait"
"800","J Hanna","C Strait"
"801","J Hanna","P deWinstanley"
"802","T Bailey","E Pothos"
"803","S Levine","M Kwon"
"804","K Ratliff","M Kwon"
"805","K Ratliff","S Levine"
"806","C Snyder","M Kwon"
"807","C Snyder","S Levine"
"808","C Snyder","K Ratliff"
"809","T McCormack","V Simms"
"810","T Beckers","V Simms"
"811","T Beckers","T McCormack"
"812","R McCoy","R Kohl"
"813","K Mount","R Kohl"
"814","K Mount","R McCoy"
"815","R Revlin","A Chambers"
"816","M Endres","J Trueblood"
"817","J Busemeyer","J Trueblood"
"818","J Busemeyer","M Endres"
"819","P Finn","J Trueblood"
"820","P Finn","M Endres"
"821","P Finn","J Busemeyer"
"822","K Darby","H Yoshida"
"823","J Burling","H Yoshida"
"824","J Burling","K Darby"
"825","D Rakison","Y Yermolayeva"
"826","E Nicoladis","L Smithson"
"827","P Engelbrecht","P Engelbrecht"
"828","W Junior","W Junior"
"829","F Range","J Yoon"
"830","L Huber","J Yoon"
"831","L Huber","F Range"
"832","G Csibra","J Yoon"
"833","G Csibra","F Range"
"834","G Csibra","L Huber"
"835","Z Viranyi","J Yoon"
"836","Z Viranyi","F Range"
"837","Z Viranyi","L Huber"
"838","Z Viranyi","G Csibra"
"839","S Leijnen","L Gabora"
"840","T Veloz","L Gabora"
"841","T Veloz","S Leijnen"
"842","C Lipo","L Gabora"
"843","C Lipo","S Leijnen"
"844","C Lipo","T Veloz"
"845","K Mineshima","Y Sato"
"846","R Takemura","Y Sato"
"847","R Takemura","K Mineshima"
"849","K Yoshino","M Kitajima"
"850","K Yoshino","M Toyota"
"851","S Matsumoto","M Kitajima"
"852","S Matsumoto","M Toyota"
"853","S Matsumoto","K Yoshino"
"854","H Tahira","M Kitajima"
"855","H Tahira","M Toyota"
"856","H Tahira","K Yoshino"
"857","H Tahira","S Matsumoto"
"858","R Miyaji","M Kitajima"
"859","R Miyaji","M Toyota"
"860","R Miyaji","K Yoshino"
"861","R Miyaji","S Matsumoto"
"862","R Miyaji","H Tahira"
"863","F Stjernberg","N Dahlback"
"864","M Kristiansson","N Dahlback"
"865","M Kristiansson","F Stjernberg"
"866","K Skagerlund","N Dahlback"
"867","K Skagerlund","F Stjernberg"
"868","K Skagerlund","M Kristiansson"
"869","L Kaastra","R Arias-Hernandez"
"870","B Fisher","R Arias-Hernandez"
"871","B Fisher","L Kaastra"
"872","G Walker","D Mirman"
"873","K Graziano","D Mirman"
"874","K Graziano","G Walker"
"876","Y Hagmayer","S Mangold"
"877","A James","S Chance"
"878","R Peet","S Chance"
"879","R Peet","A James"
"880","G Nicholls","S Chance"
"881","G Nicholls","A James"
"882","G Nicholls","R Peet"
"883","A Kingstone","R Teszka"
"884","G Kuhn","R Teszka"
"885","G Kuhn","A Kingstone"
"886","B Malt","E Ameel"
"887","G Storms","E Ameel"
"888","G Storms","B Malt"
"889","U Lyngs","U Lyngs"
"890","D Szucs","L Vuillier"
"891","D Whitebread","L Vuillier"
"892","D Whitebread","D Szucs"
"893","J Snedeker","T O'Donnell"
"894","J Tenenbaum","T O'Donnell"
"895","J Tenenbaum","J Snedeker"
"896","N Goodman","T O'Donnell"
"897","N Goodman","J Snedeker"
"899","J Hsiao","S Lam"
"900","E Campana","E Campana"
"907","C Kemp","C Lucas"
"909","T Griffiths","C Kemp"
"910","N Obrecht","D Chesney"
"911","J Stevens","J Stevens"
"912","K Kurtz","G Silk-Eglit"
"913","E Krahmer","J Vogels"
"914","A Maes","J Vogels"
"915","A Maes","E Krahmer"
"916","T Gureckis","N Blanco"
"917","D Peebles","N Ali"
"918","S Friedman","J Taylor"
"919","M Goldwater","J Taylor"
"920","M Goldwater","S Friedman"
"921","K Forbus","J Taylor"
"922","K Forbus","S Friedman"
"923","K Forbus","M Goldwater"
"924","D Gentner","J Taylor"
"925","D Gentner","S Friedman"
"926","D Gentner","M Goldwater"
"927","D Gentner","K Forbus"
"928","J Freeman","J Brooks"
"929","N Ambady","J Brooks"
"930","N Ambady","J Freeman"
"931","M Giorgio","M Giorgio"
"932","T Barrasin","A Wills"
"933","I McLaren","A Wills"
"934","I McLaren","T Barrasin"
"935","K Scheiter","B Imhof"
"936","J Edelmann","B Imhof"
"937","J Edelmann","K Scheiter"
"938","J Ulardt","B Imhof"
"939","J Ulardt","K Scheiter"
"940","J Ulardt","J Edelmann"
"941","P Gerjets","B Imhof"
"942","P Gerjets","K Scheiter"
"943","P Gerjets","J Edelmann"
"944","P Gerjets","J Ulardt"
"945","K Do","J Choi"
"946","D McNamara","S Crossley"
"947","E Bonawtiz","P Muentener"
"948","A Horowitz","P Muentener"
"949","A Horowitz","E Bonawtiz"
"950","L Schulz","P Muentener"
"951","L Schulz","E Bonawtiz"
"952","L Schulz","A Horowitz"
"953","C Schunn","J Moss"
"954","W Schneider","J Moss"
"955","W Schneider","C Schunn"
"956","D McNamara","J Moss"
"957","D McNamara","C Schunn"
"958","D McNamara","W Schneider"
"959","D Fricker","R Seo"
"960","C Yu","R Seo"
"961","C Yu","D Fricker"
"962","T Kusumi","E Manalo"
"963","M Koyasu","E Manalo"
"964","M Koyasu","T Kusumi"
"965","Y Michita","E Manalo"
"966","Y Michita","T Kusumi"
"967","Y Michita","M Koyasu"
"968","Y Tanaka","E Manalo"
"969","Y Tanaka","T Kusumi"
"970","Y Tanaka","M Koyasu"
"971","Y Tanaka","Y Michita"
"972","S Özçal??kan","L Stites"
"973","F Jeanson","S Somers"
"974","N Salay","N Salay"
"975","A Anderson","H Lee"
"976","S Betts","H Lee"
"977","S Betts","A Anderson"
"978","J Anderson","H Lee"
"979","J Anderson","A Anderson"
"980","J Anderson","S Betts"
"981","M Dye","H Popick"
"982","N Kirkham","H Popick"
"983","N Kirkham","M Dye"
"984","M Ramscar","H Popick"
"986","M Ramscar","N Kirkham"
"987","C Prusky","J Peskin"
"988","J Comay","J Peskin"
"989","J Comay","C Prusky"
"990","S Rubichi","M Marini"
"991","G Sartori","M Marini"
"992","G Sartori","S Rubichi"
"993","R Cooper","R Cooper"
"994","C Barsics","C Barsics"
"995","N Verschueren","A Sevenants"
"997","W Schaeken","N Verschueren"
"998","A Stubblefield","P Goolkasian"
"999","F Soylu","F Soylu"
"1000","R Skinner","R Thompson"
"1001","D Vinson","R Thompson"
"1002","D Vinson","R Skinner"
"1003","G Vigliocco","R Thompson"
"1004","G Vigliocco","R Skinner"
"1005","G Vigliocco","D Vinson"
"1006","J Baker","K Rodzon"
"1007","K Jordan","K Rodzon"
"1008","K Jordan","J Baker"
"1009","K Holtta-Otto","T Kershaw"
"1010","Y Lee","T Kershaw"
"1011","Y Lee","K Holtta-Otto"
"1012","R Ashley","R Ashley"
"1013","T Yamauchi","N Yu"
"1016","K Shiina","K Shiina"
"1017","P O'Seaghdha","A Frazer"
"1018","R Goldstone","P Carvalho"
"1019","S Khemlani","A Sussman"
"1020","D Oppenheimer","A Sussman"
"1021","D Oppenheimer","S Khemlani"
"1022","A Janyan","G Gradinarova"
"1023","T Hayes","A Petrov"
"1024","P Sederberg","A Petrov"
"1025","P Sederberg","T Hayes"
"1026","D Bothell","J Moon"
"1027","J Anderson","J Moon"
"1028","J Anderson","D Bothell"
"1029","M Crocker","J Koehne"
"1030","D Casasanto","K Jasmin"
"1031","T Henetz","M Tice"
"1032","R Wu","T Hannagan"
"1033","S Bredart","V Vanootighem"
"1034","H Dehon","V Vanootighem"
"1035","H Dehon","S Bredart"
"1036","J Garcia-Albea","D Lobina"
"1037","C Kalish","J Thevenow-Harrison"
"1038","N Kim","J Yopchick"
"1039","J Brenninkmeyer","T Bosse"
"1040","R Kalisch","T Bosse"
"1041","R Kalisch","J Brenninkmeyer"
"1042","C Paret","T Bosse"
"1043","C Paret","J Brenninkmeyer"
"1044","C Paret","R Kalisch"
"1045","M Pontier","T Bosse"
"1046","M Pontier","J Brenninkmeyer"
"1047","M Pontier","R Kalisch"
"1048","M Pontier","C Paret"
"1049","J Minda","S Devantier"
"1050","M Goldszmidt","S Devantier"
"1051","M Goldszmidt","J Minda"
"1052","A Skye","S Devantier"
"1053","A Skye","J Minda"
"1054","A Skye","M Goldszmidt"
"1055","N Woods","S Devantier"
"1056","N Woods","J Minda"
"1057","N Woods","M Goldszmidt"
"1058","N Woods","A Skye"
"1059","R Jia","A Mateu-Martin"
"1060","P Bolger","A Mateu-Martin"
"1061","P Bolger","R Jia"
"1063","A Prefors","S Yuan"
"1064","J Tenenbaum","S Yuan"
"1065","J Tenenbaum","A Prefors"
"1066","F Xu","S Yuan"
"1067","F Xu","A Prefors"
"1068","F Xu","J Tenenbaum"
"1069","K Ariyabuddhiphongs","J Jordan"
"1070","E Ranade","J Jordan"
"1071","E Ranade","K Ariyabuddhiphongs"
"1072","A Baker","J Jordan"
"1073","A Baker","K Ariyabuddhiphongs"
"1074","A Baker","E Ranade"
"1075","J Black","S Virk"
"1076","C Hoelscher","S Buechner"
"1077","K Miwa","A Maehigashi"
"1078","H Terai","A Maehigashi"
"1079","H Terai","K Miwa"
"1080","K Kojima","A Maehigashi"
"1081","K Kojima","K Miwa"
"1082","K Kojima","H Terai"
"1083","J Morita","A Maehigashi"
"1084","J Morita","K Miwa"
"1085","J Morita","H Terai"
"1086","J Morita","K Kojima"
"1087","D Guss","J Evans"
"1088","W Boot","J Evans"
"1089","W Boot","D Guss"
"1090","K Do","D Kim"
"1091","H Kim","D Kim"
"1092","H Kim","K Do"
"1093","A Oliva","K Ehinger"
"1094","C Moenne","D Cosmelli"
"1095","H Labbe","D Cosmelli"
"1096","H Labbe","C Moenne"
"1097","K Jerbi","D Cosmelli"
"1098","K Jerbi","C Moenne"
"1099","K Jerbi","H Labbe"
"1100","V Lopez","D Cosmelli"
"1101","V Lopez","C Moenne"
"1102","V Lopez","H Labbe"
"1103","V Lopez","K Jerbi"
"1104","F Aboitiz","D Cosmelli"
"1105","F Aboitiz","C Moenne"
"1106","F Aboitiz","H Labbe"
"1107","F Aboitiz","K Jerbi"
"1108","F Aboitiz","V Lopez"
"1109","T Andersen","S Nielsen"
"1110","P Slezak","P Slezak"
"1111","J Gratch","M Dehghani"
"1112","S Sachdeva","M Dehghani"
"1113","S Sachdeva","J Gratch"
"1114","K Sagae","M Dehghani"
"1115","K Sagae","J Gratch"
"1116","K Sagae","S Sachdeva"
"1117","L Konieczny","P Baumann"
"1118","B Hemforth","P Baumann"
"1120","S Ohlsson","D Choi"
"1121","D Cosmelli","C Cornejo"
"1122","E Hurtado","C Cornejo"
"1123","E Hurtado","D Cosmelli"
"1124","V Lopez","C Cornejo"
"1126","V Lopez","E Hurtado"
"1127","H Wang","Y Sun"
"1128","R Hausmann","N Abdullah"
"1129","C Sifonis","C Sifonis"
"1130","G Storms","S Verheyen"
"1131","T Jaeger","T Qian"
"1132","J Rieskamp","S Wichary"
"1133","T Nokes","D Belenky"
"1134","M Bernacki","D Belenky"
"1135","M Bernacki","T Nokes"
"1136","S Vosniadou","B Matlen"
"1137","B Jee","B Matlen"
"1138","B Jee","S Vosniadou"
"1139","M Ptouchkina","B Matlen"
"1140","M Ptouchkina","S Vosniadou"
"1141","M Ptouchkina","B Jee"
"1142","J Chen","S Huang"
"1143","C Yu","G Kachergis"
"1145","R Shiffrin","C Yu"
"1146","W Fu","J Chin"
"1147","E Stine-Morrow","J Chin"
"1148","E Stine-Morrow","W Fu"
"1149","L Bettencourt","T Achler"
"1150","G Kenyon","T Achler"
"1151","G Kenyon","L Bettencourt"
"1152","S Goldwater","F McInnes"
"1153","S Pado","A Zarcone"
"1154","J Jacobs","R Patel"
"1155","R Gelman","R Patel"
"1157","T Shultz","A Kaznatcheev"
"1158","A Lim","C Gonzalez"
"1159","S Sinnett","C Gonzalez"
"1160","S Sinnett","A Lim"
"1161","N Gaylord","N Gaylord"
"1162","A Goldberg","A Goldberg"
"1163","J Pearl","J Pearl"
"1164","C Eliasmith","T Stewart"
"1165","K Coventry","J Nilsson"
"1166","N Ferrier","J Nilsson"
"1167","N Ferrier","K Coventry"
"1168","R Speer","C Havasi"
"1169","D Saura","D Saura"
"1170","R Dale","J Roche"
"1171","A Roche","J Roche"
"1172","A Roche","R Dale"
"1173","G Lupyan","D Casasanto"
"1174","J Corter","J Voiklis"
"1175","J Mayor","J Klinger"
"1182","D Sobel","D Buchanan"
"1183","A Meyer","L Vuong"
"1184","M Christiansen","L Vuong"
"1185","M Christiansen","A Meyer"
"1186","R Dale","D Richardson"
"1187","J Rogers","D Richardson"
"1188","J Rogers","R Dale"
"1189","J Ireland","D Richardson"
"1190","J Ireland","R Dale"
"1191","J Ireland","J Rogers"
"1192","W Fu","W Dong"
"1193","V Raskin","J Taylor"
"1194","C Hempelmann","J Taylor"
"1195","C Hempelmann","V Raskin"
"1196","T Chang","M Coen"
"1197","B Hermann","M Coen"
"1198","B Hermann","T Chang"
"1199","A Rue","M Coen"
"1200","A Rue","T Chang"
"1201","A Rue","B Hermann"
"1202","M Sager","M Coen"
"1203","M Sager","T Chang"
"1204","M Sager","B Hermann"
"1205","M Sager","A Rue"
"1206","Y Cho","K Do"
"1207","H Cheng","R Cherng"
"1208","J Chen","R Cherng"
"1209","J Chen","H Cheng"
"1210","M Shen","R Cherng"
"1211","M Shen","H Cheng"
"1212","M Shen","J Chen"
"1213","C Murphy","C Caldwell-Harris"
"1214","T Velazquez","C Caldwell-Harris"
"1215","T Velazquez","C Murphy"
"1216","P McNamara","C Caldwell-Harris"
"1217","P McNamara","C Murphy"
"1218","P McNamara","T Velazquez"
"1219","N Khetarpal","A Carstensen"
"1220","A Majid","A Carstensen"
"1221","A Majid","N Khetarpal"
"1222","T Regier","A Carstensen"
"1223","T Regier","N Khetarpal"
"1224","T Regier","A Majid"
"1225","K Li","K Li"
"1226","J Holsanova","R Johansson"
"1227","K Homqvist","R Johansson"
"1228","K Homqvist","J Holsanova"
"1230","J Pyers","E Schmidt"
"1231","S Sloman","M Hattori"
"1232","R Orita","M Hattori"
"1233","R Orita","S Sloman"
"1234","D Chesney","P Matthews"
"1235","S Blisard","M Skubic"
"1236","R Luke","M Skubic"
"1237","R Luke","S Blisard"
"1238","E Stone","M Skubic"
"1239","E Stone","S Blisard"
"1240","E Stone","R Luke"
"1241","D Anderson","M Skubic"
"1242","D Anderson","S Blisard"
"1243","D Anderson","R Luke"
"1244","D Anderson","E Stone"
"1245","J Keller","M Skubic"
"1246","J Keller","S Blisard"
"1247","J Keller","R Luke"
"1248","J Keller","E Stone"
"1249","J Keller","D Anderson"
"1250","M Asgari-Targhi","M Asgari-Targhi"
"1251","R West","M Rutledge-Taylor"
"1252","E Trewhitt","E Briscoe"
"1253","C Hutto","E Briscoe"
"1254","C Hutto","E Trewhitt"
"1255","K Furth","C Hilliard"
"1256","T Jaeger","C Hilliard"
"1257","T Jaeger","K Furth"
"1258","A Kyburg","A Kyburg"
"1259","E Risko","J Chisholm"
"1260","A Kingstone","J Chisholm"
"1261","A Kingstone","E Risko"
"1262","J Maja","J Maja"
"1263","J Jensen","J Jensen"
"1264","Z Estes","P Thompson"
"1265","M Colombetti","A Carassa"
"1266","R Capa","G Bustin"
"1267","A Cleermans","G Bustin"
"1268","A Cleermans","R Capa"
"1269","M Hansenne","G Bustin"
"1270","M Hansenne","R Capa"
"1271","M Hansenne","A Cleermans"
"1272","H Kloos","R Castillo"
"1273","S Vanderburgh","R Castillo"
"1274","S Vanderburgh","H Kloos"
"1275","J Holden","R Castillo"
"1276","J Holden","H Kloos"
"1277","J Holden","S Vanderburgh"
"1278","B Veksler","B Veksler"
"1279","A Saab","L Gabora"
"1280","S Wolfer","C Wolk"
"1281","P Baumann","C Wolk"
"1282","P Baumann","S Wolfer"
"1283","B Hemforth","C Wolk"
"1284","B Hemforth","S Wolfer"
"1286","L Konieczny","C Wolk"
"1287","L Konieczny","S Wolfer"
"1290","I Vankov","G Petkov"
"1291","B Kokinov","G Petkov"
"1292","B Kokinov","I Vankov"
"1293","W Ahn","M Pacer"
"1294","M Cohen","M Cohen"
"1295","A Kersten","S Chin"
"1296","J Thomas","S Chin"
"1297","J Thomas","A Kersten"
"1298","K Butcher","L Ferrera"
"1300","S Makosz","J Lee"
"1301","S Makosz","D Kotsopoulos"
"1302","A Tumber","J Lee"
"1303","A Tumber","D Kotsopoulos"
"1304","A Tumber","S Makosz"
"1305","M Tamariz","M Tamariz"
"1306","B Pedersen","B Pedersen"
"1307","R Koolen","M Hoetjes"
"1308","M Goudbeek","M Hoetjes"
"1310","E Krahmer","M Hoetjes"
"1313","M Swerts","M Hoetjes"
"1314","M Swerts","R Koolen"
"1315","M Swerts","M Goudbeek"
"1316","M Swerts","E Krahmer"
"1317","C Bradley","R Ping"
"1318","E Gunderson","R Ping"
"1319","E Gunderson","C Bradley"
"1320","G Ramirez","R Ping"
"1321","G Ramirez","C Bradley"
"1322","G Ramirez","E Gunderson"
"1323","S Beilock","R Ping"
"1324","S Beilock","C Bradley"
"1325","S Beilock","E Gunderson"
"1326","S Beilock","G Ramirez"
"1327","S Levine","R Ping"
"1328","S Levine","C Bradley"
"1329","S Levine","E Gunderson"
"1330","S Levine","G Ramirez"
"1331","S Levine","S Beilock"
"1332","C Lawson","C Bower"
"1333","E Risko","N Anderson"
"1334","A Kingstone","N Anderson"
"1336","H Chen","H Chen"
"1337","E Ameel","S Verheyen"
"1338","G Stroms","S Verheyen"
"1339","G Stroms","E Ameel"
"1340","D Noelle","W Clair"
"1341","J Vaid","R Rhodes"
"1342","E Montes","R Rhodes"
"1343","E Montes","J Vaid"
"1344","R Levy","K Bicknell"
"1351","M Hegarty","P Khooshabeh"
"1352","T Shipley","P Khooshabeh"
"1353","T Shipley","M Hegarty"
"1354","K Canini","D Buchsbaum"
"1355","T Griffiths","D Buchsbaum"
"1356","T Griffiths","K Canini"
"1367","F Ritter","J Morita"
"1368","F Ritter","K Miwa"
"1369","F Ritter","A Maehigashi"
"1370","F Ritter","H Terai"
"1371","F Ritter","K Kojima"
"1372","F Prado","F Prado"
"1373","N Pearlmutter","A DiBattista"
"1374","D Halpern","D Miller"
"1375","E Zinchenko","R Ping"
"1376","S Larson","R Ping"
"1377","S Larson","E Zinchenko"
"1378","M Decatur","R Ping"
"1379","M Decatur","E Zinchenko"
"1380","M Decatur","S Larson"
"1381","S Goldin-Meadow","R Ping"
"1382","S Goldin-Meadow","E Zinchenko"
"1383","S Goldin-Meadow","S Larson"
"1384","S Goldin-Meadow","M Decatur"
"1385","J Ford","J Ford"
"1386","E Chrysikou","C Ramey"
"1387","J Reilly","C Ramey"
"1388","J Reilly","E Chrysikou"
"1389","T Smolen","A Chuderski"
"1390","H Hayashi","H Hayashi"
"1391","C Robinson","C Best"
"1392","V Sloutsky","C Best"
"1393","V Sloutsky","C Robinson"
"1394","F Anggoro","F Anggoro"
"1395","A Gopnik","E Seiver"
"1396","S Lourenco","K Holmes"
"1397","A Prefors","A Prefors"
"1398","A Ejova","T Gerstenberg"
"1400","D Lagnado","A Ejova"
"1401","C Peter","C Peter"
"1402","C Kalish","C Kalish"
"1404","U Gupta","R Zheng"
"1405","U Gupta","K Butcher"
"1406","P Callister","R Zheng"
"1407","P Callister","K Butcher"
"1408","P Callister","U Gupta"
"1409","P Morgan","J Patrick"
"1410","V Smy","J Patrick"
"1411","V Smy","P Morgan"
"1412","Y Sakamoto","J Bao"
"1413","T Lombrozo","M Pacer"
"1414","R Duimering","W Bahamdan"
"1415","K Cheung","J Hsiao"
"1416","S Taya","A Smyth"
"1417","C Hope","A Smyth"
"1418","C Hope","S Taya"
"1419","M Osman","A Smyth"
"1420","M Osman","S Taya"
"1421","M Osman","C Hope"
"1422","N Taatgen","J Borst"
"1423","H Rijn","J Borst"
"1424","H Rijn","N Taatgen"
"1425","S Gershater","A Banks"
"1426","K Coventry","H Schultheis"
"1427","R Janda","V Kapatsinski"
"1428","R Gelman","A Crug"
"1429","J Martin","V Dutt"
"1430","C Gonzalez","V Dutt"
"1431","C Gonzalez","J Martin"
"1432","H Lee","S Bertel"
"1433","W Fu","S Bertel"
"1434","W Fu","H Lee"
"1435","K Livingston","J Andrews"
"1436","A Goldberg","J Andrews"
"1437","A Goldberg","K Livingston"
"1438","E Cesanek","J Andrews"
"1439","E Cesanek","K Livingston"
"1440","E Cesanek","A Goldberg"
"1441","J Herts","J Andrews"
"1442","J Herts","K Livingston"
"1443","J Herts","A Goldberg"
"1444","J Herts","E Cesanek"
"1445","H Hock","D Odic"
"1446","J Halberda","D Odic"
"1447","J Halberda","H Hock"
"1448","T Yamauchi","A Hahn"
"1449","N Yu","A Hahn"
"1451","A Gilman","A Gilman"
"1452","A Anderson","D Vinson"
"1453","W Ratoff","D Vinson"
"1454","W Ratoff","A Anderson"
"1455","B Bahrami","D Vinson"
"1456","B Bahrami","A Anderson"
"1457","B Bahrami","W Ratoff"
"1459","G Vigliocco","A Anderson"
"1460","G Vigliocco","W Ratoff"
"1461","G Vigliocco","B Bahrami"
"1462","A Papafragou","A Bunger"
"1464","J Trueswell","A Papafragou"
"1468","T Bonebright","M Roberts"
"1469","D Wischmeier","M Roberts"
"1470","D Wischmeier","T Bonebright"
"1471","M Fischer","B Strickland"
"1472","E Peyroux","B Strickland"
"1473","E Peyroux","M Fischer"
"1474","F Keil","B Strickland"
"1475","F Keil","M Fischer"
"1476","F Keil","E Peyroux"
"1477","D Connor","D Connor"
"1478","Y Sakamoto","Y Tanaka"
"1480","T Kusumi","Y Sakamoto"
"1481","M Spivey","E Chiu"
"1482","B Bell","J Federman"
"1483","T Sonntag","M Ragni"
"1484","F Jeanson","F Jeanson"
"1485","B Pardo","D Little"
"1486","B Wright","D Little"
"1487","B Wright","B Pardo"
"1488","A Havard","C Yun"
"1489","D Farran","C Yun"
"1490","D Farran","A Havard"
"1491","M Lipsey","C Yun"
"1492","M Lipsey","A Havard"
"1493","M Lipsey","D Farran"
"1494","C Bilbrey","C Yun"
"1495","C Bilbrey","A Havard"
"1496","C Bilbrey","D Farran"
"1497","C Bilbrey","M Lipsey"
"1498","K Hofer","C Yun"
"1499","K Hofer","A Havard"
"1500","K Hofer","D Farran"
"1501","K Hofer","M Lipsey"
"1502","K Hofer","C Bilbrey"
"1503","W Goldstein","A Tiwathia"
"1504","K Miwa","M Matsumuro"
"1505","T Belpaeme","A Morse"
"1506","A Cangelosi","A Morse"
"1507","A Cangelosi","T Belpaeme"
"1508","C Floccia","A Morse"
"1509","C Floccia","T Belpaeme"
"1510","C Floccia","A Cangelosi"
"1511","R Wel","C Vesper"
"1512","G Knoblich","C Vesper"
"1513","G Knoblich","R Wel"
"1514","N Sebanz","C Vesper"
"1515","N Sebanz","R Wel"
"1516","N Sebanz","G Knoblich"
"1518","J Klein","M Ramscar"
"1519","J Klein","M Dye"
"1520","L Ruiz","M Ramscar"
"1521","L Ruiz","M Dye"
"1522","L Ruiz","J Klein"
"1523","N Aguirre","M Ramscar"
"1524","N Aguirre","M Dye"
"1525","N Aguirre","J Klein"
"1526","N Aguirre","L Ruiz"
"1527","L Sadaat","M Ramscar"
"1528","L Sadaat","M Dye"
"1529","L Sadaat","J Klein"
"1530","L Sadaat","L Ruiz"
"1531","L Sadaat","N Aguirre"
"1532","C Thorton","C Thorton"
"1533","T Smith","T Boyer"
"1534","C Yu","T Boyer"
"1535","C Yu","T Smith"
"1536","B Bertenthal","T Boyer"
"1537","B Bertenthal","T Smith"
"1538","B Bertenthal","C Yu"
"1539","K Atit","I Resnick"
"1540","T Goksun","I Resnick"
"1541","T Goksun","K Atit"
"1542","T Shipley","I Resnick"
"1543","T Shipley","K Atit"
"1544","T Shipley","T Goksun"
"1545","C Best","H Yim"
"1548","J Sierschynski","J Sierschynski"
"1549","P Verhaeghen","S Sengupta"
"1550","P Hearons","S Sengupta"
"1551","P Hearons","P Verhaeghen"
"1552","W Fu","Q Liao"
"1553","S Gantz","H Wang"
"1554","M Schiltenwolf","H Wang"
"1555","M Schiltenwolf","S Gantz"
"1556","L Walker","C Walker"
"1557","P Ganea","C Walker"
"1558","P Ganea","L Walker"
"1559","D Lee","T Rutherford"
"1560","M Martinez","T Rutherford"
"1561","M Martinez","D Lee"
"1562","C Shelley","C Shelley"
"1563","S Johnson","H Vlach"
"1565","E Spaepen","L Applebaum"
"1566","D Gentner","L Applebaum"
"1567","D Gentner","E Spaepen"
"1568","S Levine","L Applebaum"
"1569","S Levine","E Spaepen"
"1570","S Levine","D Gentner"
"1571","S Goldin-Meadow","L Applebaum"
"1572","S Goldin-Meadow","E Spaepen"
"1573","S Goldin-Meadow","D Gentner"
"1574","S Goldin-Meadow","S Levine"
"1575","K Abe","K Abe"
"1579","H Cheng","C Caldwell-Harris"
"1580","T Li","C Caldwell-Harris"
"1581","T Li","H Cheng"
"1582","A Morris","C Caldwell-Harris"
"1583","A Morris","H Cheng"
"1584","A Morris","T Li"
"1585","S Gelman","M Meyer"
"1586","S Stilwell","M Meyer"
"1587","S Stilwell","S Gelman"
"1588","E Newport","S Davis"
"1589","R Aslin","S Davis"
"1590","R Aslin","E Newport"
"1591","S Pitt-Stoller","S Prasada"
"1592","J Tomlinson","M Marneffe"
"1593","M Tice","M Marneffe"
"1594","M Tice","J Tomlinson"
"1595","M Sumner","M Marneffe"
"1596","M Sumner","J Tomlinson"
"1597","M Sumner","M Tice"
"1598","W Neys","J Bonnefon"
"1599","A Feeney","J Bonnefon"
"1600","A Feeney","W Neys"
"1601","D Billman","J Lee"
"1602","S Li","F Li"
"1603","B Mis","L Pearl"
"1604","M Crocker","G Paris"
"1605","M Mayberry","G Paris"
"1606","M Mayberry","M Crocker"
"1607","A Shapiro","L Gordon"
"1608","H Richardson","M Bedny"
"1610","R Saxe","H Richardson"
"1612","J Madruga","W Schaeken"
"1613","J Madruga","A Sevenants"
"1614","M Trench","N Oberholzer"
"1615","R Minervino","N Oberholzer"
"1616","R Minervino","M Trench"
"1617","K Durkin","K McEldoon"
"1618","B Rittle-Johnson","K McEldoon"
"1619","B Rittle-Johnson","K Durkin"
"1620","S Asakawa","S Asakawa"
"1621","S Johnson","S Hutchinson"
"1622","M Louwerse","S Hutchinson"
"1623","M Louwerse","S Johnson"
"1624","J Miller","L Carlson"
"1625","S Kim","A Young"
"1626","C Kalish","A Young"
"1627","C Kalish","S Kim"
"1628","M Paczynski","N Cohn"
"1629","P Holcomb","N Cohn"
"1630","P Holcomb","M Paczynski"
"1631","R Jackendoff","N Cohn"
"1632","R Jackendoff","M Paczynski"
"1633","R Jackendoff","P Holcomb"
"1634","G Kuperberg","N Cohn"
"1635","G Kuperberg","M Paczynski"
"1636","G Kuperberg","P Holcomb"
"1637","G Kuperberg","R Jackendoff"
"1638","E Walker","T Marghetis"
"1639","B Bergen","T Marghetis"
"1640","B Bergen","E Walker"
"1641","R Núñez","T Marghetis"
"1642","R Núñez","E Walker"
"1643","R Núñez","B Bergen"
"1645","R McLaren","C Civile"
"1647","I McLaren","R McLaren"
"1648","S Dennis","A Chapman"
"1649","J Logan","J Fitzpatrick"
"1650","L Doumas","K Livins"
"1651","S Yore","N Atalay"
"1652","P Sowden","A Clifford"
"1653","I Davies","A Clifford"
"1654","I Davies","P Sowden"
"1655","T Gureckis","D Markant"
"1656","Y Ouchi","K Ohtsu"
"1658","M O'Donnell","N Ellis"
"1659","L Barsalou","A Santos"
"1660","A Guerin-Dugue","B Lemaire"
"1661","T Baccino","B Lemaire"
"1662","T Baccino","A Guerin-Dugue"
"1663","M Chanceaux","B Lemaire"
"1664","M Chanceaux","A Guerin-Dugue"
"1665","M Chanceaux","T Baccino"
"1666","L Pasqualotti","B Lemaire"
"1667","L Pasqualotti","A Guerin-Dugue"
"1668","L Pasqualotti","T Baccino"
"1669","L Pasqualotti","M Chanceaux"
"1670","P Langley","W Iba"
"1671","N Davidenko","A November"
"1672","M Ramscar","A November"
"1673","M Ramscar","N Davidenko"
"1674","B Kos","B Link"
"1675","T Wager","B Link"
"1676","T Wager","B Kos"
"1677","M Mozer","B Link"
"1678","M Mozer","B Kos"
"1679","M Mozer","T Wager"
"1680","T Brunye","S Gagnon"
"1681","H Taylor","S Gagnon"
"1682","H Taylor","T Brunye"
"1683","F Gosselin","N Dupuis-Roy"
"1684","D Dotov","L Nie"
"1685","A Chemero","L Nie"
"1686","A Chemero","D Dotov"
"1687","E Pavone","F Rigoli"
"1688","G Pezzulo","F Rigoli"
"1689","G Pezzulo","E Pavone"
"1690","J Matias","J Matias"
"1692","M Sauter","L Yuan"
"1693","D Uttal","L Yuan"
"1694","D Uttal","M Sauter"
"1695","K Sweeney","A Borovsky"
"1696","A Fernald","A Borovsky"
"1697","A Fernald","K Sweeney"
"1698","J Elman","A Borovsky"
"1699","J Elman","K Sweeney"
"1700","J Elman","A Fernald"
"1701","A Upal","M Harmon-Vukic"
"1702","K Sheehan","M Harmon-Vukic"
"1703","K Sheehan","A Upal"
"1704","R Dale","R Jupson"
"1705","M Cruciani","M Cruciani"
"1706","D Rapp","J Sparks"
"1707","M Zeigenfuze","T Rubin"
"1708","M Steyvers","T Rubin"
"1709","M Steyvers","M Zeigenfuze"
"1710","K Nakamura","K Nakamura"
"1711","J Borst","T Buwalda"
"1712","N Taatgen","T Buwalda"
"1714","H Rijn","T Buwalda"
"1717","K Scheiter","K DeLeeuw"
"1718","F Hesse","K DeLeeuw"
"1719","F Hesse","K Scheiter"
"1720","R Mata","T Hills"
"1721","A Wilke","T Hills"
"1722","A Wilke","R Mata"
"1723","G Samanez-Larkin","T Hills"
"1724","G Samanez-Larkin","R Mata"
"1725","G Samanez-Larkin","A Wilke"
"1726","A Chatterjee","A Chatterjee"
"1727","S Lourenco","J Bonny"
"1728","K Ueda","H Fukuda"
"1729","L Nygaard","C Tzeng"
"1730","L Namy","C Tzeng"
"1731","L Namy","L Nygaard"
"1732","C Coo","S Chaigneau"
"1733","V Soto","S Chaigneau"
"1734","V Soto","C Coo"
"1735","C Kemp","A Jern"
"1736","P Knowferle","M Burigo"
"1737","S Jhean-Larose","N Leveau"
"1738","G Denhiere","N Leveau"
"1739","G Denhiere","S Jhean-Larose"
"1740","J Oberlander","S Dalzel-Job"
"1741","T Smith","S Dalzel-Job"
"1742","T Smith","J Oberlander"
"1743","A Buss","J Spencer"
"1744","M Metzler","M Metzler"
"1745","P Bello","P Bello"
"1746","B Newell","S Guney"
"1747","S Goldin-Meadow","D Kirsh"
"1748","H Clark","D Kirsh"
"1749","H Clark","S Goldin-Meadow"
"1750","Y Rogers","D Kirsh"
"1751","Y Rogers","S Goldin-Meadow"
"1752","Y Rogers","H Clark"
"1753","N Burgess","B Kuipers"
"1754","R Epstein","B Kuipers"
"1755","R Epstein","N Burgess"
"1756","V Bingman","B Kuipers"
"1757","V Bingman","N Burgess"
"1758","V Bingman","R Epstein"
"1759","F Pazzaglia","B Kuipers"
"1760","F Pazzaglia","N Burgess"
"1761","F Pazzaglia","R Epstein"
"1762","F Pazzaglia","V Bingman"
"1763","J Pearl","S Sloman"
"1764","N Chater","S Sloman"
"1765","N Chater","J Pearl"
"1766","L Rips","S Sloman"
"1767","L Rips","J Pearl"
"1768","L Rips","N Chater"
"1769","J Joyce","S Sloman"
"1770","J Joyce","J Pearl"
"1771","J Joyce","N Chater"
"1772","J Joyce","L Rips"
"1773","S Kaufmann","S Sloman"
"1774","S Kaufmann","J Pearl"
"1775","S Kaufmann","N Chater"
"1776","S Kaufmann","L Rips"
"1777","S Kaufmann","J Joyce"
"1778","D Poeppel","N Chomsky"
"1779","P Churchland","N Chomsky"
"1780","P Churchland","D Poeppel"
"1781","E Newport","N Chomsky"
"1782","E Newport","D Poeppel"
"1783","E Newport","P Churchland"
"1784","T Gureckis","M Juni"
"1785","L Maloney","M Juni"
"1786","L Maloney","T Gureckis"
"1787","T Jaeger","M Fedzechkina"
"1788","E Newport","M Fedzechkina"
"1789","E Newport","T Jaeger"
"1790","G Kachergis","J Trueblood"
"1791","J Kruschke","J Trueblood"
"1792","J Kruschke","G Kachergis"
"1793","J Dessalles","J Dessalles"
"1794","H Rijn","B Meijering"
"1795","N Taatgen","B Meijering"
"1797","R Verbrugge","B Meijering"
"1798","R Verbrugge","H Rijn"
"1799","R Verbrugge","N Taatgen"
"1801","A Salverda","M Brown"
"1802","L Dilley","M Brown"
"1803","L Dilley","A Salverda"
"1804","M Tanenhaus","M Brown"
"1805","M Tanenhaus","A Salverda"
"1806","M Tanenhaus","L Dilley"
"1807","R Rao","A Friesen"
"1809","S Gennari","B Malt"
"1810","S Gennari","E Ameel"
"1811","M Imai","B Malt"
"1812","M Imai","E Ameel"
"1813","M Imai","S Gennari"
"1814","N Saji","B Malt"
"1815","N Saji","E Ameel"
"1816","N Saji","S Gennari"
"1817","N Saji","M Imai"
"1818","A Majid","B Malt"
"1819","A Majid","E Ameel"
"1820","A Majid","S Gennari"
"1821","A Majid","M Imai"
"1822","A Majid","N Saji"
"1824","T Griffiths","J Austerweil"
"1825","T Gureckis","J Austerweil"
"1826","T Gureckis","T Griffiths"
"1827","R Goldstone","J Austerweil"
"1828","R Goldstone","T Griffiths"
"1829","R Goldstone","T Gureckis"
"1830","K Canini","J Austerweil"
"1832","K Canini","T Gureckis"
"1833","K Canini","R Goldstone"
"1834","M Jones","J Austerweil"
"1835","M Jones","T Griffiths"
"1836","M Jones","T Gureckis"
"1837","M Jones","R Goldstone"
"1838","M Jones","K Canini"
"1839","D Gentner","A Jamrozik"
"1840","H Rijn","J Dalenberg"
"1844","F O'Donnell-McCarthy","M Ramscar"
"1845","F O'Donnell-McCarthy","M Dye"
"1846","F O'Donnell-McCarthy","H Popick"
"1847","M Muller-Bardorff","G Jahn"
"1848","K Coventry","G Jahn"
"1849","K Coventry","M Muller-Bardorff"
"1850","N Kirkham","R Wu"
"1851","K Swan","R Wu"
"1853","T Gliga","R Wu"
"1854","T Gliga","N Kirkham"
"1855","T Gliga","K Swan"
"1856","T Lougheed","T Lougheed"
"1857","D Navarro","A Prefors"
"1858","R French","J Thibaut"
"1859","A Missault","J Thibaut"
"1860","A Missault","R French"
"1861","Y Gerard","J Thibaut"
"1862","Y Gerard","R French"
"1863","Y Gerard","A Missault"
"1864","Y Glady","J Thibaut"
"1865","Y Glady","R French"
"1866","Y Glady","A Missault"
"1867","Y Glady","Y Gerard"
"1868","B Fonville","N Benesh"
"1869","R Dale","N Benesh"
"1870","R Dale","B Fonville"
"1872","J Wittwer","S Herppich"
"1873","M Nuckles","S Herppich"
"1874","M Nuckles","J Wittwer"
"1875","A Renkl","S Herppich"
"1876","A Renkl","J Wittwer"
"1877","A Renkl","M Nuckles"
"1878","R Vigo","R Vigo"
"1879","A Dardis","A Dardis"
"1880","P Todd","K Sang"
"1881","R Goldstone","K Sang"
"1882","R Goldstone","P Todd"
"1884","E Vul","M Cain"
"1885","K Clark","M Cain"
"1886","K Clark","E Vul"
"1887","S Mitroff","M Cain"
"1888","S Mitroff","E Vul"
"1889","S Mitroff","K Clark"
"1890","F Han","C Kemp"
"1892","A Jern","F Han"
"1893","G Lacroix","R Thomson"
"1894","S Flusberg","N Davidenko"
"1895","J Dyke","V Kuperman"
"1896","M Frank","H Tily"
"1897","F Jaeger","H Tily"
"1898","F Jaeger","M Frank"
"1899","S Resnick","N Nowak"
"1900","W Elkins","N Nowak"
"1901","W Elkins","S Resnick"
"1902","S Moffat","N Nowak"
"1903","S Moffat","S Resnick"
"1904","S Moffat","W Elkins"
"1905","J Xiao","K Ehinger"
"1906","A Torralba","K Ehinger"
"1907","A Torralba","J Xiao"
"1909","A Oliva","J Xiao"
"1910","A Oliva","A Torralba"
"1911","M Lee","M Zeigenfuse"
"1912","D Brookes","D Landy"
"1913","R Smout","D Landy"
"1914","R Smout","D Brookes"
"1915","D Casasanto","G Brookshire"
"1916","P Amorapanth","A Kranjec"
"1917","A Chatterjee","A Kranjec"
"1918","A Chatterjee","P Amorapanth"
"1919","S Chaigneau","G Puebla-Ramirez"
"1920","S Manlove","S Day"
"1921","R Goldstone","S Day"
"1922","R Goldstone","S Manlove"
"1923","M Everett","K Thai"
"1924","K Philip","K Thai"
"1925","K Philip","M Everett"
"1927","W Vanpaemel","K Canini"
"1928","W Vanpaemel","T Griffiths"
"1929","M Kalish","K Canini"
"1930","M Kalish","T Griffiths"
"1931","M Kalish","W Vanpaemel"
"1932","C Conway","E Jost"
"1933","J Purdy","E Jost"
"1934","J Purdy","C Conway"
"1935","M Hendricks","E Jost"
"1936","M Hendricks","C Conway"
"1937","M Hendricks","J Purdy"
"1938","J Kable","J McGuire"
"1939","L Scharrer","R Bromme"
"1940","M Britt","R Bromme"
"1941","M Britt","L Scharrer"
"1942","M Stadtler","R Bromme"
"1943","M Stadtler","L Scharrer"
"1944","M Stadtler","M Britt"
"1945","K Holyoak","T Rai"
"1946","T Pachur","T Hills"
"1947","A Cangelosi","M Rucinski"
"1948","T Belpaeme","M Rucinski"
"1950","Z Ghahramani","F Doshi-Velez"
"1951","M Frank","H Rohde"
"1952","H Mallot","A Henson"
"1953","H Bulthoff","A Henson"
"1954","H Bulthoff","H Mallot"
"1955","T Meilinger","A Henson"
"1956","T Meilinger","H Mallot"
"1957","T Meilinger","H Bulthoff"
"1958","A Ancell","C McColeman"
"1959","M Blair","C McColeman"
"1960","M Blair","A Ancell"
"1961","J Marewski","K Mehlhorn"
"1962","A Leeuwen","M Schouwstra"
"1963","N Marien","M Schouwstra"
"1964","N Marien","A Leeuwen"
"1965","M Smit","M Schouwstra"
"1966","M Smit","A Leeuwen"
"1967","M Smit","N Marien"
"1968","H Swart","M Schouwstra"
"1969","H Swart","A Leeuwen"
"1970","H Swart","N Marien"
"1971","H Swart","M Smit"
"1972","A Weller","F Valle-Tourangeau"
"1973","G Villejoubert","F Valle-Tourangeau"
"1974","G Villejoubert","A Weller"
"1975","W Zuidema","G Borensztajn"
"1976","T Kushnir","N Chernyak"
"1977","K Sullivan","N Chernyak"
"1978","K Sullivan","T Kushnir"
"1979","Q Wang","N Chernyak"
"1980","Q Wang","T Kushnir"
"1981","Q Wang","K Sullivan"
"1982","L Santos","V Lakshminarayan"
"1983","P Carnevale","C Melo"
"1984","J Gratch","C Melo"
"1985","J Gratch","P Carnevale"
"1986","R Schwonke","C Otieno"
"1987","A Renkl","C Otieno"
"1988","A Renkl","R Schwonke"
"1989","V Aleven","C Otieno"
"1990","V Aleven","R Schwonke"
"1991","V Aleven","A Renkl"
"1992","R Salden","C Otieno"
"1993","R Salden","R Schwonke"
"1994","R Salden","A Renkl"
"1995","R Salden","V Aleven"
"1996","J Corter","B Tversky"
"1997","L Yu","B Tversky"
"1998","L Yu","J Corter"
"1999","D Mason","B Tversky"
"2000","D Mason","J Corter"
"2001","D Mason","L Yu"
"2002","J Nickerson","B Tversky"
"2003","J Nickerson","J Corter"
"2004","J Nickerson","L Yu"
"2005","J Nickerson","D Mason"
"2006","J Smith","G Jenkins"
"2007","J Spencer","G Jenkins"
"2008","J Spencer","J Smith"
"2009","L Samuelson","G Jenkins"
"2010","L Samuelson","J Smith"
"2011","L Samuelson","J Spencer"
"2012","R Goldstone","L Byrge"
"2013","R French","C Addyman"
"2014","D Mareschal","C Addyman"
"2015","D Mareschal","R French"
"2016","E Thomas","C Addyman"
"2017","E Thomas","R French"
"2018","E Thomas","D Mareschal"
"2019","T Lombrozo","J Williams"
"2020","B Rehder","J Williams"
"2021","B Rehder","T Lombrozo"
"2022","D Friel","P Muentener"
"2024","L Schulz","D Friel"
"2025","G Mills","G Mills"
"2026","I Berent","I Berent"
"2027","S Goldwater","J Pate"
"2028","N Pealmutter","M Gillespie"
"2029","J Valcarcel","A Shtulman"
"2030","D Ansari","I Lyons"
"2031","S Beilock","I Lyons"
"2032","S Beilock","D Ansari"
"2033","W Voorspoels","D Heussen"
"2034","G Storms","D Heussen"
"2035","G Storms","W Voorspoels"
"2036","W Yeap","W Yeap"
"2037","C Massey","E Mettler"
"2038","P Kellman","E Mettler"
"2039","P Kellman","C Massey"
"2040","H Bowman","S Chennu"
"2041","B Wyble","S Chennu"
"2042","B Wyble","H Bowman"
"2043","M Anderson","M Penner-Wilger"
"2045","J Opfer","C Thompson"
"2046","S Atkins","J Harbison"
"2047","M Dougherty","J Harbison"
"2048","M Dougherty","S Atkins"
"2049","E Bergmann","T Tenbrink"
"2050","L Konieczny","T Tenbrink"
"2051","L Konieczny","E Bergmann"
"2052","W Schuler","W Schuler"
"2054","N Brooks","D Barner"
"2055","M Frank","D Barner"
"2056","M Frank","N Brooks"
"2057","L Spaepen","D Barner"
"2058","L Spaepen","N Brooks"
"2059","L Spaepen","M Frank"
"2060","C Robinson","M Chandra"
"2061","S Sinnett","M Chandra"
"2062","S Sinnett","C Robinson"
"2063","K Suzuki","M Hove"
"2064","H Uchitomi","M Hove"
"2065","H Uchitomi","K Suzuki"
"2066","S Orimo","M Hove"
"2067","S Orimo","K Suzuki"
"2068","S Orimo","H Uchitomi"
"2069","Y Miyake","M Hove"
"2070","Y Miyake","K Suzuki"
"2071","Y Miyake","H Uchitomi"
"2072","Y Miyake","S Orimo"
"2073","G Dell","N Nozari"
"2075","M Jones","B Johns"
"2076","M Christiansen","S Finley"
"2077","P Battaglia","J Hamrick"
"2078","J Tenenbaum","J Hamrick"
"2079","J Tenenbaum","P Battaglia"
"2080","G Jong","M Chi"
"2081","C Legare","M Chi"
"2082","C Legare","G Jong"
"2083","T Lombrozo","M Chi"
"2084","T Lombrozo","G Jong"
"2085","T Lombrozo","C Legare"
"2086","J Williams","M Chi"
"2087","J Williams","G Jong"
"2088","J Williams","C Legare"
"2090","H Svensson","S Thill"
"2091","H Kloos","D Pfeiffer"
"2092","D Bullard","D Pfeiffer"
"2093","D Bullard","H Kloos"
"2094","R Levy","B Pajak"
"2095","N Renner","N Renner"
"2096","J Spencer","B Love"
"2097","R Dale","F Hasselman"
"2098","J Holden","F Hasselman"
"2099","J Holden","R Dale"
"2100","T Chemero","F Hasselman"
"2101","T Chemero","R Dale"
"2102","T Chemero","J Holden"
"2103","S Denison","E Bonawitz"
"2104","A Chen","E Bonawitz"
"2105","A Chen","S Denison"
"2106","A Gopnik","E Bonawitz"
"2107","A Gopnik","S Denison"
"2108","A Gopnik","A Chen"
"2109","T Griffiths","E Bonawitz"
"2110","T Griffiths","S Denison"
"2111","T Griffiths","A Chen"
"2112","T Griffiths","A Gopnik"
"2113","T Tenbrink","H Taylor"
"2114","M Sorrows","H Taylor"
"2115","M Sorrows","T Tenbrink"
"2116","J Raziuddin","J Gobert"
"2118","M Pedro","J Raziuddin"
"2119","J Sima","J Sima"
"2120","J Lindstedt","M Destefano"
"2121","W Gray","M Destefano"
"2122","W Gray","J Lindstedt"
"2123","P Shah","A Sussman"
"2124","L Daunhauer","A Sussman"
"2125","L Daunhauer","P Shah"
"2126","D Fidler","A Sussman"
"2127","D Fidler","P Shah"
"2128","D Fidler","L Daunhauer"
"2129","J Stichter","A Sussman"
"2130","J Stichter","P Shah"
"2131","J Stichter","L Daunhauer"
"2132","J Stichter","D Fidler"
"2133","F Conners","A Sussman"
"2134","F Conners","P Shah"
"2135","F Conners","L Daunhauer"
"2136","F Conners","D Fidler"
"2137","F Conners","J Stichter"
"2138","M Herzog","A Sussman"
"2139","M Herzog","P Shah"
"2140","M Herzog","L Daunhauer"
"2141","M Herzog","D Fidler"
"2142","M Herzog","J Stichter"
"2143","M Herzog","F Conners"
"2144","K O’Connor","A Sussman"
"2145","K O’Connor","P Shah"
"2146","K O’Connor","L Daunhauer"
"2147","K O’Connor","D Fidler"
"2148","K O’Connor","J Stichter"
"2149","K O’Connor","F Conners"
"2150","K O’Connor","M Herzog"
"2151","K Lierheimer","A Sussman"
"2152","K Lierheimer","P Shah"
"2153","K Lierheimer","L Daunhauer"
"2154","K Lierheimer","D Fidler"
"2155","K Lierheimer","J Stichter"
"2156","K Lierheimer","F Conners"
"2157","K Lierheimer","M Herzog"
"2158","K Lierheimer","K O’Connor"
"2159","J Kerpash","A Sussman"
"2160","J Kerpash","P Shah"
"2161","J Kerpash","L Daunhauer"
"2162","J Kerpash","D Fidler"
"2163","J Kerpash","J Stichter"
"2164","J Kerpash","F Conners"
"2165","J Kerpash","M Herzog"
"2166","J Kerpash","K O’Connor"
"2167","J Kerpash","K Lierheimer"
"2168","J Benigno","A Sussman"
"2169","J Benigno","P Shah"
"2170","J Benigno","L Daunhauer"
"2171","J Benigno","D Fidler"
"2172","J Benigno","J Stichter"
"2173","J Benigno","F Conners"
"2174","J Benigno","M Herzog"
"2175","J Benigno","K O’Connor"
"2176","J Benigno","K Lierheimer"
"2177","J Benigno","J Kerpash"
"2178","M Buschkuehl","A Sussman"
"2179","M Buschkuehl","P Shah"
"2180","M Buschkuehl","L Daunhauer"
"2181","M Buschkuehl","D Fidler"
"2182","M Buschkuehl","J Stichter"
"2183","M Buschkuehl","F Conners"
"2184","M Buschkuehl","M Herzog"
"2185","M Buschkuehl","K O’Connor"
"2186","M Buschkuehl","K Lierheimer"
"2187","M Buschkuehl","J Kerpash"
"2188","M Buschkuehl","J Benigno"
"2189","S Jaeggi","A Sussman"
"2190","S Jaeggi","P Shah"
"2191","S Jaeggi","L Daunhauer"
"2192","S Jaeggi","D Fidler"
"2193","S Jaeggi","J Stichter"
"2194","S Jaeggi","F Conners"
"2195","S Jaeggi","M Herzog"
"2196","S Jaeggi","K O’Connor"
"2197","S Jaeggi","K Lierheimer"
"2198","S Jaeggi","J Kerpash"
"2199","S Jaeggi","J Benigno"
"2200","S Jaeggi","M Buschkuehl"
"2201","J Jonides","A Sussman"
"2202","J Jonides","P Shah"
"2203","J Jonides","L Daunhauer"
"2204","J Jonides","D Fidler"
"2205","J Jonides","J Stichter"
"2206","J Jonides","F Conners"
"2207","J Jonides","M Herzog"
"2208","J Jonides","K O’Connor"
"2209","J Jonides","K Lierheimer"
"2210","J Jonides","J Kerpash"
"2211","J Jonides","J Benigno"
"2212","J Jonides","M Buschkuehl"
"2213","J Jonides","S Jaeggi"
"2214","R Jacobs","E Orhan"
"2215","E Szkudlarek","P Cho"
"2216","A Kukona","P Cho"
"2217","A Kukona","E Szkudlarek"
"2218","W Tabor","P Cho"
"2219","W Tabor","E Szkudlarek"
"2220","W Tabor","A Kukona"
"2221","K Dybvig","K Muldner"
"2222","R Lam","K Muldner"
"2223","R Lam","K Dybvig"
"2224","M Chi","K Muldner"
"2225","M Chi","K Dybvig"
"2226","M Chi","R Lam"
"2227","L Young","H Gweon"
"2228","R Saxe","H Gweon"
"2229","R Saxe","L Young"
"2230","C Reed","S Denison"
"2231","F Xu","S Denison"
"2232","F Xu","C Reed"
"2233","A Ma-Wyatt","D Gokaydin"
"2234","D Navarro","D Gokaydin"
"2235","D Navarro","A Ma-Wyatt"
"2236","A Perfors","D Gokaydin"
"2237","A Perfors","A Ma-Wyatt"
"2238","A Perfors","D Navarro"
"2239","N Mani","N Altvater-Mackensen"
"2240","R Salakhutdinov","B Lake"
"2241","J Gross","B Lake"
"2242","J Gross","R Salakhutdinov"
"2243","J Tenenbaum","B Lake"
"2244","J Tenenbaum","R Salakhutdinov"
"2245","J Tenenbaum","J Gross"
"2246","S Beller","A Bender"
"2247","G Bernardo","A Bender"
"2248","G Bernardo","S Beller"
"2249","N Burenhult","A Bender"
"2250","N Burenhult","S Beller"
"2251","N Burenhult","G Bernardo"
"2252","L Huther","A Bender"
"2253","L Huther","S Beller"
"2254","L Huther","G Bernardo"
"2255","L Huther","N Burenhult"
"2256","K Istomin","A Bender"
"2257","K Istomin","S Beller"
"2258","K Istomin","G Bernardo"
"2259","K Istomin","N Burenhult"
"2260","K Istomin","L Huther"
"2261","O Guen","A Bender"
"2262","O Guen","S Beller"
"2263","O Guen","G Bernardo"
"2264","O Guen","N Burenhult"
"2265","O Guen","L Huther"
"2266","O Guen","K Istomin"
"2267","T Tenbrick","A Bender"
"2268","T Tenbrick","S Beller"
"2269","T Tenbrick","G Bernardo"
"2270","T Tenbrick","N Burenhult"
"2271","T Tenbrick","L Huther"
"2272","T Tenbrick","K Istomin"
"2273","T Tenbrick","O Guen"
"2274","M Steyvers","B Miller"
"2275","M Alibali","A Hostetter"
"2276","A Bartholomew","A Hostetter"
"2277","A Bartholomew","M Alibali"
"2278","J McClelland","B Lake"
"2279","C Kello","T Rhodes"
"2280","B Kerster","T Rhodes"
"2281","B Kerster","C Kello"
"2282","K Nakamura","Y Wajima"
"2283","A Terai","Y Wajima"
"2284","A Terai","K Nakamura"
"2285","K Yamagishi","Y Wajima"
"2286","K Yamagishi","K Nakamura"
"2287","K Yamagishi","A Terai"
"2288","M Nakagawa","Y Wajima"
"2289","M Nakagawa","K Nakamura"
"2290","M Nakagawa","A Terai"
"2291","M Nakagawa","K Yamagishi"
"2292","V Aleven","I Roll"
"2293","K Koedinger","I Roll"
"2294","K Koedinger","V Aleven"
"2295","M Poirier","S Aldrovandi"
"2296","P Kusev","S Aldrovandi"
"2297","P Kusev","M Poirier"
"2298","D Heussen","S Aldrovandi"
"2299","D Heussen","M Poirier"
"2300","D Heussen","P Kusev"
"2301","P Ayton","S Aldrovandi"
"2302","P Ayton","M Poirier"
"2303","P Ayton","P Kusev"
"2304","P Ayton","D Heussen"
"2311","D Plaut","S Laszlo"
"2312","C Cotla","C Cotla"
"2313","P Sudhakar","G Aist"
"2314","T Stoess","R Warner"
"2315","P Shafto","R Warner"
"2316","P Shafto","T Stoess"
"2317","R Shiffrin","C Donkin"
"2318","K Scheiter","A Eitel"
"2319","A Schuler","A Eitel"
"2320","A Schuler","K Scheiter"
"2321","S Forrest","J Mirkovic"
"2322","G Gaskell","J Mirkovic"
"2323","G Gaskell","S Forrest"
"2324","N Ryant","C McMillan"
"2325","D Coleman","C McMillan"
"2326","D Coleman","N Ryant"
"2327","R Clark","C McMillan"
"2328","R Clark","N Ryant"
"2329","R Clark","D Coleman"
"2330","M Grossman","C McMillan"
"2331","M Grossman","N Ryant"
"2332","M Grossman","D Coleman"
"2333","M Grossman","R Clark"
"2334","H Fleharty","A Schutte"
"2335","A Hund","A Schutte"
"2336","A Hund","H Fleharty"
"2337","D Uttal","A Schutte"
"2338","D Uttal","H Fleharty"
"2339","D Uttal","A Hund"
"2340","M Sauter","A Schutte"
"2341","M Sauter","H Fleharty"
"2342","M Sauter","A Hund"
"2344","N Simms","A Schutte"
"2345","N Simms","H Fleharty"
"2346","N Simms","A Hund"
"2347","N Simms","D Uttal"
"2348","N Simms","M Sauter"
"2349","D Gentner","A Schutte"
"2350","D Gentner","H Fleharty"
"2351","D Gentner","A Hund"
"2352","D Gentner","D Uttal"
"2353","D Gentner","M Sauter"
"2354","D Gentner","N Simms"
"2355","P Rong","W Fu"
"2357","H Lee","P Rong"
"2358","A Kramer","W Fu"
"2359","A Kramer","P Rong"
"2360","A Kramer","H Lee"
"2361","A Graybiel","W Fu"
"2362","A Graybiel","P Rong"
"2363","A Graybiel","H Lee"
"2364","A Graybiel","A Kramer"
"2365","J Kwisthout","M Blokpoel"
"2366","T Wareham","M Blokpoel"
"2367","T Wareham","J Kwisthout"
"2368","P Haselager","M Blokpoel"
"2369","P Haselager","J Kwisthout"
"2370","P Haselager","T Wareham"
"2371","I Toni","M Blokpoel"
"2372","I Toni","J Kwisthout"
"2373","I Toni","T Wareham"
"2374","I Toni","P Haselager"
"2375","I Rooij","M Blokpoel"
"2376","I Rooij","J Kwisthout"
"2377","I Rooij","T Wareham"
"2378","I Rooij","P Haselager"
"2379","I Rooij","I Toni"
"2380","S Meylan","C Kurumada"
"2381","M Frank","C Kurumada"
"2382","M Frank","S Meylan"
"2384","E Johnson","C Kello"
"2385","E Johnson","B Kerster"
"2386","K Coventry","E Andonova"
"2387","E Krahmer","L Mol"
"2388","M Sandt-Koenderman","L Mol"
"2389","M Sandt-Koenderman","E Krahmer"
"2390","C Lucas","A Waisman"
"2391","T Griffiths","A Waisman"
"2393","L Jacobs","A Waisman"
"2394","L Jacobs","C Lucas"
"2395","L Jacobs","T Griffiths"
"2396","D Bartels","O Urminsky"
"2397","N Witthoft","J Yoon"
"2398","J Winawer","J Yoon"
"2399","J Winawer","N Witthoft"
"2400","M Frank","J Yoon"
"2401","M Frank","N Witthoft"
"2402","M Frank","J Winawer"
"2403","E Gibson","J Yoon"
"2404","E Gibson","N Witthoft"
"2405","E Gibson","J Winawer"
"2406","E Gibson","M Frank"
"2407","E Markman","J Yoon"
"2408","E Markman","N Witthoft"
"2409","E Markman","J Winawer"
"2410","E Markman","M Frank"
"2411","E Markman","E Gibson"
"2413","M Speekenbrink","T Gerstenberg"
"2414","M Speekenbrink","D Lagnado"
"2415","C Cheung","T Gerstenberg"
"2416","C Cheung","D Lagnado"
"2417","C Cheung","M Speekenbrink"
"2418","W Wilson","S Phillips"
"2420","W Vanpaemel","W Voorspoels"
"2421","W Vanpaemel","G Storms"
"2422","R Saxe","C Baker"
"2423","J Tenenbaum","C Baker"
"2424","J Tenenbaum","R Saxe"
"2428","D Devesh","A Ankit"
"2429","A Mukerjee","A Ankit"
"2430","A Mukerjee","D Devesh"
"2431","N Shea","N Shea"
"2432","D Casasanto","D Casasanto"
"2433","G Miles","G Miles"
"2434","N Nersessian","S Chandrasekharan"
"2435","S D'Mello","S D'Mello"
"2436","N Zweig","S Iyengar"
"2437","A Natarajan","S Iyengar"
"2438","A Natarajan","N Zweig"
"2439","V Madhavan","S Iyengar"
"2440","V Madhavan","N Zweig"
"2441","V Madhavan","A Natarajan"
"2442","M Davidson","E Barenholtz"
"2443","D Lewkoicz","E Barenholtz"
"2444","D Lewkoicz","M Davidson"
"2445","E Heit","E Cadez"
"2446","R Shiffrin","G Cox"
"2447","S Blumstein","R Ostrand"
"2448","J Morgan","R Ostrand"
"2449","J Morgan","S Blumstein"
"2450","M Crocker","M Staudte"
"2451","A Heloir","M Staudte"
"2452","A Heloir","M Crocker"
"2453","M Kipp","M Staudte"
"2454","M Kipp","M Crocker"
"2455","M Kipp","A Heloir"
"2456","R Levy","N Smith"
"2457","R Thomson","J Schoenherr"
"2458","J Davies","J Schoenherr"
"2459","J Davies","R Thomson"
"2460","J Ball","J Ball"
"2461","B Rehder","B Rehder"
"2462","M Tomasello","M Tomasello"
"2463","B MacLaren","A Corbett"
"2464","A Wagner","A Corbett"
"2465","A Wagner","B MacLaren"
"2466","L Kauffman","A Corbett"
"2467","L Kauffman","B MacLaren"
"2468","L Kauffman","A Wagner"
"2469","A Mitchell","A Corbett"
"2470","A Mitchell","B MacLaren"
"2471","A Mitchell","A Wagner"
"2472","A Mitchell","L Kauffman"
"2473","R Baker","A Corbett"
"2474","R Baker","B MacLaren"
"2475","R Baker","A Wagner"
"2476","R Baker","L Kauffman"
"2477","R Baker","A Mitchell"
"2478","S Gowda","A Corbett"
"2479","S Gowda","B MacLaren"
"2480","S Gowda","A Wagner"
"2481","S Gowda","L Kauffman"
"2482","S Gowda","A Mitchell"
"2483","S Gowda","R Baker"
"2484","H Tsukurimichi","M Sumihisa"
"2485","A Utsumi","M Sumihisa"
"2486","A Utsumi","H Tsukurimichi"
"2487","M Sakamoto","M Sumihisa"
"2488","M Sakamoto","H Tsukurimichi"
"2489","M Sakamoto","A Utsumi"
"2490","R Jacobs","C Sims"
"2491","D Knill","C Sims"
"2492","D Knill","R Jacobs"
"2494","B Newell","A Camilleri"
"2495","B Knox","A Otto"
"2496","B Love","A Otto"
"2497","B Love","B Knox"
"2498","S Gershman","A Otto"
"2499","S Gershman","B Knox"
"2500","S Gershman","B Love"
"2501","Y Niv","A Otto"
"2502","Y Niv","B Knox"
"2503","Y Niv","B Love"
"2504","Y Niv","S Gershman"
"2505","D Worthy","A Otto"
"2506","D Worthy","B Knox"
"2507","D Worthy","B Love"
"2508","D Worthy","S Gershman"
"2509","D Worthy","Y Niv"
"2510","T Maddox","A Otto"
"2511","T Maddox","B Knox"
"2512","T Maddox","B Love"
"2513","T Maddox","S Gershman"
"2514","T Maddox","Y Niv"
"2515","T Maddox","D Worthy"
"2516","J Hotaling","A Otto"
"2517","J Hotaling","B Knox"
"2518","J Hotaling","B Love"
"2519","J Hotaling","S Gershman"
"2520","J Hotaling","Y Niv"
"2521","J Hotaling","D Worthy"
"2522","J Hotaling","T Maddox"
"2523","J Busemeyer","A Otto"
"2524","J Busemeyer","B Knox"
"2525","J Busemeyer","B Love"
"2526","J Busemeyer","S Gershman"
"2527","J Busemeyer","Y Niv"
"2528","J Busemeyer","D Worthy"
"2529","J Busemeyer","T Maddox"
"2530","J Busemeyer","J Hotaling"
"2531","R Shiffrin","A Otto"
"2532","R Shiffrin","B Knox"
"2533","R Shiffrin","B Love"
"2534","R Shiffrin","S Gershman"
"2535","R Shiffrin","Y Niv"
"2536","R Shiffrin","D Worthy"
"2537","R Shiffrin","T Maddox"
"2538","R Shiffrin","J Hotaling"
"2539","R Shiffrin","J Busemeyer"
"2540","A Stull","D Adams"
"2541","I Roewer","D Adams"
"2542","I Roewer","A Stull"
"2543","M Hegarty","D Adams"
"2545","M Hegarty","I Roewer"
"2546","L Young","J Phillips"
"2547","D Casasanto","J Fuente"
"2548","A Roman","J Fuente"
"2549","A Roman","D Casasanto"
"2550","J Santiago","J Fuente"
"2551","J Santiago","D Casasanto"
"2553","J Xu","C Yu"
"2554","X Zhu","C Yu"
"2555","X Zhu","J Xu"
"2557","J Hummel","W Jung"
"2558","M Varlet","C Coey"
"2559","R Schmidt","C Coey"
"2560","R Schmidt","M Varlet"
"2562","M Richardson","M Varlet"
"2563","M Richardson","R Schmidt"
"2564","J Busemeyer","E Pothos"
"2565","A Ortony","B Quek"
"2566","G Beraud-Sudreau","E Dupoux"
"2567","S Sagayama","E Dupoux"
"2568","S Sagayama","G Beraud-Sudreau"
"2569","T Griffiths","S Yeung"
"2570","M Steyvers","M Lee"
"2571","M DeYoung","M Lee"
"2572","M DeYoung","M Steyvers"
"2573","B Miller","M Lee"
"2575","B Miller","M DeYoung"
"2576","C Kello","J Szary"
"2577","N Taatgen","E Nyamsuren"
"2579","K Ratliff","R Ping"
"2580","E Hickey","R Ping"
"2581","E Hickey","K Ratliff"
"2584","S Levine","E Hickey"
"2585","C Herdman","K Benthem"
"2586","J LeFevre","K Benthem"
"2587","J LeFevre","C Herdman"
"2588","T Au","R Tso"
"2589","J Hsiao","R Tso"
"2590","J Hsiao","T Au"
"2591","K Bielczyz","M Kapur"
"2592","P Bouquet","B Bazzanella"
"2593","D Montello","M Keehner"
"2594","S Fabrikant","M Keehner"
"2595","S Fabrikant","D Montello"
"2596","E Riggs","M Keehner"
"2597","E Riggs","D Montello"
"2598","E Riggs","S Fabrikant"
"2599","R Dalton","M Keehner"
"2600","R Dalton","D Montello"
"2601","R Dalton","S Fabrikant"
"2602","R Dalton","E Riggs"
"2603","P Schrater","N Srivastava"
"2604","M Lapata","T Fountain"
"2606","R Shiffrin","E Pothos"
"2608","J Trueblood","E Pothos"
"2610","J Trueblood","R Shiffrin"
"2611","Z Wang","E Pothos"
"2612","Z Wang","J Busemeyer"
"2613","Z Wang","R Shiffrin"
"2614","Z Wang","J Trueblood"
"2615","R Blutner","E Pothos"
"2616","R Blutner","J Busemeyer"
"2617","R Blutner","R Shiffrin"
"2618","R Blutner","J Trueblood"
"2619","R Blutner","Z Wang"
"2620","H Atmanspacher","E Pothos"
"2621","H Atmanspacher","J Busemeyer"
"2622","H Atmanspacher","R Shiffrin"
"2623","H Atmanspacher","J Trueblood"
"2624","H Atmanspacher","Z Wang"
"2625","H Atmanspacher","R Blutner"
"2626","P Shafto","N Smith"
"2627","V Olguin","M Trench"
"2629","R Minervino","V Olguin"
"2630","M Steyvers","S Tauber"
"2631","T Hills","W Fu"
"2632","K Maull","C Walkington"
"2633","P Cheng","C Carroll"
"2634","H Lu","C Carroll"
"2635","H Lu","P Cheng"
"2637","J Thacker","S Sinnett"
"2638","J Thacker","A Lim"
"2639","G Dell","A Kittredge"
"2640","W Neys","M Osman"
"2641","P Monaghan","P Monaghan"
"2642","I Zwitserlood","P Perniss"
"2643","A Ozyurek","P Perniss"
"2644","A Ozyurek","I Zwitserlood"
"2645","D Navarro","R Montague"
"2646","A Prefors","R Montague"
"2648","R Warner","R Montague"
"2649","R Warner","D Navarro"
"2650","R Warner","A Prefors"
"2651","P Shafto","R Montague"
"2652","P Shafto","D Navarro"
"2653","P Shafto","A Prefors"
"2655","C Walshe","M Blair"
"2656","J Barnes","M Blair"
"2657","J Barnes","C Walshe"
"2658","L Chen","M Blair"
"2659","L Chen","C Walshe"
"2660","L Chen","J Barnes"
"2661","T O'Donnell","M Troyer"
"2662","E Fedorenko","M Troyer"
"2663","E Fedorenko","T O'Donnell"
"2664","E Gibson","M Troyer"
"2665","E Gibson","T O'Donnell"
"2666","E Gibson","E Fedorenko"
"2667","D Rapp","S Hinze"
"2668","V Williamson","S Hinze"
"2669","V Williamson","D Rapp"
"2670","M Shultz","S Hinze"
"2671","M Shultz","D Rapp"
"2672","M Shultz","V Williamson"
"2673","K Williamson","S Hinze"
"2674","K Williamson","D Rapp"
"2675","K Williamson","V Williamson"
"2676","K Williamson","M Shultz"
"2677","G Deslongchamps","S Hinze"
"2678","G Deslongchamps","D Rapp"
"2679","G Deslongchamps","V Williamson"
"2680","G Deslongchamps","M Shultz"
"2681","G Deslongchamps","K Williamson"
"2682","P Healey","M Colman"
"2683","B Ross","E Higgins"
"2684","P Simen","M Vugt"
"2685","J Cohen","M Vugt"
"2686","J Cohen","P Simen"
"2687","P Knoeferle","H Kreysa"
"2688","E Krahmer","C Kaland"
"2689","M Swerts","C Kaland"
"2691","M Alibali","S Hattikudur"
"2693","T Gong","M Tamariz"
"2694","G Jaeger","M Tamariz"
"2695","G Jaeger","T Gong"
"2696","J Snedeker","M Kline"
"2697","L Schulz","M Kline"
"2698","L Schulz","J Snedeker"
"2699","M Goudbeek","A Gatt"
"2700","E Krahmer","A Gatt"
"2702","W Voorspoels","S Deyne"
"2703","S Verheyen","S Deyne"
"2704","S Verheyen","W Voorspoels"
"2705","D Navarro","S Deyne"
"2706","D Navarro","W Voorspoels"
"2707","D Navarro","S Verheyen"
"2708","G Storms","S Deyne"
"2711","G Storms","D Navarro"
"2712","L Pessoa","M Anderson"
"2713","J Minda","S Miles"
"2714","T Nguyen","N Kim"
"2715","D Paulus","N Kim"
"2716","D Paulus","T Nguyen"
"2717","A Knott","A Knott"
"2718","C Hamilton","K Coventry"
"2719","D Griffiths","K Coventry"
"2720","D Griffiths","C Hamilton"
"2721","P Hagoort","V Lai"
"2722","D Casasanto","V Lai"
"2723","D Casasanto","P Hagoort"
"2724","C Luhmann","P Liu"
"2725","S Yuan","Z Sim"
"2726","F Xu","Z Sim"
"2728","S Edelmann","L Onnis"
"2729","H Waterfall","L Onnis"
"2730","H Waterfall","S Edelmann"
"2734","G Storms","L Stukken"
"2735","W Vanpaemel","L Stukken"
"2743","H Saalbach","L Schalk"
"2744","E Stern","L Schalk"
"2745","E Stern","H Saalbach"
"2746","M Blair","K Meier"
"2747","I Sindone","M Rodgers"
"2748","M A.","M Rodgers"
"2749","M A.","I Sindone"
"2750","R D.","M Rodgers"
"2751","R D.","I Sindone"
"2752","R D.","M A."
"2753","M Lee","J Pooley"
"2754","W Shankle","J Pooley"
"2755","W Shankle","M Lee"
"2756","E Manalo","Y Uesaka"
"2757","M Christiansen","S McCauley"
"2758","N Taatgen","L Lende"
"2759","F Marciani","C Young"
"2760","J Opfer","C Young"
"2761","J Opfer","F Marciani"
"2762","M Pomplun","H Wang"
"2766","M Lee","S Zhang"
"2767","M Yu","S Zhang"
"2768","M Yu","M Lee"
"2769","J Xin","S Zhang"
"2770","J Xin","M Lee"
"2771","J Xin","M Yu"
"2772","R Gerrig","C Canovas"
"2773","T Goldstein","C Canovas"
"2774","T Goldstein","R Gerrig"
"2775","F Steen","C Canovas"
"2776","F Steen","R Gerrig"
"2777","F Steen","T Goldstein"
"2778","V Tobin","C Canovas"
"2779","V Tobin","R Gerrig"
"2780","V Tobin","T Goldstein"
"2781","V Tobin","F Steen"
"2783","S Shayan","S Dolscgeid"
"2784","A Majid","S Dolscgeid"
"2785","A Majid","S Shayan"
"2786","D Casasanto","S Dolscgeid"
"2787","D Casasanto","S Shayan"
"2788","D Casasanto","A Majid"
"2789","S Payne","H Neth"
"2790","O Condappa","J Wiener"
"2791","C Holscher","J Wiener"
"2792","C Holscher","O Condappa"
"2793","R Hoffman","U Gasemann"
"2794","R Miikulainen","U Gasemann"
"2795","R Miikulainen","R Hoffman"
"2796","M Chi","S Vosniadou"
"2797","S Ohlsson","S Vosniadou"
"2798","S Ohlsson","M Chi"
"2799","D Cosejo","S Vosniadou"
"2800","D Cosejo","M Chi"
"2801","D Cosejo","S Ohlsson"
"2802","D Brown","S Vosniadou"
"2803","D Brown","M Chi"
"2804","D Brown","S Ohlsson"
"2805","D Brown","D Cosejo"
"2806","N Nerserssian","S Vosniadou"
"2807","N Nerserssian","M Chi"
"2808","N Nerserssian","S Ohlsson"
"2809","N Nerserssian","D Cosejo"
"2810","N Nerserssian","D Brown"
"2811","W Gegg-Harrison","K Gorman"
"2812","C Marsh","K Gorman"
"2813","C Marsh","W Gegg-Harrison"
"2814","M Tanenhaus","K Gorman"
"2815","M Tanenhaus","W Gegg-Harrison"
"2816","M Tanenhaus","C Marsh"
"2817","Z Khezri","R Behnagh"
"2818","R Azevedo","R Behnagh"
"2819","R Azevedo","Z Khezri"
"2823","S Kirby","T Verhof"
"2824","C Padden","T Verhof"
"2825","C Padden","S Kirby"
"2826","M Kaschak","J Jones"
"2827","W Boot","J Jones"
"2828","W Boot","M Kaschak"
"2830","E Bjork","J Little"
"2831","J Kruschke","J Kruschke"
"2833","M Pitt","J Myung"
"2834","J Hell","L Feldman"
"2835","J Kroll","L Feldman"
"2836","J Kroll","J Hell"
"2837","S Rajaram","L Feldman"
"2838","S Rajaram","J Hell"
"2839","S Rajaram","J Kroll"
"2840","E Andonova","H Taylor"
"2842","W Fu","Y Sakamoto"
"2843","R Dale","J Freeman"
"2844","M Spivey","J Freeman"
"2845","M Spivey","R Dale"
"2846","S Suri","W Mason"
"2847","J Sadr","J Sadr"
"2848","J Gervain","T Biro"
"2849","D Choi","P Langley"
"2850","A Geertz","R McCauley"
"2851","J Bulbulia","R McCauley"
"2852","J Bulbulia","A Geertz"
"2853","R Ross","J Hois"
"2854","J Kelleher","J Hois"
"2855","J Kelleher","R Ross"
"2856","J Bateman","J Hois"
"2857","J Bateman","R Ross"
"2858","J Bateman","J Kelleher"
"2859","A Gatt","K Deemter"
"2860","R Gompel","K Deemter"
"2861","R Gompel","A Gatt"
"2862","E Krahmer","K Deemter"
"2864","E Krahmer","R Gompel"
"2865","S Mueller","S Mueller"
"2866","B Landau","B Landau"
