"","from","to"
"1","A Fisher","A Fisher"
"2","T Fangmeier","M Ragni"
"3","S Schleipen","M Ragni"
"4","S Schleipen","T Fangmeier"
"5","S Chartier","G Giguere"
"6","R Proulx","G Giguere"
"7","R Proulx","S Chartier"
"8","J Lina","G Giguere"
"9","J Lina","S Chartier"
"10","J Lina","R Proulx"
"11","R West","A Pyke"
"12","J LeFevre","A Pyke"
"13","J LeFevre","R West"
"14","N Skirvin","J Tan"
"15","G Biswas","J Tan"
"16","G Biswas","N Skirvin"
"17","K Catley","J Tan"
"18","K Catley","N Skirvin"
"19","K Catley","G Biswas"
"20","C Bozşahin","Ç Çoltekin"
"21","M Hristova","A Janyan"
"22","F Keller","D Reitter"
"23","B Monroe","B Monroe"
"24","P McCarthy","E Lightman"
"25","D Dufty","E Lightman"
"26","D Dufty","P McCarthy"
"27","D McNamara","E Lightman"
"28","D McNamara","P McCarthy"
"29","D McNamara","D Dufty"
"30","J Allen","G Aist"
"31","E Campana","G Aist"
"32","E Campana","J Allen"
"33","C Gallo","G Aist"
"34","C Gallo","J Allen"
"35","C Gallo","E Campana"
"36","S Stoness","G Aist"
"37","S Stoness","J Allen"
"38","S Stoness","E Campana"
"39","S Stoness","C Gallo"
"40","M Swift","G Aist"
"41","M Swift","J Allen"
"42","M Swift","E Campana"
"43","M Swift","C Gallo"
"44","M Swift","S Stoness"
"45","M Tanenhaus","G Aist"
"46","M Tanenhaus","J Allen"
"47","M Tanenhaus","E Campana"
"48","M Tanenhaus","C Gallo"
"49","M Tanenhaus","S Stoness"
"50","M Tanenhaus","M Swift"
"51","J Plumhoff","J Schirillo"
"52","W Schroyens","W Schroyens"
"53","T Shultz","T Shultz"
"54","C Rose","H Wang"
"55","K Abe","Y Wajima"
"56","M Nakagawa","Y Wajima"
"57","M Nakagawa","K Abe"
"58","J Chariker","J Pani"
"59","N Claudio","J Pani"
"60","N Claudio","J Chariker"
"61","R Fell","J Pani"
"62","R Fell","J Chariker"
"63","R Fell","N Claudio"
"64","A Wong","M Mack"
"65","I Gauthier","M Mack"
"66","I Gauthier","A Wong"
"67","J Tanaka","M Mack"
"68","J Tanaka","A Wong"
"69","J Tanaka","I Gauthier"
"70","T Palmeri","M Mack"
"71","T Palmeri","A Wong"
"72","T Palmeri","I Gauthier"
"73","T Palmeri","J Tanaka"
"74","M Lee","W Vanpaemel"
"75","S Kim","S Kim"
"76","N Presson","P Pavlik"
"77","G Dozzi","P Pavlik"
"78","G Dozzi","N Presson"
"79","S Wu","P Pavlik"
"80","S Wu","N Presson"
"81","S Wu","G Dozzi"
"82","B MacWhinney","P Pavlik"
"83","B MacWhinney","N Presson"
"84","B MacWhinney","G Dozzi"
"85","B MacWhinney","S Wu"
"86","K Koedinger","P Pavlik"
"87","K Koedinger","N Presson"
"88","K Koedinger","G Dozzi"
"89","K Koedinger","S Wu"
"90","K Koedinger","B MacWhinney"
"91","T Takenaga","T Takenaga"
"92","T Reimer","G Schwenk"
"93","T Shultz","F Dandurand"
"94","K Onishi","F Dandurand"
"95","K Onishi","T Shultz"
"96","F Keller","V Demberg"
"97","A Goel","P Yaner"
"98","D Hardmeier","S Koller"
"99","S Michel","S Koller"
"100","S Michel","D Hardmeier"
"101","A Schwaninger","S Koller"
"102","A Schwaninger","D Hardmeier"
"103","A Schwaninger","S Michel"
"104","B Khoo","W Goh"
"105","D Danks","H Zhu"
"106","M Mack","J Richler"
"107","I Gauthier","J Richler"
"109","T Palmeri","J Richler"
"112","A Glenberg","E Mouliso"
"113","D Havas","E Mouliso"
"114","D Havas","A Glenberg"
"115","L Lindeman","E Mouliso"
"116","L Lindeman","A Glenberg"
"117","L Lindeman","D Havas"
"118","M Walsh","H Schutze"
"119","B Mobius","H Schutze"
"120","B Mobius","M Walsh"
"121","T Wade","H Schutze"
"122","T Wade","M Walsh"
"123","T Wade","B Mobius"
"124","B Love","M Tomlinson"
"125","E Jones","L Crawford"
"126","F Bocklisch","M Baumann"
"127","K Mehlhorn","M Baumann"
"128","K Mehlhorn","F Bocklisch"
"129","J Krems","M Baumann"
"130","J Krems","F Bocklisch"
"131","J Krems","K Mehlhorn"
"132","G Schoner","J Goldberg"
"133","T Goldsmith","B Martinez-Papponi"
"134","M Tanenhaus","A Frank"
"135","R Aslin","A Frank"
"136","R Aslin","M Tanenhaus"
"137","A Salverda","A Frank"
"138","A Salverda","M Tanenhaus"
"139","A Salverda","R Aslin"
"140","T Mizuno","S Nomura"
"141","A Nozawa","S Nomura"
"142","A Nozawa","T Mizuno"
"143","H Ide","S Nomura"
"144","H Ide","T Mizuno"
"145","H Ide","A Nozawa"
"146","T Shultz","A Jamrozki"
"147","M Gaskell","N Snoeren"
"148","R Castillo","S Chaigneau"
"149","L Martinez","S Chaigneau"
"150","L Martinez","R Castillo"
"151","F Bosco","M Vallana"
"152","R Angeleri","M Vallana"
"153","R Angeleri","F Bosco"
"154","K Sacco","M Vallana"
"155","K Sacco","F Bosco"
"156","K Sacco","R Angeleri"
"157","B Bara","M Vallana"
"158","B Bara","F Bosco"
"159","B Bara","R Angeleri"
"160","B Bara","K Sacco"
"161","L Colle","M Vallana"
"162","L Colle","F Bosco"
"163","L Colle","R Angeleri"
"164","L Colle","K Sacco"
"165","L Colle","B Bara"
"166","R Sanz","I Lopez"
"167","J Bermejo","I Lopez"
"168","J Bermejo","R Sanz"
"169","S Kiyokawa","D Tanaka"
"170","A Yamada","D Tanaka"
"171","A Yamada","S Kiyokawa"
"172","K Shigemasu","D Tanaka"
"173","K Shigemasu","S Kiyokawa"
"174","K Shigemasu","A Yamada"
"175","H Spada","S Hauser"
"176","N Rummel","S Hauser"
"177","N Rummel","H Spada"
"178","M Christiansen","J Misyak"
"179","P Sinha","B Balas"
"180","Y Sun","H Wang"
"181","S Bliznashki","B Kokinov"
"182","S Kosev","B Kokinov"
"183","S Kosev","S Bliznashki"
"184","P Hirstova","B Kokinov"
"185","P Hirstova","S Bliznashki"
"186","P Hirstova","S Kosev"
"187","M Chiu","G Chen"
"188","D Navarro","W Vanpaemel"
"189","C Ruthven","B Hayes"
"190","B Newell","B Hayes"
"191","B Newell","C Ruthven"
"192","R Nelson","R Nelson"
"193","M Momme","M Momme"
"194","M Svetlik","S Blessing"
"195","H Schultheis","H Schultheis"
"196","P Hofmeister","P Hofmeister"
"197","A Markman","M Saggar"
"198","W Maddox","M Saggar"
"199","W Maddox","A Markman"
"200","R Miikkulainen","M Saggar"
"201","R Miikkulainen","A Markman"
"202","R Miikkulainen","W Maddox"
"203","J Ganascia","J Ganascia"
"204","K Forbus","M Klenk"
"205","U Krumnack","A Schwering"
"206","K Kuhnberger","A Schwering"
"207","K Kuhnberger","U Krumnack"
"208","H Gust","A Schwering"
"209","H Gust","U Krumnack"
"210","H Gust","K Kuhnberger"
"211","P Juslin","T Enkvist"
"212","J Thiebaut","P Healy"
"213","V Sloutsky","J Kaminski"
"214","A Heckler","J Kaminski"
"215","A Heckler","V Sloutsky"
"216","T Garrison","R Brou"
"217","S Doane","R Brou"
"218","S Doane","T Garrison"
"219","G Bradshaw","R Brou"
"220","G Bradshaw","T Garrison"
"221","G Bradshaw","S Doane"
"222","B Nanay","B Nanay"
"223","L Motyka","J Choplin"
"224","S Gerson","C Zimmerman"
"225","A Monroe","C Zimmerman"
"226","A Monroe","S Gerson"
"227","A Kearney","C Zimmerman"
"228","A Kearney","S Gerson"
"229","A Kearney","A Monroe"
"230","A Yuille","H Lu"
"231","M Liljeholm","H Lu"
"232","M Liljeholm","A Yuille"
"233","P Cheng","H Lu"
"234","P Cheng","A Yuille"
"235","P Cheng","M Liljeholm"
"236","K Holyoak","H Lu"
"237","K Holyoak","A Yuille"
"238","K Holyoak","M Liljeholm"
"239","K Holyoak","P Cheng"
"240","R Dale","R Dale"
"241","L Smith","J Son"
"242","R Goldstone","J Son"
"243","R Goldstone","L Smith"
"245","E Dimperio","E Dimperio"
"246","J Trafton","S Kriz"
"247","J McCurry","S Kriz"
"248","J McCurry","J Trafton"
"249","J Spencer","S Perone"
"250","G Schoner","S Perone"
"251","G Schoner","J Spencer"
"252","C Bearman","C Frosch"
"253","R McCloy","C Frosch"
"254","R McCloy","C Bearman"
"255","D Stefankovic","M Chhabra"
"256","R Jacobs","M Chhabra"
"257","R Jacobs","D Stefankovic"
"258","V Sa","L Trottier"
"259","E Asoulin","E Asoulin"
"260","R Goldstone","T Wisdom"
"261","G Theiner","G Theiner"
"262","P Pirolli","R Budiu"
"263","I Umata","N Suzuki"
"264","T Kamiya","N Suzuki"
"265","T Kamiya","I Umata"
"266","S Ito","N Suzuki"
"267","S Ito","I Umata"
"268","S Ito","T Kamiya"
"269","S Iwasawa","N Suzuki"
"270","S Iwasawa","I Umata"
"271","S Iwasawa","T Kamiya"
"272","S Iwasawa","S Ito"
"273","N Inoue","N Suzuki"
"274","N Inoue","I Umata"
"275","N Inoue","T Kamiya"
"276","N Inoue","S Ito"
"277","N Inoue","S Iwasawa"
"278","T Toriyama","N Suzuki"
"279","T Toriyama","I Umata"
"280","T Toriyama","T Kamiya"
"281","T Toriyama","S Ito"
"282","T Toriyama","S Iwasawa"
"283","T Toriyama","N Inoue"
"284","K Kogure","N Suzuki"
"285","K Kogure","I Umata"
"286","K Kogure","T Kamiya"
"287","K Kogure","S Ito"
"288","K Kogure","S Iwasawa"
"289","K Kogure","N Inoue"
"290","K Kogure","T Toriyama"
"291","N Benesh","M Louwerse"
"292","M Hoque","M Louwerse"
"293","M Hoque","N Benesh"
"294","P Jeuniaux","M Louwerse"
"295","P Jeuniaux","N Benesh"
"296","P Jeuniaux","M Hoque"
"297","G Lewis","M Louwerse"
"298","G Lewis","N Benesh"
"299","G Lewis","M Hoque"
"300","G Lewis","P Jeuniaux"
"301","J Wu","M Louwerse"
"302","J Wu","N Benesh"
"303","J Wu","M Hoque"
"304","J Wu","P Jeuniaux"
"305","J Wu","G Lewis"
"306","M Zirnstein","M Louwerse"
"307","M Zirnstein","N Benesh"
"308","M Zirnstein","M Hoque"
"309","M Zirnstein","P Jeuniaux"
"310","M Zirnstein","G Lewis"
"311","M Zirnstein","J Wu"
"312","H Waterfall","P Brodsky"
"313","D Peebles","C Davies"
"314","R Azevedo","M Jeon"
"315","S Bora","S Chandrasekharan"
"316","D Athreya","S Chandrasekharan"
"317","D Athreya","S Bora"
"318","N Srinivasan","S Chandrasekharan"
"319","N Srinivasan","S Bora"
"320","N Srinivasan","D Athreya"
"321","M Afzal","M Afzal"
"322","R Iliev","M Dehghani"
"323","S Kaufmann","M Dehghani"
"324","S Kaufmann","R Iliev"
"325","J Sainz","V Illera"
"326","C Zahn","E Mayr"
"327","F Hesse","E Mayr"
"328","F Hesse","C Zahn"
"329","J Tenenbaum","C Baker"
"330","R Saxe","C Baker"
"331","R Saxe","J Tenenbaum"
"332","Y Nagai","J Morita"
"333","T Taura","J Morita"
"334","T Taura","Y Nagai"
"335","T Takeuchi","J Morita"
"336","T Takeuchi","Y Nagai"
"337","T Takeuchi","T Taura"
"338","B Scassellati","K Gold"
"339","A Renkl","J Gurlitt"
"340","L Faulhaber","J Gurlitt"
"341","L Faulhaber","A Renkl"
"342","F Fischer","J Gurlitt"
"343","F Fischer","A Renkl"
"344","F Fischer","L Faulhaber"
"345","L Hansen","L Feng"
"346","M Sakamoto","A Utsumi"
"347","L Boroditsky","O Fuhrman"
"348","K Nakamoto","K Kuroda"
"349","Y Shibuya","K Kuroda"
"350","Y Shibuya","K Nakamoto"
"351","H Isahara","K Kuroda"
"352","H Isahara","K Nakamoto"
"353","H Isahara","Y Shibuya"
"354","N Taatgen","I Juvina"
"355","D Dickison","I Juvina"
"356","D Dickison","N Taatgen"
"357","Q Liu","A Kawamoto"
"358","M Alibali","A Hostetter"
"359","S Kita","A Hostetter"
"360","S Kita","M Alibali"
"361","C Lee","C Lee"
"362","J Trafton","S Trickett"
"363","P Jeuniaux","C Bellissens"
"364","N Duran","C Bellissens"
"365","N Duran","P Jeuniaux"
"366","D McNamara","C Bellissens"
"367","D McNamara","P Jeuniaux"
"368","D McNamara","N Duran"
"369","S Begg","M WElsh"
"370","R Bratvold","M WElsh"
"371","R Bratvold","S Begg"
"372","J Elman","D Shieh"
"373","D McNamara","C Bell"
"374","R West","M Rutledge-Taylor"
"375","K Miwa","K Kojima"
"376","F Carvalho","F Carvalho"
"377","J Pretz","J Pretz"
"378","C Thompson","J Opfer"
"379","J DeVries","J Opfer"
"380","J DeVries","C Thompson"
"381","B Rittle-Johnson","P Matthews"
"382","R Catrambone","B Gane"
"383","F Steffenhagen","M Ragni"
"384","K Holyoak","H Lee"
"385","K VanLehn","R Hausmann"
"387","M Ruh","S Michel"
"388","M Ruh","S Koller"
"391","A Schwaninger","M Ruh"
"392","B Love","T Davis"
"393","W Maddox","T Davis"
"394","W Maddox","B Love"
"395","A Mahabal","A Mahabal"
"396","P Hendriks","J Hoeks"
"397","G Redeker","J Hoeks"
"398","G Redeker","P Hendriks"
"402","S Curtin","D Hufnagle"
"403","P Chipman","S D'Mello"
"404","A Graesser","S D'Mello"
"405","A Graesser","P Chipman"
"406","T Wong","C Schunn"
"407","W Manzoul","C Schunn"
"408","W Manzoul","T Wong"
"409","J Kamer","C Schunn"
"410","J Kamer","T Wong"
"411","J Kamer","W Manzoul"
"412","J Harris","C Schunn"
"413","J Harris","T Wong"
"414","J Harris","W Manzoul"
"415","J Harris","J Kamer"
"416","J Trafton","C Schunn"
"417","J Trafton","T Wong"
"418","J Trafton","W Manzoul"
"419","J Trafton","J Kamer"
"420","J Trafton","J Harris"
"421","S Trickett","C Schunn"
"422","S Trickett","T Wong"
"423","S Trickett","W Manzoul"
"424","S Trickett","J Kamer"
"425","S Trickett","J Harris"
"427","M Spratling","L Watling"
"428","K Meyer","L Watling"
"429","K Meyer","M Spratling"
"430","M Johnson","L Watling"
"431","M Johnson","M Spratling"
"432","M Johnson","K Meyer"
"433","J Bailenson","S Okita"
"434","D Schwartz","S Okita"
"435","D Schwartz","J Bailenson"
"436","D Gentner","S Day"
"437","N Ellis","N Ellis"
"438","C Hmelo-Silver","S Marathe"
"439","L Liu","S Marathe"
"440","L Liu","C Hmelo-Silver"
"441","R Catrambone","E Eiriksdottir"
"442","M Doherty","M Wimmer"
"443","D Alford","L Ball"
"444","G Lupyan","G Lupyan"
"445","E Patsenko","P Engelhardt"
"446","F Ferreira","P Engelhardt"
"447","F Ferreira","E Patsenko"
"448","D Danks","W Nichols"
"450","L Fast","M Penner-Wilger"
"451","J LaFevre","M Penner-Wilger"
"452","J LaFevre","L Fast"
"453","B Smith-Chant","M Penner-Wilger"
"454","B Smith-Chant","L Fast"
"455","B Smith-Chant","J LaFevre"
"456","S Skwarchuck","M Penner-Wilger"
"457","S Skwarchuck","L Fast"
"458","S Skwarchuck","J LaFevre"
"459","S Skwarchuck","B Smith-Chant"
"460","D Kamawar","M Penner-Wilger"
"461","D Kamawar","L Fast"
"462","D Kamawar","J LaFevre"
"463","D Kamawar","B Smith-Chant"
"464","D Kamawar","S Skwarchuck"
"465","J Bisanz","M Penner-Wilger"
"466","J Bisanz","L Fast"
"467","J Bisanz","J LaFevre"
"468","J Bisanz","B Smith-Chant"
"469","J Bisanz","S Skwarchuck"
"470","J Bisanz","D Kamawar"
"471","D Mandel","J Williams"
"473","B Leung","M Liljeholm"
"474","B Leung","P Cheng"
"475","D Vinson","S Kousta"
"476","G Vigliocco","S Kousta"
"477","G Vigliocco","D Vinson"
"478","P Foos","P Goolkasian"
"479","H Rojas-Anaya","P Cheng"
"480","H Bowman","L Su"
"481","P Barnard","L Su"
"482","P Barnard","H Bowman"
"483","S Beller","A Bender"
"484","J Abe","R Matsunaga"
"485","R Bourgeois","S Coulon"
"486","C Martin","S Coulon"
"487","C Martin","R Bourgeois"
"488","I Roll","Y Kao"
"489","K Koedinger","Y Kao"
"490","K Koedinger","I Roll"
"491","G Vigliocco","M Andrews"
"492","D Vinson","M Andrews"
"495","A Linhares","J Silva"
"496","H Spada","A Maier"
"497","C Kurby","S Briner"
"498","D McNamara","S Briner"
"499","D McNamara","C Kurby"
"500","A Harrison","A Harrison"
"501","P Ferez","M Feist"
"502","S Goldwater","M Frank"
"503","V Mansinghka","M Frank"
"504","V Mansinghka","S Goldwater"
"505","T Griffiths","M Frank"
"506","T Griffiths","S Goldwater"
"507","T Griffiths","V Mansinghka"
"508","J Tenenbaum","M Frank"
"509","J Tenenbaum","S Goldwater"
"510","J Tenenbaum","V Mansinghka"
"511","J Tenenbaum","T Griffiths"
"512","J Laird","R Marinier"
"513","H Clark","D Hendersen"
"514","R Goldstone","D Landy"
"515","S Lim","E Bonawitz"
"516","L Schulz","E Bonawitz"
"517","L Schulz","S Lim"
"518","M Grinberg","A Gerganov"
"519","P Quinn","A Gerganov"
"520","P Quinn","M Grinberg"
"521","R Goldstone","A Gerganov"
"522","R Goldstone","M Grinberg"
"523","R Goldstone","P Quinn"
"524","J Luo","J Luo"
"525","J Busemeyer","T Pleskac"
"526","W Gray","C Myers"
"527","S Blessing","L Haverty"
"528","T Griffiths","N Feldman"
"529","M Jones","B Riordan"
"530","N Goodman","C Kemp"
"531","J Tenenbaum","C Kemp"
"532","J Tenenbaum","N Goodman"
"533","R Shiffrin","S Mueller"
"534","J Brett","J Loewenstein"
"535","S Dennis","I Doxas"
"536","W Oliver","I Doxas"
"537","W Oliver","S Dennis"
"538","A Abrahamsen","W Bechtel"
"539","M Mackay","D Navarro"
"540","K O'Doherty","D Navarro"
"541","K O'Doherty","M Mackay"
"542","R Hanania","H Yoshida"
"543","E Manalo","Y Uesaka"
"544","S Buchner","C Holscher"
"545","M Brosamle","C Holscher"
"546","M Brosamle","S Buchner"
"547","T Meilinger","C Holscher"
"548","T Meilinger","S Buchner"
"549","T Meilinger","M Brosamle"
"550","G Strube","C Holscher"
"551","G Strube","S Buchner"
"552","G Strube","M Brosamle"
"553","G Strube","T Meilinger"
"554","F Renkewitz","G Jahn"
"555","S Kunze","G Jahn"
"556","S Kunze","F Renkewitz"
"557","C Conway","M Christiansen"
"558","L Onnis","M Christiansen"
"559","L Onnis","C Conway"
"560","L Smith","J Zapf"
"561","T Farmer","S Cargill"
"562","J Schwade","S Cargill"
"563","J Schwade","T Farmer"
"564","M Goldstein","S Cargill"
"565","M Goldstein","T Farmer"
"566","M Goldstein","J Schwade"
"567","M Spivey","S Cargill"
"568","M Spivey","T Farmer"
"569","M Spivey","J Schwade"
"570","M Spivey","M Goldstein"
"571","K VanLehn","M Chi"
"572","B Love","J Rein"
"573","A Markman","J Rein"
"574","A Markman","B Love"
"575","D Navarro","M Welsh"
"576","P Slezak","P Slezak"
"577","T Marks","L Barrington"
"578","G Cottrell","L Barrington"
"579","G Cottrell","T Marks"
"580","P Collins","B Newell"
"581","M Lee","B Newell"
"582","M Lee","P Collins"
"583","V Sloutsky","C Robinson"
"584","J Elman","A Borovsky"
"585","M Kutas","A Borovsky"
"586","M Kutas","J Elman"
"587","I Neath","C Bearman"
"588","A Surprenant","C Bearman"
"589","A Surprenant","I Neath"
"590","K Forbus","A Lovett"
"591","J Usher","A Lovett"
"592","J Usher","K Forbus"
"593","J Tan","J Wagster"
"594","Y Wu","J Wagster"
"595","Y Wu","J Tan"
"596","G Biwas","J Wagster"
"597","G Biwas","J Tan"
"598","G Biwas","Y Wu"
"599","D Schwartz","J Wagster"
"600","D Schwartz","J Tan"
"601","D Schwartz","Y Wu"
"602","D Schwartz","G Biwas"
"604","T Griffiths","N Goodman"
"605","J Feldman","N Goodman"
"606","J Feldman","T Griffiths"
"609","J Tenenbaum","J Feldman"
"610","Y Hao","T Veale"
"611","D Dufty","S Crossley"
"612","P McCarthy","S Crossley"
"614","D McNamara","S Crossley"
"617","E Higgins","A Hwang"
"618","M Pomplun","A Hwang"
"619","M Pomplun","E Higgins"
"620","B Riecke","T Meilinger"
"621","H Bulthoff","T Meilinger"
"622","H Bulthoff","B Riecke"
"624","D Oppenheimer","A Schneider"
"625","G Detre","A Schneider"
"626","G Detre","D Oppenheimer"
"627","L Ball","J Quayle"
"628","L Smith","C Yu"
"629","K Klein","C Yu"
"630","K Klein","L Smith"
"631","R Shiffrin","C Yu"
"632","R Shiffrin","L Smith"
"633","R Shiffrin","K Klein"
"634","S Dennis","B Stone"
"635","J Hummel","L Doumas"
"636","U Hahn","D Brumby"
"638","G Bittencourt","G Bittencourt"
"639","W Maddox","E Nomura"
"640","P Reber","E Nomura"
"641","P Reber","W Maddox"
"642","S D'Mello","J Willits"
"643","N Duran","J Willits"
"644","N Duran","S D'Mello"
"645","A Olney","J Willits"
"646","A Olney","S D'Mello"
"647","A Olney","N Duran"
"648","R WEst","T Stewart"
"649","W Neys","W Neys"
"650","A Olivia","T Konkle"
"651","S Leslie","S Khemlani"
"652","S Glucksberg","S Khemlani"
"653","S Glucksberg","S Leslie"
"654","P Fernandez","S Khemlani"
"655","P Fernandez","S Leslie"
"656","P Fernandez","S Glucksberg"
"657","H Nusbaum","H Shintel"
"658","D Pisoni","C Conway"
"659","M Tong","Z Lingyun"
"660","G Cottrell","Z Lingyun"
"661","G Cottrell","M Tong"
"662","D Bartels","D Bartels"
"663","P Linson-Gentry","P Fernbach"
"664","S Sloman","P Fernbach"
"665","S Sloman","P Linson-Gentry"
"666","M Ettlinger","M Ettlinger"
"667","G Cottrell","J Hsiao"
"668","D Shieh","J Hsiao"
"669","D Shieh","G Cottrell"
"670","W Gray","V Veksler"
"671","M Schoelles","V Veksler"
"672","M Schoelles","W Gray"
"673","E Postma","J Lacroix"
"674","H Herik","J Lacroix"
"675","H Herik","E Postma"
"676","K Canini","T Griffiths"
"677","A Sanborn","T Griffiths"
"678","A Sanborn","K Canini"
"679","D Navarro","T Griffiths"
"680","D Navarro","K Canini"
"681","D Navarro","A Sanborn"
"682","P Li","X Zhao"
"683","L Srivorakait","H Kloos"
"684","C Odar","H Kloos"
"685","C Odar","L Srivorakait"
"686","S Cummins-Sebree","H Kloos"
"687","S Cummins-Sebree","L Srivorakait"
"688","S Cummins-Sebree","C Odar"
"689","K Shockley","H Kloos"
"690","K Shockley","L Srivorakait"
"691","K Shockley","C Odar"
"692","K Shockley","S Cummins-Sebree"
"693","P Wolff","A Barbey"
"694","P Todd","T Hills"
"695","R Goldstone","T Hills"
"696","R Goldstone","P Todd"
"697","H Spada","A Bender"
"698","H Swoboda","A Bender"
"699","H Swoboda","H Spada"
"700","S Traber","A Bender"
"701","S Traber","H Spada"
"702","S Traber","H Swoboda"
"703","K Rauss","A Bender"
"704","K Rauss","H Spada"
"705","K Rauss","H Swoboda"
"706","K Rauss","S Traber"
"708","R Taylor","N Duran"
"709","R Taylor","C Bellissens"
"712","D McNamara","R Taylor"
"713","V Aleven","K Butcher"
"714","B Love","T Gureckis"
"715","P McCarthy","V Rus"
"716","A Graesser","V Rus"
"717","A Graesser","P McCarthy"
"718","M Lintean","V Rus"
"719","M Lintean","P McCarthy"
"720","M Lintean","A Graesser"
"721","D McNamara","V Rus"
"723","D McNamara","A Graesser"
"724","D McNamara","M Lintean"
"725","T Brawn","K Fenn"
"726","T Gentner","K Fenn"
"727","T Gentner","T Brawn"
"728","D Margoliash","K Fenn"
"729","D Margoliash","T Brawn"
"730","D Margoliash","T Gentner"
"731","H Nusbaum","K Fenn"
"732","H Nusbaum","T Brawn"
"733","H Nusbaum","T Gentner"
"734","H Nusbaum","D Margoliash"
"735","T Reiger","S Foraker"
"736","N Khetarpal","S Foraker"
"737","N Khetarpal","T Reiger"
"738","A Perfors","S Foraker"
"739","A Perfors","T Reiger"
"740","A Perfors","N Khetarpal"
"741","J Tenenbaum","S Foraker"
"742","J Tenenbaum","T Reiger"
"743","J Tenenbaum","N Khetarpal"
"744","J Tenenbaum","A Perfors"
"745","K Thorpe","M Ramscar"
"746","K Denny","M Ramscar"
"747","K Denny","K Thorpe"
"748","D Roy","V Savova"
"749","L Schmidt","V Savova"
"750","L Schmidt","D Roy"
"751","J Tenenbaum","V Savova"
"752","J Tenenbaum","D Roy"
"753","J Tenenbaum","L Schmidt"
"754","R Taylor","S D'Mello"
"756","A Graesser","R Taylor"
"757","P Gupta","B Abbs"
"758","J Tomblin","B Abbs"
"759","J Tomblin","P Gupta"
"760","J Lipinski","B Abbs"
"761","J Lipinski","P Gupta"
"762","J Lipinski","J Tomblin"
"763","T Ziemke","A Morse"
"764","K Nakamura","K Nakamura"
"765","K Gluck","G Gunzelmann"
"766","J Kershner","G Gunzelmann"
"767","J Kershner","K Gluck"
"768","H Dongen","G Gunzelmann"
"769","H Dongen","K Gluck"
"770","H Dongen","J Kershner"
"771","D Dinges","G Gunzelmann"
"772","D Dinges","K Gluck"
"773","D Dinges","J Kershner"
"774","D Dinges","H Dongen"
"775","D Casasanto","D Casasanto"
"776","Y Ozuru","C Kurby"
"778","D McNamara","Y Ozuru"
"779","T Matlock","C Fausey"
"780","D Richardson","C Fausey"
"781","D Richardson","T Matlock"
"782","J Johnston","C Green"
"783","E Ruthruff","C Green"
"784","E Ruthruff","J Johnston"
"785","L Smith","C yu"
"786","M Christensen","C yu"
"787","M Christensen","L Smith"
"788","A Pereira","C yu"
"789","A Pereira","L Smith"
"790","A Pereira","M Christensen"
"791","B Kokinov","M Mutafchieva"
"792","A Friedman","A Twyman"
"793","M Spetch","A Twyman"
"794","M Spetch","A Friedman"
"795","J McClelland","K Dilkina"
"796","L Boroditsky","K Dilkina"
"797","L Boroditsky","J McClelland"
"798","M Osman","M Osman"
"800","A Goldfain","A Goldfain"
"802","A Fan","M Mozer"
"803","R Catrambone","S Park"
"804","M Ranney","E Munnich"
"805","M Song","E Munnich"
"806","M Song","M Ranney"
"807","D Moos","R Azevedo"
"808","J Greene","R Azevedo"
"809","J Greene","D Moos"
"810","B Balas","E Conwell"
"811","R Goldstone","C Conway"
"812","M Chrisitansen","C Conway"
"813","M Chrisitansen","R Goldstone"
"814","A Kehler","H Rohde"
"815","J Elman","H Rohde"
"816","J Elman","A Kehler"
"817","M Hegarty","C Cohen"
"818","V Mansinghka","N Goodman"
"821","A Leslie","M Chen"
"822","R Miikulainen","U Grasemann"
"823","R Hoffman","U Grasemann"
"824","R Hoffman","R Miikulainen"
"825","K Shinozawa","Y Yoshikawa"
"826","H Ishiguro","Y Yoshikawa"
"827","H Ishiguro","K Shinozawa"
"828","S Faremo","R Azevedo"
"829","S Lajoie","R Azevedo"
"830","S Lajoie","S Faremo"
"831","S D'Mello","B McDaniel"
"832","B King","B McDaniel"
"833","B King","S D'Mello"
"834","P Chipman","B McDaniel"
"836","P Chipman","B King"
"837","K Tapp","B McDaniel"
"838","K Tapp","S D'Mello"
"839","K Tapp","B King"
"840","K Tapp","P Chipman"
"841","A Graesser","B McDaniel"
"843","A Graesser","B King"
"845","A Graesser","K Tapp"
"846","B Monroe","S Read"
"847","N Newcombe","K Ratliff"
"848","S Aasakawa","S Aasakawa"
"849","H Sharara","D Trumpower"
"850","K Najarian","T Green"
"851","L Wagner","K Asplin"
"852","B Pearson","K Asplin"
"853","B Pearson","L Wagner"
"854","J Villiers","K Asplin"
"855","J Villiers","L Wagner"
"856","J Villiers","B Pearson"
"857","J Stockton","L Hahn"
"858","B Landau","B Dessalegn"
"859","C Sandhofer","A Ankowski"
"860","T Griffiths","J Xu"
"861","C Sherrill","A Samsonovich"
"862","L Shahbazyan","G Petkov"
"863","P Johnson-Laird","S Khemlani"
"864","H Shimada","M Kitajima"
"865","M Toyota","M Kitajima"
"866","M Toyota","H Shimada"
"867","B Forsyht","B Forsyht"
"868","K Kuhnberger","K Kuhnberger"
"869","H Liu","H Liu"
"870","G Hagert","G Hagert"
"871","T Griffiths","E Schreiber"
"872","K Catley","L Novich"
"873","J Plass","S Kalyuga"
"874","C Zimmerman","J Wagman"
"875","C Sorric","J Wagman"
"876","C Sorric","C Zimmerman"
"877","T Kusumi","K Tsunemi"
"878","L Kaastra","L Kaastra"
"879","T Matlock","M Gumbrecht"
"880","H Clark","M Gumbrecht"
"881","H Clark","T Matlock"
"882","T Laine","T Laine"
"883","E Sagi","J German"
"884","S Kaufmann","J German"
"885","S Kaufmann","E Sagi"
"886","B Clark","J German"
"887","B Clark","E Sagi"
"888","B Clark","S Kaufmann"
"889","M Kim","J German"
"890","M Kim","E Sagi"
"891","M Kim","S Kaufmann"
"892","M Kim","B Clark"
"893","G milovanovic","B Rehder"
"894","F Milton","C Longmore"
"895","A Wills","C Longmore"
"896","A Wills","F Milton"
"897","C Schunn","M Nelson"
"898","K Ikeda","A Koizumi"
"899","A Tanaka","A Koizumi"
"900","A Tanaka","K Ikeda"
"901","Y Takano","A Koizumi"
"902","Y Takano","K Ikeda"
"903","Y Takano","A Tanaka"
"904","M Flecha-Garcia","M Flecha-Garcia"
"905","V Aleven","R Salden"
"906","A Renkl","R Salden"
"907","A Renkl","V Aleven"
"908","P Gupta","S Packard"
"909","D Havas","M Nathan"
"910","C Johnson","M Nathan"
"911","C Johnson","D Havas"
"912","T Inui","S Tarasenko"
"913","N Abdikeev","S Tarasenko"
"914","N Abdikeev","T Inui"
"915","M Gemo","O Vybornova"
"916","R Moncarey","O Vybornova"
"917","R Moncarey","M Gemo"
"918","B Macq","O Vybornova"
"919","B Macq","M Gemo"
"920","B Macq","R Moncarey"
"921","D Shanks","A Smyth"
"922","C Zimmerman","J Pretz"
"923","L Mazlack","J Taylor"
"924","A Markman","M Goldwater"
"925","W Gray","B Veksler"
"926","M Schoelles","B Veksler"
"928","R Azevedo","A Witherspoon"
"929","C Kemp","A Perfors"
"932","E Wonnacott","A Perfors"
"933","E Wonnacott","C Kemp"
"934","E Wonnacott","J Tenenbaum"
"935","P Johnson-Laird","C Frosch"
"936","M Cowley","C Frosch"
"937","M Cowley","P Johnson-Laird"
"938","A Grintsvayg","V Veksler"
"939","R Lindsey","V Veksler"
"940","R Lindsey","A Grintsvayg"
"942","W Gray","A Grintsvayg"
"943","W Gray","R Lindsey"
"944","F Husic","K Varma"
"945","M Linn","K Varma"
"946","M Linn","F Husic"
"947","E Bonawitz","H Standing"
"948","L Schulz","H Standing"
"950","H Melo","M Xiao"
"951","T Garaas","M Xiao"
"952","T Garaas","H Melo"
"953","A Hwang","M Xiao"
"954","A Hwang","H Melo"
"955","A Hwang","T Garaas"
"956","M Pomplun","M Xiao"
"957","M Pomplun","H Melo"
"958","M Pomplun","T Garaas"
"960","J Wiley","P Cushen"
"961","A D'Angiulli","A D'Angiulli"
"962","G Storms","E Ameel"
"963","B Malt","E Ameel"
"964","B Malt","G Storms"
"965","M Iijima","M Iijima"
"966","P Lindstrom","P Lindstrom"
"968","J Jones","J Jones"
"969","M Thuring","U Drewitz"
"970","S Schwan","M Tibus"
"971","T Kusumi","T Kojima"
"972","D Scwartz","R Lindgren"
"973","S Varma","R Lindgren"
"974","S Varma","D Scwartz"
"975","L Boroditsky","C Fausey"
"976","J Taylor","K DeSouza"
"977","A Stade","K DeSouza"
"978","A Stade","J Taylor"
"979","W Wallace","K DeSouza"
"980","W Wallace","J Taylor"
"981","W Wallace","A Stade"
"982","D Richardson","M Hoover"
"983","D Kamawar","A Pyke"
"984","D Ridgeway","A Pyke"
"985","D Ridgeway","D Kamawar"
"986","J Spencer","J Johnson"
"987","J Blatter","J Blatter"
"988","D Francreschetti","P Chipman"
"989","M Heinath","M Heinath"
"990","M Penner-Wilger","M Anderson"
"991","K Malmberg","R Brown"
"992","R Grider","R Brown"
"993","R Grider","K Malmberg"
"994","D Noelle","T Kriete"
"995","T McNamara","J Kelly"
"996","H Kobayashi","S Shinozaki"
"997","T Yasuda","S Shinozaki"
"998","T Yasuda","H Kobayashi"
"999","F Lara-Dammer","F Lara-Dammer"
"1000","P Jusslin","P Hansson"
"1001","A Winman","P Hansson"
"1002","A Winman","P Jusslin"
"1003","R Jessup","B Veinott"
"1004","P Todd","B Veinott"
"1005","P Todd","R Jessup"
"1006","T Lombrozo","E Bonawitz"
"1007","D Shah","C Villeneuve"
"1008","A Heenan","C Villeneuve"
"1009","A Heenan","D Shah"
"1010","K Bolton","C Villeneuve"
"1011","K Bolton","D Shah"
"1012","K Bolton","A Heenan"
"1013","D Fisher","C Villeneuve"
"1014","D Fisher","D Shah"
"1015","D Fisher","A Heenan"
"1016","D Fisher","K Bolton"
"1017","A Millar","C Villeneuve"
"1018","A Millar","D Shah"
"1019","A Millar","A Heenan"
"1020","A Millar","K Bolton"
"1021","A Millar","D Fisher"
"1022","J McIntosh","C Villeneuve"
"1023","J McIntosh","D Shah"
"1024","J McIntosh","A Heenan"
"1025","J McIntosh","K Bolton"
"1026","J McIntosh","D Fisher"
"1027","J McIntosh","A Millar"
"1028","V Knott","C Villeneuve"
"1029","V Knott","D Shah"
"1030","V Knott","A Heenan"
"1031","V Knott","K Bolton"
"1032","V Knott","D Fisher"
"1033","V Knott","A Millar"
"1034","V Knott","J McIntosh"
"1035","C Kupper-Tetzel","C Kupper-Tetzel"
"1036","H Buchanan","S Croker"
"1037","M Saylor","J Herberg"
"1038","D Levin","J Herberg"
"1039","D Levin","M Saylor"
"1040","T Griffiths","C Lucas"
"1041","S Lee","S Back"
"1042","Y Woo","S Back"
"1043","Y Woo","S Lee"
"1044","Y Chung","S Back"
"1045","Y Chung","S Lee"
"1046","Y Chung","Y Woo"
"1047","E Cho","S Back"
"1048","E Cho","S Lee"
"1049","E Cho","Y Woo"
"1050","E Cho","Y Chung"
"1051","C Han","S Back"
"1052","C Han","S Lee"
"1053","C Han","Y Woo"
"1054","C Han","Y Chung"
"1055","C Han","E Cho"
"1056","W Lee","S Back"
"1057","W Lee","S Lee"
"1058","W Lee","Y Woo"
"1059","W Lee","Y Chung"
"1060","W Lee","E Cho"
"1061","W Lee","C Han"
"1062","K Lim","S Back"
"1063","K Lim","S Lee"
"1064","K Lim","Y Woo"
"1065","K Lim","Y Chung"
"1066","K Lim","E Cho"
"1067","K Lim","C Han"
"1068","K Lim","W Lee"
"1069","Y So","S Back"
"1070","Y So","S Lee"
"1071","Y So","Y Woo"
"1072","Y So","Y Chung"
"1073","Y So","E Cho"
"1074","Y So","C Han"
"1075","Y So","W Lee"
"1076","Y So","K Lim"
"1077","S Kim","S Back"
"1078","S Kim","S Lee"
"1079","S Kim","Y Woo"
"1080","S Kim","Y Chung"
"1081","S Kim","E Cho"
"1082","S Kim","C Han"
"1083","S Kim","W Lee"
"1084","S Kim","K Lim"
"1085","S Kim","Y So"
"1086","S Lu","L Wakefield"
"1087","M Singer","T Ferretti"
"1088","C Patterson","T Ferretti"
"1089","C Patterson","M Singer"
"1090","E Cokely","A Feltz"
"1091","E Cokely","E Cokely"
"1092","R Goldstone","A Hendrickson"
"1093","E Davelaar","E Davelaar"
"1094","T Lombrozo","T Lombrozo"
"1095","D Domin","D Domin"
"1096","K Koedinger","J Booth"
"1097","R Siegler","J Booth"
"1098","R Siegler","K Koedinger"
"1099","J Hwang","C Duffield"
"1100","S Brown","C Duffield"
"1101","S Brown","J Hwang"
"1102","D Dligach","C Duffield"
"1103","D Dligach","J Hwang"
"1104","D Dligach","S Brown"
"1105","S Vieweg","C Duffield"
"1106","S Vieweg","J Hwang"
"1107","S Vieweg","S Brown"
"1108","S Vieweg","D Dligach"
"1109","J Davis","C Duffield"
"1110","J Davis","J Hwang"
"1111","J Davis","S Brown"
"1112","J Davis","D Dligach"
"1113","J Davis","S Vieweg"
"1114","M Palmer","C Duffield"
"1115","M Palmer","J Hwang"
"1116","M Palmer","S Brown"
"1117","M Palmer","D Dligach"
"1118","M Palmer","S Vieweg"
"1119","M Palmer","J Davis"
"1120","T Griffin","T Griffin"
"1121","D Cochran","D Cochran"
"1167","Q Meng","Q Meng"
"1168","A Gilbert","Y Paluy"
"1169","J Baldo","Y Paluy"
"1170","J Baldo","A Gilbert"
"1171","R Ivry","Y Paluy"
"1172","R Ivry","A Gilbert"
"1173","R Ivry","J Baldo"
"1219","T Smith","D Kimball"
"1220","E Albro","E Albro"
"1221","C Comer","I Ash"
"1222","B Pederson","B Pederson"
"1224","S Honiden","N Abdullah"
"1225","K Nakamoto","T Taira"
"1226","H Kidoguchi","T Taira"
"1227","H Kidoguchi","K Nakamoto"
"1228","Y Kimura","T Taira"
"1229","Y Kimura","K Nakamoto"
"1230","Y Kimura","H Kidoguchi"
"1231","K Tsunemi","T Taira"
"1232","K Tsunemi","K Nakamoto"
"1233","K Tsunemi","H Kidoguchi"
"1234","K Tsunemi","Y Kimura"
"1235","Y Igawa","T Taira"
"1236","Y Igawa","K Nakamoto"
"1237","Y Igawa","H Kidoguchi"
"1238","Y Igawa","Y Kimura"
"1239","Y Igawa","K Tsunemi"
"1240","T Kusumi","T Taira"
"1241","T Kusumi","K Nakamoto"
"1242","T Kusumi","H Kidoguchi"
"1243","T Kusumi","Y Kimura"
"1245","T Kusumi","Y Igawa"
"1246","B Ross","T Nokes"
"1247","W Fu","J Tsai"
"1248","T Matlock","J Matthews"
"1249","Y Nagayama","S Kiyokawa"
"1250","N Shingaki","H Nojima"
"1251","W Macken","E McDonald"
"1252","C Zimmerman","A Masnick"
"1253","M Kaschak","J Jones"
"1254","S Shayan","S Shayan"
"1255","A Fenk","G Fenk-Oczlon"
"1256","I Kostin","K Sheehan"
"1257","Y Futagi","K Sheehan"
"1258","Y Futagi","I Kostin"
"1259","K Kotovsky","J Moss"
"1260","J Cagan","J Moss"
"1261","J Cagan","K Kotovsky"
"1262","H Homaei","J Reynolds"
"1263","M Mozer","J Reynolds"
"1264","M Mozer","H Homaei"
"1265","C Sandhofer","E Thon"
"1266","N Kanwisher","E Vul"
"1267","L Grimm","K Goedert"
"1268","A Markman","K Goedert"
"1269","A Markman","L Grimm"
"1270","B Spellman","K Goedert"
"1271","B Spellman","L Grimm"
"1272","B Spellman","A Markman"
"1273","B Rapp","S Fischer-Baum"
"1274","M McCloskey","S Fischer-Baum"
"1275","M McCloskey","B Rapp"
"1276","Y Cho","K Cho"
"1277","C Echols","M Goldwater"
"1278","E Stahl","S Pieschl"
"1279","R Bromme","S Pieschl"
"1280","R Bromme","E Stahl"
"1281","C Ho","L Kong"
"1282","Q Zhang","L Kong"
"1283","Q Zhang","C Ho"
"1284","D Salvucci","D Brumby"
"1285","A Howes","D Brumby"
"1286","A Howes","D Salvucci"
"1287","N Zazzo","A Olsson"
"1288","J Tjaderborn","A Olsson"
"1289","J Tjaderborn","N Zazzo"
"1290","R Gordon","R Gordon"
"1291","N Charter","W Jimenez-Leal"
"1292","R Gerrig","G Egidi"
"1293","J Spencer","V Simmering"
"1294","G Schoner","V Simmering"
"1296","S Chen","S Chen"
"1297","S Lee","S Lee"
"1298","D Schwartz","S Varma"
"1300","R Lindgren","D Schwartz"
"1301","J Go","S Varma"
"1302","J Go","D Schwartz"
"1303","J Go","R Lindgren"
"1305","G Gunzelmann","D Lyon"
"1306","K Gluck","D Lyon"
"1308","K Harris","P Ward"
"1309","K Ericsson","P Ward"
"1310","K Ericsson","K Harris"
"1311","D Eccles","P Ward"
"1312","D Eccles","K Harris"
"1313","D Eccles","K Ericsson"
"1314","L Tashman","P Ward"
"1315","L Tashman","K Harris"
"1316","L Tashman","K Ericsson"
"1317","L Tashman","D Eccles"
"1318","L Lang","P Ward"
"1319","L Lang","K Harris"
"1320","L Lang","K Ericsson"
"1321","L Lang","D Eccles"
"1322","L Lang","L Tashman"
"1323","W Roth","P Chen"
"1324","Y Tzeng","P Chen"
"1325","Y Tzeng","W Roth"
"1326","D Niederhauser","P Antonenko"
"1327","A Thompson","P Antonenko"
"1328","A Thompson","D Niederhauser"
"1329","G Hisatsu","K Noda"
"1330","S Zengaro","F Zengaro"
"1331","P Gunn","J Danker"
"1332","J Anderson","J Danker"
"1333","J Anderson","P Gunn"
"1334","R Benoit","R Benoit"
"1335","R Ferguson","K Czechowski"
"1336","R Mappus","K Czechowski"
"1337","R Mappus","R Ferguson"
"1338","R Rummer","P Gerjets"
"1339","K Scheiter","P Gerjets"
"1340","K Scheiter","R Rummer"
"1341","J Schweppe","P Gerjets"
"1342","J Schweppe","R Rummer"
"1343","J Schweppe","K Scheiter"
"1344","F Ritter","J Kim"
"1345","A Hoffman","B Colner"
"1346","B Rehder","B Colner"
"1347","B Rehder","A Hoffman"
"1348","G Aist","G Aist"
"1349","K Turko","K Turko"
"1350","C Ramey","E Chrysikou"
"1351","S Waxman","H Norbury"
"1352","M Nazaire","M Nazaire"
"1354","T McNamara","B Riecke"
"1355","J Keenan","A Miller"
"1356","J Black","S Jang"
"1357","R Jyung","S Jang"
"1358","R Jyung","J Black"
"1359","K Kurz","K Levering"
"1360","B Zhao","S Nomura"
"1361","K Yamagishi","S Nomura"
"1362","K Yamagishi","B Zhao"
"1363","K Cho","S Park"
"1364","H Ghim","S Park"
"1365","H Ghim","K Cho"
"1366","I Song","S Park"
"1367","I Song","K Cho"
"1368","I Song","H Ghim"
"1369","E Park","S Park"
"1370","E Park","K Cho"
"1371","E Park","H Ghim"
"1372","E Park","I Song"
"1383","R Anderson","J Gilkey"
"1384","M Doherty","J Gilkey"
"1385","M Doherty","R Anderson"
"1386","N Kawakami","M Nakatani"
"1387","S Tachi","M Nakatani"
"1388","S Tachi","N Kawakami"
"1389","S Sasaki","S Nomura"
"1390","T Nagashima","S Nomura"
"1391","T Nagashima","S Sasaki"
"1392","O Hiwaki","S Nomura"
"1393","O Hiwaki","S Sasaki"
"1394","O Hiwaki","T Nagashima"
"1395","R Prather","R Prather"
"1396","B Stankiewicz","K Eastman"
"1397","A Huk","K Eastman"
"1398","A Huk","B Stankiewicz"
"1400","S Nazarczuck","A Hund"
"1401","J Black","J Youm"
"1402","J Wiley","C Sanchez"
"1403","B Rehder","S Kim"
"1404","R Thomson","A Gormley"
"1405","C Guss","J Williams"
"1406","F Richard","J Williams"
"1407","F Richard","C Guss"
"1408","R Azevedo","J Sullins"
"1409","J Smith","W Sieck"
"1410","A McHugh","W Sieck"
"1411","A McHugh","J Smith"
"1412","J Li","J Li"
"1413","M Cordoba","M Cordoba"
"1414","Y Fan","B Rump"
"1415","T McNamara","B Rump"
"1416","T McNamara","Y Fan"
"1417","S Vosniadou","K Christou"
"1418","X Vamvakoussi","K Christou"
"1419","X Vamvakoussi","S Vosniadou"
"1420","J Trafton","R Ratwani"
"1421","K McEldoon","J Davenport"
"1422","D Klahr","J Davenport"
"1423","D Klahr","K McEldoon"
"1424","B Ross","E Taylor"
"1425","D Gentner","J Jameson"
"1426","D Shah","D Shah"
"1427","M Cruciani","M Cruciani"
"1428","C Gulli","W Deslauriers"
"1429","J Larreamendy-Jones","J Larreamendy-Jones"
"1430","H Murakami","H Murakami"
"1431","M Saylor","M Somander"
"1432","D Levin","M Somander"
"1434","W Gray","M Destefano"
"1436","N Taatgen","D Salvucci"
"1437","M Anderson","M Anderson"
"1438","S Franssens","W Neys"
"1440","K Shiga","N Miyake"
"1441","H Shirouzu","N Miyake"
"1442","H Shirouzu","K Shiga"
"1443","D Levin","D Levin"
"1444","P Kay","T Regier"
"1445","N Khetarpal","T Regier"
"1446","N Khetarpal","P Kay"
"1447","P Lanley","P Lanley"
"1448","L Magnani","L Magnani"
"1449","P Pirolli","W Fu"
"1450","S Kiran","S Kiran"
"1451","P Whitehouse","S Waller"
"1452","C Meyers","S Waller"
"1453","C Meyers","P Whitehouse"
"1454","C Bearman","S Paletz"
"1455","I Tollinger","S Paletz"
"1456","I Tollinger","C Bearman"
"1457","C Schunn","S Paletz"
"1458","C Schunn","C Bearman"
"1459","C Schunn","I Tollinger"
"1460","G Feist","S Paletz"
"1461","G Feist","C Bearman"
"1462","G Feist","I Tollinger"
"1463","G Feist","C Schunn"
"1464","M Gorman","S Paletz"
"1465","M Gorman","C Bearman"
"1466","M Gorman","I Tollinger"
"1467","M Gorman","C Schunn"
"1468","M Gorman","G Feist"
"1469","M Dougherty","T Pleskac"
"1471","J Busemeyer","M Dougherty"
"1472","J Rieskamp","T Pleskac"
"1473","J Rieskamp","M Dougherty"
"1474","J Rieskamp","J Busemeyer"
"1475","J Tenenbaum","T Pleskac"
"1476","J Tenenbaum","M Dougherty"
"1477","J Tenenbaum","J Busemeyer"
"1478","J Tenenbaum","J Rieskamp"
"1479","W Paley","B Fisher"
"1480","Z Pylyshyn","B Fisher"
"1481","Z Pylyshyn","W Paley"
"1482","R Rensink","B Fisher"
"1483","R Rensink","W Paley"
"1484","R Rensink","Z Pylyshyn"
"1485","B Tversky","B Fisher"
"1486","B Tversky","W Paley"
"1487","B Tversky","Z Pylyshyn"
"1488","B Tversky","R Rensink"
"1489","M Cary","E Albro"
"1490","D Klahr","E Albro"
"1491","D Klahr","M Cary"
"1492","S Siler","E Albro"
"1493","S Siler","M Cary"
"1494","S Siler","D Klahr"
"1495","C Magaro","E Albro"
"1496","C Magaro","M Cary"
"1497","C Magaro","D Klahr"
"1498","C Magaro","S Siler"
"1499","J Li","E Albro"
"1500","J Li","M Cary"
"1501","J Li","D Klahr"
"1502","J Li","S Siler"
"1503","J Li","C Magaro"
"1504","J Wagster","E Albro"
"1505","J Wagster","M Cary"
"1506","J Wagster","D Klahr"
"1507","J Wagster","S Siler"
"1508","J Wagster","C Magaro"
"1509","J Wagster","J Li"
"1510","J Tan","E Albro"
"1511","J Tan","M Cary"
"1512","J Tan","D Klahr"
"1513","J Tan","S Siler"
"1514","J Tan","C Magaro"
"1515","J Tan","J Li"
"1517","Y Wu","E Albro"
"1518","Y Wu","M Cary"
"1519","Y Wu","D Klahr"
"1520","Y Wu","S Siler"
"1521","Y Wu","C Magaro"
"1522","Y Wu","J Li"
"1525","G Biswas","E Albro"
"1526","G Biswas","M Cary"
"1527","G Biswas","D Klahr"
"1528","G Biswas","S Siler"
"1529","G Biswas","C Magaro"
"1530","G Biswas","J Li"
"1531","G Biswas","J Wagster"
"1533","G Biswas","Y Wu"
"1534","D Schwartz","E Albro"
"1535","D Schwartz","M Cary"
"1536","D Schwartz","D Klahr"
"1537","D Schwartz","S Siler"
"1538","D Schwartz","C Magaro"
"1539","D Schwartz","J Li"
"1543","D Schwartz","G Biswas"
"1544","B Gholson","E Albro"
"1545","B Gholson","M Cary"
"1546","B Gholson","D Klahr"
"1547","B Gholson","S Siler"
"1548","B Gholson","C Magaro"
"1549","B Gholson","J Li"
"1550","B Gholson","J Wagster"
"1551","B Gholson","J Tan"
"1552","B Gholson","Y Wu"
"1553","B Gholson","G Biswas"
"1554","B Gholson","D Schwartz"
"1555","B Morgan","E Albro"
"1556","B Morgan","M Cary"
"1557","B Morgan","D Klahr"
"1558","B Morgan","S Siler"
"1559","B Morgan","C Magaro"
"1560","B Morgan","J Li"
"1561","B Morgan","J Wagster"
"1562","B Morgan","J Tan"
"1563","B Morgan","Y Wu"
"1564","B Morgan","G Biswas"
"1565","B Morgan","D Schwartz"
"1566","B Morgan","B Gholson"
"1567","A Graesser","E Albro"
"1568","A Graesser","M Cary"
"1569","A Graesser","D Klahr"
"1570","A Graesser","S Siler"
"1571","A Graesser","C Magaro"
"1572","A Graesser","J Li"
"1573","A Graesser","J Wagster"
"1574","A Graesser","J Tan"
"1575","A Graesser","Y Wu"
"1576","A Graesser","G Biswas"
"1577","A Graesser","D Schwartz"
"1578","A Graesser","B Gholson"
"1579","A Graesser","B Morgan"
"1580","J Brittingham","E Albro"
"1581","J Brittingham","M Cary"
"1582","J Brittingham","D Klahr"
"1583","J Brittingham","S Siler"
"1584","J Brittingham","C Magaro"
"1585","J Brittingham","J Li"
"1586","J Brittingham","J Wagster"
"1587","J Brittingham","J Tan"
"1588","J Brittingham","Y Wu"
"1589","J Brittingham","G Biswas"
"1590","J Brittingham","D Schwartz"
"1591","J Brittingham","B Gholson"
"1592","J Brittingham","B Morgan"
"1593","J Brittingham","A Graesser"
"1594","S Carpenter","E Albro"
"1595","S Carpenter","M Cary"
"1596","S Carpenter","D Klahr"
"1597","S Carpenter","S Siler"
"1598","S Carpenter","C Magaro"
"1599","S Carpenter","J Li"
"1600","S Carpenter","J Wagster"
"1601","S Carpenter","J Tan"
"1602","S Carpenter","Y Wu"
"1603","S Carpenter","G Biswas"
"1604","S Carpenter","D Schwartz"
"1605","S Carpenter","B Gholson"
"1606","S Carpenter","B Morgan"
"1607","S Carpenter","A Graesser"
"1608","S Carpenter","J Brittingham"
"1609","H Pashler","E Albro"
"1610","H Pashler","M Cary"
"1611","H Pashler","D Klahr"
"1612","H Pashler","S Siler"
"1613","H Pashler","C Magaro"
"1614","H Pashler","J Li"
"1615","H Pashler","J Wagster"
"1616","H Pashler","J Tan"
"1617","H Pashler","Y Wu"
"1618","H Pashler","G Biswas"
"1619","H Pashler","D Schwartz"
"1620","H Pashler","B Gholson"
"1621","H Pashler","B Morgan"
"1622","H Pashler","A Graesser"
"1623","H Pashler","J Brittingham"
"1624","H Pashler","S Carpenter"
"1625","D Alvarez","E Albro"
"1626","D Alvarez","M Cary"
"1627","D Alvarez","D Klahr"
"1628","D Alvarez","S Siler"
"1629","D Alvarez","C Magaro"
"1630","D Alvarez","J Li"
"1631","D Alvarez","J Wagster"
"1632","D Alvarez","J Tan"
"1633","D Alvarez","Y Wu"
"1634","D Alvarez","G Biswas"
"1635","D Alvarez","D Schwartz"
"1636","D Alvarez","B Gholson"
"1637","D Alvarez","B Morgan"
"1638","D Alvarez","A Graesser"
"1639","D Alvarez","J Brittingham"
"1640","D Alvarez","S Carpenter"
"1641","D Alvarez","H Pashler"
"1642","G Altmann","P Li"
"1643","M Hare","P Li"
"1644","M Hare","G Altmann"
"1645","K McRae","P Li"
"1646","K McRae","G Altmann"
"1647","K McRae","M Hare"
"1648","K Plunkett","P Li"
"1649","K Plunkett","G Altmann"
"1650","K Plunkett","M Hare"
"1651","K Plunkett","K McRae"
"1652","C Connor","E Albro"
"1653","F Morrison","E Albro"
"1654","F Morrison","C Connor"
"1655","B Fishman","E Albro"
"1656","B Fishman","C Connor"
"1657","B Fishman","F Morrison"
"1658","T Landauer","E Albro"
"1659","T Landauer","C Connor"
"1660","T Landauer","F Morrison"
"1661","T Landauer","B Fishman"
"1662","M Vitale","E Albro"
"1663","M Vitale","C Connor"
"1664","M Vitale","F Morrison"
"1665","M Vitale","B Fishman"
"1666","M Vitale","T Landauer"
"1667","N Romance","E Albro"
"1668","N Romance","C Connor"
"1669","N Romance","F Morrison"
"1670","N Romance","B Fishman"
"1671","N Romance","T Landauer"
"1672","N Romance","M Vitale"
"1673","J Collins","E Albro"
"1674","J Collins","C Connor"
"1675","J Collins","F Morrison"
"1676","J Collins","B Fishman"
"1677","J Collins","T Landauer"
"1678","J Collins","M Vitale"
"1679","J Collins","N Romance"
"1680","R Goldstone","M Jacobson"
"1681","M Chi","M Jacobson"
"1682","M Chi","R Goldstone"
"1683","D Abrahamson","M Jacobson"
"1684","D Abrahamson","R Goldstone"
"1685","D Abrahamson","M Chi"
"1686","M Kapur","M Jacobson"
"1687","M Kapur","R Goldstone"
"1688","M Kapur","M Chi"
"1689","M Kapur","D Abrahamson"
"1690","W Clancey","M Jacobson"
"1691","W Clancey","R Goldstone"
"1692","W Clancey","M Chi"
"1693","W Clancey","D Abrahamson"
"1694","W Clancey","M Kapur"
"1695","D Uttal","E Albro"
"1696","J DeLoache","E Albro"
"1697","J DeLoache","D Uttal"
"1698","J Kaminski","E Albro"
"1699","J Kaminski","D Uttal"
"1700","J Kaminski","J DeLoache"
"1701","V Sloutsky","E Albro"
"1702","V Sloutsky","D Uttal"
"1703","V Sloutsky","J DeLoache"
"1705","A Heckler","E Albro"
"1706","A Heckler","D Uttal"
"1707","A Heckler","J DeLoache"
"1710","B Rittle-Johnson","E Albro"
"1711","B Rittle-Johnson","D Uttal"
"1712","B Rittle-Johnson","J DeLoache"
"1713","B Rittle-Johnson","J Kaminski"
"1714","B Rittle-Johnson","V Sloutsky"
"1715","B Rittle-Johnson","A Heckler"
"1716","J Star","E Albro"
"1717","J Star","D Uttal"
"1718","J Star","J DeLoache"
"1719","J Star","J Kaminski"
"1720","J Star","V Sloutsky"
"1721","J Star","A Heckler"
"1722","J Star","B Rittle-Johnson"
"1723","R Goldstone","E Albro"
"1724","R Goldstone","D Uttal"
"1725","R Goldstone","J DeLoache"
"1726","R Goldstone","J Kaminski"
"1727","R Goldstone","V Sloutsky"
"1728","R Goldstone","A Heckler"
"1729","R Goldstone","B Rittle-Johnson"
"1730","R Goldstone","J Star"
"1731","J Son","E Albro"
"1732","J Son","D Uttal"
"1733","J Son","J DeLoache"
"1734","J Son","J Kaminski"
"1735","J Son","V Sloutsky"
"1736","J Son","A Heckler"
"1737","J Son","B Rittle-Johnson"
"1738","J Son","J Star"
"1740","W Gray","R Carlsson"
"1741","A Kirlik","R Carlsson"
"1742","A Kirlik","W Gray"
"1743","D Kirsh","R Carlsson"
"1744","D Kirsh","W Gray"
"1745","D Kirsh","A Kirlik"
"1746","S Payne","R Carlsson"
"1747","S Payne","W Gray"
"1748","S Payne","A Kirlik"
"1749","S Payne","D Kirsh"
"1750","H Neth","R Carlsson"
"1751","H Neth","W Gray"
"1752","H Neth","A Kirlik"
"1753","H Neth","D Kirsh"
"1754","H Neth","S Payne"
"1755","P Maglio","R Glushko"
"1756","T Matlock","R Glushko"
"1757","T Matlock","P Maglio"
"1758","L Barsalou","R Glushko"
"1759","L Barsalou","P Maglio"
"1760","L Barsalou","T Matlock"
"1762","C Schunn","T Palmeri"
"1763","C Schunn","I Gauthier"
"1764","J Bruer","T Palmeri"
"1765","J Bruer","I Gauthier"
"1766","J Bruer","C Schunn"
"1767","J McClelland","T Palmeri"
"1768","J McClelland","I Gauthier"
"1769","J McClelland","C Schunn"
"1770","J McClelland","J Bruer"
"1771","R Goldstone","T Palmeri"
"1772","R Goldstone","I Gauthier"
"1773","R Goldstone","C Schunn"
"1774","R Goldstone","J Bruer"
"1775","R Goldstone","J McClelland"
"1776","J Anderson","J Anderson"
"1777","W Kintsch","W Kintsch"
"1778","J Laird","J Laird"
"1779","J Elman","J Elman"
"1780","Z Wang","J Busemeyer"
"1782","H Rijn","N Taatgen"
"1783","D Noelle","D Noelle"
"1784","P Bradley","D Anderson"
"1785","G Bradshaw","D Anderson"
"1786","G Bradshaw","P Bradley"
"1787","R Eberle","D Anderson"
"1788","R Eberle","P Bradley"
"1789","R Eberle","G Bradshaw"
"1790","K Livingston","D Anderson"
"1791","K Livingston","P Bradley"
"1792","K Livingston","G Bradshaw"
"1793","K Livingston","R Eberle"
"1794","N Stillings","D Anderson"
"1795","N Stillings","P Bradley"
"1796","N Stillings","G Bradshaw"
"1797","N Stillings","R Eberle"
"1798","N Stillings","K Livingston"
"1806","D Brizan","W Sakas"
