"","from","to"
"1","W Chia","L Gabora"
"2","H Firouzi","L Gabora"
"3","H Firouzi","W Chia"
"4","K Smith","H Cornish"
"5","S Kirby","H Cornish"
"6","S Kirby","K Smith"
"7","C Tan","S Jalali"
"8","J Lim","S Jalali"
"9","J Lim","C Tan"
"10","J Tham","S Jalali"
"11","J Tham","C Tan"
"12","J Tham","J Lim"
"13","S Ong","S Jalali"
"14","S Ong","C Tan"
"15","S Ong","J Lim"
"16","S Ong","J Tham"
"17","P Seekings","S Jalali"
"18","P Seekings","C Tan"
"19","P Seekings","J Lim"
"20","P Seekings","J Tham"
"21","P Seekings","S Ong"
"22","E Taylor","S Jalali"
"23","E Taylor","C Tan"
"24","E Taylor","J Lim"
"25","E Taylor","J Tham"
"26","E Taylor","S Ong"
"27","E Taylor","P Seekings"
"28","K Twomey","J Horst"
"29","S Ranson","J Horst"
"30","S Ranson","K Twomey"
"31","D Gartenberg","S Khemlani"
"32","K Park","S Khemlani"
"33","K Park","D Gartenberg"
"34","J Trafton","S Khemlani"
"35","J Trafton","D Gartenberg"
"36","J Trafton","K Park"
"37","T Ueno","Y Ito"
"38","S Kitagami","Y Ito"
"39","S Kitagami","T Ueno"
"40","J Kawaguchi","Y Ito"
"41","J Kawaguchi","T Ueno"
"42","J Kawaguchi","S Kitagami"
"43","T Hills","D Wulff"
"44","R Hertwig","D Wulff"
"45","R Hertwig","T Hills"
"46","G Altmann","A Kukona"
"47","Y Kamide","A Kukona"
"48","Y Kamide","G Altmann"
"49","C Kurumada","M Sumner"
"50","R Gafter","M Sumner"
"51","R Gafter","C Kurumada"
"52","M Casillas","M Sumner"
"53","M Casillas","C Kurumada"
"54","M Casillas","R Gafter"
"55","U Pfeiffer","M Staudte"
"56","M Giese","G Layher"
"57","H Neumann","G Layher"
"58","H Neumann","M Giese"
"59","M Nuckles","A Lachner"
"60","G Echterhoff","A Coman"
"61","M Edelson","A Coman"
"62","M Edelson","G Echterhoff"
"63","W Hirst","A Coman"
"64","W Hirst","G Echterhoff"
"65","W Hirst","M Edelson"
"66","K Michaelian","A Coman"
"67","K Michaelian","G Echterhoff"
"68","K Michaelian","M Edelson"
"69","K Michaelian","W Hirst"
"70","C Stone","A Coman"
"71","C Stone","G Echterhoff"
"72","C Stone","M Edelson"
"73","C Stone","W Hirst"
"74","C Stone","K Michaelian"
"75","T Kanda","F Zanlungo"
"76","C Guarino","R Bottini"
"77","D Casasanto","R Bottini"
"78","D Casasanto","C Guarino"
"79","R Levy","J Kao"
"80","N Goodman","J Kao"
"81","N Goodman","R Levy"
"82","R Lam","R Lam"
"83","J Richland","L Richland"
"84","M Sydow","M Sydow"
"85","P Wolff","K Holmes"
"86","A Renkl","J Williams"
"87","K Koedinger","J Williams"
"88","K Koedinger","A Renkl"
"89","J Stamper","J Williams"
"90","J Stamper","A Renkl"
"91","J Stamper","K Koedinger"
"92","D Noelle","W Clair"
"93","Y Watanabe","A Utsumi"
"94","Y Wakayama","A Utsumi"
"95","Y Wakayama","Y Watanabe"
"96","M Brown","C Kurumada"
"97","S Bibyk","C Kurumada"
"98","S Bibyk","M Brown"
"99","D Pontillo","C Kurumada"
"100","D Pontillo","M Brown"
"101","D Pontillo","S Bibyk"
"102","M Tanenhaus","C Kurumada"
"103","M Tanenhaus","M Brown"
"104","M Tanenhaus","S Bibyk"
"105","M Tanenhaus","D Pontillo"
"106","B Koslowski","M Fedyk"
"107","T Shultz","M Kharratzadeh"
"108","T Shimazaki","M Saito"
"109","P Tsividis","J McDonnell"
"110","B Rehder","J McDonnell"
"111","B Rehder","P Tsividis"
"112","D Bublitz","V Kempe"
"113","P Brooks","V Kempe"
"114","P Brooks","D Bublitz"
"115","L Schmitz","C Vesper"
"116","N Sebanz","C Vesper"
"117","N Sebanz","L Schmitz"
"118","G Knoblich","C Vesper"
"119","G Knoblich","L Schmitz"
"120","G Knoblich","N Sebanz"
"121","C Dudschig","D Ahlberg"
"122","B Kaup","D Ahlberg"
"123","B Kaup","C Dudschig"
"124","S Brown","J Trueblood"
"125","A Heathcote","J Trueblood"
"126","A Heathcote","S Brown"
"127","S Kirby","T Verhoef"
"128","B Boer","T Verhoef"
"129","B Boer","S Kirby"
"130","S Lea","C Meier"
"131","C Forrest","C Meier"
"132","C Forrest","S Lea"
"133","K Angerer","C Meier"
"134","K Angerer","S Lea"
"135","K Angerer","C Forrest"
"136","I McLaren","C Meier"
"137","I McLaren","S Lea"
"138","I McLaren","C Forrest"
"139","I McLaren","K Angerer"
"140","R Cooper","M Sood"
"141","C Gonzalez","H Fischer"
"142","F Chang","K Twomey"
"143","B Ambridge","K Twomey"
"144","B Ambridge","F Chang"
"145","L Dienelt","K Hamburger"
"146","M Strickrodt","K Hamburger"
"147","M Strickrodt","L Dienelt"
"148","F Roser","K Hamburger"
"149","F Roser","L Dienelt"
"150","F Roser","M Strickrodt"
"151","J Thibaut","Y Glady"
"152","B French","Y Glady"
"153","B French","J Thibaut"
"154","J Hsiao","B Galmar"
"155","R Aylett","J Dias"
"156","A Paiva","J Dias"
"157","A Paiva","R Aylett"
"158","H Reis","J Dias"
"159","H Reis","R Aylett"
"160","H Reis","A Paiva"
"161","C Kurumada","C Kurumada"
"162","H Wang","C Wui"
"163","M Pomplun","C Wui"
"164","M Pomplun","H Wang"
"165","T Watatani","T Tokunaga"
"166","R Lida","T Tokunaga"
"167","R Lida","T Watatani"
"168","A Terai","T Tokunaga"
"169","A Terai","T Watatani"
"170","A Terai","R Lida"
"171","N Vukovic","N Vukovic"
"172","L Doumas","A Lim"
"173","S Sinnett","A Lim"
"174","S Sinnett","L Doumas"
"175","N Lewis","G Cox"
"176","R Shiffrin","G Cox"
"177","R Shiffrin","N Lewis"
"178","C Lebiere","N Ben-Asher"
"179","A Oltramari","N Ben-Asher"
"180","A Oltramari","C Lebiere"
"181","C Gonzalez","N Ben-Asher"
"182","C Gonzalez","C Lebiere"
"183","C Gonzalez","A Oltramari"
"184","D Wetzel","M Harrell"
"185","B Marino","F Ciardo"
"186","A Rossetti","F Ciardo"
"187","A Rossetti","B Marino"
"188","R Actis-Grosso","F Ciardo"
"189","R Actis-Grosso","B Marino"
"190","R Actis-Grosso","A Rossetti"
"191","P Ricciardelli","F Ciardo"
"192","P Ricciardelli","B Marino"
"193","P Ricciardelli","A Rossetti"
"194","P Ricciardelli","R Actis-Grosso"
"195","A Hendrickson","W Vong"
"196","A Perfors","W Vong"
"197","A Perfors","A Hendrickson"
"198","D Navarro","W Vong"
"199","D Navarro","A Hendrickson"
"200","D Navarro","A Perfors"
"201","Y Hayashi","Y Hayashi"
"202","B Matlen","K Godwin"
"203","A Fisher","K Godwin"
"204","A Fisher","B Matlen"
"205","B Tatler","R MacDonald"
"206","C Bentz","C Bentz"
"207","G Trafton","F Tamborello"
"208","R Fusaroli","R Dale"
"209","D Håkonsson","R Dale"
"210","D Håkonsson","R Fusaroli"
"211","P Healey","R Dale"
"212","P Healey","R Fusaroli"
"213","P Healey","D Håkonsson"
"214","D Mønster","R Dale"
"215","D Mønster","R Fusaroli"
"216","D Mønster","D Håkonsson"
"217","D Mønster","P Healey"
"218","J McGraw","R Dale"
"219","J McGraw","R Fusaroli"
"220","J McGraw","D Håkonsson"
"221","J McGraw","P Healey"
"222","J McGraw","D Mønster"
"223","P Mitkidis","R Dale"
"224","P Mitkidis","R Fusaroli"
"225","P Mitkidis","D Håkonsson"
"226","P Mitkidis","P Healey"
"227","P Mitkidis","D Mønster"
"228","P Mitkidis","J McGraw"
"229","K Tylen","R Dale"
"230","K Tylen","R Fusaroli"
"231","K Tylen","D Håkonsson"
"232","K Tylen","P Healey"
"233","K Tylen","D Mønster"
"234","K Tylen","J McGraw"
"235","K Tylen","P Mitkidis"
"236","N Lange","D Buttaccio"
"237","S Hahn","D Buttaccio"
"238","S Hahn","N Lange"
"239","R Thomas","D Buttaccio"
"240","R Thomas","N Lange"
"241","R Thomas","S Hahn"
"242","E Davelaar","D Buttaccio"
"243","E Davelaar","N Lange"
"244","E Davelaar","S Hahn"
"245","E Davelaar","R Thomas"
"246","V Sloutsky","T Miser"
"247","K Koedinger","E Stampfer"
"248","G Giorgolo","A Clark"
"249","S Lappin","A Clark"
"250","S Lappin","G Giorgolo"
"251","M Dewar","T Stafford"
"252","A Fazly","L Barak"
"253","S Stevenson","L Barak"
"254","S Stevenson","A Fazly"
"255","I Arnon","M Christiansen"
"256","E Lieven","M Christiansen"
"257","E Lieven","I Arnon"
"258","A Wray","M Christiansen"
"259","A Wray","I Arnon"
"260","A Wray","E Lieven"
"261","H Rijn","B Meijering"
"262","N Taatgen","B Meijering"
"263","N Taatgen","H Rijn"
"264","R Verbrugge","B Meijering"
"265","R Verbrugge","H Rijn"
"266","R Verbrugge","N Taatgen"
"267","B Hayes","H Admoni"
"268","D Feil-Seifer","H Admoni"
"269","D Feil-Seifer","B Hayes"
"270","D Ullman","H Admoni"
"271","D Ullman","B Hayes"
"272","D Ullman","D Feil-Seifer"
"273","B Scassellati","H Admoni"
"274","B Scassellati","B Hayes"
"275","B Scassellati","D Feil-Seifer"
"276","B Scassellati","D Ullman"
"277","G Kachergis","B Kievit-Kylar"
"278","M Jones","B Kievit-Kylar"
"279","M Jones","G Kachergis"
"280","R Morrison","M Kmiecik"
"281","M Osman","B Glass"
"282","M Khan","G Villejoubert"
"283","F Valle-Tourangeau","G Villejoubert"
"284","F Valle-Tourangeau","M Khan"
"285","W Gray","R Hope"
"286","I Haagmans","M Goudbeek"
"287","E Krahmer","M Goudbeek"
"288","E Krahmer","I Haagmans"
"289","A Smith","M Ramscar"
"290","M Dye","M Ramscar"
"291","M Dye","A Smith"
"292","R Futrell","M Ramscar"
"293","R Futrell","A Smith"
"294","R Futrell","M Dye"
"295","P Hendrix","M Ramscar"
"296","P Hendrix","A Smith"
"297","P Hendrix","M Dye"
"298","P Hendrix","R Futrell"
"299","H Baayen","M Ramscar"
"300","H Baayen","A Smith"
"301","H Baayen","M Dye"
"302","H Baayen","R Futrell"
"303","H Baayen","P Hendrix"
"304","R Starr","M Ramscar"
"305","R Starr","A Smith"
"306","R Starr","M Dye"
"307","R Starr","R Futrell"
"308","R Starr","P Hendrix"
"309","R Starr","H Baayen"
"310","M Frank","M Lewis"
"311","V Giardino","A Jamalian"
"312","B Tversky","A Jamalian"
"313","B Tversky","V Giardino"
"314","S Narciss","M Lippmann"
"315","N Schwartz","M Lippmann"
"316","N Schwartz","S Narciss"
"317","R Danielson","M Lippmann"
"318","R Danielson","S Narciss"
"319","R Danielson","N Schwartz"
"320","L Bucher","M Mikheeva"
"321","J Nejasmic","M Mikheeva"
"322","J Nejasmic","L Bucher"
"323","M Knauff","M Mikheeva"
"324","M Knauff","L Bucher"
"325","M Knauff","J Nejasmic"
"326","D Markant","A Coenen"
"327","J Martin","A Coenen"
"328","J Martin","D Markant"
"329","J McDonnell","A Coenen"
"330","J McDonnell","D Markant"
"331","J McDonnell","J Martin"
"332","A Ng","T Chuk"
"333","E Coviello","T Chuk"
"334","E Coviello","A Ng"
"335","A Chan","T Chuk"
"336","A Chan","A Ng"
"337","A Chan","E Coviello"
"338","J Hsiao","T Chuk"
"339","J Hsiao","A Ng"
"340","J Hsiao","E Coviello"
"341","J Hsiao","A Chan"
"342","B Winter","J Falk"
"343","M Spivey","J Falk"
"344","M Spivey","B Winter"
"345","A Sanborn","T Noguchi"
"346","N Stewart","T Noguchi"
"347","N Stewart","A Sanborn"
"348","M Knauff","L Castaneda"
"349","M Knauff","N Loebell"
"350","A Bentz","L Huther"
"351","H Spada","L Huther"
"352","H Spada","A Bentz"
"353","A Bender","L Huther"
"354","A Bender","A Bentz"
"355","A Bender","H Spada"
"356","S Beller","L Huther"
"357","S Beller","A Bentz"
"358","S Beller","H Spada"
"359","S Beller","A Bender"
"360","S Pieschl","R Moll"
"361","R Bromme","R Moll"
"362","R Bromme","S Pieschl"
"363","E Bobek","E Bobek"
"364","D Vinson","P Perniss"
"365","N Fox","P Perniss"
"366","N Fox","D Vinson"
"367","G Vigliocco","P Perniss"
"368","G Vigliocco","D Vinson"
"369","G Vigliocco","N Fox"
"370","G Cottrell","P Wang"
"371","M McShane","M McShane"
"372","J Willits","J Willits"
"374","J Hassebrock","C Coey"
"375","H Kloos","C Coey"
"376","H Kloos","J Hassebrock"
"377","M Richardson","C Coey"
"378","M Richardson","J Hassebrock"
"379","M Richardson","H Kloos"
"380","S Payne","G Miles"
"381","R Dale","T Bergmann"
"382","G Lupyan","T Bergmann"
"383","G Lupyan","R Dale"
"384","B Fisseni","M Finlayson"
"385","D Gentner","M Finlayson"
"386","D Gentner","B Fisseni"
"387","R Gerrig","M Finlayson"
"388","R Gerrig","B Fisseni"
"389","R Gerrig","D Gentner"
"390","B Loewe","M Finlayson"
"391","B Loewe","B Fisseni"
"392","B Loewe","D Gentner"
"393","B Loewe","R Gerrig"
"394","J Loewenstein","M Finlayson"
"395","J Loewenstein","B Fisseni"
"396","J Loewenstein","D Gentner"
"397","J Loewenstein","R Gerrig"
"398","J Loewenstein","B Loewe"
"399","I Mani","M Finlayson"
"400","I Mani","B Fisseni"
"401","I Mani","D Gentner"
"402","I Mani","R Gerrig"
"403","I Mani","B Loewe"
"404","I Mani","J Loewenstein"
"405","J Meister","M Finlayson"
"406","J Meister","B Fisseni"
"407","J Meister","D Gentner"
"408","J Meister","R Gerrig"
"409","J Meister","B Loewe"
"410","J Meister","J Loewenstein"
"411","J Meister","I Mani"
"412","R Young","M Finlayson"
"413","R Young","B Fisseni"
"414","R Young","D Gentner"
"415","R Young","R Gerrig"
"416","R Young","B Loewe"
"417","R Young","J Loewenstein"
"418","R Young","I Mani"
"419","R Young","J Meister"
"420","A Krumnack","F Roser"
"422","K Hamburger","A Krumnack"
"423","D Navarro","S Deyne"
"424","G Storms","S Deyne"
"425","G Storms","D Navarro"
"430","R Goldstone","D Braithwaite"
"431","J Souman","C Dudschig"
"433","B Kaup","J Souman"
"434","P Johnson-Laird","S Khemlani"
"435","R Catrambone","L Margulieux"
"436","M Guzdial","L Margulieux"
"437","M Guzdial","R Catrambone"
"438","Y Sakamoto","H Li"
"439","S Deyne","T Heyman"
"440","G Storms","T Heyman"
"442","T Pachur","R Suter"
"443","R Hertwig","R Suter"
"444","R Hertwig","T Pachur"
"445","D Stokes","G Lupyan"
"446","F Macpherson","G Lupyan"
"447","F Macpherson","D Stokes"
"448","R Rahman","G Lupyan"
"449","R Rahman","D Stokes"
"450","R Rahman","F Macpherson"
"451","R Goldstone","G Lupyan"
"452","R Goldstone","D Stokes"
"453","R Goldstone","F Macpherson"
"454","R Goldstone","R Rahman"
"455","Z Horne","D Powell"
"456","A Pinillos","D Powell"
"457","A Pinillos","Z Horne"
"458","K Holyoak","D Powell"
"459","K Holyoak","Z Horne"
"460","K Holyoak","A Pinillos"
"461","P Graben","P Garrard"
"462","B Elvevag","P Garrard"
"463","B Elvevag","P Graben"
"464","E Mizraji","P Garrard"
"465","E Mizraji","P Graben"
"466","E Mizraji","B Elvevag"
"467","J Valle-Lisboa","P Garrard"
"468","J Valle-Lisboa","P Graben"
"469","J Valle-Lisboa","B Elvevag"
"470","J Valle-Lisboa","E Mizraji"
"471","E Kapnoula","A Protopapas"
"472","I Lubashevsky","A Zgonnikov"
"473","C Vales","P Carvalho"
"474","C Fausey","P Carvalho"
"475","C Fausey","C Vales"
"476","L Smith","P Carvalho"
"477","L Smith","C Vales"
"478","L Smith","C Fausey"
"479","T Lachmann","S Jaarsveld"
"480","C Leeuwen","S Jaarsveld"
"481","C Leeuwen","T Lachmann"
"482","K Sakamoto","T Laine"
"483","T Silander","T Laine"
"484","T Silander","K Sakamoto"
"485","J Hamrick","J Abbott"
"486","T Griffiths","J Abbott"
"487","T Griffiths","J Hamrick"
"488","K Stadler","M Spike"
"489","S Kirby","M Spike"
"490","S Kirby","K Stadler"
"491","K Smith","M Spike"
"492","K Smith","K Stadler"
"494","J Bonardi","J Woike"
"495","R Garcia-Retamero","J Woike"
"496","R Garcia-Retamero","J Bonardi"
"497","E Colunga","C Sims"
"498","N Srinivasan","D Kumar"
"499","M Ochs","K Prepin"
"500","C Pelachaud","K Prepin"
"501","C Pelachaud","M Ochs"
"502","W Stuerzlinger","A Das"
"503","M Nakamura","E Miyamoto"
"504","I Soulieres","M Kunda"
"505","A Rozga","M Kunda"
"506","A Rozga","I Soulieres"
"507","A Goel","M Kunda"
"508","A Goel","I Soulieres"
"509","A Goel","A Rozga"
"510","C Melo","P Khooshabeh"
"511","B Volkman","P Khooshabeh"
"512","B Volkman","C Melo"
"513","J Gratch","P Khooshabeh"
"514","J Gratch","C Melo"
"515","J Gratch","B Volkman"
"516","J Blascovich","P Khooshabeh"
"517","J Blascovich","C Melo"
"518","J Blascovich","B Volkman"
"519","J Blascovich","J Gratch"
"520","P Carnevale","P Khooshabeh"
"521","P Carnevale","C Melo"
"522","P Carnevale","B Volkman"
"523","P Carnevale","J Gratch"
"524","P Carnevale","J Blascovich"
"525","E Colunga","J Tolins"
"526","C Yu","R Dale"
"527","Y Nagai","R Dale"
"528","Y Nagai","C Yu"
"529","M Coco","R Dale"
"530","M Coco","C Yu"
"531","M Coco","Y Nagai"
"532","S Kopp","R Dale"
"533","S Kopp","C Yu"
"534","S Kopp","Y Nagai"
"535","S Kopp","M Coco"
"536","A Clarke","M Dziemianko"
"537","F Keller","M Dziemianko"
"538","F Keller","A Clarke"
"539","J Hummel","W Jung"
"540","T Jaeger","A Fine"
"541","S Roberts","L Irvine"
"542","S Kirby","L Irvine"
"543","S Kirby","S Roberts"
"544","H Lu","D Chen"
"545","K Holyoak","D Chen"
"546","K Holyoak","H Lu"
"547","A Korhonen","C Kelly"
"548","B Devereux","C Kelly"
"549","B Devereux","A Korhonen"
"550","M Franke","J Degen"
"551","G Jager","J Degen"
"552","G Jager","M Franke"
"553","E Wiemers","S Finley"
"554","S Collins","J Amaral"
"555","S O'Connor","J Amaral"
"556","S O'Connor","S Collins"
"557","S McAlister","J Amaral"
"558","S McAlister","S Collins"
"559","S McAlister","S O'Connor"
"560","H Kloos","J Amaral"
"561","H Kloos","S Collins"
"562","H Kloos","S O'Connor"
"563","H Kloos","S McAlister"
"564","C Luzzi","J Amaral"
"565","C Luzzi","S Collins"
"566","C Luzzi","S O'Connor"
"567","C Luzzi","S McAlister"
"568","C Luzzi","H Kloos"
"569","B Sheredos","B Sheredos"
"570","B Helversen","S Herzog"
"571","R Lindsey","K Begolli"
"572","M Postma-Nilsenova","O Tsoumani"
"573","S Sinnett","A Dewald"
"574","T Laine","S Gupta"
"575","K Sakamoto","S Gupta"
"577","A Korhonen","F Hill"
"578","C Bentz","F Hill"
"579","C Bentz","A Korhonen"
"580","E Lagerstedt","R Bååth"
"581","P Gärdenfors","R Bååth"
"582","P Gärdenfors","E Lagerstedt"
"583","C Walker","D Buchsbaum"
"584","A Gopnik","D Buchsbaum"
"585","A Gopnik","C Walker"
"586","N Charter","D Buchsbaum"
"587","N Charter","C Walker"
"588","N Charter","A Gopnik"
"589","D Banks","D Buchsbaum"
"590","D Banks","C Walker"
"591","D Banks","A Gopnik"
"592","D Banks","N Charter"
"593","C Lucas","D Buchsbaum"
"594","C Lucas","C Walker"
"595","C Lucas","A Gopnik"
"596","C Lucas","N Charter"
"597","C Lucas","D Banks"
"598","C Kemp","D Buchsbaum"
"599","C Kemp","C Walker"
"600","C Kemp","A Gopnik"
"601","C Kemp","N Charter"
"602","C Kemp","D Banks"
"603","C Kemp","C Lucas"
"604","E Rafetseder","D Buchsbaum"
"605","E Rafetseder","C Walker"
"606","E Rafetseder","A Gopnik"
"607","E Rafetseder","N Charter"
"608","E Rafetseder","D Banks"
"609","E Rafetseder","C Lucas"
"610","E Rafetseder","C Kemp"
"611","J Perner","D Buchsbaum"
"612","J Perner","C Walker"
"613","J Perner","A Gopnik"
"614","J Perner","N Charter"
"615","J Perner","D Banks"
"616","J Perner","C Lucas"
"617","J Perner","C Kemp"
"618","J Perner","E Rafetseder"
"619","E Livesey","J Lee"
"620","B Özkan","K?l?ç"
"621","K Cem","K?l?ç"
"622","K Cem","B Özkan"
"623","A Gafos","K Roon"
"624","M Frank","A Nordmeyer"
"625","E Markman","L Butler"
"626","R Job","S Sulpizio"
"627","E Stampfer","N Li"
"628","W Cohen","N Li"
"629","W Cohen","E Stampfer"
"630","K Koedinger","N Li"
"632","K Koedinger","W Cohen"
"633","D Muller","N Morgado"
"634","M Pinelli","N Morgado"
"635","M Pinelli","D Muller"
"636","E Guinet","N Morgado"
"637","E Guinet","D Muller"
"638","E Guinet","M Pinelli"
"639","E Gentaz","N Morgado"
"640","E Gentaz","D Muller"
"641","E Gentaz","M Pinelli"
"642","E Gentaz","E Guinet"
"643","R Palluel-Germain","N Morgado"
"644","R Palluel-Germain","D Muller"
"645","R Palluel-Germain","M Pinelli"
"646","R Palluel-Germain","E Guinet"
"647","R Palluel-Germain","E Gentaz"
"648","B Kenward","A Henderson"
"649","R Watson-Jones","A Henderson"
"650","R Watson-Jones","B Kenward"
"651","C Legare","A Henderson"
"652","C Legare","B Kenward"
"653","C Legare","R Watson-Jones"
"654","H Whitehouse","A Henderson"
"655","H Whitehouse","B Kenward"
"656","H Whitehouse","R Watson-Jones"
"657","H Whitehouse","C Legare"
"658","T Jakobsen","D Wui"
"659","N Anderson","D Wui"
"660","N Anderson","T Jakobsen"
"661","W Bischof","D Wui"
"662","W Bischof","T Jakobsen"
"663","W Bischof","N Anderson"
"664","A Kingstone","D Wui"
"665","A Kingstone","T Jakobsen"
"666","A Kingstone","N Anderson"
"667","A Kingstone","W Bischof"
"668","P Koniak","R Mackiewicz"
"669","D Kellen","T Pachur"
"670","D Burnston","D Burnston"
"671","P Bauman","P Bauman"
"672","A Smolek","M Stave"
"673","V Kapatsinski","M Stave"
"674","V Kapatsinski","A Smolek"
"675","K Taguchi","S Yamamoto"
"676","I Umata","S Yamamoto"
"677","I Umata","K Taguchi"
"678","K Kabashima","S Yamamoto"
"679","K Kabashima","K Taguchi"
"680","K Kabashima","I Umata"
"681","M Nishida","S Yamamoto"
"682","M Nishida","K Taguchi"
"683","M Nishida","I Umata"
"684","M Nishida","K Kabashima"
"685","G Cottrell","A Omigbodun"
"686","K Wood","I McLaren"
"687","R McLaren","I McLaren"
"688","R McLaren","K Wood"
"689","L Guthrie","F Valle-Tourangeau"
"691","G Villejoubert","L Guthrie"
"692","M Hegarty","T Barrett"
"693","M Frank","S Meylan"
"694","R Levy","S Meylan"
"695","R Levy","M Frank"
"696","J Loewenstein","J Mueller"
"697","S Melwani","J Mueller"
"698","S Melwani","J Loewenstein"
"699","A Feeney","A Bright"
"700","J R?czaszek-Leonard","M Denkiewicz"
"701","P Migda","M Denkiewicz"
"702","P Migda","J R?czaszek-Leonard"
"703","D Plewczynski","M Denkiewicz"
"704","D Plewczynski","J R?czaszek-Leonard"
"705","D Plewczynski","P Migda"
"706","J McClellans","A Saxe"
"707","S Ganguli","A Saxe"
"708","S Ganguli","J McClellans"
"709","P Muentener","M Kline"
"710","L Schulz","M Kline"
"711","L Schulz","P Muentener"
"712","L Itti","N Noori"
"713","M Steyvers","S Tauber"
"714","B Tam","F Schurr"
"715","L Maloney","F Schurr"
"716","L Maloney","B Tam"
"717","B Laeng","T Suegami"
"718","S Aminihajibashi","T Suegami"
"719","S Aminihajibashi","B Laeng"
"720","A Barbosa","N Latif"
"721","E Vatikiotis-Batesom","N Latif"
"722","E Vatikiotis-Batesom","A Barbosa"
"723","M Castelhano","N Latif"
"724","M Castelhano","A Barbosa"
"725","M Castelhano","E Vatikiotis-Batesom"
"726","K Munhall","N Latif"
"727","K Munhall","A Barbosa"
"728","K Munhall","E Vatikiotis-Batesom"
"729","K Munhall","M Castelhano"
"730","S Prasada","S Prasada"
"731","C Cummins","M Behnel"
"732","L Sichelschmidt","M Behnel"
"733","L Sichelschmidt","C Cummins"
"734","J Ruiter","M Behnel"
"735","J Ruiter","C Cummins"
"736","J Ruiter","L Sichelschmidt"
"737","B Newell","B Hayes"
"738","G Hawkiins","B Hayes"
"739","G Hawkiins","B Newell"
"740","C Yang","R Richie"
"741","M Coppola","R Richie"
"742","M Coppola","C Yang"
"743","D Buchsbaum","J Hu"
"744","T Griffiths","J Hu"
"745","T Griffiths","D Buchsbaum"
"746","F Xu","J Hu"
"747","F Xu","D Buchsbaum"
"748","F Xu","T Griffiths"
"749","V Olgun","M Trench"
"750","A Margni","M Trench"
"751","A Margni","V Olgun"
"752","R Minervino","M Trench"
"753","R Minervino","V Olgun"
"754","R Minervino","A Margni"
"776","K Nakamura","K Nakamura"
"777","M Ralph","Y Chang"
"778","S Furber","Y Chang"
"779","S Furber","M Ralph"
"780","S Welbourne","Y Chang"
"781","S Welbourne","M Ralph"
"782","S Welbourne","S Furber"
"783","S Hunnius","S Gerson"
"784","H Bekkering","S Gerson"
"785","H Bekkering","S Hunnius"
"786","N Brunninkhuis","M Postma-Nilsenova"
"787","E Postma","M Postma-Nilsenova"
"788","E Postma","N Brunninkhuis"
"789","B Newell","H Chai"
"790","K Akita","N Saji"
"791","M Imai","N Saji"
"792","M Imai","K Akita"
"793","K Kantartzis","N Saji"
"794","K Kantartzis","K Akita"
"795","K Kantartzis","M Imai"
"796","S Kita","N Saji"
"797","S Kita","K Akita"
"798","S Kita","M Imai"
"799","S Kita","K Kantartzis"
"800","B Schwartz","C Asterhan"
"801","N Cohen-Eliyahu","C Asterhan"
"802","N Cohen-Eliyahu","B Schwartz"
"803","I Rooij","J Kwisthout"
"804","M Colombo","J Kwisthout"
"805","M Colombo","I Rooij"
"806","C Zednik","J Kwisthout"
"807","C Zednik","I Rooij"
"808","C Zednik","M Colombo"
"809","W Phillips","J Kwisthout"
"810","W Phillips","I Rooij"
"811","W Phillips","M Colombo"
"812","W Phillips","C Zednik"
"819","H Olsson","M Galesci"
"820","J Rieskamp","M Galesci"
"821","J Rieskamp","H Olsson"
"822","R McKeown","N Orita"
"823","N Feldman","N Orita"
"824","N Feldman","R McKeown"
"825","J Lidz","N Orita"
"826","J Lidz","R McKeown"
"827","J Lidz","N Feldman"
"828","J Boyd-Graber","N Orita"
"829","J Boyd-Graber","R McKeown"
"830","J Boyd-Graber","N Feldman"
"831","J Boyd-Graber","J Lidz"
"832","A Alishahi","Y Matusevych"
"833","P Vogt","Y Matusevych"
"834","P Vogt","A Alishahi"
"835","S Rajaram","C Luhmann"
"836","J Loewenstein","J Keller"
"837","M Kilduff","J Keller"
"838","M Kilduff","J Loewenstein"
"839","J Yan","J Keller"
"840","J Yan","J Loewenstein"
"841","J Yan","M Kilduff"
"842","C Coey","V Romero"
"843","A Beach","V Romero"
"844","A Beach","C Coey"
"845","M Richardson","V Romero"
"847","M Richardson","A Beach"
"848","J Williams","A Paciorek"
"849","H Chan","H Chan"
"850","K Schuhmann","S Brennan"
"851","K Batres","S Brennan"
"852","K Batres","K Schuhmann"
"853","K Koedinger","H Zhao"
"854","J Kowalski","H Zhao"
"855","J Kowalski","K Koedinger"
"856","B Helversen","J Hoffmann"
"857","J Rieskamp","J Hoffmann"
"858","J Rieskamp","B Helversen"
"859","A Carassa","F Morganti"
"860","M Colombetti","F Morganti"
"861","M Colombetti","A Carassa"
"862","P Braibanti","F Morganti"
"863","P Braibanti","A Carassa"
"864","P Braibanti","M Colombetti"
"865","G Rezzonico","F Morganti"
"866","G Rezzonico","A Carassa"
"867","G Rezzonico","M Colombetti"
"868","G Rezzonico","P Braibanti"
"869","I Sgro","F Morganti"
"870","I Sgro","A Carassa"
"871","I Sgro","M Colombetti"
"872","I Sgro","P Braibanti"
"873","I Sgro","G Rezzonico"
"874","K Watanabe","R Au"
"875","K Plunkett","N Althaus"
"876","E Krahmer","R Koolen"
"877","M Swerts","R Koolen"
"878","M Swerts","E Krahmer"
"879","J Hell","L Feldman"
"880","J Kroll","L Feldman"
"881","J Kroll","J Hell"
"882","S Rajaram","L Feldman"
"883","S Rajaram","J Hell"
"884","S Rajaram","J Kroll"
"885","N Tokowicz","L Feldman"
"886","N Tokowicz","J Hell"
"887","N Tokowicz","J Kroll"
"888","N Tokowicz","S Rajaram"
"889","M Frederich","J Chen"
"890","H Shu","J Chen"
"891","H Shu","M Frederich"
"892","J Reitman","L Slevc"
"893","B Okada","L Slevc"
"894","B Okada","J Reitman"
"895","A Welpinghus","A Newen"
"896","N Goodman","F Lieder"
"897","Q Huys","F Lieder"
"898","Q Huys","N Goodman"
"899","Z Wang","E Pothos"
"900","J Busemeyer","E Pothos"
"901","J Busemeyer","Z Wang"
"902","U Czienskowski","H Neth"
"903","L Schooler","H Neth"
"904","L Schooler","U Czienskowski"
"905","K Gluck","H Neth"
"906","K Gluck","U Czienskowski"
"907","K Gluck","L Schooler"
"908","G Bakhtiari","L Kavanagh"
"909","C Suhler","L Kavanagh"
"910","C Suhler","G Bakhtiari"
"911","P Churchland","L Kavanagh"
"912","P Churchland","G Bakhtiari"
"913","P Churchland","C Suhler"
"914","R Holland","L Kavanagh"
"915","R Holland","G Bakhtiari"
"916","R Holland","C Suhler"
"917","R Holland","P Churchland"
"918","P Winkielman","L Kavanagh"
"919","P Winkielman","G Bakhtiari"
"920","P Winkielman","C Suhler"
"921","P Winkielman","P Churchland"
"922","P Winkielman","R Holland"
"923","D Plaut","B Armstrong"
"924","A Gangemi","F Mancini"
"925","S Creel","S Creel"
"926","J Mugg","J Mugg"
"927","K Fiedler","N Charter"
"928","G Gigerenzer","N Charter"
"929","G Gigerenzer","K Fiedler"
"930","K Klauer","N Charter"
"931","K Klauer","K Fiedler"
"932","K Klauer","G Gigerenzer"
"933","M Oaksford","N Charter"
"934","M Oaksford","K Fiedler"
"935","M Oaksford","G Gigerenzer"
"936","M Oaksford","K Klauer"
"937","K Stenning","N Charter"
"938","K Stenning","K Fiedler"
"939","K Stenning","G Gigerenzer"
"940","K Stenning","K Klauer"
"941","K Stenning","M Oaksford"
"942","R Baaren","J Schaik"
"943","H Bekkering","J Schaik"
"944","H Bekkering","R Baaren"
"945","S Hunnius","J Schaik"
"946","S Hunnius","R Baaren"
"948","J Schilperoord","L Weelden"
"949","M Stewarts","L Weelden"
"950","M Stewarts","J Schilperoord"
"951","D Pecher","L Weelden"
"952","D Pecher","J Schilperoord"
"953","D Pecher","M Stewarts"
"954","D Gentner","N Simms"
"955","K Miwa","H Terai"
"956","K Asami","H Terai"
"957","K Asami","K Miwa"
"958","M Gale","E Stupple"
"959","C Richmond","E Stupple"
"960","C Richmond","M Gale"
"961","K Reuter","K Reuter"
"962","T Fujinami","S Hidaka"
"963","M Sonderegger","J Kirby"
"964","E Ebbets","A Gilman"
"965","J Anderson","J Borst"
"966","C Fausey","S Jayaraman"
"967","L Smith","S Jayaraman"
"969","J Kwithout","I Rooij"
"970","M Blokpoel","I Rooij"
"971","M Blokpoel","J Kwithout"
"972","T Wareham","I Rooij"
"973","T Wareham","J Kwithout"
"974","T Wareham","M Blokpoel"
"975","C Wilson","J Culbertson"
"976","C Legare","A Souza"
"977","M Grinberg","E Hristova"
"978","I Georgieva","E Hristova"
"979","I Georgieva","M Grinberg"
"980","M Borisova","E Hristova"
"981","M Borisova","M Grinberg"
"982","M Borisova","I Georgieva"
"983","D Buchsbaum","A Whalen"
"984","T Griffiths","A Whalen"
"986","P Juslin","M Guath"
"987","P Millroth","M Guath"
"988","P Millroth","P Juslin"
"989","M Frank","A Horowitz"
"990","T Matlock","B Winter"
"991","R Kliegl","S Hohenstein"
"992","J Steinfeld","D Wiechmann"
"993","E Kerz","D Wiechmann"
"994","E Kerz","J Steinfeld"
"995","M Ellefson","C Quinn"
"996","A Schlottmann","C Quinn"
"997","A Schlottmann","M Ellefson"
"998","K Taber","C Quinn"
"999","K Taber","M Ellefson"
"1000","K Taber","A Schlottmann"
"1001","G Neveu","N Khetarpal"
"1002","A Majid","N Khetarpal"
"1003","A Majid","G Neveu"
"1004","L Michael","N Khetarpal"
"1005","L Michael","G Neveu"
"1006","L Michael","A Majid"
"1007","T Regier","N Khetarpal"
"1008","T Regier","G Neveu"
"1009","T Regier","A Majid"
"1010","T Regier","L Michael"
"1011","J Hsiao","J Chen"
"1012","C Longmore","A Wills"
"1013","F Milton","A Wills"
"1014","F Milton","C Longmore"
"1015","A Fazly","A Nematzadeh"
"1016","S Stevenson","A Nematzadeh"
"1018","S Ayala","S Ayala"
"1019","J Son","K Thai"
"1020","P Lopes","J Dimas"
"1021","R Prada","J Dimas"
"1022","R Prada","P Lopes"
"1023","B Choi","A Chong"
"1024","E Kwong","A Chong"
"1025","E Kwong","B Choi"
"1026","J Chan","A Chong"
"1027","J Chan","B Choi"
"1028","J Chan","E Kwong"
"1029","I Chong","A Chong"
"1030","I Chong","B Choi"
"1031","I Chong","E Kwong"
"1032","I Chong","J Chan"
"1033","M Ip","A Chong"
"1034","M Ip","B Choi"
"1035","M Ip","E Kwong"
"1036","M Ip","J Chan"
"1037","M Ip","I Chong"
"1038","C Yeung","A Chong"
"1039","C Yeung","B Choi"
"1040","C Yeung","E Kwong"
"1041","C Yeung","J Chan"
"1042","C Yeung","I Chong"
"1043","C Yeung","M Ip"
"1044","W So","A Chong"
"1045","W So","B Choi"
"1046","W So","E Kwong"
"1047","W So","J Chan"
"1048","W So","I Chong"
"1049","W So","M Ip"
"1050","W So","C Yeung"
"1051","H Neth","A Morais"
"1052","T Hills","A Morais"
"1053","T Hills","H Neth"
"1054","D Gentner","A Jamrozik"
"1055","V Demberg","J Köhne"
"1056","D Kellen","H Singmann"
"1057","K Klauer","H Singmann"
"1058","K Klauer","D Kellen"
"1059","O Kostopoulou","Y Hagmayer"
"1060","M Dehghani","N Salehi"
"1061","A Ruggeri","N Bodemer"
"1062","M Galesci","N Bodemer"
"1063","M Galesci","A Ruggeri"
"1064","A Falzone","V Cardella"
"1065","A Pennisi","V Cardella"
"1066","A Pennisi","A Falzone"
"1067","N Wang","D Pynadath"
"1068","S Marsella","D Pynadath"
"1069","S Marsella","N Wang"
"1070","L Samuelson","L Perry"
"1071","N Cohn","D Bemis"
"1072","G Kachergis","D Bemis"
"1073","G Kachergis","N Cohn"
"1074","A Lovett","D Bemis"
"1075","A Lovett","N Cohn"
"1076","A Lovett","G Kachergis"
"1077","R Goldstone","D Bemis"
"1078","R Goldstone","N Cohn"
"1079","R Goldstone","G Kachergis"
"1080","R Goldstone","A Lovett"
"1081","T Jaeger","M Fedzechkina"
"1082","E Newport","M Fedzechkina"
"1083","E Newport","T Jaeger"
"1084","E Heit","S Erickson"
"1085","T Lombrozo","S Lewandowsky"
"1086","G Brown","S Lewandowsky"
"1087","G Brown","T Lombrozo"
"1088","J Cook","S Lewandowsky"
"1089","J Cook","T Lombrozo"
"1090","J Cook","G Brown"
"1091","B Newell","S Lewandowsky"
"1092","B Newell","T Lombrozo"
"1093","B Newell","G Brown"
"1094","B Newell","J Cook"
"1095","U Ecker","S Lewandowsky"
"1096","U Ecker","T Lombrozo"
"1097","U Ecker","G Brown"
"1098","U Ecker","J Cook"
"1099","U Ecker","B Newell"
"1100","M Kneer","M Kneer"
"1101","M Cassotti","S Rossi"
"1102","M Agogue","S Rossi"
"1103","M Agogue","M Cassotti"
"1104","W Neys","S Rossi"
"1105","W Neys","M Cassotti"
"1106","W Neys","M Agogue"
"1107","L Schubotz","J Holler"
"1108","S Kelly","J Holler"
"1109","S Kelly","L Schubotz"
"1110","P Hagoort","J Holler"
"1111","P Hagoort","L Schubotz"
"1112","P Hagoort","S Kelly"
"1113","M Schuetze","J Holler"
"1114","M Schuetze","L Schubotz"
"1115","M Schuetze","S Kelly"
"1116","M Schuetze","P Hagoort"
"1117","A Ozyurek","J Holler"
"1118","A Ozyurek","L Schubotz"
"1119","A Ozyurek","S Kelly"
"1120","A Ozyurek","P Hagoort"
"1121","A Ozyurek","M Schuetze"
"1122","F Boschetti","K Kitto"
"1123","E Andonova","E Andonova"
"1124","B Sullivan","L Johnson"
"1125","M Hayhoe","L Johnson"
"1126","M Hayhoe","B Sullivan"
"1127","D Ballard","L Johnson"
"1128","D Ballard","B Sullivan"
"1129","D Ballard","M Hayhoe"
"1130","S Finley","S Finley"
"1131","S Yeung","S Yeung"
"1132","D Peebles","N Ali"
"1133","K Bergmann","S Kopp"
"1134","S Kahl","S Kopp"
"1135","S Kahl","K Bergmann"
"1136","R Mayer","D Adams"
"1137","M Butz","J Lohmann"
"1138","V Sloutsky","H Yim"
"1139","M Jones","J Foster"
"1140","S Pieschl","C Kuhlmann"
"1141","T Porsch","C Kuhlmann"
"1142","T Porsch","S Pieschl"
"1143","H Chun","W Choe"
"1144","J Noh","W Choe"
"1145","J Noh","H Chun"
"1146","S Lee","W Choe"
"1147","S Lee","H Chun"
"1148","S Lee","J Noh"
"1149","B Zhang","W Choe"
"1150","B Zhang","H Chun"
"1151","B Zhang","J Noh"
"1152","B Zhang","S Lee"
"1153","A Kary","B Newell"
"1154","C Moore","B Newell"
"1155","C Moore","A Kary"
"1156","C Gonzalez","B Newell"
"1157","C Gonzalez","A Kary"
"1158","C Gonzalez","C Moore"
"1159","D Powers","D Powers"
"1160","R Bottini","T Gijssels"
"1161","S Rueschemeyer","T Gijssels"
"1162","S Rueschemeyer","R Bottini"
"1163","D Casasanto","T Gijssels"
"1165","D Casasanto","S Rueschemeyer"
"1166","S Calamaro","S Calamaro"
"1167","O Trujillo","A Hurzook"
"1168","C Eliasmith","A Hurzook"
"1169","C Eliasmith","O Trujillo"
"1170","S Pak","C Luhmann"
"1171","A Singhaniya","H Schultheis"
"1172","D Chaplot","H Schultheis"
"1173","D Chaplot","A Singhaniya"
"1174","R Mayrhofer","B Meder"
"1175","M Rohrmeier","M Pearce"
"1176","P Toiviainen","M Pearce"
"1177","P Toiviainen","M Rohrmeier"
"1178","E Brattico","M Pearce"
"1179","E Brattico","M Rohrmeier"
"1180","E Brattico","P Toiviainen"
"1181","P Loui","M Pearce"
"1182","P Loui","M Rohrmeier"
"1183","P Loui","P Toiviainen"
"1184","P Loui","E Brattico"
"1185","E Large","M Pearce"
"1186","E Large","M Rohrmeier"
"1187","E Large","P Toiviainen"
"1188","E Large","E Brattico"
"1189","E Large","P Loui"
"1190","J Kim","M Pearce"
"1191","J Kim","M Rohrmeier"
"1192","J Kim","P Toiviainen"
"1193","J Kim","E Brattico"
"1194","J Kim","P Loui"
"1195","J Kim","E Large"
"1196","M DeCaro","C Stockum"
"1197","E Higgins","K Bicknell"
"1198","R Levy","K Bicknell"
"1199","R Levy","E Higgins"
"1200","K Rayner","K Bicknell"
"1201","K Rayner","E Higgins"
"1202","K Rayner","R Levy"
"1203","C Habel","O Alacam"
"1204","C Acarturk","O Alacam"
"1205","C Acarturk","C Habel"
"1206","P Carvalho","E Weitnauer"
"1207","R Goldstone","E Weitnauer"
"1208","R Goldstone","P Carvalho"
"1209","H Ritter","E Weitnauer"
"1210","H Ritter","P Carvalho"
"1211","H Ritter","R Goldstone"
"1212","S Verheyen","L Stukken"
"1213","G Storms","L Stukken"
"1214","G Storms","S Verheyen"
"1215","F Chang","M Janciauskas"
"1216","R Ackerman","T Lauterman"
"1217","S Lewandowsky","D Little"
"1218","S Craig","D Little"
"1219","S Craig","S Lewandowsky"
"1220","D Vinson","R Thompson"
"1221","N Fox","R Thompson"
"1223","G Vigliocco","R Thompson"
"1226","E Risko","S Lanthier"
"1227","D Smilek","S Lanthier"
"1228","D Smilek","E Risko"
"1229","A Kingstone","S Lanthier"
"1230","A Kingstone","E Risko"
"1231","A Kingstone","D Smilek"
"1235","S Roberts","S Roberts"
"1236","S Abdallah","K Agres"
"1237","M Pearce","K Agres"
"1238","M Pearce","S Abdallah"
"1239","P Knoeferle","M Carminati"
"1240","S Kirbey","C Silvey"
"1241","K Smith","C Silvey"
"1242","K Smith","S Kirbey"
"1243","K Watanabe","E Manalo"
"1244","C Sheppard","E Manalo"
"1245","C Sheppard","K Watanabe"
"1246","C Yu","A Romberg"
"1247","I Resnick","K Atit"
"1248","T Shipley","K Atit"
"1249","T Shipley","I Resnick"
"1250","C Ormand","K Atit"
"1251","C Ormand","I Resnick"
"1252","C Ormand","T Shipley"
"1253","C Manduca","K Atit"
"1254","C Manduca","I Resnick"
"1255","C Manduca","T Shipley"
"1256","C Manduca","C Ormand"
"1257","T Goksun","K Atit"
"1258","T Goksun","I Resnick"
"1259","T Goksun","T Shipley"
"1260","T Goksun","C Ormand"
"1261","T Goksun","C Manduca"
"1262","B Tikoff","K Atit"
"1263","B Tikoff","I Resnick"
"1264","B Tikoff","T Shipley"
"1265","B Tikoff","C Ormand"
"1266","B Tikoff","C Manduca"
"1267","B Tikoff","T Goksun"
"1268","T Lombrozo","C Walker"
"1269","C Legare","C Walker"
"1270","C Legare","T Lombrozo"
"1272","A Gopnik","T Lombrozo"
"1273","A Gopnik","C Legare"
"1274","D Barner","K Tillman"
"1275","D Harari","N Dorfman"
"1276","S Ullman","N Dorfman"
"1277","S Ullman","D Harari"
"1278","C Gaviria","W Jimenez-Leal"
"1279","J Bryson","E Bann"
"1280","J Gerwien","M Flecken"
"1281","G Kachergis","G Cox"
"1283","R Shiffrin","G Kachergis"
"1284","M Louwerse","S Hutchinson"
"1285","F Melo","N Marques"
"1286","S Mascarenhas","N Marques"
"1287","S Mascarenhas","F Melo"
"1288","J Dias","N Marques"
"1289","J Dias","F Melo"
"1290","J Dias","S Mascarenhas"
"1291","R Prada","N Marques"
"1292","R Prada","F Melo"
"1293","R Prada","S Mascarenhas"
"1294","R Prada","J Dias"
"1295","A Paiva","N Marques"
"1296","A Paiva","F Melo"
"1297","A Paiva","S Mascarenhas"
"1299","A Paiva","R Prada"
"1300","C Walker","J Williams"
"1301","S Maldonado","J Williams"
"1302","S Maldonado","C Walker"
"1303","T Lombrozo","J Williams"
"1305","T Lombrozo","S Maldonado"
"1306","A Knott","M Takac"
"1307","K Forbus","A Lovett"
"1308","W Bechtel","W Bechtel"
"1309","F Jakel","P Leon-Villagra"
"1310","P Battaglia","K Smith"
"1311","E Vul","K Smith"
"1312","E Vul","P Battaglia"
"1313","P Wolff","J Shepard"
"1314","L Favela","M Rooij"
"1315","M Malone","M Rooij"
"1316","M Malone","L Favela"
"1317","M Richardson","M Rooij"
"1318","M Richardson","L Favela"
"1319","M Richardson","M Malone"
"1320","S Zhu","A Fire"
"1321","B Morris","P Cravalho"
"1322","C Was","P Cravalho"
"1323","C Was","B Morris"
"1324","A Masnick","P Cravalho"
"1325","A Masnick","B Morris"
"1326","A Masnick","C Was"
"1327","R Wu","K Tummeltshammer"
"1328","N Kirkham","K Tummeltshammer"
"1329","N Kirkham","R Wu"
"1330","S Yamada","K Terada"
"1331","A Ito","K Terada"
"1332","A Ito","S Yamada"
"1333","A Hiolle","A Beck"
"1334","L Cañamero","A Beck"
"1335","L Cañamero","A Hiolle"
"1336","J Coley","N Vasilyeva"
"1337","V Sloutsky","W Deng"
"1338","J Taylor","L Stuart"
"1339","V Raskin","L Stuart"
"1340","V Raskin","J Taylor"
"1341","L Doumas","A Hamer"
"1343","S Bertleff","L Bucher"
"1344","S Bertleff","J Nejasmic"
"1347","M Knauff","S Bertleff"
"1348","M Hegarty","H Burte"
"1349","V Demberg","V Demberg"
"1350","D Lagnado","M Buehner"
"1351","C Bechlivanidis","M Buehner"
"1352","C Bechlivanidis","D Lagnado"
"1353","M Ernst","M Buehner"
"1354","M Ernst","D Lagnado"
"1355","M Ernst","C Bechlivanidis"
"1356","M Rohde","M Buehner"
"1357","M Rohde","D Lagnado"
"1358","M Rohde","C Bechlivanidis"
"1359","M Rohde","M Ernst"
"1360","M Young","M Buehner"
"1361","M Young","D Lagnado"
"1362","M Young","C Bechlivanidis"
"1363","M Young","M Ernst"
"1364","M Young","M Rohde"
"1365","B M.","J Tomlinson"
"1366","T Lewis","J Tomlinson"
"1367","T Lewis","B M."
"1368","T Kushnir","C Vredenburgh"
"1369","J Solymosi","A Renkl"
"1370","M Erdmann","A Renkl"
"1371","M Erdmann","J Solymosi"
"1372","V Aleven","A Renkl"
"1373","V Aleven","J Solymosi"
"1374","V Aleven","M Erdmann"
"1376","L Shone","E Livesey"
"1377","L Shone","J Lee"
"1378","A Abrahamsen","W Bechtel"
"1379","B DeCot","R Becker"
"1380","E Guerra","R Becker"
"1381","E Guerra","B DeCot"
"1382","P Knoeferle","R Becker"
"1383","P Knoeferle","B DeCot"
"1384","P Knoeferle","E Guerra"
"1385","R Zwaan","R Becker"
"1386","R Zwaan","B DeCot"
"1387","R Zwaan","E Guerra"
"1388","R Zwaan","P Knoeferle"
"1389","J Marewski","C Dimov"
"1390","L Schooler","C Dimov"
"1391","L Schooler","J Marewski"
"1392","M Chu","D Peeters"
"1393","J Holler","D Peeters"
"1394","J Holler","M Chu"
"1395","A Özyürek","D Peeters"
"1396","A Özyürek","M Chu"
"1397","A Özyürek","J Holler"
"1398","P Hagoort","D Peeters"
"1399","P Hagoort","M Chu"
"1401","P Hagoort","A Özyürek"
"1402","I Cutica","M Vendrame"
"1403","M Bucciarelli","M Vendrame"
"1404","M Bucciarelli","I Cutica"
"1405","J Santiago","A Flumini"
"1406","C Wilson","C Kirov"
"1408","A Ehlis","B Imhof"
"1409","F Häußinger","B Imhof"
"1410","F Häußinger","A Ehlis"
"1411","P Gerjets","B Imhof"
"1412","P Gerjets","A Ehlis"
"1413","P Gerjets","F Häußinger"
"1415","K Oberauer","U Ecker"
"1416","K Oberauer","S Lewandowsky"
"1417","L Schalk","A Deiglmayr"
"1418","E Markman","S Gripshover"
"1419","C Coey","A Washburn"
"1420","M Richardson","A Washburn"
"1422","S Dennis","A Osth"
"1423","T Tenbrink","T Tenbrink"
"1424","R Gompel","A Gatt"
"1425","E Bard","A Gatt"
"1426","E Bard","R Gompel"
"1427","E Krahmer","A Gatt"
"1428","E Krahmer","R Gompel"
"1429","E Krahmer","E Bard"
"1430","K Deemter","A Gatt"
"1431","K Deemter","R Gompel"
"1432","K Deemter","E Bard"
"1433","K Deemter","E Krahmer"
"1434","P Scerri","D Reitter"
"1435","Y Petkova","P Hristova"
"1436","B Kokinov","P Hristova"
"1437","B Kokinov","Y Petkova"
"1438","A Wade","D Yurovsky"
"1439","M Frank","D Yurovsky"
"1440","M Frank","A Wade"
"1441","S Moreno-Rios","J Ruiz-Ballesteros"
"1442","Y Kamide","G Revie"
"1443","S Moutier","M Habib"
"1444","G Borst","M Habib"
"1445","G Borst","S Moutier"
"1446","O Houde","M Habib"
"1447","O Houde","S Moutier"
"1448","O Houde","G Borst"
"1449","M Cassotti","M Habib"
"1450","M Cassotti","S Moutier"
"1451","M Cassotti","G Borst"
"1452","M Cassotti","O Houde"
"1453","A Nuthmann","R Walshe"
"1454","R Grabner","D Nussbaumer"
"1455","M Schneider","D Nussbaumer"
"1456","M Schneider","R Grabner"
"1457","E Stern","D Nussbaumer"
"1458","E Stern","R Grabner"
"1459","E Stern","M Schneider"
"1460","S Schilling","C Sims"
"1462","E Colunga","S Schilling"
"1463","R Dale","J Szary"
"1464","L Laskin","M Varadinov"
"1465","S McCauley","H Jolsavi"
"1466","M Christiansen","H Jolsavi"
"1467","M Christiansen","S McCauley"
"1468","V Fratini","V Klajevic"
"1469","A Etxaniz","V Klajevic"
"1470","A Etxaniz","V Fratini"
"1471","E Urdaneta","V Klajevic"
"1472","E Urdaneta","V Fratini"
"1473","E Urdaneta","A Etxaniz"
"1474","J Yanguas","V Klajevic"
"1475","J Yanguas","V Fratini"
"1476","J Yanguas","A Etxaniz"
"1477","J Yanguas","E Urdaneta"
"1478","P Johansson","P Parnamets"
"1479","C Balkenius","P Parnamets"
"1480","C Balkenius","P Johansson"
"1481","L Hall","P Parnamets"
"1482","L Hall","P Johansson"
"1483","L Hall","C Balkenius"
"1484","M Spivey","P Parnamets"
"1485","M Spivey","P Johansson"
"1486","M Spivey","C Balkenius"
"1487","M Spivey","L Hall"
"1488","D Richardson","P Parnamets"
"1489","D Richardson","P Johansson"
"1490","D Richardson","C Balkenius"
"1491","D Richardson","L Hall"
"1492","D Richardson","M Spivey"
"1493","C Thorton","C Thorton"
"1494","J Horst","E Axelsson"
"1495","G Mens","J Denrell"
"1496","J Trueswell","J Koehne"
"1497","L Gleitman","J Koehne"
"1498","L Gleitman","J Trueswell"
"1499","P Gerjets","Y Kammerer"
"1500","M Lehet","A Kranjec"
"1501","A Chatterjee","A Kranjec"
"1502","A Chatterjee","M Lehet"
"1503","R Gudwin","A Loula"
"1504","J Queiroz","A Loula"
"1505","J Queiroz","R Gudwin"
"1506","S Kita","P Argyriou"
"1507","R Lewis","C Myers"
"1508","A Howes","C Myers"
"1509","A Howes","R Lewis"
"1510","K Butcher","S Davies"
"1511","C Stevens","S Davies"
"1512","C Stevens","K Butcher"
"1513","M Rohrmeier","P Rebuschat"
"1514","M Christiansen","P Rebuschat"
"1515","M Christiansen","M Rohrmeier"
"1516","Z Dienes","P Rebuschat"
"1517","Z Dienes","M Rohrmeier"
"1518","Z Dienes","M Christiansen"
"1519","D Schon","P Rebuschat"
"1520","D Schon","M Rohrmeier"
"1521","D Schon","M Christiansen"
"1522","D Schon","Z Dienes"
"1523","J Misyak","P Rebuschat"
"1524","J Misyak","M Rohrmeier"
"1525","J Misyak","M Christiansen"
"1526","J Misyak","Z Dienes"
"1527","J Misyak","D Schon"
"1528","C Francois","P Rebuschat"
"1529","C Francois","M Rohrmeier"
"1530","C Francois","M Christiansen"
"1531","C Francois","Z Dienes"
"1532","C Francois","D Schon"
"1533","C Francois","J Misyak"
"1534","X Guo","P Rebuschat"
"1535","X Guo","M Rohrmeier"
"1536","X Guo","M Christiansen"
"1537","X Guo","Z Dienes"
"1538","X Guo","D Schon"
"1539","X Guo","J Misyak"
"1540","X Guo","C Francois"
"1541","F Li","P Rebuschat"
"1542","F Li","M Rohrmeier"
"1543","F Li","M Christiansen"
"1544","F Li","Z Dienes"
"1545","F Li","D Schon"
"1546","F Li","J Misyak"
"1547","F Li","C Francois"
"1548","F Li","X Guo"
"1549","R Widdess","P Rebuschat"
"1550","R Widdess","M Rohrmeier"
"1551","R Widdess","M Christiansen"
"1552","R Widdess","Z Dienes"
"1553","R Widdess","D Schon"
"1554","R Widdess","J Misyak"
"1555","R Widdess","C Francois"
"1556","R Widdess","X Guo"
"1557","R Widdess","F Li"
"1558","E Markman","T Holubar"
"1559","B Meijering","J Szymanik"
"1560","R Verbrugge","J Szymanik"
"1562","P Moser","P Maguire"
"1563","R Maguire","P Maguire"
"1564","R Maguire","P Moser"
"1565","M Keane","P Maguire"
"1566","M Keane","P Moser"
"1567","M Keane","R Maguire"
"1568","P Healey","S Duffy"
"1569","F Jones","F Yeates"
"1570","A Wills","F Yeates"
"1571","A Wills","F Jones"
"1572","M Aitken","F Yeates"
"1573","M Aitken","F Jones"
"1574","M Aitken","A Wills"
"1575","I McLaren","F Yeates"
"1576","I McLaren","F Jones"
"1577","I McLaren","A Wills"
"1578","I McLaren","M Aitken"
"1579","E Sakkalou","K Scott"
"1580","K Ellis-Davies","K Scott"
"1581","K Ellis-Davies","E Sakkalou"
"1582","E Hilbrink","K Scott"
"1583","E Hilbrink","E Sakkalou"
"1584","E Hilbrink","K Ellis-Davies"
"1585","U Hahn","K Scott"
"1586","U Hahn","E Sakkalou"
"1587","U Hahn","K Ellis-Davies"
"1588","U Hahn","E Hilbrink"
"1589","M Gattis","K Scott"
"1590","M Gattis","E Sakkalou"
"1591","M Gattis","K Ellis-Davies"
"1592","M Gattis","E Hilbrink"
"1593","M Gattis","U Hahn"
"1594","M Keane","M Foster"
"1595","G Cottrell","B Cipollini"
"1596","G Ottoboni","A Tessari"
"1597","R Nicoletti","A Tessari"
"1598","R Nicoletti","G Ottoboni"
"1599","R Castillo","M Malone"
"1600","J Holden","M Malone"
"1601","J Holden","R Castillo"
"1602","H Kloos","M Malone"
"1603","H Kloos","R Castillo"
"1604","H Kloos","J Holden"
"1606","M Richardson","R Castillo"
"1607","M Richardson","J Holden"
"1609","N Duran","D O'Hara"
"1610","R Dale","D O'Hara"
"1611","R Dale","N Duran"
"1612","J Freeman","D O'Hara"
"1613","J Freeman","N Duran"
"1614","J Freeman","R Dale"
"1615","J Tomlinson","D O'Hara"
"1616","J Tomlinson","N Duran"
"1617","J Tomlinson","R Dale"
"1618","J Tomlinson","J Freeman"
"1619","S Loui","S Cheimariou"
"1620","C Eliasmith","D Rasmussen"
"1621","M Waldmann","R Mayrhofer"
"1622","M Ranney","D Clark"
"1623","J Felipe","D Clark"
"1624","J Felipe","M Ranney"
"1625","J Butcher","E Hoicka"
"1626","F Malla","E Hoicka"
"1627","F Malla","J Butcher"
"1628","P Harris","E Hoicka"
"1629","P Harris","J Butcher"
"1630","P Harris","F Malla"
"1631","A Feeney","E Travers"
"1632","J Mastin","P Vogt"
"1633","B Bergen","N Liu"
"1634","M Noordewier","E Krahmer"
"1636","M Goudbeek","M Noordewier"
"1638","R Koolen","M Noordewier"
"1639","R Koolen","M Goudbeek"
"1640","N Taatgen","E Nyamsuren"
"1641","G Bente","A Newen"
"1642","S Kitayama","A Newen"
"1643","S Kitayama","G Bente"
"1644","S Han","A Newen"
"1645","S Han","G Bente"
"1646","S Han","S Kitayama"
"1647","K Vogeley","A Newen"
"1648","K Vogeley","G Bente"
"1649","K Vogeley","S Kitayama"
"1650","K Vogeley","S Han"
"1651","M DeCaro","D DeCaro"
"1652","B Rittle-Johnson","D DeCaro"
"1653","B Rittle-Johnson","M DeCaro"
"1654","A Georg","F Bocklisch"
"1655","S Bocklisch","F Bocklisch"
"1656","S Bocklisch","A Georg"
"1657","J Krems","F Bocklisch"
"1658","J Krems","A Georg"
"1659","J Krems","S Bocklisch"
"1660","B Ross","S Chen"
"1661","G Murphy","S Chen"
"1662","G Murphy","B Ross"
"1663","A Yu","S Zhang"
"1664","T Regier","A Carstensen"
"1665","S Hidaka","M Miyazaki"
"1666","M Imai","M Miyazaki"
"1667","M Imai","S Hidaka"
"1668","H Yeung","M Miyazaki"
"1669","H Yeung","S Hidaka"
"1670","H Yeung","M Imai"
"1671","K Kantartzis","M Miyazaki"
"1672","K Kantartzis","S Hidaka"
"1674","K Kantartzis","H Yeung"
"1675","H Okada","M Miyazaki"
"1676","H Okada","S Hidaka"
"1677","H Okada","M Imai"
"1678","H Okada","H Yeung"
"1679","H Okada","K Kantartzis"
"1680","S Kita","M Miyazaki"
"1681","S Kita","S Hidaka"
"1683","S Kita","H Yeung"
"1685","S Kita","H Okada"
"1686","R Bod","R Bod"
"1687","D Swingley","E Bergelson"
"1688","A Chambers","A Swan"
"1689","R Revlin","A Swan"
"1690","R Revlin","A Chambers"
"1691","Y Su","Z Wu"
"1692","J Pine","D Freudenthal"
"1693","G Jones","D Freudenthal"
"1694","G Jones","J Pine"
"1695","F Gobet","D Freudenthal"
"1696","F Gobet","J Pine"
"1697","F Gobet","G Jones"
"1698","D Barner","E Vul"
"1699","J Sullivan","E Vul"
"1700","J Sullivan","D Barner"
"1701","R Saxe","E Redcay"
"1702","D Ravezwaaij","C Schulze"
"1703","B Newell","C Schulze"
"1704","B Newell","D Ravezwaaij"
"1705","B BRown","K Monteith"
"1706","D Ventura","K Monteith"
"1707","D Ventura","B BRown"
"1708","T Martinez","K Monteith"
"1709","T Martinez","B BRown"
"1710","T Martinez","D Ventura"
"1711","A Paxton","J Roche"
"1712","A Ibarra","J Roche"
"1713","A Ibarra","A Paxton"
"1714","M Tanenhaus","J Roche"
"1715","M Tanenhaus","A Paxton"
"1716","M Tanenhaus","A Ibarra"
"1717","T Kushnir","N Chernvak"
"1718","F Xu","Z Sim"
"1719","H Pu","S Sadeghi"
"1720","M Scheitz","S Sadeghi"
"1721","M Scheitz","H Pu"
"1722","P Holcomb","S Sadeghi"
"1723","P Holcomb","H Pu"
"1724","P Holcomb","M Scheitz"
"1725","K Midgley","S Sadeghi"
"1726","K Midgley","H Pu"
"1727","K Midgley","M Scheitz"
"1728","K Midgley","P Holcomb"
"1729","F Domhas","T Rottger"
"1730","T Bertolotti","L Magnani"
"1731","N Molchanova","A Kibrik"
"1733","H Okuda","H Terai"
"1734","H Okuda","K Miwa"
"1735","Y Tazaki","H Terai"
"1736","Y Tazaki","K Miwa"
"1737","Y Tazaki","H Okuda"
"1738","T Suzuki","H Terai"
"1739","T Suzuki","K Miwa"
"1740","T Suzuki","H Okuda"
"1741","T Suzuki","Y Tazaki"
"1742","K Kojima","H Terai"
"1743","K Kojima","K Miwa"
"1744","K Kojima","H Okuda"
"1745","K Kojima","Y Tazaki"
"1746","K Kojima","T Suzuki"
"1747","J Morita","H Terai"
"1748","J Morita","K Miwa"
"1749","J Morita","H Okuda"
"1750","J Morita","Y Tazaki"
"1751","J Morita","T Suzuki"
"1752","J Morita","K Kojima"
"1753","A Maehigashi","H Terai"
"1754","A Maehigashi","K Miwa"
"1755","A Maehigashi","H Okuda"
"1756","A Maehigashi","Y Tazaki"
"1757","A Maehigashi","T Suzuki"
"1758","A Maehigashi","K Kojima"
"1759","A Maehigashi","J Morita"
"1760","K Takeda","H Terai"
"1761","K Takeda","K Miwa"
"1762","K Takeda","H Okuda"
"1763","K Takeda","Y Tazaki"
"1764","K Takeda","T Suzuki"
"1765","K Takeda","K Kojima"
"1766","K Takeda","J Morita"
"1767","K Takeda","A Maehigashi"
"1768","T Shultz","P Helfer"
"1769","O Hardt","P Helfer"
"1770","O Hardt","T Shultz"
"1771","K Nader","P Helfer"
"1772","K Nader","T Shultz"
"1773","K Nader","O Hardt"
"1774","A Yu","P Shenoy"
"1775","D Huessen","J Hampton"
"1776","Z Argel","J Hampton"
"1777","Z Argel","D Huessen"
"1778","H Kanbi","J Hampton"
"1779","H Kanbi","D Huessen"
"1780","H Kanbi","Z Argel"
"1781","M Lavelle","P Healey"
"1782","C Howes","P Healey"
"1783","C Howes","M Lavelle"
"1784","S Battersby","P Healey"
"1785","S Battersby","M Lavelle"
"1786","S Battersby","C Howes"
"1787","R McCabe","P Healey"
"1788","R McCabe","M Lavelle"
"1789","R McCabe","C Howes"
"1790","R McCabe","S Battersby"
"1791","S Ohlsson","J Ramsburg"
"1792","P Blouw","E Hunsberger"
"1793","J Bergstra","E Hunsberger"
"1794","J Bergstra","P Blouw"
"1795","C Eliasmith","E Hunsberger"
"1796","C Eliasmith","P Blouw"
"1797","C Eliasmith","J Bergstra"
"1798","N Burns","M Welsh"
"1799","P Delfabbro","M Welsh"
"1800","P Delfabbro","N Burns"
"1801","W Wilson","S Revithis"
"1802","N Marcus","S Revithis"
"1803","N Marcus","W Wilson"
"1804","C Eliasmith","T Stewart"
"1805","R Schwonke","C Otieno"
"1806","R Salden","C Otieno"
"1807","R Salden","R Schwonke"
"1808","A Renkl","C Otieno"
"1809","A Renkl","R Schwonke"
"1810","A Renkl","R Salden"
"1811","A Bosco","M Savino"
"1812","M Grice","M Savino"
"1813","M Grice","A Bosco"
"1814","J Malony","S McCarthy"
"1815","R Morrison","S McCarthy"
"1816","R Morrison","J Malony"
"1817","S Hutchinson","R Tillman"
"1818","S Jordan","R Tillman"
"1819","S Jordan","S Hutchinson"
"1820","M Louwerse","R Tillman"
"1822","M Louwerse","S Jordan"
"1823","V Demberg","S Weinbach"
"1824","T Ueno","A Hatano"
"1825","S Kitagami","A Hatano"
"1827","J Kawaguchi","A Hatano"
"1831","R GOmpel","A Gatt"
"1832","R GOmpel","E Krahmer"
"1835","K Deemter","R GOmpel"
"1836","M Vitevitch","N Beckage"
"1837","A Mehler","N Beckage"
"1838","A Mehler","M Vitevitch"
"1839","E Colunga","N Beckage"
"1840","E Colunga","M Vitevitch"
"1841","E Colunga","A Mehler"
"1842","S Phillips","S Phillips"
"1843","Y Delevoye-Turrell","D Lewkowwicz"
"1844","C Montemayor","H Haladjian"
"1846","E Pothos","I Reppa"
"1847","J Rieskamp","B Helverson"
"1848","J Black","N Li"
"1849","A Goel","S Vattam"
"1850","K Wagner","K Kimura"
"1851","D Barner","K Kimura"
"1852","D Barner","K Wagner"
"1853","A Knott","J Lee-Hand"
"1854","J Williams","J Leung"
"1855","D Aha","M Pickett"
"1856","J Kinnebrew","G Biswas"
"1857","J Segedy","G Biswas"
"1858","J Segedy","J Kinnebrew"
"1859","M Bilalic","M Bilalic"
"1860","R Byrne","B Ndubuisi"
"1861","B Gingras","A Ravignani"
"1862","R Asano","A Ravignani"
"1863","R Asano","B Gingras"
"1864","R Sonnweber","A Ravignani"
"1865","R Sonnweber","B Gingras"
"1866","R Sonnweber","R Asano"
"1867","V Matellan","A Ravignani"
"1868","V Matellan","B Gingras"
"1869","V Matellan","R Asano"
"1870","V Matellan","R Sonnweber"
"1871","W Fitch","A Ravignani"
"1872","W Fitch","B Gingras"
"1873","W Fitch","R Asano"
"1874","W Fitch","R Sonnweber"
"1875","W Fitch","V Matellan"
"1876","M Buehner","A Rashid"
"1877","A Bangerter","E Mayor"
"1878","C Eliasmith","X Choo"
"1879","W Zuidema","W Zuidema"
"1881","P Monaghan","A Smith"
"1882","F Huettig","A Smith"
"1883","F Huettig","P Monaghan"
"1884","B Newell","D Ravenzwaaij"
"1885","C Moore","D Ravenzwaaij"
"1887","M Lee","D Ravenzwaaij"
"1888","M Lee","B Newell"
"1889","M Lee","C Moore"
"1890","P Riefer","D Richardson"
"1891","B Love","D Richardson"
"1892","B Love","P Riefer"
"1893","B Lotto","D Richardson"
"1894","B Lotto","P Riefer"
"1895","B Lotto","B Love"
"1896","R Clarke","D Richardson"
"1897","R Clarke","P Riefer"
"1898","R Clarke","B Love"
"1899","R Clarke","B Lotto"
"1900","R Dale","D Richardson"
"1901","R Dale","P Riefer"
"1902","R Dale","B Love"
"1903","R Dale","B Lotto"
"1904","R Dale","R Clarke"
"1905","J Rogers","D Richardson"
"1906","J Rogers","P Riefer"
"1907","J Rogers","B Love"
"1908","J Rogers","B Lotto"
"1909","J Rogers","R Clarke"
"1910","J Rogers","R Dale"
"1911","J Ireland","D Richardson"
"1912","J Ireland","P Riefer"
"1913","J Ireland","B Love"
"1914","J Ireland","B Lotto"
"1915","J Ireland","R Clarke"
"1916","J Ireland","R Dale"
"1917","J Ireland","J Rogers"
"1918","M Bassok","M DeWolf"
"1919","K Holyoak","M DeWolf"
"1920","K Holyoak","M Bassok"
"1921","D Weiss","B Zinszer"
"1922","C Bannard","N Gaylord"
"1923","L Gabora","A Ranjan"
"1924","B O'Connor","A Ranjan"
"1925","B O'Connor","L Gabora"
"1926","C Lebiere","R Thomson"
"1927","T Au","R Tso"
"1928","J Hsiao","R Tso"
"1929","J Hsiao","T Au"
"1930","V Sloutsky","A O'Leary"
"1931","S Lim","W Soh"
"1932","S Kita","F Cavicchio"
"1933","J Wittwer","S Herppich"
"1934","M Nuckles","S Herppich"
"1935","M Nuckles","J Wittwer"
"1936","A Renkl","S Herppich"
"1937","A Renkl","J Wittwer"
"1938","A Renkl","M Nuckles"
"1939","P Muentener","Y Wu"
"1940","L Schulz","Y Wu"
"1942","B Burns","B Burns"
"1943","C Meel","W Voorspoels"
"1944","G Storms","W Voorspoels"
"1945","G Storms","C Meel"
"1946","B Hayes","J Liew"
"1947","I Wartenburger","J Burmester"
"1948","K Spalek","J Burmester"
"1949","K Spalek","I Wartenburger"
"1950","D Diermeier","E Sagi"
"1951","N Daniel","J Bartolotti"
"1952","V Marian","J Bartolotti"
"1953","V Marian","N Daniel"
"1954","E Cosentino","M Werning"
"1955","J Rieskamp","S Andraszewicz"
"1956","B Bergen","E Walker"
"1957","R Nunez","E Walker"
"1958","R Nunez","B Bergen"
"1959","K Stocker","K Stocker"
"1960","P O'Seaghdha","D Packer"
"1961","A Hupbach","D Packer"
"1962","A Hupbach","P O'Seaghdha"
"1963","J Bates","D Packer"
"1964","J Bates","P O'Seaghdha"
"1965","J Bates","A Hupbach"
"1966","F Giardini","G Andrighetto"
"1967","R Conte","G Andrighetto"
"1968","R Conte","F Giardini"
"1970","B Galantucci","G Roberts"
"1971","J Kontinen","N Rak"
"1972","L Kuchinke","N Rak"
"1973","L Kuchinke","J Kontinen"
"1974","M Werning","N Rak"
"1975","M Werning","J Kontinen"
"1976","M Werning","L Kuchinke"
"1977","W Thompson","L Colling"
"1978","J Sutton","L Colling"
"1979","J Sutton","W Thompson"
"1980","B Armstrong","S Laszlo"
"1981","T Solloway","Z Wang"
"1983","J Busemeyer","T Solloway"
"1984","P Shah","A Harris"
"1985","C Catmur","A Harris"
"1986","C Catmur","P Shah"
"1987","G Bird","A Harris"
"1988","G Bird","P Shah"
"1989","G Bird","C Catmur"
"1990","U Hahn","A Harris"
"1991","U Hahn","P Shah"
"1992","U Hahn","C Catmur"
"1993","U Hahn","G Bird"
"1994","P Li","B Malt"
"1995","E Ameel","B Malt"
"1996","E Ameel","P Li"
"1997","A Pavlenko","B Malt"
"1998","A Pavlenko","P Li"
"1999","A Pavlenko","E Ameel"
"2000","H Zhu","B Malt"
"2001","H Zhu","P Li"
"2002","H Zhu","E Ameel"
"2003","H Zhu","A Pavlenko"
"2004","F Prado","F Prado"
"2005","J Kanwal","T Marghetis"
"2006","B Bergen","T Marghetis"
"2007","B Bergen","J Kanwal"
"2008","R Hancock","R Hancock"
"2009","J Logan","J Schoenherr"
"2010","J Kappich","I Glogger"
"2011","R Schwonke","I Glogger"
"2012","R Schwonke","J Kappich"
"2013","L Holzapfel","I Glogger"
"2014","L Holzapfel","J Kappich"
"2015","L Holzapfel","R Schwonke"
"2016","M Nuckles","I Glogger"
"2017","M Nuckles","J Kappich"
"2018","M Nuckles","R Schwonke"
"2019","M Nuckles","L Holzapfel"
"2020","A Renkl","I Glogger"
"2021","A Renkl","J Kappich"
"2023","A Renkl","L Holzapfel"
"2025","J Leo","J Leo"
"2026","A Morse","L Samuelson"
"2027","C Yu","L Samuelson"
"2028","C Yu","A Morse"
"2029","E Colunga","L Samuelson"
"2030","E Colunga","A Morse"
"2031","E Colunga","C Yu"
"2032","T Hills","L Samuelson"
"2033","T Hills","A Morse"
"2034","T Hills","C Yu"
"2035","T Hills","E Colunga"
"2036","F Yeates","A McAndrew"
"2037","F Verbruggen","A McAndrew"
"2038","F Verbruggen","F Yeates"
"2039","I McLaren","A McAndrew"
"2041","I McLaren","F Verbruggen"
"2042","A Brook","A Brook"
"2043","J Williams","B Edwards"
"2044","T Lombrozo","B Edwards"
"2046","C Kam","S Wilson"
"2047","T Shipley","K Gagnier"
"2048","N Romance","M Vitale"
"2050","J Trueblood","J Trueblood"
"2051","D Clark","S Killingsworth"
"2052","T Gann","T Gann"
"2053","M Sirota","F Valle-Tourangeau"
"2055","G Villejoubert","M Sirota"
"2056","E Haryu","L Jiang"
"2057","J Degen","I Yildirim"
"2058","M Tanenhaus","I Yildirim"
"2059","M Tanenhaus","J Degen"
"2060","F Jaeger","I Yildirim"
"2061","F Jaeger","J Degen"
"2062","F Jaeger","M Tanenhaus"
"2063","E Pothos","L White"
"2064","J Busemeyer","L White"
"2066","M Kristiansson","M Kristiansson"
"2067","S Chaudhry","S Nhatia"
"2068","I Visser","M Speekenbrink"
"2069","E Bergmann","V Mast"
"2070","J Cavey","C Gambi"
"2071","M Pickering","C Gambi"
"2072","M Pickering","J Cavey"
"2073","L Post","T Gog"
"2074","R Napel","T Gog"
"2075","R Napel","L Post"
"2076","L Deijkers","T Gog"
"2077","L Deijkers","L Post"
"2078","L Deijkers","R Napel"
"2079","O Goldenberg","J Wiley"
"2080","A Jarosz","J Wiley"
"2081","A Jarosz","O Goldenberg"
"2082","M Wiedmann","J Wiley"
"2083","M Wiedmann","O Goldenberg"
"2084","M Wiedmann","A Jarosz"
"2085","N Rummel","J Wiley"
"2086","N Rummel","O Goldenberg"
"2087","N Rummel","A Jarosz"
"2088","N Rummel","M Wiedmann"
"2089","G Trafton","L Hiatt"
"2090","G Gunzelmann","G Gunzelmann"
"2091","G Baroni","L Lugli"
"2092","F Anelli","L Lugli"
"2093","F Anelli","G Baroni"
"2094","A Borghi","L Lugli"
"2095","A Borghi","G Baroni"
"2096","A Borghi","F Anelli"
"2097","R Nicoletti","L Lugli"
"2098","R Nicoletti","G Baroni"
"2099","R Nicoletti","F Anelli"
"2100","R Nicoletti","A Borghi"
"2101","G Lupyan","P Edminston"
"2102","N Rothman","J Marsh"
"2103","K Spalek","N Gotzner"
"2104","I Wartenburger","N Gotzner"
"2106","A Fazly","B Beekhuizen"
"2107","A Nematzadeh","B Beekhuizen"
"2109","S Stevenson","B Beekhuizen"
"2112","T Nokes-Malach","D Belenky"
"2113","K Watanabe","K Tanaka"
"2114","B Meder","J Jarecki"
"2115","J Nelson","J Jarecki"
"2116","J Nelson","B Meder"
"2117","C Kello","B Kerster"
"2118","T Rhodes","B Kerster"
"2119","T Rhodes","C Kello"
"2120","R Bien-Aime","B Kerster"
"2121","R Bien-Aime","C Kello"
"2122","R Bien-Aime","T Rhodes"
"2123","T Marghetis","E Guerra"
"2125","P Knoeferle","T Marghetis"
"2127","T Tenbrink","L Gralla"
"2128","J Tenenbaum","S Gerhsman"
"2129","A Pouget","S Gerhsman"
"2130","A Pouget","J Tenenbaum"
"2131","M Botvinick","S Gerhsman"
"2132","M Botvinick","J Tenenbaum"
"2133","M Botvinick","A Pouget"
"2134","P Dayan","S Gerhsman"
"2135","P Dayan","J Tenenbaum"
"2136","P Dayan","A Pouget"
"2137","P Dayan","M Botvinick"
"2138","M Galesic","D Barkoczi"
"2139","N Charter","B Bara"
"2140","M Tomasello","B Bara"
"2141","M Tomasello","N Charter"
"2142","R Varley","B Bara"
"2143","R Varley","N Charter"
"2144","R Varley","M Tomasello"
"2145","S Goldin-Meadow","J Call"
"2146","C Hobaiter","J Call"
"2147","C Hobaiter","S Goldin-Meadow"
"2148","K Liebal","J Call"
"2149","K Liebal","S Goldin-Meadow"
"2150","K Liebal","C Hobaiter"
"2151","M Tomasello","J Call"
"2152","M Tomasello","S Goldin-Meadow"
"2153","M Tomasello","C Hobaiter"
"2154","M Tomasello","K Liebal"
"2155","D Edler","A Bestgen"
"2156","F Dickmann","A Bestgen"
"2157","F Dickmann","D Edler"
"2158","L Kuchinke","A Bestgen"
"2159","L Kuchinke","D Edler"
"2160","L Kuchinke","F Dickmann"
"2161","S Waxman","B Ferguson"
"2163","A Pease","T Besold"
"2164","M Schmidt","T Besold"
"2165","M Schmidt","A Pease"
"2166","Y Kao","J Davenport"
"2167","S Schneider","J Davenport"
"2168","S Schneider","Y Kao"
"2169","C Kaland","M Postma-Nilsenova"
"2170","L Oversteegen","M Postma-Nilsenova"
"2171","L Oversteegen","C Kaland"
"2172","D Richardson","S Brennan"
"2173","M Richardson","S Brennan"
"2174","M Richardson","D Richardson"
"2175","A Roepstorff","S Brennan"
"2176","A Roepstorff","D Richardson"
"2177","A Roepstorff","M Richardson"
"2178","N Sebanz","S Brennan"
"2179","N Sebanz","D Richardson"
"2180","N Sebanz","M Richardson"
"2181","N Sebanz","A Roepstorff"
"2182","G Knoblich","S Brennan"
"2183","G Knoblich","D Richardson"
"2184","G Knoblich","M Richardson"
"2185","G Knoblich","A Roepstorff"
"2187","J Snedeker","J Hartshorne"
"2188","A Kim","J Hartshorne"
"2189","A Kim","J Snedeker"
"2190","A Winman","M Lindskog"
"2191","P Juslin","M Lindskog"
"2192","P Juslin","A Winman"
"2193","G Lacroix","J Schoenherr"
"2194","R Dale","A Paxton"
"2196","S Ayala","E Arnau"
"2197","T Sturm","E Arnau"
"2198","T Sturm","S Ayala"
"2199","E Hutchins","J Karnowski"
"2200","S Thill","P Veto"
"2201","P Hemeren","P Veto"
"2202","P Hemeren","S Thill"
"2203","A Diedrich","J Busemeyer"
"2204","A Heathcote","J Busemeyer"
"2205","A Heathcote","A Diedrich"
"2206","A Rangel","J Busemeyer"
"2207","A Rangel","A Diedrich"
"2208","A Rangel","A Heathcote"
"2209","J Rieskamp","J Busemeyer"
"2210","J Rieskamp","A Diedrich"
"2211","J Rieskamp","A Heathcote"
"2212","J Rieskamp","A Rangel"
"2213","M Usher","J Busemeyer"
"2214","M Usher","A Diedrich"
"2215","M Usher","A Heathcote"
"2216","M Usher","A Rangel"
"2217","M Usher","J Rieskamp"
"2221","S Pöyhönen","J Kuorikoski"
"2222","K Kurtz","N Conaway"
"2223","M Ponari","D Vinson"
"2225","G Vigliocco","M Ponari"
"2230","B Thompson","V Ferdinand"
"2231","S Kirby","V Ferdinand"
"2232","S Kirby","B Thompson"
"2233","K SMith","V Ferdinand"
"2234","K SMith","B Thompson"
"2235","K SMith","S Kirby"
"2236","C Yu","G Kachergis"
"2237","G Weidemann","A McAndrew"
"2239","I McLaren","G Weidemann"
"2240","C Driver","C Driver"
"2241","K Simmons","M Frank"
"2243","D Yurovsky","K Simmons"
"2244","G Pusiol","M Frank"
"2245","G Pusiol","K Simmons"
"2246","G Pusiol","D Yurovsky"
"2247","R Fernandez","E Abramova"
"2248","F Sangati","E Abramova"
"2249","F Sangati","R Fernandez"
"2250","M Avraamides","A Galati"
"2251","A Markman","A Souza"
"2252","D Shanks","E Konstantinidis"
"2253","M Tamariz","K Smith"
"2255","S Kirby","M Tamariz"
"2256","K Miwa","M Matsumuro"
"2257","E Davelaar","J Harbison"
"2258","E Yu","J Harbison"
"2259","E Yu","E Davelaar"
"2260","E Hussey","J Harbison"
"2261","E Hussey","E Davelaar"
"2262","E Hussey","E Yu"
"2263","M Dougherty","J Harbison"
"2264","M Dougherty","E Davelaar"
"2265","M Dougherty","E Yu"
"2266","M Dougherty","E Hussey"
"2267","J Burling","H Yoshida"
"2268","D Barrett","S Bogels"
"2269","S Garrod","S Bogels"
"2270","S Garrod","D Barrett"
"2271","K Kessler","S Bogels"
"2272","K Kessler","D Barrett"
"2273","K Kessler","S Garrod"
"2274","C Acartürk","Ü Ayd?n"
"2275","K Ça??ltay","Ü Ayd?n"
"2276","K Ça??ltay","C Acartürk"
"2277","M Gingerich","E Crawford"
"2278","C Eliasmith","E Crawford"
"2279","C Eliasmith","M Gingerich"
"2280","M Andrews","M Andrews"
"2281","A Merrick","D Powell"
"2282","H Lu","D Powell"
"2283","H Lu","A Merrick"
"2285","K Holyoak","A Merrick"
"2287","V Almeda","K GOdwin"
"2288","M Petroccia","K GOdwin"
"2289","M Petroccia","V Almeda"
"2290","R Baker","K GOdwin"
"2291","R Baker","V Almeda"
"2292","R Baker","M Petroccia"
"2293","A Fisher","K GOdwin"
"2294","A Fisher","V Almeda"
"2295","A Fisher","M Petroccia"
"2296","A Fisher","R Baker"
"2297","M Mi?kowski","M Mi?kowski"
"2298","C Graver","G Brookshire"
"2299","D Casasanto","G Brookshire"
"2300","D Casasanto","C Graver"
"2301","A Cohen","J Hotaling"
"2302","J Busemeyer","J Hotaling"
"2303","J Busemeyer","A Cohen"
"2304","R Shiffrin","J Hotaling"
"2305","R Shiffrin","A Cohen"
"2306","R Shiffrin","J Busemeyer"
"2307","C Iani","L Lugli"
"2308","N Milanese","L Lugli"
"2309","N Milanese","C Iani"
"2310","S Rubichi","L Lugli"
"2311","S Rubichi","C Iani"
"2312","S Rubichi","N Milanese"
"2313","S Marsella","J Ito"
"2314","L Scharrer","M Stadtler"
"2315","R Bromme","M Stadtler"
"2316","R Bromme","L Scharrer"
"2317","J Tenenbaum","T Ullman"
"2318","N Goodman","T Ullman"
"2319","N Goodman","J Tenenbaum"
"2320","S Ullman","T Ullman"
"2321","S Ullman","J Tenenbaum"
"2322","S Ullman","N Goodman"
"2323","E Spelke","T Ullman"
"2324","E Spelke","J Tenenbaum"
"2325","E Spelke","N Goodman"
"2326","E Spelke","S Ullman"
"2327","A Sayeed","N Engonopulos"
"2328","V Demberg","N Engonopulos"
"2329","V Demberg","A Sayeed"
"2330","L Ball","M Wilkinson"
"2331","R Ackerman","R Ackerman"
"2332","S Bonneaud","A Kiefer"
"2333","K Rio","A Kiefer"
"2334","K Rio","S Bonneaud"
"2335","W Warren","A Kiefer"
"2336","W Warren","S Bonneaud"
"2337","W Warren","K Rio"
"2338","G Schoener","J Spencer"
"2339","Y Sandamirskaya","J Spencer"
"2340","Y Sandamirskaya","G Schoener"
"2341","J Opfer","F Kanayet"
"2342","W Cunningham","F Kanayet"
"2343","W Cunningham","J Opfer"
"2344","D Danks","D Danks"
"2345","M Nuckles","K Hellman"
"2346","D Navarro","D Navarro"
"2347","D Moirou","L Ziaka"
"2348","E Vlahou","L Ziaka"
"2349","E Vlahou","D Moirou"
"2350","A Protopapas","L Ziaka"
"2351","A Protopapas","D Moirou"
"2352","A Protopapas","E Vlahou"
"2353","B MacLaren","A Corbett"
"2354","A Wagner","A Corbett"
"2355","A Wagner","B MacLaren"
"2356","L Kauffman","A Corbett"
"2357","L Kauffman","B MacLaren"
"2358","L Kauffman","A Wagner"
"2359","A Mitchell","A Corbett"
"2360","A Mitchell","B MacLaren"
"2361","A Mitchell","A Wagner"
"2362","A Mitchell","L Kauffman"
"2363","R Baker","A Corbett"
"2364","R Baker","B MacLaren"
"2365","R Baker","A Wagner"
"2366","R Baker","L Kauffman"
"2367","R Baker","A Mitchell"
"2369","Y Nagai","J Morita"
"2370","T Moritsu","J Morita"
"2371","T Moritsu","Y Nagai"
"2372","T Pachur","B Scheibehenne"
"2373","H Schendan","H Schendan"
"2374","J Cooper","L Johnson"
"2376","D Ballard","J Cooper"
"2377","A Kuhlen","L Mol"
"2378","R Steen","L Mol"
"2379","R Steen","A Kuhlen"
"2380","M Obbens","L Mol"
"2381","M Obbens","A Kuhlen"
"2382","M Obbens","R Steen"
"2383","B Newell","S Guney"
"2384","H Kloos","J Fine"
"2385","M Jenkins","J Fine"
"2386","M Jenkins","H Kloos"
"2389","P Slezak","P Slezak"
"2390","K Abe","K Abe"
"2392","A M.","J Tomlinson"
"2393","T Stavros","J Tomlinson"
"2394","T Stavros","A M."
"2395","G Lupyan","G Lupyan"
"2396","N Althaus","V Gliozzi"
"2397","J Mayor","V Gliozzi"
"2398","J Mayor","N Althaus"
"2399","K Plunkett","V Gliozzi"
"2401","K Plunkett","J Mayor"
"2402","R Lindsey","M Khajah"
"2403","M Mozer","M Khajah"
"2404","M Mozer","R Lindsey"
"2405","C Graver","S Dolscheid"
"2406","D Casasanto","S Dolscheid"
"2408","K Hill","K Kolne"
"2409","L Gonnerman","K Kolne"
"2410","L Gonnerman","K Hill"
"2411","M Louwerse","J Luno"
"2412","J Beck","J Luno"
"2413","J Beck","M Louwerse"
"2414","V Glebkin","V Glebkin"
"2415","C Bechlivanidis","T Gerstenberg"
"2416","D Lagnado","T Gerstenberg"
"2418","D Read","M Scholten"
"2419","A Chuderska","A Chuderski"
"2420","E Heit","L Kelly"
"2421","D Lakens","J Santiago"
"2422","F Keller","D Frassinelli"
"2423","C Scheepers","D Frassinelli"
"2424","C Scheepers","F Keller"
"2425","P O'Rourke","P O'Rourke"
"2426","L Gabora","M Henderson"
"2427","X Jia","P Liang"
"2428","N Taatgen","P Liang"
"2429","N Taatgen","X Jia"
"2430","N Zhong","P Liang"
"2431","N Zhong","X Jia"
"2432","N Zhong","N Taatgen"
"2433","K Li","P Liang"
"2434","K Li","X Jia"
"2435","K Li","N Taatgen"
"2436","K Li","N Zhong"
"2437","L Rips","S Johnson"
"2438","M Lippold","A Wiegmann"
"2439","R Grigull","A Wiegmann"
"2440","R Grigull","M Lippold"
"2441","M Waldmann","J Nagel"
"2442","V Sloutsky","K Darby"
"2444","G Briggs","R Veale"
"2445","M Scheutz","R Veale"
"2446","M Scheutz","G Briggs"
"2447","Y Calskan","K Uyanik"
"2448","A Bozcuoglu","K Uyanik"
"2449","A Bozcuoglu","Y Calskan"
"2450","O Yuruten","K Uyanik"
"2451","O Yuruten","Y Calskan"
"2452","O Yuruten","A Bozcuoglu"
"2453","S Kalkan","K Uyanik"
"2454","S Kalkan","Y Calskan"
"2455","S Kalkan","A Bozcuoglu"
"2456","S Kalkan","O Yuruten"
"2457","E Sahin","K Uyanik"
"2458","E Sahin","Y Calskan"
"2459","E Sahin","A Bozcuoglu"
"2460","E Sahin","O Yuruten"
"2461","E Sahin","S Kalkan"
"2462","T Jaeger","C Kurumada"
"2466","S Creel","C Frye"
"2467","J Tenenbaum","J Jara-Ettinger"
"2468","L Schulz","J Jara-Ettinger"
"2469","L Schulz","J Tenenbaum"
"2470","L Boroditsky","A Dils"
"2471","M Liljeholm","P Cheng"
"2472","C Sandhofer","P Cheng"
"2473","C Sandhofer","M Liljeholm"
"2475","D Haun","A Bender"
"2476","D Haun","S Beller"
"2477","C Legare","A Bender"
"2478","C Legare","S Beller"
"2479","C Legare","D Haun"
"2480","A Majid","A Bender"
"2481","A Majid","S Beller"
"2482","A Majid","D Haun"
"2483","A Majid","C Legare"
"2484","B Ojalehto","A Bender"
"2485","B Ojalehto","S Beller"
"2486","B Ojalehto","D Haun"
"2487","B Ojalehto","C Legare"
"2488","B Ojalehto","A Majid"
"2489","D Medin","A Bender"
"2490","D Medin","S Beller"
"2491","D Medin","D Haun"
"2492","D Medin","C Legare"
"2493","D Medin","A Majid"
"2494","D Medin","B Ojalehto"
"2495","F Jaekel","S Gerhsman"
"2497","J Tenenbaum","F Jaekel"
"2498","C Kemp","C Carroll"
"2499","J Opfer","E Furlong"
"2500","Z Jakab","Z Jakab"
"2501","M Butz","A Belardinelli"
"2502","J Myung","H Gu"
"2503","M Pitt","H Gu"
"2504","M Pitt","J Myung"
"2505","Z Lu","H Gu"
"2506","Z Lu","J Myung"
"2507","Z Lu","M Pitt"
"2508","B Nanay","B Nanay"
"2509","W York","W York"
"2510","A Hartholt","J Gratch"
"2511","M Dehghani","J Gratch"
"2512","M Dehghani","A Hartholt"
"2513","S Marsella","J Gratch"
"2514","S Marsella","A Hartholt"
"2515","S Marsella","M Dehghani"
"2516","W Gray","J Lindstedt"
"2517","W Murray","L Wakeford"
"2518","C Kolbeck","T Bekolay"
"2519","C Eliasmith","T Bekolay"
"2520","C Eliasmith","C Kolbeck"
"2521","M Skubic","L Carslon"
"2522","J Miller","L Carslon"
"2523","J Miller","M Skubic"
"2524","Z Huo","L Carslon"
"2525","Z Huo","M Skubic"
"2526","Z Huo","J Miller"
"2527","T Alexenko","L Carslon"
"2528","T Alexenko","M Skubic"
"2529","T Alexenko","J Miller"
"2530","T Alexenko","Z Huo"
"2531","F Park","Y Noh"
"2532","D Lee","Y Noh"
"2533","D Lee","F Park"
"2534","E Dechter","K Smith"
"2535","J Tenenbaum","K Smith"
"2536","J Tenenbaum","E Dechter"
"2538","E Vul","E Dechter"
"2539","E Vul","J Tenenbaum"
"2540","E Krahmer","J Vogels"
"2541","A Maes","J Vogels"
"2542","A Maes","E Krahmer"
"2543","C Kello","G Thompson"
"2544","P Montez","G Thompson"
"2545","P Montez","C Kello"
"2549","E Reiter","M Mitchell"
"2550","K Deemter","M Mitchell"
"2551","K Deemter","E Reiter"
"2552","T Gureckis","D Markant"
"2553","B Meder","D Markant"
"2554","B Meder","T Gureckis"
"2555","J Nelson","D Markant"
"2556","J Nelson","T Gureckis"
"2558","P Pirolli","D Markant"
"2559","P Pirolli","T Gureckis"
"2560","P Pirolli","B Meder"
"2561","P Pirolli","J Nelson"
"2562","C Yu","D Markant"
"2563","C Yu","T Gureckis"
"2564","C Yu","B Meder"
"2565","C Yu","J Nelson"
"2566","C Yu","P Pirolli"
"2567","E Pothos","J Proust"
"2568","J Busemeyer","J Proust"
"2570","R Miller","J Proust"
"2571","R Miller","E Pothos"
"2572","R Miller","J Busemeyer"
"2573","F Cushman","J Proust"
"2574","F Cushman","E Pothos"
"2575","F Cushman","J Busemeyer"
"2576","F Cushman","R Miller"
"2577","K Quintelier","J Proust"
"2578","K Quintelier","E Pothos"
"2579","K Quintelier","J Busemeyer"
"2580","K Quintelier","R Miller"
"2581","K Quintelier","F Cushman"
"2582","S Elqayam","J Proust"
"2583","S Elqayam","E Pothos"
"2584","S Elqayam","J Busemeyer"
"2585","S Elqayam","R Miller"
"2586","S Elqayam","F Cushman"
"2587","S Elqayam","K Quintelier"
"2588","V Thompson","J Proust"
"2589","V Thompson","E Pothos"
"2590","V Thompson","J Busemeyer"
"2591","V Thompson","R Miller"
"2592","V Thompson","F Cushman"
"2593","V Thompson","K Quintelier"
"2594","V Thompson","S Elqayam"
"2595","J Evans","J Proust"
"2596","J Evans","E Pothos"
"2597","J Evans","J Busemeyer"
"2598","J Evans","R Miller"
"2599","J Evans","F Cushman"
"2600","J Evans","K Quintelier"
"2601","J Evans","S Elqayam"
"2602","J Evans","V Thompson"
"2603","D Over","J Proust"
"2604","D Over","E Pothos"
"2605","D Over","J Busemeyer"
"2606","D Over","R Miller"
"2607","D Over","F Cushman"
"2608","D Over","K Quintelier"
"2609","D Over","S Elqayam"
"2610","D Over","V Thompson"
"2611","D Over","J Evans"
"2612","M Wilkinson","J Proust"
"2613","M Wilkinson","E Pothos"
"2614","M Wilkinson","J Busemeyer"
"2615","M Wilkinson","R Miller"
"2616","M Wilkinson","F Cushman"
"2617","M Wilkinson","K Quintelier"
"2618","M Wilkinson","S Elqayam"
"2619","M Wilkinson","V Thompson"
"2620","M Wilkinson","J Evans"
"2621","M Wilkinson","D Over"
"2622","S Kreitler","J Proust"
"2623","S Kreitler","E Pothos"
"2624","S Kreitler","J Busemeyer"
"2625","S Kreitler","R Miller"
"2626","S Kreitler","F Cushman"
"2627","S Kreitler","K Quintelier"
"2628","S Kreitler","S Elqayam"
"2629","S Kreitler","V Thompson"
"2630","S Kreitler","J Evans"
"2631","S Kreitler","D Over"
"2632","S Kreitler","M Wilkinson"
"2634","N Kanzaki","K Miwa"
"2635","N Kanzaki","H Terai"
"2636","R Nakaike","K Miwa"
"2637","R Nakaike","H Terai"
"2638","R Nakaike","N Kanzaki"
"2639","K Scott-Brown","N Kirk"
"2640","V Kempe","N Kirk"
"2641","V Kempe","K Scott-Brown"
"2642","M Frank","M Casillas"
"2643","O Lappi","A Rusanen"
"2644","M Damian","K Spalek"
"2645","S Frintrop","G Garcia"
"2646","M Buckmann","M Fific"
"2647","J Corter","B Tversky"
"2648","J Gao","B Tversky"
"2649","J Gao","J Corter"
"2650","Y Tanaka","B Tversky"
"2651","Y Tanaka","J Corter"
"2652","Y Tanaka","J Gao"
"2653","J Nickerson","B Tversky"
"2654","J Nickerson","J Corter"
"2655","J Nickerson","J Gao"
"2656","J Nickerson","Y Tanaka"
"2657","S Vosniadou","M Schneider"
"2658","A Shtulman","M Schneider"
"2659","A Shtulman","S Vosniadou"
"2660","K Harrington","M Schneider"
"2661","K Harrington","S Vosniadou"
"2662","K Harrington","A Shtulman"
"2663","I Hardey","M Schneider"
"2664","I Hardey","S Vosniadou"
"2665","I Hardey","A Shtulman"
"2666","I Hardey","K Harrington"
"2667","L Powell","M Schneider"
"2668","L Powell","S Vosniadou"
"2669","L Powell","A Shtulman"
"2670","L Powell","K Harrington"
"2671","L Powell","I Hardey"
"2672","S Carey","M Schneider"
"2673","S Carey","S Vosniadou"
"2674","S Carey","A Shtulman"
"2675","S Carey","K Harrington"
"2676","S Carey","I Hardey"
"2677","S Carey","L Powell"
"2678","S Ohlsson","M Schneider"
"2679","S Ohlsson","S Vosniadou"
"2680","S Ohlsson","A Shtulman"
"2681","S Ohlsson","K Harrington"
"2682","S Ohlsson","I Hardey"
"2683","S Ohlsson","L Powell"
"2684","S Ohlsson","S Carey"
"2685","E Chemla","L Bott"
"2686","L Ott","M Dione"
"2687","Y Delevoye-Turrell","M Dione"
"2688","Y Delevoye-Turrell","L Ott"
"2689","K Mulak","P Escudero"
"2690","H Vlach","P Escudero"
"2691","H Vlach","K Mulak"
"2692","E Norcliffe","S Sauppe"
"2693","A Konopka","S Sauppe"
"2694","A Konopka","E Norcliffe"
"2695","R Valin","S Sauppe"
"2696","R Valin","E Norcliffe"
"2697","R Valin","A Konopka"
"2698","S Levinson","S Sauppe"
"2699","S Levinson","E Norcliffe"
"2700","S Levinson","A Konopka"
"2701","S Levinson","R Valin"
