"","from","to"
"1","A Stevens","L Ball"
"2","C Holscher","S Buecher"
"3","J Wiener","S Buecher"
"4","J Wiener","C Holscher"
"5","D Landy","R Goldstone"
"6","C Forkstam","S Araujo"
"7","P Hagoor","S Araujo"
"8","P Hagoor","C Forkstam"
"9","M Ingvar","S Araujo"
"10","M Ingvar","C Forkstam"
"11","M Ingvar","P Hagoor"
"12","K Petersson","S Araujo"
"13","K Petersson","C Forkstam"
"14","K Petersson","P Hagoor"
"15","K Petersson","M Ingvar"
"16","J Udden","S Araujo"
"17","J Udden","C Forkstam"
"18","J Udden","P Hagoor"
"19","J Udden","M Ingvar"
"20","J Udden","K Petersson"
"21","D Klein","T Griffiths"
"22","A Rafferty","T Griffiths"
"23","A Rafferty","D Klein"
"24","M Elk","M Elk"
"25","A Majid","N Khetarpal"
"26","T Regier","N Khetarpal"
"27","T Regier","A Majid"
"28","T Boyer","B Bertenthal"
"29","M Sceutz","B Bertenthal"
"30","M Sceutz","T Boyer"
"31","S Lourenco","K Holmes"
"32","J Huttenlocher","K Deitz"
"33","M Kwon","K Deitz"
"34","M Kwon","J Huttenlocher"
"35","S Levine","K Deitz"
"36","S Levine","J Huttenlocher"
"37","S Levine","M Kwon"
"38","K Ratliff","K Deitz"
"39","K Ratliff","J Huttenlocher"
"40","K Ratliff","M Kwon"
"41","K Ratliff","S Levine"
"42","C Holscher","S Buchner"
"43","L Konieczny","S Buchner"
"44","L Konieczny","C Holscher"
"45","J Wiener","S Buchner"
"47","J Wiener","L Konieczny"
"48","S Carberry","R Burns"
"49","S Elzer","R Burns"
"50","S Elzer","S Carberry"
"51","D Gentner","K Forbus"
"52","B Jee","K Forbus"
"53","B Jee","D Gentner"
"54","B Sageman","K Forbus"
"55","B Sageman","D Gentner"
"56","B Sageman","B Jee"
"57","D Uttal","K Forbus"
"58","D Uttal","D Gentner"
"59","D Uttal","B Jee"
"60","D Uttal","B Sageman"
"61","D Buchsbaum","D Baldwin"
"62","A Gopnik","D Baldwin"
"63","A Gopnik","D Buchsbaum"
"64","T Griffiths","D Baldwin"
"65","T Griffiths","D Buchsbaum"
"66","T Griffiths","A Gopnik"
"67","S Friedman","K Forbus"
"68","S Pieschl","R Bromme"
"69","T Porsch","R Bromme"
"70","T Porsch","S Pieschl"
"71","E Stahl","R Bromme"
"72","E Stahl","S Pieschl"
"73","E Stahl","T Porsch"
"74","R Hausmann","S Gershman"
"75","T Nokes","S Gershman"
"76","T Nokes","R Hausmann"
"77","K VanLehn","S Gershman"
"78","K VanLehn","R Hausmann"
"79","K VanLehn","T Nokes"
"80","J Lee","M Kapur"
"81","J Lewis","J Lewis"
"82","H Maas","K Kan"
"83","L Konieczny","W Hachmann"
"84","D Muller","W Hachmann"
"85","D Muller","L Konieczny"
"86","T Fox","J Tree"
"87","T John","J Tree"
"88","T John","T Fox"
"89","P Healey","A Eshghi"
"90","P O'Seaghdha","J Chen"
"91","M Flecken","M Carroll"
"92","C Stutterheim","M Carroll"
"93","C Stutterheim","M Flecken"
"94","T Jaeger","S Cook"
"95","M Tanenhaus","S Cook"
"96","M Tanenhaus","T Jaeger"
"97","B Rehder","S Kim"
"98","B Newell","B Hayes"
"99","C Papadopoulos","B Hayes"
"100","C Papadopoulos","B Newell"
"101","U Hasson","G Egidi"
"102","L Steels","K Gerasymova"
"103","R Trijp","K Gerasymova"
"104","R Trijp","L Steels"
"105","F Smolik","J Lukavsky"
"106","G Westermann","N Ruh"
"107","M Riley","T Davis"
"108","K Shockley","T Davis"
"109","K Shockley","M Riley"
"110","R Verbrugge","C Hemelrijk"
"111","E Vaart","C Hemelrijk"
"112","E Vaart","R Verbrugge"
"113","A Bisazza","C Agrillo"
"114","M Dadda","C Agrillo"
"115","M Dadda","A Bisazza"
"116","L Piffer","C Agrillo"
"117","L Piffer","A Bisazza"
"118","L Piffer","M Dadda"
"119","G Serena","C Agrillo"
"120","G Serena","A Bisazza"
"121","G Serena","M Dadda"
"122","G Serena","L Piffer"
"123","J Hampton","S Aldrovandi"
"124","D Huessen","S Aldrovandi"
"125","D Huessen","J Hampton"
"126","P Kusev","S Aldrovandi"
"127","P Kusev","J Hampton"
"128","P Kusev","D Huessen"
"129","S Webb","F Vallee-Tourangeau"
"130","B Eugenio","D Cosejo"
"131","D Fossati","D Cosejo"
"132","D Fossati","B Eugenio"
"133","S Ohlsson","D Cosejo"
"134","S Ohlsson","B Eugenio"
"135","S Ohlsson","D Fossati"
"136","L Novick","K Catley"
"137","F Keller","M Coco"
"138","D Grodner","F Durgin"
"139","C Pietsch","F Durgin"
"140","C Pietsch","D Grodner"
"141","D Stapel","E Krahmer"
"142","H Rohde","K Bicknell"
"143","N Goodman","M Frank"
"144","P Lai","M Frank"
"145","P Lai","N Goodman"
"146","J Tenenbaum","M Frank"
"147","J Tenenbaum","N Goodman"
"148","J Tenenbaum","P Lai"
"149","A Nematzadeh","A Fazly"
"150","S Stevenson","A Fazly"
"151","S Stevenson","A Nematzadeh"
"152","C Patterson","J Johnson"
"153","V Simmering","J Johnson"
"154","V Simmering","C Patterson"
"155","J Spencer","J Johnson"
"156","J Spencer","C Patterson"
"157","J Spencer","V Simmering"
"158","M Raijmakers","R Franse"
"159","S Es","R Franse"
"160","S Es","M Raijmakers"
"161","T Schijndel","R Franse"
"162","T Schijndel","M Raijmakers"
"163","T Schijndel","S Es"
"164","H Kloos","L Greshmam"
"165","C Kemp","A Jern"
"166","C Was","C Was"
"167","Y Sakamoto","B Love"
"168","T Yamauchi","T Yamauchi"
"169","B Rehder","R Colner"
"170","J Tenenbaum","A Perfors"
"171","M Fumagalli","S Barbieri"
"172","C Lucchiari","S Barbieri"
"173","C Lucchiari","M Fumagalli"
"174","S Makic-Sposta","S Barbieri"
"175","S Makic-Sposta","M Fumagalli"
"176","S Makic-Sposta","C Lucchiari"
"177","S Marceglia","S Barbieri"
"178","S Marceglia","M Fumagalli"
"179","S Marceglia","C Lucchiari"
"180","S Marceglia","S Makic-Sposta"
"181","G Pravettoni","S Barbieri"
"182","G Pravettoni","M Fumagalli"
"183","G Pravettoni","C Lucchiari"
"184","G Pravettoni","S Makic-Sposta"
"185","G Pravettoni","S Marceglia"
"186","A Priori","S Barbieri"
"187","A Priori","M Fumagalli"
"188","A Priori","C Lucchiari"
"189","A Priori","S Makic-Sposta"
"190","A Priori","S Marceglia"
"191","A Priori","G Pravettoni"
"192","D Servello","S Barbieri"
"193","D Servello","M Fumagalli"
"194","D Servello","C Lucchiari"
"195","D Servello","S Makic-Sposta"
"196","D Servello","S Marceglia"
"197","D Servello","G Pravettoni"
"198","D Servello","A Priori"
"199","K Fisher","M Bassok"
"200","L Osterhout","M Bassok"
"201","L Osterhout","K Fisher"
"202","S Chennu","H Bowman"
"203","P Craston","H Bowman"
"204","P Craston","S Chennu"
"205","B Wyble","H Bowman"
"206","B Wyble","S Chennu"
"207","B Wyble","P Craston"
"208","G Lupyan","D Kravitz"
"209","R Lewis","A Barto"
"210","S Singh","A Barto"
"211","S Singh","R Lewis"
"212","M Sugiura","M Sugiura"
"213","J Maouene","T Hills"
"214","B Riordan","T Hills"
"215","B Riordan","J Maouene"
"216","L Smith","T Hills"
"217","L Smith","J Maouene"
"218","L Smith","B Riordan"
"219","B Roy","M Frank"
"220","D Roy","M Frank"
"221","D Roy","B Roy"
"222","M Ramscar","I Arnon"
"223","T Wareham","M Mueller"
"224","I Rooij","M Mueller"
"225","I Rooij","T Wareham"
"226","A D'Angiulli","A D'Angiulli"
"227","L Schomaker","G Koostra"
"228","M Kirby","A D'Angiulli"
"229","G Gigerenzer","N Berg"
"230","L Martignon","N Berg"
"231","L Martignon","G Gigerenzer"
"232","M Monti","N Berg"
"233","M Monti","G Gigerenzer"
"234","M Monti","L Martignon"
"235","R Colman","M Coen"
"236","A Dassow","M Coen"
"237","A Dassow","R Colman"
"238","J Kemnitz","M Coen"
"239","J Kemnitz","R Colman"
"240","J Kemnitz","A Dassow"
"241","S Prudom","M Coen"
"242","S Prudom","R Colman"
"243","S Prudom","A Dassow"
"244","S Prudom","J Kemnitz"
"245","V Selvaprakash","M Coen"
"246","V Selvaprakash","R Colman"
"247","V Selvaprakash","A Dassow"
"248","V Selvaprakash","J Kemnitz"
"249","V Selvaprakash","S Prudom"
"250","D Mallard","J Arciuli"
"251","G Villar","J Arciuli"
"252","G Villar","D Mallard"
"253","K Koedinger","V Aleven"
"254","I Roll","V Aleven"
"255","I Roll","K Koedinger"
"256","J Murre","A Chessa"
"257","T Nokes","D Belenky"
"258","J Gobert","J Beck"
"259","N Heffernan","J Beck"
"260","N Heffernan","J Gobert"
"261","M Pedro","J Beck"
"262","M Pedro","J Gobert"
"263","M Pedro","N Heffernan"
"264","R Rumiati","L Cretella"
"265","A Tessari","L Cretella"
"266","A Tessari","R Rumiati"
"267","D Tolhurst","M To"
"268","T Troscianko","M To"
"269","T Troscianko","D Tolhurst"
"270","B Purcell","T Palmeri"
"271","J Schall","T Palmeri"
"272","J Schall","B Purcell"
"273","R Skinner","N Fox"
"274","R Thompson","N Fox"
"275","R Thompson","R Skinner"
"276","G Vigliocco","N Fox"
"277","G Vigliocco","R Skinner"
"278","G Vigliocco","R Thompson"
"279","D Vinson","N Fox"
"280","D Vinson","R Skinner"
"281","D Vinson","R Thompson"
"282","D Vinson","G Vigliocco"
"286","T Griffiths","N Feldman"
"287","J Morgan","N Feldman"
"288","J Morgan","T Griffiths"
"289","K Plunkett","E Mather"
"290","J Montag","M MacDonald"
"291","R Liu","T Farmer"
"292","N Metha","T Farmer"
"293","N Metha","R Liu"
"294","J Zevin","T Farmer"
"295","J Zevin","R Liu"
"296","J Zevin","N Metha"
"297","S Piantadosi","E Gibson"
"298","H Tily","E Gibson"
"299","H Tily","S Piantadosi"
"300","M Setic","D Domijan"
"301","M Brady","M Brady"
"302","M Spranger","M Loetzsch"
"303","J Sturm","K Smith"
"304","J Misyak","M Christiansen"
"305","J Tomblin","M Christiansen"
"306","J Tomblin","J Misyak"
"307","E Bard","M Arai"
"308","R Hill","M Arai"
"309","R Hill","E Bard"
"310","D Kirsh","D Kirsh"
"311","F Cimatti","A Borghi"
"312","C Zednik","C Zednik"
"313","J Tsang","D Schwartz"
"314","M Keultjes","M Gibson"
"315","N McNeil","M Gibson"
"316","N McNeil","M Keultjes"
"317","V Sloutsky","J Kaminski"
"318","P Todd","S Place"
"319","M Roberts","R Goldstone"
"320","N Beckage","J Asendorpf"
"321","L Penke","J Asendorpf"
"322","L Penke","N Beckage"
"323","P Todd","J Asendorpf"
"324","P Todd","N Beckage"
"325","P Todd","L Penke"
"326","C Fausey","L Boroditsky"
"327","B Long","L Boroditsky"
"328","B Long","C Fausey"
"329","W Vanpaemel","G Storms"
"330","W Voorspoels","G Storms"
"331","W Voorspoels","W Vanpaemel"
"332","G Storms","M Dry"
"333","L Stukken","M Dry"
"334","L Stukken","G Storms"
"335","S Verheyen","M Dry"
"336","S Verheyen","G Storms"
"337","S Verheyen","L Stukken"
"338","M Seidenber","C Kello"
"339","D Sibley","C Kello"
"340","D Sibley","M Seidenber"
"341","A Protopapas","E Nomikou"
"342","M Ralph","J Keidel"
"343","S Welbourne","J Keidel"
"344","S Welbourne","M Ralph"
"345","J Myung","D Cavagnaro"
"346","M Pitt","D Cavagnaro"
"347","M Pitt","J Myung"
"348","Y Tang","D Cavagnaro"
"349","Y Tang","J Myung"
"350","Y Tang","M Pitt"
"351","S Ohlsson","S Ohlsson"
"352","J Roberts","J Beal"
"353","B Meder","R Mayrhofer"
"354","M Waldmann","R Mayrhofer"
"355","M Waldmann","B Meder"
"356","A Shah","D Osherson"
"357","J Zhao","D Osherson"
"358","J Zhao","A Shah"
"359","P Cherubini","M Burigo"
"360","C Reverberi","M Burigo"
"361","C Reverberi","P Cherubini"
"362","U Hahn","A Corner"
"363","A Harris","A Corner"
"364","A Harris","U Hahn"
"365","P Johnson-Laird","C Frosch"
"367","T Ullman","N Goodman"
"368","T Ullman","J Tenenbaum"
"369","M Jonsson","J Hampton"
"370","A Passanisi","J Hampton"
"371","A Passanisi","M Jonsson"
"372","D Blettner","D Blettner"
"373","D Sternberg","J McClellans"
"374","L Schulz","H Gweon"
"375","J Tenenbaum","H Gweon"
"376","J Tenenbaum","L Schulz"
"377","D Navarro","A Ma-Wyatt"
"378","M Lee","M Dry"
"379","D Navarro","M Dry"
"380","D Navarro","M Lee"
"381","K Preiss","M Dry"
"382","K Preiss","M Lee"
"383","K Preiss","D Navarro"
"384","R Shiffrin","D Little"
"385","A Heathcote","L Averell"
"386","M Frank","A Fernald"
"387","N Goodman","A Fernald"
"389","J Tenenbaum","A Fernald"
"392","F Martin","F Martin"
"393","M Zeigenfuse","M Lee"
"394","V Mansinghka","T Griffiths"
"395","A Sanborn","T Griffiths"
"396","A Sanborn","V Mansinghka"
"397","D Ferranti","E Bonawitz"
"398","A Horowitz","E Bonawitz"
"399","A Horowitz","D Ferranti"
"400","L Schulz","E Bonawitz"
"401","L Schulz","D Ferranti"
"402","L Schulz","A Horowitz"
"403","S Handley","J Evans"
"404","K Morsanyi","J Evans"
"405","K Morsanyi","S Handley"
"406","T Kushnir","N Chernyak"
"407","H Wellman","N Chernyak"
"408","H Wellman","T Kushnir"
"409","C Krumhansl","M Hove"
"410","M Sutherland","M Hove"
"411","M Sutherland","C Krumhansl"
"412","M Tumlin","S Creel"
"413","P Ekman","F Eisner"
"414","D Sauter","F Eisner"
"415","D Sauter","P Ekman"
"416","S Scott","F Eisner"
"417","S Scott","P Ekman"
"418","S Scott","D Sauter"
"419","B Scassellati","C Crick"
"420","J Clement","P Cheng"
"421","F Dogan","P Cheng"
"422","F Dogan","J Clement"
"423","A Goel","P Cheng"
"424","A Goel","J Clement"
"425","A Goel","F Dogan"
"426","M Hegarty","P Cheng"
"427","M Hegarty","J Clement"
"428","M Hegarty","F Dogan"
"429","M Hegarty","A Goel"
"430","N Nersessian","P Cheng"
"431","N Nersessian","J Clement"
"432","N Nersessian","F Dogan"
"433","N Nersessian","A Goel"
"434","N Nersessian","M Hegarty"
"435","C Gerlach","L Barsalo"
"436","M Kiefer","L Barsalo"
"437","M Kiefer","C Gerlach"
"438","K Patterson","L Barsalo"
"439","K Patterson","C Gerlach"
"440","K Patterson","M Kiefer"
"441","J Hell","P Li"
"442","J Clement","T Arabatzis"
"443","D Gentner","T Arabatzis"
"444","D Gentner","J Clement"
"445","N Nersessian","T Arabatzis"
"447","N Nersessian","D Gentner"
"448","S Vosniadou","T Arabatzis"
"449","S Vosniadou","J Clement"
"450","S Vosniadou","D Gentner"
"451","S Vosniadou","N Nersessian"
"452","C Keysers","J Davis"
"453","F Strack","J Davis"
"454","F Strack","C Keysers"
"455","J Zaki","J Davis"
"456","J Zaki","C Keysers"
"457","J Zaki","F Strack"
"458","I Eigsti","D Bishop"
"459","A Kittredge","D Bishop"
"460","A Kittredge","I Eigsti"
"461","R Martin","D Bishop"
"462","R Martin","I Eigsti"
"463","R Martin","A Kittredge"
"464","D Mirman","D Bishop"
"465","D Mirman","I Eigsti"
"466","D Mirman","A Kittredge"
"467","D Mirman","R Martin"
"468","R Levy","T Griffiths"
"469","C McKenzie","T Griffiths"
"470","C McKenzie","R Levy"
"471","M Steyvers","T Griffiths"
"472","M Steyvers","R Levy"
"473","M Steyvers","C McKenzie"
"474","J Tenenbaum","T Griffiths"
"475","J Tenenbaum","R Levy"
"476","J Tenenbaum","C McKenzie"
"477","J Tenenbaum","M Steyvers"
"478","E Vul","T Griffiths"
"479","E Vul","R Levy"
"480","E Vul","C McKenzie"
"481","E Vul","M Steyvers"
"482","E Vul","J Tenenbaum"
"483","J Davidoff","L Boroditsky"
"484","R Goldstone","L Boroditsky"
"485","R Goldstone","J Davidoff"
"486","M Imai","L Boroditsky"
"487","M Imai","J Davidoff"
"488","M Imai","R Goldstone"
"489","G Lupyan","L Boroditsky"
"490","G Lupyan","J Davidoff"
"491","G Lupyan","R Goldstone"
"492","G Lupyan","M Imai"
"493","A Majid","L Boroditsky"
"494","A Majid","J Davidoff"
"495","A Majid","R Goldstone"
"496","A Majid","M Imai"
"497","A Majid","G Lupyan"
"498","D Roberson","L Boroditsky"
"499","D Roberson","J Davidoff"
"500","D Roberson","R Goldstone"
"501","D Roberson","M Imai"
"502","D Roberson","G Lupyan"
"503","D Roberson","A Majid"
"504","E Spaepen","L Boroditsky"
"505","E Spaepen","J Davidoff"
"506","E Spaepen","R Goldstone"
"507","E Spaepen","M Imai"
"508","E Spaepen","G Lupyan"
"509","E Spaepen","A Majid"
"510","E Spaepen","D Roberson"
"511","C Legare","J Bering"
"512","A Shtulman","J Bering"
"513","A Shtulman","C Legare"
"514","H Whitehouse","J Bering"
"515","H Whitehouse","C Legare"
"516","H Whitehouse","A Shtulman"
"517","A Bender","S Beller"
"518","M Brysbaert","S Beller"
"519","M Brysbaert","A Bender"
"520","S Dehaene","S Beller"
"521","S Dehaene","A Bender"
"522","S Dehaene","M Brysbaert"
"523","H Wiese","S Beller"
"524","H Wiese","A Bender"
"525","H Wiese","M Brysbaert"
"526","H Wiese","S Dehaene"
"527","P Loui","H Honing"
"528","D Muellensiefen","H Honing"
"529","D Muellensiefen","P Loui"
"530","M Pearce","H Honing"
"531","M Pearce","P Loui"
"532","M Pearce","D Muellensiefen"
"533","P Rebuschat","H Honing"
"534","P Rebuschat","P Loui"
"535","P Rebuschat","D Muellensiefen"
"536","P Rebuschat","M Pearce"
"537","M Rohrmeier","H Honing"
"538","M Rohrmeier","P Loui"
"539","M Rohrmeier","D Muellensiefen"
"540","M Rohrmeier","M Pearce"
"541","M Rohrmeier","P Rebuschat"
"542","G Wiggins","H Honing"
"543","G Wiggins","P Loui"
"544","G Wiggins","D Muellensiefen"
"545","G Wiggins","M Pearce"
"546","G Wiggins","P Rebuschat"
"547","G Wiggins","M Rohrmeier"
"548","S Dennis","P Culicover"
"549","M Howard","P Culicover"
"550","M Howard","S Dennis"
"551","R Lewis","P Culicover"
"552","R Lewis","S Dennis"
"553","R Lewis","M Howard"
"554","B McElree","P Culicover"
"555","B McElree","S Dennis"
"556","B McElree","M Howard"
"557","B McElree","R Lewis"
"558","D Cosker","N Butcher"
"559","N Costen","N Butcher"
"560","N Costen","D Cosker"
"561","H Fang","N Butcher"
"562","H Fang","D Cosker"
"563","H Fang","N Costen"
"564","H Griffin","N Butcher"
"565","H Griffin","D Cosker"
"566","H Griffin","N Costen"
"567","H Griffin","H Fang"
"568","A Johnson","N Butcher"
"569","A Johnson","D Cosker"
"570","A Johnson","N Costen"
"571","A Johnson","H Fang"
"572","A Johnson","H Griffin"
"573","E Krumhuber","N Butcher"
"574","E Krumhuber","D Cosker"
"575","E Krumhuber","N Costen"
"576","E Krumhuber","H Fang"
"577","E Krumhuber","H Griffin"
"578","E Krumhuber","A Johnson"
"579","K Lander","N Butcher"
"580","K Lander","D Cosker"
"581","K Lander","N Costen"
"582","K Lander","H Fang"
"583","K Lander","H Griffin"
"584","K Lander","A Johnson"
"585","K Lander","E Krumhuber"
"586","D Marshall","N Butcher"
"587","D Marshall","D Cosker"
"588","D Marshall","N Costen"
"589","D Marshall","H Fang"
"590","D Marshall","H Griffin"
"591","D Marshall","A Johnson"
"592","D Marshall","E Krumhuber"
"593","D Marshall","K Lander"
"594","P Rosin","N Butcher"
"595","P Rosin","D Cosker"
"596","P Rosin","N Costen"
"597","P Rosin","H Fang"
"598","P Rosin","H Griffin"
"599","P Rosin","A Johnson"
"600","P Rosin","E Krumhuber"
"601","P Rosin","K Lander"
"602","P Rosin","D Marshall"
"603","M Christiansen","N Chater"
"604","T Griffiths","N Chater"
"605","T Griffiths","M Christiansen"
"606","S Kirby","N Chater"
"607","S Kirby","M Christiansen"
"608","S Kirby","T Griffiths"
"609","T Griffiths","R Goldstone"
"610","T Gureckis","R Goldstone"
"611","T Gureckis","T Griffiths"
"612","D Helbing","R Goldstone"
"613","D Helbing","T Griffiths"
"614","D Helbing","T Gureckis"
"615","L Steels","R Goldstone"
"616","L Steels","T Griffiths"
"617","L Steels","T Gureckis"
"618","L Steels","D Helbing"
"619","R Cancho","G Brown"
"620","J Holden","G Brown"
"621","J Holden","R Cancho"
"622","C Kello","G Brown"
"623","C Kello","R Cancho"
"624","C Kello","J Holden"
"625","K Linkenkaer-Hansen","G Brown"
"626","K Linkenkaer-Hansen","R Cancho"
"627","K Linkenkaer-Hansen","J Holden"
"628","K Linkenkaer-Hansen","C Kello"
"629","T Rhodes","G Brown"
"630","T Rhodes","R Cancho"
"631","T Rhodes","J Holden"
"632","T Rhodes","C Kello"
"633","T Rhodes","K Linkenkaer-Hansen"
"634","G Orden","G Brown"
"635","G Orden","R Cancho"
"636","G Orden","J Holden"
"637","G Orden","C Kello"
"638","G Orden","K Linkenkaer-Hansen"
"639","G Orden","T Rhodes"
"640","U Hahn","J Fox"
"641","M Oaksford","J Fox"
"642","M Oaksford","U Hahn"
"643","J Woods","J Fox"
"644","J Woods","U Hahn"
"645","J Woods","M Oaksford"
"646","F Eemeren","J Fox"
"647","F Eemeren","U Hahn"
"648","F Eemeren","M Oaksford"
"649","F Eemeren","J Woods"
"650","J Kielman","B Fisher"
"651","W Paley","B Fisher"
"652","W Paley","J Kielman"
"653","M Rester","B Fisher"
"654","M Rester","J Kielman"
"655","M Rester","W Paley"
"656","N Goodman","M Goldwater"
"657","G Murphy","M Goldwater"
"658","G Murphy","N Goodman"
"659","S Wechsler","M Goldwater"
"660","S Wechsler","N Goodman"
"661","S Wechsler","G Murphy"
"662","D Lobina","J Garcia-Albea"
"663","F Cummins","F Cummins"
"664","G Seli","G Seli"
"665","R Dale","G Caucci"
"666","J Roche","G Caucci"
"667","J Roche","R Dale"
"668","L Casasanto","L Casasanto"
"669","S Lindsay","M Gaskell"
"670","C Lebiere","B Best"
"671","K Oberauer","S Lewandowsky"
"672","M Jones","B Johns"
"673","J Frankenstein","H Bulthoff"
"674","T Meilinger","H Bulthoff"
"675","T Meilinger","J Frankenstein"
"676","B Mohler","H Bulthoff"
"677","B Mohler","J Frankenstein"
"678","B Mohler","T Meilinger"
"679","S Dennis","A Chapman"
"680","T Ormerod","C Dando"
"681","J Zacks","J Zacks"
"682","S Lu","W Goh"
"683","W Jung","J Hummel"
"684","J Thibaut","R French"
"685","M Vezneva","R French"
"686","M Vezneva","J Thibaut"
"687","D Gentner","S Flusberg"
"688","N Simms","S Flusberg"
"689","N Simms","D Gentner"
"690","N Oberholzer","R Minervo"
"691","M Trench","R Minervo"
"692","M Trench","N Oberholzer"
"693","R Goldstone","S Day"
"694","U Hahn","N Chater"
"695","C Hodgetts","N Chater"
"696","C Hodgetts","U Hahn"
"697","L h","L Cantrell"
"698","C Lawson","A Fisher"
"699","A Fisher","A Fisher"
"700","E Bussche","B Reynvoet"
"701","E Hannon","N Derakshan"
"702","A Richards","N Derakshan"
"703","A Richards","E Hannon"
"704","M Koushiou","M Avraamides"
"705","K Neokleous","M Avraamides"
"706","K Neokleous","M Koushiou"
"707","C Schizas","M Avraamides"
"708","C Schizas","M Koushiou"
"709","C Schizas","K Neokleous"
"710","G Zelinsky","L Loschky"
"711","B Marino","M Casagrande"
"712","A Marotta","M Casagrande"
"713","A Marotta","B Marino"
"714","D Martella","M Casagrande"
"715","D Martella","B Marino"
"716","D Martella","A Marotta"
"717","S Mereu","M Casagrande"
"718","S Mereu","B Marino"
"719","S Mereu","A Marotta"
"720","S Mereu","D Martella"
"721","I Vankov","I Vankov"
"723","K Tentori","V Crupi"
"724","M Sydow","M Sydow"
"726","K Koedinger","W Cohen"
"727","A Lee","W Cohen"
"728","A Lee","K Koedinger"
"729","N Matsuda","W Cohen"
"730","N Matsuda","K Koedinger"
"731","N Matsuda","A Lee"
"732","T Mitamura","K Koedinger"
"733","R Wylie","K Koedinger"
"734","R Wylie","T Mitamura"
"735","S Frank","S Frank"
"739","S Schwarzkopf","W Hachmann"
"740","S Schwarzkopf","L Konieczny"
"741","S Schwarzkopf","D Muller"
"742","S Wolfer","W Hachmann"
"743","S Wolfer","L Konieczny"
"744","S Wolfer","D Muller"
"745","S Wolfer","S Schwarzkopf"
"746","M Kutas","P Knoeferle"
"747","T Urbach","P Knoeferle"
"748","T Urbach","M Kutas"
"749","S Goldwater","S Frank"
"750","F Keller","S Frank"
"751","F Keller","S Goldwater"
"752","M Seidenberg","J Saffran"
"753","J Willits","J Saffran"
"754","J Willits","M Seidenberg"
"755","E Newport","R Aslin"
"756","P Reeder","R Aslin"
"757","P Reeder","E Newport"
"758","T Veale","Y Hao"
"759","M Colombetti","A Carassa"
"760","S Rogers","N Fay"
"761","N Swoboda","N Fay"
"762","N Swoboda","S Rogers"
"763","B Walker","N Fay"
"764","B Walker","S Rogers"
"765","B Walker","N Swoboda"
"766","W Petrusic","C Leth-Steensen"
"767","S Shaki","C Leth-Steensen"
"768","S Shaki","W Petrusic"
"769","M Kapur","J Huang"
"770","A Johnson","K Coventry"
"771","E Thompson","K Coventry"
"772","E Thompson","A Johnson"
"773","K Miyapuram","L Gregorios-Pippas"
"774","W Schultz","L Gregorios-Pippas"
"775","W Schultz","K Miyapuram"
"776","P Tobler","L Gregorios-Pippas"
"777","P Tobler","K Miyapuram"
"778","P Tobler","W Schultz"
"779","B Newell","F McDonald"
"780","F Ritter","S Kase"
"781","M Schoelles","S Kase"
"782","M Schoelles","F Ritter"
"783","M Rohrmeier","M Rohrmeier"
"784","D Tamir","J Mitchell"
"785","J Matthews","T Matlock"
"786","H Shin","M Choi"
"787","I Rodriguez-Gualda","S Moreno-Rios"
"788","Z Pylyshyn","H Haladjian"
"789","R White","H Haladjian"
"790","R White","Z Pylyshyn"
"791","M Dougherty","S Atkins"
"792","J Harbison","S Atkins"
"793","J Harbison","M Dougherty"
"794","D Navarro","L Maurits"
"795","A Prefors","L Maurits"
"796","A Prefors","D Navarro"
"797","J Minda","S Miles"
"798","D Liu","D Liu"
"799","J Zacks","C Kurby"
"800","S Revithis","S Revithis"
"801","B McLindin","D Calic"
"802","O Tzeng","R Chiou"
"803","D Wu","R Chiou"
"804","D Wu","O Tzeng"
"805","S Read","B Monroe"
"806","M Lee","S Begg"
"807","M Welsh","S Begg"
"808","M Welsh","M Lee"
"809","W Mankowski","P Bogunovich"
"810","D Salvucci","P Bogunovich"
"811","D Salvucci","W Mankowski"
"812","A Shokoufandeh","P Bogunovich"
"813","A Shokoufandeh","W Mankowski"
"814","A Shokoufandeh","D Salvucci"
"815","J Zevin","L Emberson"
"816","G Redeker","J Hoeks"
"817","L Stowe","J Hoeks"
"818","L Stowe","G Redeker"
"819","R Taylor","J Hoeks"
"820","R Taylor","G Redeker"
"821","R Taylor","L Stowe"
"822","M Tuason","C Guss"
"823","E Bos","M Christiansen"
"824","B Kokinov","V Feldman"
"825","J Krems","F Bocklish"
"826","K Mehlhorn","F Bocklish"
"827","K Mehlhorn","J Krems"
"828","S Kiyokawa","Z Dienes"
"829","K Shigemasu","Z Dienes"
"830","K Shigemasu","S Kiyokawa"
"831","D Tanaka","Z Dienes"
"832","D Tanaka","S Kiyokawa"
"833","D Tanaka","K Shigemasu"
"834","A Yamada","Z Dienes"
"835","A Yamada","S Kiyokawa"
"836","A Yamada","K Shigemasu"
"837","A Yamada","D Tanaka"
"838","M Palmovic","S Budimir"
"839","G Dulam","B Ambati"
"840","S Husain","B Ambati"
"841","S Husain","G Dulam"
"842","B Indurkhya","B Ambati"
"843","B Indurkhya","G Dulam"
"844","B Indurkhya","S Husain"
"845","J Marewski","A Coenen"
"846","N Li","P Langley"
"847","N Nejati","P Langley"
"848","N Nejati","N Li"
"849","D Stracuzzi","P Langley"
"850","D Stracuzzi","N Li"
"851","D Stracuzzi","N Nejati"
"852","L Hahn","L Hahn"
"853","A Hund","A Hund"
"854","G Miles","G Miles"
"855","C Zimmerman","A Masnick"
"856","M Steyvers","P Hemmer"
"857","B Matlen","A Fisher"
"858","S Ramesh","A Fisher"
"859","S Ramesh","B Matlen"
"860","J Rieskamp","H Nilsson"
"861","S Kang","J Black"
"862","S Kim","J Black"
"863","S Kim","S Kang"
"864","I Chang","E Bonawitz"
"865","H Gweon","E Bonawitz"
"866","H Gweon","I Chang"
"867","S Katz","E Bonawitz"
"868","S Katz","I Chang"
"869","S Katz","H Gweon"
"871","L Schulz","I Chang"
"873","L Schulz","S Katz"
"874","P Shafto","E Bonawitz"
"875","P Shafto","I Chang"
"876","P Shafto","H Gweon"
"877","P Shafto","S Katz"
"878","P Shafto","L Schulz"
"879","S Oosterwijk","A Fischer"
"880","D Pecher","A Fischer"
"881","D Pecher","S Oosterwijk"
"882","M Rotteveel","A Fischer"
"883","M Rotteveel","S Oosterwijk"
"884","M Rotteveel","D Pecher"
"885","P inkielman","A Fischer"
"886","P inkielman","S Oosterwijk"
"887","P inkielman","D Pecher"
"888","P inkielman","M Rotteveel"
"889","R Zeelenberg","A Fischer"
"890","R Zeelenberg","S Oosterwijk"
"891","R Zeelenberg","D Pecher"
"892","R Zeelenberg","M Rotteveel"
"893","R Zeelenberg","P inkielman"
"894","T Shultz","F Dandurand"
"895","S Lim","W Goh"
"896","S Frank","P Brakel"
"897","P Engelbrecht","P Engelbrecht"
"898","B Newell","M Heffernan"
"899","N Caramelli","P Bernardis"
"900","W Kinstsch","M Chen"
"901","Y Tzeng","M Chen"
"902","Y Tzeng","W Kinstsch"
"903","E Fujiwara","J Caplan"
"904","C Lau","J Caplan"
"905","C Lau","E Fujiwara"
"906","C Madan","J Caplan"
"907","C Madan","E Fujiwara"
"908","C Madan","C Lau"
"909","G Legendre","B Landau"
"910","L Rissman","B Landau"
"911","L Rissman","G Legendre"
"912","V Gilliland","J Dunn"
"913","D Navarro","J Dunn"
"914","D Navarro","V Gilliland"
"915","H Imai","K Askawa"
"916","A Tanaka","K Askawa"
"917","A Tanaka","H Imai"
"918","Y Paluy","L Boroditsky"
"919","J Spencer","A Buss"
"920","T Henetz","D Casasanto"
"921","R Goldstone","A Gerganov"
"922","M Grinberg","A Gerganov"
"923","M Grinberg","R Goldstone"
"924","B Stone","S Dennis"
"925","C Pals","T Andringa"
"926","A Lovett","K Forbus"
"927","B Bers","M Rajimakeers"
"928","B Forsyth","B Forsyth"
"929","C Castro","M Bueno"
"930","S Moreno-Rios","M Bueno"
"931","S Moreno-Rios","C Castro"
"932","J Roca","M Bueno"
"933","J Roca","C Castro"
"934","J Roca","S Moreno-Rios"
"935","Y Bestgen","Y Bestgen"
"936","F Keller","V Demberg"
"937","H Rijn","B Meijering"
"938","B Meder","Y Hagmayer"
"939","E Erofeeva","T Chernigovskaja"
"940","T Petrova","T Chernigovskaja"
"941","T Petrova","E Erofeeva"
"942","A Puettmann","M Imhof"
"943","R Vollmeyer","M Imhof"
"944","R Vollmeyer","A Puettmann"
"945","A Dils","L Boroditsky"
"946","J Winawer","L Boroditsky"
"947","J Winawer","A Dils"
"948","P Tupper","J Alderete"
"949","J Gavilan","J Garcia-Albea"
"950","F Maratos","S Crocker"
"951","Y Peirsman","S Deyne"
"952","G Storms","S Deyne"
"953","G Storms","Y Peirsman"
"954","R Shiffrin","G Kachergis"
"955","C Yu","G Kachergis"
"956","C Yu","R Shiffrin"
"957","M Raijmakers","K Huijpen"
"958","T Schijndel","K Huijpen"
"960","M Speekenbrink","M Osman"
"962","J Weast","M Riley"
"963","J Weast","K Shockley"
"964","K Wright","M Riley"
"965","K Wright","K Shockley"
"966","K Wright","J Weast"
"967","M Klein","A Heuvelink"
"968","R Lambalgen","A Heuvelink"
"969","R Lambalgen","M Klein"
"970","N Einecke","J Eggart"
"971","M Riad","J Eggart"
"972","M Riad","N Einecke"
"973","F Roehrbein","J Eggart"
"974","F Roehrbein","N Einecke"
"975","F Roehrbein","M Riad"
"976","M Mack","I Gauthier"
"977","T Palmeri","I Gauthier"
"978","T Palmeri","M Mack"
"979","J Richler","I Gauthier"
"980","J Richler","M Mack"
"981","J Richler","T Palmeri"
"982","T Kershaw","T Kershaw"
"983","R Ashley","R Ashley"
"984","S Hidaka","S Hidaka"
"985","D Gomez","S Varela"
"986","R Augusto","S Varela"
"987","R Augusto","D Gomez"
"988","F Macagno","S Varela"
"989","F Macagno","D Gomez"
"990","F Macagno","R Augusto"
"991","J Mehler","S Varela"
"992","J Mehler","D Gomez"
"993","J Mehler","R Augusto"
"994","J Mehler","F Macagno"
"995","M Tsitseroshin","D Tsaparina"
"996","A Maes","E Krahmer"
"997","L Mol","E Krahmer"
"998","L Mol","A Maes"
"999","M Swerts","E Krahmer"
"1000","M Swerts","A Maes"
"1001","M Swerts","L Mol"
"1002","L Urbas","N Pape"
"1003","L Suarez","W Goh"
"1004","P Jeuniaux","R Dale"
"1005","M Louwerse","R Dale"
"1006","M Louwerse","P Jeuniaux"
"1007","J Opfer","F Kanayet"
"1008","L Tommasi","D Marzoli"
"1009","F Parada","C Allen"
"1010","A Rossi","C Allen"
"1011","A Rossi","F Parada"
"1012","K Jasmin","D Casasanto"
"1013","M Lee","E Grothe"
"1014","M Steyvers","E Grothe"
"1015","M Steyvers","M Lee"
"1016","J Hoeks","D Dimitrova"
"1017","G Redeker","D Dimitrova"
"1019","A Fumero","D Beltran"
"1020","G Navarrete","D Beltran"
"1021","G Navarrete","A Fumero"
"1022","I Orenes","D Beltran"
"1023","I Orenes","A Fumero"
"1024","I Orenes","G Navarrete"
"1025","C Santamaria","D Beltran"
"1026","C Santamaria","A Fumero"
"1027","C Santamaria","G Navarrete"
"1028","C Santamaria","I Orenes"
"1029","A Chuderski","A Chuderska"
"1030","D Blettner","R Bettis"
"1031","S HU","R Bettis"
"1032","S HU","D Blettner"
"1033","W Chang","W Chang"
"1034","I Cosic","A Bedford"
"1035","L Valladares","A Bedford"
"1036","L Valladares","I Cosic"
"1037","H Sohn","K Do"
"1038","Z Yoo","K Do"
"1039","Z Yoo","H Sohn"
"1040","H Pigot","A Dion"
"1041","H Nakamura","H Nakamura"
"1042","N Sethuraman","N Atagi"
"1043","L Smith","N Atagi"
"1044","L Smith","N Sethuraman"
"1045","K Scheiter","P Gerjets"
"1046","A Schueler","P Gerjets"
"1047","A Schueler","K Scheiter"
"1048","M Amelsvoort","E Krahmer"
"1049","B Rehder","A Hoffman"
"1050","J Oberlander","S Kirby"
"1051","C Theisen","S Kirby"
"1052","C Theisen","J Oberlander"
"1053","P Gardenfors","P Gardenfors"
"1054","Z Israeli","S Gabay"
"1055","M Ouellet","S Gabay"
"1056","M Ouellet","Z Israeli"
"1057","J Santiago","S Gabay"
"1058","J Santiago","Z Israeli"
"1059","J Santiago","M Ouellet"
"1060","W Schaeken","E Gillard"
"1061","W Doorden","E Gillard"
"1062","W Doorden","W Schaeken"
"1063","L Verschaffel","E Gillard"
"1064","L Verschaffel","W Schaeken"
"1065","L Verschaffel","W Doorden"
"1066","P Strange","R McCloy"
"1067","J Marsh","A Reyes"
"1068","J Larusson","R Alterman"
"1069","G Wildt","D Bergsma"
"1070","V Glebkin","V Glebkin"
"1071","B Rottman","W Ahn"
"1073","A Rothe","S Beller"
"1074","A Rothe","A Bender"
"1075","K Ueda","H Fukuda"
"1076","M Goldwater","K Carbary"
"1077","M Tanenhaus","K Carbary"
"1078","M Tanenhaus","M Goldwater"
"1079","A Wills","F Milton"
"1080","F Ellinghaus","N Close"
"1081","A Heathcote","N Close"
"1082","A Heathcote","F Ellinghaus"
"1083","T Wright","N Close"
"1084","T Wright","F Ellinghaus"
"1085","T Wright","A Heathcote"
"1087","G Hardie","H Bulthoff"
"1088","G Hardie","J Frankenstein"
"1089","N Lahrnar","H Bulthoff"
"1090","N Lahrnar","J Frankenstein"
"1091","N Lahrnar","G Hardie"
"1092","H Mallot","H Bulthoff"
"1093","H Mallot","J Frankenstein"
"1094","H Mallot","G Hardie"
"1095","H Mallot","N Lahrnar"
"1098","T Meilinger","G Hardie"
"1099","T Meilinger","N Lahrnar"
"1100","T Meilinger","H Mallot"
"1101","J Schulte-Pelkum","H Bulthoff"
"1102","J Schulte-Pelkum","J Frankenstein"
"1103","J Schulte-Pelkum","G Hardie"
"1104","J Schulte-Pelkum","N Lahrnar"
"1105","J Schulte-Pelkum","H Mallot"
"1106","J Schulte-Pelkum","T Meilinger"
"1108","A Jansson","C Forkstam"
"1109","A Jansson","M Ingvar"
"1112","K Petersson","A Jansson"
"1113","H Ekhtiari","M Dehghani"
"1114","K Forbus","M Dehghani"
"1115","K Forbus","H Ekhtiari"
"1116","D Gentner","M Dehghani"
"1117","D Gentner","H Ekhtiari"
"1119","S Sachdeva","M Dehghani"
"1120","S Sachdeva","H Ekhtiari"
"1121","S Sachdeva","K Forbus"
"1122","S Sachdeva","D Gentner"
"1123","T Gog","F Paas"
"1124","K Mogi","T Herai"
"1125","J Rij","P Hendriks"
"1126","H Rijn","P Hendriks"
"1127","H Rijn","J Rij"
"1128","T Taira","T Kusumi"
"1129","U Krumnack","H Gust"
"1130","K Kuhnberger","H Gust"
"1131","K Kuhnberger","U Krumnack"
"1132","A Schwering","H Gust"
"1133","A Schwering","U Krumnack"
"1134","A Schwering","K Kuhnberger"
"1135","I Tarkka","E Mnatsakanian"
"1136","M Sadakata","P Desain"
"1137","R Timmers","P Desain"
"1138","R Timmers","M Sadakata"
"1139","M Doherty","R Anderson"
"1140","J Gilkey","R Anderson"
"1141","J Gilkey","M Doherty"
"1142","G Kjoll","G Kjoll"
"1143","C Forkstam","V Folia"
"1144","P Hagoort","V Folia"
"1145","P Hagoort","C Forkstam"
"1146","K Petersson","V Folia"
"1148","K Petersson","P Hagoort"
"1149","W Zuidema","V Ferdinand"
"1150","L Smith","M Kuwabara"
"1151","A Utsumi","M Sakmoto"
"1152","A Dimulescu","J Dessalles"
"1153","A Pavlenko","B Malt"
"1154","Z Estes","T Barry"
"1155","G Cree","B Amsel"
"1156","R Butler","C Asterhan"
"1157","B Schwarz","C Asterhan"
"1158","B Schwarz","R Butler"
"1159","P Leseman","P Cheng"
"1160","M Messer","P Cheng"
"1161","M Messer","P Leseman"
"1162","E Genuchten","P Cheng"
"1163","E Genuchten","P Leseman"
"1164","E Genuchten","M Messer"
"1165","P Li","S Chen"
"1166","X Zhao","S Chen"
"1167","X Zhao","P Li"
"1168","A Pyke","J LeFevre"
"1169","R Seri","D Secchi"
"1171","I Slingerland","M Mulder"
"1172","R Verbrugge","M Mulder"
"1173","R Verbrugge","I Slingerland"
"1174","E Vaart","M Mulder"
"1175","E Vaart","I Slingerland"
"1177","H Li","E Chang"
"1178","B Guimberteau","B Guimberteau"
"1179","P Gerjets","G Cierniak"
"1180","K Scheiter","G Cierniak"
"1182","O Macindoe","F Cushman"
"1183","C Kidd","R Aslin"
"1184","K White","R Aslin"
"1185","K White","C Kidd"
"1186","M Koushiou","E Constantinou"
"1187","N Heffernan","C Heffernan"
"1188","A Maharjan","C Heffernan"
"1189","A Maharjan","N Heffernan"
"1190","L Razzaq","C Heffernan"
"1191","L Razzaq","N Heffernan"
"1192","L Razzaq","A Maharjan"
"1193","P Shrestha","C Heffernan"
"1194","P Shrestha","N Heffernan"
"1195","P Shrestha","A Maharjan"
"1196","P Shrestha","L Razzaq"
"1197","X Wei","C Heffernan"
"1198","X Wei","N Heffernan"
"1199","X Wei","A Maharjan"
"1200","X Wei","L Razzaq"
"1201","X Wei","P Shrestha"
"1202","I Visser","I Visser"
"1203","N Hamzah","N Hamzah"
"1204","J Nickerson","J Ma"
"1205","Y Sakamoto","J Ma"
"1206","Y Sakamoto","J Nickerson"
"1207","J Knicely","A Frazer"
"1208","P O'Seaghdha","A Frazer"
"1209","P O'Seaghdha","J Knicely"
"1216","K Plunkett","J Mayor"
"1217","Y Miura","N Masataka"
"1218","R Sawada","N Masataka"
"1219","R Sawada","Y Miura"
"1220","V Izard","D Hyde"
"1221","S Lee","D Hyde"
"1222","S Lee","V Izard"
"1223","K Shapiro","D Hyde"
"1224","K Shapiro","V Izard"
"1225","K Shapiro","S Lee"
"1226","E Spelke","D Hyde"
"1227","E Spelke","V Izard"
"1228","E Spelke","S Lee"
"1229","E Spelke","K Shapiro"
"1230","N Winkler-Rhoades","D Hyde"
"1231","N Winkler-Rhoades","V Izard"
"1232","N Winkler-Rhoades","S Lee"
"1233","N Winkler-Rhoades","K Shapiro"
"1234","N Winkler-Rhoades","E Spelke"
"1235","G Mills","P Healey"
"1236","E Nichols","D Hofstadter"
"1237","J Pooley","M Lee"
"1238","W Shankle","M Lee"
"1239","W Shankle","J Pooley"
"1240","R Ardito","M Adenzato"
"1241","B Bara","M Adenzato"
"1242","B Bara","R Ardito"
"1243","A Ciaramidaro","M Adenzato"
"1244","A Ciaramidaro","R Ardito"
"1245","A Ciaramidaro","B Bara"
"1246","S Erk","M Adenzato"
"1247","S Erk","R Ardito"
"1248","S Erk","B Bara"
"1249","S Erk","A Ciaramidaro"
"1250","H Walter","M Adenzato"
"1251","H Walter","R Ardito"
"1252","H Walter","B Bara"
"1253","H Walter","A Ciaramidaro"
"1254","H Walter","S Erk"
"1255","N Vasic","M Adenzato"
"1256","N Vasic","R Ardito"
"1257","N Vasic","B Bara"
"1258","N Vasic","A Ciaramidaro"
"1259","N Vasic","S Erk"
"1260","N Vasic","H Walter"
"1261","S Brown","S Andrews"
"1262","C Donkin","S Andrews"
"1263","C Donkin","S Brown"
"1264","A Heathcote","S Andrews"
"1265","A Heathcote","S Brown"
"1266","A Heathcote","C Donkin"
"1267","T Farmer","R Dale"
"1269","J Roche","T Farmer"
"1270","J Zevin","R Dale"
"1272","J Zevin","J Roche"
"1273","J Klein","M Dye"
"1274","M Ramscar","M Dye"
"1275","M Ramscar","J Klein"
"1276","J Witten","M Dye"
"1277","J Witten","J Klein"
"1278","J Witten","M Ramscar"
"1279","M Walsh","J Anderson"
"1280","N Kalchbrenner","M Dye"
"1282","M Ramscar","N Kalchbrenner"
"1283","D Yarlett","M Dye"
"1284","D Yarlett","N Kalchbrenner"
"1285","D Yarlett","M Ramscar"
"1286","A Banks","A Banks"
"1287","G Siegle","C Schunn"
"1288","T Wong","C Schunn"
"1289","T Wong","G Siegle"
"1290","J Verhagen","J Verhagen"
"1291","J Jordan","C Coey"
"1292","K Tsiappoutas","C Coey"
"1293","K Tsiappoutas","J Jordan"
"1294","M Lee","J Dunn"
"1297","R Stephens","J Dunn"
"1298","R Stephens","M Lee"
"1299","R Stephens","D Navarro"
"1300","E Andonova","E Andonova"
"1301","P Cheng","R Barone"
"1302","T Shultz","D Schlimm"
"1303","F Gosselin","N Dupuis-Roy"
"1304","L Maanen","J Marewski"
"1305","C Caljouw","G Band"
"1306","I Christoffels","G Band"
"1307","I Christoffels","C Caljouw"
"1308","L Colzato","G Band"
"1309","L Colzato","C Caljouw"
"1310","L Colzato","I Christoffels"
"1311","N Schiller","G Band"
"1312","N Schiller","C Caljouw"
"1313","N Schiller","I Christoffels"
"1314","N Schiller","L Colzato"
"1315","S Wood","F Hussain"
"1316","V Micelli","J Beule"
"1317","R Trijp","J Beule"
"1318","R Trijp","V Micelli"
"1319","M Romano","M Romano"
"1320","K Snyder-Tapp","R Dale"
"1321","J Bryson","J Bryson"
"1322","M Kalish","M Kalish"
"1323","Y Gao","M Coen"
"1324","G Schrementi","M Gasser"
"1325","B Riou","L Brunel"
"1326","G Vallet","L Brunel"
"1327","G Vallet","B Riou"
"1328","R Versace","L Brunel"
"1329","R Versace","B Riou"
"1330","R Versace","G Vallet"
"1331","N Goodman","C Baker"
"1332","J Tenenbaum","C Baker"
"1334","A November","N Davidenko"
"1335","M Ramscar","N Davidenko"
"1336","M Ramscar","A November"
"1337","H Svensson","A Morse"
"1338","T Ziemke","A Morse"
"1339","T Ziemke","H Svensson"
"1340","G Villejoubert","G Villejoubert"
"1341","K Nakamura","K Nakamura"
"1342","M Bucciarelli","G Arduino"
"1343","C Meini","G Arduino"
"1344","C Meini","M Bucciarelli"
"1345","F Vinai","G Arduino"
"1346","F Vinai","M Bucciarelli"
"1347","F Vinai","C Meini"
"1348","S Brenman","E Bonawitz"
"1350","L Schulz","S Brenman"
"1351","M Hoover","A Ghane"
"1352","D Richardson","A Ghane"
"1353","D Richardson","M Hoover"
"1354","E Thom","C Sandhofer"
"1355","E Peng","S Kiyokawa"
"1356","K Ueda","S Kiyokawa"
"1357","K Ueda","E Peng"
"1358","Y Washida","S Kiyokawa"
"1359","Y Washida","E Peng"
"1360","Y Washida","K Ueda"
"1361","J McDonnell","T Gureckis"
"1362","G Garcia","R Cox"
"1363","C Weaver","M Anderson"
"1364","V Robinet","B Lemaire"
"1365","D Peebles","N Ali"
"1366","J McClelland","C Henderson"
"1367","M Kalish","T Griffiths"
"1368","C Lucas","T Griffiths"
"1369","C Lucas","M Kalish"
"1370","S Street","L Smith"
"1371","D Lagnado","N Chater"
"1372","E Yu","N Chater"
"1373","E Yu","D Lagnado"
"1374","J Dixon","R Byrne"
"1375","R Guttentag","R Byrne"
"1376","R Guttentag","J Dixon"
"1377","J Brasfield","L Barsalo"
"1378","S Gries","L Barsalo"
"1379","S Gries","J Brasfield"
"1380","C Wilson","L Barsalo"
"1381","C Wilson","J Brasfield"
"1382","C Wilson","S Gries"
"1383","Y Miura","T Matsui"
"1384","H Osanai","T Matsui"
"1385","H Osanai","Y Miura"
"1386","Y Tojo","T Matsui"
"1387","Y Tojo","Y Miura"
"1388","Y Tojo","H Osanai"
"1389","D Gentner","J Colhoun"
"1390","R Kim","N Heffernan"
"1391","N Krach","N Heffernan"
"1392","N Krach","R Kim"
"1393","R Weitz","N Heffernan"
"1394","R Weitz","R Kim"
"1395","R Weitz","N Krach"
"1396","J Sainz","M Lazaro"
"1398","G Koduri","G Koduri"
"1399","E Chiu","B Bridgeman"
"1400","M Hoover","B Bridgeman"
"1401","M Hoover","E Chiu"
"1402","J Quan","B Bridgeman"
"1403","J Quan","E Chiu"
"1404","J Quan","M Hoover"
"1405","S Rice","M Ouellet"
"1406","A Roman","M Ouellet"
"1407","A Roman","S Rice"
"1409","J Santiago","S Rice"
"1410","J Santiago","A Roman"
"1411","S Flusberg","L Boroditsky"
"1413","A Dils","S Flusberg"
"1414","G Campbell","C Callaway"
"1415","M Dzikovska","C Callaway"
"1416","M Dzikovska","G Campbell"
"1417","E Fallow","C Callaway"
"1418","E Fallow","G Campbell"
"1419","E Fallow","M Dzikovska"
"1420","J Moore","C Callaway"
"1421","J Moore","G Campbell"
"1422","J Moore","M Dzikovska"
"1423","J Moore","E Fallow"
"1424","N Steinhauser","C Callaway"
"1425","N Steinhauser","G Campbell"
"1426","N Steinhauser","M Dzikovska"
"1427","N Steinhauser","E Fallow"
"1428","N Steinhauser","J Moore"
"1432","L Maccari","M Casagrande"
"1434","A Marotta","L Maccari"
"1436","D Martella","L Maccari"
"1438","A Raffone","M Casagrande"
"1439","A Raffone","L Maccari"
"1440","A Raffone","A Marotta"
"1441","A Raffone","D Martella"
"1442","M Sebastiani","M Casagrande"
"1443","M Sebastiani","L Maccari"
"1444","M Sebastiani","A Marotta"
"1445","M Sebastiani","D Martella"
"1446","M Sebastiani","A Raffone"
"1447","M Chanceaux","T Baccino"
"1448","A Guerin-Dugue","T Baccino"
"1449","A Guerin-Dugue","M Chanceaux"
"1450","B Lemaire","T Baccino"
"1451","B Lemaire","M Chanceaux"
"1452","B Lemaire","A Guerin-Dugue"
"1453","S Dennis","S Dennis"
"1454","U Waltinger","I Cramer"
"1455","T Wandmacher","I Cramer"
"1456","T Wandmacher","U Waltinger"
"1457","E Spelke","S Carey"
"1458","N Winkler-Rhoades","S Carey"
"1460","A Jarvstad","U Hahn"
"1461","P Langley","G Cleveland"
"1462","N Li","G Cleveland"
"1464","D Stracuzzi","G Cleveland"
"1467","G Borensztajn","R Bod"
"1468","W Zuidema","R Bod"
"1469","W Zuidema","G Borensztajn"
"1470","W Frankenhuis","S Carey"
"1471","L Thosen","S Carey"
"1472","L Thosen","W Frankenhuis"
"1473","B Walker-Meade","S Carey"
"1474","B Walker-Meade","W Frankenhuis"
"1475","B Walker-Meade","L Thosen"
"1476","A Wolf","M Knauff"
"1477","A Janyan","A Danz"
"1478","G Villejoubert","M Juanchich"
"1479","B Sarnecka","J Negen"
"1480","D Markant","T Gureckis"
"1481","N Chater","E Blagrove"
"1482","M Ellefson","E Blagrove"
"1483","M Ellefson","N Chater"
"1484","A Molzhon","E Blagrove"
"1485","A Molzhon","N Chater"
"1486","A Molzhon","M Ellefson"
"1487","V Haltakov","M Grinberg"
"1488","S Kostadinov","M Grinberg"
"1489","S Kostadinov","V Haltakov"
"1490","K Kyriazov","M Grinberg"
"1491","K Kyriazov","V Haltakov"
"1492","K Kyriazov","S Kostadinov"
"1493","H Laftchiev","M Grinberg"
"1494","H Laftchiev","V Haltakov"
"1495","H Laftchiev","S Kostadinov"
"1496","H Laftchiev","K Kyriazov"
"1497","T Nokes","S Gadgil"
"1498","K Do","K Adachi"
"1499","Y Kawasaki","K Adachi"
"1500","Y Kawasaki","K Do"
"1501","K Manktelow","K Adachi"
"1502","K Manktelow","K Do"
"1503","K Manktelow","Y Kawasaki"
"1504","H Mercier","K Adachi"
"1505","H Mercier","K Do"
"1506","H Mercier","Y Kawasaki"
"1507","H Mercier","K Manktelow"
"1508","J Henst","K Adachi"
"1509","J Henst","K Do"
"1510","J Henst","Y Kawasaki"
"1511","J Henst","K Manktelow"
"1512","J Henst","H Mercier"
"1513","H Yama","K Adachi"
"1514","H Yama","K Do"
"1515","H Yama","Y Kawasaki"
"1516","H Yama","K Manktelow"
"1517","H Yama","H Mercier"
"1518","H Yama","J Henst"
"1519","B Lee","N Choi"
"1520","D Lee","N Choi"
"1521","D Lee","B Lee"
"1522","M Sohn","N Choi"
"1523","M Sohn","B Lee"
"1524","M Sohn","D Lee"
"1525","J Ryu","N Choi"
"1526","J Ryu","B Lee"
"1527","J Ryu","D Lee"
"1528","J Ryu","M Sohn"
"1529","J Martin","T Griffiths"
"1531","A Sanborn","J Martin"
"1532","A D'Angiulli","I Bokkon"
"1533","U Obaidellah","P Cheng"
"1534","M Unterhuber","M Unterhuber"
"1535","B Burns","B Burns"
"1536","S Mewaldt","K Hachey"
"1537","D Trumpower","K Hachey"
"1538","D Trumpower","S Mewaldt"
"1539","A Montebelli","R Lowe"
"1540","T Ziemke","R Lowe"
"1541","T Ziemke","A Montebelli"
"1542","J Hulbert","M Anderson"
"1543","H Choi","J Choi"
"1544","K Do","J Choi"
"1545","K Do","H Choi"
"1546","J Borge-Holthoefer","A Arenas"
"1547","R Thomson","J Davies"
"1548","L Schulz","C Cook"
"1549","W Frost","M Bugajska"
"1550","G Trafton","M Bugajska"
"1551","G Trafton","W Frost"
"1552","Z Yucel","A Salah"
"1553","K Grill-Spector","N Davidenko"
"1554","N Witthoft","N Davidenko"
"1555","N Witthoft","K Grill-Spector"
"1556","T Matlock","M Greenwood"
"1557","B Imhof","P Gerjets"
"1559","K Scheiter","B Imhof"
"1560","N Kim","W Ahn"
"1562","B Rottman","N Kim"
"1563","C Sanislow","W Ahn"
"1564","C Sanislow","N Kim"
"1565","C Sanislow","B Rottman"
"1566","L Kester","L Kester"
"1567","Y Rosseel","M Schryver"
"1568","K Vandist","M Schryver"
"1569","K Vandist","Y Rosseel"
"1570","P Parpart","E Cokley"
"1571","L Schooler","E Cokley"
"1572","L Schooler","P Parpart"
"1573","T Fangmeier","A Bittner"
"1574","L Konieczny","A Bittner"
"1575","L Konieczny","T Fangmeier"
"1576","M Ragni","A Bittner"
"1577","M Ragni","T Fangmeier"
"1578","M Ragni","L Konieczny"
"1579","M Tong","G Cottrell"
"1580","L Zhang","G Cottrell"
"1581","L Zhang","M Tong"
"1582","A Godfroid","F Boers"
"1583","A Housen","F Boers"
"1584","A Housen","A Godfroid"
"1585","G Kachergis","T Gangwani"
"1586","C Yu","T Gangwani"
"1588","S Honiden","N Nailah"
"1589","K Paller","R Morrison"
"1590","P Reber","R Morrison"
"1591","P Reber","K Paller"
"1592","C Yu","K Klein"
"1593","S Karanam","B Indurkhya"
"1594","M Melguizo","B Indurkhya"
"1595","M Melguizo","S Karanam"
"1596","H Oostendorp","B Indurkhya"
"1597","H Oostendorp","S Karanam"
"1598","H Oostendorp","M Melguizo"
"1599","D Choi","D Choi"
"1600","M Blades","J Bek"
"1601","M Siegal","J Bek"
"1602","M Siegal","M Blades"
"1603","R Varley","J Bek"
"1604","R Varley","M Blades"
"1605","R Varley","M Siegal"
"1606","D Hendrickson","E Chaffin"
"1607","L Thompson","E Chaffin"
"1608","L Thompson","D Hendrickson"
"1609","D Pettit","J Knobe"
"1610","I Hodges","N Braisby"
"1611","R Raine","R Raine"
"1612","A Samsonovich","A Samsonovich"
"1613","G Lupyan","M Ferguson"
"1614","M Spivey","M Ferguson"
"1615","M Spivey","G Lupyan"
"1616","M Wojnowicz","M Ferguson"
"1617","M Wojnowicz","G Lupyan"
"1618","M Wojnowicz","M Spivey"
"1619","J Davies","H Burch"
"1620","J Schoenherr","H Burch"
"1621","J Schoenherr","J Davies"
"1622","R Thomson","H Burch"
"1624","R Thomson","J Schoenherr"
"1625","T Stewart","A Gormley"
"1626","D Yurovsky","C Yucel"
"1627","R Morrsion","L Doumas"
"1628","L Richland","L Doumas"
"1629","L Richland","R Morrsion"
"1630","P Gerjets","M Dorr"
"1631","H Jarodzka","M Dorr"
"1632","H Jarodzka","P Gerjets"
"1633","K Scheiter","M Dorr"
"1635","K Scheiter","H Jarodzka"
"1636","T Gog","M Dorr"
"1637","T Gog","P Gerjets"
"1638","T Gog","H Jarodzka"
"1639","T Gog","K Scheiter"
"1641","Y Sandamirskaya","J Lipinski"
"1642","G Schoner","J Lipinski"
"1643","G Schoner","Y Sandamirskaya"
"1644","P Dodds","S Brown"
"1645","C donkin","S Brown"
"1646","C donkin","P Dodds"
"1648","A Heathcote","P Dodds"
"1649","A Heathcote","C donkin"
"1650","D Stark","J Choplin"
"1651","B Jolie","D Jim"
"1652","J Schoenherr","D Jim"
"1653","J Schoenherr","B Jolie"
"1655","E Valenza","H Bulf"
"1656","H Pfister","M Oehl"
"1657","S Sachdeva","D Medin"
"1658","S Wallot","G Orden"
"1659","L Feenstra","F Cnossen"
"1660","M Grapengeter","F Cnossen"
"1661","M Grapengeter","L Feenstra"
"1662","S Wierda","F Cnossen"
"1663","S Wierda","L Feenstra"
"1664","S Wierda","M Grapengeter"
"1665","S Thompson-Schill","E Chrysikou"
"1666","A Loehrlein","A Loehrlein"
"1667","J Lorenceau","A Campagne"
"1668","J Martinerie","A Campagne"
"1669","J Martinerie","J Lorenceau"
"1670","B renault","A Campagne"
"1671","B renault","J Lorenceau"
"1672","B renault","J Martinerie"
"1673","N Goodman","D Barner"
"1674","L Schmidt","D Barner"
"1675","L Schmidt","N Goodman"
"1676","J Tenenbaum","D Barner"
"1678","J Tenenbaum","L Schmidt"
"1680","R Minervino","A Martin"
"1681","M Trench","A Martin"
"1682","M Trench","R Minervino"
"1683","D Klenovsak","F Hartung"
"1684","L Santos","F Hartung"
"1685","L Santos","D Klenovsak"
"1686","C Strobl","F Hartung"
"1687","C Strobl","D Klenovsak"
"1688","C Strobl","L Santos"
"1689","D Zaefferer","F Hartung"
"1690","D Zaefferer","D Klenovsak"
"1691","D Zaefferer","L Santos"
"1692","D Zaefferer","C Strobl"
"1693","S Leijnen","L Gabora"
"1694","B O'Connor","L Gabora"
"1695","B O'Connor","S Leijnen"
"1696","J Choplin","A Bloomfield"
"1697","V Ferrari","C Blattler"
"1698","E Marmeche","C Blattler"
"1699","E Marmeche","V Ferrari"
"1700","A Franco","A Destrebecqz"
"1701","M Shotts","J Gold"
"1702","B Tjan","J Gold"
"1703","B Tjan","M Shotts"
"1704","B Newell","O Griffiths"
"1705","Y Song","S Fitneva"
"1706","A Smith","R Blythe"
"1707","K Smith","R Blythe"
"1708","K Smith","A Smith"
"1709","D Knill","L Issen"
"1710","E Huddleston","M Anderson"
"1711","J DeLong","K Agres"
"1712","M Spivey","K Agres"
"1713","M Spivey","J DeLong"
"1715","J Shook","M Riley"
"1716","J Shook","K Shockley"
"1717","E White","M Riley"
"1718","E White","K Shockley"
"1719","E White","J Shook"
"1720","L Chen","M Blair"
"1721","K Meier","M Blair"
"1722","K Meier","L Chen"
"1723","M Watson","M Blair"
"1724","M Watson","L Chen"
"1725","M Watson","K Meier"
"1726","U Wong","M Blair"
"1727","U Wong","L Chen"
"1728","U Wong","K Meier"
"1729","U Wong","M Watson"
"1730","M Wood","M Blair"
"1731","M Wood","L Chen"
"1732","M Wood","K Meier"
"1733","M Wood","M Watson"
"1734","M Wood","U Wong"
"1735","A Perfors","D Navarro"
"1736","A Schwering","A Schwering"
"1737","A Samsonovich","A Kitsantas"
"1738","M Cruciani","M Cruciani"
"1739","T Griffiths","J Austerweil"
"1740","P O'Connor","L Feldman"
"1741","F Both","J Treur"
"1742","M Hoogendoorn","J Treur"
"1743","M Hoogendoorn","F Both"
"1744","R Oorburg","J Treur"
"1745","R Oorburg","F Both"
"1746","R Oorburg","M Hoogendoorn"
"1747","M Vos","J Treur"
"1748","M Vos","F Both"
"1749","M Vos","M Hoogendoorn"
"1750","M Vos","R Oorburg"
"1751","R Lambalgen","J Treur"
"1752","R Lambalgen","F Both"
"1753","R Lambalgen","M Hoogendoorn"
"1754","R Lambalgen","R Oorburg"
"1755","R Lambalgen","M Vos"
"1757","J Hallam","D Galbraith"
"1758","N Bigot","D Galbraith"
"1759","N Bigot","J Hallam"
"1760","T Olive","D Galbraith"
"1761","T Olive","J Hallam"
"1762","T Olive","N Bigot"
"1763","G Vigliocco","M Andrews"
"1764","T Griffiths","N Goodman"
"1767","E Vul","N Goodman"
"1770","A Maas","C Kemp"
"1771","L Magnani","L Magnani"
"1772","K Uttich","T Lombrozo"
"1774","M Lee","A Habibi"
"1775","J Winawer","N Davidenko"
"1777","N Witthoft","J Winawer"
"1778","M Pomplun","A Hwang"
"1779","H Wang","A Hwang"
"1780","H Wang","M Pomplun"
"1781","K Schloss","S Palmer"
"1782","T Busey","L Blaha"
"1783","J Townsend","L Blaha"
"1784","J Townsend","T Busey"
"1786","P Zulkifli","P Cheng"
"1787","P Todd","B Scheibehenne"
"1788","B Wansink","B Scheibehenne"
"1789","B Wansink","P Todd"
"1790","T Griffiths","A Beppu"
"1791","A Kaznatcheev","M Hartshorn"
"1792","T Shultz","M Hartshorn"
"1793","T Shultz","A Kaznatcheev"
"1795","G Jenkins","L Boroditsky"
"1796","G Jenkins","S Flusberg"
"1797","P Jeauniaux","N Benesh"
"1798","M Louwerse","N Benesh"
"1799","M Louwerse","P Jeauniaux"
"1800","D Vargheese","N Benesh"
"1801","D Vargheese","P Jeauniaux"
"1802","D Vargheese","M Louwerse"
"1803","S Watanabe","N Benesh"
"1804","S Watanabe","P Jeauniaux"
"1805","S Watanabe","M Louwerse"
"1806","S Watanabe","D Vargheese"
"1807","B Zhang","N Benesh"
"1808","B Zhang","P Jeauniaux"
"1809","B Zhang","M Louwerse"
"1810","B Zhang","D Vargheese"
"1811","B Zhang","S Watanabe"
"1812","D Lynott","L Connell"
"1816","P Monaghan","K Mattock"
"1817","D Ichinco","M Frank"
"1818","R Saxe","M Frank"
"1819","R Saxe","D Ichinco"
"1820","L Kearney","B Hayes"
"1821","D Casasanto","L Boroditsky"
"1822","O Fotakopoulou","L Boroditsky"
"1823","O Fotakopoulou","D Casasanto"
"1824","A Hendrickson","R Goldstone"
"1825","J Williams","T Lombrozo"
"1826","M Jones","M Jones"
"1827","A Markman","W Maddox"
"1828","D Worthy","W Maddox"
"1829","D Worthy","A Markman"
"1830","L Ferrand","P Bonin"
"1831","M Mermillod","P Bonin"
"1832","M Mermillod","L Ferrand"
"1833","T Morisseau","P Bonin"
"1834","T Morisseau","L Ferrand"
"1835","T Morisseau","M Mermillod"
"1836","A Meot","P Bonin"
"1837","A Meot","L Ferrand"
"1838","A Meot","M Mermillod"
"1839","A Meot","T Morisseau"
"1841","E Morgan","R Bod"
"1842","E Morgan","G Borensztajn"
"1844","P Antoine","A Cleeremans"
"1845","B Timmermans","A Cleeremans"
"1846","B Timmermans","P Antoine"
"1847","S D'Souza","S Abdallah"
"1848","Y Gal","S Abdallah"
"1849","Y Gal","S D'Souza"
"1850","P Pasquier","S Abdallah"
"1851","P Pasquier","S D'Souza"
"1852","P Pasquier","Y Gal"
"1853","I Rahwan","S Abdallah"
"1854","I Rahwan","S D'Souza"
"1855","I Rahwan","Y Gal"
"1856","I Rahwan","P Pasquier"
"1857","R Iliev","M Dehghani"
"1858","S Kaufmann","M Dehghani"
"1859","S Kaufmann","R Iliev"
"1860","H Spada","A Meier"
"1861","K Kantartzis","M Imai"
"1862","S Kita","M Imai"
"1863","S Kita","K Kantartzis"
"1864","M Toyota","M Kitajima"
"1865","H Khamar","M Ellefson"
"1866","C Schunn","M Ellefson"
"1867","C Schunn","H Khamar"
"1869","P Thompson","Z Estes"
"1870","C Janssen","D Brumby"
"1871","S Lourenco","J Bonny"
"1873","H Paton","B Hayes"
"1874","H Paton","B Newell"
"1875","J Roeer","P Beaman"
"1876","M Dumitru","M Dumitru"
"1888","D Connor","D Connor"
"1889","G Pobric","M Drakesmith"
"1890","S Welbourne","M Drakesmith"
"1891","S Welbourne","G Pobric"
"1892","M Mutafchieva","B Kokinov"
"1893","S Wintermute","J Laird"
"1894","A Markman","M Goldwater"
"1895","J Rein","M Goldwater"
"1896","J Rein","A Markman"
"1897","R Wylie","B Shih"
"1898","L Smith","V Benitez"
"1899","J Hsiao","G Cottrell"
"1900","U Hahn","L DeGregerio"
"1901","C Walsh","L DeGregerio"
"1902","C Walsh","U Hahn"
"1903","O Lappi","T Hakala"
"1904","A Rusanen","T Hakala"
"1905","A Rusanen","O Lappi"
"1906","M Greenlee","T Fangmeier"
"1907","M Knauff","T Fangmeier"
"1908","M Knauff","M Greenlee"
"1909","M Raabe","T Fangmeier"
"1910","M Raabe","M Greenlee"
"1911","M Raabe","M Knauff"
"1912","A Kinnell","S Dennis"
"1914","N McNeil","N Crooks"
"1915","S Khemlani","S Glucksberg"
"1916","S Leslie","S Glucksberg"
"1917","S Leslie","S Khemlani"
"1918","S Prasada","S Glucksberg"
"1919","S Prasada","S Khemlani"
"1920","S Prasada","S Leslie"
"1921","H Mendonca","B Macq"
"1922","O Vybornova","B Macq"
"1923","O Vybornova","H Mendonca"
"1924","H Rijn","L Maanen"
"1925","L Shahbazyan","B Kokinov"
"1926","L Jung","K Hamburger"
"1927","C Wranke","K Hamburger"
"1928","C Wranke","L Jung"
"1929","E Scott","J Horst"
"1930","L Konieczny","P Baumann"
"1931","D Muller","P Baumann"
"1933","H Weldle","P Baumann"
"1934","H Weldle","L Konieczny"
"1935","H Weldle","D Muller"
"1936","S Wolfer","P Baumann"
"1939","S Wolfer","H Weldle"
"1940","T Kojima","T Kojima"
"1941","D Graham","J Friedenberg"
"1942","D Rockmore","J Friedenberg"
"1943","D Rockmore","D Graham"
"1944","P Shafto","C Baker"
"1946","J Tenenbaum","P Shafto"
"1947","R Warner","C Baker"
"1948","R Warner","P Shafto"
"1949","R Warner","J Tenenbaum"
"1950","T Muratore","J Coley"
"1951","N Vasilyeva","J Coley"
"1952","N Vasilyeva","T Muratore"
"1953","A Renkl","V Aleven"
"1954","R Salden","V Aleven"
"1955","R Salden","A Renkl"
"1956","R Schwonke","V Aleven"
"1957","R Schwonke","A Renkl"
"1958","R Schwonke","R Salden"
"1960","P Hristova","P Hristova"
"1961","R Liu","L Emberson"
"1964","D Mirman","R Kubat"
"1965","D Roy","R Kubat"
"1966","D Roy","D Mirman"
"1967","M Bucciarelli","M Bucciarelli"
"1968","C Frith","N Chater"
"1969","R Raafat","N Chater"
"1970","R Raafat","C Frith"
"1971","J Kimmerle","U Cress"
"1972","J Moskaliuk","U Cress"
"1973","J Moskaliuk","J Kimmerle"
"1974","M Misirlisoy","N Atalay"
"1975","R Kawashima","T Kambara"
"1976","N Miura","T Kambara"
"1977","N Miura","R Kawashima"
"1978","T Miyamoto","T Kambara"
"1979","T Miyamoto","R Kawashima"
"1980","T Miyamoto","N Miura"
"1981","S Sato","T Kambara"
"1982","S Sato","R Kawashima"
"1983","S Sato","N Miura"
"1984","S Sato","T Miyamoto"
"1985","K Tahahashi","T Kambara"
"1986","K Tahahashi","R Kawashima"
"1987","K Tahahashi","N Miura"
"1988","K Tahahashi","T Miyamoto"
"1989","K Tahahashi","S Sato"
"1990","D Takahashi","T Kambara"
"1991","D Takahashi","R Kawashima"
"1992","D Takahashi","N Miura"
"1993","D Takahashi","T Miyamoto"
"1994","D Takahashi","S Sato"
"1995","D Takahashi","K Tahahashi"
"1996","S Yokoyama","T Kambara"
"1997","S Yokoyama","R Kawashima"
"1998","S Yokoyama","N Miura"
"1999","S Yokoyama","T Miyamoto"
"2000","S Yokoyama","S Sato"
"2001","S Yokoyama","K Tahahashi"
"2002","S Yokoyama","D Takahashi"
"2009","H Shen","A Pereira"
"2010","L Smith","A Pereira"
"2011","L Smith","H Shen"
"2012","C Yu","A Pereira"
"2013","C Yu","H Shen"
"2014","C Yu","L Smith"
"2015","P Cheng","C Carroll"
"2016","L Ding","S Dennis"
"2017","D Mehay","S Dennis"
"2018","D Mehay","L Ding"
"2019","H Cheung","C Chen"
"2020","C Wu","C Chen"
"2021","C Wu","H Cheung"
"2022","C Yu","C Chen"
"2023","C Yu","H Cheung"
"2024","C Yu","C Wu"
"2025","M Jones","T HIlls"
"2026","P Todd","T HIlls"
"2027","P Todd","M Jones"
"2028","B Newell","M Lee"
"2030","A Rahman","S Soroya"
"2031","B Boulay","S Soroya"
"2032","B Boulay","A Rahman"
"2036","L Fast","J Bisnaz"
"2037","D Kamawar","J Bisnaz"
"2038","D Kamawar","L Fast"
"2039","J LeFevre","J Bisnaz"
"2040","J LeFevre","L Fast"
"2041","J LeFevre","D Kamawar"
"2042","M Penner-Wilger","J Bisnaz"
"2043","M Penner-Wilger","L Fast"
"2044","M Penner-Wilger","D Kamawar"
"2045","M Penner-Wilger","J LeFevre"
"2046","S Skwarchuk","J Bisnaz"
"2047","S Skwarchuk","L Fast"
"2048","S Skwarchuk","D Kamawar"
"2049","S Skwarchuk","J LeFevre"
"2050","S Skwarchuk","M Penner-Wilger"
"2051","B Smith-Chant","J Bisnaz"
"2052","B Smith-Chant","L Fast"
"2053","B Smith-Chant","D Kamawar"
"2054","B Smith-Chant","J LeFevre"
"2055","B Smith-Chant","M Penner-Wilger"
"2056","B Smith-Chant","S Skwarchuk"
"2057","A Tuerk","L Feigenson"
"2058","M Yamaguchi","L Feigenson"
"2059","M Yamaguchi","A Tuerk"
"2060","R Kastuririangan","Y Gal"
"2061","A Pfeffer","Y Gal"
"2062","A Pfeffer","R Kastuririangan"
"2063","W Richards","Y Gal"
"2064","W Richards","R Kastuririangan"
"2065","W Richards","A Pfeffer"
"2066","H Hayashi","H Hayashi"
"2067","M Kean","D Hung"
"2068","J Tabares","D Hung"
"2069","J Tabares","M Kean"
"2070","P Tu","D Hung"
"2071","P Tu","M Kean"
"2072","P Tu","J Tabares"
"2073","O Tzeng","D Hung"
"2074","O Tzeng","M Kean"
"2075","O Tzeng","J Tabares"
"2076","O Tzeng","P Tu"
"2077","D Wu","D Hung"
"2078","D Wu","M Kean"
"2079","D Wu","J Tabares"
"2080","D Wu","P Tu"
"2082","A Pogue","J Hartshorne"
"2083","J Snedeker","J Hartshorne"
"2084","J Snedeker","A Pogue"
"2085","K Hoshi","H Hashizume"
"2086","H Jeong","H Hashizume"
"2087","H Jeong","K Hoshi"
"2088","T Kambara","H Hashizume"
"2089","T Kambara","K Hoshi"
"2090","T Kambara","H Jeong"
"2091","R Kawashima","H Hashizume"
"2092","R Kawashima","K Hoshi"
"2093","R Kawashima","H Jeong"
"2095","T Ogawa","H Hashizume"
"2096","T Ogawa","K Hoshi"
"2097","T Ogawa","H Jeong"
"2098","T Ogawa","T Kambara"
"2099","T Ogawa","R Kawashima"
"2100","K Takahashi","H Hashizume"
"2101","K Takahashi","K Hoshi"
"2102","K Takahashi","H Jeong"
"2103","K Takahashi","T Kambara"
"2104","K Takahashi","R Kawashima"
"2105","K Takahashi","T Ogawa"
"2106","S Yokoyama","H Hashizume"
"2107","S Yokoyama","K Hoshi"
"2108","S Yokoyama","H Jeong"
"2111","S Yokoyama","T Ogawa"
"2112","S Yokoyama","K Takahashi"
"2113","H Shimada","H Shimada"
"2114","K Levering","K Kurtz"
"2115","D Calvillo","D Calvillo"
"2116","S Asakawa","S Asakawa"
"2117","H Risku","E Mayr"
"2118","M Smuc","E Mayr"
"2119","M Smuc","H Risku"
"2120","F Windhager","E Mayr"
"2121","F Windhager","H Risku"
"2122","F Windhager","M Smuc"
"2123","T Stewart","C Lebiere"
"2124","R West","C Lebiere"
"2125","R West","T Stewart"
"2126","M Okada","K Mineshima"
"2127","Y Sato","K Mineshima"
"2128","Y Sato","M Okada"
"2129","R Takemura","K Mineshima"
"2130","R Takemura","M Okada"
"2131","R Takemura","Y Sato"
"2132","S Dehaene","L Cohen"
"2133","L Naccache","L Cohen"
"2134","L Naccache","S Dehaene"
"2135","E Qiao","L Cohen"
"2136","E Qiao","S Dehaene"
"2137","E Qiao","L Naccache"
"2138","M Szwed","L Cohen"
"2139","M Szwed","S Dehaene"
"2140","M Szwed","L Naccache"
"2141","M Szwed","E Qiao"
"2142","R Valabregue","L Cohen"
"2143","R Valabregue","S Dehaene"
"2144","R Valabregue","L Naccache"
"2145","R Valabregue","E Qiao"
"2146","R Valabregue","M Szwed"
"2147","F Vinckier","L Cohen"
"2148","F Vinckier","S Dehaene"
"2149","F Vinckier","L Naccache"
"2150","F Vinckier","E Qiao"
"2151","F Vinckier","M Szwed"
"2152","F Vinckier","R Valabregue"
"2153","J Williams","P Rebuschat"
"2154","V Savova","F Jaekel"
"2155","J Tenenbaum","F Jaekel"
"2156","J Tenenbaum","V Savova"
"2157","P Hagoort","D Casasanto"
"2158","R Willems","D Casasanto"
"2159","R Willems","P Hagoort"
"2160","B Newell","A Camilleri"
"2161","B Nanay","B Nanay"
"2162","M Dopel","M Dopel"
"2163","P Frenbach","A Darlow"
"2164","N Hutchinson","T Curran"
"2165","Y Munakata","T Curran"
"2166","Y Munakata","N Hutchinson"
"2167","E Nyhus","T Curran"
"2168","E Nyhus","N Hutchinson"
"2169","E Nyhus","Y Munakata"
"2170","H Snyder","T Curran"
"2171","H Snyder","N Hutchinson"
"2172","H Snyder","Y Munakata"
"2173","H Snyder","E Nyhus"
"2189","K Ferrara","F Balcomb"
"2190","N Newcombe","F Balcomb"
"2191","N Newcombe","K Ferrara"
"2193","E Forster","K Dunbar"
"2195","K Plunkett","V Kovic"
"2196","G Westermann","V Kovic"
"2197","G Westermann","K Plunkett"
"2198","F Gobet","D Freudenthal"
"2199","J Pine","D Freudenthal"
"2200","J Pine","F Gobet"
"2201","S Sloman","G Gronchi"
"2202","J McClelland","L Boroditsky"
"2203","P Thibodeau","L Boroditsky"
"2204","P Thibodeau","J McClelland"
"2205","B Gokcesu","B Gokcesu"
"2206","M Damian","N Dumay"
"2207","M Perez","N Dumay"
"2208","M Perez","M Damian"
"2209","H Stadthagen-Gonzales","N Dumay"
"2210","H Stadthagen-Gonzales","M Damian"
"2211","H Stadthagen-Gonzales","M Perez"
"2212","M Staudte","M Crocker"
"2219","K Yoshimoto","T Kambara"
"2220","K Yoshimoto","R Kawashima"
"2221","K Yoshimoto","K Takahashi"
"2222","K Yoshimoto","S Yokoyama"
"2223","J Kim","J Chun"
"2224","S Kim","J Chun"
"2225","S Kim","J Kim"
"2226","H Park","J Chun"
"2227","H Park","J Kim"
"2228","H Park","S Kim"
"2229","I Park","J Chun"
"2230","I Park","J Kim"
"2231","I Park","S Kim"
"2232","I Park","H Park"
"2233","A Terai","M Nakagawa"
"2235","S Yekollu","S Dennis"
"2236","S Yekollu","D Mehay"
"2237","I Martins","M Amorim"
"2238","A Oliveira","M Amorim"
"2239","A Oliveira","I Martins"
"2240","F Ferreira","P Engelhardt"
"2241","M Jones","P Engelhardt"
"2242","M Jones","F Ferreira"
"2243","T Qian","T Jaeger"
"2244","J Lukavsky","C Brom"
"2245","E Coffey","A Berkeljon"
"2246","M Raijmakers","A Berkeljon"
"2247","M Raijmakers","E Coffey"
"2248","C Stevenson","A Berkeljon"
"2249","C Stevenson","E Coffey"
"2250","C Stevenson","M Raijmakers"
"2251","J Winkel","A Berkeljon"
"2252","J Winkel","E Coffey"
"2253","J Winkel","M Raijmakers"
"2254","J Winkel","C Stevenson"
"2255","M Prince","A Heathcote"
"2257","E Hristova","M Grinberg"
"2258","E Axelsson","J Alvarez"
"2259","D Catherwood","J Alvarez"
"2260","D Catherwood","E Axelsson"
"2261","A Franklin","J Alvarez"
"2262","A Franklin","E Axelsson"
"2263","A Franklin","D Catherwood"
"2264","V Pavlenko","V Pavlenko"
"2265","K Panchanathan","W Frankenhuis"
"2266","K Schmitt","W Rauch"
"2268","S Kaufmann","B Clark"
"2269","E Sagi","B Clark"
"2270","E Sagi","S Kaufmann"
"2272","M Schoelles","W Gray"
"2273","B Veksler","W Gray"
"2274","B Veksler","M Schoelles"
"2275","F Smolik","F Smolik"
"2276","E Paus","R Jucks"
"2277","K Smith","K Smith"
"2278","M Munro","M Lee"
"2279","S Zhang","M Lee"
"2280","S Zhang","M Munro"
"2281","N Fernandez","D Bavelier"
"2282","E Hirshorn","D Bavelier"
"2283","E Hirshorn","N Fernandez"
"2290","S Makioka","S Makioka"
"2291","J Oesterreich","D Cosejo"
"2293","S Ohlsson","J Oesterreich"
"2294","P Bellefeuille","M Beaudoin"
"2295","B Chikhaoui","M Beaudoin"
"2296","B Chikhaoui","P Bellefeuille"
"2297","F Laudares","M Beaudoin"
"2298","F Laudares","P Bellefeuille"
"2299","F Laudares","B Chikhaoui"
"2300","H Pigot","M Beaudoin"
"2301","H Pigot","P Bellefeuille"
"2302","H Pigot","B Chikhaoui"
"2303","H Pigot","F Laudares"
"2304","G Pratte","M Beaudoin"
"2305","G Pratte","P Bellefeuille"
"2306","G Pratte","B Chikhaoui"
"2307","G Pratte","F Laudares"
"2308","G Pratte","H Pigot"
"2309","S Guediche","J Fiez"
"2310","L Holt","J Fiez"
"2311","L Holt","S Guediche"
"2312","S Colen","F Cnossen"
"2313","B Verheij","F Cnossen"
"2314","B Verheij","S Colen"
"2315","T Shimazaki","M Saito"
"2316","K Miwa","Y Hayashi"
"2317","N Duran","R Dale"
"2318","D Lyon","D Lyon"
"2319","J Stevens","J Stevens"
"2320","W Vanpaemel","W Vanpaemel"
"2321","C Wu","C Wu"
"2322","N Leblanc","N Leblanc"
"2323","G Petkov","B Kokinov"
"2326","K Gluck","D Dinges"
"2327","J Gunzelmann","D Dinges"
"2328","J Gunzelmann","K Gluck"
"2329","M Gelnn","D Dinges"
"2330","M Gelnn","K Gluck"
"2331","M Gelnn","J Gunzelmann"
"2332","V Richard","D Dinges"
"2333","V Richard","K Gluck"
"2334","V Richard","J Gunzelmann"
"2335","V Richard","M Gelnn"
"2336","D P.A.","D Dinges"
"2337","D P.A.","K Gluck"
"2338","D P.A.","J Gunzelmann"
"2339","D P.A.","M Gelnn"
"2340","D P.A.","V Richard"
"2341","J Paxton","J Greene"
"2342","L Ungar","J Greene"
"2343","L Ungar","J Paxton"
"2344","P Healey","S Battersby"
"2345","D Noelle","T Kriete"
"2346","J Maja","J Maja"
"2347","N Snider","N Snider"
"2348","M Counihan","M Counihan"
"2349","O Lou","Y Chiu"
"2350","C Sandhofer","A Chang"
"2351","M Monti","P Legrenzi"
"2352","M Tamariz","M Tamariz"
"2353","R Mayrhofer","O Griffiths"
"2354","J Nagel","O Griffiths"
"2355","J Nagel","R Mayrhofer"
"2356","M Waldmann","O Griffiths"
"2358","M Waldmann","J Nagel"
"2359","F Poletiek","N Chater"
"2360","J Leslie","J Hyland"
"2361","D O'Hora","J Hyland"
"2362","D O'Hora","J Leslie"
"2363","S Smyth","J Hyland"
"2364","S Smyth","J Leslie"
"2365","S Smyth","D O'Hora"
"2366","M Dehghani","A Behzadi"
"2367","H Ekhtiari","A Behzadi"
"2369","A Jannati","A Behzadi"
"2370","A Jannati","M Dehghani"
"2371","A Jannati","H Ekhtiari"
"2372","A Mokri","A Behzadi"
"2373","A Mokri","M Dehghani"
"2374","A Mokri","H Ekhtiari"
"2375","A Mokri","A Jannati"
"2376","L Inman","A Cruickshank"
"2377","R McCloy","A Cruickshank"
"2378","R McCloy","L Inman"
"2379","E McSorley","A Cruickshank"
"2380","E McSorley","L Inman"
"2381","E McSorley","R McCloy"
"2382","R West","A Sohrabi"
"2383","E Meeuwesen","H Boshuizen"
"2384","R Wiers","H Boshuizen"
"2385","R Wiers","E Meeuwesen"
"2386","M Wiel","H Boshuizen"
"2387","M Wiel","E Meeuwesen"
"2388","M Wiel","R Wiers"
"2389","W Richards","J Koenderink"
"2390","E Swannell","S Dewhurst"
"2391","Y Takeda","S Philips"
"2393","M Sydow","Y Hagmayer"
"2394","M Sydow","B Meder"
"2395","A Hsu","N Chater"
"2396","R Silva","A Sanborn"
"2397","S Kita","M Chu"
"2399","M Spivey","M Hove"
"2400","M Spivey","C Krumhansl"
"2401","A Tajarobi","A Tajarobi"
"2402","S Bredart","C Barsics"
"2403","J Houpt","D Burns"
"2404","L Pei","D Burns"
"2405","L Pei","J Houpt"
"2406","J Townsend","D Burns"
"2407","J Townsend","J Houpt"
"2408","J Townsend","L Pei"
"2409","J Nickerson","J Corter"
"2410","Y Rho","J Corter"
"2411","Y Rho","J Nickerson"
"2412","B Tversky","J Corter"
"2413","B Tversky","J Nickerson"
"2414","B Tversky","Y Rho"
"2415","D Zahner","J Corter"
"2416","D Zahner","J Nickerson"
"2417","D Zahner","Y Rho"
"2418","D Zahner","B Tversky"
"2419","U Sio","T Ormerod"
"2420","M Yip","M Yip"
"2424","A Pease","M Guhe"
"2425","A Smail","M Guhe"
"2426","A Smail","A Pease"
"2427","R Cowell","G Cottrell"
"2428","D Huber","G Cottrell"
"2429","D Huber","R Cowell"
"2430","R Osterbauer","K Miyapuram"
"2432","W Schultz","R Osterbauer"
"2433","C Schwarzbauer","K Miyapuram"
"2434","C Schwarzbauer","R Osterbauer"
"2435","C Schwarzbauer","W Schultz"
"2437","P Tobler","R Osterbauer"
"2439","P Tobler","C Schwarzbauer"
"2440","R Hoffman","U Grasemann"
"2441","R Miikkulainen","U Grasemann"
"2442","R Miikkulainen","R Hoffman"
"2443","G Jackson","R Guess"
"2444","D McNamara","R Guess"
"2445","D McNamara","G Jackson"
"2446","E Raufaste","C Pompanon"
"2447","B Velichkovsky","B Velichkovsky"
"2448","Y Kammerer","P Gerjets"
"2450","K Scheiter","Y Kammerer"
"2451","E Wollny","P Gerjets"
"2452","E Wollny","Y Kammerer"
"2453","E Wollny","K Scheiter"
"2454","G Trafton","R Ratwani"
"2455","A Blandford","M Ament"
"2456","A Cox","M Ament"
"2457","A Cox","A Blandford"
"2458","H Blumenfeld","Z Ali"
"2459","V Marian","Z Ali"
"2460","V Marian","H Blumenfeld"
"2461","S Schroeder","Z Ali"
"2462","S Schroeder","H Blumenfeld"
"2463","S Schroeder","V Marian"
"2464","D Spieler","K Revill"
"2465","X Yao","V Sloutsky"
"2466","R Hadley","R Hadley"
"2467","N Salay","N Salay"
"2468","A Sloman","A Sloman"
"2469","N Taatgen","I Juvina"
"2470","S Lewandowsky","U Ecker"
"2471","K Oberauer","U Ecker"
"2473","N Taatgen","J Borst"
"2474","H Rijn","J Borst"
"2475","H Rijn","N Taatgen"
"2476","S Kousta","M Andrews"
"2478","G Vigliocco","S Kousta"
"2479","D Vinson","M Andrews"
"2480","D Vinson","S Kousta"
"2482","G Villejoubert","A Gourdan"
"2483","M Zajenkowski","J Szymanik"
"2484","R Maguire","P Meguire"
"2486","V Veksler","W Gray"
"2487","V Veksler","M Schoelles"
"2488","L Ingram","K Gurney"
"2489","T Stafford","K Gurney"
"2490","T Stafford","L Ingram"
"2491","E Cokely","A Barton"
"2492","M Galesci","A Barton"
"2493","M Galesci","E Cokely"
"2494","M Haas","A Barton"
"2495","M Haas","E Cokely"
"2496","M Haas","M Galesci"
"2497","A Koehler","A Barton"
"2498","A Koehler","E Cokely"
"2499","A Koehler","M Galesci"
"2500","A Koehler","M Haas"
"2501","B Love","T Gureckis"
"2502","A Markman","T Gureckis"
"2503","A Markman","B Love"
"2504","A Otto","T Gureckis"
"2505","A Otto","B Love"
"2506","A Otto","A Markman"
"2507","D Navarro","A Ejova"
"2508","A Prefors","A Ejova"
"2511","M Spivey","M Hoover"
"2512","M Spivey","D Richardson"
"2513","S Joordens","B Armstrong"
"2514","D Plaut","B Armstrong"
"2515","D Plaut","S Joordens"
"2516","K Mehlhorn","G Jahn"
"2517","G Gigerenzer","W Gaissmaier"
"2518","D Goldstein","W Gaissmaier"
"2519","D Goldstein","G Gigerenzer"
"2520","J Marewski","W Gaissmaier"
"2521","J Marewski","G Gigerenzer"
"2522","J Marewski","D Goldstein"
"2523","L Schooler","W Gaissmaier"
"2524","L Schooler","G Gigerenzer"
"2525","L Schooler","D Goldstein"
"2526","L Schooler","J Marewski"
"2527","T Matsuka","H Honda"
"2529","P Ayton","S Aldrovandi"
"2531","D Huessen","P Ayton"
"2532","M Poirier","S Aldrovandi"
"2533","M Poirier","P Ayton"
"2534","M Poirier","D Huessen"
"2535","P Cho","E Accorsi"
"2536","J Henin","E Accorsi"
"2537","J Henin","P Cho"
"2538","W Tabor","E Accorsi"
"2539","W Tabor","P Cho"
"2540","W Tabor","J Henin"
"2541","B Ross","D Landy"
"2542","E Taylor","D Landy"
"2543","E Taylor","B Ross"
"2544","H Phaf","B Heerebout"
"2545","B Hommel","P Haazebroek"
"2546","S Dantzig","P Haazebroek"
"2547","S Dantzig","B Hommel"
"2548","Z Memon","T Bosse"
"2549","I Simpson","J Arciuli"
