"","from","to"
"1","R Cooper","R Cooper"
"2","P Johnson-Laird","G Goodwin"
"3","E Hristova","M Grinberg"
"4","J Gottlieb","J Gottlieb"
"5","P Hemeren","P Hemeren"
"6","A Lovett","K Forbus"
"7","E Tomai","K Forbus"
"8","E Tomai","A Lovett"
"9","J Usher","K Forbus"
"10","J Usher","A Lovett"
"11","J Usher","E Tomai"
"12","R Goldstone","M Blair"
"13","S Hockema","M Blair"
"14","S Hockema","R Goldstone"
"15","T Verbeemen","G Storms"
"16","T Verguts","G Storms"
"17","T Verguts","T Verbeemen"
"18","H Neilens","S Handley"
"19","S Newstead","S Handley"
"20","S Newstead","H Neilens"
"21","S Kalyuga","S Kalyuga"
"22","J Magnuson","H Harris"
"23","T Strauss","H Harris"
"24","T Strauss","J Magnuson"
"25","T Seipone","J Bullinaria"
"26","P Dessus","G Denhiere"
"27","B Lamaire","G Denhiere"
"28","B Lamaire","P Dessus"
"29","S Mandin","G Denhiere"
"30","S Mandin","P Dessus"
"31","S Mandin","B Lamaire"
"32","A Rizzo","M Palmonari"
"33","A Lucidi","V Cestari"
"34","L Pieroni","V Cestari"
"35","L Pieroni","A Lucidi"
"36","C Rossi-Arnaud","V Cestari"
"37","C Rossi-Arnaud","A Lucidi"
"38","C Rossi-Arnaud","L Pieroni"
"39","M Ramscar","N Davidenko"
"40","J Kulvicki","J Kulvicki"
"41","M Fleischman","A Fisher"
"42","D Roy","A Fisher"
"43","D Roy","M Fleischman"
"44","V Sloutsky","A Fisher"
"45","V Sloutsky","M Fleischman"
"46","V Sloutsky","D Roy"
"47","L Tagliapietra","P Tabossi"
"48","K Shimohara","N Nawa"
"49","R Dale","E Balcetis"
"50","V Veksler","W Gray"
"51","A Markman","S Blok"
"52","K Obermayer","S Grunewalder"
"53","A Stocco","D Fum"
"54","T Zalla","D Fum"
"55","T Zalla","A Stocco"
"56","P Karbor","I Juvina"
"57","B Pauw","I Juvina"
"58","B Pauw","P Karbor"
"59","H oostendorp","I Juvina"
"60","H oostendorp","P Karbor"
"61","H oostendorp","B Pauw"
"62","T Hickey","R Alterman"
"63","S Taneva","R Alterman"
"64","S Taneva","T Hickey"
"65","C Strapparava","R Mihalcea"
"66","B Meder","Y Hagmayer"
"67","M Waldmann","Y Hagmayer"
"68","M Waldmann","B Meder"
"69","T Ferretti","J Elman"
"70","K McRae","J Elman"
"71","K McRae","T Ferretti"
"72","C Ramshaw","J Elman"
"73","C Ramshaw","T Ferretti"
"74","C Ramshaw","K McRae"
"75","S Pinker","Y Huang"
"76","A Greco","C Caneva"
"77","S Levin","W Ahn"
"78","J Marsh","W Ahn"
"79","J Marsh","S Levin"
"80","D McNamara","K Dempsey"
"81","Y Ozuru","K Dempsey"
"82","Y Ozuru","D McNamara"
"83","J Sayroo","K Dempsey"
"84","J Sayroo","D McNamara"
"85","J Sayroo","Y Ozuru"
"86","M Kalish","T Griffiths"
"87","M Inuzuka","M Inuzuka"
"88","M Spivey","R Dale"
"89","I Cutica","I Cutica"
"90","P Munro","J Bao"
"91","A Paternoster","C Meini"
"92","M Murray","R Byrne"
"93","L Frey","L Frey"
"94","E Lorini","A Herzig"
"95","L Tummolini","A Herzig"
"96","L Tummolini","E Lorini"
"97","S Vosniadou","I Skopeliti"
"98","J Holsanova","K Holmqvist"
"99","R Johansson","K Holmqvist"
"100","R Johansson","J Holsanova"
"101","T Susi","T Susi"
"102","P Kay","R Cook"
"103","T Regier","R Cook"
"104","T Regier","P Kay"
"105","J Allen","G Aist"
"106","E Campana","G Aist"
"107","E Campana","J Allen"
"108","M Rotondo","G Aist"
"109","M Rotondo","J Allen"
"110","M Rotondo","E Campana"
"111","M Swift","G Aist"
"112","M Swift","J Allen"
"113","M Swift","E Campana"
"114","M Swift","M Rotondo"
"115","M Tanenhaus","G Aist"
"116","M Tanenhaus","J Allen"
"117","M Tanenhaus","E Campana"
"118","M Tanenhaus","M Rotondo"
"119","M Tanenhaus","M Swift"
"120","E Lalumera","E Lalumera"
"121","M Upal","M Upal"
"122","A Perfors","C Kemp"
"123","J Tenenbaum","C Kemp"
"124","J Tenenbaum","A Perfors"
"125","S Niyogi","S Niyogi"
"126","W Mao","J Gratch"
"127","S Marsella","J Gratch"
"128","S Marsella","W Mao"
"129","B Martinovski","J Gratch"
"130","B Martinovski","W Mao"
"131","B Martinovski","S Marsella"
"132","N Guyader","D Alleysson"
"133","C Marendaz","D Alleysson"
"134","C Marendaz","N Guyader"
"135","M Mermillod","D Alleysson"
"136","M Mermillod","N Guyader"
"137","M Mermillod","C Marendaz"
"138","P Vuilleumier","D Alleysson"
"139","P Vuilleumier","N Guyader"
"140","P Vuilleumier","C Marendaz"
"141","P Vuilleumier","M Mermillod"
"142","A Kruglanski","D Kenny"
"143","S Livi","D Kenny"
"144","S Livi","A Kruglanski"
"145","L Mannetti","D Kenny"
"146","L Mannetti","A Kruglanski"
"147","L Mannetti","S Livi"
"148","A Pierro","D Kenny"
"149","A Pierro","A Kruglanski"
"150","A Pierro","S Livi"
"151","A Pierro","L Mannetti"
"152","C Robinson","E Howard"
"153","V Sloutsky","E Howard"
"154","V Sloutsky","C Robinson"
"155","D Medin","F Anggoro"
"156","S Waxman","F Anggoro"
"157","S Waxman","D Medin"
"158","H Ishiguro","S Cowley"
"159","S Itakura","S Cowley"
"160","S Itakura","H Ishiguro"
"161","K MacDorman","S Cowley"
"162","K MacDorman","H Ishiguro"
"163","K MacDorman","S Itakura"
"164","T Minato","S Cowley"
"165","T Minato","H Ishiguro"
"166","T Minato","S Itakura"
"167","T Minato","K MacDorman"
"168","M Shimada","S Cowley"
"169","M Shimada","H Ishiguro"
"170","M Shimada","S Itakura"
"171","M Shimada","K MacDorman"
"172","M Shimada","T Minato"
"173","J Ludtke","B Kaup"
"174","R Zwaan","B Kaup"
"175","R Zwaan","J Ludtke"
"176","L Zhang","G Cottrell"
"177","H Rojas-Anaya","P Cheng"
"178","L Davidson","S Benus"
"179","A Gafos","S Benus"
"180","A Gafos","L Davidson"
"181","C Hayes","L Gonnerman"
"182","C Walsh","S Sloman"
"183","J Murre","J Lacroix"
"184","E Postma","J Lacroix"
"185","E Postma","J Murre"
"186","C Cacciari","L Bennetto"
"187","E Campana","L Bennetto"
"188","E Campana","C Cacciari"
"189","P Corradini","L Bennetto"
"190","P Corradini","C Cacciari"
"191","P Corradini","E Campana"
"192","S Packard","L Bennetto"
"193","S Packard","C Cacciari"
"194","S Packard","E Campana"
"195","S Packard","P Corradini"
"196","R Padovani","L Bennetto"
"197","R Padovani","C Cacciari"
"198","R Padovani","E Campana"
"199","R Padovani","P Corradini"
"200","R Padovani","S Packard"
"201","L Silverman","L Bennetto"
"202","L Silverman","C Cacciari"
"203","L Silverman","E Campana"
"204","L Silverman","P Corradini"
"205","L Silverman","S Packard"
"206","L Silverman","R Padovani"
"207","M Tanenhaus","L Bennetto"
"208","M Tanenhaus","C Cacciari"
"210","M Tanenhaus","P Corradini"
"211","M Tanenhaus","S Packard"
"212","M Tanenhaus","R Padovani"
"213","M Tanenhaus","L Silverman"
"214","E Aarle","E Hoenkamp"
"215","M Huff","B Garsoffky"
"216","S Schwan","B Garsoffky"
"217","S Schwan","M Huff"
"218","C Seaton","J Coley"
"219","A Vitkin","J Coley"
"220","A Vitkin","C Seaton"
"221","J Yopchick","J Coley"
"222","J Yopchick","C Seaton"
"223","J Yopchick","A Vitkin"
"224","F Gagliardi","F Gagliardi"
"225","L Connell","L Connell"
"226","J Taylor","L Mazlack"
"227","R Jucks","R Bromme"
"228","A Runde","R Bromme"
"229","A Runde","R Jucks"
"230","H Rijn","S Sprenger"
"231","J Qian","G Brown"
"232","F Garzon","F Garzon"
"233","M Louwerse","A Bangerter"
"234","B Devereux","F Costello"
"235","K Dieussaert","W Neys"
"236","K Lockwood","K Forbus"
"238","J Usher","K Lockwood"
"239","A Ganjoo","A Ganjoo"
"240","L Magnani","P Langley"
"241","C Schunn","P Langley"
"242","C Schunn","L Magnani"
"243","P Thagard","P Langley"
"244","P Thagard","L Magnani"
"245","P Thagard","C Schunn"
"249","M Keane","L Connell"
"250","B Hutchinson","B Hutchinson"
"251","D Kirsh","D Kirsh"
"252","D Noelle","T Kriete"
"253","P Juslin","T Enkvist"
"254","B Newell","T Enkvist"
"255","B Newell","P Juslin"
"256","H Olsson","T Enkvist"
"257","H Olsson","P Juslin"
"258","H Olsson","B Newell"
"259","M Tseng","B Bergen"
"260","A Couyoumdjian","R Baiocco"
"261","C Miglio","R Baiocco"
"262","C Miglio","A Couyoumdjian"
"263","K Cummings","D Billman"
"264","D Shapiro","D Billman"
"265","D Shapiro","K Cummings"
"266","K Nakamoto","T Kusumi"
"267","S Franklin","S D'Mello"
"268","U Ramamurthy","S D'Mello"
"269","U Ramamurthy","S Franklin"
"270","N Nguyen","G Cottrell"
"271","S Kelter","B Claus"
"272","T Cherigovskaya","T Cherigovskaya"
"273","D Mareschal","R Cooper"
"274","N Ruh","R Cooper"
"275","N Ruh","D Mareschal"
"276","A Renkl","C Große"
"277","A Cangelosi","A Bacon"
"278","K Coventry","A Bacon"
"279","K Coventry","A Cangelosi"
"280","S Newstead","A Bacon"
"281","S Newstead","A Cangelosi"
"282","S Newstead","K Coventry"
"283","R Rajapakse","A Bacon"
"284","R Rajapakse","A Cangelosi"
"285","R Rajapakse","K Coventry"
"286","R Rajapakse","S Newstead"
"287","H Murakami","H Murakami"
"288","N Nersessian","F Dogan"
"289","T Yamauchi","N Kohn"
"290","A Haque","G Cottrell"
"291","D Lynott","M Keane"
"292","P Winston","M Finlayson"
"293","I McLaren","E Livesey"
"294","L Pearson","E Livesey"
"295","L Pearson","I McLaren"
"296","A Janyan","A Janyan"
"297","C Luhman","C Luhman"
"298","M Dry","M Dry"
"299","B Fierro","A Caramazza"
"300","C Finocchiaro","A Caramazza"
"301","C Finocchiaro","B Fierro"
"302","A Gilbert","V Boucher"
"303","L Torre","G Boella"
"304","D Melcher","D Melcher"
"305","L Onnis","M Christiansen"
"306","S Schwartz","D Danks"
"307","S Musca","B Ans"
"308","S Rousset","B Ans"
"309","S Rousset","S Musca"
"310","A Assche","K Dieussaert"
"311","D Vansteenwegen","K Dieussaert"
"312","D Vansteenwegen","A Assche"
"313","T Ziemke","J Rambusch"
"314","E Stupple","L Ball"
"315","S Rogers","P Langley"
"316","L Lo","L Lo"
"317","B Tversky","S Lozano"
"318","B Wyble","H Bowman"
"319","A Pietarinen","A Pietarinen"
"320","J Adelman","J Adelman"
"321","C Kinzer","M Kapur"
"322","J Voiklis","M Kapur"
"323","J Voiklis","C Kinzer"
"324","W Schaeken","K Dieussaert"
"325","W Belle","K Dieussaert"
"326","W Belle","W Schaeken"
"327","S Verbugge","K Dieussaert"
"328","S Verbugge","W Schaeken"
"329","S Verbugge","W Belle"
"330","F Xu","J Tenenbaum"
"331","J Ball","J Ball"
"332","F Costello","F Costello"
"333","P Slezak","P Slezak"
"334","R Dale","M Christiansen"
"335","F Reali","M Christiansen"
"336","F Reali","R Dale"
"337","A Toksumi","H Murai"
"338","A Bender","S Beller"
"339","T Johnson","R Bao"
"340","H Wang","R Bao"
"341","H Wang","T Johnson"
"342","A Seigneuric","F Meunier"
"343","E Spinelli","F Meunier"
"344","E Spinelli","A Seigneuric"
"345","C Jacquier","M Hoen"
"346","A Rouibah","M Hoen"
"347","A Rouibah","C Jacquier"
"348","T Hertz","R Hammer"
"349","S Hochstein","R Hammer"
"350","S Hochstein","T Hertz"
"351","D Weinshall","R Hammer"
"352","D Weinshall","T Hertz"
"353","D Weinshall","S Hochstein"
"354","E Munnich","M Bachman"
"355","M Ranney","M Bachman"
"356","M Ranney","E Munnich"
"357","M Knauff","T Famgmeier"
"358","C Ruff","T Famgmeier"
"359","C Ruff","M Knauff"
"360","V Sloutsky","T Famgmeier"
"361","V Sloutsky","M Knauff"
"362","V Sloutsky","C Ruff"
"363","S Bourgeois-Gironde","S Bourgeois-Gironde"
"364","R Sun","I Naveh"
"365","K Matsuda","T Kusumi"
"366","K Scheiter","P Gerjets"
"367","S Lu","D Harter"
"368","P Grenholm","C Forkstam"
"369","K Petersson","C Forkstam"
"370","K Petersson","P Grenholm"
"371","F Xu","M Rhemtulla"
"372","C Heintz","C Heintz"
"373","J Langan-Fox","J Anglim"
"374","N Mahdavi","J Anglim"
"375","N Mahdavi","J Langan-Fox"
"376","R Shillcock","J Hsiao"
"377","C Umilta","I Stoianov"
"378","M Zorzi","I Stoianov"
"379","M Zorzi","C Umilta"
"380","M Clair","P Monaghan"
"381","T Vickery","T Vickery"
"382","B Nebel","M Knauff"
"383","M Ragni","M Knauff"
"384","M Ragni","B Nebel"
"385","N Ritt","N Ritt"
"386","G Villejoubert","J Bonnefon"
"387","B Best","B Best"
"388","C Mitchell","B Hayes"
"389","B Newell","B Hayes"
"390","B Newell","C Mitchell"
"391","R Bod","R Bod"
"392","A Renkl","T Hilbert"
"393","P Bisiacchi","D Basso"
"394","S Cutini","D Basso"
"395","S Cutini","P Bisiacchi"
"396","A Ferdinando","D Basso"
"397","A Ferdinando","P Bisiacchi"
"398","A Ferdinando","S Cutini"
"399","M Zorzi","D Basso"
"400","M Zorzi","P Bisiacchi"
"401","M Zorzi","S Cutini"
"402","M Zorzi","A Ferdinando"
"403","A Graesser","S D'Mello"
"404","M Ventura","S D'Mello"
"405","M Ventura","A Graesser"
"406","J Sainz","J Sainz"
"407","W Schroyens","W Schaeken"
"408","A Sohrabi","A Smith"
"409","R West","A Smith"
"410","R West","A Sohrabi"
"411","D Gentner","F Anggoro"
"412","R Klimbanoff","F Anggoro"
"413","R Klimbanoff","D Gentner"
"414","C Ramey","C Ramey"
"415","C Becchio","M Adenzato"
"416","C Bertone","M Adenzato"
"417","C Bertone","C Becchio"
"418","R Tuomela","M Adenzato"
"419","R Tuomela","C Becchio"
"420","R Tuomela","C Bertone"
"421","R Siegler","J Opfer"
"422","S Hanson","C Hanson"
"423","T Matsuka","C Hanson"
"424","T Matsuka","S Hanson"
"425","T Yamauchi","C Hanson"
"426","T Yamauchi","S Hanson"
"427","T Yamauchi","T Matsuka"
"428","B Pincombe","M Lee"
"429","M Welsh","M Lee"
"430","M Welsh","B Pincombe"
"431","S McGregor","M Buechner"
"432","R Mata","K Katsikopoulos"
"433","K Opwis","K Katsikopoulos"
"434","K Opwis","R Mata"
"435","T Reimer","K Katsikopoulos"
"436","T Reimer","R Mata"
"437","T Reimer","K Opwis"
"439","T Farmer","M Christiansen"
"440","K Kemtes","M Christiansen"
"441","K Kemtes","T Farmer"
"442","B Martin","B Martin"
"443","M Cowley","R Byrne"
"444","K Kurtz","K Kurtz"
"445","N Cassimatis","N Cassimatis"
"446","K Sakamoto","M Nakagawa"
"447","A Terai","M Nakagawa"
"448","A Terai","K Sakamoto"
"449","G Carpegna","S Cardetti"
"450","N Ferrato","S Cardetti"
"451","N Ferrato","G Carpegna"
"452","G Luxardi","S Cardetti"
"453","G Luxardi","G Carpegna"
"454","G Luxardi","N Ferrato"
"455","D Masante","S Cardetti"
"456","D Masante","G Carpegna"
"457","D Masante","N Ferrato"
"458","D Masante","G Luxardi"
"459","R Oztuzzi","S Cardetti"
"460","R Oztuzzi","G Carpegna"
"461","R Oztuzzi","N Ferrato"
"462","R Oztuzzi","G Luxardi"
"463","R Oztuzzi","D Masante"
"464","M Pozzato","S Cardetti"
"465","M Pozzato","G Carpegna"
"466","M Pozzato","N Ferrato"
"467","M Pozzato","G Luxardi"
"468","M Pozzato","D Masante"
"469","M Pozzato","R Oztuzzi"
"470","G Ruggiero","S Cardetti"
"471","G Ruggiero","G Carpegna"
"472","G Ruggiero","N Ferrato"
"473","G Ruggiero","G Luxardi"
"474","G Ruggiero","D Masante"
"475","G Ruggiero","R Oztuzzi"
"476","G Ruggiero","M Pozzato"
"477","S Sassaroli","S Cardetti"
"478","S Sassaroli","G Carpegna"
"479","S Sassaroli","N Ferrato"
"480","S Sassaroli","G Luxardi"
"481","S Sassaroli","D Masante"
"482","S Sassaroli","R Oztuzzi"
"483","S Sassaroli","M Pozzato"
"484","S Sassaroli","G Ruggiero"
"485","P Todisco","S Cardetti"
"486","P Todisco","G Carpegna"
"487","P Todisco","N Ferrato"
"488","P Todisco","G Luxardi"
"489","P Todisco","D Masante"
"490","P Todisco","R Oztuzzi"
"491","P Todisco","M Pozzato"
"492","P Todisco","G Ruggiero"
"493","P Todisco","S Sassaroli"
"494","P Vallauri","S Cardetti"
"495","P Vallauri","G Carpegna"
"496","P Vallauri","N Ferrato"
"497","P Vallauri","G Luxardi"
"498","P Vallauri","D Masante"
"499","P Vallauri","R Oztuzzi"
"500","P Vallauri","M Pozzato"
"501","P Vallauri","G Ruggiero"
"502","P Vallauri","S Sassaroli"
"503","P Vallauri","P Todisco"
"504","P Vinai","S Cardetti"
"505","P Vinai","G Carpegna"
"506","P Vinai","N Ferrato"
"507","P Vinai","G Luxardi"
"508","P Vinai","D Masante"
"509","P Vinai","R Oztuzzi"
"510","P Vinai","M Pozzato"
"511","P Vinai","G Ruggiero"
"512","P Vinai","S Sassaroli"
"513","P Vinai","P Todisco"
"514","P Vinai","P Vallauri"
"515","C Grataloup","L Collet"
"516","M Hoen","L Collet"
"517","M Hoen","C Grataloup"
"518","F Meunier","L Collet"
"519","F Meunier","C Grataloup"
"520","F Meunier","M Hoen"
"521","F Pellegrino","L Collet"
"522","F Pellegrino","C Grataloup"
"523","F Pellegrino","M Hoen"
"524","F Pellegrino","F Meunier"
"525","E Veuillet","L Collet"
"526","E Veuillet","C Grataloup"
"527","E Veuillet","M Hoen"
"528","E Veuillet","F Meunier"
"529","E Veuillet","F Pellegrino"
"530","J Coley","A Baker"
"531","K Gluck","D Dinges"
"532","G Gunzelmann","D Dinges"
"533","G Gunzelmann","K Gluck"
"534","R O'Connor","D Dinges"
"535","R O'Connor","K Gluck"
"536","R O'Connor","G Gunzelmann"
"537","H Dongen","D Dinges"
"538","H Dongen","K Gluck"
"539","H Dongen","G Gunzelmann"
"540","H Dongen","R O'Connor"
"541","A Cheshire","L Ball"
"542","C Lewis","L Ball"
"543","C Lewis","A Cheshire"
"544","C Wilimzig","G Schoner"
"545","C Lebiere","S Chandrasekharan"
"546","T Stewart","S Chandrasekharan"
"547","T Stewart","C Lebiere"
"548","R West","S Chandrasekharan"
"549","R West","C Lebiere"
"550","R West","T Stewart"
"551","J Hummel","C Green"
"552","M Rutlegde-Taylor","M Rutlegde-Taylor"
"553","B Vylder","J Beule"
"554","G Legendre","G Legendre"
"555","S Cerri","N Abdullah"
"556","T Chan","B Bergen"
"557","M Keane","D Ferrari"
"558","L Schulz","A Gopnik"
"559","J Sommerville","A Gopnik"
"560","J Sommerville","L Schulz"
"561","K Wheeler","B Bergen"
"562","C Rieth","D Huber"
"563","Y Hagmayer","H Gust"
"564","K Kuhnberger","H Gust"
"565","K Kuhnberger","Y Hagmayer"
"566","S Sloman","H Gust"
"567","S Sloman","Y Hagmayer"
"568","S Sloman","K Kuhnberger"
"569","L Triona","D Klahr"
"570","C Williams","D Klahr"
"571","C Williams","L Triona"
"572","D McNamara","J Magliano"
"573","K Millis","J Magliano"
"574","K Millis","D McNamara"
"575","S Todaro","J Magliano"
"576","S Todaro","D McNamara"
"577","S Todaro","K Millis"
"578","D Gonci","B Aczel"
"579","R McCloy","C Beaman"
"580","H Cruz","H Cruz"
"581","J Finley","R Bjork"
"582","M Linn","R Bjork"
"583","M Linn","J Finley"
"584","L Richland","R Bjork"
"585","L Richland","J Finley"
"586","L Richland","M Linn"
"587","A Setti","N Caramelli"
"588","C Rotello","E Heit"
"589","C Nimwegen","H Tabachneck-Schijf"
"590","H oostendorp","H Tabachneck-Schijf"
"591","H oostendorp","C Nimwegen"
"592","H Ritter","S Folker"
"593","L Sichelschmidt","S Folker"
"594","L Sichelschmidt","H Ritter"
"595","K Belyenne","B Adebiyi"
"596","G Biswas","B Adebiyi"
"597","G Biswas","K Belyenne"
"598","K Leelawong","B Adebiyi"
"599","K Leelawong","K Belyenne"
"600","K Leelawong","G Biswas"
"601","M Pomplun","E Carbone"
"602","B Bergen","B Bergen"
"603","A Pasztor","C Alacaci"
"604","A Renkl","K Berthold"
"605","P Johnson-Laird","G Jahn"
"606","M Knauff","G Jahn"
"607","M Knauff","P Johnson-Laird"
"608","H Kloos","A Fisher"
"610","V Sloutsky","H Kloos"
"611","J Franck","F Chevaux"
"612","U Frauenfelder","F Chevaux"
"613","U Frauenfelder","J Franck"
"614","F Meunir","F Chevaux"
"615","F Meunir","J Franck"
"616","F Meunir","U Frauenfelder"
"617","G Lupyan","G Lupyan"
"618","A Renkl","M Nuckles"
"619","J Wittwer","M Nuckles"
"620","J Wittwer","A Renkl"
"621","M Kato","H Atsumori"
"622","H Kawaguchi","H Atsumori"
"623","H Kawaguchi","M Kato"
"624","Y Konishi","H Atsumori"
"625","Y Konishi","M Kato"
"626","Y Konishi","H Kawaguchi"
"627","M Kuriyama","H Atsumori"
"628","M Kuriyama","M Kato"
"629","M Kuriyama","H Kawaguchi"
"630","M Kuriyama","Y Konishi"
"631","T Sasaki","H Atsumori"
"632","T Sasaki","M Kato"
"633","T Sasaki","H Kawaguchi"
"634","T Sasaki","Y Konishi"
"635","T Sasaki","M Kuriyama"
"636","K Ueda","H Atsumori"
"637","K Ueda","M Kato"
"638","K Ueda","H Kawaguchi"
"639","K Ueda","Y Konishi"
"640","K Ueda","M Kuriyama"
"641","K Ueda","T Sasaki"
"642","D Noelle","A Gupta"
"643","K Hugdahl","P Bosch"
"644","M Noort","P Bosch"
"645","M Noort","K Hugdahl"
"646","R Budiu","J Anderson"
"647","L Petra","O Benga"
"648","I Inca","O Benga"
"649","I Inca","L Petra"
"650","T Ziemke","J Lindblom"
"651","I Frank","T Bosse"
"652","C Jonker","T Bosse"
"653","C Jonker","I Frank"
"654","F Koeman","T Bosse"
"655","F Koeman","I Frank"
"656","F Koeman","C Jonker"
"657","A Alphen","T Bosse"
"658","A Alphen","I Frank"
"659","A Alphen","C Jonker"
"660","A Alphen","F Koeman"
"661","D Lynott","L Connell"
"662","V Sloutsky","J Hupp"
"663","R McLaren","I McLaren"
"664","M Tachi","I McLaren"
"665","M Tachi","R McLaren"
"666","M Phillips","M Phillips"
"667","M Rotteveel","R Phaf"
"668","R Wendte","R Phaf"
"669","R Wendte","M Rotteveel"
"670","D Dickison","J Anderson"
"671","N Taatgen","J Anderson"
"672","N Taatgen","D Dickison"
"673","H Rijn","J Anderson"
"674","H Rijn","D Dickison"
"675","H Rijn","N Taatgen"
"676","J Ding","M Daniel"
"677","M Gattis","M Daniel"
"678","M Gattis","J Ding"
"679","J Heiser","M Daniel"
"680","J Heiser","J Ding"
"681","J Heiser","M Gattis"
"682","P Lee","M Daniel"
"683","P Lee","J Ding"
"684","P Lee","M Gattis"
"685","P Lee","J Heiser"
"686","S Lozano","M Daniel"
"687","S Lozano","J Ding"
"688","S Lozano","M Gattis"
"689","S Lozano","J Heiser"
"690","S Lozano","P Lee"
"691","S Schnall","M Daniel"
"692","S Schnall","J Ding"
"693","S Schnall","M Gattis"
"694","S Schnall","J Heiser"
"695","S Schnall","P Lee"
"696","S Schnall","S Lozano"
"697","B Tversky","M Daniel"
"698","B Tversky","J Ding"
"699","B Tversky","M Gattis"
"700","B Tversky","J Heiser"
"701","B Tversky","P Lee"
"703","B Tversky","S Schnall"
"704","A Reeves","A D'Angiulli"
"708","P Chase","S Argamon"
"709","J Dodick","S Argamon"
"710","J Dodick","P Chase"
"711","J Coley","E Baraff"
"712","C Kemp","E Baraff"
"713","C Kemp","J Coley"
"714","P Shafto","E Baraff"
"715","P Shafto","J Coley"
"716","P Shafto","C Kemp"
"717","J Tenenbaum","E Baraff"
"718","J Tenenbaum","J Coley"
"720","J Tenenbaum","P Shafto"
"722","A Penney","T Payton"
"723","F Vallee-Tourangeau","T Payton"
"724","F Vallee-Tourangeau","A Penney"
"725","G Geminiani","L Corazzini"
"726","M Gionco","L Corazzini"
"727","M Gionco","G Geminiani"
"728","L Pia","L Corazzini"
"729","L Pia","G Geminiani"
"730","L Pia","M Gionco"
"731","M Tamietto","L Corazzini"
"732","M Tamietto","G Geminiani"
"733","M Tamietto","M Gionco"
"734","M Tamietto","L Pia"
"735","M Zettin","L Corazzini"
"736","M Zettin","G Geminiani"
"737","M Zettin","M Gionco"
"738","M Zettin","L Pia"
"739","M Zettin","M Tamietto"
"740","F Gobert","D Freudenthal"
"741","J Pine","D Freudenthal"
"742","J Pine","F Gobert"
"743","N Yu","T Yamauchi"
"744","C Kemp","A Bernstein"
"745","J Tenenbaum","A Bernstein"
"747","K Marton","A Braun"
"748","R Schwartz","A Braun"
"749","R Schwartz","K Marton"
"750","E Livesey","P Broadhurst"
"751","I McLaren","P Broadhurst"
"753","R Garcia-Retamero","U Czienskowi"
"754","U Hoffrage","U Czienskowi"
"755","U Hoffrage","R Garcia-Retamero"
"756","J Meehan","R Byrne"
"757","N Miyake","N Miyake"
"758","U Hasson","H Harris"
"759","P Johnson-Laird","H Harris"
"760","P Johnson-Laird","U Hasson"
"761","J Minda","H Harris"
"762","J Minda","U Hasson"
"763","J Minda","P Johnson-Laird"
"764","C Walsh","H Harris"
"765","C Walsh","U Hasson"
"766","C Walsh","P Johnson-Laird"
"767","C Walsh","J Minda"
"768","J Hummel","L Doumas"
"769","M Ingleby","A Ali"
"770","C Umilta","M Casarotti"
"771","M Zorzi","M Casarotti"
"773","C Hulme","N Chater"
"774","P Monaghan","N Chater"
"775","P Monaghan","C Hulme"
"776","J McClelland","J McClelland"
"777","M Gale","L Ball"
"778","V Savova","L Peshkin"
"779","T Shultz","L Gerken"
"780","G Storms","B Ons"
"781","W Vanpaemel","B Ons"
"782","W Vanpaemel","G Storms"
"783","S Vosniadou","K Christou"
"787","N Fukawa","S Erevelles"
"788","A Jones","R Goldstone"
"789","W Mason","R Goldstone"
"790","W Mason","A Jones"
"791","J Evans","S Elqayam"
"792","S Handley","S Elqayam"
"793","S Handley","J Evans"
"794","P Bouquet","B Bazzanella"
"795","M Warglien","B Bazzanella"
"796","M Warglien","P Bouquet"
"797","G Jackson","A Graesser"
"798","P Jordan","A Graesser"
"799","P Jordan","G Jackson"
"800","A Olney","A Graesser"
"801","A Olney","G Jackson"
"802","A Olney","P Jordan"
"803","C Rose","A Graesser"
"804","C Rose","G Jackson"
"805","C Rose","P Jordan"
"806","C Rose","A Olney"
"807","K vanLehn","A Graesser"
"808","K vanLehn","G Jackson"
"809","K vanLehn","P Jordan"
"810","K vanLehn","A Olney"
"811","K vanLehn","C Rose"
"812","T Ziemke","H Svensson"
"813","W Bechtel","W Bechtel"
"814","H Liu","H Liu"
"815","D Nakazawa","K Miwa"
"816","H Saito","K Miwa"
"817","H Saito","D Nakazawa"
"818","J Kaminski","A Heckler"
"819","V Sloutsky","A Heckler"
"820","V Sloutsky","J Kaminski"
"821","T Nokes","T Nokes"
"822","F Keller","T Alexopoulou"
"823","T Ishigaki","M Ikeda"
"824","S Iwano","M Ikeda"
"825","S Iwano","T Ishigaki"
"826","T Kitasaka","M Ikeda"
"827","T Kitasaka","T Ishigaki"
"828","T Kitasaka","S Iwano"
"829","K Miwa","M Ikeda"
"830","K Miwa","T Ishigaki"
"831","K Miwa","S Iwano"
"832","K Miwa","T Kitasaka"
"833","K Mori","M Ikeda"
"834","K Mori","T Ishigaki"
"835","K Mori","S Iwano"
"836","K Mori","T Kitasaka"
"837","K Mori","K Miwa"
"838","J Morita","M Ikeda"
"839","J Morita","T Ishigaki"
"840","J Morita","S Iwano"
"841","J Morita","T Kitasaka"
"842","J Morita","K Miwa"
"843","J Morita","K Mori"
"844","Y Suenaga","M Ikeda"
"845","Y Suenaga","T Ishigaki"
"846","Y Suenaga","S Iwano"
"847","Y Suenaga","T Kitasaka"
"848","Y Suenaga","K Miwa"
"849","Y Suenaga","K Mori"
"850","Y Suenaga","J Morita"
"851","L Mol","P Hendricks"
"852","R Vebrugge","P Hendricks"
"853","R Vebrugge","L Mol"
"855","J Schuh","P Gerjets"
"856","J Schuh","K Scheiter"
"857","P knoeferle","M Crocker"
"859","J Lee","J Lee"
"860","M Werning","A Maye"
"861","N Katsos","R Breheny"
"862","J Williams","R Breheny"
"863","J Williams","N Katsos"
"864","L Ioannidou","M Avraamides"
"865","G Pezzulo","G Calvi"
"866","K Kurtz","J Andrews"
"867","K Livingston","J Andrews"
"868","K Livingston","K Kurtz"
"869","S Walde","A Melinger"
"870","S Nellen","M Lovett"
"871","M Tawney","J Choplin"
"872","Y Yang","P Bello"
"873","C Papagno","C Cacciari"
"874","T Lombrozo","T Lombrozo"
"875","C Thompson","J Opfer"
"877","M Alač","M Alač"
"878","A Sohrabi","A Brook"
"879","C Yu","W Huang"
"880","F Mancini","A Gangemi"
"881","W Clancey","W Clancey"
"882","P Li","L Arbabanelle"
"883","A Papafragou","L Arbabanelle"
"884","A Papafragou","P Li"
"885","C Chorait","M Bernasconi"
"886","R Seri","M Bernasconi"
"887","R Seri","C Chorait"
"888","R Burnett","R Burnett"
"889","D Annaz","A Abreu"
"890","S Schonen","A Abreu"
"891","S Schonen","D Annaz"
"892","R French","A Abreu"
"893","R French","D Annaz"
"894","R French","S Schonen"
"895","M Thomas","A Abreu"
"896","M Thomas","D Annaz"
"897","M Thomas","S Schonen"
"898","M Thomas","R French"
"902","J Kim","J Kim"
"903","F Morganti","A Carassa"
"904","M Tirassa","A Carassa"
"905","M Tirassa","F Morganti"
"906","R Heredia","A Chu"
"907","J Vaid","A Chu"
"908","J Vaid","R Heredia"
"909","T Ward","A Chu"
"910","T Ward","R Heredia"
"911","T Ward","J Vaid"
"913","M mayberry","M Crocker"
"914","M mayberry","P knoeferle"
"915","M Roberts","R Goldstone"
"917","A Olsson","T Enkvist"
"918","A Olsson","P Juslin"
"919","K Pietruska","U Friese"
"920","M Raabe","U Friese"
"921","M Raabe","K Pietruska"
"922","R Rutschmann","U Friese"
"923","R Rutschmann","K Pietruska"
"924","R Rutschmann","M Raabe"
"925","F Schmalhofer","U Friese"
"926","F Schmalhofer","K Pietruska"
"927","F Schmalhofer","M Raabe"
"928","F Schmalhofer","R Rutschmann"
"929","C Kabisch","J Griego"
"930","C Muhl","J Griego"
"931","C Muhl","C Kabisch"
"932","D Yeh","D Gentner"
"933","H Murohashi","M Hasegawa"
"934","R Sawaki","M Hasegawa"
"935","R Sawaki","H Murohashi"
"936","A Terao","M Hasegawa"
"937","A Terao","H Murohashi"
"938","A Terao","R Sawaki"
"939","H Shirouzu","H Shirouzu"
"940","S Day","D Bartels"
"941","B Love","M Jones"
"942","W Maddox","M Jones"
"943","W Maddox","B Love"
"944","M Stadtler","R Bromme"
"945","R Hu","J Coley"
"947","A Vitkin","R Hu"
"948","M Ellefson","N Chater"
"949","E Johnstone","N Chater"
"950","E Johnstone","M Ellefson"
"951","B Lake","G Cottrell"
"952","S Kriz","M Hegarty"
"953","F Ritter","A Reifers"
"954","I Schenck","A Reifers"
"955","I Schenck","F Ritter"
"956","S Stevenson","A Alishahi"
"957","M Heilman","K Eberhard"
"958","M Scheutz","K Eberhard"
"959","M Scheutz","M Heilman"
"960","M Osman","C Heyes"
"961","D Dufty","Z Cai"
"962","A Graesser","Z Cai"
"963","A Graesser","D Dufty"
"964","C Hempelmann","Z Cai"
"965","C Hempelmann","D Dufty"
"966","C Hempelmann","A Graesser"
"967","P McCarthy","Z Cai"
"968","P McCarthy","D Dufty"
"969","P McCarthy","A Graesser"
"970","P McCarthy","C Hempelmann"
"971","D McNamara","Z Cai"
"972","D McNamara","D Dufty"
"973","D McNamara","A Graesser"
"974","D McNamara","C Hempelmann"
"975","D McNamara","P McCarthy"
"976","A Gatti","A Gatti"
"977","C Krause","C Krause"
"978","S Nowson","A Gill"
"979","J Oberlander","A Gill"
"980","J Oberlander","S Nowson"
"982","A Stucky","J Bond-Robinson"
"983","G Storms","E Ameel"
"984","J Son","R Goldstone"
"985","C Eliasmith","C Eliasmith"
"986","M Poesio","A Almuhareb"
"987","T Meilinger","T Meilinger"
"988","A Mainieri","R Frozza"
"989","K Molz","R Frozza"
"990","K Molz","A Mainieri"
"991","J Schreiber","R Frozza"
"992","J Schreiber","A Mainieri"
"993","J Schreiber","K Molz"
"994","B Love","T Gureckis"
"995","H Olsson","H Nilsson"
"996","M Tamariz","M Tamariz"
"997","R Schwonke","A Renkl"
"999","G Bannardo","S Beller"
"1000","G Bannardo","A Bender"
"1002","X Hu","Z Cai"
"1003","X Hu","A Graesser"
"1004","M Ventura","Z Cai"
"1006","M Ventura","X Hu"
"1007","M Lee","T Griffiths"
"1008","D Navarro","T Griffiths"
"1009","D Navarro","M Lee"
"1010","M Steyvers","T Griffiths"
"1011","M Steyvers","M Lee"
"1012","M Steyvers","D Navarro"
"1013","D Gentner","J Asmuth"
"1014","S Sikstrom","P Kallioinen"
"1015","S Attardo","S Attardo"
"1017","H Saalbach","M Imai"
"1024","H Negishi","H Atsumori"
"1025","H Negishi","M Kato"
"1026","H Negishi","H Kawaguchi"
"1027","H Negishi","M Kuriyama"
"1032","K Ueda","H Negishi"
"1033","N Lee","P Johnson-Laird"
"1034","W Schroyens","W Schroyens"
"1035","S Dennis","S Dennis"
"1036","A Borghi","C Bonfigliolo"
"1037","L Lugli","C Bonfigliolo"
"1038","L Lugli","A Borghi"
"1039","R Nicoletti","C Bonfigliolo"
"1040","R Nicoletti","A Borghi"
"1041","R Nicoletti","L Lugli"
"1042","P Ricciardelli","C Bonfigliolo"
"1043","P Ricciardelli","A Borghi"
"1044","P Ricciardelli","L Lugli"
"1045","P Ricciardelli","R Nicoletti"
"1046","S Rubichi","C Bonfigliolo"
"1047","S Rubichi","A Borghi"
"1048","S Rubichi","L Lugli"
"1049","S Rubichi","R Nicoletti"
"1050","S Rubichi","P Ricciardelli"
"1051","S Helie","D Cousineau"
"1052","J Guo","S Bringsjord"
"1053","S Ju","S Bringsjord"
"1054","S Ju","J Guo"
"1055","Y Yang","S Bringsjord"
"1056","Y Yang","J Guo"
"1057","Y Yang","S Ju"
"1058","J Zheng","S Bringsjord"
"1059","J Zheng","J Guo"
"1060","J Zheng","S Ju"
"1061","J Zheng","Y Yang"
"1062","Y Zhao","S Bringsjord"
"1063","Y Zhao","J Guo"
"1064","Y Zhao","S Ju"
"1065","Y Zhao","Y Yang"
"1066","Y Zhao","J Zheng"
"1067","M Keane","A Bohan"
"1068","A Howes","K Eng"
"1069","R Lewis","K Eng"
"1070","R Lewis","A Howes"
"1071","I Tollinger","K Eng"
"1072","I Tollinger","A Howes"
"1073","I Tollinger","R Lewis"
"1074","A Vera","K Eng"
"1075","A Vera","A Howes"
"1076","A Vera","R Lewis"
"1077","A Vera","I Tollinger"
"1078","K Czechowski","P Corballis"
"1079","R Ferguson","P Corballis"
"1080","R Ferguson","K Czechowski"
"1081","R Mappus","P Corballis"
"1082","R Mappus","K Czechowski"
"1083","R Mappus","R Ferguson"
"1084","J Thivierge","T Shultz"
"1085","D Titone","T Shultz"
"1086","D Titone","J Thivierge"
"1087","S Moreno-Rios","J Garcia-madruga"
"1088","K Gallagher","B Balas"
"1089","J Matheny","B Balas"
"1090","J Matheny","K Gallagher"
"1091","P Sinha","B Balas"
"1092","P Sinha","K Gallagher"
"1093","P Sinha","J Matheny"
"1094","C Conway","M Christiansen"
"1095","J Phillips","D Noelle"
"1096","E Lucas","L Ball"
"1097","P Philips","L Ball"
"1098","P Philips","E Lucas"
"1099","G Vigilocco","M Andrews"
"1100","D Vinson","M Andrews"
"1101","D Vinson","G Vigilocco"
"1102","E Sander","J Richard"
"1103","M Ramscar","T Matlock"
"1104","M Srinivasan","T Matlock"
"1105","M Srinivasan","M Ramscar"
"1106","M Umali","M Pomplun"
"1107","V Marian","H Blumenfeld"
"1108","J Henst","H Mercier"
"1109","S Chrisite","D Bartels"
"1110","J Colhouna","D Bartels"
"1111","J Colhouna","S Chrisite"
"1113","S Day","S Chrisite"
"1114","S Day","J Colhouna"
"1115","D Gentner","D Bartels"
"1116","D Gentner","S Chrisite"
"1117","D Gentner","J Colhouna"
"1118","D Gentner","S Day"
"1119","J Jameson","D Bartels"
"1120","J Jameson","S Chrisite"
"1121","J Jameson","J Colhouna"
"1122","J Jameson","S Day"
"1123","J Jameson","D Gentner"
"1124","J Hoeks","P Hendricks"
"1125","B Colombo","A Antonietti"
"1126","P Maguire","A Cater"
"1127","D Parisi","A Borghi"
"1128","G Tsiotas","A Borghi"
"1129","G Tsiotas","D Parisi"
"1130","T Ionescu","T Ionescu"
"1131","J Yan","K Forbus"
"1132","D Roberson","C O'Hanlon"
"1133","J Loewenstein","C Heath"
"1134","K Wiemer-Hastings","C Kupper-Tetzel"
"1135","U Hoffrage","E Hoenkamp"
"1136","J Broekens","J Broekens"
"1137","I Leuder","P Healy"
"1138","R McCabe","P Healy"
"1139","R McCabe","I Leuder"
"1140","A Frick","M Daum"
"1141","F Mast","M Daum"
"1142","F Mast","A Frick"
"1143","S Walser","M Daum"
"1144","S Walser","A Frick"
"1145","S Walser","F Mast"
"1147","J Richardson","A Howes"
"1148","J Richardson","R Lewis"
"1151","A Vera","J Richardson"
"1152","M Johnson","M Ciaramita"
"1153","S Sloman","M Ciaramita"
"1154","S Sloman","M Johnson"
"1155","E Upfal","M Ciaramita"
"1156","E Upfal","M Johnson"
"1157","E Upfal","S Sloman"
"1158","E Lieven","F Chang"
"1159","M Tomasello","F Chang"
"1160","M Tomasello","E Lieven"
"1161","E Neumann","S Gaukrodger"
"1162","M Keane","R Grimes-Maguire"
"1163","C Iani","C Bonfigliolo"
"1165","R Nicoletti","C Iani"
"1167","P Ricciardelli","C Iani"
"1170","S Rubichi","C Iani"
"1173","C Joyce","G Cottrell"
"1174","M Tong","G Cottrell"
"1175","M Tong","C Joyce"
"1176","M Joos","J Helmert"
"1177","S Pannasch","J Helmert"
"1178","S Pannasch","M Joos"
"1179","B Velichkovsky","J Helmert"
"1180","B Velichkovsky","M Joos"
"1181","B Velichkovsky","S Pannasch"
"1182","U Hahn","H Bayindir"
"1183","M Oaksford","H Bayindir"
"1184","M Oaksford","U Hahn"
"1185","J Snedeker","J Geren"
"1186","S Lommel","G d'Ydewalle"
"1187","G Gunzelmann","J Anderson"
"1188","R Fell","J Chariker"
"1189","J Pani","J Chariker"
"1190","J Pani","R Fell"
"1191","R Hoffman","P Fidelman"
"1192","R Miikulainen","P Fidelman"
"1193","R Miikulainen","R Hoffman"
"1194","D Roberson","C Agrillo"
"1195","G Tagalakis","M Keane"
"1196","P Cairns","A Blandford"
"1197","S Li","A Blandford"
"1198","S Li","P Cairns"
"1199","R Young","A Blandford"
"1200","R Young","P Cairns"
"1201","R Young","S Li"
"1202","P Gerjets","R Catrambone"
"1203","K Scheiter","R Catrambone"
"1205","A Janyan","E Andonova"
"1206","T Kostadinova","E Andonova"
"1207","T Kostadinova","A Janyan"
"1208","M Raycheva","E Andonova"
"1209","M Raycheva","A Janyan"
"1210","M Raycheva","T Kostadinova"
"1211","K Stoyanova","E Andonova"
"1212","K Stoyanova","A Janyan"
"1213","K Stoyanova","T Kostadinova"
"1214","K Stoyanova","M Raycheva"
"1215","R Rivas","J Pinales"
"1217","D Done","N Davey"
"1218","R Frank","N Davey"
"1219","R Frank","D Done"
"1220","A Thurnham","N Davey"
"1221","A Thurnham","D Done"
"1222","A Thurnham","R Frank"
"1223","D Trumpower","D Trumpower"
"1224","E Chevalley","A Bangerter"
"1225","M Campbell","I Blanchette"
"1226","A Brolese","A Brolese"
"1227","R Youmans","S Ohlsson"
"1228","C Gonzalez","N Chater"
"1229","P Otto","N Chater"
"1230","P Otto","C Gonzalez"
"1231","J Quesada","N Chater"
"1232","J Quesada","C Gonzalez"
"1233","J Quesada","P Otto"
"1234","G Giguere","V Frak"
"1235","S Harnad","V Frak"
"1236","S Harnad","G Giguere"
"1237","B Louis","V Frak"
"1238","B Louis","G Giguere"
"1239","B Louis","S Harnad"
"1241","K Devitt","K Devitt"
"1242","A Iran-Nejad","J Geyer"
"1243","G Venuglopalan","J Geyer"
"1244","G Venuglopalan","A Iran-Nejad"
"1245","Y Xu","J Geyer"
"1246","Y Xu","A Iran-Nejad"
"1247","Y Xu","G Venuglopalan"
"1248","F Chen","D Bommarito"
"1249","C Sifonis","D Bommarito"
"1250","C Sifonis","F Chen"
"1251","D Radicioni","V Lombardo"
"1252","N Verschueren","W Neys"
"1253","L Konieczny","L Konieczny"
"1254","N Newcombe","N Newcombe"
"1255","A Carrera","M Balconi"
"1256","E Spinelli","A Schaegis"
"1257","P Welby","A Schaegis"
"1258","P Welby","E Spinelli"
"1262","J Verissimo","H Clahsen"
"1263","B Mak","B Mak"
"1264","P Li","D Li"
"1265","T Shultz","T Shultz"
"1266","R Mata","R Mata"
"1267","M Suwa","M Suwa"
"1268","H Maibom","H Maibom"
"1269","K Kurtz","O Boukrina"
"1270","C Han","D Choi"
"1271","S Hwang","D Choi"
"1272","S Hwang","C Han"
"1273","S Kim","D Choi"
"1274","S Kim","C Han"
"1275","S Kim","S Hwang"
"1276","M Lee","D Choi"
"1277","M Lee","C Han"
"1278","M Lee","S Hwang"
"1279","M Lee","S Kim"
"1280","S Lee","D Choi"
"1281","S Lee","C Han"
"1282","S Lee","S Hwang"
"1283","S Lee","S Kim"
"1284","S Lee","M Lee"
"1285","W Lee","D Choi"
"1286","W Lee","C Han"
"1287","W Lee","S Hwang"
"1288","W Lee","S Kim"
"1289","W Lee","M Lee"
"1290","W Lee","S Lee"
"1291","K Lim","D Choi"
"1292","K Lim","C Han"
"1293","K Lim","S Hwang"
"1294","K Lim","S Kim"
"1295","K Lim","M Lee"
"1296","K Lim","S Lee"
"1297","K Lim","W Lee"
"1298","Y So","D Choi"
"1299","Y So","C Han"
"1300","Y So","S Hwang"
"1301","Y So","S Kim"
"1302","Y So","M Lee"
"1303","Y So","S Lee"
"1304","Y So","W Lee"
"1305","Y So","K Lim"
"1306","S Yun","D Choi"
"1307","S Yun","C Han"
"1308","S Yun","S Hwang"
"1309","S Yun","S Kim"
"1310","S Yun","M Lee"
"1311","S Yun","S Lee"
"1312","S Yun","W Lee"
"1313","S Yun","K Lim"
"1314","S Yun","Y So"
"1315","B Sabel","E Kasten"
"1316","J Ullrich","E Kasten"
"1317","J Ullrich","B Sabel"
"1318","W Kim","S Kim"
"1320","M Lee","W Kim"
"1322","W Lee","W Kim"
"1325","K Lim","W Kim"
"1329","Y So","W Kim"
"1334","S Lee","W Kim"
"1339","M Yoon","S Kim"
"1340","M Yoon","W Kim"
"1341","M Yoon","M Lee"
"1342","M Yoon","W Lee"
"1343","M Yoon","K Lim"
"1344","M Yoon","Y So"
"1345","M Yoon","S Lee"
"1346","R Prevete","F Mariotti"
"1347","M Santoro","F Mariotti"
"1348","M Santoro","R Prevete"
"1349","M Remondino","M Remondino"
"1350","C Wu","C Wu"
"1351","M Gonzalez","M Broens"
"1352","F Pirri","F Pirri"
"1353","C Proctor","W Ahn"
"1354","A Takada","A Takada"
"1356","D Lyon","K Gluck"
"1357","D Lyon","G Gunzelmann"
"1358","A Smith","M Ramscar"
"1359","S Harnard","G Giguere"
"1360","S Helie","G Giguere"
"1361","S Helie","S Harnard"
"1362","B St.Louis","G Giguere"
"1363","B St.Louis","S Harnard"
"1364","B St.Louis","S Helie"
"1365","R Topolski","S Daniel"
"1366","F Zengaro","A Iran-Nejad"
"1367","L Girelli","M Burigo"
"1368","M Balconi","M Balconi"
"1369","M Yip","M Yip"
"1370","T Matsuka","T Matsuka"
"1371","S Trickett","J Trafton"
"1375","W Kim","C Han"
"1376","W Kim","S Hwang"
"1387","K Ryu","C Han"
"1388","K Ryu","S Hwang"
"1389","K Ryu","S Kim"
"1390","K Ryu","W Kim"
"1391","K Ryu","S Lee"
"1392","K Ryu","K Lim"
"1393","M Shin","C Han"
"1394","M Shin","S Hwang"
"1395","M Shin","S Kim"
"1396","M Shin","W Kim"
"1397","M Shin","S Lee"
"1398","M Shin","K Lim"
"1399","M Shin","K Ryu"
"1406","Y So","K Ryu"
"1407","Y So","M Shin"
"1408","M Yoon","C Han"
"1409","M Yoon","S Hwang"
"1414","M Yoon","K Ryu"
"1415","M Yoon","M Shin"
"1417","S Sikstrom","P Killioinen"
"1418","M Pironti","G Bussolin"
"1419","W Huang","W Goh"
"1420","M Miyake","H Akama"
"1421","M Nakagawa","H Akama"
"1422","M Nakagawa","M Miyake"
"1423","M Martino","G Bracco"
"1424","A Laudanna","G Bracco"
"1425","A Laudanna","M Martino"
"1426","B Tversky","A Kessell"
"1427","D Mauro","D Mauro"
"1428","F Bosco","R Angeleri"
"1429","L Colle","R Angeleri"
"1430","L Colle","F Bosco"
"1431","K Sacco","R Angeleri"
"1432","K Sacco","F Bosco"
"1433","K Sacco","L Colle"
"1434","M Vallana","R Angeleri"
"1435","M Vallana","F Bosco"
"1436","M Vallana","L Colle"
"1437","M Vallana","K Sacco"
"1438","G Romagnoli","C Galli"
"1439","V Zammuner","C Galli"
"1440","V Zammuner","G Romagnoli"
"1441","J Trafton","R Ratwani"
"1442","P Krebs","P Krebs"
"1443","J Thibaut","J Thibaut"
"1444","Y Gertner","C Fisher"
"1445","U Ruetschi","D Caduff"
"1446","S Timpf","D Caduff"
"1447","S Timpf","U Ruetschi"
"1448","S Mueller","M Diehl"
"1449","C Frosch","R Byrne"
"1450","E Barile","E Barile"
"1451","N Segalowitz","W Chung"
"1452","R Sun","R Mathews"
"1453","X Zhang","R Mathews"
"1454","X Zhang","R Sun"
"1455","J Trafton","C Stitzlein"
"1456","S Trickett","C Stitzlein"
"1459","M Lavidor","J Hsiao"
"1461","R Shillcock","M Lavidor"
"1463","N Verschueren","W Schaeken"
"1464","G Davies","N Chater"
"1466","P Otto","G Davies"
"1467","E Hannon","E Davelaar"
"1468","A Richards","E Davelaar"
"1469","A Richards","E Hannon"
"1470","M Kaschak","K Dijkstra"
"1471","R Zwaan","K Dijkstra"
"1472","R Zwaan","M Kaschak"
"1473","U Hasson","G Egidi"
"1474","M Wang","C Ching"
"1475","X Zhao","P Li"
"1476","S Lewandowsky","M Kalish"
"1477","L Roberts","M Kalish"
"1478","L Roberts","S Lewandowsky"
"1479","L Yang","M Kalish"
"1480","L Yang","S Lewandowsky"
"1481","L Yang","L Roberts"
"1482","F Ceric","N Aldunate"
"1483","C Cornejo","N Aldunate"
"1484","C Cornejo","F Ceric"
"1485","F Simonetti","N Aldunate"
"1486","F Simonetti","F Ceric"
"1487","F Simonetti","C Cornejo"
"1488","G Vallabha","S Musca"
"1489","M Paradowski","G Ewing"
"1490","M Webb","G Ewing"
"1491","M Webb","M Paradowski"
"1492","R Mancy","R Mancy"
"1493","C Breones-Callejas","C Breones-Callejas"
"1495","P Smolensky","P Smolensky"
"1496","R Vitral","R Vitral"
"1497","M Sydow","M Sydow"
"1498","M Glass","H Chae"
"1499","J Kim","H Chae"
"1500","J Kim","M Glass"
"1501","K Plunkett","J HU"
"1502","A Goldberg","A Buchwald"
"1503","J Kochaniak","A Buchwald"
"1504","J Kochaniak","A Goldberg"
"1505","B Rapp","A Buchwald"
"1506","B Rapp","A Goldberg"
"1507","B Rapp","J Kochaniak"
"1508","E Ingvalson","L Holt"
"1509","J McClelland","L Holt"
"1510","J McClelland","E Ingvalson"
"1511","T Kuusi","E Brattico"
"1512","M Tervaniemi","E Brattico"
"1513","M Tervaniemi","T Kuusi"
"1514","Y Sakamoto","B Love"
"1515","N Kim","N Kim"
"1516","G Fenk-Oczlon","A Fenk"
"1517","P Wiemer-Hastings","P Wiemer-Hastings"
"1518","L Garlock","D Casasanto"
"1519","S Lozano","D Casasanto"
"1520","S Lozano","L Garlock"
"1521","J McClelland","K Dilkina"
"1523","M Pesonen","C Krause"
"1524","L Richland","K Holyoak"
"1525","O Zur","K Holyoak"
"1526","O Zur","L Richland"
"1527","A Stocco","C Crescentini"
"1528","K Do","K Bae"
"1565","K Coventry","M Burigo"
"1566","D Landy","R Goldstone"
"1567","M Feist","M Feist"
"1568","M Gonzales","M Broens"
"1569","W Haselager","M Broens"
"1570","W Haselager","M Gonzales"
"1571","W Schroyens","K Dieussaert"
"1572","J Garcia-Madruga","N Carriedo"
"1573","F Gutierrez","N Carriedo"
"1574","F Gutierrez","J Garcia-Madruga"
"1575","J Luzon","N Carriedo"
"1576","J Luzon","J Garcia-Madruga"
"1577","J Luzon","F Gutierrez"
"1578","J Vila","N Carriedo"
"1579","J Vila","J Garcia-Madruga"
"1580","J Vila","F Gutierrez"
"1581","J Vila","J Luzon"
"1582","G Rizzolatti","G Rizzolatti"
"1583","T Makany","I Dror"
"1584","E Redhed","I Dror"
"1585","E Redhed","T Makany"
"1588","H Jeong","H Jeong"
"1589","W Gaissmaier","A Dieckmann"
"1590","G Gigerenzer","A Dieckmann"
"1591","G Gigerenzer","W Gaissmaier"
"1592","J Marewski","A Dieckmann"
"1593","J Marewski","W Gaissmaier"
"1594","J Marewski","G Gigerenzer"
"1595","L Schooler","A Dieckmann"
"1596","L Schooler","W Gaissmaier"
"1597","L Schooler","G Gigerenzer"
"1598","L Schooler","J Marewski"
"1599","M Glass","M Glass"
"1600","J Parisi","D Brungart"
"1601","A Markman","J Dennis"
"1602","E Lee","K Do"
"1603","A Gigi","R Babai"
"1604","T Hendler","R Babai"
"1605","T Hendler","A Gigi"
"1606","E Katzav","R Babai"
"1607","E Katzav","A Gigi"
"1608","E Katzav","T Hendler"
"1609","J Minarik","A Hund"
"1610","J Bach","J Bach"
"1611","C Chung","C Chen"
"1612","Y Pei","C Chen"
"1613","Y Pei","C Chung"
"1614","A Wong","C Chen"
"1615","A Wong","C Chung"
"1616","A Wong","Y Pei"
"1617","M Larranga","A Brunstein"
"1618","H Hayashi","H Hayashi"
"1619","M Dowman","M Dowman"
"1620","E Stern","M Schneider"
"1621","J Courchia","B Courchia"
"1622","M Hegarty","C Cohen"
"1623","M Pickering","H Branigan"
"1624","C Raffray","H Branigan"
"1625","C Raffray","M Pickering"
"1626","A Utsumi","Y Kuwabara"
"1627","G Campbell","A Bolton"
"1628","D Dorsey","A Bolton"
"1629","D Dorsey","G Campbell"
"1630","B Griepentrog","A Bolton"
"1631","B Griepentrog","G Campbell"
"1632","B Griepentrog","D Dorsey"
"1633","F Opstal","W Fias"
"1634","T Verguts","W Fias"
"1635","T Verguts","F Opstal"
"1636","A Laudanna","S Gazzellini"
"1637","E Chrysikou","E Chrysikou"
"1638","J Rieskamp","W Gaissmaier"
"1640","L Schooler","J Rieskamp"
"1641","J Fodor","J Fodor"
"1642","A Clark","A Clark"
"1644","C Timbrook","C Robinson"
"1645","C Timbrook","V Sloutsky"
"1648","M Schlesewsky","I Bornkessel"
"1649","P Lane","F Gobert"
"1650","D Kronenfeld","G Bennardo"
"1651","D Medin","G Bennardo"
"1652","D Medin","D Kronenfeld"
"1653","D Read","G Bennardo"
"1654","D Read","D Kronenfeld"
"1655","D Read","D Medin"
"1656","B Shore","G Bennardo"
"1657","B Shore","D Kronenfeld"
"1658","B Shore","D Medin"
"1659","B Shore","D Read"
"1660","J Ginzburg","J Ruiter"
"1661","P Healey","J Ruiter"
"1662","P Healey","J Ginzburg"
"1663","D Traum","J Ruiter"
"1664","D Traum","J Ginzburg"
"1665","D Traum","P Healey"
"1666","R Goldstone","A Glenburg"
"1667","S Harnard","A Glenburg"
"1668","S Harnard","R Goldstone"
"1669","K Wiemer-Hastings","A Glenburg"
"1670","K Wiemer-Hastings","R Goldstone"
"1671","K Wiemer-Hastings","S Harnard"
"1672","R Zwaan","A Glenburg"
"1673","R Zwaan","R Goldstone"
"1674","R Zwaan","S Harnard"
"1675","R Zwaan","K Wiemer-Hastings"
"1676","S Lanyon","S Lanyon"
"1677","C Wilson","C Wilson"
"1678","S Baron-Cohen","B Bara"
"1679","J McClelland","B Bara"
"1680","J McClelland","S Baron-Cohen"
"1681","A Semerari","B Bara"
"1682","A Semerari","S Baron-Cohen"
"1683","A Semerari","J McClelland"
"1684","S Caldi","J Burkart"
"1685","A Heschl","J Burkart"
"1686","A Heschl","S Caldi"
"1687","H Moll","J Burkart"
"1688","H Moll","S Caldi"
"1689","H Moll","A Heschl"
"1690","B Sodian","J Burkart"
"1691","B Sodian","S Caldi"
"1692","B Sodian","A Heschl"
"1693","B Sodian","H Moll"
"1694","L Surian","J Burkart"
"1695","L Surian","S Caldi"
"1696","L Surian","A Heschl"
"1697","L Surian","H Moll"
"1698","L Surian","B Sodian"
"1699","C Thoermer","J Burkart"
"1700","C Thoermer","S Caldi"
"1701","C Thoermer","A Heschl"
"1702","C Thoermer","H Moll"
"1703","C Thoermer","B Sodian"
"1704","C Thoermer","L Surian"
"1705","M Tomasello","J Burkart"
"1706","M Tomasello","S Caldi"
"1707","M Tomasello","A Heschl"
"1708","M Tomasello","H Moll"
"1709","M Tomasello","B Sodian"
"1710","M Tomasello","L Surian"
"1711","M Tomasello","C Thoermer"
"1713","A Ciaramidaro","B Abler"
"1714","M Deppe","B Abler"
"1715","M Deppe","A Ciaramidaro"
"1716","P Kenning","B Abler"
"1717","P Kenning","A Ciaramidaro"
"1718","P Kenning","M Deppe"
"1719","H Plassmann","B Abler"
"1720","H Plassmann","A Ciaramidaro"
"1721","H Plassmann","M Deppe"
"1722","H Plassmann","P Kenning"
"1723","H Walter","B Abler"
"1724","H Walter","A Ciaramidaro"
"1725","H Walter","M Deppe"
"1726","H Walter","P Kenning"
"1727","H Walter","H Plassmann"
"1728","F Salle","S Cappa"
"1729","E Paulesu","S Cappa"
"1730","E Paulesu","F Salle"
"1731","K Sacco","S Cappa"
"1732","K Sacco","F Salle"
"1733","K Sacco","E Paulesu"
"1734","S Small","S Cappa"
"1735","S Small","F Salle"
"1736","S Small","E Paulesu"
"1737","S Small","K Sacco"
"1738","A Solodkin","S Cappa"
"1739","A Solodkin","F Salle"
"1740","A Solodkin","E Paulesu"
"1741","A Solodkin","K Sacco"
"1742","A Solodkin","S Small"
"1743","L Gleitman","D Gentner"
"1744","B Landau","D Gentner"
"1745","B Landau","L Gleitman"
"1746","W Levelt","D Gentner"
"1747","W Levelt","L Gleitman"
"1748","W Levelt","B Landau"
"1749","A Papafragou","D Gentner"
"1750","A Papafragou","L Gleitman"
"1751","A Papafragou","B Landau"
"1752","A Papafragou","W Levelt"
"1753","D Gopnik","J Fodor"
"1754","F Keil","J Fodor"
"1755","F Keil","D Gopnik"
"1756","S Laurence","J Fodor"
"1757","S Laurence","D Gopnik"
"1758","S Laurence","F Keil"
"1759","J Mandler","J Fodor"
"1760","J Mandler","D Gopnik"
"1761","J Mandler","F Keil"
"1762","J Mandler","S Laurence"
"1763","E Margolis","J Fodor"
"1764","E Margolis","D Gopnik"
"1765","E Margolis","F Keil"
"1766","E Margolis","S Laurence"
"1767","E Margolis","J Mandler"
"1768","J McClelland","J Fodor"
"1769","J McClelland","D Gopnik"
"1770","J McClelland","F Keil"
"1771","J McClelland","S Laurence"
"1772","J McClelland","J Mandler"
"1773","J McClelland","E Margolis"
"1774","S Niyogi","J Fodor"
"1775","S Niyogi","D Gopnik"
"1776","S Niyogi","F Keil"
"1777","S Niyogi","S Laurence"
"1778","S Niyogi","J Mandler"
"1779","S Niyogi","E Margolis"
"1780","S Niyogi","J McClelland"
"1781","T Rogers","J Fodor"
"1782","T Rogers","D Gopnik"
"1783","T Rogers","F Keil"
"1784","T Rogers","S Laurence"
"1785","T Rogers","J Mandler"
"1786","T Rogers","E Margolis"
"1787","T Rogers","J McClelland"
"1788","T Rogers","S Niyogi"
"1789","J Snedeker","J Fodor"
"1790","J Snedeker","D Gopnik"
"1791","J Snedeker","F Keil"
"1792","J Snedeker","S Laurence"
"1793","J Snedeker","J Mandler"
"1794","J Snedeker","E Margolis"
"1795","J Snedeker","J McClelland"
"1796","J Snedeker","S Niyogi"
"1797","J Snedeker","T Rogers"
"1798","L Colle","C Becchio"
"1799","C Kello","C Kello"
"1800","J Sweller","J Sweller"
"1801","I Wachsmuth","I Wachsmuth"
"1802","H Honing","H Honing"
"1803","R Tuomela","M Tuomela"
"1804","K Forbus","K Forbus"
"1805","C Lucchiari","M Balconi"
"1806","A Rosabianca","M Monaci"
"1807","A Tasso","M Monaci"
"1808","A Tasso","A Rosabianca"
"1809","R Trentin","M Monaci"
"1810","R Trentin","A Rosabianca"
"1811","R Trentin","A Tasso"
"1812","T Mantyla","M Carelli"
"1813","B Tesar","B Tesar"
"1814","A McEleney","A McEleney"
