"","id","label"
"1",1,"D Bartels"
"2",2,"O Urminsky"
"3",3,"T Gureckis"
"4",4,"J Trueblood"
"5",5,"E Bonawitz"
"6",6,"A Gopnik"
"7",7,"C Kidd"
"8",8,"N Bramley"
"9",9,"E Schulz"
"10",10,"F Xu"
"11",11,"J Tenenbaum"
"12",12,"A Buss"
"13",13,"S Perone"
"14",14,"A Bhat"
"15",15,"J Hartshorne"
"16",16,"J Leeuw"
"17",17,"L Germine"
"18",18,"K Reinecke"
"19",19,"M Jennings"
"20",20,"A Olteteanu"
"21",21,"J Busemeyer"
"22",22,"P Bruza"
"23",23,"P Kvam"
"24",24,"Z Wang"
"25",25,"S Nordli"
"26",26,"T Gorman"
"27",27,"H Singmann"
"28",28,"M Tessler"
"29",29,"N Goodman"
"30",30,"M Butz"
"31",31,"A Knott"
"32",32,"N Cohn"
"33",33,"E Coderre"
"34",34,"E O'Donnell"
"35",35,"A Osterby"
"36",36,"L Loschky"
"37",37,"F Dick"
"38",38,"L Holt"
"39",39,"H Nusbaum"
"40",40,"N Sharma"
"41",41,"B Shinn-Cunningham"
"42",42,"D Gentner"
"43",43,"N Simms"
"44",44,"K Kurtz"
"45",45,"g honke"
"46",46,"S Snoddy"
"47",47,"K Forbus"
"48",48,"L Richland"
"49",49,"B Matlen"
"50",50,"E Lyons"
"51",51,"E Klostermann"
"52",52,"R Goldstone"
"53",53,"P Thagard"
"54",54,"T Ullman"
"55",55,"P Shah"
"56",56,"A Ibrahiam"
"57",57,"M DeCaro"
"58",58,"D Bellinger"
"59",59,"P Ralston"
"60",60,"S Jaeggi"
"61",61,"A Majid"
"62",62,"E Gibson"
"63",63,"T Luhrmann"
"64",64,"J McDermott"
"65",65,"A Arshamian"
"66",66,"C McColeman"
"67",67,"A Michal"
"68",68,"K Schloss"
"69",69,"J Kaminski"
"70",70,"J Hullman"
"71",71,"R Perez"
"72",72,"W Gray"
"73",73,"M Posner"
"74",74,"S Vinogradov"
"75",75,"M Chi"
"76",76,"K Smith"
"77",77,"E Anderson"
"78",78,"S Hespos"
"79",79,"L Rips"
"80",80,"C Firestone"
"81",81,"J Hamrick"
"82",82,"D Danks"
"83",83,"E Foster-Hanson"
"84",84,"M Rhodes"
"85",85,"G Carlson"
"86",86,"Y Xu"
"87",87,"B Malt"
"88",88,"M Srinivasan"
"89",89,"T Brauner"
"90",90,"I Polyanskaya"
"91",91,"P Blackburn"
"92",92,"T Pleskac"
"93",93,"P Carvalho"
"94",94,"W Croft"
"95",95,"V Kapatsinski"
"96",96,"H Kirkorian"
"97",97,"G Lupyan"
"98",98,"K Paap"
"99",99,"E Sober"
"100",100,"H Vlach"
"101",101,"J Zacks"
"102",102,"H Bailey"
"103",103,"C Kurby"
"104",104,"N Zaslavsky"
"105",105,"C Kemp"
"106",106,"T Regier"
"107",107,"N Tishby"
"108",108,"R Aboody"
"109",109,"J Velez-Ginorio"
"110",110,"L Santos"
"111",111,"J Jara-Ettinger"
"112",112,"H Huey"
"113",113,"N Aguiar"
"114",114,"K Zish"
"115",115,"M McCurry"
"116",116,"G Trafton"
"117",117,"R Ahl"
"118",118,"E DeAngelis"
"119",119,"A Stephenson"
"120",120,"S Joo"
"121",121,"F Keil"
"122",122,"C Ankener"
"123",123,"H Drenhaus"
"124",124,"M Crocker"
"125",125,"M Staudte"
"126",126,"T Arai"
"127",127,"M Asaba"
"128",128,"H Gweon"
"129",129,"E Hembacher"
"130",130,"H Qiu"
"131",131,"B Anderson"
"132",132,"M Frank"
"133",133,"J Avery"
"134",134,"M Jones"
"135",135,"A Baltaretu"
"136",136,"C Chambers"
"137",137,"A Bear"
"138",138,"S Bensinger"
"139",139,"J Knobe"
"140",140,"M Behrooz"
"141",141,"A Mobramaein"
"142",142,"A Jhala"
"143",143,"J Whitehead"
"144",144,"J Spencer"
"145",145,"L Samuelson"
"146",146,"D Bosch"
"147",147,"Y Trope"
"148",148,"G Murphy"
"149",149,"I Bouhlel"
"150",150,"C Wu"
"151",151,"N Hanaki"
"152",152,"D Bourgin"
"153",153,"J Abbott"
"154",154,"T Griffiths"
"155",155,"E Brower"
"156",156,"D Landy"
"157",157,"A Buerkin-Pontrelli"
"158",158,"J Coffey"
"159",159,"D Swingley"
"160",160,"F Callaway"
"161",161,"F Lieder"
"162",162,"P Das"
"163",163,"S Gul"
"164",164,"P Krueger"
"165",165,"M Candadai"
"166",166,"E Izquierdo"
"167",167,"R Cao"
"168",168,"T Busey"
"169",169,"R Nosofsky"
"170",170,"R Shiffrin"
"171",171,"G Woodman"
"172",172,"C Chase"
"173",173,"L Malkiewich"
"174",174,"A Kumar"
"175",175,"S Chen"
"176",176,"Z Zhou"
"177",177,"M Fang"
"178",178,"J McClelland"
"179",179,"C Cheng"
"180",180,"Z Kaldy"
"181",181,"E Blaser"
"182",182,"K Choi"
"183",183,"E Lapidow"
"184",184,"J Austin"
"185",185,"P Shafto"
"186",186,"J Chu"
"187",187,"L Schulz"
"188",188,"A Cochrane"
"189",189,"J Austerweil"
"190",190,"V Simmering"
"191",191,"C Green"
"192",192,"K Cooperrider"
"193",193,"C Cortesa"
"194",194,"J Jones"
"195",195,"G Hager"
"196",196,"S Khudanpur"
"197",197,"B Landau"
"198",198,"A Shelton"
"199",199,"G Cox"
"200",200,"A Criss"
"201",201,"E Cranford"
"202",202,"C Lebiere"
"203",203,"C Gonzalez"
"204",204,"S Cooney"
"205",205,"P Vayanos"
"206",206,"M Tambe"
"207",207,"L Cui"
"208",208,"C Massey"
"209",209,"P Kellman"
"210",210,"J Culbertson"
"211",211,"H Jarvinen"
"212",212,"F Haggarty"
"213",213,"M Cusimano"
"214",214,"L Hewitt"
"215",215,"I Dasgupta"
"216",216,"S Gershman"
"217",217,"Z Davis"
"218",218,"B Rehder"
"219",219,"T Back"
"220",220,"A Tinga"
"221",221,"R Hoef"
"222",222,"E Peters"
"223",223,"M Louwerse"
"224",224,"Y DENG"
"225",225,"C DeSerio"
"226",226,"T Candy"
"227",227,"J Gold"
"228",228,"L Smith"
"229",229,"S Dewitt"
"230",230,"D Lagnado"
"231",231,"N Fenton"
"232",232,"M Eckstein"
"233",233,"A Collins"
"234",234,"P Edmiston"
"235",235,"M Derex"
"236",236,"M Edmonds"
"237",237,"J Kubricht"
"238",238,"C Summers"
"239",239,"Y Zhu"
"240",240,"B Rothrock"
"241",241,"S Zhu"
"242",242,"H Lu"
"243",243,"J Eilbert"
"244",244,"Z Peters"
"245",245,"F eliott"
"246",246,"K Stassun"
"247",247,"M Kunda"
"248",248,"C Eng"
"249",249,"K Godwin"
"250",250,"K Boyle"
"251",251,"A Fisher"
"252",252,"A Tomasic"
"253",253,"E Thiessen"
"254",254,"J Engle"
"255",255,"C Walker"
"256",256,"A Familiar"
"257",257,"S Thompson-Schill"
"258",258,"M Fathan"
"259",259,"E Renfro"
"260",260,"N Beckage"
"261",261,"S Flusberg"
"262",262,"M Lauria"
"263",263,"P Thibodeau"
"264",264,"A Dils"
"265",265,"K Perkins"
"266",266,"A Fourtassi"
"267",267,"Y Bian"
"268",268,"S Frank"
"269",269,"E Fyfe"
"270",270,"S Brown"
"271",271,"Y Gabay"
"272",272,"A Karni"
"273",273,"J Garten"
"274",274,"B Kennedy"
"275",275,"J Hoover"
"276",276,"K Sagae"
"277",277,"M Dehghani"
"278",278,"T Gerstenberg"
"279",279,"M Siegel"
"280",280,"M Goldwater"
"281",281,"M Bollen"
"282",282,"J Giron"
"283",283,"B Goulding"
"284",284,"C Atance"
"285",285,"O Friedman"
"286",286,"R Grieben"
"287",287,"J Tekulve"
"288",288,"S Zibner"
"289",289,"S Schneegans"
"290",290,"G Schoner"
"291",291,"K Guarino"
"292",292,"E Wakefield"
"293",293,"M Novack"
"294",294,"E Congdon"
"295",295,"S Franconeri"
"296",296,"S Goldin-Meadow"
"297",297,"N Haber"
"298",298,"D Mrowca"
"299",299,"L Fei-Fei"
"300",300,"D Yamins"
"301",301,"D Halpern"
"302",302,"P Rodriguez"
"303",303,"S Harding"
"304",304,"P Rajivan"
"305",305,"B Bertenthal"
"306",306,"R Hawkins"
"307",307,"M Franke"
"308",308,"Y Hayashi"
"309",309,"L He"
"310",310,"S Bhatia"
"311",311,"D Heller"
"312",312,"S Stevenson"
"313",313,"C Hepner"
"314",314,"S Pinet"
"315",315,"N Nozari"
"316",316,"K Hitczenko"
"317",317,"R Mazuka"
"318",318,"M Elsner"
"319",319,"N Feldman"
"320",320,"M Ho"
"321",321,"M Littman"
"322",322,"F Cushman"
"323",323,"E Hopman"
"324",324,"B Thompson"
"325",325,"T Icard"
"326",326,"S Im"
"327",327,"S Varma"
"328",328,"M Inuzuka"
"329",329,"Y Tanaka"
"330",330,"M Tsubakimoto"
"331",331,"M Iordan"
"332",332,"C Ellis"
"333",333,"M Lesnick"
"334",334,"D Osherson"
"335",335,"J Cohen"
"336",336,"M Jain"
"337",337,"J Lindsey"
"338",338,"R Jamieson"
"339",339,"B Johns"
"340",340,"R Jansen"
"341",341,"A Rafferty"
"342",342,"M Jasbi"
"343",343,"A Jaggi"
"344",344,"J Jennings"
"345",345,"K Muldner"
"346",346,"S Johnson"
"347",347,"J Zhang"
"348",348,"S Steinerberger"
"349",349,"A Jones"
"350",350,"B Meder"
"351",351,"A Ruggeri"
"352",352,"M Jovanovich"
"353",353,"J Phillips"
"354",354,"D Kellen"
"355",355,"S Winiger"
"356",356,"A Kerr-German"
"357",357,"K Lowery"
"358",358,"R Kim"
"359",359,"N Pescetelli"
"360",360,"M Kleiman-Weiner"
"361",361,"E Awad"
"362",362,"S Dsouza"
"363",363,"I Rahwan"
"364",364,"J Kim"
"365",365,"S Singh"
"366",366,"A Velde"
"367",367,"L Kirfel"
"368",368,"A Vientos"
"369",369,"D Rand"
"370",370,"J Kominsky"
"371",371,"S Carey"
"372",372,"B Scholl"
"373",373,"M Koranda"
"374",374,"M Zettersten"
"375",375,"M MacDonald"
"376",376,"J Korman"
"377",377,"S Khemlani"
"378",378,"P Kounatidou"
"379",379,"M Richter"
"380",380,"K Kumar"
"381",381,"V Langenfeld"
"382",382,"B Westphal"
"383",383,"R Albrecht"
"384",384,"A Podelski"
"385",385,"A LaTourrette"
"386",386,"M Myers"
"387",387,"S Lee"
"388",388,"J Lee"
"389",389,"K Holyoak"
"390",390,"S Levine"
"391",391,"N Chater"
"392",392,"R Levy"
"393",393,"T Linzen"
"394",394,"B Leonard"
"395",395,"E Liquin"
"396",396,"T Lombrozo"
"397",397,"A Loehr"
"398",398,"L Fazio"
"399",399,"B Rittle-Johnson"
"400",400,"B Long"
"401",401,"J Fan"
"402",402,"K MacDonald"
"403",403,"V Marchman"
"404",404,"A Fernald"
"405",405,"J Madsen"
"406",406,"U Hahn"
"407",407,"T Pilditch"
"408",408,"A Maehigashi"
"409",409,"K Miwa"
"410",410,"K Kojima"
"411",411,"J Magnuson"
"412",412,"T Marghetis"
"413",413,"B Guay"
"414",414,"A Karlapudy"
"415",415,"Y Matusevych"
"416",416,"B Beekhuizen"
"417",417,"H Mehta"
"418",418,"R Dubey"
"419",419,"Y Meng"
"420",420,"E Mettler"
"421",421,"T Burke"
"422",422,"P Garrigan"
"423",423,"P Mistry"
"424",424,"J Skewes"
"425",425,"M Lee"
"426",426,"M Liljeholm"
"427",427,"A Morris"
"428",428,"S Musslick"
"429",429,"A Shenhav"
"430",430,"S Jang"
"431",431,"M Shvartsman"
"432",432,"Z Neemeh"
"433",433,"L Favela"
"434",434,"M Amon"
"435",435,"P Newman"
"436",436,"A Omaki"
"437",437,"K O'Neill"
"438",438,"W Bridewell"
"439",439,"P Bello"
"440",440,"C O'Rear"
"441",441,"N McNeil"
"442",442,"P Kirkland"
"443",443,"L Oey"
"444",444,"F Mollica"
"445",445,"S Piantadosi"
"446",446,"P Parnamets"
"447",447,"T Granwald"
"448",448,"A Olsson"
"449",449,"A Paxton"
"450",450,"T Morgan"
"451",451,"J Suchow"
"452",452,"M Pelz"
"453",453,"A Perfors"
"454",454,"D Navarro"
"455",455,"N Dam"
"456",456,"J Peterson"
"457",457,"K Aghi"
"458",458,"A Ku"
"459",459,"B Pitt"
"460",460,"K Scales"
"461",461,"D Casasanto"
"462",462,"T Posid"
"463",463,"S Clark"
"464",464,"M Bonawitz"
"465",465,"V Sloutsky"
"466",466,"C Potter"
"467",467,"E Fourakis"
"468",468,"E Morin-Lessard"
"469",469,"K Byers-Heinlein"
"470",470,"C Lew-Williams"
"471",471,"D Powell"
"472",472,"K Weisman"
"473",473,"E Markman"
"474",474,"R Prather"
"475",475,"J Qin"
"476",476,"J Opfer"
"477",477,"I Rabkina"
"478",478,"C McFate"
"479",479,"K Ransom"
"480",480,"A Hendrickson"
"481",481,"M Ricci"
"482",482,"T Serre"
"483",483,"P Rice"
"484",484,"A Stocco"
"485",485,"S Ritter"
"486",486,"J Wang"
"487",487,"Z Kurth-Nelson"
"488",488,"M Botvinick"
"489",489,"G Roberts"
"490",490,"R Clark"
"491",491,"R Rocca"
"492",492,"M Wallentin"
"493",493,"C Vesper"
"494",494,"K Tylen"
"495",495,"T Roettger"
"496",496,"R Rosen"
"497",497,"L Casasanto"
"498",498,"A Singh"
"499",499,"M Roszko"
"500",500,"L Hall"
"501",501,"P Johansson"
"502",502,"A Rothe"
"503",503,"A Rich"
"504",504,"Z Li"
"505",505,"A Royka"
"506",506,"P Rubio-Fernandez"
"507",507,"W Saban"
"508",508,"S Gabay"
"509",509,"R Klein"
"510",510,"Y Sagiv"
"511",511,"Y Niv"
"512",512,"A SalehiNobandegani"
"513",513,"I Psaromiligkos"
"514",514,"G Oliveira"
"515",515,"C Sanders"
"516",516,"M Sato"
"517",517,"K Niikuni"
"518",518,"A Schafer"
"519",519,"M Koizumi"
"520",520,"A Schachner"
"521",521,"T Brady"
"522",522,"K Oro"
"523",523,"Y Semizer"
"524",524,"M Michel"
"525",525,"K Evans"
"526",526,"J Wolfe"
"527",527,"A Sen"
"528",528,"P Patel"
"529",529,"M Rau"
"530",530,"B Mason"
"531",531,"R Nowak"
"532",532,"T Rogers"
"533",533,"J Zhu"
"534",534,"P Sequeira"
"535",535,"S Marsella"
"536",536,"E Simmons"
"537",537,"E Mizrak"
"538",538,"I Oztekin"
"539",539,"J Sippel"
"540",540,"J Szymanik"
"541",541,"S Stephan"
"542",542,"R Mayrhofer"
"543",543,"M Waldmann"
"544",544,"T Stewart"
"545",545,"S Thorgeirsson"
"546",546,"C Eliasmith"
"547",547,"J Laird"
"548",548,"P Rosenbloom"
"549",549,"J Sullins"
"550",550,"K Console"
"551",551,"C Henrichson"
"552",552,"R Denton"
"553",553,"S Roberts"
"554",554,"K Howell"
"555",555,"N Swaboda"
"556",556,"J Thibaut"
"557",557,"A Witt"
"558",558,"E Trouche"
"559",559,"A Chuey"
"560",560,"K Lockhart"
"561",561,"S Tubridy"
"562",562,"L Davachi"
"563",563,"P Tupper"
"564",564,"J Jian"
"565",565,"K Leung"
"566",566,"Y Wang"
"567",567,"L Shen"
"568",568,"S Skarsten"
"569",569,"A Utsumi"
"570",570,"T Verhoef"
"571",571,"E Walker"
"572",572,"S Coulson"
"573",573,"K Holzen"
"574",574,"C Bergmann"
"575",575,"C Dweck"
"576",576,"D Worthy"
"577",577,"A Otto"
"578",578,"A Cornwall"
"579",579,"H Don"
"580",580,"T Davis"
"581",581,"M Garvert"
"582",582,"N Schuck"
"583",583,"Y Wu"
"584",584,"J Haque"
"585",585,"B Xie"
"586",586,"B Hayes"
"587",587,"S Yan"
"588",588,"M Tanenhaus"
"589",589,"D Yap"
"590",590,"G Brookshire"
"591",591,"A Yazbec"
"592",592,"A Borovsky"
"593",593,"M Kaschak"
"594",594,"E Yoon"
"595",595,"J Young"
"596",596,"R West"
"597",597,"A Young"
"598",598,"A Powers"
"599",599,"L Pilgrim"
"600",600,"A Shtulman"
"601",601,"J Laca"
"602",602,"G Dieffenbach"
"603",603,"E Hossain"
"604",604,"D Mann"
"605",605,"S Yousif"
"606",606,"M Zhan"
"607",607,"W Zhao"
"608",608,"A Diederich"
"609",609,"R Zhou"
"610",610,"J Myung"
"611",611,"C Mathews"
"612",612,"M Pitt"
"613",613,"D Abney"
"614",614,"H Karmazyn"
"615",615,"C Yu"
"616",616,"A Abraham"
"617",617,"M Eskenazi"
"618",618,"J Roche"
"619",619,"J Folk"
"620",620,"D Abugaber"
"621",621,"A Agarwal"
"622",622,"T Hartman"
"623",623,"A Goel"
"624",624,"C Alviar"
"625",625,"R Dale"
"626",626,"C Kello"
"627",627,"A Amatuni"
"628",628,"E He"
"629",629,"E Bergelson"
"630",630,"N Baker"
"631",631,"G Erlikhman"
"632",632,"A Banerjee"
"633",633,"M Bardolph"
"634",634,"M Bartlett"
"635",635,"A Strivens"
"636",636,"W Nicholson"
"637",637,"R McLaren"
"638",638,"I McLaren"
"639",639,"J Bartolotti"
"640",640,"A Berg"
"641",641,"V Marian"
"642",642,"I Bass"
"643",643,"C Baumann"
"644",644,"V Kaxiras"
"645",645,"B Helversen"
"646",646,"S Milic"
"647",647,"B Armstrong"
"648",648,"A Lovett"
"649",649,"G Briggs"
"650",650,"G Bennett-Pierre"
"651",651,"K Binaee"
"652",652,"A Starynska"
"653",653,"J Pelz"
"654",654,"C Kanan"
"655",655,"G Diaz"
"656",656,"N Blanco"
"657",657,"M Bockholt"
"658",658,"O Peters"
"659",659,"S Narciss"
"660",660,"K Zweig"
"661",661,"R Boghrati"
"662",662,"C Boyce-Jacino"
"663",663,"S DeDeo"
"664",664,"J Brand"
"665",665,"P Monaghan"
"666",666,"P Walker"
"667",667,"S Bridgers"
"668",668,"M Bretzke"
"669",669,"C Wasylyshyn"
"670",670,"D Menendez"
"671",671,"M Alibali"
"672",672,"J Buffington"
"673",673,"K Morgan-Short"
"674",674,"L Butler"
"675",675,"D Bilkey"
"676",676,"S Otte"
"677",677,"J Byrnes"
"678",678,"D Miller-Cotto"
"679",679,"L Campanelli"
"680",680,"J Dyke"
"681",681,"K Marton"
"682",682,"S Caplan"
"683",683,"J Kodner"
"684",684,"M Cartwright"
"685",685,"H Kloos"
"686",686,"Q Mano"
"687",687,"C Hord"
"688",688,"K Manke"
"689",689,"K Koedinger"
"690",690,"L Chalik"
"691",691,"J Bavel"
"692",692,"P Chen"
"693",693,"S Schroeder"
"694",694,"S Rochanavibhata"
"695",695,"Z Cheng"
"696",696,"W Hayward"
"697",697,"A Chan"
"698",698,"J Hsiao"
"699",699,"C Chiang"
"700",700,"J Brixey"
"701",701,"J Gibson"
"702",702,"J Chirls"
"703",703,"M Kaplan"
"704",704,"Y Gebre-Ab"
"705",705,"M Ortiz"
"706",706,"L Howard"
"707",707,"J Chow"
"708",708,"B Colagiuri"
"709",709,"E Livesey"
"710",710,"M Sheskin"
"711",711,"M Clausen"
"712",712,"M Welsh"
"713",713,"U CohenPriva"
"714",714,"E Gleason"
"715",715,"C Sanker"
"716",716,"T Roijackers"
"717",717,"R Schaap"
"718",718,"J Engelen"
"719",719,"D Cokal"
"720",720,"S Patrick"
"721",721,"F Ferreira"
"722",722,"J Colantonio"
"723",723,"S Desai"
"724",724,"S Reimers"
"725",725,"N Couch"
"726",726,"M Crane"
"727",727,"S Farmer"
"728",728,"S Appling"
"729",729,"e briscoe"
"730",730,"M Cychosz"
"731",731,"P Dachapally"
"732",732,"D Damen"
"733",733,"M Amelsvoort"
"734",734,"P Wijst"
"735",735,"E Krahmer"
"736",736,"H Dames"
"737",737,"J Hartz"
"738",738,"M Kantz"
"739",739,"N Riesterer"
"740",740,"M Ragni"
"741",741,"C Dancy"
"742",742,"D Guo"
"743",743,"A Stuhlmueller"
"744",744,"S Deyne"
"745",745,"R Kleijn"
"746",746,"G Kachergis"
"747",747,"B Hommel"
"748",748,"C maza"
"749",749,"A Davis"
"750",750,"I Azevedo"
"751",751,"C Derringer"
"752",752,"B Rottman"
"753",753,"T Doan"
"754",754,"S Denison"
"755",755,"L Elflein"
"756",756,"F Elleuch"
"757",757,"S Donnet"
"758",758,"A Buendia"
"759",759,"s natkin"
"760",760,"C Tijus"
"761",761,"J Ellis"
"762",762,"H Miller"
"763",763,"L Ou"
"764",764,"R Feinman"
"765",765,"B Lake"
"766",766,"M Flowers"
"767",767,"A Ramos"
"768",768,"T Forest"
"769",769,"A Finn"
"770",770,"W Fox"
"771",771,"T Donoghue"
"772",772,"M Freggens"
"773",773,"D Freudenthal"
"774",774,"J Pine"
"775",775,"F Gobet"
"776",776,"M Gates"
"777",777,"T Veuthey"
"778",778,"L Bayet"
"779",779,"J Gauthier"
"780",780,"J Geller"
"781",781,"M Still"
"782",782,"S Gerson"
"783",783,"E Burdett"
"784",784,"S Beck"
"785",785,"M Goddu"
"786",786,"R Todaro"
"787",787,"G Murray"
"788",788,"S Golke"
"789",789,"J Wittwer"
"790",790,"K Gotseva-Balgaranova"
"791",791,"M Mutafchieva"
"792",792,"M Gray"
"793",793,"P Guarda"
"794",794,"P Parpart"
"795",795,"N Harvey"
"796",796,"J Munoz"
"797",797,"T Guerrero"
"798",798,"J Wiley"
"799",799,"C Guo"
"800",800,"M Sydow"
"801",801,"C Merdes"
"802",802,"M Hahn"
"803",803,"J Degen"
"804",804,"D Jurafsky"
"805",805,"R Futrell"
"806",806,"K Hamamouche"
"807",807,"M Keefe"
"808",808,"K Jordan"
"809",809,"S Cordes"
"810",810,"K Allen"
"811",811,"V Bapst"
"812",812,"T Zhu"
"813",813,"K McKee"
"814",814,"P Battaglia"
"815",815,"M Kapourchali"
"816",816,"B Bannerjee"
"817",817,"K Hill"
"818",818,"L Gonnerman"
"819",819,"M Hoetjes"
"820",820,"A Hogstrom"
"821",821,"R Theodore"
"822",822,"A Canfield"
"823",823,"B Castelluccio"
"824",824,"J Green"
"825",825,"C Irvine"
"826",826,"I Eigsti"
"827",827,"C Roark"
"828",828,"M Lehet"
"829",829,"H Honda"
"830",830,"M Shirasuna"
"831",831,"T Matsuka"
"832",832,"K Ueda"
"833",833,"Z Horne"
"834",834,"A Hostetter"
"835",835,"K Boneff"
"836",836,"J Hotaling"
"837",837,"B Newell"
"838",838,"S Houlihan"
"839",839,"R Saxe"
"840",840,"P Huebner"
"841",841,"C Humeny"
"842",842,"M Hurst"
"843",843,"L Huszar"
"844",844,"D Huber"
"845",845,"M Imai"
"846",846,"S Hidaka"
"847",847,"N Saji"
"848",848,"M Ohba"
"849",849,"E Isbilen"
"850",850,"R Frost"
"851",851,"M Christiansen"
"852",852,"A Ivanova"
"853",853,"D Jeong"
"854",854,"D Feng"
"855",855,"Y Ji"
"856",856,"A Papafragou"
"857",857,"D Tuckett"
"858",858,"I Juvina"
"859",859,"J Nador"
"860",860,"O Larue"
"861",861,"R Green"
"862",862,"A Harel"
"863",863,"B Minnery"
"864",864,"M Kageback"
"865",865,"D Dubhashi"
"866",866,"A Sayeed"
"867",867,"D Kalocinski"
"868",868,"T Karaminis"
"869",869,"O Scharenborg"
"870",870,"S Kessler"
"871",871,"B Kim"
"872",872,"J Ullrich"
"873",873,"J Krueger"
"874",874,"D Kim"
"875",875,"A Ruesch"
"876",876,"T Huppert"
"877",877,"J Kainerstorfer"
"878",878,"K Kinder"
"879",879,"D Kleinschmidt"
"880",880,"E Kon"
"881",881,"E Konovalova"
"882",882,"G Mens"
"883",883,"J Kosie"
"884",884,"D Baldwin"
"885",885,"P Krafft"
"886",886,"J Kroger"
"887",887,"K Munster"
"888",888,"M Burigo"
"889",889,"P Knoeferle"
"890",890,"M Krusche"
"891",891,"A Guez"
"892",892,"M Speekenbrink"
"893",893,"C Lee"
"894",894,"S Jeong"
"895",895,"J Kralik"
"896",896,"J Jeong"
"897",897,"P Villagra"
"898",898,"I Preda"
"899",899,"C Lucas"
"900",900,"A Leshinskaya"
"901",901,"N Lester"
"902",902,"S Auderset"
"903",903,"P Rogers"
"904",904,"D Baum"
"905",905,"T Biron"
"906",906,"M Lewis"
"907",907,"A Liefgreen"
"908",908,"M Tesic"
"909",909,"S Koh"
"910",910,"S Lindsay"
"911",911,"R Nightingale"
"912",912,"S Metz"
"913",913,"J Lohmann"
"914",914,"A Belardinelli"
"915",915,"Y Luo"
"916",916,"S Luthra"
"917",917,"J Marsh"
"918",918,"J Vitriol"
"919",919,"R McCoy"
"920",920,"R Frank"
"921",921,"K Rosengren"
"922",922,"R Meng"
"923",923,"P Matthews"
"924",924,"E Hubbard"
"925",925,"Z Mengesha"
"926",926,"G Zellou"
"927",927,"D Uttal"
"928",928,"N Mitev"
"929",929,"P Renner"
"930",930,"T Pfeiffer"
"931",931,"L Morett"
"932",932,"S Fraundorf"
"933",933,"J McPartland"
"934",934,"S Mueller"
"935",935,"E Veinott"
"936",936,"S Munzer"
"937",937,"L Lorch"
"938",938,"A Schwering"
"939",939,"J Krukar"
"940",940,"V Anacta"
"941",941,"D Nagy"
"942",942,"B Torok"
"943",943,"G Orban"
"944",944,"R Nakahashi"
"945",945,"S Yamada"
"946",946,"J Navarrete"
"947",947,"M Ng"
"948",948,"W So"
"949",949,"S Kita"
"950",950,"F Verbruggen"
"951",951,"A Nonami"
"952",952,"H Fukuda"
"953",953,"Y Sato"
"954",954,"K Samejima"
"955",955,"A Nordmeyer"
"956",956,"L Novick"
"957",957,"L Fuselier"
"958",958,"S O'Grady"
"959",959,"N Obrecht"
"960",960,"D Chesney"
"961",961,"Y Onuki"
"962",962,"N Shingaki"
"963",963,"L Ouyang"
"964",964,"D Ly"
"965",965,"K Paliakova"
"966",966,"P Hristova"
"967",967,"Y Park"
"968",968,"J Binzak"
"969",969,"E Toomarian"
"970",970,"P Kalra"
"971",971,"O Parshina"
"972",972,"R Obeid"
"973",973,"E Che"
"974",974,"T Ricker"
"975",975,"P Brooks"
"976",976,"J Patterson"
"977",977,"T Peltola"
"978",978,"J Jokinen"
"979",979,"S Kaski"
"980",980,"Y Peng"
"981",981,"P Javangula"
"982",982,"P Soulos"
"983",983,"A Nematzadeh"
"984",984,"V Petrovych"
"985",985,"S Thellman"
"986",986,"T Ziemke"
"987",987,"T PHENIX"
"988",988,"S VALDOIS"
"989",989,"J Diard"
"990",990,"K Phillips"
"991",991,"S Phillips"
"992",992,"B Strickland"
"993",993,"P Armary"
"994",994,"E Piazza"
"995",995,"L Hasenfratz"
"996",996,"U Hasson"
"997",997,"A Pogue"
"998",998,"V Popov"
"999",999,"M Pavlova"
"1000",1000,"J Priniski"
"1001",1001,"K Prochownik"
"1002",1002,"M Unterhuber"
"1003",1003,"A Puljic"
"1004",1004,"L Doumas"
"1005",1005,"C Qing"
"1006",1006,"D Lassiter"
"1007",1007,"P Racz"
"1008",1008,"A Mitchell"
"1009",1009,"J Blythe"
"1010",1010,"P Johnson-Laird"
"1011",1011,"K Sauerwald"
"1012",1012,"T Bock"
"1013",1013,"G Kern-Isberner"
"1014",1014,"P Friemann"
"1015",1015,"C Beierle"
"1016",1016,"L Raynal"
"1017",1017,"E Sander"
"1018",1018,"E Clement"
"1019",1019,"T Reuter"
"1020",1020,"L Rissman"
"1021",1021,"A Woodward"
"1022",1022,"B Rivera"
"1023",1023,"F Soylu"
"1024",1024,"T Robbins"
"1025",1025,"P Hemmer"
"1026",1026,"A Robey"
"1027",1027,"M Dougherty"
"1028",1028,"H Roebuck"
"1029",1029,"J Rottman"
"1030",1030,"L Young"
"1031",1031,"P Blake"
"1032",1032,"D Kelemen"
"1033",1033,"J Rule"
"1034",1034,"I Rutten"
"1035",1035,"W Voorspoels"
"1036",1036,"E Koster"
"1037",1037,"W Vanpaemel"
"1038",1038,"E Sagi"
"1039",1039,"B Jones"
"1040",1040,"T Shultz"
"1041",1041,"K Silva-Castanheira"
"1042",1042,"S Sanborn"
"1043",1043,"M Chang"
"1044",1044,"V Raja"
"1045",1045,"A Sanchez"
"1046",1046,"A Kraus"
"1047",1047,"G Stapleton"
"1048",1048,"M Jamnik"
"1049",1049,"Z Shams"
"1050",1050,"O Savic"
"1051",1051,"M Kim"
"1052",1052,"R Schlegelmilch"
"1053",1053,"A Wills"
"1054",1054,"D Schloesser"
"1055",1055,"A Munoz"
"1056",1056,"W Schueller"
"1057",1057,"V Loreto"
"1058",1058,"P Oudeyer"
"1059",1059,"S Schwettmann"
"1060",1060,"J Fischer"
"1061",1061,"N Kanwisher"
"1062",1062,"V Scotney"
"1063",1063,"S Weissmeyer"
"1064",1064,"L Gabora"
"1065",1065,"B Serhan"
"1066",1066,"A Cangelosi"
"1067",1067,"M Setzler"
"1068",1068,"K Yahosseini"
"1069",1069,"S Reijula"
"1070",1070,"L Molleman"
"1071",1071,"M Moussaid"
"1072",1072,"H Shaposhnik"
"1073",1073,"N Taatgen"
"1074",1074,"J Borst"
"1075",1075,"T Shea"
"1076",1076,"D Noelle"
"1077",1077,"G Sileno"
"1078",1078,"J Dessalles"
"1079",1079,"P SINGHAL"
"1080",1080,"A Agarwala"
"1081",1081,"P Srivastava"
"1082",1082,"M Sionti"
"1083",1083,"T Schack"
"1084",1084,"Y Aloimonos"
"1085",1085,"B Skarabela"
"1086",1086,"H Rabagliati"
"1087",1087,"M Wong"
"1088",1088,"W Lam"
"1089",1089,"M Sokolov"
"1090",1090,"J Logan"
"1091",1091,"J Soler-Company"
"1092",1092,"L Wanner"
"1093",1093,"S Solomon"
"1094",1094,"J Medaglia"
"1095",1095,"K Soo"
"1096",1096,"L Speed"
"1097",1097,"W Dam"
"1098",1098,"G Vigliocco"
"1099",1099,"R Desai"
"1100",1100,"D Stamenkovic"
"1101",1101,"R Thorstad"
"1102",1102,"P Wolff"
"1103",1103,"K Tillman"
"1104",1104,"K Wagner"
"1105",1105,"D Barner"
"1106",1106,"T Torii"
"1107",1107,"C Trueborn"
"1108",1108,"A Ueshima"
"1109",1109,"T Kameda"
"1110",1110,"L Unger"
"1111",1111,"C Vales"
"1112",1112,"S States"
"1113",1113,"M Schijndel"
"1114",1114,"N Vasilyeva"
"1115",1115,"V Veksler"
"1116",1116,"N Buchler"
"1117",1117,"D Morrison"
"1118",1118,"N Velez"
"1119",1119,"W Vong"
"1120",1120,"R Sojitra"
"1121",1121,"A Reyes"
"1122",1122,"S Yang"
"1123",1123,"I Votsis"
"1124",1124,"D Wadhera"
"1125",1125,"D Wall"
"1126",1126,"G CHAPMAN"
"1127",1127,"S Stroustrup"
"1128",1128,"J Wan"
"1129",1129,"Y Wan"
"1130",1130,"H Fu"
"1131",1131,"N Warford"
"1132",1132,"J Wertheim"
"1133",1133,"T Williams"
"1134",1134,"R Jackson"
"1135",1135,"J Lockshin"
"1136",1136,"A Williams"
"1137",1137,"C Wilson"
"1138",1138,"F Woon"
"1139",1139,"Y Chong"
"1140",1140,"L Daniel"
"1141",1141,"B Broekman"
"1142",1142,"S Cai"
"1143",1143,"S Styles"
"1144",1144,"M WU"
"1145",1145,"X Yan"
"1146",1146,"S Mills"
"1147",1147,"A Yeo"
"1148",1148,"S Cook"
"1149",1149,"M Nathan"
"1150",1150,"V Popescu"
"1151",1151,"H Yim"
"1152",1152,"P Garrett"
"1153",1153,"M Baker"
"1154",1154,"S Dennis"
"1155",1155,"J Yonehiro"
"1156",1156,"N Duran"
"1157",1157,"J Yu"
"1158",1158,"A Yuan"
"1159",1159,"W Monroe"
"1160",1160,"Y Bai"
"1161",1161,"N Kushman"
"1162",1162,"D Yurovsky"
"1163",1163,"M Meyers"
"1164",1164,"N Burke"
"1165",1165,"J Saffran"
"1166",1166,"Q Zhang"
"1167",1167,"G Koch"
"1168",1168,"R Calloway"
"1169",1169,"M Coutanche"
"1170",1170,"M Zhang"
"1171",1171,"M Pinango"
"1172",1172,"A Deo"
"1173",1173,"B Zhao"
"1174",1174,"I Pol"
"1175",1175,"M Raijmakers"
"1176",1176,"K Adams"
"1177",1177,"H Lucena"
"1178",1178,"S AMANO"
"1179",1179,"Y Nakagawa"
"1180",1180,"M Okamoto"
"1181",1181,"R Leuenberger"
"1182",1182,"C Andrews"
"1183",1183,"K Kovack-Lesh"
"1184",1184,"J Andrews"
"1185",1185,"F Anggoro"
"1186",1186,"B Jee"
"1187",1187,"J Erens"
"1188",1188,"K Lange"
"1189",1189,"E Pettit"
"1190",1190,"A Rao"
"1191",1191,"J Zemla"
"1192",1192,"L Azari"
"1193",1193,"S Grondin"
"1194",1194,"d ball"
"1195",1195,"K Barnes"
"1196",1196,"A Wong"
"1197",1197,"G Bradshaw"
"1198",1198,"J Moss"
"1199",1199,"h barsham"
"1200",1200,"C Bergey"
"1201",1201,"K Porterfield"
"1202",1202,"L Blaha"
"1203",1203,"J Suter"
"1204",1204,"J PH.D"
"1205",1205,"G Longoni"
"1206",1206,"J Johns"
"1207",1207,"G Dib"
"1208",1208,"K Duskin"
"1209",1209,"D Bliss"
"1210",1210,"M D'Esposito"
"1211",1211,"J Booth"
"1212",1212,"K McGinn"
"1213",1213,"M Braginsky"
"1214",1214,"L Bustamante"
"1215",1215,"A Baker"
"1216",1216,"A Burton"
"1217",1217,"C Hoeber"
"1218",1218,"N Daw"
"1219",1219,"A Carstensen"
"1220",1220,"P Opazo"
"1221",1221,"C Tsaousi"
"1222",1222,"T Charlesworth"
"1223",1223,"B Kurdi"
"1224",1224,"M Banaji"
"1225",1225,"C Chen"
"1226",1226,"J Hu"
"1227",1227,"J Chen"
"1228",1228,"Z Chen"
"1229",1229,"R Cherng"
"1230",1230,"Y Liao"
"1231",1231,"J Childers"
"1232",1232,"B Porter"
"1233",1233,"H Choi"
"1234",1234,"H Lee"
"1235",1235,"M Choi"
"1236",1236,"S Yoon"
"1237",1237,"E Chrysikou"
"1238",1238,"H Morrow"
"1239",1239,"P Chuang"
"1240",1240,"S Cohen"
"1241",1241,"P Todd"
"1242",1242,"M Collins"
"1243",1243,"K Gluck"
"1244",1244,"E Colunga"
"1245",1245,"D Corral"
"1246",1246,"S Carpenter"
"1247",1247,"S Clingan-Siverly"
"1248",1248,"C Cox"
"1249",1249,"M Borkenhagen"
"1250",1250,"M Seidenberg"
"1251",1251,"R Cullimore"
"1252",1252,"G Rehrig"
"1253",1253,"J Henderson"
"1254",1254,"Z Catron"
"1255",1255,"G Dam"
"1256",1256,"A Dasaka"
"1257",1257,"B Surampudi"
"1258",1258,"I Destefano"
"1259",1259,"S Stefani"
"1260",1260,"S Sohn"
"1261",1261,"J Feldman"
"1262",1262,"M Kapadia"
"1263",1263,"P Pantelis"
"1264",1264,"C DeBrock"
"1265",1265,"S Dekel"
"1266",1266,"B Burns"
"1267",1267,"Y Delevoye-Turrell"
"1268",1268,"A Batistatou"
"1269",1269,"A Deplancke"
"1270",1270,"Y Yao"
"1271",1271,"W Deng"
"1272",1272,"M Silva"
"1273",1273,"M Postma"
"1274",1274,"L Do"
"1275",1275,"A Donovan"
"1276",1276,"T Eisape"
"1277",1277,"W Merrill"
"1278",1278,"S Dietz"
"1279",1279,"C Endemann"
"1280",1280,"Y Hagmayer"
"1281",1281,"N Engelmann"
"1282",1282,"M Faber"
"1283",1283,"M Rees"
"1284",1284,"S D'Mello"
"1285",1285,"J Falandays"
"1286",1286,"M Spivey"
"1287",1287,"J Toscano"
"1288",1288,"R Foushee"
"1289",1289,"V Frigo"
"1290",1290,"R Fusaroli"
"1291",1291,"D Monster"
"1292",1292,"A Baronchelli"
"1293",1293,"D Gill"
"1294",1294,"I Ruginski"
"1295",1295,"B Thomas"
"1296",1296,"J Glavan"
"1297",1297,"J Houpt"
"1298",1298,"K Tachihara"
"1299",1299,"K Norman"
"1300",1300,"N Turk-Browne"
"1301",1301,"A Goldberg"
"1302",1302,"F Goller"
"1303",1303,"S Choi"
"1304",1304,"U Ansorge"
"1305",1305,"J Gregg"
"1306",1306,"H Gros"
"1307",1307,"H Ha"
"1308",1308,"A Bushinski"
"1309",1309,"C Hilverman"
"1310",1310,"K Halvorson"
"1311",1311,"L Harris"
"1312",1312,"B Rickles"
"1313",1313,"L Lopez"
"1314",1314,"C Perfetti"
"1315",1315,"C Hilton"
"1316",1316,"M Jacobson"
"1317",1317,"M Duff"
"1318",1318,"M Hofer"
"1319",1319,"S Husney"
"1320",1320,"A Kopel"
"1321",1321,"K Holmes"
"1322",1322,"R Welch"
"1323",1323,"N Ravitch"
"1324",1324,"R Rabinovitch"
"1325",1325,"I Carey"
"1326",1326,"A Kirvin-Quamme"
"1327",1327,"N Newcombe"
"1328",1328,"N Hsiao"
"1329",1329,"S Peng"
"1330",1330,"P Huang"
"1331",1331,"C Liu"
"1332",1332,"A Hund"
"1333",1333,"B Immel"
"1334",1334,"K Scott"
"1335",1335,"P Devine"
"1336",1336,"K Shutts"
"1337",1337,"G Jenkins"
"1338",1338,"C Jensen"
"1339",1339,"A Jern"
"1340",1340,"A Scott"
"1341",1341,"N Blank"
"1342",1342,"L Jones"
"1343",1343,"G Norville"
"1344",1344,"J Bai"
"1345",1345,"S Daniel"
"1346",1346,"J Jordan"
"1347",1347,"J Mason"
"1348",1348,"A Dayer"
"1349",1349,"M Kaul"
"1350",1350,"E Lazaroff"
"1351",1351,"W Kennedy"
"1352",1352,"J Thompson"
"1353",1353,"K Kerr"
"1354",1354,"S Eason"
"1355",1355,"A Dulaney-Foley"
"1356",1356,"A Claessens"
"1357",1357,"M Akao"
"1358",1358,"M Yamakawa"
"1359",1359,"S Kiyokawa"
"1360",1360,"N Kline"
"1361",1361,"N Atagi"
"1362",1362,"M Bushmakin"
"1363",1363,"C Sandhofer"
"1364",1364,"U Krishnamurthy"
"1365",1365,"A Kroiss"
"1366",1366,"S Waxman"
"1367",1367,"N Livingston"
"1368",1368,"B Tidswell"
"1369",1369,"M Willcoxon"
"1370",1370,"T Law"
"1371",1371,"G Dell'Accio"
"1372",1372,"M Little"
"1373",1373,"J Long"
"1374",1374,"J Bongard"
"1375",1375,"K Livingston"
"1376",1376,"J Lu"
"1377",1377,"Q Lu"
"1378",1378,"P Ramadge"
"1379",1379,"E Luchkina"
"1380",1380,"D Sobel"
"1381",1381,"J Morgan"
"1382",1382,"M Luna"
"1383",1383,"Y Majima"
"1384",1384,"D Malhotra"
"1385",1385,"K Chiew"
"1386",1386,"M Vu"
"1387",1387,"N Heller"
"1388",1388,"G Sapiro"
"1389",1389,"A Adcock"
"1390",1390,"E Marchand"
"1391",1391,"D Markant"
"1392",1392,"T Pachur"
"1393",1393,"M Masitah"
"1394",1394,"L Ying"
"1395",1395,"T Hills"
"1396",1396,"B McMurray"
"1397",1397,"T Roembke"
"1398",1398,"E Hazeltine"
"1399",1399,"H Miton"
"1400",1400,"M Hernik"
"1401",1401,"D Sperber"
"1402",1402,"C Monroy"
"1403",1403,"I Castellanos"
"1404",1404,"D Houston"
"1405",1405,"B Morris"
"1406",1406,"K Nakamura"
"1407",1407,"W Nan"
"1408",1408,"L Yan"
"1409",1409,"J Huang"
"1410",1410,"Y Fan"
"1411",1411,"S Fu"
"1412",1412,"A Nazareth"
"1413",1413,"A Jaeger"
"1414",1414,"J Neal"
"1415",1415,"K Wiemer"
"1416",1416,"C Niziolek"
"1417",1417,"S Beach"
"1418",1418,"S Kiran"
"1419",1419,"N Noll"
"1420",1420,"C Kalish"
"1421",1421,"A Tump"
"1422",1422,"R Kurvers"
"1423",1423,"S Taniguchi"
"1424",1424,"Y Tanida"
"1425",1425,"P Sidney"
"1426",1426,"C Fitzsimmons"
"1427",1427,"C Thompson"
"1428",1428,"R Orita"
"1429",1429,"M Hattori"
"1430",1430,"T Paes"
"1431",1431,"M Ellefson"
"1432",1432,"J Park"
"1433",1433,"K Varma"
"1434",1434,"A Kuo"
"1435",1435,"K Wenzel"
"1436",1436,"L Brown"
"1437",1437,"B Winter"
"1438",1438,"B Peloquin"
"1439",1439,"M Penner-Wilger"
"1440",1440,"R Waring"
"1441",1441,"N Collins"
"1442",1442,"M Murgiano"
"1443",1443,"P Perniss"
"1444",1444,"Y Motamedi"
"1445",1445,"R Plate"
"1446",1446,"A Wood"
"1447",1447,"S Pollak"
"1448",1448,"F Poletiek"
"1449",1449,"R Powers"
"1450",1450,"D Plaut"
"1451",1451,"G Price"
"1452",1452,"J Ramsburg"
"1453",1453,"S Ohlsson"
"1454",1454,"M Reinecke"
"1455",1455,"S Revithis"
"1456",1456,"A Samsonovich"
"1457",1457,"A Sanders"
"1458",1458,"M Sarrett"
"1459",1459,"E Kapnoula"
"1460",1460,"N Tippenhauer"
"1461",1461,"M Saylor"
"1462",1462,"Y Sun"
"1463",1463,"S Jimenez"
"1464",1464,"J Scheuerman"
"1465",1465,"M Anderson"
"1466",1466,"K Venable"
"1467",1467,"E Golob"
"1468",1468,"C Schonberg"
"1469",1469,"M Schouwstra"
"1470",1470,"M Flaherty"
"1471",1471,"S Schwering"
"1472",1472,"T Wasow"
"1473",1473,"K Sekine"
"1474",1474,"T Ito"
"1475",1475,"R Shao"
"1476",1476,"A Shoaib"
"1477",1477,"T Wang"
"1478",1478,"J Lany"
"1479",1479,"M Arieli-Attali"
"1480",1480,"Q Wang"
"1481",1481,"F Smith"
"1482",1482,"F Sosa"
"1483",1483,"E Winter"
"1484",1484,"S Spevack"
"1485",1485,"C Spivey"
"1486",1486,"G Wattonville"
"1487",1487,"S Chandra"
"1488",1488,"E Stein"
"1489",1489,"J Alba"
"1490",1490,"A Markman"
"1491",1491,"C Sumner"
"1492",1492,"S Verran"
"1493",1493,"L Swanson"
"1494",1494,"H Terai"
"1495",1495,"M Nakamura"
"1496",1496,"K Trezise"
"1497",1497,"R Reeve"
"1498",1498,"J Philipsen"
"1499",1499,"S Ostergaard"
"1500",1500,"J Raczaszek-Leonardi"
"1501",1501,"F Stjernfelt"
"1502",1502,"J Valle-Lisboa"
"1503",1503,"K VanLehn"
"1504",1504,"M Velazquez"
"1505",1505,"C Holmes"
"1506",1506,"R Budnick"
"1507",1507,"F Wang"
"1508",1508,"C Warren"
"1509",1509,"K Tona"
"1510",1510,"L Ouwerkerk"
"1511",1511,"J Bosch"
"1512",1512,"S Nieuwenhuis"
"1513",1513,"M Wetzel"
"1514",1514,"J Nelson"
"1515",1515,"R Liu"
"1516",1516,"S Lim"
"1517",1517,"A Xia"
"1518",1518,"T Yamauchi"
"1519",1519,"A Leontyev"
"1520",1520,"S Yu"
"1521",1521,"M Yuasa"
"1522",1522,"V Zabotkina"
"1523",1523,"B Velichkovsky"
"1524",1524,"E POZDNYAKOVA"
"1525",1525,"D Orlov"
"1526",1526,"A Kotov"
"1527",1527,"Y Zhang"
