"","id","label"
"1",1,"J Marsh"
"2",2,"S Kulkofsky"
"3",3,"J Mayor"
"4",4,"K Plunkett"
"5",5,"M Zeigenfuse"
"6",6,"M Lee"
"7",7,"M Anderson"
"8",8,"C Aktipis"
"9",9,"M Flecken"
"10",10,"C Stutterheim"
"11",11,"M Carroll"
"12",12,"D Cassenti"
"13",13,"R Carlson"
"14",14,"T Kelley"
"15",15,"R Hernandez"
"16",16,"L Kaastra"
"17",17,"B Fisher"
"18",18,"T Hills"
"19",19,"R Hertwig"
"20",20,"T Schijndel"
"21",21,"M Raijmakers"
"22",22,"J Yuan"
"23",23,"B Zhang"
"24",24,"P Maguire"
"25",25,"R Maguire"
"26",26,"A Metz"
"27",27,"T Shultz"
"28",28,"E Genuchten"
"29",29,"P Cheng"
"30",30,"D Havas"
"31",31,"J Jenvey"
"32",32,"H Shilling"
"33",33,"M Nathan"
"34",34,"J Richey"
"35",35,"A Chang"
"36",36,"T Nokes"
"37",37,"C Schunn"
"38",38,"E Manalo"
"39",39,"Y Uesaka"
"40",40,"Y Yano"
"41",41,"J Dessalles"
"42",42,"S Kiyokawa"
"43",43,"Z Dienes"
"44",44,"D Tanaka"
"45",45,"A Yamada"
"46",46,"S Phillips"
"47",47,"W Wilson"
"48",48,"A Zarcone"
"49",49,"A Lenci"
"50",50,"Y Yu"
"51",51,"Y Su"
"52",52,"R Chan"
"53",53,"P Engelbrecht"
"54",54,"M Tull"
"55",55,"F Choo"
"56",56,"C Eliasmith"
"57",57,"N Ruiz"
"58",58,"R Taib"
"59",59,"F Chen"
"60",60,"B O'Connor"
"61",61,"L Gabora"
"62",62,"A Prefors"
"63",63,"D Navarro"
"64",64,"R Jamieson"
"65",65,"D Mewhort"
"66",66,"P Gerjets"
"67",67,"Y Kammerer"
"68",68,"J Davenport"
"69",69,"E Quellmalz"
"70",70,"M Timms"
"71",71,"D Connor"
"72",72,"C Townsend"
"73",73,"E Heit"
"74",74,"J Vitale"
"75",75,"J Black"
"76",76,"C Eric"
"77",77,"C Chang"
"78",78,"M Toyota"
"79",79,"M Kitajima"
"80",80,"D Worthy"
"81",81,"W Maddox"
"82",82,"R Cherng"
"83",83,"H Chen"
"84",84,"J Chen"
"85",85,"Y Chen"
"86",86,"S Revithis"
"87",87,"V Berthiaume"
"88",88,"O Dammann"
"89",89,"J Kaminski"
"90",90,"V Sloutsky"
"91",91,"W Vandiver"
"92",92,"E Sagi"
"93",93,"X Yao"
"94",94,"C Best"
"95",95,"C Robinson"
"96",96,"S Denton"
"97",97,"J Kruschke"
"98",98,"T Laine"
"99",99,"S Gupta"
"100",100,"B Monroe"
"101",101,"J Rijn"
"102",102,"H Rijn"
"103",103,"P Hendriks"
"104",104,"K Brill"
"105",105,"M Faretta"
"106",106,"F Wong"
"107",107,"P Wong"
"108",108,"K Morgan-Short"
"109",109,"A Dewald"
"110",110,"S Sinnett"
"111",111,"L Domas"
"112",112,"M Chan"
"113",113,"F Levillain"
"114",114,"L Bonatti"
"115",115,"P Khaitan"
"116",116,"J McClelland"
"117",117,"B Kemenade"
"118",118,"N Muggleton"
"119",119,"V Walsh"
"120",120,"A Saygin"
"121",121,"S Flusberg"
"122",122,"A Dils"
"123",123,"L Boroditsky"
"124",124,"M Coco"
"125",125,"F Keller"
"126",126,"S Creel"
"127",127,"T Pettitt"
"128",128,"E Davelaar"
"129",129,"M Yip"
"130",130,"J Federman"
"131",131,"R Morris"
"132",132,"L Dragoni"
"133",133,"S Tobin"
"134",134,"P Cho"
"135",135,"P Jennet"
"136",136,"J Magnuson"
"137",137,"P Beaman"
"138",138,"D Jones"
"139",139,"B Matlen"
"140",140,"A Fisher"
"141",141,"K Godwin"
"142",142,"Y Sakamoto"
"143",143,"W Voorspoels"
"144",144,"W Vanpaemel"
"145",145,"G Storms"
"146",146,"L Smith"
"147",147,"D Gentner"
"148",148,"A Johnson"
"149",149,"K Coventry"
"150",150,"E Thompson"
"151",151,"T Kershaw"
"152",152,"J Braasch"
"153",153,"C Flynn"
"154",154,"M McLure"
"155",155,"S Friedman"
"156",156,"K Forbus"
"157",157,"B Lake"
"158",158,"J Tenenbaum"
"159",159,"H Jarodzka"
"160",160,"T Balslev"
"161",161,"K Holmqvist"
"162",162,"M Nystrom"
"163",163,"K Scheiter"
"164",164,"B Eika"
"165",165,"R Hurtado"
"166",166,"M Orozco-Hormaza"
"167",167,"D Guerrero"
"168",168,"M Goldwater"
"169",169,"J Willits"
"170",170,"L Doumas"
"171",171,"R Morrison"
"172",172,"L Richland"
"173",173,"K Do"
"174",174,"K Kim"
"175",175,"D Brumby"
"176",176,"N Rosario"
"177",177,"C Janssen"
"178",178,"P Reeder"
"179",179,"E Newport"
"180",180,"R Aslin"
"181",181,"D Casasanto"
"182",182,"K Jasmin"
"183",183,"J Matthews"
"184",184,"T Matlock"
"185",185,"S Karmakar"
"186",186,"R Kasturirangan"
"187",187,"P Baumann"
"188",188,"L Konieczny"
"189",189,"B Hemforth"
"190",190,"C Wang"
"191",191,"L Yang"
"192",192,"J Bartolotti"
"193",193,"V Marian"
"194",194,"M Penner-Wilger"
"195",195,"L Fast"
"196",196,"J LeFevre"
"197",197,"B Smith-Chant"
"198",198,"S Skwarchuk"
"199",199,"D Kamawar"
"200",200,"J Bisnaz"
"201",201,"R Sanz"
"202",202,"C Hernandez"
"203",203,"J Gomez"
"204",204,"G Sanchez"
"205",205,"A Hernando"
"206",206,"G Brookshire"
"207",207,"R Ivry"
"208",208,"P Palma"
"209",209,"G Luger"
"210",210,"J Close"
"211",211,"U Hahn"
"212",212,"R Honey"
"213",213,"K Goedert"
"214",214,"B Eiter"
"215",215,"R Lindsey"
"216",216,"O Lewis"
"217",217,"H Pashler"
"218",218,"M Mozer"
"219",219,"S Jang"
"220",220,"R Jyung"
"221",221,"T Taira"
"222",222,"T Kusumi"
"223",223,"P Hemmer"
"224",224,"J Shi"
"225",225,"M Steyvers"
"226",226,"A Rafferty"
"227",227,"T Griffiths"
"228",228,"M Smuc"
"229",229,"E Mayr"
"230",230,"F Windhager"
"231",231,"H Popick"
"232",232,"M Ramscar"
"233",233,"N Kirkham"
"234",234,"K Inohara"
"235",235,"E Munncih"
"236",236,"S Khan"
"237",237,"M Latham"
"238",238,"M Brewer"
"239",239,"V Ho"
"240",240,"S Walton"
"241",241,"L Barca"
"242",242,"G Pezzulo"
"243",243,"E Castelli"
"244",244,"S Ramesh"
"245",245,"B Hidalgo-Sotelo"
"246",246,"A Olivia"
"247",247,"M Kunda"
"248",248,"K McGreggor"
"249",249,"A Goel"
"250",250,"S Kang"
"251",251,"R Youmas"
"252",252,"M Romano"
"253",253,"M Spivey"
"254",254,"G Petkov"
"255",255,"P Nikolova"
"256",256,"O Alacam"
"257",257,"A Hohenberger"
"258",258,"K Cagiltay"
"259",259,"H Honda"
"260",260,"T Matsuka"
"261",261,"N Wilson"
"262",262,"R Sun"
"263",263,"R Mathews"
"264",264,"M Riordan"
"265",265,"R Dale"
"266",266,"R Kreuz"
"267",267,"J Frankenstein"
"268",268,"M Vidal"
"269",269,"M Rouille"
"270",270,"S Donikian"
"271",271,"M Zaoui"
"272",272,"A Berthoz"
"273",273,"L Zhao"
"274",274,"P Gupta"
"275",275,"T Scaife"
"276",276,"A Heckler"
"277",277,"F Dandurand"
"278",278,"T Hannagan"
"279",279,"J Grainger"
"280",280,"K Agres"
"281",281,"H Datta"
"282",282,"J Zevin"
"283",283,"J Hotaling"
"284",284,"A Cohen"
"285",285,"J Busemeyer"
"286",286,"R Shiffrin"
"287",287,"I Vankov"
"288",288,"B Kokinov"
"289",289,"J Nilsson"
"290",290,"N Ferrier"
"291",291,"P Ladny"
"292",292,"J McGuire"
"293",293,"R Brou"
"294",294,"S Doane"
"295",295,"R Bapi"
"296",296,"J Patel"
"297",297,"V Naidu"
"298",298,"S Jala"
"299",299,"V Duggirala"
"300",300,"S Alladi"
"301",301,"H Shi"
"302",302,"R Johansson"
"303",303,"J Holsanova"
"304",304,"A Otto"
"305",305,"A Markman"
"306",306,"E Taylor"
"307",307,"P Matthews"
"308",308,"K Laidlaw"
"309",309,"T Foulsham"
"310",310,"G Kuhn"
"311",311,"A Kingstone"
"312",312,"D Choi"
"313",313,"S Ohlsson"
"314",314,"M Upal"
"315",315,"M Harmon-Vukic"
"316",316,"P Jeuniaux"
"317",317,"S Tremblay"
"318",318,"J Gagnon"
"319",319,"D Lafond"
"320",320,"F Bernier"
"321",321,"S Laszlo"
"322",322,"B Armstrong"
"323",323,"J MacInnes"
"324",324,"D Plaut"
"325",325,"K Federmeier"
"326",326,"A Callender"
"327",327,"V Glebkin"
"328",328,"D Liu"
"329",329,"C Fadjo"
"330",330,"J Hong"
"331",331,"D Little"
"332",332,"H Bai"
"333",333,"J Trafton"
"334",334,"A Schapiro"
"335",335,"T Rogers"
"336",336,"M Botvinick"
"337",337,"T Green"
"338",338,"S DiPaola"
"339",339,"A Wiegmann"
"340",340,"Y Okan"
"341",341,"J Nagel"
"342",342,"S Mangold"
"343",343,"H Yoshida"
"344",344,"K Darby"
"345",345,"J Burling"
"346",346,"P Blikstein"
"347",347,"K Mickey"
"348",348,"L Carlson"
"349",349,"S Freundschuh"
"350",350,"S Finley"
"351",351,"W Badecker"
"352",352,"S Hattikudur"
"353",353,"P Sidney"
"354",354,"M Alibali"
"355",355,"J Roche"
"356",356,"C Howes"
"357",357,"P Healey"
"358",358,"M Purver"
"359",359,"A Samsonovich"
"360",360,"R Stollhoff"
"361",361,"J Jost"
"362",362,"I Kennerknecht"
"363",363,"J Thibaut"
"364",364,"R French"
"365",365,"Y Gerard"
"366",366,"D Yurovksy"
"367",367,"S Hidaka"
"368",368,"C Yu"
"369",369,"A Jarosz"
"370",370,"G Colflesh"
"371",371,"J Wiley"
"372",372,"J Moon"
"373",373,"W Fu"
"374",374,"T Oates"
"375",375,"Y Liu"
"376",376,"J Caplan"
"377",377,"C Vredenburgh"
"378",378,"L Schneider"
"379",379,"A Hisa"
"380",380,"T Kushnir"
"381",381,"T Nakamura"
"382",382,"M Sakamoto"
"383",383,"A Utsumi"
"384",384,"S Muller"
"385",385,"B Otto"
"386",386,"E Cokely"
"387",387,"C Glaser"
"388",388,"F Joublin"
"389",389,"R Ashley"
"390",390,"A Penaloza"
"391",391,"D Calvillo"
"392",392,"R Brooks"
"393",393,"D Gome"
"394",394,"J Booth"
"395",395,"K Koedinger"
"396",396,"J Yun"
"397",397,"J Whitman"
"398",398,"J Hale"
"399",399,"S Street"
"400",400,"R Prather"
"401",401,"C Stitzel"
"402",402,"K Mix"
"403",403,"K Levering"
"404",404,"K Kurtz"
"405",405,"A Eitel"
"406",406,"L Laskin"
"407",407,"C Donkin"
"408",408,"S Brown"
"409",409,"A Heathcote"
"410",410,"L Feldman"
"411",411,"F Martin"
"412",412,"P O'Connor"
"413",413,"P Coppin"
"414",414,"J Burton"
"415",415,"D Pautler"
"416",416,"B Koenig"
"417",417,"B Quek"
"418",418,"A Ortony"
"419",419,"H Lee"
"420",420,"H Kim"
"421",421,"J Taylor"
"422",422,"W Greville"
"423",423,"A Cassar"
"424",424,"M Johansen"
"425",425,"M Buehner"
"426",426,"T Ward"
"427",427,"M Guerdat"
"428",428,"B Roskos-Ewoldson"
"429",429,"B McCarthy"
"430",430,"A Borovsky"
"431",431,"J Elman"
"432",432,"S Winter"
"433",433,"N Kramer"
"434",434,"J Appel"
"435",435,"K Schielke"
"436",436,"E Morgan"
"437",437,"M Steedman"
"438",438,"S Battersby"
"439",439,"M Guhe"
"440",440,"A Pease"
"441",441,"A Smail"
"442",442,"M Schmidt"
"443",443,"H Gust"
"444",444,"K Kuhnberger"
"445",445,"U Kumnack"
"446",446,"J Myung"
"447",447,"M Pitt"
"448",448,"M Frank"
"449",449,"H Tily"
"450",450,"I Arnon"
"451",451,"S Goldwater"
"452",452,"V Benitez"
"453",453,"N Smith"
"454",454,"W Chan"
"455",455,"R Levy"
"456",456,"E Bobek"
"457",457,"J Corter"
"458",458,"A Kalb"
"459",459,"D Barber-Plummer"
"460",460,"R Cox"
"461",461,"D Castaneda"
"462",462,"C Potts"
"463",463,"J Vaid"
"464",464,"R Rhodes"
"465",465,"S Tosun"
"466",466,"J Orton"
"467",467,"F Anggoro"
"468",468,"B Jee"
"469",469,"T Terziyan"
"470",470,"J Gilkey"
"471",471,"D Chen"
"472",472,"K Holyoak"
"473",473,"A Danielescu"
"474",474,"E Campana"
"475",475,"T Yamauchi"
"476",476,"R Gutierrez-Osuna"
"477",477,"J Caverlee"
"478",478,"E Bonawitz"
"479",479,"T Kojima"
"480",480,"T Kriete"
"481",481,"D Noelle"
"482",482,"C Henderson"
"483",483,"A Hsu"
"484",484,"T Ricks"
"485",485,"L D'Andrea"
"486",486,"S Khemlani"
"487",487,"A Sussman"
"488",488,"D Oppenheimer"
"489",489,"L Bergen"
"490",490,"O Evans"
"491",491,"K Monteith"
"492",492,"T Martinez"
"493",493,"D Ventura"
"494",494,"D Uttal"
"495",495,"C Crouch"
"496",496,"A Spiegel"
"497",497,"J Diamond"
"498",498,"M Brudzinski"
"499",499,"C Sims"
"500",500,"W Gray"
"501",501,"M Schoelles"
"502",502,"R Zheng"
"503",503,"F Rubio"
"504",504,"D Woltz"
"505",505,"S Denison"
"506",506,"A Gopnik"
"507",507,"D DeCaro"
"508",508,"J Johnson"
"509",509,"K DeLeeuw"
"510",510,"R Mayer"
"511",511,"B Giesbrecht"
"512",512,"K Jordan"
"513",513,"J Baker"
"514",514,"K Rodzon"
"515",515,"W Kennedy"
"516",516,"M Bugajska"
"517",517,"J Ball"
"518",518,"C Winkelholz"
"519",519,"M Kleiber"
"520",520,"C Schlick"
"521",521,"P Parpart"
"522",522,"B Imhof"
"523",523,"J Edelmann"
"524",524,"T Karaminis"
"525",525,"M Thomas"
"526",526,"A Shook"
"527",527,"J Choi"
"528",528,"P Langley"
"529",529,"N Anderson"
"530",530,"C Anderson"
"531",531,"E Risko"
"532",532,"S Jhean-Larose"
"533",533,"F Martinez"
"534",534,"R Weast"
"535",535,"N Neiman"
"536",536,"P Simen"
"537",537,"T McMillen"
"538",538,"S Behseta"
"539",539,"N Abdullah"
"540",540,"R Hausmann"
"541",541,"S Honiden"
"542",542,"H Sharp"
"543",543,"S Killingsworth"
"544",544,"J Jacobson"
"545",545,"M Saylor"
"546",546,"H Shimada"
"547",547,"M Clayards"
"548",548,"J Toscano"
"549",549,"J Jones"
"550",550,"M Sydow"
"551",551,"Y Hagmayer"
"552",552,"B Meder"
"553",553,"M Waldman"
"554",554,"U Teuscher"
"555",555,"D Brang"
"556",556,"V Ramachandran"
"557",557,"S Coulson"
"558",558,"F Bocklisch"
"559",559,"S Bocklisch"
"560",560,"M Baumann"
"561",561,"A Scholz"
"562",562,"J Krems"
"563",563,"J Chisholm"
"564",564,"A Stuhlmuller"
"565",565,"N Goodman"
"566",566,"P Bello"
"567",567,"M Guarini"
"568",568,"M Matessa"
"569",569,"Y Zhuang"
"570",570,"V Sreekumar"
"571",571,"M Belkin"
"572",572,"S Dennis"
"573",573,"D Lyon"
"574",574,"J Cheng"
"575",575,"J Tracy"
"576",576,"J Henrich"
"577",577,"B Gane"
"578",578,"R Catrambone"
"579",579,"A Garland"
"580",580,"J Low"
"581",581,"K Burns"
"582",582,"R Flanagan"
"583",583,"N Steinhauser"
"584",584,"G Campbell"
"585",585,"K Harrison"
"586",586,"L Taylor"
"587",587,"M Dzikovska"
"588",588,"J Moore"
"589",589,"T Fountain"
"590",590,"M Lapata"
"591",591,"J Salapska-Gelleri"
"592",592,"F Smolik"
"593",593,"S Buechner"
"594",594,"C Holscher"
"595",595,"A Pereira"
"596",596,"K James"
"597",597,"S Jones"
"598",598,"C Li"
"599",599,"B Jones"
"600",600,"K Eberhard"
"601",601,"H Nicholson"
"602",602,"I Lyons"
"603",603,"S Beilock"
"604",604,"S Sprenger"
"605",605,"L Mol"
"606",606,"E Krahmer"
"607",607,"K Durkin"
"608",608,"B Rittle-Johnson"
"609",609,"J Star"
"610",610,"S Kriz"
"611",611,"K Cheng"
"612",612,"M Rolandi"
"613",613,"A Kheifets"
"614",614,"C Gallistel"
"615",615,"G Wiggins"
"616",616,"T Gerstenberg"
"617",617,"D Lagnado"
"618",618,"Y Kareev"
"619",619,"K Fisher"
"620",620,"M Bassok"
"621",621,"L Osterhout"
"622",622,"S Thill"
"623",623,"R Lowe"
"624",624,"S Chen"
"625",625,"J Hu"
"626",626,"P Li"
"627",627,"B Scheibehenne"
"628",628,"J Rieskamp"
"629",629,"F Asr"
"630",630,"A Fazly"
"631",631,"Z Azimifar"
"632",632,"H Schultheis"
"633",633,"R Abrams"
"634",634,"M Bizzotto"
"635",635,"N Davidenko"
"636",636,"S Flsuberg"
"637",637,"J Alderete"
"638",638,"K Nakamura"
"639",639,"S Lim"
"640",640,"M Yap"
"641",641,"D Byron"
"642",642,"J Hanna"
"643",643,"W Hartmann"
"644",644,"R Alterman"
"645",645,"J Larusson"
"646",646,"S Chin-Parker"
"647",647,"L Maanen"
"648",648,"E Wagemakers"
"649",649,"A Stull"
"650",650,"H Mary"
"651",651,"S Mike"
"652",652,"D Bonnie"
"653",653,"J Little"
"654",654,"E Bjork"
"655",655,"S Frey"
"656",656,"R Goldstone"
"657",657,"R Wu"
"658",658,"B Abbs"
"659",659,"J Goldstein"
"660",660,"K Mueller"
"661",661,"B McMurray"
"662",662,"B Tomblin"
"663",663,"D Landy"
"664",664,"S Linkenauger"
"665",665,"G Paiva"
"666",666,"C Street"
"667",667,"D Richardson"
"668",668,"P Bogunovich"
"669",669,"D Salvucci"
"670",670,"T Halverson"
"671",671,"G Gunzelmann"
"672",672,"L Moore"
"673",673,"H Dongen"
"674",674,"C Salas"
"675",675,"T Griffin"
"676",676,"W Jones"
"677",677,"J Moss"
"678",678,"Q Liu"
"679",679,"A Kawamoto"
"680",680,"G Jenkins"
"681",681,"J Smith"
"682",682,"J Spencer"
"683",683,"L Samuelson"
"684",684,"M Greenwood"
"685",685,"D Kim"
"686",686,"C Widmer"
"687",687,"C Szostak"
"688",688,"M Rabovsky"
"689",689,"W Sommer"
"690",690,"R Rahman"
"691",691,"L Brunel"
"692",692,"G Vallet"
"693",693,"B Riou"
"694",694,"M Lesourd"
"695",695,"E Labeye"
"696",696,"R Versace"
"697",697,"E Kim"
"698",698,"H Shin"
"699",699,"A Corner"
"700",700,"A Harris"
"701",701,"C Tzeng"
"702",702,"L Nygaard"
"703",703,"L Namy"
"704",704,"D Pfeiffer"
"705",705,"D Bullard"
"706",706,"H Kloos"
"707",707,"S Yoon"
"708",708,"M Choi"
"709",709,"S Verheyen"
"710",710,"J Chariker"
"711",711,"F Naaz"
"712",712,"J Pani"
"713",713,"J Moxley"
"714",714,"K Ericsson"
"715",715,"T Towne"
"716",716,"R Best"
"717",717,"J Chan"
"718",718,"K Fu"
"719",719,"K Wood"
"720",720,"J Cagan"
"721",721,"K Kotovsky"
"722",722,"C Held"
"723",723,"U Cress"
"724",724,"A Sohrabi"
"725",725,"R West"
"726",726,"L Cantrell"
"727",727,"G Hawkins"
"728",728,"M Prince"
"729",729,"E Gerbier"
"730",730,"O Koenig"
"731",731,"L Suarez"
"732",732,"S Tan"
"733",733,"W Goh"
"734",734,"E Mettler"
"735",735,"H Lu"
"736",736,"P Kellman"
"737",737,"E Hristova"
"738",738,"A Gerganov"
"739",739,"E Todorova"
"740",740,"S Georgieva"
"741",741,"S Asakawa"
"742",742,"Y Itaguchi"
"743",743,"I Beatu"
"744",744,"M Patchan"
"745",745,"H Schmidtke"
"746",746,"M Beigl"
"747",747,"D Gomes"
"748",748,"J Borst"
"749",749,"N Taatgen"
"750",750,"A Stocco"
"751",751,"S Schwind"
"752",752,"W Rauch"
"753",753,"M Lauer-Schmaltz"
"754",754,"M Saito"
"755",755,"T Shimazaki"
"756",756,"N Stein"
"757",757,"M Hernandez"
"758",758,"T Henetz"
"759",759,"R Taraban"
"760",760,"B Bennett"
"761",761,"X Zeng"
"762",762,"L Chen"
"763",763,"J Sturm"
"764",764,"P Nachbaur"
"765",765,"A Goldberg"
"766",766,"J Herts"
"767",767,"J Andrews"
"768",768,"K Livingston"
"769",769,"S Lohman"
"770",770,"K Tomanek"
"771",771,"J Ziegler"
"772",772,"S Vattam"
"773",773,"S Rugaber"
"774",774,"D Joyner"
"775",775,"C Hmelo-Silver"
"776",776,"R Jordan"
"777",777,"S Honwad"
"778",778,"S Gray"
"779",779,"S Sinha"
"780",780,"D Levin"
"781",781,"S Lynn"
"782",782,"R Warner"
"783",783,"T Stoess"
"784",784,"P Shafto"
"785",785,"C Madden"
"786",786,"S Lallee"
"787",787,"P Dominey"
"788",788,"V Kapatsinski"
"789",789,"L Johnston"
"790",790,"J Glick"
"791",791,"M Ueno"
"792",792,"A Kehler"
"793",793,"C Kalish"
"794",794,"B Gibson"
"795",795,"J Harrison"
"796",796,"X Zhu"
"797",797,"S Lee"
"798",798,"C Madan"
"799",799,"C Lau"
"800",800,"E Fujiwara"
"801",801,"J Davies"
"802",802,"P Yaner"
"803",803,"E Thom"
"804",804,"C Sandhofer"
"805",805,"R Thompson"
"806",806,"D Vinson"
"807",807,"N Fox"
"808",808,"G Vigliocco"
"809",809,"C Scheepers"
"810",810,"S Colonna"
"811",811,"S Schimke"
"812",812,"J Pynte"
"813",813,"K Smith"
"814",814,"M Freiman"
"815",815,"S Rodgers"
"816",816,"C Myers"
"817",817,"B Breaux"
"818",818,"M Feist"
"819",819,"C Wasylyshyn"
"820",820,"M Blokpoel"
"821",821,"J Kwisthout"
"822",822,"T Weide"
"823",823,"I Rooij"
"824",824,"D Dunbar"
"825",825,"L Byom"
"826",826,"M Kaushanskaya"
"827",827,"B Bruza"
"828",828,"M Welsh"
"829",829,"S Begg"
"830",830,"R Hanania"
"831",831,"T Ionescu"
"832",832,"R Liu"
"833",833,"A Feltz"
"834",834,"J Lewis"
"835",835,"A Fouse"
"836",836,"V Sa"
"837",837,"D Cosejo"
"838",838,"A Osth"
"839",839,"M Matsumuro"
"840",840,"K Miwa"
"841",841,"L Geraci"
"842",842,"E Chiu"
"843",843,"S Yi"
"844",844,"M Dry"
"845",845,"J Prabhakar"
"846",846,"J Hudson"
"847",847,"W Clair"
"848",848,"G Kachergis"
"849",849,"L McDonough"
"850",850,"C Wilson-Mendenhall"
"851",851,"L Barsalou"
"852",852,"W Lee"
"853",853,"J Won"
"854",854,"Y Lee"
"855",855,"Y Kim"
"856",856,"M Kwon"
"857",857,"Y Jeong"
"858",858,"S Levine"
"859",859,"M Ragni"
"860",860,"B Becker"
"861",861,"E Walker"
"862",862,"S Vosoughi"
"863",863,"B Roy"
"864",864,"D Roy"
"865",865,"A Koop"
"866",866,"L Hackman"
"867",867,"R Sutton"
"868",868,"A Young"
"869",869,"M Alibail"
"870",870,"N Kunze"
"871",871,"M Lotstein"
"872",872,"P Johnson-Laird"
"873",873,"H Kalagher"
"874",874,"M DeCaro"
"875",875,"N Chater"
"876",876,"R Treszka"
"877",877,"D Heussen"
"878",878,"B Gerstle"
"879",879,"F Ladusaw"
"880",880,"P Cushen"
"881",881,"M Unterhuber"
"882",882,"G Schurz"
"883",883,"E Cranford"
"884",884,"P Thompson"
"885",885,"Z Estes"
"886",886,"M Staudte"
"887",887,"M Crocker"
"888",888,"A Jaeger"
"889",889,"C Kello"
"890",890,"T Rhodes"
"891",891,"G Hollis"
"892",892,"B Kerster"
"893",893,"J Jordan"
"894",894,"A Kenning"
"895",895,"J Clinton"
"896",896,"J Durtschi"
"897",897,"J Cutting"
"898",898,"J Jang"
"899",899,"A Hund"
"900",900,"A Padgitt"
"901",901,"K Uttich"
"902",902,"T Lombrozo"
"903",903,"J Kim"
"904",904,"E Shaw"
"905",905,"S Wyner"
"906",906,"T Kim"
"907",907,"J Li"
"908",908,"K Butcher"
"909",909,"A Cook"
"910",910,"L Ferrera"
"911",911,"S Davies"
"912",912,"A Mazal"
"913",913,"S Gripshover"
"914",914,"E Markman"
"915",915,"T Farmer"
"916",916,"P Monaghan"
"917",917,"J Misyak"
"918",918,"M Christiansen"
"919",919,"W Sieck"
"920",920,"L Rasmussen"
"921",921,"E Williams"
"922",922,"L Bott"
"923",923,"M Lewis"
"924",924,"J Patrick"
"925",925,"K Jennings"
"926",926,"R Wetzels"
"927",927,"C Brojde"
"928",928,"E Colunga"
"929",929,"M Wood"
"930",930,"M Fry"
"931",931,"M Blair"
"932",932,"D Buchanan"
"933",933,"D Sobel"
"934",934,"S D'Mello"
"935",935,"A Graesser"
"936",936,"L Casasanto"
"937",937,"P Hofmeister"
"938",938,"I Sag"
"939",939,"H Weldle"
"940",940,"S Wolfer"
"941",941,"D Muller"
"942",942,"J Gerard"
"943",943,"T Palpanas"
"944",944,"Y Sun"
"945",945,"H Wang"
"946",946,"I Yildirim"
"947",947,"R Jacobs"
"948",948,"M Harris"
"949",949,"A Perez"
"950",950,"J Alexandre"
"951",951,"A Kukona"
"952",952,"D Braze"
"953",953,"C Johns"
"954",954,"J Dyke"
"955",955,"W Tabor"
"956",956,"K Pugh"
"957",957,"E Mencl"
"958",958,"H Fitz"
"959",959,"M Sonderegger"
"960",960,"A Yu"
"961",961,"K Cheung"
"962",962,"J Hsiao"
"963",963,"A Kaznatcheev"
"964",964,"K Brown"
"965",965,"R Stephens"
"966",966,"A Warlaumont"
"967",967,"D Oller"
"968",968,"J Richards"
"969",969,"J Gilkerson"
"970",970,"D Xu"
"971",971,"L Conlin"
"972",972,"A Gupta"
"973",973,"D Hammer"
"974",974,"A Maes"
"975",975,"M Swerts"
"976",976,"C Fausey"
"977",977,"S Kucker"
"978",978,"S Huette"
"979",979,"M Kapur"
"980",980,"C Parisien"
"981",981,"S Stevenson"
"982",982,"Y Sato"
"983",983,"K Mineshima"
"984",984,"R Takemura"
"985",985,"W Neys"
"986",986,"N Novitskiy"
"987",987,"J Ramautar"
"988",988,"J Wagemans"
"989",989,"P Tausche"
"990",990,"A Springer"
"991",991,"W Prinz"
"992",992,"S Bliznashki"
"993",993,"M Arata"
"994",994,"M Imai"
"995",995,"J Okuda"
"996",996,"H Okada"
"997",997,"T Matsuda"
"998",998,"S Herppich"
"999",999,"J Wittwer"
"1000",1000,"M Nuckles"
"1001",1001,"A Renkl"
"1002",1002,"J Lukavsky"
"1003",1003,"K Bicknell"
"1004",1004,"A Shtulman"
"1005",1005,"E Freeman"
"1006",1006,"J Dunn"
"1007",1007,"M Waldmann"
"1008",1008,"B Meijering"
"1009",1009,"R Verbrugge"
"1010",1010,"C Carroll"
"1011",1011,"F Canas"
"1012",1012,"M Jones"
"1013",1013,"J Hummel"
"1014",1014,"C Dawson"
"1015",1015,"L Gerken"
"1016",1016,"W Schneider"
"1017",1017,"D McNamara"
"1018",1018,"K VanLehn"
"1019",1019,"H Haladjian"
"1020",1020,"M Singh"
"1021",1021,"Z Pylyshyn"
"1022",1022,"R Gallistel"
"1023",1023,"J Feigleson"
"1024",1024,"R Leibbrandt"
"1025",1025,"D Powers"
"1026",1026,"A Olney"
"1027",1027,"H Vlach"
"1028",1028,"J Williams"
"1029",1029,"T Gog"
"1030",1030,"D Kostons"
"1031",1031,"F Paas"
"1032",1032,"N Khetarpal"
"1033",1033,"A Majid"
"1034",1034,"B Malt"
"1035",1035,"S Sloman"
"1036",1036,"T Regier"
"1037",1037,"S Karanam"
"1038",1038,"J Viswanathan"
"1039",1039,"A Theertha"
"1040",1040,"B Indurkhya"
"1041",1041,"H Oostendorp"
"1042",1042,"R Mayrhofer"
"1043",1043,"R Engle"
"1044",1044,"A Mendelson"
"1045",1045,"P Nguyen"
"1046",1046,"N Gwynne"
"1047",1047,"N Bardhan"
"1048",1048,"M Tanenhaus"
"1049",1049,"S Anderson"
"1050",1050,"R Yakushijin"
"1051",1051,"E McLaughlin"
"1052",1052,"B Johns"
"1053",1053,"A Harrison"
"1054",1054,"C Shafto"
"1055",1055,"J Geren"
"1056",1056,"J Snedeker"
"1057",1057,"P Pantelis"
"1058",1058,"J Feldman"
"1059",1059,"J Choplin"
"1060",1060,"M Tawney"
"1061",1061,"A Crisp-Bright"
"1062",1062,"A Feeney"
"1063",1063,"A Hoffman"
"1064",1064,"B Love"
"1065",1065,"T Meilinger"
"1066",1066,"H Bulthoff"
"1067",1067,"A Krumnack"
"1068",1068,"L Bucher"
"1069",1069,"J Nejasmic"
"1070",1070,"M Knauff"
"1071",1071,"R Weitz"
"1072",1072,"R Salden"
"1073",1073,"R Kim"
"1074",1074,"N Heffernan"
"1075",1075,"F Vallee-Tourangeau"
"1076",1076,"G Villejoubert"
"1077",1077,"N Burns"
"1078",1078,"J Hoeks"
"1079",1079,"G Redeker"
"1080",1080,"L Stowe"
"1081",1081,"T Smole"
"1082",1082,"A Chuderski"
"1083",1083,"D Markant"
"1084",1084,"T Gureckis"
"1085",1085,"J Schaafsma"
"1086",1086,"M Balsters"
"1087",1087,"A Vingerhoets"
"1088",1088,"A Merritt"
"1089",1089,"L Karlsson"
"1090",1090,"G Lupyan"
"1091",1091,"S Thompson-Schill"
"1092",1092,"F Renkewitz"
"1093",1093,"G Jahn"
"1094",1094,"K Fua"
"1095",1095,"W Revelle"
"1096",1096,"F Huszar"
"1097",1097,"U Noppeney"
"1098",1098,"M Lengyel"
"1099",1099,"N Salay"
"1100",1100,"M Grinberg"
"1101",1101,"S Read"
"1102",1102,"D Simon"
"1103",1103,"D Stenstrom"
"1104",1104,"L Peterson"
"1105",1105,"J Heil"
"1106",1106,"N McNeil"
"1107",1107,"G Haeffel"
"1108",1108,"J Witt"
"1109",1109,"M Riley"
"1110",1110,"S Leijnen"
"1111",1111,"R Jao"
"1112",1112,"M Robledo"
"1113",1113,"G Deak"
"1114",1114,"L Robinette"
"1115",1115,"M Kalish"
"1116",1116,"S Gadgil"
"1117",1117,"C Lucas"
"1118",1118,"A Nelson"
"1119",1119,"J Zhao"
"1120",1120,"N Turk-Browne"
"1121",1121,"M Lombardi"
"1122",1122,"J Koehne"
"1123",1123,"F Karlsson"
"1124",1124,"L Butler"
"1125",1125,"M Hendricks"
"1126",1126,"C Conway"
"1127",1127,"R Kellogg"
"1128",1128,"J Houpt"
"1129",1129,"J Townsend"
"1130",1130,"J Trueblood"
"1131",1131,"S Bosse"
"1132",1132,"A Papafragou"
"1133",1133,"E Thiessen"
"1134",1134,"J Sullivan"
"1135",1135,"D Barner"
"1136",1136,"M Nilsenova"
"1137",1137,"M Amelsvoort"
"1138",1138,"P Dodds"
"1139",1139,"M Ament"
"1140",1140,"A Cox"
"1141",1141,"A Blandford"
"1142",1142,"C Diemand-Yauman"
"1143",1143,"E Vaughan"
"1144",1144,"M Cruciani"
"1145",1145,"L Zaval"
"1146",1146,"B Pajak"
"1147",1147,"T Schlicht"
"1148",1148,"E Yechiam"
"1149",1149,"E Ert"
"1150",1150,"T Wisdom"
"1151",1151,"R Cooper"
"1152",1152,"B Zinszer"
"1153",1153,"D Mirman"
"1154",1154,"A Kittredge"
"1155",1155,"G Dell"
"1156",1156,"K Ramanathan"
"1157",1157,"L Shi"
"1158",1158,"T Chong"
"1159",1159,"P Fernbach"
"1160",1160,"A Darlow"
"1161",1161,"N Chernyak"
"1162",1162,"H Wellman"
"1163",1163,"B Helversen"
"1164",1164,"V Aleven"
"1165",1165,"A Lovett"
"1166",1166,"J Usher"
"1167",1167,"S Zhang"
"1168",1168,"A Aziz"
"1169",1169,"J Treur"
"1170",1170,"M Klein"
"1171",1171,"B Devereux"
"1172",1172,"N Pilkington"
"1173",1173,"T Poibeau"
"1174",1174,"A Korhonen"
"1175",1175,"E Hoicka"
"1176",1176,"M Gattis"
"1177",1177,"R Bottini"
"1178",1178,"S Mereu"
"1179",1179,"A Lleras"
"1180",1180,"A Chuderska"
"1181",1181,"A Schuler"
"1182",1182,"Z Memon"
"1183",1183,"J Pooley"
"1184",1184,"W Shankle"
"1185",1185,"J Xu"
"1186",1186,"M Dowman"
"1187",1187,"P Smith"
"1188",1188,"R McCloy"
"1189",1189,"S Piantadosi"
"1190",1190,"J Nickerson"
"1191",1191,"B Tversky"
"1192",1192,"L Yu"
"1193",1193,"Y Rho"
"1194",1194,"D Mason"
"1195",1195,"A Bocconi"
"1196",1196,"A Borghi"
"1197",1197,"I Lerner"
"1198",1198,"S Bentin"
"1199",1199,"O Shriki"
"1200",1200,"K McEldoon"
"1201",1201,"C Cochrane-Braswell"
"1202",1202,"J Trigg"
"1203",1203,"M Louwerse"
"1204",1204,"D Lin"
"1205",1205,"A Drescher"
"1206",1206,"G Semin"
"1207",1207,"S Deng"
"1208",1208,"P Morgan"
"1209",1209,"T Patrick"
"1210",1210,"D Belenky"
"1211",1211,"D Buchsbaum"
"1212",1212,"G Cox"
"1213",1213,"S Crossley"
"1214",1214,"R Anderson"
"1215",1215,"L Colyn"
"1216",1216,"B Hartzler"
"1217",1217,"B Rottman"
"1218",1218,"F Keil"
"1219",1219,"Y Wang"
"1220",1220,"M Moon"
"1221",1221,"W Boot"
"1222",1222,"K Erickson"
"1223",1223,"A Kramer"
"1224",1224,"J Kao"
"1225",1225,"R Ryan"
"1226",1226,"M Dye"
"1227",1227,"L Schalk"
"1228",1228,"H Saalbach"
"1229",1229,"D Osherson"
"1230",1230,"T Chaminade"
"1231",1231,"H Ishiguro"
"1232",1232,"A Maehigashi"
"1233",1233,"R Metusalem"
"1234",1234,"M Kutas"
"1235",1235,"M Hare"
"1236",1236,"K McRae"
"1237",1237,"D Stracuzzi"
"1238",1238,"N Li"
"1239",1239,"L Onnis"
"1240",1240,"D Jackson"
"1241",1241,"D Tran"
"1242",1242,"M Kuwabara"
"1243",1243,"T Gangwani"
"1244",1244,"M Meyer"
"1245",1245,"P DeCamp"
"1246",1246,"B Hard"
"1247",1247,"D Baldwin"
"1248",1248,"T Ligorio"
"1249",1249,"S Epstein"
"1250",1250,"R Passonneau"
"1251",1251,"J Gordon"
"1252",1252,"B Phillips"
"1253",1253,"L Novick"
"1254",1254,"K Catley"
"1255",1255,"D Funk"
"1256",1256,"C Kalff"
"1257",1257,"J Wiener"
"1258",1258,"S Chin"
"1259",1259,"A Kersten"
"1260",1260,"L Emberson"
"1261",1261,"D Rubinstein"
"1262",1262,"D Fricker"
"1263",1263,"J Hartshorne"
"1264",1264,"T O'Donnell"
"1265",1265,"Y Sudo"
"1266",1266,"M Uruwashi"
"1267",1267,"C Erb"
"1268",1268,"D Bartels"
"1269",1269,"O Urminsky"
"1270",1270,"J Keller"
"1271",1271,"J Loewenstein"
"1272",1272,"J Yan"
"1273",1273,"B Rehder"
"1274",1274,"S Gershman"
"1275",1275,"J Cohen"
"1276",1276,"Y Niv"
"1277",1277,"S Day"
"1278",1278,"C Kidd"
"1279",1279,"F Giardini"
"1280",1280,"G Andighetto"
"1281",1281,"R Conte"
"1282",1282,"T Brady"
"1283",1283,"J Tenebaum"
"1284",1284,"C Williams"
"1285",1285,"P Hays"
"1286",1286,"A Morse"
"1287",1287,"T Belpaeme"
"1288",1288,"A Cangelosi"
"1289",1289,"K Holmes"
"1290",1290,"P Wolff"
"1291",1291,"G Recchia"
"1292",1292,"M Sahlgren"
"1293",1293,"P Kanerva"
"1294",1294,"N Brooks"
"1295",1295,"A Bale"
"1296",1296,"I Rahwan"
"1297",1297,"J Bonnefon"
"1298",1298,"M Madakkatel"
"1299",1299,"R Awan"
"1300",1300,"S Abdallah"
"1301",1301,"M Khalidi"
"1302",1302,"N Eapen"
"1303",1303,"S Baron"
"1304",1304,"E Andonova"
"1305",1305,"J Anderson"
"1306",1306,"C Bracis"
"1307",1307,"A Goodwin"
"1308",1308,"T Stewart"
"1309",1309,"X Choo"
"1310",1310,"J Austerweil"
"1311",1311,"E Cadez"
"1312",1312,"V Cadez"
"1313",1313,"W Bechtel"
"1314",1314,"A Abrahamsen"
"1315",1315,"H Rohde"
"1316",1316,"M Ettlinger"
"1317",1317,"A Alishahi"
"1318",1318,"N Braisby"
"1319",1319,"S Hanlon"
"1320",1320,"V Feldman"
"1321",1321,"P Hristova"
"1322",1322,"F Ahmadi-Fakhr"
"1323",1323,"T Kolling"
"1324",1324,"E Sayre"
"1325",1325,"H Gweon"
"1326",1326,"L Schulz"
"1327",1327,"K Ohtsu"
"1328",1328,"Y Ouchi"
"1329",1329,"A Corbett"
"1330",1330,"S Reed"
"1331",1331,"B Hoffman"
"1332",1332,"B MacLaren"
"1333",1333,"A Wagner"
"1334",1334,"K Ratliff"
"1335",1335,"C McGinnis"
"1336",1336,"P Knoeferle"
"1337",1337,"T Urbach"
"1338",1338,"M Kuas"
"1339",1339,"E Reichle"
"1340",1340,"Y Tang"
"1341",1341,"C Young"
"1342",1342,"J Opfer"
"1343",1343,"H Jasso"
"1344",1344,"J Triesch"
"1345",1345,"S Sahni"
"1346",1346,"M Chi"
"1347",1347,"D Litman"
"1348",1348,"B Miller"
"1349",1349,"J Negen"
"1350",1350,"B Sarnecka"
"1351",1351,"S Varma"
"1352",1352,"U Priva"
"1353",1353,"F Kanayet"
"1354",1354,"W Cunningham"
"1355",1355,"D Swingley"
"1356",1356,"R Campbell"
"1357",1357,"N Ahmar"
"1358",1358,"A Schueler"
"1359",1359,"T Ullman"
"1360",1360,"A Napoli"
"1361",1361,"D Fum"
"1362",1362,"C Eberbach"
"1363",1363,"J Tan"
"1364",1364,"H Dennison"
"1365",1365,"B Bergen"
"1366",1366,"J Lai"
"1367",1367,"F Poletiek"
"1368",1368,"D Rasmussen"
"1369",1369,"T Komatsu"
"1370",1370,"S Yamada"
"1371",1371,"K Kobayashi"
"1372",1372,"K Funakoshi"
"1373",1373,"M Nakano"
"1374",1374,"N Beckage"
"1375",1375,"F Tamborello"
"1376",1376,"M Watson"
"1377",1377,"Y Xu"
"1378",1378,"C Kemp"
"1379",1379,"C Baker"
"1380",1380,"K Hamlin"
"1381",1381,"E Spelke"
"1382",1382,"C Fawcett"
"1383",1383,"F Xu"
"1384",1384,"K Wynn"
"1385",1385,"P Bloom"
"1386",1386,"S Gelman"
"1387",1387,"A Bender"
"1388",1388,"S Beller"
"1389",1389,"G Bennardo"
"1390",1390,"J Boster"
"1391",1391,"D Medin"
"1392",1392,"R Gabriel"
"1393",1393,"J Panksepp"
"1394",1394,"S Asma"
"1395",1395,"G Curran"
"1396",1396,"M Fischer"
"1397",1397,"R Scott"
"1398",1398,"A Petrashek"
"1399",1399,"R Saxe"
"1400",1400,"I Boroditsky"
"1401",1401,"H Neville"
"1402",1402,"C Karns"
"1403",1403,"K Glazek"
"1404",1404,"R Weisberg"
"1405",1405,"D Kirsh"
"1406",1406,"K Carbary"
"1407",1407,"E Frohning"
"1408",1408,"M Wilkinson"
"1409",1409,"L Ball"
"1410",1410,"A Hendrickson"
"1411",1411,"C Chen"
"1412",1412,"T Smith"
"1413",1413,"L Gershkoff-Stowe"
"1414",1414,"R Alexander"
"1415",1415,"W Zhang"
"1416",1416,"G Zelinsky"
"1417",1417,"A Wershbale"
"1418",1418,"T Pleskac"
"1419",1419,"S Eren"
"1420",1420,"V Baaijen"
"1421",1421,"D Galbraith"
"1422",1422,"K Glopper"
