"","id","label"
"1",1,"C Iricinschi"
"2",2,"D Hu"
"3",3,"N Spatola"
"4",4,"M Oullet"
"5",5,"J Santiago"
"6",6,"B Beffara"
"7",7,"M Mermillod"
"8",8,"T Chang"
"9",9,"C Yang"
"10",10,"D Baker"
"11",11,"S Cabrera"
"12",12,"J Joy"
"13",13,"S Revithis"
"14",14,"L Magnani"
"15",15,"B Matlen"
"16",16,"D Gentner"
"17",17,"S Franconeri"
"18",18,"M Wei"
"19",19,"C Wang"
"20",20,"Y Chen"
"21",21,"Y Chang"
"22",22,"H Chen"
"23",23,"J Hu"
"24",24,"S Meylan"
"25",25,"B Goldstein"
"26",26,"A Rafferty"
"27",27,"T Griffiths"
"28",28,"P Huang"
"29",29,"A Samsonovich"
"30",30,"S Miwa"
"31",31,"M Dye"
"32",32,"B Johns"
"33",33,"S Chandramouli"
"34",34,"M Ramscar"
"35",35,"R Morrison"
"36",36,"M Kmiecik"
"37",37,"J Irwin"
"38",38,"N Unsworth"
"39",39,"L Jones"
"40",40,"K Byers-Heinlein"
"41",41,"E Morin-Lessard"
"42",42,"F Anggoro"
"43",43,"B Jee"
"44",44,"L Yang"
"45",45,"S Tauber"
"46",46,"D Navarro"
"47",47,"A Prefors"
"48",48,"M Lee"
"49",49,"A O'Leary"
"50",50,"V Sloutsky"
"51",51,"R Tsai"
"52",52,"Y Lee"
"53",53,"M Sugimoto"
"54",54,"T Kusumi"
"55",55,"T Kurita"
"56",56,"A Ishikawa"
"57",57,"T Sakaguchi"
"58",58,"M Nabetani"
"59",59,"H Takashi"
"60",60,"M Nishida"
"61",61,"G Tillman"
"62",62,"A Eidels"
"63",63,"M Finkbeiner"
"64",64,"P Thibodeau"
"65",65,"K Gehring"
"66",66,"E Tesny"
"67",67,"S Flusberg"
"68",68,"C Fausey"
"69",69,"L Boroditsky"
"70",70,"P Coppin"
"71",71,"K Byrne"
"72",72,"D Worthy"
"73",73,"D Kelly"
"74",74,"R Anderson"
"75",75,"J Davenport"
"76",76,"D Yaron"
"77",77,"S Blessing"
"78",78,"J Skowronek"
"79",79,"J Drucker"
"80",80,"S Lourenco"
"81",81,"S Croker"
"82",82,"C Zimmerman"
"83",83,"B Morris"
"84",84,"M Penner-Wilger"
"85",85,"M Anderson"
"86",86,"A Ballus"
"87",87,"E Arnau"
"88",88,"O Nieto"
"89",89,"F Font"
"90",90,"A Torrents"
"91",91,"M Khourochvili"
"92",92,"S Denison"
"93",93,"K Holmes"
"94",94,"T Regier"
"95",95,"J Lavalle"
"96",96,"S Hung"
"97",97,"L Hiatt"
"98",98,"G Trafton"
"99",99,"K Tobia"
"100",100,"V Benitez"
"101",101,"C Vales"
"102",102,"L Smith"
"103",103,"E Stickles"
"104",104,"J Luno"
"105",105,"S Huette"
"106",106,"P Kvam"
"107",107,"T Pleskac"
"108",108,"C Cheng"
"109",109,"C Huang"
"110",110,"S Peng"
"111",111,"P HUang"
"112",112,"Y Chang-Chien"
"113",113,"I Chen"
"114",114,"R Onoda"
"115",115,"L Pishkenari"
"116",116,"H Ekhtiari"
"117",117,"J Hatami"
"118",118,"T Bertolotti"
"119",119,"U Bernardet"
"120",120,"S DiPaola"
"121",121,"Y Kamide"
"122",122,"A Kukona"
"123",123,"D Pintosis"
"124",124,"C Eliasmith"
"125",125,"Z Sajedinia"
"126",126,"T Wareham"
"127",127,"M Holgersson"
"128",128,"I AL-Harthy"
"129",129,"C Was"
"130",130,"K Hitczenko"
"131",131,"G Jarosz"
"132",132,"P Chan"
"133",133,"D Markant"
"134",134,"B Lake"
"135",135,"T Gureckis"
"136",136,"C Kirov"
"137",137,"L Blaha"
"138",138,"S Fernandez"
"139",139,"J Rahona"
"140",140,"M Lachmair"
"141",141,"P Gerjets"
"142",142,"H Naftalovich"
"143",143,"J Shepard"
"144",144,"P Wolff"
"145",145,"K Cho"
"146",146,"R Brotman"
"147",147,"L Feldman"
"148",148,"M Rodriguez-Bailon"
"149",149,"J Lupiáñez"
"150",150,"E Rodenas-Garcia"
"151",151,"T Moran"
"152",152,"M Triviño"
"153",153,"M Molina"
"154",154,"J Hotaling"
"155",155,"J Rieskamp"
"156",156,"S Gluth"
"157",157,"M Vargas"
"158",158,"J Millán"
"159",159,"K Liu"
"160",160,"J Tolins"
"161",161,"J Tree"
"162",162,"M Walker"
"163",163,"M Neff"
"164",164,"A Wijnia"
"165",165,"I Rooij"
"166",166,"S Medimorec"
"167",167,"P Pavlik"
"168",168,"A Olney"
"169",169,"A Graesser"
"170",170,"E Risko"
"171",171,"R Brisson"
"172",172,"Y Chan"
"173",173,"D Lepenioti"
"174",174,"S Vosniadou"
"175",175,"Y Nam"
"176",176,"U Hong"
"177",177,"H Yun"
"178",178,"J Hilse"
"179",179,"D Holt"
"180",180,"A Fischer"
"181",181,"J Funke"
"182",182,"M Patchan"
"183",183,"C Puranik"
"184",184,"C Talbot"
"185",185,"S Digon"
"186",186,"R Lee"
"187",187,"A Saxe"
"188",188,"K Atit"
"189",189,"T Shipley"
"190",190,"S Lee"
"191",191,"B Kim"
"192",192,"L Hahn"
"193",193,"W Walters"
"194",194,"T Blaetz"
"195",195,"M Kitajima"
"196",196,"J Szary"
"197",197,"E Chiu"
"198",198,"R Balasubramaniam"
"199",199,"I Katz"
"200",200,"M Bauer"
"201",201,"G Cayton-Hodges"
"202",202,"G Feng"
"203",203,"T Jackson"
"204",204,"M Keehner"
"205",205,"J Zapata-Rivera"
"206",206,"R Otto"
"207",207,"A Skatova"
"208",208,"S Madlon-Kay"
"209",209,"N Daw"
"210",210,"N Carbert"
"211",211,"L Gabora"
"212",212,"J Schwatz"
"213",213,"P Brum"
"214",214,"Y Chung"
"215",215,"A Jamrozik"
"216",216,"J Matthews"
"217",217,"T Matlock"
"218",218,"K Miyashiro"
"219",219,"E Harada"
"220",220,"D Noelle"
"221",221,"J Ray"
"222",222,"A Zarcone"
"223",223,"S Pado"
"224",224,"A Lenci"
"225",225,"B Belland"
"226",226,"A Walker"
"227",227,"N Kim"
"228",228,"M Lifler"
"229",229,"L Gittelson"
"230",230,"J Lindstedt"
"231",231,"C Sibert"
"232",232,"W Gray"
"233",233,"A Ferrera"
"234",234,"C Zepeda"
"235",235,"T Nokes-Malach"
"236",236,"S Chen"
"237",237,"W Xu"
"238",238,"Y HUang"
"239",239,"M Speekenbrink"
"240",240,"A Georgescu"
"241",241,"B Kuzmanovic"
"242",242,"L Schilbach"
"243",243,"R Kulbida"
"244",244,"R Tepest"
"245",245,"G Bente"
"246",246,"K Vogeley"
"247",247,"R Mayrhofer"
"248",248,"M Waldmann"
"249",249,"J Hong"
"250",250,"T Ferretti"
"251",251,"D Hall"
"252",252,"A Wallace"
"253",253,"E Richey"
"254",254,"K Barry"
"255",255,"G Wayne"
"256",256,"M Schoelles"
"257",257,"C Humeny"
"258",258,"K Sugino"
"259",259,"S Kiyokawa"
"260",260,"D Gill"
"261",261,"J Jordan"
"262",262,"A Wente"
"263",263,"S Bridgers"
"264",264,"A Gopnik"
"265",265,"Z Xin"
"266",266,"Z Liqi"
"267",267,"E Seiver"
"268",268,"N Sammaknejad"
"269",269,"D Peshek"
"270",270,"D Hoffman"
"271",271,"G Ito"
"272",272,"T Shibata"
"273",273,"Y Takano"
"274",274,"Y Hsiao"
"275",275,"Y Tsai"
"276",276,"Y Huang"
"277",277,"L Vinals-Castonguay"
"278",278,"J Williams"
"279",279,"S Lu"
"280",280,"C Chuang"
"281",281,"Y Liang"
"282",282,"T Zamuner"
"283",283,"S Strahm"
"284",284,"M Page"
"285",285,"J Corter"
"286",286,"C Xing"
"287",287,"C Long"
"288",288,"S Malejka"
"289",289,"A Broder"
"290",290,"J Korman"
"291",291,"C Cusimano"
"292",292,"J Smith"
"293",293,"A Monroe"
"294",294,"B Malle"
"295",295,"S Spevack"
"296",296,"M Spivey"
"297",297,"F Tamborello"
"298",298,"D Leibovitz"
"299",299,"R West"
"300",300,"M Belanger"
"301",301,"J Tenenbaum"
"302",302,"K Weatherford"
"303",303,"M Mills"
"304",304,"P Goolkasian"
"305",305,"J MacGlashan"
"306",306,"M Littman"
"307",307,"F Cushman"
"308",308,"A Nikoulina"
"309",309,"L Arcurio"
"310",310,"T James"
"311",311,"C Millar"
"312",312,"J Fugelsang"
"313",313,"O Friedman"
"314",314,"M Lindskog"
"315",315,"A Winman"
"316",316,"L Poom"
"317",317,"S Sherrin"
"318",318,"E Smith"
"319",319,"J Glavan"
"320",320,"J Houpt"
"321",321,"F Durgin"
"322",322,"J Chen"
"323",323,"T Dunn"
"324",324,"J Magnuson"
"325",325,"P Parpart"
"326",326,"M Jones"
"327",327,"B Love"
"328",328,"Y Ledovaya"
"329",329,"A Moreno"
"330",330,"H Miller"
"331",331,"H Vlach"
"332",332,"V Simmering"
"333",333,"C Walker"
"334",334,"S Hubachek"
"335",335,"S Pronovost"
"336",336,"J Gagnon"
"337",337,"D Lafond"
"338",338,"S Tremblay"
"339",339,"A Nyhout"
"340",340,"P Cheung"
"341",341,"B Peters"
"342",342,"J Roche"
"343",343,"J Jamieson"
"344",344,"V Gliozzi"
"345",345,"J Andrews"
"346",346,"K Livingston"
"347",347,"J Auerbach"
"348",348,"E Altiero"
"349",349,"K Neumeyer"
"350",350,"L Applebaum"
"351",351,"G Kalal"
"352",352,"E Spaepen"
"353",353,"S Goldin-Meadow"
"354",354,"S Levine"
"355",355,"T Linzen"
"356",356,"G Gallagher"
"357",357,"D Kim"
"358",358,"J Opfer"
"359",359,"K Moty"
"360",360,"T Kojima"
"361",361,"T Nakamura"
"362",362,"W Chowdhury"
"363",363,"W Thorngate"
"364",364,"K Do"
"365",365,"J Kim"
"366",366,"B Armstrong"
"367",367,"S Laszlo"
"368",368,"D Liu"
"369",369,"C Kommers"
"370",370,"M Tramo"
"371",371,"D Yurovsky"
"372",372,"G Cox"
"373",373,"K Samson"
"374",374,"S Sherman"
"375",375,"V Popov"
"376",376,"P Hristova"
"377",377,"A Woollams"
"378",378,"K Sarah"
"379",379,"G Krajewski"
"380",380,"J Moy"
"381",381,"A Theakston"
"382",382,"Y Majima"
"383",383,"T Strandberg"
"384",384,"L Hall"
"385",385,"P Johansson"
"386",386,"H Hayashi"
"387",387,"N Vasilyeva"
"388",388,"J Coley"
"389",389,"Y Arai"
"390",390,"H Yama"
"391",391,"P Wegier"
"392",392,"J Spaniol"
"393",393,"E Lee"
"394",394,"T Miser"
"395",395,"M Si"
"396",396,"N Yongsatianchot"
"397",397,"G Mills"
"398",398,"K Goedert"
"399",399,"M Ellefson"
"400",400,"S Makioka"
"401",401,"I Visser"
"402",402,"V Ramenzoni"
"403",403,"G Knoblich"
"404",404,"N Sebanz"
"405",405,"D Shapiro"
"406",406,"A Rothe-Wulf"
"407",407,"S Seitz"
"408",408,"A Bender"
"409",409,"J Martin"
"410",410,"S Prasada"
"411",411,"E Briggs"
"412",412,"Y Hung"
"413",413,"L Tsai"
"414",414,"P Wang"
"415",415,"V Kuperman"
"416",416,"A Warriner"
"417",417,"R Fusaroli"
"418",418,"S Østergaard"
"419",419,"J Raczaszek-Leonardi"
"420",420,"J Bjørndahl"
"421",421,"F Stjernfelt"
"422",422,"K Tylen"
"423",423,"A Morris"
"424",424,"H Nuerk"
"425",425,"B Kaup"
"426",426,"S Frank"
"427",427,"T Trompenaars"
"428",428,"S Vasishth"
"429",429,"M Walsh"
"430",430,"K Gluck"
"431",431,"F Liu"
"432",432,"Y Tao"
"433",433,"K Doing-Harris"
"434",434,"T Ishii"
"435",435,"M Takezawa"
"436",436,"T Tateno"
"437",437,"M Upal"
"438",438,"C Young"
"439",439,"K Mix"
"440",440,"E Hanson"
"441",441,"M Zhang"
"442",442,"M Negishi"
"443",443,"M Piñango"
"444",444,"D Abney"
"445",445,"B Kerster"
"446",446,"C Kello"
"447",447,"Y Kao"
"448",448,"A Hubbard"
"449",449,"S Schneider"
"450",450,"R Cherng"
"451",451,"K Kurtz"
"452",452,"A Cavagnetto"
"453",453,"G Honke"
"454",454,"N Conaway"
"455",455,"J Patterson"
"456",456,"J Marr"
"457",457,"L Onnis"
"458",458,"E Thiessen"
"459",459,"M Lou-Magnuson"
"460",460,"P Carvalho"
"461",461,"R Goldstone"
"462",462,"S Guha"
"463",463,"A Carstensen"
"464",464,"F Poletiek"
"465",465,"P Monaghan"
"466",466,"N Phillips"
"467",467,"M Lai"
"468",468,"Y Cheng"
"469",469,"C Liu"
"470",470,"D Lynott"
"471",471,"K O'Brien"
"472",472,"L Connell"
"473",473,"N Shryane"
"474",474,"H Kansal"
"475",475,"I Yeon"
"476",476,"J Parker"
"477",477,"C Kim"
"478",478,"P Doshi"
"479",479,"C Thai"
"480",480,"J Yuan"
"481",481,"E Bemd"
"482",482,"A Alishahi"
"483",483,"M Mos"
"484",484,"J Golden"
"485",485,"A Uchida"
"486",486,"K Mori"
"487",487,"M Lei"
"488",488,"H Akama"
"489",489,"B Murphy"
"490",490,"L Tse"
"491",491,"M Yip"
"492",492,"J Kosie"
"493",493,"D Baldwin"
"494",494,"K Matsuda"
"495",495,"S Nakamoto"
"496",496,"H Morioka"
"497",497,"K Hiyama"
"498",498,"T Goto"
"499",499,"M Koganei"
"500",500,"L Suarez"
"501",501,"W Goh"
"502",502,"E Soh"
"503",503,"N Silbert"
"504",504,"T Buwalda"
"505",505,"N Taatgen"
"506",506,"J Chan"
"507",507,"M Ginberg"
"508",508,"H Hristov"
"509",509,"E Hristova"
"510",510,"K Inomata"
"511",511,"Y Chien"
"512",512,"S Cho"
"513",513,"D Lee"
"514",514,"H Jeong"
"515",515,"E Chung"
"516",516,"S Huang"
"517",517,"P Riefer"
"518",518,"S Paliwal"
"519",519,"F Petzchner"
"520",520,"A Schmitz"
"521",521,"M Tittgemeyer"
"522",522,"K Stephan"
"523",523,"T Kershaw"
"524",524,"M McCarthy"
"525",525,"S Bhowmick"
"526",526,"A Young"
"527",527,"C Seepersad"
"528",528,"P Williams"
"529",529,"K Holtta-Otto"
"530",530,"A Harrison"
"531",531,"J Kwisthout"
"532",532,"M Otworowska"
"533",533,"H Bekkering"
"534",534,"D Hsu"
"535",535,"A Chountala"
"536",536,"K Eikospentaki"
"537",537,"A Meer"
"538",538,"N Maïonchi-Pino"
"539",539,"J Ecalle"
"540",540,"A Magnan"
"541",541,"Y Liao"
"542",542,"X Zhao"
"543",543,"Q Sun"
"544",544,"T Noguchi"
"545",545,"T Hills"
"546",546,"M Gibbert"
"547",547,"T Konno"
"548",548,"S Nagataki"
"549",549,"M Shibata"
"550",550,"T Hashimoto"
"551",551,"H Ohira"
"552",552,"V Glebkin"
"553",553,"M Asada"
"554",554,"T Ito"
"555",555,"C Hoyos"
"556",556,"T Bach"
"557",557,"A Meltzoff"
"558",558,"S Christie"
"559",559,"Z Murphy"
"560",560,"A Obee"
"561",561,"V Juan"
"562",562,"K O'Driscoll"
"563",563,"P Ganea"
"564",564,"W Horton"
"565",565,"M Foster"
"566",566,"M Keane"
"567",567,"J Loewenstein"
"568",568,"P Maguire"
"569",569,"R Maguire"
"570",570,"R May"
"571",571,"M Smith-Rodden"
"572",572,"I Ash"
"573",573,"E Munnich"
"574",574,"M Ranney"
"575",575,"S Beller"
"576",576,"K Overmann"
"577",577,"C Everett"
"578",578,"D Gagne"
"579",579,"M Coppola"
"580",580,"S Chrisomalis"
"581",581,"W Bridewell"
"582",582,"D Kirsh"
"583",583,"P Thagard"
"584",584,"D Barner"
"585",585,"G Alvarez"
"586",586,"M Srinivasan"
"587",587,"N Brooks"
"588",588,"J Sullivan"
"589",589,"K Wagner"
"590",590,"M Frank"
"591",591,"M Heene"
"592",592,"J Coyne"
"593",593,"G Francis"
"594",594,"R Perez"
"595",595,"J Lindtsedt"
"596",596,"A Skinner"
"597",597,"R Johnson"
"598",598,"R Mayer"
"599",599,"D Adams"
"600",600,"R Atkinson"
"601",601,"J Degen"
"602",602,"N Goodman"
"603",603,"R Katzir"
"604",604,"A Gatt"
"605",605,"J Jarecki"
"606",606,"J Busemeyer"
"607",607,"J Mirjam"
"608",608,"K Tillman"
"609",609,"E Walker"
"610",610,"T Marghetis"
"611",611,"B Bergen"
"612",612,"R Nunez"
"613",613,"D Casasanto"
"614",614,"V Veksler"
"615",615,"N Buchler"
"616",616,"T Kelley"
"617",617,"P Bello"
"618",618,"J Donlon"
"619",619,"A Vera"
"620",620,"B Lee"
"621",621,"N Cohn"
"622",622,"D Wagner"
"623",623,"T Foulsham"
"624",624,"J Drury"
"625",625,"D Ong"
"626",626,"J Zaki"
"627",627,"K Darby"
"628",628,"P Tsividis"
"629",629,"S Gershman"
"630",630,"L Schulz"
"631",631,"C Lee"
"632",632,"B Zhang"
"633",633,"D Nussbaumer"
"634",634,"M Schneider"
"635",635,"E Stern"
"636",636,"D Zeyrek"
"637",637,"C Acarturk"
"638",638,"J Hamrick"
"639",639,"A Varga"
"640",640,"Y Zhang"
"641",641,"J Paik"
"642",642,"P Pirolli"
"643",643,"J Kao"
"644",644,"L Bergen"
"645",645,"K Brill-Schuetz"
"646",646,"K Morgan-Short"
"647",647,"Y Gu"
"648",648,"L Mol"
"649",649,"M Hoetjes"
"650",650,"M Swerts"
"651",651,"I Ouyang"
"652",652,"E Kaiser"
"653",653,"J Jergens"
"654",654,"D Peeters"
"655",655,"Z Azar"
"656",656,"A Ozyurek"
"657",657,"J Montag"
"658",658,"M MacDonald"
"659",659,"A Dewald"
"660",660,"S Sinnett"
"661",661,"A Raftopoulos"
"662",662,"G Gunzelmann"
"663",663,"H Dongen"
"664",664,"B Pitt"
"665",665,"C Strannegard"
"666",666,"A Nizamani"
"667",667,"F Engstrom"
"668",668,"O Haggstrom"
"669",669,"A Lovett"
"670",670,"H Schultheis"
"671",671,"G Kachergis"
"672",672,"F Berends"
"673",673,"R Kleijn"
"674",674,"B Hommel"
"675",675,"S Ritter"
"676",676,"S Wellen"
"677",677,"D Danks"
"678",678,"D Yap"
"679",679,"L Casasanto"
"680",680,"O Korolkova"
"681",681,"K Soo"
"682",682,"B Rottman"
"683",683,"S Maher"
"684",684,"M McComsey"
"685",685,"K Cooperrider"
"686",686,"W Bechtel"
"687",687,"O Urminsky"
"688",688,"H Yim"
"689",689,"L Castro"
"690",690,"E Wasserman"
"691",691,"M Franke"
"692",692,"I Skuballa"
"693",693,"A Renkl"
"694",694,"E Fox"
"695",695,"H Zhu"
"696",696,"B Malt"
"697",697,"M Scheutz"
"698",698,"E Krause"
"699",699,"S Sadeghi"
"700",700,"A Paxton"
"701",701,"A Ibarra"
"702",702,"M Tanenhaus"
"703",703,"A Kranjec"
"704",704,"M Lehet"
"705",705,"A Chatterjee"
"706",706,"M Tabatabaeian"
"707",707,"R Dale"
"708",708,"N Duran"
"709",709,"L Margulieux"
"710",710,"R Catrambone"
"711",711,"C Liang"
"712",712,"Y Sun"
"713",713,"H Wang"
"714",714,"S Kakouros"
"715",715,"O Rasanen"
"716",716,"H Neth"
"717",717,"N Engelman"
"718",718,"J Leeuw"
"719",719,"P Cravalho"
"720",720,"A Masnick"
"721",721,"J Zee"
"722",722,"G Storms"
"723",723,"S Verheyen"
"724",724,"B Beekhuizen"
"725",725,"A Fazly"
"726",726,"S Stevenson"
"727",727,"A Heathcote"
"728",728,"J Coleman"
"729",729,"J Watson"
"730",730,"D Strayer"
"731",731,"J Austerweil"
"732",732,"S Johnson"
"733",733,"L Rips"
"734",734,"E Wiese"
"735",735,"K Koedinger"
"736",736,"P Rosenbloom"
"737",737,"M VIsser"
"738",738,"M Postma"
"739",739,"E Krahmer"
"740",740,"A Inkster"
"741",741,"F Milton"
"742",742,"A Wills"
"743",743,"J Marsh"
"744",744,"D Hick"
"745",745,"Z Sim"
"746",746,"F Xu"
"747",747,"S Bilson"
"748",748,"H Yoshida"
"749",749,"J Gao"
"750",750,"S Khemlani"
"751",751,"J Licato"
"752",752,"R Sun"
"753",753,"S Bringsjord"
"754",754,"K Jasmin"
"755",755,"G Brookshire"
"756",756,"T Gijssels"
"757",757,"Y Matusevych"
"758",758,"A Backus"
"759",759,"L Huang"
"760",760,"Y Xu"
"761",761,"H Gweon"
"762",762,"P Shafto"
"763",763,"A Nematzadeh"
"764",764,"E Noh"
"765",765,"V Sa"
"766",766,"C Schunn"
"767",767,"S Dow"
"768",768,"K Pipijn"
"769",769,"S Visterin"
"770",770,"L Janssens"
"771",771,"W Schaeken"
"772",772,"M Lleras"
"773",773,"F Reali"
"774",774,"C Alviar"
"775",775,"M Bermudez"
"776",776,"R Grabner"
"777",777,"J Kominsky"
"778",778,"J Phillips"
"779",779,"T Gerstenberg"
"780",780,"D Lagnado"
"781",781,"J Knobe"
"782",782,"G Recchia"
"783",783,"M Louwerse"
"784",784,"S Hansen"
"785",785,"C McKenzie"
"786",786,"J McClelland"
"787",787,"Y Ito"
"788",788,"T Ueno"
"789",789,"S Kitagami"
"790",790,"J Kawaguchi"
"791",791,"J Bartolotti"
"792",792,"V Marian"
"793",793,"C Lucas"
"794",794,"K Holstein"
"795",795,"C Kemp"
"796",796,"J Wu"
"797",797,"Y Wang"
"798",798,"Z Li"
"799",799,"Z Tu"
"800",800,"J Ichikawa"
"801",801,"K Miwa"
"802",802,"H Terai"
"803",803,"A Mackenzie"
"804",804,"J Logan"
"805",805,"K Scott"
"806",806,"B Cipollini"
"807",807,"G Cottrell"
"808",808,"D Rasmussen"
"809",809,"I Masson"
"810",810,"M Goudbeek"
"811",811,"G Rajeev-Kumar"
"812",812,"F Keil"
"813",813,"D Schlegel"
"814",814,"S Shapiro"
"815",815,"E Chestnut"
"816",816,"E Markman"
"817",817,"N Bramley"
"818",818,"G Ortega"
"819",819,"B Sumer"
"820",820,"R MacDonald"
"821",821,"B Tatler"
"822",822,"A Ruggeri"
"823",823,"T Lombrozo"
"824",824,"J Bohnemeyer"
"825",825,"K Donelson"
"826",826,"R Tucker"
"827",827,"E Benedicto"
"828",828,"A Garza"
"829",829,"A Eggleston"
"830",830,"N Green"
"831",831,"M Gomez"
"832",832,"S Castro"
"833",833,"C O'Meara"
"834",834,"E Palancar"
"835",835,"G Baez"
"836",836,"G Polian"
"837",837,"R Mendez"
"838",838,"K Schloss"
"839",839,"C Goldberger"
"840",840,"S Palmer"
"841",841,"C Levitan"
"842",842,"T Ullman"
"843",843,"A Stuhlmuller"
"844",844,"T Berolotti"
"845",845,"T Hinterecker"
"846",846,"M Strickrodt"
"847",847,"F Roser"
"848",848,"K Hamburger"
"849",849,"P Matthews"
"850",850,"D Chesney"
"851",851,"N McNeil"
"852",852,"J Richey"
"853",853,"S Bambach"
"854",854,"J Franchak"
"855",855,"D Crandall"
"856",856,"C Yu"
"857",857,"C Addyman"
"858",858,"D Mareschal"
"859",859,"E Bobek"
"860",860,"B Tversky"
"861",861,"E Cartmill"
"862",862,"N Searcy"
"863",863,"M Poirier"
"864",864,"J Saint-Aubin"
"865",865,"A Mair"
"866",866,"G Tehan"
"867",867,"A Tolan"
"868",868,"E Copestake"
"869",869,"D Satherley"
"870",870,"T Stevens"
"871",871,"S Mizuno"
"872",872,"G Lupyan"
"873",873,"M Christiansen"
"874",874,"D Broniatowski"
"875",875,"V Reyna"
"876",876,"S Seyfarth"
"877",877,"M Myslin"
"878",878,"T Gann"
"879",879,"A Nawroj"
"880",880,"M Toneva"
"881",881,"H Admoni"
"882",882,"B Scassellati"
"883",883,"R Neuman"
"884",884,"J Voiklis"
"885",885,"S Smith"
"886",886,"A Harris"
"887",887,"D Bartels"
"888",888,"O Urminksy"
"889",889,"S Frederick"
"890",890,"K Smith"
"891",891,"E Vul"
"892",892,"A Hamer"
"893",893,"L Doumas"
"894",894,"H Westerbeek"
"895",895,"R Koolen"
"896",896,"A Maes"
"897",897,"J Glass"
"898",898,"K Mickey"
"899",899,"J Lai"
"900",900,"J Sprenger"
"901",901,"Y Glady"
"902",902,"B French"
"903",903,"J Thibaut"
"904",904,"K Ikeda"
"905",905,"C Datsikas"
"906",906,"T Barrett"
"907",907,"M Hegarty"
"908",908,"T Stewart"
"909",909,"F Choo"
"910",910,"K Livins"
"911",911,"W Kim"
"912",912,"M Pitt"
"913",913,"Z Lu"
"914",914,"M Steyvers"
"915",915,"H Gu"
"916",916,"J Myung"
"917",917,"C Chrusch"
"918",918,"J Vale-Lisboa"
"919",919,"G Hawkins"
"920",920,"A Camilleri"
"921",921,"B Newell"
"922",922,"S Brown"
"923",923,"N Ramlakhan"
"924",924,"B Edwards"
"925",925,"A Coenen"
"926",926,"B Rehder"
"927",927,"D Vinson"
"928",928,"A Rich"
"929",929,"S Gahl"
"930",930,"J Trueblood"
"931",931,"E Pothos"
"932",932,"Y Wu"
"933",933,"C Baker"
"934",934,"R Waring"
"935",935,"A Newton"
"936",936,"A Press"
"937",937,"M Pacer"
"938",938,"B Christian"
"939",939,"A Jin"
"940",940,"R Shiffrin"
"941",941,"C Qing"
"942",942,"D Burnston"
"943",943,"B Sheredos"
"944",944,"A Abrahamsen"
"945",945,"K Persaud"
"946",946,"P Hemmer"
"947",947,"C Kurumada"
"948",948,"M Brown"
"949",949,"S Bibyk"
"950",950,"D Pontillo"
"951",951,"R Stulpnagel"
"952",952,"S Kuliga"
"953",953,"S Buechner"
"954",954,"C Holscher"
"955",955,"S McCauley"
"956",956,"O Feher"
"957",957,"N Ritt"
"958",958,"Y Shou"
"959",959,"M Smithson"
"960",960,"A Liu"
"961",961,"J Lau"
"962",962,"A Clark"
"963",963,"S Lappin"
"964",964,"M Burigo"
"965",965,"P Knoeferle"
"966",966,"T Cessna"
"967",967,"S McAlister"
"968",968,"H Kloos"
"969",969,"R Frank"
"970",970,"D Landy"
"971",971,"D Trninic"
"972",972,"F Soylu"
"973",973,"J Kehoe"
"974",974,"P Fishwick"
"975",975,"A Kaznatcheev"
"976",976,"M Montrey"
"977",977,"T Shultz"
"978",978,"M Siegel"
"979",979,"R Magid"
"980",980,"L Hochstein"
"981",981,"M Tessler"
"982",982,"S Bhatia"
"983",983,"E Konstantinidis"
"984",984,"E Stave"
"985",985,"P Muentener"
"986",986,"M Bertolero"
"987",987,"S Ahmad"
"988",988,"A Yu"
"989",989,"K Inohara"
"990",990,"M Ragni"
"991",991,"H Singmann"
"992",992,"E Steinlein"
"993",993,"V Chu"
"994",994,"C Zednik"
"995",995,"F Jakel"
"996",996,"L Rigoli"
"997",997,"N Srivastava"
"998",998,"P Schrater"
"999",999,"M Schijndel"
"1000",1000,"W Schuler"
"1001",1001,"P Culicover"
"1002",1002,"M Spychalska"
"1003",1003,"J Kontinen"
"1004",1004,"M Werning"
"1005",1005,"D Abashidze"
"1006",1006,"M Carminati"
"1007",1007,"E Weitnauer"
"1008",1008,"H Ritter"
"1009",1009,"J Rodny"
"1010",1010,"T Robbins"
"1011",1011,"Y Tang"
"1012",1012,"A Horowtiz"
"1013",1013,"A Fourtassi"
"1014",1014,"E Dunbar"
"1015",1015,"E Dupoux"
"1016",1016,"D Salvucci"
"1017",1017,"C Bromberg"
"1018",1018,"R Hernandez"
"1019",1019,"Z Wilson"
"1020",1020,"J Jara-Ettinger"
"1021",1021,"P Muetener"
"1022",1022,"M Guan"
"1023",1023,"A Silva"
"1024",1024,"S Dolscheid"
"1025",1025,"R Willems"
"1026",1026,"P Hagoort"
"1027",1027,"C Thompson"
"1028",1028,"F Schrodt"
"1029",1029,"G Layher"
"1030",1030,"H Neumann"
"1031",1031,"M Butz"
"1032",1032,"G Bergwerff"
"1033",1033,"B Meijering"
"1034",1034,"J Szymanik"
"1035",1035,"R Verbrugge"
"1036",1036,"S Wierda"
"1037",1037,"J Samland"
"1038",1038,"B Eaves"
"1039",1039,"J Slotta"
"1040",1040,"T Liu"
"1041",1041,"J Hsiao"
"1042",1042,"M Lamb"
"1043",1043,"A Chemero"
"1044",1044,"P Baumann"
"1045",1045,"D Bourgin"
"1046",1046,"J Abbott"
"1047",1047,"E Kravtchenko"
"1048",1048,"A Smith"
"1049",1049,"F Huettig"
"1050",1050,"P Naidu"
"1051",1051,"R Duarte"
"1052",1052,"P Series"
"1053",1053,"A Morrison"
"1054",1054,"T Icard"
"1055",1055,"K Youngstrom"
"1056",1056,"A Jern"
"1057",1057,"R Thomson"
"1058",1058,"S Bennati"
"1059",1059,"C Lebiere"
"1060",1060,"B Dunn"
"1061",1061,"C Scheepers"
"1062",1062,"P Tupper"
"1063",1063,"L Erickson"
"1064",1064,"K Godwin"
"1065",1065,"J Dickerson"
"1066",1066,"A Fisher"
"1067",1067,"J Walker"
"1068",1068,"P Cheng"
"1069",1069,"J Stigler"
"1070",1070,"M Tokita"
"1071",1071,"A Ishiguchi"
"1072",1072,"K Morsanyi"
"1073",1073,"C Busdraghi"
"1074",1074,"C Primi"
"1075",1075,"Y Desalle"
"1076",1076,"B Gaume"
"1077",1077,"K Duvignau"
"1078",1078,"H Cheung"
"1079",1079,"S Hsieh"
"1080",1080,"P Magistry"
"1081",1081,"J Nespoulous"
"1082",1082,"P Parnamets"
"1083",1083,"D Richardson"
"1084",1084,"C Balkenius"
"1085",1085,"E Baggs"
"1086",1086,"M Lewis"
"1087",1087,"E Sugarman"
"1088",1088,"A Charlesworth"
"1089",1089,"E Ottmar"
"1090",1090,"J Dink"
"1091",1091,"A Snith"
"1092",1092,"B Kievit-Kylar"
"1093",1093,"P Todd"
"1094",1094,"Y Ahn"
"1095",1095,"S Brussow"
"1096",1096,"L Konieczny"
"1097",1097,"J Nejasmic"
"1098",1098,"L Bucher"
"1099",1099,"P Thorn"
"1100",1100,"M Knauff"
"1101",1101,"A Romberg"
"1102",1102,"J Ren"
"1103",1103,"A Woods"
"1104",1104,"S Boesveldt"
"1105",1105,"K McKenzie"
"1106",1106,"M Dodson"
"1107",1107,"J Levin"
"1108",1108,"X Leong"
"1109",1109,"J Bosch"
"1110",1110,"E Hasuo"
"1111",1111,"E Gontier"
"1112",1112,"T Mitsudo"
"1113",1113,"Y Nakajima"
"1114",1114,"S Tobimatsu"
"1115",1115,"S Grondin"
"1116",1116,"P Yang"
"1117",1117,"S Cebulski"
"1118",1118,"S Somers"
"1119",1119,"K Zhang"
"1120",1120,"L Swartzman"
"1121",1121,"J Minda"
"1122",1122,"R Fernandez"
"1123",1123,"R Grimm"
"1124",1124,"M Vertolli"
"1125",1125,"J Davies"
"1126",1126,"D Belenkuy"
"1127",1127,"M Ringenberg"
"1128",1128,"J Olsen"
"1129",1129,"V Aleven"
"1130",1130,"N Rummel"
"1131",1131,"M Ruiz-Blondet"
"1132",1132,"N Khlaifian"
"1133",1133,"Z Jin"
"1134",1134,"C Lucero"
"1135",1135,"H Zaharchuk"
"1136",1136,"C Luhmann"
"1137",1137,"M Bixter"
"1138",1138,"A Hendrickson"
"1139",1139,"S Stanley"
"1140",1140,"C Lawson"
"1141",1141,"K Kolne"
"1142",1142,"L Gonnerman"
"1143",1143,"G Kuhnmuench"
"1144",1144,"A Slater"
"1145",1145,"Y Wamain"
"1146",1146,"E Pluciennicka"
"1147",1147,"S Kalenine"
"1148",1148,"M Bernacki"
"1149",1149,"D Belenky"
"1150",1150,"F Costello"
"1151",1151,"T Mathison"
"1152",1152,"D Braithwaite"
"1153",1153,"T Thrash"
"1154",1154,"I Giannopoulos"
"1155",1155,"V Schinazi"
"1156",1156,"C Bufford"
"1157",1157,"E Mettler"
"1158",1158,"E Geller"
"1159",1159,"P Kellman"
"1160",1160,"I Gauthier"
"1161",1161,"S Zhang"
"1162",1162,"H Huang"
"1163",1163,"A Sadghipour"
"1164",1164,"S Kopp"
"1165",1165,"I Perera"
"1166",1166,"J Allen"
"1167",1167,"H Drenhaus"
"1168",1168,"V Demberg"
"1169",1169,"J Koehne"
"1170",1170,"F Delogu"
"1171",1171,"J Fuente"
"1172",1172,"T Rubin"
"1173",1173,"J Willits"
"1174",1174,"E Karuza"
"1175",1175,"T Farmer"
"1176",1176,"A Fine"
"1177",1177,"F Smith"
"1178",1178,"T Jaeger"
"1179",1179,"C Street"
"1180",1180,"D Plunkett"
"1181",1181,"L Buchak"
"1182",1182,"E Sagi"
"1183",1183,"M Dehghani"
"1184",1184,"C Engelmann"
"1185",1185,"U Hahn"
"1186",1186,"U Sio"
"1187",1187,"K Kotovsky"
"1188",1188,"J Cagan"
"1189",1189,"M Sydow"
"1190",1190,"S Yan"
"1191",1191,"S Cheimariou"
"1192",1192,"F Jaeger"
"1193",1193,"E Johnson"
"1194",1194,"E Tubau"
"1195",1195,"W Neys"
"1196",1196,"A Flumini"
"1197",1197,"M Ranzini"
"1198",1198,"A Borghi"
"1199",1199,"L Johnson"
"1200",1200,"D Ballard"
"1201",1201,"A Maehigashi"
"1202",1202,"K Kojima"
"1203",1203,"J Morita"
"1204",1204,"R French"
"1205",1205,"M Ghafurian"
"1206",1206,"D Reitter"
"1207",1207,"S Yeung"
"1208",1208,"G Williams"
"1209",1209,"J Bye"
"1210",1210,"B Nguyen"
"1211",1211,"H Lu"
"1212",1212,"M Gobel"
"1213",1213,"T Ong"
"1214",1214,"S Langsford"
"1215",1215,"M Pesowski"
"1216",1216,"C Byrd"
"1217",1217,"S D'Mello"
"1218",1218,"S Cook"
"1219",1219,"R Roller"
"1220",1220,"I Lubashevsky"
"1221",1221,"B Datsko"
"1222",1222,"C Myers"
"1223",1223,"J Harris"
"1224",1224,"T Mielke"
"1225",1225,"S Fancsali"
"1226",1226,"M Yudelson"
"1227",1227,"M Postma-Nilsenova"
"1228",1228,"M Kastel"
"1229",1229,"M Balsters"
"1230",1230,"H Suzuki"
"1231",1231,"H Fukuda"
"1232",1232,"H Miyata"
"1233",1233,"K Tsuchiya"
"1234",1234,"G Grannan-Rubenstein"
"1235",1235,"W Grannan-Rubenstein"
"1236",1236,"V Breault"
"1237",1237,"S Ouellet"
"1238",1238,"J Gagne"
"1239",1239,"K Harle"
"1240",1240,"M Paulus"
"1241",1241,"J Movellan"
"1242",1242,"J Hill"
"1243",1243,"A Schlottmann"
"1244",1244,"K Taber"
"1245",1245,"V Tse"
"1246",1246,"T Yung"
"1247",1247,"C Gaviria"
"1248",1248,"W Jimenez-Leal"
"1249",1249,"C McColeman"
"1250",1250,"M Blair"
"1251",1251,"A Roman"
"1252",1252,"M Escobar"
"1253",1253,"N Wilson"
"1254",1254,"E Kim"
"1255",1255,"Y Kim"
"1256",1256,"P Carnevale"
"1257",1257,"J Gratch"
"1258",1258,"N Reinholtz"
"1259",1259,"M Amelsvoort"
"1260",1260,"Y Lai"
"1261",1261,"C Lacadie"
"1262",1262,"T Constable"
"1263",1263,"A Deo"
"1264",1264,"J Harbinson"
"1265",1265,"H Haarman"
"1266",1266,"S Tsukamoto"
"1267",1267,"M Karasawa"
"1268",1268,"G Jahn"
"1269",1269,"R Stahnke"
"1270",1270,"F Rebitschek"
"1271",1271,"P Moser"
"1272",1272,"V Griffith"
"1273",1273,"L Guthrie"
"1274",1274,"J Mayer"
"1275",1275,"F Vallee-Tourangeau"
"1276",1276,"E Trimber"
"1277",1277,"L Saenen"
"1278",1278,"M Heyvaert"
"1279",1279,"I Grosemans"
"1280",1280,"W Dooren"
"1281",1281,"P Onghena"
"1282",1282,"J Milazzo"
"1283",1283,"J Stannard"
"1284",1284,"K Rainford"
"1285",1285,"G Gönül"
"1286",1286,"M DeWolf"
"1287",1287,"M Rapp"
"1288",1288,"M Bassok"
"1289",1289,"K Holyoak"
"1290",1290,"I Oved"
"1291",1291,"G Heyman"
"1292",1292,"B Burns"
"1293",1293,"L Luo"
"1294",1294,"J Adelman"
"1295",1295,"L Peterson"
"1296",1296,"A Tollaksen"
"1297",1297,"A Boehm"
"1298",1298,"C Hall"
"1299",1299,"C Carrazza"
"1300",1300,"B Devlin"
"1301",1301,"E Schulz"
"1302",1302,"D Shanks"
"1303",1303,"P Sunehag"
"1304",1304,"M Hutter"
"1305",1305,"C Tenison"
"1306",1306,"J Anderson"
"1307",1307,"E Oliveira"
"1308",1308,"A Loula"
"1309",1309,"S King"
"1310",1310,"M Sumner"
"1311",1311,"D Powell"
"1312",1312,"A Merrick"
"1313",1313,"S Emerson"
"1314",1314,"J Daltrozzo"
"1315",1315,"C Conway"
"1316",1316,"E Guerra"
"1317",1317,"G Erdogan"
"1318",1318,"I Yildrim"
"1319",1319,"R Jacobs"
"1320",1320,"E Houben"
"1321",1321,"J Huntjens"
"1322",1322,"H Kreysa"
"1323",1323,"E Nunneman"
"1324",1324,"D Dong"
"1325",1325,"S Franklin"
"1326",1326,"S Kandaswamy"
"1327",1327,"K Forbus"
"1328",1328,"D Ullman"
"1329",1329,"L Leite"
"1330",1330,"J Kim-Cohen"
"1331",1331,"A Belardinelli"
"1332",1332,"J Kurz"
"1333",1333,"E Kutter"
"1334",1334,"H Karnath"
"1335",1335,"T Matsui"
"1336",1336,"O Lewis"
"1337",1337,"S Perez"
"1338",1338,"S Sancehz-Alonso"
"1339",1339,"A Ly"
"1340",1340,"D Braze"
"1341",1341,"M Pinango"
"1342",1342,"A Smirnova"
"1343",1343,"R Iliev"
"1344",1344,"M Herbert"
"1345",1345,"S Chartier"
"1346",1346,"C Tremblay"
"1347",1347,"S Nandy"
"1348",1348,"D Peebles"
"1349",1349,"C Jones"
"1350",1350,"D Munch"
"1351",1351,"J Dessalles"
"1352",1352,"T Kuroda"
"1353",1353,"A D'Angiulli"
"1354",1354,"P Roon"
"1355",1355,"W Cheng"
"1356",1356,"M Yuan"
"1357",1357,"F Ferreira"
"1358",1358,"A Almor"
"1359",1359,"M Althof"
"1360",1360,"M Svec"
"1361",1361,"I Farkas"
"1362",1362,"A Broeck"
"1363",1363,"W Clancey"
"1364",1364,"S Hutchinson"
"1365",1365,"R Tillman"
"1366",1366,"J Danovitch"
"1367",1367,"N Noles"
"1368",1368,"D Pierce"
"1369",1369,"M Kadiyala"
"1370",1370,"C Ives"
"1371",1371,"S Finley"
"1372",1372,"E Alexander"
"1373",1373,"C Bank"
"1374",1374,"J Yang"
"1375",1375,"B Hayes"
"1376",1376,"J Waskan"
"1377",1377,"I Harmon"
"1378",1378,"A Higgins"
"1379",1379,"J Spino"
"1380",1380,"J Freitas"
"1381",1381,"G Newman"
"1382",1382,"Z Chen"
"1383",1383,"T Hunter"
"1384",1384,"J Yun"
"1385",1385,"J Hale"
"1386",1386,"K Munster"
"1387",1387,"L Phillips"
"1388",1388,"L Pearl"
"1389",1389,"B Stillerman"
"1390",1390,"J Iverson"
"1391",1391,"A Patel"
"1392",1392,"A Junglen"
"1393",1393,"C Balaban"
"1394",1394,"L Shahbazyan"
"1395",1395,"G Petkov"
"1396",1396,"L Gurova"
"1397",1397,"M Donati"
"1398",1398,"F Chiesi"
"1399",1399,"A Shtulman"
"1400",1400,"K McCallum"
"1401",1401,"G Beaulac"
"1402",1402,"M Pereira"
"1403",1403,"E Postma"
"1404",1404,"S Shahid"
"1405",1405,"M Richter"
"1406",1406,"J Lins"
"1407",1407,"S Schneegans"
"1408",1408,"Y Sandamirskaya"
"1409",1409,"G Schoner"
"1410",1410,"K Nakamura"
"1411",1411,"R Venaglia"
"1412",1412,"J DeAngelis"
"1413",1413,"F Rebitscheck"
"1414",1414,"J Krems"
"1415",1415,"F Lieder"
"1416",1416,"M Hsu"
"1417",1417,"P Warren"
"1418",1418,"U Gostoli"
"1419",1419,"G Farmer"
"1420",1420,"M Boyle"
"1421",1421,"W El-Deredy"
"1422",1422,"A Howes"
"1423",1423,"V Breugelmans"
"1424",1424,"M Pavlova"
"1425",1425,"B Kokinov"
"1426",1426,"M Guath"
"1427",1427,"P Juslin"
"1428",1428,"M Yano"
"1429",1429,"Y Tateyama"
"1430",1430,"T Sakamoto"
"1431",1431,"M Saito"
"1432",1432,"T Shimazaki"
"1433",1433,"J Jones"
"1434",1434,"N Clostre"
"1435",1435,"A Zhu"
"1436",1436,"G Vigliocco"
"1437",1437,"J Dotlacil"
"1438",1438,"M Zajenkowski"
"1439",1439,"J Hsu"
"1440",1440,"S Howell"
"1441",1441,"M Seidenberg"
"1442",1442,"T Boerrigter"
"1443",1443,"Y Gurova"
"1444",1444,"N Shipp"
"1445",1445,"S Anthony"
"1446",1446,"M Ciraolo"
"1447",1447,"S O'Hanlon"
"1448",1448,"P Mui"
"1449",1449,"C Melo"
"1450",1450,"V Kadreva"
"1451",1451,"M Grinberg"
"1452",1452,"M Kelly"
"1453",1453,"D Mewhort"
"1454",1454,"D Hebelmann"
"1455",1455,"A Vogel"
"1456",1456,"A Emilsson"
"1457",1457,"D Jurafsky"
"1458",1458,"C Potts"
"1459",1459,"B Ferguson"
"1460",1460,"C Lew-Williams"
"1461",1461,"M Paisner"
"1462",1462,"M Cox"
"1463",1463,"M Maynord"
"1464",1464,"D Perlis"
"1465",1465,"J Yoshimi"
"1466",1466,"J Gaspers"
"1467",1467,"A Foltz"
"1468",1468,"P Cimiano"
"1469",1469,"G Kefalidou"
"1470",1470,"T Ormerod"
"1471",1471,"N Attar"
"1472",1472,"C Wu"
"1473",1473,"M Pomplun"
"1474",1474,"A Battles"
"1475",1475,"W Fu"
"1476",1476,"L Wei"
"1477",1477,"N Brosowsky"
"1478",1478,"T Mondor"
"1479",1479,"F Prado"
"1480",1480,"S Phillips"
"1481",1481,"G Gauer"
"1482",1482,"J Avila-Souza"
"1483",1483,"G Lannig"
"1484",1484,"M Kleiman-Weiner"
"1485",1485,"E Kon"
"1486",1486,"S Gugga"
"1487",1487,"A Zgonnikov"
"1488",1488,"S Kanemoto"
"1489",1489,"K Ransom"
"1490",1490,"C Arciniegas"
"1491",1491,"E Heyselaar"
"1492",1492,"K Segaert"
"1493",1493,"J Booth"
"1494",1494,"B Chang"
"1495",1495,"J Cromley"
"1496",1496,"T Wills"
"1497",1497,"A Whalen"
"1498",1498,"L Maurits"
"1499",1499,"C Gordon"
"1500",1500,"S Anderson"
"1501",1501,"N Berberian"
"1502",1502,"S Tseng"
"1503",1503,"M Lindeman"
"1504",1504,"Y Sato"
"1505",1505,"Y Wajima"
"1506",1506,"K Ueda"
"1507",1507,"L Barak"
"1508",1508,"A Fujita"
"1509",1509,"M Suzuki"
"1510",1510,"N Arai"
"1511",1511,"A Filipowicz"
"1512",1512,"D Valado"
"1513",1513,"B Anderson"
"1514",1514,"J Danckert"
"1515",1515,"J Barnes"
"1516",1516,"E Stepanova"
"1517",1517,"R Walshe"
"1518",1518,"K Nispen"
"1519",1519,"M Sandt-Koenderman"
"1520",1520,"E Buz"
"1521",1521,"B Hollis"
"1522",1522,"N Chernyak"
"1523",1523,"H Gary"
"1524",1524,"P Egan"
"1525",1525,"P LeDuc"
"1526",1526,"G Gunzelman"
"1527",1527,"A Lim"
"1528",1528,"M Lotstein"
"1529",1529,"P Johnson-Laird"
"1530",1530,"R Schumacher"
"1531",1531,"J Pierrehumbert"
"1532",1532,"P Lashell"
"1533",1533,"J Schoenherr"
"1534",1534,"A Utsumi"
"1535",1535,"A Vernazzani"
"1536",1536,"Y Ohmoto"
"1537",1537,"M Kataoka"
"1538",1538,"T Nishida"
"1539",1539,"S Kirby"
"1540",1540,"M Matsumoro"
"1541",1541,"K Yamada"
"1542",1542,"L Crawford"
"1543",1543,"A Presson"
"1544",1544,"R Golman"
"1545",1545,"K Shiina"
"1546",1546,"C Gonzalez"
"1547",1547,"N Ben-Asher"
"1548",1548,"F Huetting"
"1549",1549,"K MacDougall"
"1550",1550,"E Hancock"
"1551",1551,"M Greenwood"
"1552",1552,"J Deocampo"
"1553",1553,"L Eghbalzad"
"1554",1554,"G Pusiol"
"1555",1555,"L Soriano"
"1556",1556,"L Fei-Fei"
"1557",1557,"K Chui"
"1558",1558,"A Johnston"
"1559",1559,"A Toig"
"1560",1560,"A Nordemeyer"
"1561",1561,"T Kagitani"
"1562",1562,"M Goto"
"1563",1563,"J Watanbe"
"1564",1564,"M Sakamoto"
"1565",1565,"R Rabi"
"1566",1566,"B Clark"
"1567",1567,"S Kaufmann"
"1568",1568,"J Han"
"1569",1569,"S Sloman"
"1570",1570,"E Hubbard"
"1571",1571,"J Turri"
"1572",1572,"P Blouw"
"1573",1573,"W Buckwalter"
"1574",1574,"M Chanceaux"
"1575",1575,"V Rynik"
"1576",1576,"J Lorenceau"
"1577",1577,"J Diard"
"1578",1578,"J Meyer"
"1579",1579,"J Zhang"
"1580",1580,"L Augier"
"1581",1581,"D Mirman"
"1582",1582,"Z Wang"
"1583",1583,"P Healey"
"1584",1584,"B Wallace"
"1585",1585,"L Kertz"
"1586",1586,"J McDonnell"
"1587",1587,"F Ritter"
"1588",1588,"A Cleary"
"1589",1589,"E Heit"
"1590",1590,"C Hoadley"
"1591",1591,"L Namy"
"1592",1592,"A Tang"
"1593",1593,"B Tuller"
"1594",1594,"E Hudlicka"
"1595",1595,"M Byrne"
"1596",1596,"J Trafton"
