"","id","label"
"1",1,"T Hills"
"2",2,"M Maouene"
"3",3,"J Maouene"
"4",4,"A Sheya"
"5",5,"L Smith"
"6",6,"J Jameson"
"7",7,"D Gentner"
"8",8,"A Tiwathia"
"9",9,"K Livingston"
"10",10,"P Cushen"
"11",11,"J Wiley"
"12",12,"P Maguire"
"13",13,"R Maguire"
"14",14,"A Cater"
"15",15,"G Solomon"
"16",16,"R Gelman"
"17",17,"D Medin"
"18",18,"N Nersessian"
"19",19,"L Schulz"
"20",20,"M Bang"
"21",21,"C Massey"
"22",22,"K Brenneman"
"23",23,"W Newsetter"
"24",24,"R Mayrhofer"
"25",25,"N Goodman"
"26",26,"W"
"27",27,"T R."
"28",28,"M B."
"29",29,"B Breaux"
"30",30,"M Feist"
"31",31,"A Pyke"
"32",32,"J LeFevre"
"33",33,"R Isaacs"
"34",34,"A Shtulman"
"35",35,"P Calabi"
"36",36,"T Vosse"
"37",37,"G Kempen"
"38",38,"K Otis"
"39",39,"E Sagi"
"40",40,"F Gobet"
"41",41,"B Love"
"42",42,"M JOnes"
"43",43,"M Tomlinson"
"44",44,"M Howes"
"45",45,"H Wang"
"46",46,"S Helie"
"47",47,"N Wilson"
"48",48,"R Sun"
"49",49,"N Saji"
"50",50,"H Saalbach"
"51",51,"M Imai"
"52",52,"Y Zhang"
"53",53,"H Shu"
"54",54,"H Okada"
"55",55,"R Bod"
"56",56,"G Borensztajn"
"57",57,"D Freudenthal"
"58",58,"J Pine"
"59",59,"C Kam"
"60",60,"A Clark"
"61",61,"W Sakas"
"62",62,"H Harris"
"63",63,"R Minervino"
"64",64,"N Oberholzer"
"65",65,"M Trench"
"66",66,"A Lovett"
"67",67,"K Lockwood"
"68",68,"K Forbus"
"69",69,"L Leger"
"70",70,"J Rouet"
"71",71,"C Ros"
"72",72,"N Vibert"
"73",73,"M Ragni"
"74",74,"B Schultz"
"75",75,"D Navarro"
"76",76,"B Malt"
"77",77,"M Paquet"
"78",78,"T Lombrozo"
"79",79,"S Sloman"
"80",80,"M Strevens"
"81",81,"J Trout"
"82",82,"D Weisberg"
"83",83,"D Zaitchik"
"84",84,"T Shultz"
"85",85,"J Thivierge"
"86",86,"K Laurin"
"87",87,"H Neth"
"88",88,"T Muller"
"89",89,"A Fazly"
"90",90,"A Alishahi"
"91",91,"S Stevenson"
"92",92,"R Berwick"
"93",93,"N Chomsky"
"94",94,"L Aziz-Zadeh"
"95",95,"D Casasanto"
"96",96,"J Feldman"
"97",97,"R Saxe"
"98",98,"L Talmy"
"99",99,"L Oakes"
"100",100,"S Perone"
"101",101,"K Madole"
"102",102,"D Mills"
"103",103,"S Luck"
"104",104,"V Gilliland"
"105",105,"J Dunn"
"106",106,"J Childers"
"107",107,"A Chemero"
"108",108,"M Silberstein"
"109",109,"A Guiral"
"110",110,"E Ruiz"
"111",111,"W Rodgers"
"112",112,"J Gonzalo"
"113",113,"C Thompson"
"114",114,"J Opfer"
"115",115,"M Welsh"
"116",116,"M Lee"
"117",117,"S Begg"
"118",118,"J Chen"
"119",119,"C Chuang"
"120",120,"M Chiu"
"121",121,"L Onnis"
"122",122,"H Waterfall"
"123",123,"S Edelman"
"124",124,"H Lee"
"125",125,"K Holyoak"
"126",126,"P Hemmer"
"127",127,"M Steyvers"
"128",128,"J Toscano"
"129",129,"B McMurray"
"130",130,"J Denrell"
"131",131,"A Heckler"
"132",132,"J Kaminski"
"133",133,"V Sloutsky"
"134",134,"K Kurtz"
"135",135,"N Smith"
"136",136,"R Levy"
"137",137,"J Thibaut"
"138",138,"R French"
"139",139,"M Vezneva"
"140",140,"P Langley"
"141",141,"W Bridewell"
"142",142,"C Yu"
"143",143,"T Davis"
"144",144,"H Lu"
"145",145,"R Rojas"
"146",146,"T Beckers"
"147",147,"A Yuille"
"148",148,"C Frederikson"
"149",149,"T Koschman"
"150",150,"B MacWhinney"
"151",151,"C Seifart"
"152",152,"E Shortliffe"
"153",153,"S Cook"
"154",154,"M Tanenhaus"
"155",155,"M Mozer"
"156",156,"H Pashler"
"157",157,"H Homaei"
"158",158,"C Fausey"
"159",159,"L Boroditsky"
"160",160,"W Gray"
"161",161,"S Lelis"
"162",162,"A Howes"
"163",163,"B General"
"164",164,"P Palmer"
"165",165,"J Yang"
"166",166,"B McCandliss"
"167",167,"J Zevin"
"168",168,"G Tenenbaum"
"169",169,"Y Yeshurun"
"170",170,"J Busemeyer"
"171",171,"E Tomai"
"172",172,"J Loucks"
"173",173,"D Baldwin"
"174",174,"K Lippa"
"175",175,"V Shalin"
"176",176,"A Pereira"
"177",177,"P Monaghan"
"178",178,"J Arciuli"
"179",179,"N Seva"
"180",180,"L Shi"
"181",181,"N Feldman"
"182",182,"T Griffiths"
"183",183,"E Heit"
"184",184,"B Hayes"
"185",185,"E Wiese"
"186",186,"U Konderding"
"187",187,"U Schmid"
"188",188,"C O'Donnell"
"189",189,"R Harwood"
"190",190,"B Gholson"
"191",191,"A Graesser"
"192",192,"S Craig"
"193",193,"W Ward"
"194",194,"R Cole"
"195",195,"G Biswas"
"196",196,"D Schwartz"
"197",197,"K Catley"
"198",198,"S Siler"
"199",199,"M Rutledge-Taylor"
"200",200,"R West"
"201",201,"D Trumpower"
"202",202,"O Fellus"
"203",203,"M Byrne"
"204",204,"T Griffin"
"205",205,"K Thiede"
"206",206,"G Westermann"
"207",207,"V Kovic"
"208",208,"N Ruh"
"209",209,"Y Katz"
"210",210,"K Kersting"
"211",211,"C Kemp"
"212",212,"J Tenenbaum"
"213",213,"W Deslauriers"
"214",214,"G Ouellette"
"215",215,"M Barnes"
"216",216,"G Malhotra"
"217",217,"M Pickering"
"218",218,"H Branigan"
"219",219,"J Bednar"
"220",220,"D Landy"
"221",221,"E Jones"
"222",222,"J Hummel"
"223",223,"L Maanen"
"224",224,"H Rijn"
"225",225,"A Wolf"
"226",226,"M Knauff"
"227",227,"S Fong"
"228",228,"T Wisdom"
"229",229,"X Song"
"230",230,"R Goldstone"
"231",231,"T Clausner"
"232",232,"P Kellman"
"233",233,"E Palmer"
"234",234,"N Sims"
"235",235,"M Herschbach"
"236",236,"M Tarr"
"237",237,"M Behrmann"
"238",238,"C Koch"
"239",239,"N Logothetis"
"240",240,"R Malach"
"241",241,"J Berant"
"242",242,"C Caldwell-Harris"
"243",243,"A Laakso"
"244",244,"P Calvo"
"245",245,"A Bender"
"246",246,"S Beller"
"247",247,"D Richardson"
"248",248,"M Hoover"
"249",249,"A Ghane"
"250",250,"E Bonawitz"
"251",251,"A Fischer"
"252",252,"J Booth"
"253",253,"K Koedinger"
"254",254,"M Frank"
"255",255,"D Ichinco"
"256",256,"M Helms"
"257",257,"S Vattam"
"258",258,"A Goel"
"259",259,"M Kunda"
"260",260,"N Cassimatis"
"261",261,"P Bignoli"
"262",262,"U Kurup"
"263",263,"F Martin"
"264",264,"S Verheyen"
"265",265,"E Ameel"
"266",266,"T Rogers"
"267",267,"G Storms"
"268",268,"J Spencer"
"269",269,"W Troob"
"270",270,"V Simmering"
"271",271,"R Azevedo"
"272",272,"G Lewis"
"273",273,"R Klatzky"
"274",274,"E Siler"
"275",275,"N Taatgen"
"276",276,"G Schoner"
"277",277,"D Barker-Plummer"
"278",278,"R Cox"
"279",279,"R Dale"
"280",280,"J Etchemendy"
"281",281,"M Watson"
"282",282,"M Blair"
"283",283,"J Mayor"
"284",284,"K Plunkett"
"285",285,"V Berthiaume"
"286",286,"K Onishi"
"287",287,"S Styles"
"288",288,"N Arias-Trejo"
"289",289,"E Yu"
"290",290,"D Lagnado"
"291",291,"N Charter"
"292",292,"S Khemlani"
"293",293,"S Leslie"
"294",294,"S Glucksberg"
"295",295,"D Heussen"
"296",296,"J Hampton"
"297",297,"J Austerweil"
"298",298,"B Murphy"
"299",299,"M Dalponte"
"300",300,"M Poesio"
"301",301,"L Bruzzone"
"302",302,"A Fisher"
"303",303,"B Armstrong"
"304",304,"D Plaut"
"305",305,"F Reali"
"306",306,"L Casasanto"
"307",307,"I Stag"
"308",308,"L Emberson"
"309",309,"R Weiss"
"310",310,"A Barbosa"
"311",311,"E Vatikiotis-Bateson"
"312",312,"M Spivey"
"313",313,"J Hsiao"
"314",314,"R Shahbazi"
"315",315,"G Cottrell"
"316",316,"T Yasuda"
"317",317,"H Kobayashi"
"318",318,"C Quam"
"319",319,"J Yuan"
"320",320,"D Swingly"
"321",321,"P Niyogi"
"322",322,"P McCarthy"
"323",323,"S Briner"
"324",324,"J Myers"
"325",325,"D McNamara"
"326",326,"E Albro"
"327",327,"T HIlls"
"328",328,"P Todd"
"329",329,"W Zuidema"
"330",330,"A D'Angiulli"
"331",331,"J Weinberg"
"332",332,"R Grunau"
"333",333,"C Hertzman"
"334",334,"P Grebenkov"
"335",335,"A Frank"
"336",336,"T Jaeger"
"337",337,"P Williams"
"338",338,"R Beer"
"339",339,"M Gasser"
"340",340,"R Cooper"
"341",341,"D Mareschal"
"342",342,"T Brady"
"343",343,"T Konkle"
"344",344,"G Alvarez"
"345",345,"G Gunzelman"
"346",346,"A Pope"
"347",347,"R Wray"
"348",348,"B Best"
"349",349,"J Trafton"
"350",350,"E Fedorenko"
"351",351,"E Gibson"
"352",352,"E Bard"
"353",353,"R Hill"
"354",354,"M Foster"
"355",355,"E Pothos"
"356",356,"A Perlman"
"357",357,"D Edwards"
"358",358,"T Gureckis"
"359",359,"P Hines"
"360",360,"N Chater"
"361",361,"B Johns"
"362",362,"M Jones"
"363",363,"R Salden"
"364",364,"V Aleveen"
"365",365,"A Renkl"
"366",366,"R Schwonke"
"367",367,"D Yurovsky"
"368",368,"D Oppenheimer"
"369",369,"A Shah"
"370",370,"A Alter"
"371",371,"R Newman"
"372",372,"L Samuelson"
"373",373,"P Gupta"
"374",374,"J Anderson"
"375",375,"J McClelland"
"376",376,"E Hutchins"
"377",377,"L Barsalou"
"378",378,"B"
"379",379,"N William"
"380",380,"M L."
"381",381,"A L."
"382",382,"T Strauss"
"383",383,"D Mirman"
"384",384,"J Magnuson"
"385",385,"K Agres"
"386",386,"C Krumhansl"
"387",387,"P Slezak"
"388",388,"B Rheder"
"389",389,"S Kim"
"390",390,"J Wiener"
"391",391,"T Tenbrik"
"392",392,"J Henschel"
"393",393,"C Holscher"
"394",394,"G Lupyan"
"395",395,"R Lindsey"
"396",396,"M Stipicevic"
"397",397,"V Veksler"
"398",398,"M Hegarty"
"399",399,"H Smallman"
"400",400,"A Stull"
"401",401,"S Ullman"
"402",402,"G Recchia"
"403",403,"P Engelhardt"
"404",404,"M Xiang"
"405",405,"F Ferreira"
"406",406,"R Angeleri"
"407",407,"F Bosco"
"408",408,"K Sacco"
"409",409,"M Zettin"
"410",410,"L Colle"
"411",411,"B Bara"
"412",412,"Y Hagmayer"
"413",413,"B Meder"
"414",414,"M Clair"
"415",415,"J Asmuth"
"416",416,"R Ward"
"417",417,"W Voorspoels"
"418",418,"W Vanpaelmel"
"419",419,"S Todaro"
"420",420,"J Magliano"
"421",421,"K Millis"
"422",422,"C Kurby"
"423",423,"E Cannon"
"424",424,"A Woodward"
"425",425,"G Mens"
"426",426,"W Bechtel"
"427",427,"A Abrahamsen"
"428",428,"K Ohtsu"
"429",429,"M Meyer"
"430",430,"H Kloos"
"431",431,"B Nanay"
"432",432,"A Buss"
"433",433,"F Assche"
"434",434,"I Rooji"
"435",435,"P Evans"
"436",436,"M Muller"
"437",437,"J Gedge"
"438",438,"T Warehem"
"439",439,"D Fum"
"440",440,"A Napoli"
"441",441,"A Stocco"
"442",442,"E Andonova"
"443",443,"T Tenbrink"
"444",444,"K Coventry"
"445",445,"K Goedert"
"446",446,"A Dils"
"447",447,"V Gliozzi"
"448",448,"J Hu"
"449",449,"B Veksler"
"450",450,"M Brown"
"451",451,"V Savova"
"452",452,"S Mueller"
"453",453,"E Veinott"
"454",454,"M ettlinger"
"455",455,"J Zapf"
"456",456,"S Chin-Parker"
"457",457,"A Bradner"
"458",458,"C Sims"
"459",459,"R Marinier"
"460",460,"J Laird"
"461",461,"L Richland"
"462",462,"G Pagliuca"
"463",463,"R McIntosh"
"464",464,"S Frank"
"465",465,"M Čerňanský"
"466",466,"J Harbison"
"467",467,"E Davelaar"
"468",468,"M Dougherty"
"469",469,"D Brizan"
"470",470,"J Dixon"
"471",471,"B Scassellati"
"472",472,"S Hidaka"
"473",473,"S Johnson"
