"","id","label"
"1",1,"L Ball"
"2",2,"A Stevens"
"3",3,"S Buecher"
"4",4,"C Holscher"
"5",5,"J Wiener"
"6",6,"R Goldstone"
"7",7,"D Landy"
"8",8,"S Araujo"
"9",9,"C Forkstam"
"10",10,"P Hagoor"
"11",11,"M Ingvar"
"12",12,"K Petersson"
"13",13,"J Udden"
"14",14,"T Griffiths"
"15",15,"D Klein"
"16",16,"A Rafferty"
"17",17,"M Elk"
"18",18,"N Khetarpal"
"19",19,"A Majid"
"20",20,"T Regier"
"21",21,"B Bertenthal"
"22",22,"T Boyer"
"23",23,"M Sceutz"
"24",24,"K Holmes"
"25",25,"S Lourenco"
"26",26,"K Deitz"
"27",27,"J Huttenlocher"
"28",28,"M Kwon"
"29",29,"S Levine"
"30",30,"K Ratliff"
"31",31,"S Buchner"
"32",32,"L Konieczny"
"33",33,"R Burns"
"34",34,"S Carberry"
"35",35,"S Elzer"
"36",36,"K Forbus"
"37",37,"D Gentner"
"38",38,"B Jee"
"39",39,"B Sageman"
"40",40,"D Uttal"
"41",41,"D Baldwin"
"42",42,"D Buchsbaum"
"43",43,"A Gopnik"
"44",44,"S Friedman"
"45",45,"R Bromme"
"46",46,"S Pieschl"
"47",47,"T Porsch"
"48",48,"E Stahl"
"49",49,"S Gershman"
"50",50,"R Hausmann"
"51",51,"T Nokes"
"52",52,"K VanLehn"
"53",53,"M Kapur"
"54",54,"J Lee"
"55",55,"J Lewis"
"56",56,"K Kan"
"57",57,"H Maas"
"58",58,"W Hachmann"
"59",59,"D Muller"
"60",60,"J Tree"
"61",61,"T Fox"
"62",62,"T John"
"63",63,"A Eshghi"
"64",64,"P Healey"
"65",65,"J Chen"
"66",66,"P O'Seaghdha"
"67",67,"M Carroll"
"68",68,"M Flecken"
"69",69,"C Stutterheim"
"70",70,"S Cook"
"71",71,"T Jaeger"
"72",72,"M Tanenhaus"
"73",73,"S Kim"
"74",74,"B Rehder"
"75",75,"B Hayes"
"76",76,"B Newell"
"77",77,"C Papadopoulos"
"78",78,"G Egidi"
"79",79,"U Hasson"
"80",80,"K Gerasymova"
"81",81,"L Steels"
"82",82,"R Trijp"
"83",83,"J Lukavsky"
"84",84,"F Smolik"
"85",85,"N Ruh"
"86",86,"G Westermann"
"87",87,"T Davis"
"88",88,"M Riley"
"89",89,"K Shockley"
"90",90,"C Hemelrijk"
"91",91,"R Verbrugge"
"92",92,"E Vaart"
"93",93,"C Agrillo"
"94",94,"A Bisazza"
"95",95,"M Dadda"
"96",96,"L Piffer"
"97",97,"G Serena"
"98",98,"S Aldrovandi"
"99",99,"J Hampton"
"100",100,"D Huessen"
"101",101,"P Kusev"
"102",102,"F Vallee-Tourangeau"
"103",103,"S Webb"
"104",104,"D Cosejo"
"105",105,"B Eugenio"
"106",106,"D Fossati"
"107",107,"S Ohlsson"
"108",108,"K Catley"
"109",109,"L Novick"
"110",110,"M Coco"
"111",111,"F Keller"
"112",112,"F Durgin"
"113",113,"D Grodner"
"114",114,"C Pietsch"
"115",115,"E Krahmer"
"116",116,"D Stapel"
"117",117,"K Bicknell"
"118",118,"H Rohde"
"119",119,"M Frank"
"120",120,"N Goodman"
"121",121,"P Lai"
"122",122,"J Tenenbaum"
"123",123,"A Fazly"
"124",124,"A Nematzadeh"
"125",125,"S Stevenson"
"126",126,"J Johnson"
"127",127,"C Patterson"
"128",128,"V Simmering"
"129",129,"J Spencer"
"130",130,"R Franse"
"131",131,"M Raijmakers"
"132",132,"S Es"
"133",133,"T Schijndel"
"134",134,"L Greshmam"
"135",135,"H Kloos"
"136",136,"A Jern"
"137",137,"C Kemp"
"138",138,"C Was"
"139",139,"B Love"
"140",140,"Y Sakamoto"
"141",141,"T Yamauchi"
"142",142,"R Colner"
"143",143,"A Perfors"
"144",144,"S Barbieri"
"145",145,"M Fumagalli"
"146",146,"C Lucchiari"
"147",147,"S Makic-Sposta"
"148",148,"S Marceglia"
"149",149,"G Pravettoni"
"150",150,"A Priori"
"151",151,"D Servello"
"152",152,"M Bassok"
"153",153,"K Fisher"
"154",154,"L Osterhout"
"155",155,"H Bowman"
"156",156,"S Chennu"
"157",157,"P Craston"
"158",158,"B Wyble"
"159",159,"D Kravitz"
"160",160,"G Lupyan"
"161",161,"A Barto"
"162",162,"R Lewis"
"163",163,"S Singh"
"164",164,"M Sugiura"
"165",165,"T Hills"
"166",166,"J Maouene"
"167",167,"B Riordan"
"168",168,"L Smith"
"169",169,"B Roy"
"170",170,"D Roy"
"171",171,"I Arnon"
"172",172,"M Ramscar"
"173",173,"M Mueller"
"174",174,"T Wareham"
"175",175,"I Rooij"
"176",176,"A D'Angiulli"
"177",177,"G Koostra"
"178",178,"L Schomaker"
"179",179,"M Kirby"
"180",180,"N Berg"
"181",181,"G Gigerenzer"
"182",182,"L Martignon"
"183",183,"M Monti"
"184",184,"M Coen"
"185",185,"R Colman"
"186",186,"A Dassow"
"187",187,"J Kemnitz"
"188",188,"S Prudom"
"189",189,"V Selvaprakash"
"190",190,"J Arciuli"
"191",191,"D Mallard"
"192",192,"G Villar"
"193",193,"V Aleven"
"194",194,"K Koedinger"
"195",195,"I Roll"
"196",196,"A Chessa"
"197",197,"J Murre"
"198",198,"D Belenky"
"199",199,"J Beck"
"200",200,"J Gobert"
"201",201,"N Heffernan"
"202",202,"M Pedro"
"203",203,"L Cretella"
"204",204,"R Rumiati"
"205",205,"A Tessari"
"206",206,"M To"
"207",207,"D Tolhurst"
"208",208,"T Troscianko"
"209",209,"T Palmeri"
"210",210,"B Purcell"
"211",211,"J Schall"
"212",212,"N Fox"
"213",213,"R Skinner"
"214",214,"R Thompson"
"215",215,"G Vigliocco"
"216",216,"D Vinson"
"217",217,"N Feldman"
"218",218,"J Morgan"
"219",219,"E Mather"
"220",220,"K Plunkett"
"221",221,"M MacDonald"
"222",222,"J Montag"
"223",223,"T Farmer"
"224",224,"R Liu"
"225",225,"N Metha"
"226",226,"J Zevin"
"227",227,"E Gibson"
"228",228,"S Piantadosi"
"229",229,"H Tily"
"230",230,"D Domijan"
"231",231,"M Setic"
"232",232,"M Brady"
"233",233,"M Loetzsch"
"234",234,"M Spranger"
"235",235,"K Smith"
"236",236,"J Sturm"
"237",237,"M Christiansen"
"238",238,"J Misyak"
"239",239,"J Tomblin"
"240",240,"M Arai"
"241",241,"E Bard"
"242",242,"R Hill"
"243",243,"D Kirsh"
"244",244,"A Borghi"
"245",245,"F Cimatti"
"246",246,"C Zednik"
"247",247,"D Schwartz"
"248",248,"J Tsang"
"249",249,"M Gibson"
"250",250,"M Keultjes"
"251",251,"N McNeil"
"252",252,"J Kaminski"
"253",253,"V Sloutsky"
"254",254,"S Place"
"255",255,"P Todd"
"256",256,"M Roberts"
"257",257,"J Asendorpf"
"258",258,"N Beckage"
"259",259,"L Penke"
"260",260,"L Boroditsky"
"261",261,"C Fausey"
"262",262,"B Long"
"263",263,"G Storms"
"264",264,"W Vanpaemel"
"265",265,"W Voorspoels"
"266",266,"M Dry"
"267",267,"L Stukken"
"268",268,"S Verheyen"
"269",269,"C Kello"
"270",270,"M Seidenber"
"271",271,"D Sibley"
"272",272,"E Nomikou"
"273",273,"A Protopapas"
"274",274,"J Keidel"
"275",275,"M Ralph"
"276",276,"S Welbourne"
"277",277,"D Cavagnaro"
"278",278,"J Myung"
"279",279,"M Pitt"
"280",280,"Y Tang"
"281",281,"J Beal"
"282",282,"J Roberts"
"283",283,"R Mayrhofer"
"284",284,"B Meder"
"285",285,"M Waldmann"
"286",286,"D Osherson"
"287",287,"A Shah"
"288",288,"J Zhao"
"289",289,"M Burigo"
"290",290,"P Cherubini"
"291",291,"C Reverberi"
"292",292,"A Corner"
"293",293,"U Hahn"
"294",294,"A Harris"
"295",295,"C Frosch"
"296",296,"P Johnson-Laird"
"297",297,"T Ullman"
"298",298,"M Jonsson"
"299",299,"A Passanisi"
"300",300,"D Blettner"
"301",301,"J McClellans"
"302",302,"D Sternberg"
"303",303,"H Gweon"
"304",304,"L Schulz"
"305",305,"A Ma-Wyatt"
"306",306,"D Navarro"
"307",307,"M Lee"
"308",308,"K Preiss"
"309",309,"D Little"
"310",310,"R Shiffrin"
"311",311,"L Averell"
"312",312,"A Heathcote"
"313",313,"A Fernald"
"314",314,"F Martin"
"315",315,"M Zeigenfuse"
"316",316,"V Mansinghka"
"317",317,"A Sanborn"
"318",318,"E Bonawitz"
"319",319,"D Ferranti"
"320",320,"A Horowitz"
"321",321,"J Evans"
"322",322,"S Handley"
"323",323,"K Morsanyi"
"324",324,"N Chernyak"
"325",325,"T Kushnir"
"326",326,"H Wellman"
"327",327,"M Hove"
"328",328,"C Krumhansl"
"329",329,"M Sutherland"
"330",330,"S Creel"
"331",331,"M Tumlin"
"332",332,"F Eisner"
"333",333,"P Ekman"
"334",334,"D Sauter"
"335",335,"S Scott"
"336",336,"C Crick"
"337",337,"B Scassellati"
"338",338,"P Cheng"
"339",339,"J Clement"
"340",340,"F Dogan"
"341",341,"A Goel"
"342",342,"M Hegarty"
"343",343,"N Nersessian"
"344",344,"L Barsalo"
"345",345,"C Gerlach"
"346",346,"M Kiefer"
"347",347,"K Patterson"
"348",348,"P Li"
"349",349,"J Hell"
"350",350,"T Arabatzis"
"351",351,"S Vosniadou"
"352",352,"J Davis"
"353",353,"C Keysers"
"354",354,"F Strack"
"355",355,"J Zaki"
"356",356,"D Bishop"
"357",357,"I Eigsti"
"358",358,"A Kittredge"
"359",359,"R Martin"
"360",360,"D Mirman"
"361",361,"R Levy"
"362",362,"C McKenzie"
"363",363,"M Steyvers"
"364",364,"E Vul"
"365",365,"J Davidoff"
"366",366,"M Imai"
"367",367,"D Roberson"
"368",368,"E Spaepen"
"369",369,"J Bering"
"370",370,"C Legare"
"371",371,"A Shtulman"
"372",372,"H Whitehouse"
"373",373,"S Beller"
"374",374,"A Bender"
"375",375,"M Brysbaert"
"376",376,"S Dehaene"
"377",377,"H Wiese"
"378",378,"H Honing"
"379",379,"P Loui"
"380",380,"D Muellensiefen"
"381",381,"M Pearce"
"382",382,"P Rebuschat"
"383",383,"M Rohrmeier"
"384",384,"G Wiggins"
"385",385,"P Culicover"
"386",386,"S Dennis"
"387",387,"M Howard"
"388",388,"B McElree"
"389",389,"N Butcher"
"390",390,"D Cosker"
"391",391,"N Costen"
"392",392,"H Fang"
"393",393,"H Griffin"
"394",394,"A Johnson"
"395",395,"E Krumhuber"
"396",396,"K Lander"
"397",397,"D Marshall"
"398",398,"P Rosin"
"399",399,"N Chater"
"400",400,"S Kirby"
"401",401,"T Gureckis"
"402",402,"D Helbing"
"403",403,"G Brown"
"404",404,"R Cancho"
"405",405,"J Holden"
"406",406,"K Linkenkaer-Hansen"
"407",407,"T Rhodes"
"408",408,"G Orden"
"409",409,"J Fox"
"410",410,"M Oaksford"
"411",411,"J Woods"
"412",412,"F Eemeren"
"413",413,"B Fisher"
"414",414,"J Kielman"
"415",415,"W Paley"
"416",416,"M Rester"
"417",417,"M Goldwater"
"418",418,"G Murphy"
"419",419,"S Wechsler"
"420",420,"J Garcia-Albea"
"421",421,"D Lobina"
"422",422,"F Cummins"
"423",423,"G Seli"
"424",424,"G Caucci"
"425",425,"R Dale"
"426",426,"J Roche"
"427",427,"L Casasanto"
"428",428,"M Gaskell"
"429",429,"S Lindsay"
"430",430,"B Best"
"431",431,"C Lebiere"
"432",432,"S Lewandowsky"
"433",433,"K Oberauer"
"434",434,"B Johns"
"435",435,"M Jones"
"436",436,"H Bulthoff"
"437",437,"J Frankenstein"
"438",438,"T Meilinger"
"439",439,"B Mohler"
"440",440,"A Chapman"
"441",441,"C Dando"
"442",442,"T Ormerod"
"443",443,"J Zacks"
"444",444,"W Goh"
"445",445,"S Lu"
"446",446,"J Hummel"
"447",447,"W Jung"
"448",448,"R French"
"449",449,"J Thibaut"
"450",450,"M Vezneva"
"451",451,"S Flusberg"
"452",452,"N Simms"
"453",453,"R Minervo"
"454",454,"N Oberholzer"
"455",455,"M Trench"
"456",456,"S Day"
"457",457,"C Hodgetts"
"458",458,"L Cantrell"
"459",459,"L h"
"460",460,"A Fisher"
"461",461,"C Lawson"
"462",462,"B Reynvoet"
"463",463,"E Bussche"
"464",464,"N Derakshan"
"465",465,"E Hannon"
"466",466,"A Richards"
"467",467,"M Avraamides"
"468",468,"M Koushiou"
"469",469,"K Neokleous"
"470",470,"C Schizas"
"471",471,"L Loschky"
"472",472,"G Zelinsky"
"473",473,"M Casagrande"
"474",474,"B Marino"
"475",475,"A Marotta"
"476",476,"D Martella"
"477",477,"S Mereu"
"478",478,"I Vankov"
"479",479,"V Crupi"
"480",480,"K Tentori"
"481",481,"M Sydow"
"482",482,"W Cohen"
"483",483,"A Lee"
"484",484,"N Matsuda"
"485",485,"T Mitamura"
"486",486,"R Wylie"
"487",487,"S Frank"
"488",488,"S Schwarzkopf"
"489",489,"S Wolfer"
"490",490,"P Knoeferle"
"491",491,"M Kutas"
"492",492,"T Urbach"
"493",493,"S Goldwater"
"494",494,"J Saffran"
"495",495,"M Seidenberg"
"496",496,"J Willits"
"497",497,"R Aslin"
"498",498,"E Newport"
"499",499,"P Reeder"
"500",500,"Y Hao"
"501",501,"T Veale"
"502",502,"A Carassa"
"503",503,"M Colombetti"
"504",504,"N Fay"
"505",505,"S Rogers"
"506",506,"N Swoboda"
"507",507,"B Walker"
"508",508,"C Leth-Steensen"
"509",509,"W Petrusic"
"510",510,"S Shaki"
"511",511,"J Huang"
"512",512,"K Coventry"
"513",513,"E Thompson"
"514",514,"L Gregorios-Pippas"
"515",515,"K Miyapuram"
"516",516,"W Schultz"
"517",517,"P Tobler"
"518",518,"F McDonald"
"519",519,"S Kase"
"520",520,"F Ritter"
"521",521,"M Schoelles"
"522",522,"J Mitchell"
"523",523,"D Tamir"
"524",524,"T Matlock"
"525",525,"J Matthews"
"526",526,"M Choi"
"527",527,"H Shin"
"528",528,"S Moreno-Rios"
"529",529,"I Rodriguez-Gualda"
"530",530,"H Haladjian"
"531",531,"Z Pylyshyn"
"532",532,"R White"
"533",533,"S Atkins"
"534",534,"M Dougherty"
"535",535,"J Harbison"
"536",536,"L Maurits"
"537",537,"A Prefors"
"538",538,"S Miles"
"539",539,"J Minda"
"540",540,"D Liu"
"541",541,"C Kurby"
"542",542,"S Revithis"
"543",543,"D Calic"
"544",544,"B McLindin"
"545",545,"R Chiou"
"546",546,"O Tzeng"
"547",547,"D Wu"
"548",548,"B Monroe"
"549",549,"S Read"
"550",550,"S Begg"
"551",551,"M Welsh"
"552",552,"P Bogunovich"
"553",553,"W Mankowski"
"554",554,"D Salvucci"
"555",555,"A Shokoufandeh"
"556",556,"L Emberson"
"557",557,"J Hoeks"
"558",558,"G Redeker"
"559",559,"L Stowe"
"560",560,"R Taylor"
"561",561,"C Guss"
"562",562,"M Tuason"
"563",563,"E Bos"
"564",564,"V Feldman"
"565",565,"B Kokinov"
"566",566,"F Bocklish"
"567",567,"J Krems"
"568",568,"K Mehlhorn"
"569",569,"Z Dienes"
"570",570,"S Kiyokawa"
"571",571,"K Shigemasu"
"572",572,"D Tanaka"
"573",573,"A Yamada"
"574",574,"S Budimir"
"575",575,"M Palmovic"
"576",576,"B Ambati"
"577",577,"G Dulam"
"578",578,"S Husain"
"579",579,"B Indurkhya"
"580",580,"A Coenen"
"581",581,"J Marewski"
"582",582,"P Langley"
"583",583,"N Li"
"584",584,"N Nejati"
"585",585,"D Stracuzzi"
"586",586,"L Hahn"
"587",587,"A Hund"
"588",588,"G Miles"
"589",589,"A Masnick"
"590",590,"C Zimmerman"
"591",591,"P Hemmer"
"592",592,"B Matlen"
"593",593,"S Ramesh"
"594",594,"H Nilsson"
"595",595,"J Rieskamp"
"596",596,"J Black"
"597",597,"S Kang"
"598",598,"I Chang"
"599",599,"S Katz"
"600",600,"P Shafto"
"601",601,"A Fischer"
"602",602,"S Oosterwijk"
"603",603,"D Pecher"
"604",604,"M Rotteveel"
"605",605,"P inkielman"
"606",606,"R Zeelenberg"
"607",607,"F Dandurand"
"608",608,"T Shultz"
"609",609,"S Lim"
"610",610,"P Brakel"
"611",611,"P Engelbrecht"
"612",612,"M Heffernan"
"613",613,"P Bernardis"
"614",614,"N Caramelli"
"615",615,"M Chen"
"616",616,"W Kinstsch"
"617",617,"Y Tzeng"
"618",618,"J Caplan"
"619",619,"E Fujiwara"
"620",620,"C Lau"
"621",621,"C Madan"
"622",622,"B Landau"
"623",623,"G Legendre"
"624",624,"L Rissman"
"625",625,"J Dunn"
"626",626,"V Gilliland"
"627",627,"K Askawa"
"628",628,"H Imai"
"629",629,"A Tanaka"
"630",630,"Y Paluy"
"631",631,"A Buss"
"632",632,"D Casasanto"
"633",633,"T Henetz"
"634",634,"A Gerganov"
"635",635,"M Grinberg"
"636",636,"B Stone"
"637",637,"T Andringa"
"638",638,"C Pals"
"639",639,"A Lovett"
"640",640,"M Rajimakeers"
"641",641,"B Bers"
"642",642,"B Forsyth"
"643",643,"M Bueno"
"644",644,"C Castro"
"645",645,"J Roca"
"646",646,"Y Bestgen"
"647",647,"V Demberg"
"648",648,"B Meijering"
"649",649,"H Rijn"
"650",650,"Y Hagmayer"
"651",651,"T Chernigovskaja"
"652",652,"E Erofeeva"
"653",653,"T Petrova"
"654",654,"M Imhof"
"655",655,"A Puettmann"
"656",656,"R Vollmeyer"
"657",657,"A Dils"
"658",658,"J Winawer"
"659",659,"J Alderete"
"660",660,"P Tupper"
"661",661,"J Gavilan"
"662",662,"S Crocker"
"663",663,"F Maratos"
"664",664,"S Deyne"
"665",665,"Y Peirsman"
"666",666,"G Kachergis"
"667",667,"C Yu"
"668",668,"K Huijpen"
"669",669,"M Osman"
"670",670,"M Speekenbrink"
"671",671,"J Weast"
"672",672,"K Wright"
"673",673,"A Heuvelink"
"674",674,"M Klein"
"675",675,"R Lambalgen"
"676",676,"J Eggart"
"677",677,"N Einecke"
"678",678,"M Riad"
"679",679,"F Roehrbein"
"680",680,"I Gauthier"
"681",681,"M Mack"
"682",682,"J Richler"
"683",683,"T Kershaw"
"684",684,"R Ashley"
"685",685,"S Hidaka"
"686",686,"S Varela"
"687",687,"D Gomez"
"688",688,"R Augusto"
"689",689,"F Macagno"
"690",690,"J Mehler"
"691",691,"D Tsaparina"
"692",692,"M Tsitseroshin"
"693",693,"A Maes"
"694",694,"L Mol"
"695",695,"M Swerts"
"696",696,"N Pape"
"697",697,"L Urbas"
"698",698,"L Suarez"
"699",699,"P Jeuniaux"
"700",700,"M Louwerse"
"701",701,"F Kanayet"
"702",702,"J Opfer"
"703",703,"D Marzoli"
"704",704,"L Tommasi"
"705",705,"C Allen"
"706",706,"F Parada"
"707",707,"A Rossi"
"708",708,"K Jasmin"
"709",709,"E Grothe"
"710",710,"D Dimitrova"
"711",711,"D Beltran"
"712",712,"A Fumero"
"713",713,"G Navarrete"
"714",714,"I Orenes"
"715",715,"C Santamaria"
"716",716,"A Chuderska"
"717",717,"A Chuderski"
"718",718,"R Bettis"
"719",719,"S HU"
"720",720,"W Chang"
"721",721,"A Bedford"
"722",722,"I Cosic"
"723",723,"L Valladares"
"724",724,"K Do"
"725",725,"H Sohn"
"726",726,"Z Yoo"
"727",727,"A Dion"
"728",728,"H Pigot"
"729",729,"H Nakamura"
"730",730,"N Atagi"
"731",731,"N Sethuraman"
"732",732,"P Gerjets"
"733",733,"K Scheiter"
"734",734,"A Schueler"
"735",735,"M Amelsvoort"
"736",736,"A Hoffman"
"737",737,"J Oberlander"
"738",738,"C Theisen"
"739",739,"P Gardenfors"
"740",740,"S Gabay"
"741",741,"Z Israeli"
"742",742,"M Ouellet"
"743",743,"J Santiago"
"744",744,"E Gillard"
"745",745,"W Schaeken"
"746",746,"W Doorden"
"747",747,"L Verschaffel"
"748",748,"R McCloy"
"749",749,"P Strange"
"750",750,"A Reyes"
"751",751,"J Marsh"
"752",752,"R Alterman"
"753",753,"J Larusson"
"754",754,"D Bergsma"
"755",755,"G Wildt"
"756",756,"V Glebkin"
"757",757,"W Ahn"
"758",758,"B Rottman"
"759",759,"A Rothe"
"760",760,"H Fukuda"
"761",761,"K Ueda"
"762",762,"K Carbary"
"763",763,"F Milton"
"764",764,"A Wills"
"765",765,"N Close"
"766",766,"F Ellinghaus"
"767",767,"T Wright"
"768",768,"G Hardie"
"769",769,"N Lahrnar"
"770",770,"H Mallot"
"771",771,"J Schulte-Pelkum"
"772",772,"A Jansson"
"773",773,"M Dehghani"
"774",774,"H Ekhtiari"
"775",775,"S Sachdeva"
"776",776,"F Paas"
"777",777,"T Gog"
"778",778,"T Herai"
"779",779,"K Mogi"
"780",780,"P Hendriks"
"781",781,"J Rij"
"782",782,"T Kusumi"
"783",783,"T Taira"
"784",784,"H Gust"
"785",785,"U Krumnack"
"786",786,"K Kuhnberger"
"787",787,"A Schwering"
"788",788,"E Mnatsakanian"
"789",789,"I Tarkka"
"790",790,"P Desain"
"791",791,"M Sadakata"
"792",792,"R Timmers"
"793",793,"R Anderson"
"794",794,"M Doherty"
"795",795,"J Gilkey"
"796",796,"G Kjoll"
"797",797,"V Folia"
"798",798,"P Hagoort"
"799",799,"V Ferdinand"
"800",800,"W Zuidema"
"801",801,"M Kuwabara"
"802",802,"M Sakmoto"
"803",803,"A Utsumi"
"804",804,"J Dessalles"
"805",805,"A Dimulescu"
"806",806,"B Malt"
"807",807,"A Pavlenko"
"808",808,"T Barry"
"809",809,"Z Estes"
"810",810,"B Amsel"
"811",811,"G Cree"
"812",812,"C Asterhan"
"813",813,"R Butler"
"814",814,"B Schwarz"
"815",815,"P Leseman"
"816",816,"M Messer"
"817",817,"E Genuchten"
"818",818,"S Chen"
"819",819,"X Zhao"
"820",820,"J LeFevre"
"821",821,"A Pyke"
"822",822,"D Secchi"
"823",823,"R Seri"
"824",824,"M Mulder"
"825",825,"I Slingerland"
"826",826,"E Chang"
"827",827,"H Li"
"828",828,"B Guimberteau"
"829",829,"G Cierniak"
"830",830,"F Cushman"
"831",831,"O Macindoe"
"832",832,"C Kidd"
"833",833,"K White"
"834",834,"E Constantinou"
"835",835,"C Heffernan"
"836",836,"A Maharjan"
"837",837,"L Razzaq"
"838",838,"P Shrestha"
"839",839,"X Wei"
"840",840,"I Visser"
"841",841,"N Hamzah"
"842",842,"J Ma"
"843",843,"J Nickerson"
"844",844,"A Frazer"
"845",845,"J Knicely"
"846",846,"J Mayor"
"847",847,"N Masataka"
"848",848,"Y Miura"
"849",849,"R Sawada"
"850",850,"D Hyde"
"851",851,"V Izard"
"852",852,"S Lee"
"853",853,"K Shapiro"
"854",854,"E Spelke"
"855",855,"N Winkler-Rhoades"
"856",856,"G Mills"
"857",857,"D Hofstadter"
"858",858,"E Nichols"
"859",859,"J Pooley"
"860",860,"W Shankle"
"861",861,"M Adenzato"
"862",862,"R Ardito"
"863",863,"B Bara"
"864",864,"A Ciaramidaro"
"865",865,"S Erk"
"866",866,"H Walter"
"867",867,"N Vasic"
"868",868,"S Andrews"
"869",869,"S Brown"
"870",870,"C Donkin"
"871",871,"M Dye"
"872",872,"J Klein"
"873",873,"J Witten"
"874",874,"J Anderson"
"875",875,"M Walsh"
"876",876,"N Kalchbrenner"
"877",877,"D Yarlett"
"878",878,"A Banks"
"879",879,"C Schunn"
"880",880,"G Siegle"
"881",881,"T Wong"
"882",882,"J Verhagen"
"883",883,"C Coey"
"884",884,"J Jordan"
"885",885,"K Tsiappoutas"
"886",886,"R Stephens"
"887",887,"E Andonova"
"888",888,"R Barone"
"889",889,"D Schlimm"
"890",890,"N Dupuis-Roy"
"891",891,"F Gosselin"
"892",892,"L Maanen"
"893",893,"G Band"
"894",894,"C Caljouw"
"895",895,"I Christoffels"
"896",896,"L Colzato"
"897",897,"N Schiller"
"898",898,"F Hussain"
"899",899,"S Wood"
"900",900,"J Beule"
"901",901,"V Micelli"
"902",902,"M Romano"
"903",903,"K Snyder-Tapp"
"904",904,"J Bryson"
"905",905,"M Kalish"
"906",906,"Y Gao"
"907",907,"M Gasser"
"908",908,"G Schrementi"
"909",909,"L Brunel"
"910",910,"B Riou"
"911",911,"G Vallet"
"912",912,"R Versace"
"913",913,"C Baker"
"914",914,"N Davidenko"
"915",915,"A November"
"916",916,"A Morse"
"917",917,"H Svensson"
"918",918,"T Ziemke"
"919",919,"G Villejoubert"
"920",920,"K Nakamura"
"921",921,"G Arduino"
"922",922,"M Bucciarelli"
"923",923,"C Meini"
"924",924,"F Vinai"
"925",925,"S Brenman"
"926",926,"A Ghane"
"927",927,"M Hoover"
"928",928,"D Richardson"
"929",929,"C Sandhofer"
"930",930,"E Thom"
"931",931,"E Peng"
"932",932,"Y Washida"
"933",933,"J McDonnell"
"934",934,"R Cox"
"935",935,"G Garcia"
"936",936,"M Anderson"
"937",937,"C Weaver"
"938",938,"B Lemaire"
"939",939,"V Robinet"
"940",940,"N Ali"
"941",941,"D Peebles"
"942",942,"C Henderson"
"943",943,"J McClelland"
"944",944,"C Lucas"
"945",945,"S Street"
"946",946,"D Lagnado"
"947",947,"E Yu"
"948",948,"R Byrne"
"949",949,"J Dixon"
"950",950,"R Guttentag"
"951",951,"J Brasfield"
"952",952,"S Gries"
"953",953,"C Wilson"
"954",954,"T Matsui"
"955",955,"H Osanai"
"956",956,"Y Tojo"
"957",957,"J Colhoun"
"958",958,"R Kim"
"959",959,"N Krach"
"960",960,"R Weitz"
"961",961,"M Lazaro"
"962",962,"J Sainz"
"963",963,"G Koduri"
"964",964,"B Bridgeman"
"965",965,"E Chiu"
"966",966,"J Quan"
"967",967,"S Rice"
"968",968,"A Roman"
"969",969,"C Callaway"
"970",970,"G Campbell"
"971",971,"M Dzikovska"
"972",972,"E Fallow"
"973",973,"J Moore"
"974",974,"N Steinhauser"
"975",975,"L Maccari"
"976",976,"A Raffone"
"977",977,"M Sebastiani"
"978",978,"T Baccino"
"979",979,"M Chanceaux"
"980",980,"A Guerin-Dugue"
"981",981,"I Cramer"
"982",982,"U Waltinger"
"983",983,"T Wandmacher"
"984",984,"S Carey"
"985",985,"A Jarvstad"
"986",986,"G Cleveland"
"987",987,"R Bod"
"988",988,"G Borensztajn"
"989",989,"W Frankenhuis"
"990",990,"L Thosen"
"991",991,"B Walker-Meade"
"992",992,"M Knauff"
"993",993,"A Wolf"
"994",994,"A Danz"
"995",995,"A Janyan"
"996",996,"M Juanchich"
"997",997,"J Negen"
"998",998,"B Sarnecka"
"999",999,"D Markant"
"1000",1000,"E Blagrove"
"1001",1001,"M Ellefson"
"1002",1002,"A Molzhon"
"1003",1003,"V Haltakov"
"1004",1004,"S Kostadinov"
"1005",1005,"K Kyriazov"
"1006",1006,"H Laftchiev"
"1007",1007,"S Gadgil"
"1008",1008,"K Adachi"
"1009",1009,"Y Kawasaki"
"1010",1010,"K Manktelow"
"1011",1011,"H Mercier"
"1012",1012,"J Henst"
"1013",1013,"H Yama"
"1014",1014,"N Choi"
"1015",1015,"B Lee"
"1016",1016,"D Lee"
"1017",1017,"M Sohn"
"1018",1018,"J Ryu"
"1019",1019,"J Martin"
"1020",1020,"I Bokkon"
"1021",1021,"U Obaidellah"
"1022",1022,"M Unterhuber"
"1023",1023,"B Burns"
"1024",1024,"K Hachey"
"1025",1025,"S Mewaldt"
"1026",1026,"D Trumpower"
"1027",1027,"R Lowe"
"1028",1028,"A Montebelli"
"1029",1029,"J Hulbert"
"1030",1030,"J Choi"
"1031",1031,"H Choi"
"1032",1032,"A Arenas"
"1033",1033,"J Borge-Holthoefer"
"1034",1034,"J Davies"
"1035",1035,"R Thomson"
"1036",1036,"C Cook"
"1037",1037,"M Bugajska"
"1038",1038,"W Frost"
"1039",1039,"G Trafton"
"1040",1040,"A Salah"
"1041",1041,"Z Yucel"
"1042",1042,"K Grill-Spector"
"1043",1043,"N Witthoft"
"1044",1044,"M Greenwood"
"1045",1045,"B Imhof"
"1046",1046,"N Kim"
"1047",1047,"C Sanislow"
"1048",1048,"L Kester"
"1049",1049,"M Schryver"
"1050",1050,"Y Rosseel"
"1051",1051,"K Vandist"
"1052",1052,"E Cokley"
"1053",1053,"P Parpart"
"1054",1054,"L Schooler"
"1055",1055,"A Bittner"
"1056",1056,"T Fangmeier"
"1057",1057,"M Ragni"
"1058",1058,"G Cottrell"
"1059",1059,"M Tong"
"1060",1060,"L Zhang"
"1061",1061,"F Boers"
"1062",1062,"A Godfroid"
"1063",1063,"A Housen"
"1064",1064,"T Gangwani"
"1065",1065,"N Nailah"
"1066",1066,"S Honiden"
"1067",1067,"R Morrison"
"1068",1068,"K Paller"
"1069",1069,"P Reber"
"1070",1070,"K Klein"
"1071",1071,"S Karanam"
"1072",1072,"M Melguizo"
"1073",1073,"H Oostendorp"
"1074",1074,"D Choi"
"1075",1075,"J Bek"
"1076",1076,"M Blades"
"1077",1077,"M Siegal"
"1078",1078,"R Varley"
"1079",1079,"E Chaffin"
"1080",1080,"D Hendrickson"
"1081",1081,"L Thompson"
"1082",1082,"J Knobe"
"1083",1083,"D Pettit"
"1084",1084,"N Braisby"
"1085",1085,"I Hodges"
"1086",1086,"R Raine"
"1087",1087,"A Samsonovich"
"1088",1088,"M Ferguson"
"1089",1089,"M Spivey"
"1090",1090,"M Wojnowicz"
"1091",1091,"H Burch"
"1092",1092,"J Schoenherr"
"1093",1093,"A Gormley"
"1094",1094,"T Stewart"
"1095",1095,"C Yucel"
"1096",1096,"D Yurovsky"
"1097",1097,"L Doumas"
"1098",1098,"R Morrsion"
"1099",1099,"L Richland"
"1100",1100,"M Dorr"
"1101",1101,"H Jarodzka"
"1102",1102,"J Lipinski"
"1103",1103,"Y Sandamirskaya"
"1104",1104,"G Schoner"
"1105",1105,"P Dodds"
"1106",1106,"C donkin"
"1107",1107,"J Choplin"
"1108",1108,"D Stark"
"1109",1109,"D Jim"
"1110",1110,"B Jolie"
"1111",1111,"H Bulf"
"1112",1112,"E Valenza"
"1113",1113,"M Oehl"
"1114",1114,"H Pfister"
"1115",1115,"D Medin"
"1116",1116,"S Wallot"
"1117",1117,"F Cnossen"
"1118",1118,"L Feenstra"
"1119",1119,"M Grapengeter"
"1120",1120,"S Wierda"
"1121",1121,"E Chrysikou"
"1122",1122,"S Thompson-Schill"
"1123",1123,"A Loehrlein"
"1124",1124,"A Campagne"
"1125",1125,"J Lorenceau"
"1126",1126,"J Martinerie"
"1127",1127,"B renault"
"1128",1128,"D Barner"
"1129",1129,"L Schmidt"
"1130",1130,"A Martin"
"1131",1131,"R Minervino"
"1132",1132,"F Hartung"
"1133",1133,"D Klenovsak"
"1134",1134,"L Santos"
"1135",1135,"C Strobl"
"1136",1136,"D Zaefferer"
"1137",1137,"L Gabora"
"1138",1138,"S Leijnen"
"1139",1139,"B O'Connor"
"1140",1140,"A Bloomfield"
"1141",1141,"C Blattler"
"1142",1142,"V Ferrari"
"1143",1143,"E Marmeche"
"1144",1144,"A Destrebecqz"
"1145",1145,"A Franco"
"1146",1146,"J Gold"
"1147",1147,"M Shotts"
"1148",1148,"B Tjan"
"1149",1149,"O Griffiths"
"1150",1150,"S Fitneva"
"1151",1151,"Y Song"
"1152",1152,"R Blythe"
"1153",1153,"A Smith"
"1154",1154,"L Issen"
"1155",1155,"D Knill"
"1156",1156,"E Huddleston"
"1157",1157,"K Agres"
"1158",1158,"J DeLong"
"1159",1159,"J Shook"
"1160",1160,"E White"
"1161",1161,"M Blair"
"1162",1162,"L Chen"
"1163",1163,"K Meier"
"1164",1164,"M Watson"
"1165",1165,"U Wong"
"1166",1166,"M Wood"
"1167",1167,"A Kitsantas"
"1168",1168,"M Cruciani"
"1169",1169,"J Austerweil"
"1170",1170,"L Feldman"
"1171",1171,"P O'Connor"
"1172",1172,"J Treur"
"1173",1173,"F Both"
"1174",1174,"M Hoogendoorn"
"1175",1175,"R Oorburg"
"1176",1176,"M Vos"
"1177",1177,"D Galbraith"
"1178",1178,"J Hallam"
"1179",1179,"N Bigot"
"1180",1180,"T Olive"
"1181",1181,"M Andrews"
"1182",1182,"A Maas"
"1183",1183,"L Magnani"
"1184",1184,"T Lombrozo"
"1185",1185,"K Uttich"
"1186",1186,"A Habibi"
"1187",1187,"A Hwang"
"1188",1188,"M Pomplun"
"1189",1189,"H Wang"
"1190",1190,"S Palmer"
"1191",1191,"K Schloss"
"1192",1192,"L Blaha"
"1193",1193,"T Busey"
"1194",1194,"J Townsend"
"1195",1195,"P Zulkifli"
"1196",1196,"B Scheibehenne"
"1197",1197,"B Wansink"
"1198",1198,"A Beppu"
"1199",1199,"M Hartshorn"
"1200",1200,"A Kaznatcheev"
"1201",1201,"G Jenkins"
"1202",1202,"N Benesh"
"1203",1203,"P Jeauniaux"
"1204",1204,"D Vargheese"
"1205",1205,"S Watanabe"
"1206",1206,"B Zhang"
"1207",1207,"L Connell"
"1208",1208,"D Lynott"
"1209",1209,"K Mattock"
"1210",1210,"P Monaghan"
"1211",1211,"D Ichinco"
"1212",1212,"R Saxe"
"1213",1213,"L Kearney"
"1214",1214,"O Fotakopoulou"
"1215",1215,"A Hendrickson"
"1216",1216,"J Williams"
"1217",1217,"W Maddox"
"1218",1218,"A Markman"
"1219",1219,"D Worthy"
"1220",1220,"P Bonin"
"1221",1221,"L Ferrand"
"1222",1222,"M Mermillod"
"1223",1223,"T Morisseau"
"1224",1224,"A Meot"
"1225",1225,"E Morgan"
"1226",1226,"A Cleeremans"
"1227",1227,"P Antoine"
"1228",1228,"B Timmermans"
"1229",1229,"S Abdallah"
"1230",1230,"S D'Souza"
"1231",1231,"Y Gal"
"1232",1232,"P Pasquier"
"1233",1233,"I Rahwan"
"1234",1234,"R Iliev"
"1235",1235,"S Kaufmann"
"1236",1236,"A Meier"
"1237",1237,"H Spada"
"1238",1238,"K Kantartzis"
"1239",1239,"S Kita"
"1240",1240,"M Kitajima"
"1241",1241,"M Toyota"
"1242",1242,"H Khamar"
"1243",1243,"P Thompson"
"1244",1244,"D Brumby"
"1245",1245,"C Janssen"
"1246",1246,"J Bonny"
"1247",1247,"H Paton"
"1248",1248,"P Beaman"
"1249",1249,"J Roeer"
"1250",1250,"M Dumitru"
"1251",1251,"D Connor"
"1252",1252,"M Drakesmith"
"1253",1253,"G Pobric"
"1254",1254,"M Mutafchieva"
"1255",1255,"J Laird"
"1256",1256,"S Wintermute"
"1257",1257,"J Rein"
"1258",1258,"B Shih"
"1259",1259,"V Benitez"
"1260",1260,"J Hsiao"
"1261",1261,"L DeGregerio"
"1262",1262,"C Walsh"
"1263",1263,"T Hakala"
"1264",1264,"O Lappi"
"1265",1265,"A Rusanen"
"1266",1266,"M Greenlee"
"1267",1267,"M Raabe"
"1268",1268,"A Kinnell"
"1269",1269,"N Crooks"
"1270",1270,"S Glucksberg"
"1271",1271,"S Khemlani"
"1272",1272,"S Leslie"
"1273",1273,"S Prasada"
"1274",1274,"B Macq"
"1275",1275,"H Mendonca"
"1276",1276,"O Vybornova"
"1277",1277,"L Shahbazyan"
"1278",1278,"K Hamburger"
"1279",1279,"L Jung"
"1280",1280,"C Wranke"
"1281",1281,"J Horst"
"1282",1282,"E Scott"
"1283",1283,"P Baumann"
"1284",1284,"H Weldle"
"1285",1285,"T Kojima"
"1286",1286,"J Friedenberg"
"1287",1287,"D Graham"
"1288",1288,"D Rockmore"
"1289",1289,"R Warner"
"1290",1290,"J Coley"
"1291",1291,"T Muratore"
"1292",1292,"N Vasilyeva"
"1293",1293,"A Renkl"
"1294",1294,"R Salden"
"1295",1295,"R Schwonke"
"1296",1296,"P Hristova"
"1297",1297,"R Kubat"
"1298",1298,"C Frith"
"1299",1299,"R Raafat"
"1300",1300,"U Cress"
"1301",1301,"J Kimmerle"
"1302",1302,"J Moskaliuk"
"1303",1303,"N Atalay"
"1304",1304,"M Misirlisoy"
"1305",1305,"T Kambara"
"1306",1306,"R Kawashima"
"1307",1307,"N Miura"
"1308",1308,"T Miyamoto"
"1309",1309,"S Sato"
"1310",1310,"K Tahahashi"
"1311",1311,"D Takahashi"
"1312",1312,"S Yokoyama"
"1313",1313,"A Pereira"
"1314",1314,"H Shen"
"1315",1315,"C Carroll"
"1316",1316,"L Ding"
"1317",1317,"D Mehay"
"1318",1318,"C Chen"
"1319",1319,"H Cheung"
"1320",1320,"C Wu"
"1321",1321,"T HIlls"
"1322",1322,"S Soroya"
"1323",1323,"A Rahman"
"1324",1324,"B Boulay"
"1325",1325,"J Bisnaz"
"1326",1326,"L Fast"
"1327",1327,"D Kamawar"
"1328",1328,"M Penner-Wilger"
"1329",1329,"S Skwarchuk"
"1330",1330,"B Smith-Chant"
"1331",1331,"L Feigenson"
"1332",1332,"A Tuerk"
"1333",1333,"M Yamaguchi"
"1334",1334,"R Kastuririangan"
"1335",1335,"A Pfeffer"
"1336",1336,"W Richards"
"1337",1337,"H Hayashi"
"1338",1338,"D Hung"
"1339",1339,"M Kean"
"1340",1340,"J Tabares"
"1341",1341,"P Tu"
"1342",1342,"J Hartshorne"
"1343",1343,"A Pogue"
"1344",1344,"J Snedeker"
"1345",1345,"H Hashizume"
"1346",1346,"K Hoshi"
"1347",1347,"H Jeong"
"1348",1348,"T Ogawa"
"1349",1349,"K Takahashi"
"1350",1350,"H Shimada"
"1351",1351,"K Kurtz"
"1352",1352,"K Levering"
"1353",1353,"D Calvillo"
"1354",1354,"S Asakawa"
"1355",1355,"E Mayr"
"1356",1356,"H Risku"
"1357",1357,"M Smuc"
"1358",1358,"F Windhager"
"1359",1359,"R West"
"1360",1360,"K Mineshima"
"1361",1361,"M Okada"
"1362",1362,"Y Sato"
"1363",1363,"R Takemura"
"1364",1364,"L Cohen"
"1365",1365,"L Naccache"
"1366",1366,"E Qiao"
"1367",1367,"M Szwed"
"1368",1368,"R Valabregue"
"1369",1369,"F Vinckier"
"1370",1370,"F Jaekel"
"1371",1371,"V Savova"
"1372",1372,"R Willems"
"1373",1373,"A Camilleri"
"1374",1374,"B Nanay"
"1375",1375,"M Dopel"
"1376",1376,"A Darlow"
"1377",1377,"P Frenbach"
"1378",1378,"T Curran"
"1379",1379,"N Hutchinson"
"1380",1380,"Y Munakata"
"1381",1381,"E Nyhus"
"1382",1382,"H Snyder"
"1383",1383,"F Balcomb"
"1384",1384,"K Ferrara"
"1385",1385,"N Newcombe"
"1386",1386,"K Dunbar"
"1387",1387,"E Forster"
"1388",1388,"V Kovic"
"1389",1389,"D Freudenthal"
"1390",1390,"F Gobet"
"1391",1391,"J Pine"
"1392",1392,"G Gronchi"
"1393",1393,"S Sloman"
"1394",1394,"P Thibodeau"
"1395",1395,"B Gokcesu"
"1396",1396,"N Dumay"
"1397",1397,"M Damian"
"1398",1398,"M Perez"
"1399",1399,"H Stadthagen-Gonzales"
"1400",1400,"M Crocker"
"1401",1401,"M Staudte"
"1402",1402,"K Yoshimoto"
"1403",1403,"J Chun"
"1404",1404,"J Kim"
"1405",1405,"H Park"
"1406",1406,"I Park"
"1407",1407,"M Nakagawa"
"1408",1408,"A Terai"
"1409",1409,"S Yekollu"
"1410",1410,"M Amorim"
"1411",1411,"I Martins"
"1412",1412,"A Oliveira"
"1413",1413,"P Engelhardt"
"1414",1414,"F Ferreira"
"1415",1415,"T Qian"
"1416",1416,"C Brom"
"1417",1417,"A Berkeljon"
"1418",1418,"E Coffey"
"1419",1419,"C Stevenson"
"1420",1420,"J Winkel"
"1421",1421,"M Prince"
"1422",1422,"E Hristova"
"1423",1423,"J Alvarez"
"1424",1424,"E Axelsson"
"1425",1425,"D Catherwood"
"1426",1426,"A Franklin"
"1427",1427,"V Pavlenko"
"1428",1428,"K Panchanathan"
"1429",1429,"W Rauch"
"1430",1430,"K Schmitt"
"1431",1431,"B Clark"
"1432",1432,"E Sagi"
"1433",1433,"W Gray"
"1434",1434,"B Veksler"
"1435",1435,"R Jucks"
"1436",1436,"E Paus"
"1437",1437,"M Munro"
"1438",1438,"S Zhang"
"1439",1439,"D Bavelier"
"1440",1440,"N Fernandez"
"1441",1441,"E Hirshorn"
"1442",1442,"S Makioka"
"1443",1443,"J Oesterreich"
"1444",1444,"M Beaudoin"
"1445",1445,"P Bellefeuille"
"1446",1446,"B Chikhaoui"
"1447",1447,"F Laudares"
"1448",1448,"G Pratte"
"1449",1449,"J Fiez"
"1450",1450,"S Guediche"
"1451",1451,"L Holt"
"1452",1452,"S Colen"
"1453",1453,"B Verheij"
"1454",1454,"M Saito"
"1455",1455,"T Shimazaki"
"1456",1456,"Y Hayashi"
"1457",1457,"K Miwa"
"1458",1458,"N Duran"
"1459",1459,"D Lyon"
"1460",1460,"J Stevens"
"1461",1461,"N Leblanc"
"1462",1462,"G Petkov"
"1463",1463,"D Dinges"
"1464",1464,"K Gluck"
"1465",1465,"J Gunzelmann"
"1466",1466,"M Gelnn"
"1467",1467,"V Richard"
"1468",1468,"D P.A."
"1469",1469,"J Greene"
"1470",1470,"J Paxton"
"1471",1471,"L Ungar"
"1472",1472,"S Battersby"
"1473",1473,"T Kriete"
"1474",1474,"D Noelle"
"1475",1475,"J Maja"
"1476",1476,"N Snider"
"1477",1477,"M Counihan"
"1478",1478,"Y Chiu"
"1479",1479,"O Lou"
"1480",1480,"A Chang"
"1481",1481,"P Legrenzi"
"1482",1482,"M Tamariz"
"1483",1483,"J Nagel"
"1484",1484,"F Poletiek"
"1485",1485,"J Hyland"
"1486",1486,"J Leslie"
"1487",1487,"D O'Hora"
"1488",1488,"S Smyth"
"1489",1489,"A Behzadi"
"1490",1490,"A Jannati"
"1491",1491,"A Mokri"
"1492",1492,"A Cruickshank"
"1493",1493,"L Inman"
"1494",1494,"E McSorley"
"1495",1495,"A Sohrabi"
"1496",1496,"H Boshuizen"
"1497",1497,"E Meeuwesen"
"1498",1498,"R Wiers"
"1499",1499,"M Wiel"
"1500",1500,"J Koenderink"
"1501",1501,"S Dewhurst"
"1502",1502,"E Swannell"
"1503",1503,"S Philips"
"1504",1504,"Y Takeda"
"1505",1505,"A Hsu"
"1506",1506,"R Silva"
"1507",1507,"M Chu"
"1508",1508,"A Tajarobi"
"1509",1509,"C Barsics"
"1510",1510,"S Bredart"
"1511",1511,"D Burns"
"1512",1512,"J Houpt"
"1513",1513,"L Pei"
"1514",1514,"J Corter"
"1515",1515,"Y Rho"
"1516",1516,"B Tversky"
"1517",1517,"D Zahner"
"1518",1518,"U Sio"
"1519",1519,"M Yip"
"1520",1520,"M Guhe"
"1521",1521,"A Pease"
"1522",1522,"A Smail"
"1523",1523,"R Cowell"
"1524",1524,"D Huber"
"1525",1525,"R Osterbauer"
"1526",1526,"C Schwarzbauer"
"1527",1527,"U Grasemann"
"1528",1528,"R Hoffman"
"1529",1529,"R Miikkulainen"
"1530",1530,"R Guess"
"1531",1531,"G Jackson"
"1532",1532,"D McNamara"
"1533",1533,"C Pompanon"
"1534",1534,"E Raufaste"
"1535",1535,"B Velichkovsky"
"1536",1536,"Y Kammerer"
"1537",1537,"E Wollny"
"1538",1538,"R Ratwani"
"1539",1539,"M Ament"
"1540",1540,"A Blandford"
"1541",1541,"A Cox"
"1542",1542,"Z Ali"
"1543",1543,"H Blumenfeld"
"1544",1544,"V Marian"
"1545",1545,"S Schroeder"
"1546",1546,"K Revill"
"1547",1547,"D Spieler"
"1548",1548,"X Yao"
"1549",1549,"R Hadley"
"1550",1550,"N Salay"
"1551",1551,"A Sloman"
"1552",1552,"I Juvina"
"1553",1553,"N Taatgen"
"1554",1554,"U Ecker"
"1555",1555,"J Borst"
"1556",1556,"S Kousta"
"1557",1557,"A Gourdan"
"1558",1558,"J Szymanik"
"1559",1559,"M Zajenkowski"
"1560",1560,"P Meguire"
"1561",1561,"R Maguire"
"1562",1562,"V Veksler"
"1563",1563,"K Gurney"
"1564",1564,"L Ingram"
"1565",1565,"T Stafford"
"1566",1566,"A Barton"
"1567",1567,"E Cokely"
"1568",1568,"M Galesci"
"1569",1569,"M Haas"
"1570",1570,"A Koehler"
"1571",1571,"A Otto"
"1572",1572,"A Ejova"
"1573",1573,"B Armstrong"
"1574",1574,"S Joordens"
"1575",1575,"D Plaut"
"1576",1576,"G Jahn"
"1577",1577,"W Gaissmaier"
"1578",1578,"D Goldstein"
"1579",1579,"H Honda"
"1580",1580,"T Matsuka"
"1581",1581,"P Ayton"
"1582",1582,"M Poirier"
"1583",1583,"E Accorsi"
"1584",1584,"P Cho"
"1585",1585,"J Henin"
"1586",1586,"W Tabor"
"1587",1587,"B Ross"
"1588",1588,"E Taylor"
"1589",1589,"B Heerebout"
"1590",1590,"H Phaf"
"1591",1591,"P Haazebroek"
"1592",1592,"B Hommel"
"1593",1593,"S Dantzig"
"1594",1594,"T Bosse"
"1595",1595,"Z Memon"
"1596",1596,"I Simpson"
