"","id","label"
"1",1,"A Cleary"
"2",2,"H Avila-Munoz"
"3",3,"E Heit"
"4",4,"C Hoadley"
"5",5,"L Namy"
"6",6,"A Ishai"
"7",7,"B Tuller"
"8",8,"T Gao"
"9",9,"Y Zhao"
"10",10,"L Yu"
"11",11,"J Hartshorne"
"12",12,"J Tenenbaum"
"13",13,"A Heathcote"
"14",14,"B Turner"
"15",15,"S Brown"
"16",16,"J Myung"
"17",17,"M Pitt"
"18",18,"M Speekenbrink"
"19",19,"M Coco"
"20",20,"R Dale"
"21",21,"J Leeuw"
"22",22,"J Kruschke"
"23",23,"J Trueblood"
"24",24,"J Yearsley"
"25",25,"Z Wang"
"26",26,"J Busemeyer"
"27",27,"M Alibali"
"28",28,"C Kalish"
"29",29,"T Rogers"
"30",30,"C Massey"
"31",31,"P Kellman"
"32",32,"V Sloutsky"
"33",33,"J McClelland"
"34",34,"K Mickey"
"35",35,"S Beller"
"36",36,"A Bender"
"37",37,"J Bohnemeyer"
"38",38,"A Rothe-Wulf"
"39",39,"Y Hagmayer"
"40",40,"R Astuti"
"41",41,"K Gluck"
"42",42,"W Gray"
"43",43,"M Lovett"
"44",44,"A Markman"
"45",45,"J Spohrer"
"46",46,"B Love"
"47",47,"M Ramscar"
"48",48,"T Griffiths"
"49",49,"M Jones"
"50",50,"B Pajak"
"51",51,"M Goldwater"
"52",52,"D Gentner"
"53",53,"A Goldberg"
"54",54,"R Shao"
"55",55,"J Phillips"
"56",56,"J Knobe"
"57",57,"A Shtulman"
"58",58,"A Riggs"
"59",59,"C Hitchcock"
"60",60,"D Abashidze"
"61",61,"P Knoeferle"
"62",62,"M Carminati"
"63",63,"K Abe"
"64",64,"K Agres"
"65",65,"C Cancino"
"66",66,"M Grachten"
"67",67,"S Lattner"
"68",68,"R Aguirre"
"69",69,"J Santiago"
"70",70,"S Ahmad"
"71",71,"A Yu"
"72",72,"N Akhavan"
"73",73,"N Nozari"
"74",74,"T Goksun"
"75",75,"S Al-Mughairy"
"76",76,"R Foushee"
"77",77,"D Barner"
"78",78,"M Srinivasan"
"79",79,"R Albrecht"
"80",80,"H Schultheis"
"81",81,"W Fu"
"82",82,"L Allen"
"83",83,"D McNamara"
"84",84,"M McCrudden"
"85",85,"K Allen"
"86",86,"J Jara-Ettinger"
"87",87,"T Gerstenberg"
"88",88,"M Kleiman-Weiner"
"89",89,"S Alonso-Diaz"
"90",90,"J Cantlon"
"91",91,"S Piantadosi"
"92",92,"J Amaral"
"93",93,"H Kloos"
"94",94,"V Romero"
"95",95,"M Richardson"
"96",96,"E Andonova"
"97",97,"Z Savcheva"
"98",98,"G Todorova"
"99",99,"B Arslan"
"100",100,"R Verbrugge"
"101",101,"N Taatgen"
"102",102,"B Hollebrandse"
"103",103,"P Ata"
"104",104,"J Queiroz"
"105",105,"S Aussems"
"106",106,"P Vogt"
"107",107,"M Chu"
"108",108,"S Kita"
"109",109,"M Zaanen"
"110",110,"S Ayala"
"111",111,"N Vasilyeva"
"112",112,"R Azevedo"
"113",113,"A Johnson"
"114",114,"C Burkett"
"115",115,"A Baltaretu"
"116",116,"E Krahmer"
"117",117,"A Maes"
"118",118,"J Barnes"
"119",119,"M Blair"
"120",120,"P Tupper"
"121",121,"R Walshe"
"122",122,"A Barque-Duran"
"123",123,"E Pothos"
"124",124,"J Hampton"
"125",125,"B Barstow"
"126",126,"C Schunn"
"127",127,"L Fazio"
"128",128,"M Falakmasir"
"129",129,"K Ashley"
"130",130,"I Bass"
"131",131,"D Hawthorne"
"132",132,"N Goodman"
"133",133,"H Gweon"
"134",134,"C Bates"
"135",135,"P Battaglia"
"136",136,"I Yildirim"
"137",137,"P Baumann"
"138",138,"A Bear"
"139",139,"N Beckage"
"140",140,"A Aguilar"
"141",141,"E Colunga"
"142",142,"M Mozer"
"143",143,"B Beekhuizen"
"144",144,"S Stevenson"
"145",145,"K Begolli"
"146",146,"L Richland"
"147",147,"S Jaeggi"
"148",148,"P Bello"
"149",149,"S Khemlani"
"150",150,"G Ben-Yosef"
"151",151,"L Assif"
"152",152,"D Harari"
"153",153,"S Ullman"
"154",154,"E Bennett"
"155",155,"S Bhatia"
"156",156,"P Blouw"
"157",157,"C Eliasmith"
"158",158,"R Boghrati"
"159",159,"J Garten"
"160",160,"A Litvinova"
"161",161,"M Dehghani"
"162",162,"M Botezatu"
"163",163,"J Landrigan"
"164",164,"Q Chen"
"165",165,"D Mirman"
"166",166,"M Braginsky"
"167",167,"D Yurovsky"
"168",168,"V Marchman"
"169",169,"M Frank"
"170",170,"N Bramley"
"171",171,"P Dayan"
"172",172,"D Lagnado"
"173",173,"C Brand"
"174",174,"M Oaksford"
"175",175,"T Brauner"
"176",176,"W Bridewell"
"177",177,"T Brochhagen"
"178",178,"D Broniatowski"
"179",179,"V Reyna"
"180",180,"M Cakir"
"181",181,"T Cakar"
"182",182,"Y Girisken"
"183",183,"A Carstensen"
"184",184,"J Xu"
"185",185,"C Smith"
"186",186,"T Regier"
"187",187,"P Carvalho"
"188",188,"D Braithwaite"
"189",189,"B Motz"
"190",190,"R Goldstone"
"191",191,"M Casillas"
"192",192,"C Vos"
"193",193,"O Crasborn"
"194",194,"S Levinson"
"195",195,"C Chan"
"196",196,"A Chan"
"197",197,"T Lee"
"198",198,"J Hsiao"
"199",199,"S Chandrasekharan"
"200",200,"G Date"
"201",201,"P Pande"
"202",202,"J Rahaman"
"203",203,"R Shaikh"
"204",204,"A Srivastava"
"205",205,"N Srivastava"
"206",206,"H Agrawal"
"207",207,"M Chekaf"
"208",208,"N Gauvrit"
"209",209,"A Guida"
"210",210,"F Mathy"
"211",211,"D Chen"
"212",212,"H Lu"
"213",213,"K Holyoak"
"214",214,"P Cheng"
"215",215,"E Chestnut"
"216",216,"C Remulla"
"217",217,"E Markman"
"218",218,"C Cheung"
"219",219,"V Ayzenberg"
"220",220,"R Diamond"
"221",221,"S Yousif"
"222",222,"S Lourenco"
"223",223,"T Cheung"
"224",224,"P Cheung"
"225",225,"M Corre"
"226",226,"J Chin"
"227",227,"J Johnson"
"228",228,"D Moeller"
"229",229,"E Duwe"
"230",230,"J Graumlich"
"231",231,"M Murray"
"232",232,"E Stine-Morrow"
"233",233,"D Morrow"
"234",234,"J Chu"
"235",235,"E Fyfe"
"236",236,"B Rittle-Johnson"
"237",237,"C Chuang"
"238",238,"S Craig"
"239",239,"J Femiani"
"240",240,"T Chuk"
"241",241,"H Chung"
"242",242,"J Leung"
"243",243,"N Duran"
"244",244,"A Coenen"
"245",245,"T Gureckis"
"246",246,"N Cohn"
"247",247,"B Murthy"
"248",248,"P Collins"
"249",249,"U Hahn"
"250",250,"Y Gerber"
"251",251,"E Olsson"
"252",252,"M Colombo"
"253",253,"N Conaway"
"254",254,"K Kurtz"
"255",255,"K Cooperrider"
"256",256,"E Wakefield"
"257",257,"S Goldin-Meadow"
"258",258,"P Coppin"
"259",259,"E Cosentino"
"260",260,"M Werning"
"261",261,"K Reuter"
"262",262,"M Coskun"
"263",263,"C Acarturk"
"264",264,"S Coulson"
"265",265,"T Davenport"
"266",266,"S Creel"
"267",267,"G Cox"
"268",268,"R Shiffrin"
"269",269,"E Seubert"
"270",270,"S Croker"
"271",271,"J Jordan"
"272",272,"D Schloesser"
"273",273,"V Cialdella"
"274",274,"S Crossley"
"275",275,"Y Kim"
"276",276,"T Lester"
"277",277,"S Clark"
"278",278,"I Danileiko"
"279",279,"M Lee"
"280",280,"M Kalish"
"281",281,"N Ramirez"
"282",282,"M Leonard"
"283",283,"R Mayberry"
"284",284,"E Halgren"
"285",285,"N Davidenko"
"286",286,"Y Cheong"
"287",287,"J Smith"
"288",288,"S Deyne"
"289",289,"S Verheyen"
"290",290,"A Perfors"
"291",291,"D Navarro"
"292",292,"J Freitas"
"293",293,"S Johnson"
"294",294,"J Andrews"
"295",295,"H Weerd"
"296",296,"E Broers"
"297",297,"J Degen"
"298",298,"M Tessler"
"299",299,"G Pinal"
"300",300,"M Dewolf"
"301",301,"M Bassok"
"302",302,"J Son"
"303",303,"K Dinnissen"
"304",304,"M Louwerse"
"305",305,"T Doan"
"306",306,"S Denison"
"307",307,"C Lucas"
"308",308,"A Gopnik"
"309",309,"S Dolscheid"
"310",310,"S Hunnius"
"311",311,"A Majid"
"312",312,"H Don"
"313",313,"A Otto"
"314",314,"E Livesey"
"315",315,"S Donnelly"
"316",316,"P Brooks"
"317",317,"B Homer"
"318",318,"L Drijvers"
"319",319,"L Zaadnoordijk"
"320",320,"M Dingemanse"
"321",321,"S Nicholson"
"322",322,"K Durkin"
"323",323,"L Caglar"
"324",324,"E Bonawitz"
"325",325,"P Shafto"
"326",326,"P Edelsbrunner"
"327",327,"L Schalk"
"328",328,"R Schumacher"
"329",329,"E Stern"
"330",330,"N Eichorn"
"331",331,"K Marton"
"332",332,"B Eiler"
"333",333,"R Kallen"
"334",334,"S Harrison"
"335",335,"E Saltzman"
"336",336,"R Schmidt"
"337",337,"S Epstein"
"338",338,"A Aroor"
"339",339,"M Evanusa"
"340",340,"E Sklar"
"341",341,"S Parsons"
"342",342,"J Fan"
"343",343,"D Yamins"
"344",344,"N Turk-Browne"
"345",345,"S Fang"
"346",346,"B Zinszer"
"347",347,"B Malt"
"348",348,"P Li"
"349",349,"C Faur"
"350",350,"J Martin"
"351",351,"C Clavel"
"352",352,"J Faure-Bloom"
"353",353,"G Vallee-Tourangeau"
"354",354,"S Mannan"
"355",355,"M Fedzechkina"
"356",356,"T Jaeger"
"357",357,"J Trueswell"
"358",358,"S Feng"
"359",359,"G Bidelman"
"360",360,"R Fereday"
"361",361,"M Buehner"
"362",362,"B Ferguson"
"363",363,"S Waxman"
"364",364,"S Finley"
"365",365,"C Fisher"
"366",366,"M Walsh"
"367",367,"L Blaha"
"368",368,"G Gunzelmann"
"369",369,"M Fleming"
"370",370,"P Maglio"
"371",371,"S Flusberg"
"372",372,"M Dellavalle"
"373",373,"P Thibodeau"
"374",374,"J Franchak"
"375",375,"C Yu"
"376",376,"D Frassinelli"
"377",377,"F Keller"
"378",378,"B French"
"379",379,"H Lukowski-Duplessy"
"380",380,"C Rieth"
"381",381,"G Cottrell"
"382",382,"D Freudenthal"
"383",383,"J Pine"
"384",384,"G Jones"
"385",385,"F Gobet"
"386",386,"R Fusaroli"
"387",387,"J Bjorndahl"
"388",388,"A Roepstorff"
"389",389,"K Tylen"
"390",390,"L Gabora"
"391",391,"N Carbert"
"392",392,"C Gambi"
"393",393,"T Jachmann"
"394",394,"M Staudte"
"395",395,"L Castaneda"
"396",396,"M Knauff"
"397",397,"S Gershman"
"398",398,"J Halpern"
"399",399,"B Gibson"
"400",400,"X Zhu"
"401",401,"C Giffin"
"402",402,"T Lombrozo"
"403",403,"K Godwin"
"404",404,"A Fisher"
"405",405,"J Gosmann"
"406",406,"H Gros"
"407",407,"J Thibaut"
"408",408,"E Sander"
"409",409,"M Guan"
"410",410,"J Vandekerckhove"
"411",411,"H Gudde"
"412",412,"K Coventry"
"413",413,"P Engelhardt"
"414",414,"L Guo"
"415",415,"A Diederich"
"416",416,"L Guthrie"
"417",417,"C Harris"
"418",418,"F Vallee-Tourangeau"
"419",419,"M Asaba"
"420",420,"T Halder"
"421",421,"K Sharma"
"422",422,"S Ghosh"
"423",423,"K Hamburger"
"424",424,"F Roser"
"425",425,"J Hamrick"
"426",426,"K Smith"
"427",427,"E Vul"
"428",428,"J Harold"
"429",429,"I Lorenzoni"
"430",430,"T Shipley"
"431",431,"R Hawkins"
"432",432,"A Stuhlmuller"
"433",433,"D Hawthorne-Madell"
"434",434,"B Hayes"
"435",435,"G Hawkins"
"436",436,"B Newell"
"437",437,"P Hemmer"
"438",438,"K Persaud"
"439",439,"C Kidd"
"440",440,"R Hendricks"
"441",441,"L Boroditsky"
"442",442,"A Hendrickson"
"443",443,"C Donkin"
"444",444,"L Hiatt"
"445",445,"G Trafton"
"446",446,"M Ho"
"447",447,"M Littman"
"448",448,"F Cushman"
"449",449,"J Austerweil"
"450",450,"A Horowitz"
"451",451,"J Houpt"
"452",452,"C Howes"
"453",453,"P Healey"
"454",454,"P Panzarasa"
"455",455,"T Hills"
"456",456,"C Hoyos"
"457",457,"W Horton"
"458",458,"M Hrabic"
"459",459,"B MacDonald"
"460",460,"M Beran"
"461",461,"R Williamson"
"462",462,"J Hu"
"463",463,"A Whalen"
"464",464,"D Buchsbaum"
"465",465,"F Xu"
"466",466,"T Icard"
"467",467,"E Lydic"
"468",468,"L Schulz"
"469",469,"G Jenkins"
"470",470,"L Samuelson"
"471",471,"J Spencer"
"472",472,"C Jennings"
"473",473,"Y Jie"
"474",474,"Y Li"
"475",475,"K Johannes"
"476",476,"J Wang"
"477",477,"A Papafragou"
"478",478,"B Landau"
"479",479,"T Merchant"
"480",480,"F Keil"
"481",481,"G Rajeev-Kumar"
"482",482,"A Johnston"
"483",483,"M Koven"
"484",484,"W Jones"
"485",485,"J Moss"
"486",486,"D Joyner"
"487",487,"A Goel"
"488",488,"S Kakouros"
"489",489,"O Rasanen"
"490",490,"J Kaminski"
"491",491,"J Kao"
"492",492,"L Kavanagh"
"493",493,"C Suhler"
"494",494,"A Kehler"
"495",495,"H Rohde"
"496",496,"M Kharratzadeh"
"497",497,"M Montrey"
"498",498,"A Metz"
"499",499,"T Shultz"
"500",500,"G Goodwin"
"501",501,"P Johnson-Laird"
"502",502,"D Kim"
"503",503,"J Opfer"
"504",504,"L Kim"
"505",505,"E Kaiser"
"506",506,"S Kim"
"507",507,"M Sumner"
"508",508,"K Kimura"
"509",509,"S Hunley"
"510",510,"E King"
"511",511,"S Kistner"
"512",512,"B Burns"
"513",513,"R Vollmeyer"
"514",514,"K Ulrich"
"515",515,"S Levine"
"516",516,"D Kleinschmidt"
"517",517,"R Raizada"
"518",518,"M Kline"
"519",519,"J Snedeker"
"520",520,"K Koehler"
"521",521,"M Eckstein"
"522",522,"D Koh"
"523",523,"K Koedinger"
"524",524,"C Rose"
"525",525,"D Feldon"
"526",526,"N Koleva"
"527",527,"S Hoppe"
"528",528,"M Moniri"
"529",529,"A Bulling"
"530",530,"T Komatsu"
"531",531,"R Prada"
"532",532,"K Kobayashi"
"533",533,"S Yamada"
"534",534,"K Funakoshi"
"535",535,"M Nakano"
"536",536,"J Kominsky"
"537",537,"P Langthorne"
"538",538,"C Kommers"
"539",539,"V Ustun"
"540",540,"A Demski"
"541",541,"P Rosenbloom"
"542",542,"E Konstantinidis"
"543",543,"N Ashby"
"544",544,"C Gonzalez"
"545",545,"M Koranda"
"546",546,"M MacDonald"
"547",547,"A Kost"
"548",548,"B Kotchoubey"
"549",549,"P Krafft"
"550",550,"A Pentland"
"551",551,"E Kravtchenko"
"552",552,"V Demberg"
"553",553,"J Kubricht"
"554",554,"C Kupitz"
"555",555,"M Buschkuehl"
"556",556,"J Jonides"
"557",557,"P Shah"
"558",558,"P Kvam"
"559",559,"J Cesario"
"560",560,"J Schossau"
"561",561,"H Eisthen"
"562",562,"A Hintze"
"563",563,"K Kwok"
"564",564,"R West"
"565",565,"M Kelly"
"566",566,"J Lai"
"567",567,"J Sprenger"
"568",568,"B Lake"
"569",569,"W Zaremba"
"570",570,"R Fergus"
"571",571,"A Landrum"
"572",572,"J Cloudy"
"573",573,"J Lederer"
"574",574,"H Lee"
"575",575,"E Liu"
"576",576,"M Steyvers"
"577",577,"J Lee"
"578",578,"S Lee"
"579",579,"D Lenzen"
"580",580,"J Leonard"
"581",581,"R Lerch"
"582",582,"C Sims"
"583",583,"C Lesage"
"584",584,"N Ramlakhan"
"585",585,"I Toivonen"
"586",586,"C Wildman"
"587",587,"N Lester"
"588",588,"F Martin"
"589",589,"C Levitan"
"590",590,"S Charney"
"591",591,"K Schloss"
"592",592,"S Palmer"
"593",593,"T Lew"
"594",594,"M Lewis"
"595",595,"T Li"
"596",596,"J Li"
"597",597,"T Mintz"
"598",598,"W Liang"
"599",599,"Y Zhu"
"600",600,"S Zhu"
"601",601,"F Lieder"
"602",602,"Z Sim"
"603",603,"D Lin"
"604",604,"C Lister"
"605",605,"N Fay"
"606",606,"T Ellison"
"607",607,"J Ohan"
"608",608,"H Little"
"609",609,"K Eryilmaz"
"610",610,"B Boer"
"611",611,"T Liu"
"612",612,"A Liu"
"613",613,"J Fiez"
"614",614,"M Libertus"
"615",615,"D Liu"
"616",616,"K Livins"
"617",617,"L Doumas"
"618",618,"M Spivey"
"619",619,"M Lloyd-Kelly"
"620",620,"P Lane"
"621",621,"S Raisig"
"622",622,"R Tillman"
"623",623,"S Hutchinson"
"624",624,"X Huang"
"625",625,"Y Song"
"626",626,"H Wei"
"627",627,"A Luckman"
"628",628,"N Ma"
"629",629,"K MacDonald"
"630",630,"C Macias"
"631",631,"A Yung"
"632",632,"T Madarasz"
"633",633,"J Ledoux"
"634",634,"J Johansen"
"635",635,"J Madsen"
"636",636,"A Maehigashi"
"637",637,"K Miwa"
"638",638,"H Terai"
"639",639,"T Igami"
"640",640,"Y Nakamura"
"641",641,"K Mori"
"642",642,"R Magid"
"643",643,"L Magnani"
"644",644,"S Arfini"
"645",645,"T Bertolotti"
"646",646,"G Magri"
"647",647,"R Malouf"
"648",648,"F Ackerman"
"649",649,"S Seyfarth"
"650",650,"T Marghetis"
"651",651,"L Eberle"
"652",652,"B Bergen"
"653",653,"D Markant"
"654",654,"T Pleskac"
"655",655,"T Pachur"
"656",656,"R Hertwig"
"657",657,"I Markostamou"
"658",658,"C Fox"
"659",659,"L McInnes"
"660",660,"J Marley-Payne"
"661",661,"J Marsh"
"662",662,"A Zeveney"
"663",663,"B Marsh"
"664",664,"J Snijder"
"665",665,"M Pulver"
"666",666,"V Johnson"
"667",667,"J Schirmer"
"668",668,"A Horiuchi"
"669",669,"N Koskela"
"670",670,"B Reynoso"
"671",671,"R Fajardo"
"672",672,"S Mascarenhas"
"673",673,"P Koralus"
"674",674,"Y Matusevych"
"675",675,"A Alishahi"
"676",676,"A Backus"
"677",677,"S McCauley"
"678",678,"M Christiansen"
"679",679,"C McColeman"
"680",680,"K McCormick"
"681",681,"J Kim"
"682",682,"S List"
"683",683,"L Nygaard"
"684",684,"B Meadows"
"685",685,"R Heald"
"686",686,"P Langley"
"687",687,"R Meng"
"688",688,"S Chen"
"689",689,"D Bartels"
"690",690,"S Meylan"
"691",691,"P Mistry"
"692",692,"M Liljeholm"
"693",693,"F Mollica"
"694",694,"M Tanenhaus"
"695",695,"S Molouki"
"696",696,"J Moon"
"697",697,"J Anderson"
"698",698,"G Moore"
"699",699,"R Baker"
"700",700,"S Gowda"
"701",701,"D Morden-Snipper"
"702",702,"T Dai"
"703",703,"J Booth"
"704",704,"B Chang"
"705",705,"J Cromley"
"706",706,"N Newcombe"
"707",707,"T Morgan"
"708",708,"E Morgan"
"709",709,"R Levy"
"710",710,"J Bois"
"711",711,"N Mudrick"
"712",712,"M Taub"
"713",713,"F Bouchet"
"714",714,"G Munneke"
"715",715,"J Szymanik"
"716",716,"K Munster"
"717",717,"A Murphy"
"718",718,"E Hubbard"
"719",719,"A Brower"
"720",720,"Y Nagai"
"721",721,"T Moriwaki"
"722",722,"M Asada"
"723",723,"J Nagel"
"724",724,"S Stephan"
"725",725,"K Nakamura"
"726",726,"P Nalepka"
"727",727,"C Riehm"
"728",728,"C Mansour"
"729",729,"A Chemero"
"730",730,"A Newton"
"731",731,"M Penner-Wilger"
"732",732,"M Ng"
"733",733,"W Goh"
"734",734,"M Yap"
"735",735,"C Tse"
"736",736,"W So"
"737",737,"N Noles"
"738",738,"J Danovitch"
"739",739,"N Noori"
"740",740,"A Nordmeyer"
"741",741,"G Dell"
"742",742,"K Schneck"
"743",743,"B Gordon"
"744",744,"P O'Rourke"
"745",745,"G Colflesh"
"746",746,"N Obrecht"
"747",747,"D Chesney"
"748",748,"b ojalehto"
"749",749,"D Medin"
"750",750,"S Garcia"
"751",751,"H Olsson"
"752",752,"J Loveday"
"753",753,"D Ong"
"754",754,"J Zaki"
"755",755,"L Onnis"
"756",756,"M Lou-Magnuson"
"757",757,"H Yun"
"758",758,"E Thiessen"
"759",759,"P Ortega"
"760",760,"D Lee"
"761",761,"A Stocker"
"762",762,"E Ottmar"
"763",763,"D Landy"
"764",764,"E Weitnauer"
"765",765,"P Analytis"
"766",766,"D Barkoczi"
"767",767,"S Herzog"
"768",768,"M Pacer"
"769",769,"P Pantelis"
"770",770,"D Kennedy"
"771",771,"J Parker"
"772",772,"N Umashankar"
"773",773,"M Schleicher"
"774",774,"P Parnamets"
"775",775,"L Hall"
"776",776,"P Johansson"
"777",777,"P Parpart"
"778",778,"E Schulz"
"779",779,"E Partridge"
"780",780,"M McGovern"
"781",781,"J Patterson"
"782",782,"A Paxton"
"783",783,"J Roche"
"784",784,"M Perlman"
"785",785,"J Paul"
"786",786,"G Lupyan"
"787",787,"L Perry"
"788",788,"R Peters"
"789",789,"T Gruter"
"790",790,"A Borovsky"
"791",791,"J Petervari"
"792",792,"A Danek"
"793",793,"V Flanagin"
"794",794,"S Phillips"
"795",795,"W Wilson"
"796",796,"A Piergiovanni"
"797",797,"A Jern"
"798",798,"A Pogue"
"799",799,"C Kurumada"
"800",800,"D Pontillo"
"801",801,"A Salverda"
"802",802,"R Prather"
"803",803,"A Prittmann"
"804",804,"A Scholz"
"805",805,"J Krems"
"806",806,"F Pu"
"807",807,"J Luo"
"808",808,"Y Zhang"
"809",809,"G Luo"
"810",810,"T Qian"
"811",811,"Z Qian"
"812",812,"S Garnsey"
"813",813,"J Rafati"
"814",814,"D Noelle"
"815",815,"S Schwenke"
"816",816,"C Otieno"
"817",817,"H Rasilo"
"818",818,"N Renner"
"819",819,"K Revill"
"820",820,"A Rich"
"821",821,"R Richardson"
"822",822,"N Feldman"
"823",823,"W Idsardi"
"824",824,"J Richey"
"825",825,"C Zepeda"
"826",826,"T Nokes-Malach"
"827",827,"T Van-yip"
"828",828,"A Kit-fong"
"829",829,"H Hui-wen"
"830",830,"L Rigoli"
"831",831,"K Shockley"
"832",832,"G Funke"
"833",833,"A Strang"
"834",834,"S Rivera"
"835",835,"C Robinson"
"836",836,"W Barnhart"
"837",837,"P Fitzpatrick"
"838",838,"M Riley"
"839",839,"B Rottman"
"840",840,"R Hastie"
"841",841,"A Ruggeri"
"842",842,"A Rule"
"843",843,"A Tabard"
"844",844,"K Boyd"
"845",845,"J Hollan"
"846",846,"J Rule"
"847",847,"E Dechter"
"848",848,"L Saenen"
"849",849,"M Heyvaert"
"850",850,"W Dooren"
"851",851,"P Onghena"
"852",852,"E Sagi"
"853",853,"T Gann"
"854",854,"T Matlock"
"855",855,"A Saillenfest"
"856",856,"J Dessalles"
"857",857,"M Saito"
"858",858,"N Saji"
"859",859,"M Asano"
"860",860,"M Oishi"
"861",861,"M Imai"
"862",862,"M Sakamoto"
"863",863,"T Kagitani"
"864",864,"R Doizaki"
"865",865,"J Samland"
"866",866,"M Waldmann"
"867",867,"F Schaller"
"868",868,"S Weiss"
"869",869,"H Muller"
"870",870,"L Schillingmann"
"871",871,"J Burling"
"872",872,"H Yoshida"
"873",873,"R Schneider"
"874",874,"D Reshef"
"875",875,"A Seiffert"
"876",876,"S Hayes"
"877",877,"C Harriott"
"878",878,"J Adams"
"879",879,"N Sexton"
"880",880,"R Cooper"
"881",881,"T Shea"
"882",882,"A Warlaumont"
"883",883,"C Kello"
"884",884,"A Shell"
"885",885,"J Linck"
"886",886,"L Slevc"
"887",887,"D Shimizu"
"888",888,"T Okada"
"889",889,"H Shin"
"890",890,"B Bauman"
"891",891,"I MacPhee"
"892",892,"J Zevin"
"893",893,"W Shin"
"894",894,"K Eberhard"
"895",895,"Y Shou"
"896",896,"M Smithson"
"897",897,"F Song"
"898",898,"K Shubeck"
"899",899,"S Huette"
"900",900,"C Sibert"
"901",901,"J Lindstedt"
"902",902,"M Tanner"
"903",903,"N Alpert"
"904",904,"H Simpson"
"905",905,"S Singh"
"906",906,"J Daltrozzo"
"907",907,"C Conway"
"908",908,"L Slone"
"909",909,"A Smirnova"
"910",910,"D Smithwick"
"911",911,"D Kirsh"
"912",912,"C Sobh"
"913",913,"F Andrea"
"914",914,"I McManus"
"915",915,"J Soler-Company"
"916",916,"L Wanner"
"917",917,"K Soo"
"918",918,"P Pittsburgh"
"919",919,"M Spychalska"
"920",920,"J Kontinen"
"921",921,"I Noveck"
"922",922,"L Roesch"
"923",923,"M Stadtler"
"924",924,"S Globoschutz"
"925",925,"R Bromme"
"926",926,"I Stepniczka"
"927",927,"L Tomova"
"928",928,"D Niedermeier"
"929",929,"M Peschl"
"930",930,"C Lamm"
"931",931,"H Stojic"
"932",932,"E Sumner"
"933",933,"E Deangelis"
"934",934,"M Hyatt"
"935",935,"Y Sun"
"936",936,"H Wang"
"937",937,"M Suzuki"
"938",938,"T Toyota"
"939",939,"A Swan"
"940",940,"R Revlin"
"941",941,"M Swart"
"942",942,"B Friedman"
"943",943,"S Kornkasem"
"944",944,"J Black"
"945",945,"J Vitale"
"946",946,"J Szary"
"947",947,"K Takagi"
"948",948,"A Kawase"
"949",949,"S Yokochi"
"950",950,"F Tamborello"
"951",951,"E Altmann"
"952",952,"Y Tanaka"
"953",953,"Y Sakamoto"
"954",954,"N Sonehara"
"955",955,"K Thai"
"956",956,"S Krasne"
"957",957,"K Thanasuan"
"958",958,"S Mueller"
"959",959,"A Winneg"
"960",960,"C Frantz"
"961",961,"K Gehring"
"962",962,"P Iyiewaure"
"963",963,"B Thomas"
"964",964,"R Thomson"
"965",965,"R Thorstad"
"966",966,"A Nie"
"967",967,"P Wolff"
"968",968,"K Tillman"
"969",969,"N Tulagan"
"970",970,"J Tolins"
"971",971,"J Tree"
"972",972,"S Topf"
"973",973,"E Davelaar"
"974",974,"E Tourtouri"
"975",975,"F Delogu"
"976",976,"M Crocker"
"977",977,"M Troyer"
"978",978,"P Tsividis"
"979",979,"M Tufft"
"980",980,"M Gobel"
"981",981,"D Richardson"
"982",982,"M Upal"
"983",983,"S Steffensen"
"984",984,"A Makri"
"985",985,"H Vankrunkelsven"
"986",986,"G Storms"
"987",987,"D Wilkenfeld"
"988",988,"T Verhoef"
"989",989,"S Roberts"
"990",990,"A Vernazzani"
"991",991,"D Vinson"
"992",992,"A Hund"
"993",993,"M Vogelzang"
"994",994,"P Hendriks"
"995",995,"H Rijn"
"996",996,"I Volzhanin"
"997",997,"M Jonsson"
"998",998,"M Sydow"
"999",999,"J Zimmermann"
"1000",1000,"S Vosniadou"
"1001",1001,"D Pnevmatikos"
"1002",1002,"N Makris"
"1003",1003,"K Eikospentaki"
"1004",1004,"D Lepenioti"
"1005",1005,"A Chountala"
"1006",1006,"G Kyrianakis"
"1007",1007,"S Wade"
"1008",1008,"K Wagner"
"1009",1009,"D Walker"
"1010",1010,"M Walker"
"1011",1011,"A Lim"
"1012",1012,"S Sinnett"
"1013",1013,"C Walker"
"1014",1014,"S Bridgers"
"1015",1015,"J Wall"
"1016",1016,"W Merriman"
"1017",1017,"C Thompson"
"1018",1018,"B Morris"
"1019",1019,"E Walle"
"1020",1020,"S Wallot"
"1021",1021,"B O'Brien"
"1022",1022,"C Coey"
"1023",1023,"D Kelty-Stephen"
"1024",1024,"M Collins"
"1025",1025,"A Walton"
"1026",1026,"P Langland-Hassan"
"1027",1027,"A Washburn"
"1028",1028,"P Wang"
"1029",1029,"C Kanan"
"1030",1030,"F Wang"
"1031",1031,"M Menon"
"1032",1032,"K Weisman"
"1033",1033,"C Dweck"
"1034",1034,"H Ritter"
"1035",1035,"M Welsh"
"1036",1036,"S Begg"
"1037",1037,"S Yeung"
"1038",1038,"A Wiegmann"
"1039",1039,"K Meyer"
"1040",1040,"E Wiese"
"1041",1041,"R Patel"
"1042",1042,"J Olsen"
"1043",1043,"D Willard"
"1044",1044,"T Williams"
"1045",1045,"M Scheutz"
"1046",1046,"Y Wu"
"1047",1047,"B Chinh"
"1048",1048,"Z Wu"
"1049",1049,"J Gros-Louis"
"1050",1050,"P Muentener"
"1051",1051,"K Xiao"
"1052",1052,"T Yamauchi"
"1053",1053,"C Bowman"
"1054",1054,"X Xie"
"1055",1055,"E Myers"
"1056",1056,"Y Xu"
"1057",1057,"C Kemp"
"1058",1058,"H Seo"
"1059",1059,"Y Choe"
"1060",1060,"L Yang"
"1061",1061,"T Kulkarni"
"1062",1062,"W Freiwald"
"1063",1063,"E Yoon"
"1064",1064,"L Smith"
"1065",1065,"Y Yu"
"1066",1066,"T Kushnir"
"1067",1067,"N Zautra"
"1068",1068,"Q Zhang"
"1069",1069,"R Kass"
"1070",1070,"H Zhou"
"1071",1071,"M Luan"
"1072",1072,"H Li"
"1073",1073,"S Zhang"
"1074",1074,"M Song"
"1075",1075,"X Zhao"
"1076",1076,"C Cusimano"
"1077",1077,"B Malle"
"1078",1078,"G Zhou"
"1079",1079,"T Price"
"1080",1080,"C Lynch"
"1081",1081,"T Barnes"
"1082",1082,"M Chi"
"1083",1083,"C John"
"1084",1084,"A Anderson"
"1085",1085,"O Kang"
"1086",1086,"T Wheatley"
"1087",1087,"I Rooij"
"1088",1088,"D Abney"
"1089",1089,"D Oller"
"1090",1090,"D Adams"
"1091",1091,"C Galeucia"
"1092",1092,"J Kolesari"
"1093",1093,"L Carlson"
"1094",1094,"J Albert"
"1095",1095,"A Sanchez-Carmona"
"1096",1096,"G Santaniello"
"1097",1097,"S Lopez-Martin"
"1098",1098,"J Hinojosa"
"1099",1099,"X Arsiwalla"
"1100",1100,"P Verschure"
"1101",1101,"R Ashley"
"1102",1102,"N Atagi"
"1103",1103,"C Sandhofer"
"1104",1104,"G Bacon"
"1105",1105,"A Banks"
"1106",1106,"T Ormerod"
"1107",1107,"P Rusconi"
"1108",1108,"J MacGregor"
"1109",1109,"T Barrett"
"1110",1110,"M Hegarty"
"1111",1111,"G McKenzie"
"1112",1112,"M Goodchild"
"1113",1113,"L Beaudoin"
"1114",1114,"G Gauthier"
"1115",1115,"P Winne"
"1116",1116,"A Belardinelli"
"1117",1117,"M Butz"
"1118",1118,"T Bergmann"
"1119",1119,"N Blanco"
"1120",1120,"W Maddox"
"1121",1121,"M Blokpoel"
"1122",1122,"T Wareham"
"1123",1123,"J Ruiter"
"1124",1124,"P Haselager"
"1125",1125,"I Toni"
"1126",1126,"A Boone"
"1127",1127,"T Wills"
"1128",1128,"W Stepnowski"
"1129",1129,"W Zahner"
"1130",1130,"J Rossi"
"1131",1131,"J Brodsky"
"1132",1132,"K Holmes"
"1133",1133,"C Bufford"
"1134",1134,"H Burte"
"1135",1135,"L Butler"
"1136",1136,"R Pool"
"1137",1137,"R Geirhos"
"1138",1138,"J Kneissler"
"1139",1139,"K Byrne"
"1140",1140,"D Worthy"
"1141",1141,"A Castro"
"1142",1142,"L Chaparro-Moreno"
"1143",1143,"F Reali"
"1144",1144,"C Maldonado-Carreno"
"1145",1145,"J Chen"
"1146",1146,"W Lee"
"1147",1147,"C Wang"
"1148",1148,"Y Chernykhovskaya"
"1149",1149,"M Tabatabaeian"
"1150",1150,"E Anderson"
"1151",1151,"C Chin"
"1152",1152,"C Chu"
"1153",1153,"Y Chuang"
"1154",1154,"Y Tsai"
"1155",1155,"T Clausner"
"1156",1156,"M Maher"
"1157",1157,"B Gonzales"
"1158",1158,"C Coe"
"1159",1159,"S Desai"
"1160",1160,"J Day"
"1161",1161,"A Dayton"
"1162",1162,"B Rogoff"
"1163",1163,"C Derringer"
"1164",1164,"N Digdon"
"1165",1165,"K Duchi"
"1166",1166,"A Kristoff"
"1167",1167,"S Fissel"
"1168",1168,"T Dunn"
"1169",1169,"E Risko"
"1170",1170,"F Durgin"
"1171",1171,"Z Li"
"1172",1172,"B Klein"
"1173",1173,"M Dye"
"1174",1174,"H Moradi"
"1175",1175,"A Zonoz"
"1176",1176,"L Feldman"
"1177",1177,"K Cho"
"1178",1178,"C Aragon"
"1179",1179,"J Kroll"
"1180",1180,"M Fific"
"1181",1181,"M Buckmann"
"1182",1182,"A Fitch"
"1183",1183,"P Ganea"
"1184",1184,"P Harris"
"1185",1185,"Z Kaldy"
"1186",1186,"J Ford"
"1187",1187,"M Galesic"
"1188",1188,"K Katsikopoulos"
"1189",1189,"E Geller"
"1190",1190,"J Stigler"
"1191",1191,"D Gill"
"1192",1192,"J Stefanucci"
"1193",1193,"S Creem-Regehr"
"1194",1194,"E Barhorst"
"1195",1195,"Y Glady"
"1196",1196,"K Goedert"
"1197",1197,"M Ellefson"
"1198",1198,"V Kerns"
"1199",1199,"S Goodman"
"1200",1200,"T Seymour"
"1201",1201,"B Anderson"
"1202",1202,"C Gordon"
"1203",1203,"M Graves"
"1204",1204,"K Reimer"
"1205",1205,"A Beckum"
"1206",1206,"S Smith"
"1207",1207,"R Nair"
"1208",1208,"M Spezio"
"1209",1209,"W Brown"
"1210",1210,"S Quartz"
"1211",1211,"S Gualtieri"
"1212",1212,"E Etsuko"
"1213",1213,"R Hasegawa"
"1214",1214,"W Kayano"
"1215",1215,"H Osawa"
"1216",1216,"S Her"
"1217",1217,"K Han"
"1218",1218,"N Heydari"
"1219",1219,"M Tarampi"
"1220",1220,"E Hilbrink"
"1221",1221,"I Lammertink"
"1222",1222,"M Horie"
"1223",1223,"S Kiyokawa"
"1224",1224,"Z Horne"
"1225",1225,"A Cimpian"
"1226",1226,"Y Hsiao"
"1227",1227,"H Chen"
"1228",1228,"Y Lin"
"1229",1229,"L Shen"
"1230",1230,"L Tsao"
"1231",1231,"Y Chan"
"1232",1232,"I Ruginski"
"1233",1233,"L Padilla"
"1234",1234,"W Thompson"
"1235",1235,"D House"
"1236",1236,"E Isbilen"
"1237",1237,"C Krumhansl"
"1238",1238,"C Ishiguro"
"1239",1239,"K Istomin"
"1240",1240,"I Ilina"
"1241",1241,"O Uliashev"
"1242",1242,"A Jamrozik"
"1243",1243,"L Kaastra"
"1244",1244,"G Kachergis"
"1245",1245,"M Rhodes"
"1246",1246,"O Kilic"
"1247",1247,"A Klapper"
"1248",1248,"R Dotsch"
"1249",1249,"D Wigboldus"
"1250",1250,"C Komers"
"1251",1251,"A Yuille"
"1252",1252,"S Koslov"
"1253",1253,"B Chandrasekaran"
"1254",1254,"T Maddox"
"1255",1255,"S Kozai"
"1256",1256,"K Kotani"
"1257",1257,"M Sipraseuth"
"1258",1258,"A Kranjec"
"1259",1259,"J Sienkewicz"
"1260",1260,"A Buchheit"
"1261",1261,"A Kyrilov"
"1262",1262,"D Lafond"
"1263",1263,"B Roberge-Valliere"
"1264",1264,"M Saint-Louis"
"1265",1265,"S Tremblay"
"1266",1266,"M Lamnina"
"1267",1267,"D Fienup"
"1268",1268,"T Langlois"
"1269",1269,"J Peterson"
"1270",1270,"A Larson"
"1271",1271,"J Collins"
"1272",1272,"M Lau"
"1273",1273,"D David"
"1274",1274,"M Michael"
"1275",1275,"C Lin"
"1276",1276,"D Link"
"1277",1277,"J Marewski"
"1278",1278,"E Lobato"
"1279",1279,"C Zimmerman"
"1280",1280,"M Obeso"
"1281",1281,"S Hoyos"
"1282",1282,"L Carretie"
"1283",1283,"A Lovett"
"1284",1284,"S Franconeri"
"1285",1285,"C Lu"
"1286",1286,"K Holstein"
"1287",1287,"Y Luo"
"1288",1288,"M Sato"
"1289",1289,"Y Wang"
"1290",1290,"S Ito"
"1291",1291,"H Sakai"
"1292",1292,"Y Majima"
"1293",1293,"H Nakamura"
"1294",1294,"U Maoz"
"1295",1295,"L Mudrik"
"1296",1296,"R Rivlin"
"1297",1297,"G Yaffe"
"1298",1298,"R Adolphs"
"1299",1299,"C Koch"
"1300",1300,"L Margulieux"
"1301",1301,"R Catrambone"
"1302",1302,"A Masnick"
"1303",1303,"K Weingartner"
"1304",1304,"M Cohen"
"1305",1305,"D Massaro"
"1306",1306,"M Matsumuro"
"1307",1307,"M Kurita"
"1308",1308,"G Mills"
"1309",1309,"J Misyak"
"1310",1310,"T Noguchi"
"1311",1311,"N Chater"
"1312",1312,"K Miyashiro"
"1313",1313,"E Harada"
"1314",1314,"J Montag"
"1315",1315,"J Morita"
"1316",1316,"T Hirayama"
"1317",1317,"K Mase"
"1318",1318,"K Yamada"
"1319",1319,"N Faivre"
"1320",1320,"S Kouider"
"1321",1321,"A Nematzadeh"
"1322",1322,"E Grant"
"1323",1323,"P Newall"
"1324",1324,"A O'Leary"
"1325",1325,"V Sloustky"
"1326",1326,"Y Ohmoto"
"1327",1327,"A Matsumoto"
"1328",1328,"T Nishida"
"1329",1329,"K Ohtsu"
"1330",1330,"R Orita"
"1331",1331,"M Hattori"
"1332",1332,"K Otsuka"
"1333",1333,"M Otworowska"
"1334",1334,"M Sweers"
"1335",1335,"R Wellner"
"1336",1336,"D Ozer"
"1337",1337,"I Bostan"
"1338",1338,"A Chatterjee"
"1339",1339,"E Cashdan"
"1340",1340,"R Waring"
"1341",1341,"C White"
"1342",1342,"F Poletiek"
"1343",1343,"R Powers"
"1344",1344,"D Plaut"
"1345",1345,"S Prasada"
"1346",1346,"G Pretzer"
"1347",1347,"S Pronovost"
"1348",1348,"M St-Louis"
"1349",1349,"J Gagnon"
"1350",1350,"J Ramsburg"
"1351",1351,"S Ohlsson"
"1352",1352,"P Milin"
"1353",1353,"R Futrell"
"1354",1354,"K Ransom"
"1355",1355,"W Voorspoels"
"1356",1356,"J Rodny"
"1357",1357,"M Romano"
"1358",1358,"G Namgyal"
"1359",1359,"T Samphel"
"1360",1360,"C Worthman"
"1361",1361,"J Ross"
"1362",1362,"R Balasubramaniam"
"1363",1363,"A Rothe"
"1364",1364,"J Ryu"
"1365",1365,"H Eum"
"1366",1366,"K Lee"
"1367",1367,"C Sabrina"
"1368",1368,"G Tamas"
"1369",1369,"J Richard"
"1370",1370,"C Leana"
"1371",1371,"C Salas"
"1372",1372,"T Sparer"
"1373",1373,"S Velez"
"1374",1374,"T Griffin"
"1375",1375,"A Sanborn"
"1376",1376,"J Tripp"
"1377",1377,"N Stewart"
"1378",1378,"J Bai"
"1379",1379,"C Schonberg"
"1380",1380,"A Sell"
"1381",1381,"T Spehar-Fahey"
"1382",1382,"M Gagliardo"
"1383",1383,"H Shimada"
"1384",1384,"C Sifonis"
"1385",1385,"J Saulter"
"1386",1386,"W Fuss"
"1387",1387,"F Smith"
"1388",1388,"D Reece"
"1389",1389,"P Monaghan"
"1390",1390,"T Farmer"
"1391",1391,"E Soutar-Rau"
"1392",1392,"B Fisher"
"1393",1393,"W Clair"
"1394",1394,"M Stave"
"1395",1395,"E Pederson"
"1396",1396,"A Stull"
"1397",1397,"S Pilkington"
"1398",1398,"T Taira"
"1399",1399,"B Khanukayev"
"1400",1400,"R Schaefer"
"1401",1401,"J Farnsworth"
"1402",1402,"E Kalafus-Mastenbrook"
"1403",1403,"M Berretta"
"1404",1404,"A Tuzhilin"
"1405",1405,"N Agrawal"
"1406",1406,"S Cho"
"1407",1407,"L Unger"
"1408",1408,"P Vajrabhaya"
"1409",1409,"M Vlacholia"
"1410",1410,"K Salta"
"1411",1411,"P Roussos"
"1412",1412,"S Kazi"
"1413",1413,"M Sigalas"
"1414",1414,"C Tsougraki"
"1415",1415,"S Fu"
"1416",1416,"A Wente"
"1417",1417,"Y Cui"
"1418",1418,"E Seiver"
"1419",1419,"L Zhanxing"
"1420",1420,"L Zhu"
"1421",1421,"V Weser"
"1422",1422,"G Finotti"
"1423",1423,"D Proffitt"
"1424",1424,"D White"
"1425",1425,"D Besner"
"1426",1426,"G Broad"
"1427",1427,"T Winner"
"1428",1428,"L Selen"
"1429",1429,"L Verhagen"
"1430",1430,"P Medendorp"
"1431",1431,"B Winter"
"1432",1432,"C Baker"
"1433",1433,"R Yakushijin"
"1434",1434,"S Ueda"
"1435",1435,"S Yan"
"1436",1436,"H Yim"
"1437",1437,"S Dennis"
"1438",1438,"C Bartlett"
"1439",1439,"M Yip"
"1440",1440,"M Wang"
"1441",1441,"P Chen"
"1442",1442,"J Yap"
"1443",1443,"J Chang"
"1444",1444,"M Meyer"
"1445",1445,"J Kwisthout"
"1446",1446,"H Zeigerson"
"1447",1447,"M Zettersten"
"1448",1448,"E Wojcik"
"1449",1449,"V Benitez"
"1450",1450,"J Saffran"
