"","id","label"
"1",1,"E Bonawitz"
"2",2,"F Xu"
"3",3,"E Wittenberg"
"4",4,"M Kline"
"5",5,"J Hartshorne"
"6",6,"T Gao"
"7",7,"C Jiang"
"8",8,"Y Zhu"
"9",9,"Y Zhao"
"10",10,"L Yu"
"11",11,"J McClelland"
"12",12,"S Hansen"
"13",13,"A Saxe"
"14",14,"E Bergelson"
"15",15,"S Khemlani"
"16",16,"G Trafton"
"17",17,"J Trueblood"
"18",18,"J Yearsley"
"19",19,"P Kvam"
"20",20,"Z Wang"
"21",21,"J Busemeyer"
"22",22,"J Suchow"
"23",23,"T Morgan"
"24",24,"J Hamrick"
"25",25,"M Pacer"
"26",26,"S Meylan"
"27",27,"T Griffiths"
"28",28,"T Tenbrink"
"29",29,"N Taatgen"
"30",30,"S Tsuji"
"31",31,"M Lewis"
"32",32,"C Bergmann"
"33",33,"M Frank"
"34",34,"A Cristia"
"35",35,"J Kao"
"36",36,"N Goodman"
"37",37,"N Cohn"
"38",38,"E Coderre"
"39",39,"L Kendall"
"40",40,"J Magliano"
"41",41,"M Goldwater"
"42",42,"Z Horne"
"43",43,"J Loewenstein"
"44",44,"R Goldstone"
"45",45,"R Hawkins"
"46",46,"O Feher"
"47",47,"K Smith"
"48",48,"S Beller"
"49",49,"A Bender"
"50",50,"C Caldwell"
"51",51,"M Christiansen"
"52",52,"K Overmann"
"53",53,"R Perez"
"54",54,"D McNamara"
"55",55,"G Solomon"
"56",56,"W Gray"
"57",57,"L Novick"
"58",58,"M Hegarty"
"59",59,"R Catrambone"
"60",60,"J Pani"
"61",61,"T Shipley"
"62",62,"K Tillman"
"63",63,"K Wagner"
"64",64,"J Chu"
"65",65,"M Imai"
"66",66,"B Malt"
"67",67,"S Widen"
"68",68,"M Shatz"
"69",69,"P Rebuschat"
"70",70,"P Monaghan"
"71",71,"R Gomez"
"72",72,"G Dell"
"73",73,"N Anderson"
"74",74,"C Conway"
"75",75,"M Eisenberg"
"76",76,"J Zacks"
"77",77,"S Flores"
"78",78,"L Howard"
"79",79,"A Woodward"
"80",80,"J Loucks"
"81",81,"A Meltzoff"
"82",82,"R Cooper"
"83",83,"A Wellwood"
"84",84,"J Kuhn"
"85",85,"P Schlenker"
"86",86,"C Geraci"
"87",87,"B Strickland"
"88",88,"S Hespos"
"89",89,"L Rips"
"90",90,"E Husband"
"91",91,"A Williams"
"92",92,"M Tiv"
"93",93,"E Milburn"
"94",94,"T Warren"
"95",95,"S Johnson"
"96",96,"C Edmunds"
"97",97,"A Wills"
"98",98,"M Collins"
"99",99,"K Gluck"
"100",100,"M Walsh"
"101",101,"M Krusmark"
"102",102,"G Gunzelmann"
"103",103,"R Frost"
"104",104,"M Vinos"
"105",105,"A Andrikopoulou"
"106",106,"C Papaeliou"
"107",107,"A Protopapas"
"108",108,"S Fairchild"
"109",109,"A Papafragou"
"110",110,"J Loo"
"111",111,"E Frissen"
"112",112,"E Krahmer"
"113",113,"M Sydow"
"114",114,"N Braus"
"115",115,"N George"
"116",116,"J Kanero"
"117",117,"D Chwilla"
"118",118,"N Nijmegen"
"119",119,"D Weiss"
"120",120,"A Pirrone"
"121",121,"Q Zhang"
"122",122,"S Li"
"123",123,"Y Chang"
"124",124,"S Welbourne"
"125",125,"A Klichowicz"
"126",126,"A Scholz"
"127",127,"S Strehlau"
"128",128,"J Krems"
"129",129,"D Ong"
"130",130,"M Asaba"
"131",131,"H Gweon"
"132",132,"I Croijmans"
"133",133,"A Majid"
"134",134,"J Schoenherr"
"135",135,"R Thomson"
"136",136,"K Soo"
"137",137,"B Rottman"
"138",138,"R Koolen"
"139",139,"A Gatt"
"140",140,"R Gompel"
"141",141,"K Deemter"
"142",142,"J Madsen"
"143",143,"M Lorenzino"
"144",144,"G Gronchi"
"145",145,"C Caudek"
"146",146,"M Matsumuro"
"147",147,"K Miwa"
"148",148,"T Chuk"
"149",149,"A Chan"
"150",150,"S Shimojo"
"151",151,"J Hsiao"
"152",152,"L Unger"
"153",153,"A Fisher"
"154",154,"G Kachergis"
"155",155,"F Berends"
"156",156,"R Kleijn"
"157",157,"B Hommel"
"158",158,"J Kim"
"159",159,"T Huppert"
"160",160,"J Badger"
"161",161,"C Behme"
"162",162,"P Mistry"
"163",163,"M Lee"
"164",164,"B Newell"
"165",165,"S Rao"
"166",166,"Y Wang"
"167",167,"G Cottrell"
"168",168,"H Honda"
"169",169,"T Matsuka"
"170",170,"K Ueda"
"171",171,"Y Peng"
"172",172,"S Thurman"
"173",173,"H Lu"
"174",174,"M Kunda"
"175",175,"M Banani"
"176",176,"J Rehg"
"177",177,"B Sarnecka"
"178",178,"Y Hayashi"
"179",179,"H Terai"
"180",180,"S Huette"
"181",181,"A Mathis"
"182",182,"A Graesser"
"183",183,"H Yazdi"
"184",184,"D Barner"
"185",185,"G Heyman"
"186",186,"M Hong"
"187",187,"D Yeo"
"188",188,"B Rittle-Johnson"
"189",189,"L Fazio"
"190",190,"L Schaeffer"
"191",191,"L Margulieux"
"192",192,"F Fotiadis"
"193",193,"M Fuyama"
"194",194,"S Hidaka"
"195",195,"G Colflesh"
"196",196,"V Karuzis"
"197",197,"P O'Rourke"
"198",198,"N Salay"
"199",199,"D Siven"
"200",200,"T Strandberg"
"201",201,"L Hall"
"202",202,"P Johansson"
"203",203,"P Parnamets"
"204",204,"D Powell"
"205",205,"P Cheng"
"206",206,"M Waldmann"
"207",207,"Y Kenett"
"208",208,"J Austerweil"
"209",209,"B Peloquin"
"210",210,"G Petkov"
"211",211,"M Pavlova"
"212",212,"S Righi"
"213",213,"G Parrini"
"214",214,"L Pierguidi"
"215",215,"M Viggiano"
"216",216,"A Capelier-Mourguy"
"217",217,"K Twomey"
"218",218,"G Westermann"
"219",219,"C Gorman"
"220",220,"A Knott"
"221",221,"S Schroeder"
"222",222,"V Marian"
"223",223,"E Hembacher"
"224",224,"J Zaki"
"225",225,"F Asr"
"226",226,"V Demberg"
"227",227,"K Johannes"
"228",228,"J Powers"
"229",229,"L Couper"
"230",230,"M Silberglitt"
"231",231,"J Davenport"
"232",232,"T Poppels"
"233",233,"R Levy"
"234",234,"T Stafford"
"235",235,"S Jenkins"
"236",236,"A Harris"
"237",237,"M Lark"
"238",238,"S Singh"
"239",239,"A Walk"
"240",240,"H Wang"
"241",241,"Y Sun"
"242",242,"J Smith"
"243",243,"F Costello"
"244",244,"P Watts"
"245",245,"A Maehigashi"
"246",246,"M Oda"
"247",247,"Y Nakamura"
"248",248,"K Mori"
"249",249,"T Igami"
"250",250,"E Jost"
"251",251,"N Brennan"
"252",252,"K Peck"
"253",253,"A Holodny"
"254",254,"C Riano"
"255",255,"F Reali"
"256",256,"M Colombo"
"257",257,"M Nilsenova"
"258",258,"J Sprenger"
"259",259,"R Cao"
"260",260,"R Nosofsky"
"261",261,"R Shiffrin"
"262",262,"D Markant"
"263",263,"A Fox"
"264",264,"M Berg"
"265",265,"E Vries"
"266",266,"P Thorn"
"267",267,"G Schurz"
"268",268,"B Azari"
"269",269,"S Bertel"
"270",270,"C Wuethrich"
"271",271,"N Shipp"
"272",272,"F Vallee-Tourangeau"
"273",273,"S Anthony"
"274",274,"S Petrusz"
"275",275,"T Rhodes"
"276",276,"J Shields"
"277",277,"A Munroe"
"278",278,"J Ye"
"279",279,"J Walker"
"280",280,"M Haque"
"281",281,"P Vogt"
"282",282,"A Alishahi"
"283",283,"C Dimov"
"284",284,"K Lippa"
"285",285,"V Shalin"
"286",286,"M Kaesler"
"287",287,"M Welsh"
"288",288,"C Semmler"
"289",289,"G Jenkins"
"290",290,"P Tupper"
"291",291,"J Vitale"
"292",292,"M Williams"
"293",293,"B Johnston"
"294",294,"Z Harmon"
"295",295,"V Kapatsinski"
"296",296,"E Fischer"
"297",297,"P Engelhardt"
"298",298,"M Takac"
"299",299,"J Chin"
"300",300,"E Stine-Morrow"
"301",301,"S Steacy"
"302",302,"S Begg"
"303",303,"D Navarro"
"304",304,"K Loo"
"305",305,"J Rij"
"306",306,"J Jarvikivi"
"307",307,"H Baayen"
"308",308,"J Blass"
"309",309,"K Forbus"
"310",310,"K Hawthorne"
"311",311,"A Arnhold"
"312",312,"E Sullivan"
"313",313,"M Rooij"
"314",314,"H Atmanspacher"
"315",315,"J Kornmeier"
"316",316,"F Medicine"
"317",317,"T Shu"
"318",318,"D Chen"
"319",319,"S Zhu"
"320",320,"A Rodriguez"
"321",321,"M Burigo"
"322",322,"P Knoeferle"
"323",323,"M Hurst"
"324",324,"C Relander"
"325",325,"S Cordes"
"326",326,"N Corbett"
"327",327,"J Booth"
"328",328,"C Barbieri"
"329",329,"L Young"
"330",330,"S Thomas"
"331",331,"H Karnick"
"332",332,"D Freudenthal"
"333",333,"J Pine"
"334",334,"G Jones"
"335",335,"F Gobet"
"336",336,"Z Qian"
"337",337,"S Cheyette"
"338",338,"E Konstantinidis"
"339",339,"J Harman"
"340",340,"C Gonzalez"
"341",341,"D Menager"
"342",342,"D Choi"
"343",343,"S Desai"
"344",344,"S Reimers"
"345",345,"D Lagnado"
"346",346,"T Miser"
"347",347,"V Sloutsky"
"348",348,"E Kim"
"349",349,"S Gimbel"
"350",350,"A Litvinova"
"351",351,"J Kaplan"
"352",352,"M Dehghani"
"353",353,"A Cohen"
"354",354,"B Lake"
"355",355,"I Doesburg"
"356",356,"S Tan"
"357",357,"K Muldner"
"358",358,"J Lefevre"
"359",359,"A Fourtassi"
"360",360,"E Dupoux"
"361",361,"M Destefano"
"362",362,"N Toyama"
"363",363,"K Cooperrider"
"364",364,"D Gentner"
"365",365,"S Goldin-Meadow"
"366",366,"L Marti"
"367",367,"S Piantadosi"
"368",368,"F Mollica"
"369",369,"C Kidd"
"370",370,"M Grinberg"
"371",371,"E Hristova"
"372",372,"V Kadreva"
"373",373,"S Bridgers"
"374",374,"J Jara-Ettinger"
"375",375,"N Akhavan"
"376",376,"T Goksun"
"377",377,"N Nozari"
"378",378,"E Konovalova"
"379",379,"G Mens"
"380",380,"S Yoon"
"381",381,"N Fong"
"382",382,"N Dahlback"
"383",383,"M Kristiansson"
"384",384,"K Ross"
"385",385,"T Lew"
"386",386,"E Vul"
"387",387,"D Kim"
"388",388,"J Opfer"
"389",389,"C Derringer"
"390",390,"S Crossley"
"391",391,"M Dascalu"
"392",392,"S Trausan-Matu"
"393",393,"L Allen"
"394",394,"A Wente"
"395",395,"T Ting"
"396",396,"R Aboody"
"397",397,"T Kushnir"
"398",398,"A Gopnik"
"399",399,"H Kim"
"400",400,"F Keil"
"401",401,"M Grigoroglou"
"402",402,"M Lhommet"
"403",403,"S Marsella"
"404",404,"K Kodama"
"405",405,"Y Kikuchi"
"406",406,"H Yamagiwa"
"407",407,"T Icard"
"408",408,"J Knobe"
"409",409,"J Nagel"
"410",410,"S Stephan"
"411",411,"K Godwin"
"412",412,"H Seltman"
"413",413,"M Almeda"
"414",414,"S Kai"
"415",415,"R Baker"
"416",416,"J Moon"
"417",417,"M Lamar"
"418",418,"C Forsyth"
"419",419,"M Keehner"
"420",420,"D Benton"
"421",421,"D Rakison"
"422",422,"C McFate"
"423",423,"P Crone"
"424",424,"M Walker"
"425",425,"M Ciraolo"
"426",426,"A Dewald"
"427",427,"S Sinnett"
"428",428,"C Chan"
"429",429,"J Wong"
"430",430,"T Lee"
"431",431,"M Si"
"432",432,"J McDaniel"
"433",433,"P Thibodeau"
"434",434,"D Myers"
"435",435,"S Flusberg"
"436",436,"H Walin"
"437",437,"S O'Grady"
"438",438,"A Besserman"
"439",439,"E Kaiser"
"440",440,"T Sugimoto"
"441",441,"M Carbajal"
"442",442,"R Fer"
"443",443,"Q Sun"
"444",444,"M Gibbert"
"445",445,"T Hills"
"446",446,"E Nowak"
"447",447,"R Dale"
"448",448,"R Fusaroli"
"449",449,"K Tylen"
"450",450,"J Raczaszek-Leonardi"
"451",451,"D Wulff"
"452",452,"M Lachman"
"453",453,"R Mata"
"454",454,"S Jimenez"
"455",455,"K Ryan"
"456",456,"M Saylor"
"457",457,"D Barkoczi"
"458",458,"P Analytis"
"459",459,"C Wu"
"460",460,"X Zhao"
"461",461,"B Malle"
"462",462,"T Komatsu"
"463",463,"S Yamada"
"464",464,"S Harding"
"465",465,"T Boyer"
"466",466,"B Bertenthal"
"467",467,"E Sovansky"
"468",468,"S Ohlsson"
"469",469,"L Moralez"
"470",470,"L Favela"
"471",471,"E Wiese"
"472",472,"R Patel"
"473",473,"K Koedinger"
"474",474,"K Nakamura"
"475",475,"N Velez"
"476",476,"Y Leong"
"477",477,"C Pan"
"478",478,"R Furutani"
"479",479,"Y Seino"
"480",480,"T Tezuka"
"481",481,"T Satoh"
"482",482,"A Baltaretu"
"483",483,"A Maes"
"484",484,"Y Luo"
"485",485,"J Zhao"
"486",486,"A Bloomfield"
"487",487,"J Harbison"
"488",488,"S Campbell"
"489",489,"P Bradley"
"490",490,"L Saner"
"491",491,"R Hass"
"492",492,"B Rehder"
"493",493,"Z Davis"
"494",494,"J Butepage"
"495",495,"H Kjellstrom"
"496",496,"D Kragic"
"497",497,"A Zeveney"
"498",498,"J Marsh"
"499",499,"L Perry"
"500",500,"E Mech"
"501",501,"M MacDonald"
"502",502,"M Seidenberg"
"503",503,"S Brueggemann"
"504",504,"R Shao"
"505",505,"A Barton"
"506",506,"A Murakami"
"507",507,"T Alexopoulou"
"508",508,"B Pitt"
"509",509,"D Casasanto"
"510",510,"A Gilman"
"511",511,"D Roney"
"512",512,"V Rehr"
"513",513,"H Hu"
"514",514,"M Peterson"
"515",515,"F Djalal"
"516",516,"W Voorspoels"
"517",517,"T Heyman"
"518",518,"G Storms"
"519",519,"J Deocampo"
"520",520,"R Castillo"
"521",521,"T Waltzer"
"522",522,"H Kloos"
"523",523,"Y Yu"
"524",524,"P Shafto"
"525",525,"J Willits"
"526",526,"M Jones"
"527",527,"N Cruz"
"528",528,"D Over"
"529",529,"M Oaksford"
"530",530,"J Baratgin"
"531",531,"C Qing"
"532",532,"D Lassiter"
"533",533,"C Jong"
"534",534,"S Sharma"
"535",535,"B Komer"
"536",536,"T Stewart"
"537",537,"C Eliasmith"
"538",538,"P Byers"
"539",539,"F Zarl"
"540",540,"D Fum"
"541",541,"E Schulz"
"542",542,"Q Huys"
"543",543,"D Bach"
"544",544,"M Speekenbrink"
"545",545,"A Krause"
"546",546,"F Gervits"
"547",547,"M Johanson"
"548",548,"G Cassani"
"549",549,"R Grimm"
"550",550,"S Gillis"
"551",551,"W Daelemans"
"552",552,"M Ho"
"553",553,"J MacGlashan"
"554",554,"A Greenwald"
"555",555,"M Littman"
"556",556,"E Hilliard"
"557",557,"C Trimbach"
"558",558,"S Brawner"
"559",559,"J Tenenbaum"
"560",560,"M Kleiman-Weiner"
"561",561,"R Hendricks"
"562",562,"L Boroditsky"
"563",563,"J Bryson"
"564",564,"P Rauwolf"
"565",565,"C Massey"
"566",566,"J Kregor"
"567",567,"L Cosgrove"
"568",568,"H Lee"
"569",569,"G Ortega"
"570",570,"A Ozyurek"
"571",571,"N Patson"
"572",572,"D Mirman"
"573",573,"B Tomm"
"574",574,"E Searle"
"575",575,"J Vonk"
"576",576,"B Brothers"
"577",577,"G Roberts"
"578",578,"B Langstein"
"579",579,"B Galantucci"
"580",580,"J Zemla"
"581",581,"S Steiner"
"582",582,"S Sloman"
"583",583,"M Ghafurian"
"584",584,"D Reitter"
"585",585,"W Hopper"
"586",586,"D Huber"
"587",587,"M Woensdregt"
"588",588,"S Kirby"
"589",589,"C Cummins"
"590",590,"S Rivera"
"591",591,"D Smithwick"
"592",592,"L Sass"
"593",593,"D Kirsh"
"594",594,"M Overlan"
"595",595,"R Jacobs"
"596",596,"I Yildirim"
"597",597,"M Siegel"
"598",598,"H Gros"
"599",599,"E Sander"
"600",600,"J Thibaut"
"601",601,"A Romberg"
"602",602,"H Haarmann"
"603",603,"B Shahriari"
"604",604,"Z Azar"
"605",605,"A Backus"
"606",606,"B Rogers"
"607",607,"D Landy"
"608",608,"S Gelman"
"609",609,"A Nematzadeh"
"610",610,"F Miscevic"
"611",611,"S Stevenson"
"612",612,"T Mandalaywala"
"613",613,"M Rhodes"
"614",614,"B Johns"
"615",615,"R Jamieson"
"616",616,"M Crump"
"617",617,"D Mewhort"
"618",618,"J Kosie"
"619",619,"D Baldwin"
"620",620,"A Kocab"
"621",621,"A Senghas"
"622",622,"J Snedeker"
"623",623,"B French"
"624",624,"Y Glady"
"625",625,"O Iain"
"626",626,"A Stubblefield"
"627",627,"L Fournier"
"628",628,"K Hitczenko"
"629",629,"N Feldman"
"630",630,"G Oliveira"
"631",631,"E Postma"
"632",632,"M Postma-Nilsenova"
"633",633,"Y Abbasi"
"634",634,"D kar"
"635",635,"N Sintov"
"636",636,"M Tambe"
"637",637,"N Ben-Asher"
"638",638,"D Morrison"
"639",639,"J Szary"
"640",640,"J Campos"
"641",641,"A Paiva"
"642",642,"P Wang"
"643",643,"D Kelly"
"644",644,"J Davies"
"645",645,"A Yazbec"
"646",646,"M Kaschak"
"647",647,"A Borovsky"
"648",648,"L Li"
"649",649,"V Malave"
"650",650,"A Song"
"651",651,"A Yu"
"652",652,"D Vinson"
"653",653,"J Bunce"
"654",654,"D Abney"
"655",655,"C Gordon"
"656",656,"M Spivey"
"657",657,"R Scott"
"658",658,"A Ettinger"
"659",659,"P Resnik"
"660",660,"C Phillips"
"661",661,"L Speed"
"662",662,"W Nan"
"663",663,"X Liu"
"664",664,"R Boghrati"
"665",665,"J Hoover"
"666",666,"K Johnson"
"667",667,"J Garten"
"668",668,"L Raviv"
"669",669,"I Arnon"
"670",670,"M Lloyd-Kelly"
"671",671,"P Lane"
"672",672,"G Smith"
"673",673,"G Valdez"
"674",674,"J Purdy"
"675",675,"P Cho"
"676",676,"P Smolensky"
"677",677,"T Ullman"
"678",678,"S Gershman"
"679",679,"T Li"
"680",680,"S Chung"
"681",681,"P Bello"
"682",682,"W Bridewell"
"683",683,"C Wasylyshyn"
"684",684,"M Tokita"
"685",685,"A Ishiguchi"
"686",686,"P Iyiewuare"
"687",687,"M Berretta"
"688",688,"E Foster-Hanson"
"689",689,"S Leslie"
"690",690,"S Musslick"
"691",691,"B Dey"
"692",692,"K Ozcimder"
"693",693,"M Patwary"
"694",694,"T Willke"
"695",695,"J Cohen"
"696",696,"M Amon"
"697",697,"J Holden"
"698",698,"D Chesney"
"699",699,"E Nikitin"
"700",700,"D Lee"
"701",701,"K Kim"
"702",702,"P Blouw"
"703",703,"B Tripp"
"704",704,"G Cox"
"705",705,"A Criss"
"706",706,"N Chernyak"
"707",707,"B Sandham"
"708",708,"P Harris"
"709",709,"Y Xu"
"710",710,"A Landrum"
"711",711,"J Hilgard"
"712",712,"H Akin"
"713",713,"N Li"
"714",714,"D Kahan"
"715",715,"M Freund"
"716",716,"B Gordon"
"717",717,"S Bambach"
"718",718,"D Crandall"
"719",719,"L Smith"
"720",720,"C Yu"
"721",721,"D Peeters"
"722",722,"M Kryven"
"723",723,"W Cowan"
"724",724,"M Tessler"
"725",725,"J Zevin"
"726",726,"T Mintz"
"727",727,"D Broniatowski"
"728",728,"V Reyna"
"729",729,"A Hostetter"
"730",730,"M Wieth"
"731",731,"K Foster"
"732",732,"K Moreno"
"733",733,"J Washington"
"734",734,"M Braginsky"
"735",735,"D Yurovsky"
"736",736,"V Marchman"
"737",737,"R Foushee"
"738",738,"M Srinivasan"
"739",739,"H Miller"
"740",740,"V Simmering"
"741",741,"E Suffill"
"742",742,"M Pickering"
"743",743,"H Branigan"
"744",744,"H Kotabe"
"745",745,"O Kardan"
"746",746,"M Berman"
"747",747,"S Chen"
"748",748,"D Bartels"
"749",749,"O Urminsky"
"750",750,"K Hamamouche"
"751",751,"A Loehr"
"752",752,"L Niemi"
"753",753,"T Gerstenberg"
"754",754,"A Geana"
"755",755,"R Wilson"
"756",756,"N Daw"
"757",757,"O Rasanen"
"758",758,"T Nagamine"
"759",759,"N Mesgarani"
"760",760,"M Dye"
"761",761,"M Ramscar"
"762",762,"L Sikos"
"763",763,"F Durgin"
"764",764,"Y Asano"
"765",765,"A Weber"
"766",766,"R Zhang"
"767",767,"J Wu"
"768",768,"C Zhang"
"769",769,"W Freeman"
"770",770,"C Gumbsch"
"771",771,"J Kneissler"
"772",772,"M Butz"
"773",773,"J Kubricht"
"774",774,"D Terzopoulos"
"775",775,"M Mielicki"
"776",776,"J Wiley"
"777",777,"S Beck"
"778",778,"G Lockwood"
"779",779,"P Hagoort"
"780",780,"M Dingemanse"
"781",781,"E Hopkins"
"782",782,"D Weisberg"
"783",783,"J Taylor"
"784",784,"S Suanda"
"785",785,"A Starr"
"786",786,"R Roberts"
"787",787,"E Brannon"
"788",788,"N Lester"
"789",789,"R Weber"
"790",790,"S Forestier"
"791",791,"P Oudeyer"
"792",792,"B Kerster"
"793",793,"C Kello"
"794",794,"I Bostan"
"795",795,"A Borutecene"
"796",796,"O Ozcan"
"797",797,"D Link"
"798",798,"J Marewski"
"799",799,"U Priva"
"800",800,"E Gleason"
"801",801,"J Lai"
"802",802,"D Gao"
"803",803,"R Huang"
"804",804,"K Jun"
"805",805,"S Croker"
"806",806,"J Jordan"
"807",807,"D Schloesser"
"808",808,"V Cialdella"
"809",809,"A Dayer"
"810",810,"C Richter"
"811",811,"H Salgado"
"812",812,"A Jansen"
"813",813,"M Richter"
"814",814,"J Lins"
"815",815,"G Schoener"
"816",816,"S Bhatia"
"817",817,"G Loomes"
"818",818,"M Sirota"
"819",819,"G Vallee-Tourangeau"
"820",820,"A White"
"821",821,"S Verheyen"
"822",822,"R Barbu"
"823",823,"I Toivonen"
"824",824,"M Zhang"
"825",825,"G Sala"
"826",826,"R Trinchero"
"827",827,"S Ventura"
"828",828,"D Wilkenfeld"
"829",829,"J Asselin"
"830",830,"T Lombrozo"
"831",831,"R Thorstad"
"832",832,"P Wolff"
"833",833,"T Xu"
"834",834,"K Begolli"
"835",835,"B Herd"
"836",836,"H Sayonno"
"837",837,"S Jaeggi"
"838",838,"L Richland"
"839",839,"S Aubin"
"840",840,"A Voelker"
"841",841,"Y Zhang"
"842",842,"F Sun"
"843",843,"L Schulz"
"844",844,"I Eisenberg"
"845",845,"R Poldrack"
"846",846,"M Rabovsky"
"847",847,"A Rothe"
"848",848,"T Gureckis"
"849",849,"R Liu"
"850",850,"F Lieder"
"851",851,"T Brochhagen"
"852",852,"M Franke"
"853",853,"R Rooij"
"854",854,"P Sadil"
"855",855,"R Cowell"
"856",856,"G Doyle"
"857",857,"A Shtulman"
"858",858,"C Morgan"
"859",859,"L Onnis"
"860",860,"S Frank"
"861",861,"H Yun"
"862",862,"M Lou-Magnuson"
"863",863,"M Salomon"
"864",864,"S Gualtieri"
"865",865,"S Denison"
"866",866,"M Mozuraitis"
"867",867,"D Heller"
"868",868,"L Eghbalzad"
"869",869,"T Kershaw"
"870",870,"R Peterson"
"871",871,"S Bhowmick"
"872",872,"M Novack"
"873",873,"E Wakefield"
"874",874,"E Congdon"
"875",875,"S Franconeri"
"876",876,"J Daamen"
"877",877,"M Vugt"
"878",878,"K Leech"
"879",879,"M Rowe"
"880",880,"P Johnson-Laird"
"881",881,"K Takano"
"882",882,"A Utsumi"
"883",883,"I Kajic"
"884",884,"J Gosmann"
"885",885,"T Wennekers"
"886",886,"T Buwalda"
"887",887,"J Borst"
"888",888,"K Apfelbaum"
"889",889,"C Robinson"
"890",890,"K Chadwick"
"891",891,"J Parker"
"892",892,"A Rotaru"
"893",893,"G Vigliocco"
"894",894,"C Vesper"
"895",895,"L Schmitz"
"896",896,"G Knoblich"
"897",897,"I Paul"
"898",898,"N Reinholtz"
"899",899,"C Tseng"
"900",900,"A Carstensen"
"901",901,"T Regier"
"902",902,"F Milton"
"903",903,"B Zinszer"
"904",904,"A Anderson"
"905",905,"R Raizada"
"906",906,"B Beekhuizen"
"907",907,"C Graf"
"908",908,"J Degen"
"909",909,"J Chen"
"910",910,"F Huettig"
"911",911,"C Sims"
"912",912,"Z Ma"
"913",913,"S Allred"
"914",914,"R Lerch"
"915",915,"J Flombaum"
"916",916,"L Doumas"
"917",917,"A Martin"
"918",918,"N Srivastava"
"919",919,"J Mueller-Trede"
"920",920,"P Schrater"
"921",921,"T Matsuzaki"
"922",922,"M Kobayashi"
"923",923,"N Arai"
"924",924,"J Landy"
"925",925,"E Grant"
"926",926,"D Shapiro"
"927",927,"K Collister"
"928",928,"K Schuler"
"929",929,"C Yang"
"930",930,"E Newport"
"931",931,"D Finch"
"932",932,"P Carvalho"
"933",933,"J Patterson"
"934",934,"K Kurtz"
"935",935,"E Pothos"
"936",936,"D Kleinschmidt"
"937",937,"T Jaeger"
"938",938,"B Pang"
"939",939,"K Byrne"
"940",940,"D Worthy"
"941",941,"J Peterson"
"942",942,"J Abbott"
"943",943,"P Khooshabeh"
"944",944,"R Lin"
"945",945,"C Melo"
"946",946,"J Gratch"
"947",947,"B Ouimette"
"948",948,"J Blascovich"
"949",949,"N Conaway"
"950",950,"T Marghetis"
"951",951,"A Kumcu"
"952",952,"R Thompson"
"953",953,"M Zhan"
"954",954,"A Kehler"
"955",955,"L Kersten"
"956",956,"R West"
"957",957,"A Brook"
"958",958,"V Veksler"
"959",959,"N Buchler"
"960",960,"Z Sim"
"961",961,"E Walker"
"962",962,"B Bergen"
"963",963,"R Nunez"
"964",964,"R Schneider"
"965",965,"C Wilson"
"966",966,"B Landau"
"967",967,"A Mishler"
"968",968,"T Wallsten"
"969",969,"C Sun"
"970",970,"P Hendrix"
"971",971,"K MacDonald"
"972",972,"D Salvucci"
"973",973,"T Kujala"
"974",974,"W Vong"
"975",975,"A Hendrickson"
"976",976,"A Perfors"
"977",977,"C Perret"
"978",978,"S Kakouros"
"979",979,"K Allen"
"980",980,"F Sense"
"981",981,"R Meijer"
"982",982,"H Rijn"
"983",983,"C Hoyos"
"984",984,"S Wiraatmadja"
"985",985,"E Roby"
"986",986,"B Meder"
"987",987,"A Hafri"
"988",988,"J Trueswell"
"989",989,"G Erdogan"
"990",990,"M Halbrugge"
"991",991,"M Quade"
"992",992,"K Engelbrecht"
"993",993,"J Calvillo"
"994",994,"H Brouwer"
"995",995,"M Crocker"
"996",996,"N Bramley"
"997",997,"T Brauner"
"998",998,"P Blackburn"
"999",999,"I Polyanskaya"
"1000",1000,"F Martin"
"1001",1001,"B Sneller"
"1002",1002,"E Bigelow"
"1003",1003,"Y Gu"
"1004",1004,"Y Zheng"
"1005",1005,"M Swerts"
"1006",1006,"T Verhoef"
"1007",1007,"S Rupp"
"1008",1008,"M Ramasubramanian"
"1009",1009,"J Gerwien"
"1010",1010,"M Flecken"
"1011",1011,"M Herbstritt"
"1012",1012,"J Irvin"
"1013",1013,"D Spokoyny"
"1014",1014,"P Matthews"
"1015",1015,"R Meng"
"1016",1016,"E Toomarian"
"1017",1017,"E Hubbard"
"1018",1018,"A Trapp"
"1019",1019,"M Thuring"
"1020",1020,"N Vasilyeva"
"1021",1021,"T Blanchard"
"1022",1022,"F Dablander"
"1023",1023,"A Schoeller"
"1024",1024,"E Bennett"
"1025",1025,"A Ruggeri"
"1026",1026,"M Jacovina"
"1027",1027,"E Wnuk"
"1028",1028,"G Honke"
"1029",1029,"D Nagy"
"1030",1030,"G Orban"
"1031",1031,"N Ma"
"1032",1032,"P Cheung"
"1033",1033,"M Dale"
"1034",1034,"M Corre"
"1035",1035,"T Gijssels"
"1036",1036,"J Kralik"
"1037",1037,"D Shi"
"1038",1038,"O El-Shroa"
"1039",1039,"L Ray"
"1040",1040,"J Bartolotti"
"1041",1041,"K Weisman"
"1042",1042,"C Dweck"
"1043",1043,"E Markman"
"1044",1044,"B Wahn"
"1045",1045,"P Konig"
"1046",1046,"M Tamariz"
"1047",1047,"J Carr"
"1048",1048,"A Valenti"
"1049",1049,"M Brady"
"1050",1050,"M Scheutz"
"1051",1051,"P Holcomb"
"1052",1052,"H Pu"
"1053",1053,"E Yoon"
"1054",1054,"N Craycraft"
"1055",1055,"Z Kriegel"
"1056",1056,"M Tanenhaus"
"1057",1057,"J Roche"
"1058",1058,"A Nordmeyer"
"1059",1059,"G Zhou"
"1060",1060,"C Lynch"
"1061",1061,"T Price"
"1062",1062,"T Barnes"
"1063",1063,"M Chi"
"1064",1064,"R Vromans"
"1065",1065,"E Slusser"
"1066",1066,"A Shusterman"
"1067",1067,"A Coenen"
"1068",1068,"I Danileiko"
"1069",1069,"H Azab"
"1070",1070,"D Ruskin"
"1071",1071,"B Kotchoubey"
"1072",1072,"J Pustejovsky"
"1073",1073,"N Krishnaswamy"
"1074",1074,"P Langley"
"1075",1075,"E Cibelli"
"1076",1076,"Y Chen"
"1077",1077,"R Enns"
"1078",1078,"E Nicoladis"
"1079",1079,"A Yuan"
"1080",1080,"T Wu"
"1081",1081,"J Lee"
"1082",1082,"Y Choi"
"1083",1083,"I Katz"
"1084",1084,"S Mascarenhas"
"1085",1085,"P Koralus"
"1086",1086,"A Leshinskaya"
"1087",1087,"S Thompson-Schill"
"1088",1088,"K Do"
"1089",1089,"J Gu"
"1090",1090,"K Yoo"
"1091",1091,"C Chen"
"1092",1092,"Y Dunham"
"1093",1093,"P Blake"
"1094",1094,"E Lapidow"
"1095",1095,"J Ziegler"
"1096",1096,"D Silliman"
"1097",1097,"A Harrison"
"1098",1098,"Q Lu"
"1099",1099,"T Rogers"
"1100",1100,"M Bolognese"
"1101",1101,"G Barsuola"
"1102",1102,"M Signorelli"
"1103",1103,"J Misyak"
"1104",1104,"T Noguchi"
"1105",1105,"N Chater"
"1106",1106,"T Mizuguchi"
"1107",1107,"E Kimel"
"1108",1108,"M Ahissar"
"1109",1109,"J Kolesari"
"1110",1110,"L Carlson"
"1111",1111,"N Livingston"
"1112",1112,"A Bernatskiy"
"1113",1113,"K Livingston"
"1114",1114,"M Smith"
"1115",1115,"J Schwarz"
"1116",1116,"J Bongard"
"1117",1117,"D Wallach"
"1118",1118,"E Altiero"
"1119",1119,"J Long"
"1120",1120,"C Uscianowski"
"1121",1121,"C Freeman"
"1122",1122,"H Ginsburg"
"1123",1123,"N Sebanz"
"1124",1124,"R Prather"
"1125",1125,"S Heverly-Fitt"
"1126",1126,"K Swallow"
"1127",1127,"A Candan"
"1128",1128,"J Kemp"
"1129",1129,"E Kitrick"
"1130",1130,"K Hirsh-Pasek"
"1131",1131,"K Holmes"
"1132",1132,"H Miyata"
"1133",1133,"H Suzuki"
"1134",1134,"F Nonnenmacher"
"1135",1135,"H Vlach"
"1136",1136,"M Fleming"
"1137",1137,"P Maglio"
"1138",1138,"N Kacinik"
"1139",1139,"N Wu"
"1140",1140,"T Engelthaler"
"1141",1141,"D Hall"
"1142",1142,"T Ferretti"
"1143",1143,"J Hong"
"1144",1144,"D Braithwaite"
"1145",1145,"R Siegler"
"1146",1146,"A Deslauriers"
"1147",1147,"M Schlesinger"
"1148",1148,"R Richert"
"1149",1149,"J Franchak"
"1150",1150,"E Munnich"
"1151",1151,"E Weinberger"
"1152",1152,"A Hoffmann"
"1153",1153,"C Tenison"
"1154",1154,"J Anderson"
"1155",1155,"L Grimm"
"1156",1156,"N Spanola"
"1157",1157,"S Loui"
"1158",1158,"K Levering"
"1159",1159,"N Shaman"
"1160",1160,"A Saide"
"1161",1161,"A Warlaumont"
"1162",1162,"G Pretzer"
"1163",1163,"A He"
"1164",1164,"S Arunachalam"
"1165",1165,"R Ross"
"1166",1166,"L Child"
"1167",1167,"C Tay"
"1168",1168,"H Don"
"1169",1169,"E Livesey"
"1170",1170,"R Yakushijin"
"1171",1171,"K Endo"
"1172",1172,"M Young"
"1173",1173,"J Groos"
"1174",1174,"S Cox"
"1175",1175,"J Cevora"
"1176",1176,"M Lengyel"
"1177",1177,"R Henson"
"1178",1178,"C Jensen"
"1179",1179,"J Sullivan"
"1180",1180,"J Boucher"
"1181",1181,"R Goodkind"
"1182",1182,"R Kiefer"
"1183",1183,"R Skyer"
"1184",1184,"K Williams"
"1185",1185,"E Sagi"
"1186",1186,"H Jabotinsky"
"1187",1187,"G Jackson"
"1188",1188,"K Castellano"
"1189",1189,"D Zapata-Rivera"
"1190",1190,"D Leeds"
"1191",1191,"I Iotzov"
"1192",1192,"O Wassing"
"1193",1193,"M Penner-Wilger"
"1194",1194,"T Dunn"
"1195",1195,"E Risko"
"1196",1196,"R Mayrhofer"
"1197",1197,"S Weiss"
"1198",1198,"P Marshall"
"1199",1199,"M Faber"
"1200",1200,"C Mills"
"1201",1201,"K Kopp"
"1202",1202,"S D'mello"
"1203",1203,"J Tripp"
"1204",1204,"A Sanborn"
"1205",1205,"N Stewart"
"1206",1206,"S Wallot"
"1207",1207,"J Grabowski"
"1208",1208,"K Goedert"
"1209",1209,"C Willett"
"1210",1210,"R Blattner"
"1211",1211,"R Berg"
"1212",1212,"W Ma"
"1213",1213,"Y Moon"
"1214",1214,"H Jo"
"1215",1215,"J Ryu"
"1216",1216,"B Montambault"
"1217",1217,"C Lucas"
"1218",1218,"L Slone"
"1219",1219,"C Baer"
"1220",1220,"D Odic"
"1221",1221,"C Lien"
"1222",1222,"Y Tzneg"
"1223",1223,"H Chien"
"1224",1224,"A Putten"
"1225",1225,"C Strassmann"
"1226",1226,"N Kramer"
"1227",1227,"B Mede"
"1228",1228,"R Balasubramaniam"
"1229",1229,"K Ferrara"
"1230",1230,"A Danek"
"1231",1231,"S Menard"
"1232",1232,"L Daoust"
"1233",1233,"T Griffin"
"1234",1234,"A Jaeger"
"1235",1235,"D Sarmento"
"1236",1236,"O Pereira"
"1237",1237,"J Toscano"
"1238",1238,"J Andrews"
"1239",1239,"C Larson"
"1240",1240,"S Vrabic"
"1241",1241,"E Nordeen"
"1242",1242,"E Cranford"
"1243",1243,"A Wong"
"1244",1244,"J Durriseau"
"1245",1245,"K Barnes"
"1246",1246,"W Jones"
"1247",1247,"G Bradshaw"
"1248",1248,"J Moss"
"1249",1249,"A Paxton"
"1250",1250,"K Castellanos"
"1251",1251,"G Sepulveda"
"1252",1252,"J Siklos-Whillans"
"1253",1253,"S Snoddy"
"1254",1254,"J Jeong"
"1255",1255,"D Frye"
"1256",1256,"J Schneider"
"1257",1257,"S Abbaspour"
"1258",1258,"T Cacchione"
"1259",1259,"V Scharp"
"1260",1260,"C Tompkins"
"1261",1261,"M Dickey"
"1262",1262,"D Noelle"
"1263",1263,"J Brodsky"
"1264",1264,"C Quam"
"1265",1265,"S Creel"
"1266",1266,"J Huang"
"1267",1267,"B Klimek"
"1268",1268,"A Brandone"
"1269",1269,"E Russell"
"1270",1270,"C Schonberg"
"1271",1271,"S Barreiro"
"1272",1272,"J Hart"
"1273",1273,"C Johnson"
"1274",1274,"N Duran"
"1275",1275,"E Lobato"
"1276",1276,"C Zimmerman"
"1277",1277,"A Li"
"1278",1278,"B Nelligan"
"1279",1279,"A Amorati"
"1280",1280,"D Adams"
"1281",1281,"C Galeucia"
"1282",1282,"A Marquis"
"1283",1283,"B Rossion"
"1284",1284,"M Moulson"
"1285",1285,"P Patel"
"1286",1286,"S Varma"
"1287",1287,"W Kennedy"
"1288",1288,"L Yang"
"1289",1289,"D White"
"1290",1290,"D Besner"
"1291",1291,"S Yuceil"
"1292",1292,"D Gokcay"
"1293",1293,"A Belardinelli"
"1294",1294,"J Lohmann"
"1295",1295,"A Goldstein"
"1296",1296,"I Rivlin"
"1297",1297,"R Hassin"
"1298",1298,"B Jee"
"1299",1299,"F Anggoro"
"1300",1300,"N Evans"
"1301",1301,"C Murphy"
"1302",1302,"J Tran"
"1303",1303,"C Morano"
"1304",1304,"A McCarthy"
"1305",1305,"V Jackson"
"1306",1306,"E Khosroshahi"
"1307",1307,"H Farkas"
"1308",1308,"N Brezack"
"1309",1309,"H Konishi"
"1310",1310,"R Golinkoff"
"1311",1311,"H Vankrunkelsven"
"1312",1312,"S Deyne"
"1313",1313,"A Ahmed"
"1314",1314,"A Nazareth"
"1315",1315,"D Burnetta"
"1316",1316,"M Abozeed"
"1317",1317,"N Newcombe"
"1318",1318,"S Deng"
"1319",1319,"J Mu"
"1320",1320,"T O'Donnell"
"1321",1321,"B Kim"
"1322",1322,"J Korman"
"1323",1323,"J Olds"
"1324",1324,"E Isbilen"
"1325",1325,"U Krishnamurthy"
"1326",1326,"S Dmello"
"1327",1327,"R Cherng"
"1328",1328,"H Chen"
"1329",1329,"C Cho"
"1330",1330,"J Verbos"
"1331",1331,"S Wallace"
"1332",1332,"A Kranjec"
"1333",1333,"R Rhodes"
"1334",1334,"E Pederson"
"1335",1335,"Y Li"
"1336",1336,"R Hertwig"
"1337",1337,"S Prasada"
"1338",1338,"J Neal"
"1339",1339,"K Wiemer"
"1340",1340,"R Zhu"
"1341",1341,"J Hochmann"
"1342",1342,"S Sanborn"
"1343",1343,"S Carey"
"1344",1344,"J Brand"
"1345",1345,"S Tubridy"
"1346",1346,"J Bauer"
"1347",1347,"A Booth"
"1348",1348,"C Legare"
"1349",1349,"P Paul"
"1350",1350,"T Levari"
"1351",1351,"D Hardenbergh"
"1352",1352,"A O'Leary"
"1353",1353,"C Myers"
"1354",1354,"A Halsey"
"1355",1355,"J Harris"
"1356",1356,"H Abel"
"1357",1357,"A Drummey"
"1358",1358,"S Vicari"
"1359",1359,"I Kan"
"1360",1360,"M Bixter"
"1361",1361,"C Luhmann"
"1362",1362,"C Wasserman"
"1363",1363,"E Large"
"1364",1364,"E Skoe"
"1365",1365,"M Hamana"
"1366",1366,"K Darby"
"1367",1367,"T Robbins"
"1368",1368,"P Hemmer"
"1369",1369,"M Petersen"
"1370",1370,"J Phillips"
"1371",1371,"F Cushman"
"1372",1372,"T Jin"
"1373",1373,"M Lamnina"
"1374",1374,"S Pruden"
"1375",1375,"S Duffy"
"1376",1376,"L Crawford"
"1377",1377,"G Mills"
"1378",1378,"G Redeker"
"1379",1379,"M Zhu"
"1380",1380,"M Tabatabaeian"
"1381",1381,"M Stave"
"1382",1382,"K Persaud"
"1383",1383,"F Roehrbein"
"1384",1384,"M Gewaltig"
"1385",1385,"C Laschi"
"1386",1386,"G Klinker"
"1387",1387,"P Levi"
"1388",1388,"A Knoll"
"1389",1389,"J Kominsky"
"1390",1390,"A Wertz"
"1391",1391,"C Elsner"
"1392",1392,"K Wynn"
"1393",1393,"S Skwarchuk"
"1394",1394,"C Sowinski"
"1395",1395,"R Odean"
"1396",1396,"J Bartley"
"1397",1397,"E Brewe"
"1398",1398,"A Laird"
"1399",1399,"K Moty"
"1400",1400,"B Morris"
"1401",1401,"C Was"
"1402",1402,"A Masnick"
"1403",1403,"B Aldosari"
"1404",1404,"E Carella"
"1405",1405,"R Bailey"
"1406",1406,"C Lei"
"1407",1407,"H Dresang"
"1408",1408,"M Holcomb"
"1409",1409,"E Scerrati"
"1410",1410,"L Lugli"
"1411",1411,"A Borghi"
"1412",1412,"R Nicoletti"
"1413",1413,"C Kang"
"1414",1414,"K Inohara"
"1415",1415,"P Smith"
"1416",1416,"J Arnoldi"
"1417",1417,"L Xu"
"1418",1418,"Y Wu"
"1419",1419,"J Sparks"
"1420",1420,"B Lehman"
"1421",1421,"K James"
"1422",1422,"R Yu"
"1423",1423,"S Kiyokawa"
"1424",1424,"Y Ohmoto"
"1425",1425,"P Polycarpou"
"1426",1426,"G Garcia"
"1427",1427,"F Aldrich"
"1428",1428,"N Latif"
"1429",1429,"A Alsius"
"1430",1430,"K Munhall"
"1431",1431,"C Genovesi"
"1432",1432,"M Vertolli"
"1433",1433,"V Glebkin"
"1434",1434,"C Schoetensack"
"1435",1435,"K Bell"
"1436",1436,"E Joseph"
"1437",1437,"V Easvaradoss"
"1438",1438,"S Abraham"
"1439",1439,"M Brazil"
"1440",1440,"D Chandran"
"1441",1441,"K Fuellenbach"
"1442",1442,"E Andonova"
"1443",1443,"L Caglar"
"1444",1444,"S Hanson"
"1445",1445,"Y Huang"
"1446",1446,"L Stranahan"
"1447",1447,"J Viaud"
"1448",1448,"Y Deng"
"1449",1449,"F Li"
"1450",1450,"I Rabkina"
"1451",1451,"P Munro"
"1452",1452,"M Akl"
"1453",1453,"F Walter"
"1454",1454,"F Rohrbein"
"1455",1455,"S Phillips"
"1456",1456,"Y Takeda"
"1457",1457,"F Sugimoto"
"1458",1458,"D Grodner"
"1459",1459,"E Shay"
"1460",1460,"L Zhang"
"1461",1461,"Z Deng"
"1462",1462,"J Zhang"
"1463",1463,"Z Chen"
"1464",1464,"Y Hu"
"1465",1465,"M Simonic"
"1466",1466,"M Binz"
"1467",1467,"J Einig"
"1468",1468,"S Ehrenfeld"
"1469",1469,"F Schrodt"
"1470",1470,"A Mahdeyan"
"1471",1471,"G Chen"
"1472",1472,"Y Liu"
"1473",1473,"Q Zhao"
"1474",1474,"R Iwai"
"1475",1475,"T Kumada"
"1476",1476,"D Kawahara"
"1477",1477,"S Kurohashi"
"1478",1478,"A Dils"
"1479",1479,"S Niedopytalski"
"1480",1480,"J Arroyo"
"1481",1481,"G Gauer"
"1482",1482,"R Nonohay"
"1483",1483,"R Gonzalez"
"1484",1484,"G Lannig"
"1485",1485,"C Xing"
"1486",1486,"J Corter"
"1487",1487,"D Zahner"
"1488",1488,"T Posid"
"1489",1489,"Q Dou"
"1490",1490,"S Vick"
"1491",1491,"M Yip"
"1492",1492,"A Lazzeri"
"1493",1493,"A Guazzini"
"1494",1494,"D Vilone"
"1495",1495,"J Marshall"
"1496",1496,"H Guan"
"1497",1497,"D Billman"
"1498",1498,"D Schereckenghost"
"1499",1499,"Z Caddick"
"1500",1500,"M Upal"
"1501",1501,"P Marupaka"
"1502",1502,"E Herbst"
"1503",1503,"D Buchsbaum"
