"","id","label"
"1",1,"L Gabora"
"2",2,"W Chia"
"3",3,"H Firouzi"
"4",4,"H Cornish"
"5",5,"K Smith"
"6",6,"S Kirby"
"7",7,"S Jalali"
"8",8,"C Tan"
"9",9,"J Lim"
"10",10,"J Tham"
"11",11,"S Ong"
"12",12,"P Seekings"
"13",13,"E Taylor"
"14",14,"J Horst"
"15",15,"K Twomey"
"16",16,"S Ranson"
"17",17,"S Khemlani"
"18",18,"D Gartenberg"
"19",19,"K Park"
"20",20,"J Trafton"
"21",21,"Y Ito"
"22",22,"T Ueno"
"23",23,"S Kitagami"
"24",24,"J Kawaguchi"
"25",25,"D Wulff"
"26",26,"T Hills"
"27",27,"R Hertwig"
"28",28,"A Kukona"
"29",29,"G Altmann"
"30",30,"Y Kamide"
"31",31,"M Sumner"
"32",32,"C Kurumada"
"33",33,"R Gafter"
"34",34,"M Casillas"
"35",35,"M Staudte"
"36",36,"U Pfeiffer"
"37",37,"G Layher"
"38",38,"M Giese"
"39",39,"H Neumann"
"40",40,"A Lachner"
"41",41,"M Nuckles"
"42",42,"A Coman"
"43",43,"G Echterhoff"
"44",44,"M Edelson"
"45",45,"W Hirst"
"46",46,"K Michaelian"
"47",47,"C Stone"
"48",48,"F Zanlungo"
"49",49,"T Kanda"
"50",50,"R Bottini"
"51",51,"C Guarino"
"52",52,"D Casasanto"
"53",53,"J Kao"
"54",54,"R Levy"
"55",55,"N Goodman"
"56",56,"R Lam"
"57",57,"L Richland"
"58",58,"J Richland"
"59",59,"M Sydow"
"60",60,"K Holmes"
"61",61,"P Wolff"
"62",62,"J Williams"
"63",63,"A Renkl"
"64",64,"K Koedinger"
"65",65,"J Stamper"
"66",66,"W Clair"
"67",67,"D Noelle"
"68",68,"A Utsumi"
"69",69,"Y Watanabe"
"70",70,"Y Wakayama"
"71",71,"M Brown"
"72",72,"S Bibyk"
"73",73,"D Pontillo"
"74",74,"M Tanenhaus"
"75",75,"M Fedyk"
"76",76,"B Koslowski"
"77",77,"M Kharratzadeh"
"78",78,"T Shultz"
"79",79,"M Saito"
"80",80,"T Shimazaki"
"81",81,"J McDonnell"
"82",82,"P Tsividis"
"83",83,"B Rehder"
"84",84,"V Kempe"
"85",85,"D Bublitz"
"86",86,"P Brooks"
"87",87,"C Vesper"
"88",88,"L Schmitz"
"89",89,"N Sebanz"
"90",90,"G Knoblich"
"91",91,"D Ahlberg"
"92",92,"C Dudschig"
"93",93,"B Kaup"
"94",94,"J Trueblood"
"95",95,"S Brown"
"96",96,"A Heathcote"
"97",97,"T Verhoef"
"98",98,"B Boer"
"99",99,"C Meier"
"100",100,"S Lea"
"101",101,"C Forrest"
"102",102,"K Angerer"
"103",103,"I McLaren"
"104",104,"M Sood"
"105",105,"R Cooper"
"106",106,"H Fischer"
"107",107,"C Gonzalez"
"108",108,"F Chang"
"109",109,"B Ambridge"
"110",110,"K Hamburger"
"111",111,"L Dienelt"
"112",112,"M Strickrodt"
"113",113,"F Roser"
"114",114,"Y Glady"
"115",115,"J Thibaut"
"116",116,"B French"
"117",117,"B Galmar"
"118",118,"J Hsiao"
"119",119,"J Dias"
"120",120,"R Aylett"
"121",121,"A Paiva"
"122",122,"H Reis"
"123",123,"C Wui"
"124",124,"H Wang"
"125",125,"M Pomplun"
"126",126,"T Tokunaga"
"127",127,"T Watatani"
"128",128,"R Lida"
"129",129,"A Terai"
"130",130,"N Vukovic"
"131",131,"A Lim"
"132",132,"L Doumas"
"133",133,"S Sinnett"
"134",134,"G Cox"
"135",135,"N Lewis"
"136",136,"R Shiffrin"
"137",137,"N Ben-Asher"
"138",138,"C Lebiere"
"139",139,"A Oltramari"
"140",140,"M Harrell"
"141",141,"D Wetzel"
"142",142,"F Ciardo"
"143",143,"B Marino"
"144",144,"A Rossetti"
"145",145,"R Actis-Grosso"
"146",146,"P Ricciardelli"
"147",147,"W Vong"
"148",148,"A Hendrickson"
"149",149,"A Perfors"
"150",150,"D Navarro"
"151",151,"Y Hayashi"
"152",152,"K Godwin"
"153",153,"B Matlen"
"154",154,"A Fisher"
"155",155,"R MacDonald"
"156",156,"B Tatler"
"157",157,"C Bentz"
"158",158,"F Tamborello"
"159",159,"G Trafton"
"160",160,"R Dale"
"161",161,"R Fusaroli"
"162",162,"D Håkonsson"
"163",163,"P Healey"
"164",164,"D Mønster"
"165",165,"J McGraw"
"166",166,"P Mitkidis"
"167",167,"K Tylen"
"168",168,"D Buttaccio"
"169",169,"N Lange"
"170",170,"S Hahn"
"171",171,"R Thomas"
"172",172,"E Davelaar"
"173",173,"T Miser"
"174",174,"V Sloutsky"
"175",175,"E Stampfer"
"176",176,"A Clark"
"177",177,"G Giorgolo"
"178",178,"S Lappin"
"179",179,"T Stafford"
"180",180,"M Dewar"
"181",181,"L Barak"
"182",182,"A Fazly"
"183",183,"S Stevenson"
"184",184,"M Christiansen"
"185",185,"I Arnon"
"186",186,"E Lieven"
"187",187,"A Wray"
"188",188,"B Meijering"
"189",189,"H Rijn"
"190",190,"N Taatgen"
"191",191,"R Verbrugge"
"192",192,"H Admoni"
"193",193,"B Hayes"
"194",194,"D Feil-Seifer"
"195",195,"D Ullman"
"196",196,"B Scassellati"
"197",197,"B Kievit-Kylar"
"198",198,"G Kachergis"
"199",199,"M Jones"
"200",200,"M Kmiecik"
"201",201,"R Morrison"
"202",202,"B Glass"
"203",203,"M Osman"
"204",204,"G Villejoubert"
"205",205,"M Khan"
"206",206,"F Valle-Tourangeau"
"207",207,"R Hope"
"208",208,"W Gray"
"209",209,"M Goudbeek"
"210",210,"I Haagmans"
"211",211,"E Krahmer"
"212",212,"M Ramscar"
"213",213,"A Smith"
"214",214,"M Dye"
"215",215,"R Futrell"
"216",216,"P Hendrix"
"217",217,"H Baayen"
"218",218,"R Starr"
"219",219,"M Lewis"
"220",220,"M Frank"
"221",221,"A Jamalian"
"222",222,"V Giardino"
"223",223,"B Tversky"
"224",224,"M Lippmann"
"225",225,"S Narciss"
"226",226,"N Schwartz"
"227",227,"R Danielson"
"228",228,"M Mikheeva"
"229",229,"L Bucher"
"230",230,"J Nejasmic"
"231",231,"M Knauff"
"232",232,"A Coenen"
"233",233,"D Markant"
"234",234,"J Martin"
"235",235,"T Chuk"
"236",236,"A Ng"
"237",237,"E Coviello"
"238",238,"A Chan"
"239",239,"J Falk"
"240",240,"B Winter"
"241",241,"M Spivey"
"242",242,"T Noguchi"
"243",243,"A Sanborn"
"244",244,"N Stewart"
"245",245,"L Castaneda"
"246",246,"N Loebell"
"247",247,"L Huther"
"248",248,"A Bentz"
"249",249,"H Spada"
"250",250,"A Bender"
"251",251,"S Beller"
"252",252,"R Moll"
"253",253,"S Pieschl"
"254",254,"R Bromme"
"255",255,"E Bobek"
"256",256,"P Perniss"
"257",257,"D Vinson"
"258",258,"N Fox"
"259",259,"G Vigliocco"
"260",260,"P Wang"
"261",261,"G Cottrell"
"262",262,"M McShane"
"263",263,"J Willits"
"264",264,"C Coey"
"265",265,"J Hassebrock"
"266",266,"H Kloos"
"267",267,"M Richardson"
"268",268,"G Miles"
"269",269,"S Payne"
"270",270,"T Bergmann"
"271",271,"G Lupyan"
"272",272,"M Finlayson"
"273",273,"B Fisseni"
"274",274,"D Gentner"
"275",275,"R Gerrig"
"276",276,"B Loewe"
"277",277,"J Loewenstein"
"278",278,"I Mani"
"279",279,"J Meister"
"280",280,"R Young"
"281",281,"A Krumnack"
"282",282,"S Deyne"
"283",283,"G Storms"
"284",284,"D Braithwaite"
"285",285,"R Goldstone"
"286",286,"J Souman"
"287",287,"P Johnson-Laird"
"288",288,"L Margulieux"
"289",289,"R Catrambone"
"290",290,"M Guzdial"
"291",291,"H Li"
"292",292,"Y Sakamoto"
"293",293,"T Heyman"
"294",294,"R Suter"
"295",295,"T Pachur"
"296",296,"D Stokes"
"297",297,"F Macpherson"
"298",298,"R Rahman"
"299",299,"D Powell"
"300",300,"Z Horne"
"301",301,"A Pinillos"
"302",302,"K Holyoak"
"303",303,"P Garrard"
"304",304,"P Graben"
"305",305,"B Elvevag"
"306",306,"E Mizraji"
"307",307,"J Valle-Lisboa"
"308",308,"A Protopapas"
"309",309,"E Kapnoula"
"310",310,"A Zgonnikov"
"311",311,"I Lubashevsky"
"312",312,"P Carvalho"
"313",313,"C Vales"
"314",314,"C Fausey"
"315",315,"L Smith"
"316",316,"S Jaarsveld"
"317",317,"T Lachmann"
"318",318,"C Leeuwen"
"319",319,"T Laine"
"320",320,"K Sakamoto"
"321",321,"T Silander"
"322",322,"J Abbott"
"323",323,"J Hamrick"
"324",324,"T Griffiths"
"325",325,"M Spike"
"326",326,"K Stadler"
"327",327,"J Woike"
"328",328,"J Bonardi"
"329",329,"R Garcia-Retamero"
"330",330,"C Sims"
"331",331,"E Colunga"
"332",332,"D Kumar"
"333",333,"N Srinivasan"
"334",334,"K Prepin"
"335",335,"M Ochs"
"336",336,"C Pelachaud"
"337",337,"A Das"
"338",338,"W Stuerzlinger"
"339",339,"E Miyamoto"
"340",340,"M Nakamura"
"341",341,"M Kunda"
"342",342,"I Soulieres"
"343",343,"A Rozga"
"344",344,"A Goel"
"345",345,"P Khooshabeh"
"346",346,"C Melo"
"347",347,"B Volkman"
"348",348,"J Gratch"
"349",349,"J Blascovich"
"350",350,"P Carnevale"
"351",351,"J Tolins"
"352",352,"C Yu"
"353",353,"Y Nagai"
"354",354,"M Coco"
"355",355,"S Kopp"
"356",356,"M Dziemianko"
"357",357,"A Clarke"
"358",358,"F Keller"
"359",359,"W Jung"
"360",360,"J Hummel"
"361",361,"A Fine"
"362",362,"T Jaeger"
"363",363,"L Irvine"
"364",364,"S Roberts"
"365",365,"D Chen"
"366",366,"H Lu"
"367",367,"C Kelly"
"368",368,"A Korhonen"
"369",369,"B Devereux"
"370",370,"J Degen"
"371",371,"M Franke"
"372",372,"G Jager"
"373",373,"S Finley"
"374",374,"E Wiemers"
"375",375,"J Amaral"
"376",376,"S Collins"
"377",377,"S O'Connor"
"378",378,"S McAlister"
"379",379,"C Luzzi"
"380",380,"B Sheredos"
"381",381,"S Herzog"
"382",382,"B Helversen"
"383",383,"K Begolli"
"384",384,"R Lindsey"
"385",385,"O Tsoumani"
"386",386,"M Postma-Nilsenova"
"387",387,"A Dewald"
"388",388,"S Gupta"
"389",389,"F Hill"
"390",390,"R Bååth"
"391",391,"E Lagerstedt"
"392",392,"P Gärdenfors"
"393",393,"D Buchsbaum"
"394",394,"C Walker"
"395",395,"A Gopnik"
"396",396,"N Charter"
"397",397,"D Banks"
"398",398,"C Lucas"
"399",399,"C Kemp"
"400",400,"E Rafetseder"
"401",401,"J Perner"
"402",402,"J Lee"
"403",403,"E Livesey"
"404",404,"K?l?ç"
"405",405,"B Özkan"
"406",406,"K Cem"
"407",407,"K Roon"
"408",408,"A Gafos"
"409",409,"A Nordmeyer"
"410",410,"L Butler"
"411",411,"E Markman"
"412",412,"S Sulpizio"
"413",413,"R Job"
"414",414,"N Li"
"415",415,"W Cohen"
"416",416,"N Morgado"
"417",417,"D Muller"
"418",418,"M Pinelli"
"419",419,"E Guinet"
"420",420,"E Gentaz"
"421",421,"R Palluel-Germain"
"422",422,"A Henderson"
"423",423,"B Kenward"
"424",424,"R Watson-Jones"
"425",425,"C Legare"
"426",426,"H Whitehouse"
"427",427,"D Wui"
"428",428,"T Jakobsen"
"429",429,"N Anderson"
"430",430,"W Bischof"
"431",431,"A Kingstone"
"432",432,"R Mackiewicz"
"433",433,"P Koniak"
"434",434,"D Kellen"
"435",435,"D Burnston"
"436",436,"P Bauman"
"437",437,"M Stave"
"438",438,"A Smolek"
"439",439,"V Kapatsinski"
"440",440,"S Yamamoto"
"441",441,"K Taguchi"
"442",442,"I Umata"
"443",443,"K Kabashima"
"444",444,"M Nishida"
"445",445,"A Omigbodun"
"446",446,"K Wood"
"447",447,"R McLaren"
"448",448,"L Guthrie"
"449",449,"T Barrett"
"450",450,"M Hegarty"
"451",451,"S Meylan"
"452",452,"J Mueller"
"453",453,"S Melwani"
"454",454,"A Bright"
"455",455,"A Feeney"
"456",456,"M Denkiewicz"
"457",457,"J R?czaszek-Leonard"
"458",458,"P Migda"
"459",459,"D Plewczynski"
"460",460,"A Saxe"
"461",461,"J McClellans"
"462",462,"S Ganguli"
"463",463,"M Kline"
"464",464,"P Muentener"
"465",465,"L Schulz"
"466",466,"N Noori"
"467",467,"L Itti"
"468",468,"S Tauber"
"469",469,"M Steyvers"
"470",470,"F Schurr"
"471",471,"B Tam"
"472",472,"L Maloney"
"473",473,"T Suegami"
"474",474,"B Laeng"
"475",475,"S Aminihajibashi"
"476",476,"N Latif"
"477",477,"A Barbosa"
"478",478,"E Vatikiotis-Batesom"
"479",479,"M Castelhano"
"480",480,"K Munhall"
"481",481,"S Prasada"
"482",482,"M Behnel"
"483",483,"C Cummins"
"484",484,"L Sichelschmidt"
"485",485,"J Ruiter"
"486",486,"B Newell"
"487",487,"G Hawkiins"
"488",488,"R Richie"
"489",489,"C Yang"
"490",490,"M Coppola"
"491",491,"J Hu"
"492",492,"F Xu"
"493",493,"M Trench"
"494",494,"V Olgun"
"495",495,"A Margni"
"496",496,"R Minervino"
"497",497,"K Nakamura"
"498",498,"Y Chang"
"499",499,"M Ralph"
"500",500,"S Furber"
"501",501,"S Welbourne"
"502",502,"S Gerson"
"503",503,"S Hunnius"
"504",504,"H Bekkering"
"505",505,"N Brunninkhuis"
"506",506,"E Postma"
"507",507,"H Chai"
"508",508,"N Saji"
"509",509,"K Akita"
"510",510,"M Imai"
"511",511,"K Kantartzis"
"512",512,"S Kita"
"513",513,"C Asterhan"
"514",514,"B Schwartz"
"515",515,"N Cohen-Eliyahu"
"516",516,"J Kwisthout"
"517",517,"I Rooij"
"518",518,"M Colombo"
"519",519,"C Zednik"
"520",520,"W Phillips"
"521",521,"M Galesci"
"522",522,"H Olsson"
"523",523,"J Rieskamp"
"524",524,"N Orita"
"525",525,"R McKeown"
"526",526,"N Feldman"
"527",527,"J Lidz"
"528",528,"J Boyd-Graber"
"529",529,"Y Matusevych"
"530",530,"A Alishahi"
"531",531,"P Vogt"
"532",532,"C Luhmann"
"533",533,"S Rajaram"
"534",534,"J Keller"
"535",535,"M Kilduff"
"536",536,"J Yan"
"537",537,"V Romero"
"538",538,"A Beach"
"539",539,"A Paciorek"
"540",540,"H Chan"
"541",541,"S Brennan"
"542",542,"K Schuhmann"
"543",543,"K Batres"
"544",544,"H Zhao"
"545",545,"J Kowalski"
"546",546,"J Hoffmann"
"547",547,"F Morganti"
"548",548,"A Carassa"
"549",549,"M Colombetti"
"550",550,"P Braibanti"
"551",551,"G Rezzonico"
"552",552,"I Sgro"
"553",553,"R Au"
"554",554,"K Watanabe"
"555",555,"N Althaus"
"556",556,"K Plunkett"
"557",557,"R Koolen"
"558",558,"M Swerts"
"559",559,"L Feldman"
"560",560,"J Hell"
"561",561,"J Kroll"
"562",562,"N Tokowicz"
"563",563,"J Chen"
"564",564,"M Frederich"
"565",565,"H Shu"
"566",566,"L Slevc"
"567",567,"J Reitman"
"568",568,"B Okada"
"569",569,"A Newen"
"570",570,"A Welpinghus"
"571",571,"F Lieder"
"572",572,"Q Huys"
"573",573,"E Pothos"
"574",574,"Z Wang"
"575",575,"J Busemeyer"
"576",576,"H Neth"
"577",577,"U Czienskowski"
"578",578,"L Schooler"
"579",579,"K Gluck"
"580",580,"L Kavanagh"
"581",581,"G Bakhtiari"
"582",582,"C Suhler"
"583",583,"P Churchland"
"584",584,"R Holland"
"585",585,"P Winkielman"
"586",586,"B Armstrong"
"587",587,"D Plaut"
"588",588,"F Mancini"
"589",589,"A Gangemi"
"590",590,"S Creel"
"591",591,"J Mugg"
"592",592,"K Fiedler"
"593",593,"G Gigerenzer"
"594",594,"K Klauer"
"595",595,"M Oaksford"
"596",596,"K Stenning"
"597",597,"J Schaik"
"598",598,"R Baaren"
"599",599,"L Weelden"
"600",600,"J Schilperoord"
"601",601,"M Stewarts"
"602",602,"D Pecher"
"603",603,"N Simms"
"604",604,"H Terai"
"605",605,"K Miwa"
"606",606,"K Asami"
"607",607,"E Stupple"
"608",608,"M Gale"
"609",609,"C Richmond"
"610",610,"K Reuter"
"611",611,"S Hidaka"
"612",612,"T Fujinami"
"613",613,"J Kirby"
"614",614,"M Sonderegger"
"615",615,"A Gilman"
"616",616,"E Ebbets"
"617",617,"J Borst"
"618",618,"J Anderson"
"619",619,"S Jayaraman"
"620",620,"J Kwithout"
"621",621,"M Blokpoel"
"622",622,"T Wareham"
"623",623,"J Culbertson"
"624",624,"C Wilson"
"625",625,"A Souza"
"626",626,"E Hristova"
"627",627,"M Grinberg"
"628",628,"I Georgieva"
"629",629,"M Borisova"
"630",630,"A Whalen"
"631",631,"M Guath"
"632",632,"P Juslin"
"633",633,"P Millroth"
"634",634,"A Horowitz"
"635",635,"T Matlock"
"636",636,"S Hohenstein"
"637",637,"R Kliegl"
"638",638,"D Wiechmann"
"639",639,"J Steinfeld"
"640",640,"E Kerz"
"641",641,"C Quinn"
"642",642,"M Ellefson"
"643",643,"A Schlottmann"
"644",644,"K Taber"
"645",645,"N Khetarpal"
"646",646,"G Neveu"
"647",647,"A Majid"
"648",648,"L Michael"
"649",649,"T Regier"
"650",650,"A Wills"
"651",651,"C Longmore"
"652",652,"F Milton"
"653",653,"A Nematzadeh"
"654",654,"S Ayala"
"655",655,"K Thai"
"656",656,"J Son"
"657",657,"J Dimas"
"658",658,"P Lopes"
"659",659,"R Prada"
"660",660,"A Chong"
"661",661,"B Choi"
"662",662,"E Kwong"
"663",663,"J Chan"
"664",664,"I Chong"
"665",665,"M Ip"
"666",666,"C Yeung"
"667",667,"W So"
"668",668,"A Morais"
"669",669,"A Jamrozik"
"670",670,"J Köhne"
"671",671,"V Demberg"
"672",672,"H Singmann"
"673",673,"Y Hagmayer"
"674",674,"O Kostopoulou"
"675",675,"N Salehi"
"676",676,"M Dehghani"
"677",677,"N Bodemer"
"678",678,"A Ruggeri"
"679",679,"V Cardella"
"680",680,"A Falzone"
"681",681,"A Pennisi"
"682",682,"D Pynadath"
"683",683,"N Wang"
"684",684,"S Marsella"
"685",685,"L Perry"
"686",686,"L Samuelson"
"687",687,"D Bemis"
"688",688,"N Cohn"
"689",689,"A Lovett"
"690",690,"M Fedzechkina"
"691",691,"E Newport"
"692",692,"S Erickson"
"693",693,"E Heit"
"694",694,"S Lewandowsky"
"695",695,"T Lombrozo"
"696",696,"G Brown"
"697",697,"J Cook"
"698",698,"U Ecker"
"699",699,"M Kneer"
"700",700,"S Rossi"
"701",701,"M Cassotti"
"702",702,"M Agogue"
"703",703,"W Neys"
"704",704,"J Holler"
"705",705,"L Schubotz"
"706",706,"S Kelly"
"707",707,"P Hagoort"
"708",708,"M Schuetze"
"709",709,"A Ozyurek"
"710",710,"K Kitto"
"711",711,"F Boschetti"
"712",712,"E Andonova"
"713",713,"L Johnson"
"714",714,"B Sullivan"
"715",715,"M Hayhoe"
"716",716,"D Ballard"
"717",717,"S Yeung"
"718",718,"N Ali"
"719",719,"D Peebles"
"720",720,"K Bergmann"
"721",721,"S Kahl"
"722",722,"D Adams"
"723",723,"R Mayer"
"724",724,"J Lohmann"
"725",725,"M Butz"
"726",726,"H Yim"
"727",727,"J Foster"
"728",728,"C Kuhlmann"
"729",729,"T Porsch"
"730",730,"W Choe"
"731",731,"H Chun"
"732",732,"J Noh"
"733",733,"S Lee"
"734",734,"B Zhang"
"735",735,"A Kary"
"736",736,"C Moore"
"737",737,"D Powers"
"738",738,"T Gijssels"
"739",739,"S Rueschemeyer"
"740",740,"S Calamaro"
"741",741,"A Hurzook"
"742",742,"O Trujillo"
"743",743,"C Eliasmith"
"744",744,"S Pak"
"745",745,"H Schultheis"
"746",746,"A Singhaniya"
"747",747,"D Chaplot"
"748",748,"B Meder"
"749",749,"R Mayrhofer"
"750",750,"M Pearce"
"751",751,"M Rohrmeier"
"752",752,"P Toiviainen"
"753",753,"E Brattico"
"754",754,"P Loui"
"755",755,"E Large"
"756",756,"J Kim"
"757",757,"C Stockum"
"758",758,"M DeCaro"
"759",759,"K Bicknell"
"760",760,"E Higgins"
"761",761,"K Rayner"
"762",762,"O Alacam"
"763",763,"C Habel"
"764",764,"C Acarturk"
"765",765,"E Weitnauer"
"766",766,"H Ritter"
"767",767,"L Stukken"
"768",768,"S Verheyen"
"769",769,"M Janciauskas"
"770",770,"T Lauterman"
"771",771,"R Ackerman"
"772",772,"D Little"
"773",773,"S Craig"
"774",774,"R Thompson"
"775",775,"S Lanthier"
"776",776,"E Risko"
"777",777,"D Smilek"
"778",778,"K Agres"
"779",779,"S Abdallah"
"780",780,"M Carminati"
"781",781,"P Knoeferle"
"782",782,"C Silvey"
"783",783,"S Kirbey"
"784",784,"E Manalo"
"785",785,"C Sheppard"
"786",786,"A Romberg"
"787",787,"K Atit"
"788",788,"I Resnick"
"789",789,"T Shipley"
"790",790,"C Ormand"
"791",791,"C Manduca"
"792",792,"T Goksun"
"793",793,"B Tikoff"
"794",794,"K Tillman"
"795",795,"D Barner"
"796",796,"N Dorfman"
"797",797,"D Harari"
"798",798,"S Ullman"
"799",799,"W Jimenez-Leal"
"800",800,"C Gaviria"
"801",801,"E Bann"
"802",802,"J Bryson"
"803",803,"M Flecken"
"804",804,"J Gerwien"
"805",805,"S Hutchinson"
"806",806,"M Louwerse"
"807",807,"N Marques"
"808",808,"F Melo"
"809",809,"S Mascarenhas"
"810",810,"S Maldonado"
"811",811,"M Takac"
"812",812,"A Knott"
"813",813,"K Forbus"
"814",814,"W Bechtel"
"815",815,"P Leon-Villagra"
"816",816,"F Jakel"
"817",817,"P Battaglia"
"818",818,"E Vul"
"819",819,"J Shepard"
"820",820,"M Rooij"
"821",821,"L Favela"
"822",822,"M Malone"
"823",823,"A Fire"
"824",824,"S Zhu"
"825",825,"P Cravalho"
"826",826,"B Morris"
"827",827,"C Was"
"828",828,"A Masnick"
"829",829,"K Tummeltshammer"
"830",830,"R Wu"
"831",831,"N Kirkham"
"832",832,"K Terada"
"833",833,"S Yamada"
"834",834,"A Ito"
"835",835,"A Beck"
"836",836,"A Hiolle"
"837",837,"L Cañamero"
"838",838,"N Vasilyeva"
"839",839,"J Coley"
"840",840,"W Deng"
"841",841,"L Stuart"
"842",842,"J Taylor"
"843",843,"V Raskin"
"844",844,"A Hamer"
"845",845,"S Bertleff"
"846",846,"H Burte"
"847",847,"M Buehner"
"848",848,"D Lagnado"
"849",849,"C Bechlivanidis"
"850",850,"M Ernst"
"851",851,"M Rohde"
"852",852,"M Young"
"853",853,"J Tomlinson"
"854",854,"B M."
"855",855,"T Lewis"
"856",856,"C Vredenburgh"
"857",857,"T Kushnir"
"858",858,"J Solymosi"
"859",859,"M Erdmann"
"860",860,"V Aleven"
"861",861,"L Shone"
"862",862,"A Abrahamsen"
"863",863,"R Becker"
"864",864,"B DeCot"
"865",865,"E Guerra"
"866",866,"R Zwaan"
"867",867,"C Dimov"
"868",868,"J Marewski"
"869",869,"D Peeters"
"870",870,"M Chu"
"871",871,"A Özyürek"
"872",872,"M Vendrame"
"873",873,"I Cutica"
"874",874,"M Bucciarelli"
"875",875,"A Flumini"
"876",876,"J Santiago"
"877",877,"C Kirov"
"878",878,"B Imhof"
"879",879,"A Ehlis"
"880",880,"F Häußinger"
"881",881,"P Gerjets"
"882",882,"K Oberauer"
"883",883,"A Deiglmayr"
"884",884,"L Schalk"
"885",885,"S Gripshover"
"886",886,"A Washburn"
"887",887,"A Osth"
"888",888,"S Dennis"
"889",889,"T Tenbrink"
"890",890,"A Gatt"
"891",891,"R Gompel"
"892",892,"E Bard"
"893",893,"K Deemter"
"894",894,"D Reitter"
"895",895,"P Scerri"
"896",896,"P Hristova"
"897",897,"Y Petkova"
"898",898,"B Kokinov"
"899",899,"D Yurovsky"
"900",900,"A Wade"
"901",901,"J Ruiz-Ballesteros"
"902",902,"S Moreno-Rios"
"903",903,"G Revie"
"904",904,"M Habib"
"905",905,"S Moutier"
"906",906,"G Borst"
"907",907,"O Houde"
"908",908,"R Walshe"
"909",909,"A Nuthmann"
"910",910,"D Nussbaumer"
"911",911,"R Grabner"
"912",912,"M Schneider"
"913",913,"E Stern"
"914",914,"S Schilling"
"915",915,"J Szary"
"916",916,"M Varadinov"
"917",917,"L Laskin"
"918",918,"H Jolsavi"
"919",919,"S McCauley"
"920",920,"V Klajevic"
"921",921,"V Fratini"
"922",922,"A Etxaniz"
"923",923,"E Urdaneta"
"924",924,"J Yanguas"
"925",925,"P Parnamets"
"926",926,"P Johansson"
"927",927,"C Balkenius"
"928",928,"L Hall"
"929",929,"D Richardson"
"930",930,"C Thorton"
"931",931,"E Axelsson"
"932",932,"J Denrell"
"933",933,"G Mens"
"934",934,"J Koehne"
"935",935,"J Trueswell"
"936",936,"L Gleitman"
"937",937,"Y Kammerer"
"938",938,"A Kranjec"
"939",939,"M Lehet"
"940",940,"A Chatterjee"
"941",941,"A Loula"
"942",942,"R Gudwin"
"943",943,"J Queiroz"
"944",944,"P Argyriou"
"945",945,"C Myers"
"946",946,"R Lewis"
"947",947,"A Howes"
"948",948,"S Davies"
"949",949,"K Butcher"
"950",950,"C Stevens"
"951",951,"P Rebuschat"
"952",952,"Z Dienes"
"953",953,"D Schon"
"954",954,"J Misyak"
"955",955,"C Francois"
"956",956,"X Guo"
"957",957,"F Li"
"958",958,"R Widdess"
"959",959,"T Holubar"
"960",960,"J Szymanik"
"961",961,"P Maguire"
"962",962,"P Moser"
"963",963,"R Maguire"
"964",964,"M Keane"
"965",965,"S Duffy"
"966",966,"F Yeates"
"967",967,"F Jones"
"968",968,"M Aitken"
"969",969,"K Scott"
"970",970,"E Sakkalou"
"971",971,"K Ellis-Davies"
"972",972,"E Hilbrink"
"973",973,"U Hahn"
"974",974,"M Gattis"
"975",975,"M Foster"
"976",976,"B Cipollini"
"977",977,"A Tessari"
"978",978,"G Ottoboni"
"979",979,"R Nicoletti"
"980",980,"R Castillo"
"981",981,"J Holden"
"982",982,"D O'Hara"
"983",983,"N Duran"
"984",984,"J Freeman"
"985",985,"S Cheimariou"
"986",986,"S Loui"
"987",987,"D Rasmussen"
"988",988,"M Waldmann"
"989",989,"D Clark"
"990",990,"M Ranney"
"991",991,"J Felipe"
"992",992,"E Hoicka"
"993",993,"J Butcher"
"994",994,"F Malla"
"995",995,"P Harris"
"996",996,"E Travers"
"997",997,"J Mastin"
"998",998,"N Liu"
"999",999,"B Bergen"
"1000",1000,"M Noordewier"
"1001",1001,"E Nyamsuren"
"1002",1002,"G Bente"
"1003",1003,"S Kitayama"
"1004",1004,"S Han"
"1005",1005,"K Vogeley"
"1006",1006,"D DeCaro"
"1007",1007,"B Rittle-Johnson"
"1008",1008,"F Bocklisch"
"1009",1009,"A Georg"
"1010",1010,"S Bocklisch"
"1011",1011,"J Krems"
"1012",1012,"S Chen"
"1013",1013,"B Ross"
"1014",1014,"G Murphy"
"1015",1015,"S Zhang"
"1016",1016,"A Yu"
"1017",1017,"A Carstensen"
"1018",1018,"M Miyazaki"
"1019",1019,"H Yeung"
"1020",1020,"H Okada"
"1021",1021,"R Bod"
"1022",1022,"E Bergelson"
"1023",1023,"D Swingley"
"1024",1024,"A Swan"
"1025",1025,"A Chambers"
"1026",1026,"R Revlin"
"1027",1027,"Z Wu"
"1028",1028,"Y Su"
"1029",1029,"D Freudenthal"
"1030",1030,"J Pine"
"1031",1031,"G Jones"
"1032",1032,"F Gobet"
"1033",1033,"J Sullivan"
"1034",1034,"E Redcay"
"1035",1035,"R Saxe"
"1036",1036,"C Schulze"
"1037",1037,"D Ravezwaaij"
"1038",1038,"K Monteith"
"1039",1039,"B BRown"
"1040",1040,"D Ventura"
"1041",1041,"T Martinez"
"1042",1042,"J Roche"
"1043",1043,"A Paxton"
"1044",1044,"A Ibarra"
"1045",1045,"N Chernvak"
"1046",1046,"Z Sim"
"1047",1047,"S Sadeghi"
"1048",1048,"H Pu"
"1049",1049,"M Scheitz"
"1050",1050,"P Holcomb"
"1051",1051,"K Midgley"
"1052",1052,"T Rottger"
"1053",1053,"F Domhas"
"1054",1054,"L Magnani"
"1055",1055,"T Bertolotti"
"1056",1056,"A Kibrik"
"1057",1057,"N Molchanova"
"1058",1058,"H Okuda"
"1059",1059,"Y Tazaki"
"1060",1060,"T Suzuki"
"1061",1061,"K Kojima"
"1062",1062,"J Morita"
"1063",1063,"A Maehigashi"
"1064",1064,"K Takeda"
"1065",1065,"P Helfer"
"1066",1066,"O Hardt"
"1067",1067,"K Nader"
"1068",1068,"P Shenoy"
"1069",1069,"J Hampton"
"1070",1070,"D Huessen"
"1071",1071,"Z Argel"
"1072",1072,"H Kanbi"
"1073",1073,"M Lavelle"
"1074",1074,"C Howes"
"1075",1075,"S Battersby"
"1076",1076,"R McCabe"
"1077",1077,"J Ramsburg"
"1078",1078,"S Ohlsson"
"1079",1079,"E Hunsberger"
"1080",1080,"P Blouw"
"1081",1081,"J Bergstra"
"1082",1082,"M Welsh"
"1083",1083,"N Burns"
"1084",1084,"P Delfabbro"
"1085",1085,"S Revithis"
"1086",1086,"W Wilson"
"1087",1087,"N Marcus"
"1088",1088,"T Stewart"
"1089",1089,"C Otieno"
"1090",1090,"R Schwonke"
"1091",1091,"R Salden"
"1092",1092,"M Savino"
"1093",1093,"A Bosco"
"1094",1094,"M Grice"
"1095",1095,"S McCarthy"
"1096",1096,"J Malony"
"1097",1097,"R Tillman"
"1098",1098,"S Jordan"
"1099",1099,"S Weinbach"
"1100",1100,"A Hatano"
"1101",1101,"R GOmpel"
"1102",1102,"N Beckage"
"1103",1103,"M Vitevitch"
"1104",1104,"A Mehler"
"1105",1105,"S Phillips"
"1106",1106,"D Lewkowwicz"
"1107",1107,"Y Delevoye-Turrell"
"1108",1108,"H Haladjian"
"1109",1109,"C Montemayor"
"1110",1110,"I Reppa"
"1111",1111,"B Helverson"
"1112",1112,"J Black"
"1113",1113,"S Vattam"
"1114",1114,"K Kimura"
"1115",1115,"K Wagner"
"1116",1116,"J Lee-Hand"
"1117",1117,"J Leung"
"1118",1118,"M Pickett"
"1119",1119,"D Aha"
"1120",1120,"G Biswas"
"1121",1121,"J Kinnebrew"
"1122",1122,"J Segedy"
"1123",1123,"M Bilalic"
"1124",1124,"B Ndubuisi"
"1125",1125,"R Byrne"
"1126",1126,"A Ravignani"
"1127",1127,"B Gingras"
"1128",1128,"R Asano"
"1129",1129,"R Sonnweber"
"1130",1130,"V Matellan"
"1131",1131,"W Fitch"
"1132",1132,"A Rashid"
"1133",1133,"E Mayor"
"1134",1134,"A Bangerter"
"1135",1135,"X Choo"
"1136",1136,"W Zuidema"
"1137",1137,"P Monaghan"
"1138",1138,"F Huettig"
"1139",1139,"D Ravenzwaaij"
"1140",1140,"M Lee"
"1141",1141,"P Riefer"
"1142",1142,"B Love"
"1143",1143,"B Lotto"
"1144",1144,"R Clarke"
"1145",1145,"J Rogers"
"1146",1146,"J Ireland"
"1147",1147,"M DeWolf"
"1148",1148,"M Bassok"
"1149",1149,"B Zinszer"
"1150",1150,"D Weiss"
"1151",1151,"N Gaylord"
"1152",1152,"C Bannard"
"1153",1153,"A Ranjan"
"1154",1154,"B O'Connor"
"1155",1155,"R Thomson"
"1156",1156,"R Tso"
"1157",1157,"T Au"
"1158",1158,"A O'Leary"
"1159",1159,"W Soh"
"1160",1160,"S Lim"
"1161",1161,"F Cavicchio"
"1162",1162,"S Herppich"
"1163",1163,"J Wittwer"
"1164",1164,"Y Wu"
"1165",1165,"B Burns"
"1166",1166,"W Voorspoels"
"1167",1167,"C Meel"
"1168",1168,"J Liew"
"1169",1169,"J Burmester"
"1170",1170,"I Wartenburger"
"1171",1171,"K Spalek"
"1172",1172,"E Sagi"
"1173",1173,"D Diermeier"
"1174",1174,"J Bartolotti"
"1175",1175,"N Daniel"
"1176",1176,"V Marian"
"1177",1177,"M Werning"
"1178",1178,"E Cosentino"
"1179",1179,"S Andraszewicz"
"1180",1180,"E Walker"
"1181",1181,"R Nunez"
"1182",1182,"K Stocker"
"1183",1183,"D Packer"
"1184",1184,"P O'Seaghdha"
"1185",1185,"A Hupbach"
"1186",1186,"J Bates"
"1187",1187,"G Andrighetto"
"1188",1188,"F Giardini"
"1189",1189,"R Conte"
"1190",1190,"G Roberts"
"1191",1191,"B Galantucci"
"1192",1192,"N Rak"
"1193",1193,"J Kontinen"
"1194",1194,"L Kuchinke"
"1195",1195,"L Colling"
"1196",1196,"W Thompson"
"1197",1197,"J Sutton"
"1198",1198,"S Laszlo"
"1199",1199,"T Solloway"
"1200",1200,"A Harris"
"1201",1201,"P Shah"
"1202",1202,"C Catmur"
"1203",1203,"G Bird"
"1204",1204,"B Malt"
"1205",1205,"P Li"
"1206",1206,"E Ameel"
"1207",1207,"A Pavlenko"
"1208",1208,"H Zhu"
"1209",1209,"F Prado"
"1210",1210,"T Marghetis"
"1211",1211,"J Kanwal"
"1212",1212,"R Hancock"
"1213",1213,"J Schoenherr"
"1214",1214,"J Logan"
"1215",1215,"I Glogger"
"1216",1216,"J Kappich"
"1217",1217,"L Holzapfel"
"1218",1218,"J Leo"
"1219",1219,"A Morse"
"1220",1220,"A McAndrew"
"1221",1221,"F Verbruggen"
"1222",1222,"A Brook"
"1223",1223,"B Edwards"
"1224",1224,"S Wilson"
"1225",1225,"C Kam"
"1226",1226,"K Gagnier"
"1227",1227,"M Vitale"
"1228",1228,"N Romance"
"1229",1229,"S Killingsworth"
"1230",1230,"T Gann"
"1231",1231,"M Sirota"
"1232",1232,"L Jiang"
"1233",1233,"E Haryu"
"1234",1234,"I Yildirim"
"1235",1235,"F Jaeger"
"1236",1236,"L White"
"1237",1237,"M Kristiansson"
"1238",1238,"S Nhatia"
"1239",1239,"S Chaudhry"
"1240",1240,"M Speekenbrink"
"1241",1241,"I Visser"
"1242",1242,"V Mast"
"1243",1243,"E Bergmann"
"1244",1244,"C Gambi"
"1245",1245,"J Cavey"
"1246",1246,"M Pickering"
"1247",1247,"T Gog"
"1248",1248,"L Post"
"1249",1249,"R Napel"
"1250",1250,"L Deijkers"
"1251",1251,"J Wiley"
"1252",1252,"O Goldenberg"
"1253",1253,"A Jarosz"
"1254",1254,"M Wiedmann"
"1255",1255,"N Rummel"
"1256",1256,"L Hiatt"
"1257",1257,"G Gunzelmann"
"1258",1258,"L Lugli"
"1259",1259,"G Baroni"
"1260",1260,"F Anelli"
"1261",1261,"A Borghi"
"1262",1262,"P Edminston"
"1263",1263,"J Marsh"
"1264",1264,"N Rothman"
"1265",1265,"N Gotzner"
"1266",1266,"B Beekhuizen"
"1267",1267,"D Belenky"
"1268",1268,"T Nokes-Malach"
"1269",1269,"K Tanaka"
"1270",1270,"J Jarecki"
"1271",1271,"J Nelson"
"1272",1272,"B Kerster"
"1273",1273,"C Kello"
"1274",1274,"T Rhodes"
"1275",1275,"R Bien-Aime"
"1276",1276,"L Gralla"
"1277",1277,"S Gerhsman"
"1278",1278,"J Tenenbaum"
"1279",1279,"A Pouget"
"1280",1280,"M Botvinick"
"1281",1281,"P Dayan"
"1282",1282,"D Barkoczi"
"1283",1283,"M Galesic"
"1284",1284,"B Bara"
"1285",1285,"M Tomasello"
"1286",1286,"R Varley"
"1287",1287,"J Call"
"1288",1288,"S Goldin-Meadow"
"1289",1289,"C Hobaiter"
"1290",1290,"K Liebal"
"1291",1291,"A Bestgen"
"1292",1292,"D Edler"
"1293",1293,"F Dickmann"
"1294",1294,"B Ferguson"
"1295",1295,"S Waxman"
"1296",1296,"T Besold"
"1297",1297,"A Pease"
"1298",1298,"M Schmidt"
"1299",1299,"J Davenport"
"1300",1300,"Y Kao"
"1301",1301,"S Schneider"
"1302",1302,"C Kaland"
"1303",1303,"L Oversteegen"
"1304",1304,"A Roepstorff"
"1305",1305,"J Hartshorne"
"1306",1306,"J Snedeker"
"1307",1307,"A Kim"
"1308",1308,"M Lindskog"
"1309",1309,"A Winman"
"1310",1310,"G Lacroix"
"1311",1311,"E Arnau"
"1312",1312,"T Sturm"
"1313",1313,"J Karnowski"
"1314",1314,"E Hutchins"
"1315",1315,"P Veto"
"1316",1316,"S Thill"
"1317",1317,"P Hemeren"
"1318",1318,"A Diedrich"
"1319",1319,"A Rangel"
"1320",1320,"M Usher"
"1321",1321,"J Kuorikoski"
"1322",1322,"S Pöyhönen"
"1323",1323,"N Conaway"
"1324",1324,"K Kurtz"
"1325",1325,"M Ponari"
"1326",1326,"V Ferdinand"
"1327",1327,"B Thompson"
"1328",1328,"K SMith"
"1329",1329,"G Weidemann"
"1330",1330,"C Driver"
"1331",1331,"K Simmons"
"1332",1332,"G Pusiol"
"1333",1333,"E Abramova"
"1334",1334,"R Fernandez"
"1335",1335,"F Sangati"
"1336",1336,"A Galati"
"1337",1337,"M Avraamides"
"1338",1338,"A Markman"
"1339",1339,"E Konstantinidis"
"1340",1340,"D Shanks"
"1341",1341,"M Tamariz"
"1342",1342,"M Matsumuro"
"1343",1343,"J Harbison"
"1344",1344,"E Yu"
"1345",1345,"E Hussey"
"1346",1346,"M Dougherty"
"1347",1347,"H Yoshida"
"1348",1348,"J Burling"
"1349",1349,"S Bogels"
"1350",1350,"D Barrett"
"1351",1351,"S Garrod"
"1352",1352,"K Kessler"
"1353",1353,"Ü Ayd?n"
"1354",1354,"C Acartürk"
"1355",1355,"K Ça??ltay"
"1356",1356,"E Crawford"
"1357",1357,"M Gingerich"
"1358",1358,"M Andrews"
"1359",1359,"A Merrick"
"1360",1360,"K GOdwin"
"1361",1361,"V Almeda"
"1362",1362,"M Petroccia"
"1363",1363,"R Baker"
"1364",1364,"M Mi?kowski"
"1365",1365,"G Brookshire"
"1366",1366,"C Graver"
"1367",1367,"J Hotaling"
"1368",1368,"A Cohen"
"1369",1369,"C Iani"
"1370",1370,"N Milanese"
"1371",1371,"S Rubichi"
"1372",1372,"J Ito"
"1373",1373,"M Stadtler"
"1374",1374,"L Scharrer"
"1375",1375,"T Ullman"
"1376",1376,"E Spelke"
"1377",1377,"N Engonopulos"
"1378",1378,"A Sayeed"
"1379",1379,"M Wilkinson"
"1380",1380,"L Ball"
"1381",1381,"A Kiefer"
"1382",1382,"S Bonneaud"
"1383",1383,"K Rio"
"1384",1384,"W Warren"
"1385",1385,"J Spencer"
"1386",1386,"G Schoener"
"1387",1387,"Y Sandamirskaya"
"1388",1388,"F Kanayet"
"1389",1389,"J Opfer"
"1390",1390,"W Cunningham"
"1391",1391,"D Danks"
"1392",1392,"K Hellman"
"1393",1393,"L Ziaka"
"1394",1394,"D Moirou"
"1395",1395,"E Vlahou"
"1396",1396,"A Corbett"
"1397",1397,"B MacLaren"
"1398",1398,"A Wagner"
"1399",1399,"L Kauffman"
"1400",1400,"A Mitchell"
"1401",1401,"T Moritsu"
"1402",1402,"B Scheibehenne"
"1403",1403,"H Schendan"
"1404",1404,"J Cooper"
"1405",1405,"L Mol"
"1406",1406,"A Kuhlen"
"1407",1407,"R Steen"
"1408",1408,"M Obbens"
"1409",1409,"S Guney"
"1410",1410,"J Fine"
"1411",1411,"M Jenkins"
"1412",1412,"P Slezak"
"1413",1413,"K Abe"
"1414",1414,"A M."
"1415",1415,"T Stavros"
"1416",1416,"V Gliozzi"
"1417",1417,"J Mayor"
"1418",1418,"M Khajah"
"1419",1419,"M Mozer"
"1420",1420,"S Dolscheid"
"1421",1421,"K Kolne"
"1422",1422,"K Hill"
"1423",1423,"L Gonnerman"
"1424",1424,"J Luno"
"1425",1425,"J Beck"
"1426",1426,"V Glebkin"
"1427",1427,"T Gerstenberg"
"1428",1428,"M Scholten"
"1429",1429,"D Read"
"1430",1430,"A Chuderski"
"1431",1431,"A Chuderska"
"1432",1432,"L Kelly"
"1433",1433,"D Lakens"
"1434",1434,"D Frassinelli"
"1435",1435,"C Scheepers"
"1436",1436,"P O'Rourke"
"1437",1437,"M Henderson"
"1438",1438,"P Liang"
"1439",1439,"X Jia"
"1440",1440,"N Zhong"
"1441",1441,"K Li"
"1442",1442,"S Johnson"
"1443",1443,"L Rips"
"1444",1444,"A Wiegmann"
"1445",1445,"M Lippold"
"1446",1446,"R Grigull"
"1447",1447,"J Nagel"
"1448",1448,"K Darby"
"1449",1449,"R Veale"
"1450",1450,"G Briggs"
"1451",1451,"M Scheutz"
"1452",1452,"K Uyanik"
"1453",1453,"Y Calskan"
"1454",1454,"A Bozcuoglu"
"1455",1455,"O Yuruten"
"1456",1456,"S Kalkan"
"1457",1457,"E Sahin"
"1458",1458,"C Frye"
"1459",1459,"J Jara-Ettinger"
"1460",1460,"A Dils"
"1461",1461,"L Boroditsky"
"1462",1462,"P Cheng"
"1463",1463,"M Liljeholm"
"1464",1464,"C Sandhofer"
"1465",1465,"D Haun"
"1466",1466,"B Ojalehto"
"1467",1467,"D Medin"
"1468",1468,"F Jaekel"
"1469",1469,"C Carroll"
"1470",1470,"E Furlong"
"1471",1471,"Z Jakab"
"1472",1472,"A Belardinelli"
"1473",1473,"H Gu"
"1474",1474,"J Myung"
"1475",1475,"M Pitt"
"1476",1476,"Z Lu"
"1477",1477,"B Nanay"
"1478",1478,"W York"
"1479",1479,"A Hartholt"
"1480",1480,"J Lindstedt"
"1481",1481,"L Wakeford"
"1482",1482,"W Murray"
"1483",1483,"T Bekolay"
"1484",1484,"C Kolbeck"
"1485",1485,"L Carslon"
"1486",1486,"M Skubic"
"1487",1487,"J Miller"
"1488",1488,"Z Huo"
"1489",1489,"T Alexenko"
"1490",1490,"Y Noh"
"1491",1491,"F Park"
"1492",1492,"D Lee"
"1493",1493,"E Dechter"
"1494",1494,"J Vogels"
"1495",1495,"A Maes"
"1496",1496,"G Thompson"
"1497",1497,"P Montez"
"1498",1498,"M Mitchell"
"1499",1499,"E Reiter"
"1500",1500,"T Gureckis"
"1501",1501,"P Pirolli"
"1502",1502,"J Proust"
"1503",1503,"R Miller"
"1504",1504,"F Cushman"
"1505",1505,"K Quintelier"
"1506",1506,"S Elqayam"
"1507",1507,"V Thompson"
"1508",1508,"J Evans"
"1509",1509,"D Over"
"1510",1510,"S Kreitler"
"1511",1511,"N Kanzaki"
"1512",1512,"R Nakaike"
"1513",1513,"N Kirk"
"1514",1514,"K Scott-Brown"
"1515",1515,"A Rusanen"
"1516",1516,"O Lappi"
"1517",1517,"M Damian"
"1518",1518,"G Garcia"
"1519",1519,"S Frintrop"
"1520",1520,"M Fific"
"1521",1521,"M Buckmann"
"1522",1522,"J Corter"
"1523",1523,"J Gao"
"1524",1524,"Y Tanaka"
"1525",1525,"J Nickerson"
"1526",1526,"S Vosniadou"
"1527",1527,"A Shtulman"
"1528",1528,"K Harrington"
"1529",1529,"I Hardey"
"1530",1530,"L Powell"
"1531",1531,"S Carey"
"1532",1532,"L Bott"
"1533",1533,"E Chemla"
"1534",1534,"M Dione"
"1535",1535,"L Ott"
"1536",1536,"P Escudero"
"1537",1537,"K Mulak"
"1538",1538,"H Vlach"
"1539",1539,"S Sauppe"
"1540",1540,"E Norcliffe"
"1541",1541,"A Konopka"
"1542",1542,"R Valin"
"1543",1543,"S Levinson"
