"","id","label"
"1",1,"W Vanpaemel"
"2",2,"S Pattyn"
"3",3,"G Storms"
"4",4,"E Francozo"
"5",5,"R Garcia"
"6",6,"V Rinaldi"
"7",7,"M Komori"
"8",8,"C Nagaoka"
"9",9,"S Yoshikawa"
"10",10,"K Dieussaert"
"11",11,"D Vansteenwegen"
"12",12,"A Assche"
"13",13,"B Christian"
"14",14,"T Griffiths"
"15",15,"M Kalish"
"16",16,"H Gust"
"17",17,"K Kuhnberger"
"18",18,"Y Liu"
"19",19,"C Wu"
"20",20,"T Ricks"
"21",21,"K Turley-Ames"
"22",22,"J Wiley"
"23",23,"M Alibali"
"24",24,"K Bieda"
"25",25,"A Hostetter"
"26",26,"E Knuth"
"27",27,"M Nathan"
"28",28,"M Ferreira"
"29",29,"L Garcia-Marques"
"30",30,"M Garrido"
"31",31,"D Hamilton"
"32",32,"N Cassimatis"
"33",33,"A Murugesan"
"34",34,"T Susi"
"35",35,"C Palmer"
"36",36,"A Kyburg"
"37",37,"N Abdikeev"
"38",38,"T Inui"
"39",39,"S Tarasenko"
"40",40,"R Costa"
"41",41,"R Elio"
"42",42,"Y Hagmayer"
"43",43,"M Sydow"
"44",44,"A McHugh"
"45",45,"W Sieck"
"46",46,"J Smith"
"47",47,"Z Estes"
"48",48,"S Simmons"
"49",49,"D Harter"
"50",50,"R Kozma"
"51",51,"C Brojde"
"52",52,"E Colunga"
"53",53,"J Laux"
"54",54,"A Markman"
"55",55,"F Baughman"
"56",56,"N Forrester"
"57",57,"F Richardson"
"58",58,"M Thomas"
"59",59,"K Adachi"
"60",60,"Y Kawasaki"
"61",61,"K Manktelow"
"62",62,"H Mercier"
"63",63,"J Henst"
"64",64,"H Yama"
"65",65,"C Fisher"
"66",66,"S Gahl"
"67",67,"S Garnsey"
"68",68,"L Matzen"
"69",69,"L Connell"
"70",70,"D Lynott"
"71",71,"D Galbraith"
"72",72,"J Hallam"
"73",73,"M Torrance"
"74",74,"C Robinson"
"75",75,"V Sloutsky"
"76",76,"D Cassenti"
"77",77,"T Ghirardelli"
"78",78,"T Kelley"
"79",79,"R Hadley"
"80",80,"C Bell"
"81",81,"P McCarthy"
"82",82,"D McNamara"
"83",83,"G Feng"
"84",84,"L Yi"
"85",85,"B Abbs"
"86",86,"P Gupta"
"87",87,"N Nersessian"
"88",88,"W Newstetter"
"89",89,"Y Sun"
"90",90,"A D'Angiulli"
"91",91,"M Flecha-Garcia"
"92",92,"T Fangmeier"
"93",93,"M Knauff"
"94",94,"M Ragni"
"95",95,"L Webber"
"96",96,"L Ferres"
"97",97,"G Lindgaard"
"98",98,"M Rasouli"
"99",99,"A Parush"
"100",100,"M MacMahon"
"101",101,"B Stankiewicz"
"102",102,"J Campbell"
"103",103,"M Lee"
"104",104,"M Romano"
"105",105,"H Harris"
"106",106,"B Rehder"
"107",107,"S Hidaka"
"108",108,"J Saiki"
"109",109,"L Smith"
"110",110,"M Nakagawa"
"111",111,"K Sakamoto"
"112",112,"A Proctor"
"113",113,"L Rips"
"114",114,"D Danks"
"115",115,"P DeCamp"
"116",116,"M Fleischman"
"117",117,"P Gorniak"
"118",118,"J Guinness"
"119",119,"R Kubat"
"120",120,"M Levit"
"121",121,"N Mavridis"
"122",122,"R Patel"
"123",123,"B Roy"
"124",124,"D Roy"
"125",125,"S Tellex"
"126",126,"A Salata"
"127",127,"U Drewitz"
"128",128,"M Thuring"
"129",129,"L Urbas"
"130",130,"M Crocker"
"131",131,"I Farkas"
"132",132,"J Chariker"
"133",133,"N Claudio"
"134",134,"R Fell"
"135",135,"J Pani"
"136",136,"V Taler"
"137",137,"S Baum"
"138",138,"D Saumier"
"139",139,"K Robinson"
"140",140,"T Halverson"
"141",141,"A Hornof"
"142",142,"K Gold"
"143",143,"B Scassellati"
"144",144,"B Hard"
"145",145,"G Recchia"
"146",146,"J Ritchie"
"147",147,"A Abdelali"
"148",148,"P Foltz"
"149",149,"M Martin"
"150",150,"R Oberbreckling"
"151",151,"M Rosenstein"
"152",152,"R Golden"
"153",153,"S Goldman"
"154",154,"V Bolender"
"155",155,"J Choplin"
"156",156,"M Hoque"
"157",157,"P Jeuniaux"
"158",158,"G Lewis"
"159",159,"M Louwerse"
"160",160,"J Wu"
"161",161,"A Bond"
"162",162,"A Heckler"
"163",163,"J Kaminski"
"164",164,"C Rytting"
"165",165,"B Kaup"
"166",166,"J Ludtke"
"167",167,"T Blaazer"
"168",168,"I Visser"
"169",169,"J Treur"
"170",170,"E Bigand"
"171",171,"C Delbe"
"172",172,"R French"
"173",173,"K Devitt"
"174",174,"R Bromme"
"175",175,"S Pieschl"
"176",176,"E Stahl"
"177",177,"I Ash"
"178",178,"K Kurosaki"
"179",179,"T Omori"
"180",180,"A Bichot"
"181",181,"D Hartnagel"
"182",182,"C Roumes"
"183",183,"S Hauser"
"184",184,"A Meier"
"185",185,"H Spada"
"186",186,"N Rummel"
"187",187,"S Chin-Parker"
"188",188,"O Hernandez"
"189",189,"M Matens"
"190",190,"B Love"
"191",191,"Y Sakamoto"
"192",192,"M Keane"
"193",193,"R Maguire"
"194",194,"S Cho"
"195",195,"S Kim"
"196",196,"Y Kim"
"197",197,"J Lee"
"198",198,"E Yoon"
"199",199,"Y Aloimonos"
"200",200,"G Guerra-Filho"
"201",201,"J Rambusch"
"202",202,"A Guha"
"203",203,"N Davey"
"204",204,"D Done"
"205",205,"A Thurman"
"206",206,"R Frank"
"207",207,"P Bello"
"208",208,"C Coble"
"209",209,"H Wang"
"210",210,"M Anderson"
"211",211,"J Go"
"212",212,"B Lee"
"213",213,"S Li"
"214",214,"B Sutandio"
"215",215,"L Zhou"
"216",216,"H Honda"
"217",217,"K Yamagishi"
"218",218,"R Bapi"
"219",219,"K Doya"
"220",220,"K Miyapuram"
"221",221,"D Dufty"
"222",222,"A Graesser"
"223",223,"A Clark"
"224",224,"R Eyraud"
"225",225,"M Jones"
"226",226,"W Schaeken"
"227",227,"S Verbrugge"
"228",228,"H Liu"
"229",229,"A Finn"
"230",230,"C Kam"
"231",231,"S Sherman"
"232",232,"A Cox"
"233",233,"M Silva"
"234",234,"E Kus"
"235",235,"P Fernbach"
"236",236,"E Chronicle"
"237",237,"J MacGregor"
"238",238,"T Ormerod"
"239",239,"C Bai"
"240",240,"S Iwasaki"
"241",241,"Y Kotozaki"
"242",242,"N Campion"
"243",243,"T Payton"
"244",244,"F Vallee-Tourangeau"
"245",245,"A Corner"
"246",246,"U Hahn"
"247",247,"M Oaksford"
"248",248,"C Timbrook"
"249",249,"K Kurtz"
"250",250,"K Levering"
"251",251,"B Gibson"
"252",252,"M Schuetz"
"253",253,"R Adams"
"254",254,"L Calcraft"
"255",255,"C Beierlein"
"256",256,"M Imhof"
"257",257,"R Berierlein"
"258",258,"G Schoner"
"259",259,"J Spencer"
"260",260,"E Fioratou"
"261",261,"K Forbus"
"262",262,"D Halstead"
"263",263,"K Lockwood"
"264",264,"J Usher"
"265",265,"F Keller"
"266",266,"C Scheepers"
"267",267,"M Lovett"
"268",268,"M Rosenberg-Lee"
"269",269,"R Salden"
"270",270,"F Paas"
"271",271,"J Merrienboer"
"272",272,"D Athreya"
"273",273,"S Chandrasekharan"
"274",274,"N Srinivasan"
"275",275,"S D'Mello"
"276",276,"S Franklin"
"277",277,"U Ramamurthy"
"278",278,"N Charter"
"279",279,"F Poletiek"
"280",280,"J Adelman"
"281",281,"N Stewart"
"282",282,"M Kobayashi"
"283",283,"E Miyamoto"
"284",284,"K Sato"
"285",285,"R Grondin"
"286",286,"S Lupker"
"287",287,"K McRae"
"288",288,"K Abe"
"289",289,"M Kapur"
"290",290,"I Dodge"
"291",291,"D Lonsdale"
"292",292,"C Kee"
"293",293,"S Lim"
"294",294,"C Frosch"
"295",295,"P Johnson-Laird"
"296",296,"B Garsoffky"
"297",297,"M Huff"
"298",298,"S Schwan"
"299",299,"P Monaghan"
"300",300,"G Pagliuca"
"301",301,"E Sagi"
"302",302,"S Keskinen"
"303",303,"R Sitala"
"304",304,"V Taatila"
"305",305,"J Suomala"
"306",306,"E Chown"
"307",307,"R Cochran"
"308",308,"F Lee"
"309",309,"L Egri"
"310",310,"T Shultz"
"311",311,"A Cater"
"312",312,"F Costello"
"313",313,"B Devereux"
"314",314,"P Maguire"
"315",315,"M Avraamides"
"316",316,"M Kyranidou"
"317",317,"E Nicoladis"
"318",318,"M Rhemtulla"
"319",319,"P Brooks"
"320",320,"V Kempe"
"321",321,"N Seva"
"322",322,"J Kamalski"
"323",323,"L Lentz"
"324",324,"T Sanders"
"325",325,"P Bosch"
"326",326,"K Hugdahl"
"327",327,"M Noort"
"328",328,"S Denison"
"329",329,"V Garcia"
"330",330,"K Konopczynski"
"331",331,"F Xu"
"332",332,"A Brook"
"333",333,"P Raymont"
"334",334,"W Ahn"
"335",335,"C Luhmann"
"336",336,"B Kokinov"
"337",337,"G Petkov"
"338",338,"J Lacroix"
"339",339,"J Murre"
"340",340,"E Postma"
"341",341,"E Livesey"
"342",342,"C Mansi"
"343",343,"I McLaren"
"344",344,"J Stemberger"
"345",345,"A Dix"
"346",346,"L McKnight"
"347",347,"C Sas"
"348",348,"C Baker"
"349",349,"E Bonawitz"
"350",350,"N Goodman"
"351",351,"A Gopnik"
"352",352,"V Mansinghka"
"353",353,"L Schulz"
"354",354,"J Tenenbaum"
"355",355,"H Wellman"
"356",356,"W Goh"
"357",357,"R Misra"
"358",358,"P Knoeferle"
"359",359,"T Agata"
"360",360,"T Okada"
"361",361,"Z Bilda"
"362",362,"J Gero"
"363",363,"J Snedeker"
"364",364,"M Thothathiri"
"365",365,"M O'Brien"
"366",366,"S Waldron"
"367",367,"J Patrick"
"368",368,"A Howes"
"369",369,"G Duggan"
"370",370,"F Dandurand"
"371",371,"A Thurnham"
"372",372,"G Anderson"
"373",373,"C Kello"
"374",374,"R Ward"
"375",375,"D Brock"
"376",376,"B McClimens"
"377",377,"T Poibeau"
"378",378,"C Dawson"
"379",379,"L Gerken"
"380",380,"M Ralph"
"381",381,"S Welbourne"
"382",382,"R Catrambone"
"383",383,"P Gerjets"
"384",384,"K Scheiter"
"385",385,"B Vollmann"
"386",386,"D Fum"
"387",387,"A Stocco"
"388",388,"J LeFevre"
"389",389,"M Penner-Wilger"
"390",390,"F Keil"
"391",391,"C Proctor"
"392",392,"T Bosse"
"393",393,"C Jonker"
"394",394,"R Mappus"
"395",395,"A Ram"
"396",396,"G Jackson"
"397",397,"H Kim"
"398",398,"A Olney"
"399",399,"M Bassok"
"400",400,"L Doumas"
"401",401,"A Guthormson"
"402",402,"J Hummel"
"403",403,"P Carpenter"
"404",404,"C Davia"
"405",405,"D Cammack"
"406",406,"D Hoffman"
"407",407,"C Kinzer"
"408",408,"S Kontovourki"
"409",409,"S Lohnes"
"410",410,"S Turkay"
"411",411,"R Byrne"
"412",412,"S Egan"
"413",413,"J Elman"
"414",414,"A Kehler"
"415",415,"L Kertz"
"416",416,"P Loui"
"417",417,"D Wessel"
"418",418,"R Goldstone"
"419",419,"J Son"
"420",420,"R Garcia-Marques"
"421",421,"G Gigerenzer"
"422",422,"M Takezawa"
"423",423,"L Kaczmarczyk"
"424",424,"M Last"
"425",425,"R Miikkulainen"
"426",426,"A Cleland"
"427",427,"M Gaskell"
"428",428,"P Quinlan"
"429",429,"J Tamminen"
"430",430,"N Bryan-Kinns"
"431",431,"S Nabavian"
"432",432,"P Otto"
"433",433,"H Stott"
"434",434,"H Beseoglu"
"435",435,"J Fleishhauer"
"436",436,"M Werning"
"437",437,"F Gosselin"
"438",438,"J Leclerc"
"439",439,"T Izawa"
"440",440,"S Kiyokawa"
"441",441,"K Ueda"
"442",442,"T Garcia-Marques"
"443",443,"D Mackie"
"444",444,"K Cho"
"445",445,"C Schunn"
"446",446,"T O'Riley"
"447",447,"M Rowe"
"448",448,"R Taylor"
"449",449,"N Kyriakopoulou"
"450",450,"S Vosniadou"
"451",451,"N Bullot"
"452",452,"R Dale"
"453",453,"N HIndy"
"454",454,"M Spivey"
"455",455,"B Chandrasekaran"
"456",456,"U Kurup"
"457",457,"C Beaman"
"458",458,"K Goddard"
"459",459,"R McCloy"
"460",460,"P Alfaro"
"461",461,"K Livingston"
"462",462,"M Butavicius"
"463",463,"R Vast"
"464",464,"E Briscoe"
"465",465,"J Feldman"
"466",466,"E Wisniewski"
"467",467,"A Utsumi"
"468",468,"D Barr"
"469",469,"E Kronmuller"
"470",470,"M Diehl"
"471",471,"S Mueller"
"472",472,"R Ziegler"
"473",473,"F Balcomb"
"474",474,"D Gentner"
"475",475,"A Lovett"
"476",476,"E Chrysikou"
"477",477,"C Ramey"
"478",478,"M Gordon"
"479",479,"C Kemp"
"480",480,"P Shafto"
"481",481,"J Schuh"
"482",482,"N Nicolov"
"483",483,"F Salvetti"
"484",484,"H Branigan"
"485",485,"M Watson"
"486",486,"M Pickering"
"487",487,"M Christiansen"
"488",488,"O Hermesh"
"489",489,"K Mendiuk"
"490",490,"O Shacham"
"491",491,"B Sandbank"
"492",492,"P Hristova"
"493",493,"M Asano"
"494",494,"K Yokosawa"
"495",495,"F Keijzer"
"496",496,"R Scott"
"497",497,"P Williams"
"498",498,"P Hendriks"
"499",499,"J Hoeks"
"500",500,"L Zijlstra"
"501",501,"D Leake"
"502",502,"T Reichherzer"
"503",503,"P Saka"
"504",504,"C Green"
"505",505,"A Kittur"
"506",506,"W Schroyens"
"507",507,"A Sevenants"
"508",508,"S Fischer"
"509",509,"R Lowe"
"510",510,"M Tomlinson"
"511",511,"D Sibley"
"512",512,"E Neufeld"
"513",513,"M Sanscartier"
"514",514,"C Hue"
"515",515,"M Lo"
"516",516,"F Tsai"
"517",517,"A Ahmed"
"518",518,"G Dell"
"519",519,"C Whalen"
"520",520,"S Kenpei"
"521",521,"D Bartels"
"522",522,"S Day"
"523",523,"C Aitkin"
"524",524,"S Schwartz"
"525",525,"M Buehner"
"526",526,"F Mairesse"
"527",527,"M Walker"
"528",528,"G Gunzelmann"
"529",529,"D Lyon"
"530",530,"T Ferretti"
"531",531,"A Katz"
"532",532,"C Schwint"
"533",533,"J Leung"
"534",534,"J Williams"
"535",535,"T Griffin"
"536",536,"B Jee"
"537",537,"S Santos"
"538",538,"S Moreira"
"539",539,"M Imai"
"540",540,"H Saalbach"
"541",541,"A Maye"
"542",542,"D Bodemer"
"543",543,"J Buder"
"544",544,"A Kozbelt"
"545",545,"S Hockema"
"546",546,"L Onnis"
"547",547,"C Yu"
"548",548,"Y Yang"
"549",549,"T Stewart"
"550",550,"N Duran"
"551",551,"W Jones"
"552",552,"A Klin"
"553",553,"F Shic"
"554",554,"H Bulthoff"
"555",555,"T Meilinger"
"556",556,"J Busemeyer"
"557",557,"M Matthew"
"558",558,"Z Wang"
"559",559,"C Eliasmith"
"560",560,"A Litt"
"561",561,"P Thagard"
"562",562,"J Hsiao"
"563",563,"R Shillcock"
"564",564,"P Cheng"
"565",565,"H Rojas-Anaya"
"566",566,"D Reitter"
"567",567,"J Moore"
"568",568,"M Goldwater"
"569",569,"N Lee"
"570",570,"J Johnson"
"571",571,"G Schöner"
"572",572,"A Bender"
"573",573,"H Swoboda"
"574",574,"S Traber"
"575",575,"S Cargill"
"576",576,"T Farmer"
"577",577,"N Hindy"
"578",578,"K Nakamura"
"579",579,"T Gureckis"
"580",580,"A Perfors"
"581",581,"K Jack"
"582",582,"C Reed"
"583",583,"A Waller"
"584",584,"D Eccles"
"585",585,"K Ericsson"
"586",586,"K Harris"
"587",587,"L Lang"
"588",588,"L Tashman"
"589",589,"P Ward"
"590",590,"A Williams"
"591",591,"J Ramrattan"
"592",592,"K Holyoak"
"593",593,"D Freudenthal"
"594",594,"F Gobert"
"595",595,"J Pine"
"596",596,"P Slezak"
"597",597,"J Keller"
"598",598,"J Loewenstein"
"599",599,"G Biswas"
"600",600,"J Tan"
"601",601,"D Schwartz"
"602",602,"A Prefors"
"603",603,"T Regier"
"604",604,"P Chipman"
"605",605,"B Gholson"
"606",606,"B McDaniel"
"607",607,"A Witherspoon"
"608",608,"K Christoff"
"609",609,"K Keramaian"
"610",610,"B Luus"
"611",611,"J Schoner"
"612",612,"J Smallwood"
"613",613,"R Smith"
"614",614,"H Blumenfeld"
"615",615,"V Marian"
"616",616,"B Burns"
"617",617,"F Chang"
"618",618,"E Lieven"
"619",619,"M Tomasello"
"620",620,"R Bogacz"
"621",621,"K Gurney"
"622",622,"A Lang"
"623",623,"A Feeney"
"624",624,"C Wilburn"
"625",625,"D Baldwin"
"626",626,"M Mozer"
"627",627,"J Maouene"
"628",628,"J Opfer"
"629",629,"C Thompson"
"630",630,"M Croker"
"631",631,"U Padó"
"632",632,"A Gatt"
"633",633,"L Barrington"
"634",634,"G Cottrell"
"635",635,"D Dinges"
"636",636,"K Gluck"
"637",637,"J Gross"
"638",638,"H Dongen"
"639",639,"R Morrison"
"640",640,"L Richland"
"641",641,"W Fu"
"642",642,"C Gonzalez"
"643",643,"V Simmering"
"644",644,"S Ito"
"645",645,"S Iwasawa"
"646",646,"K Kogure"
"647",647,"I Umata"
"648",648,"T Baccino"
"649",649,"J Canas"
"650",650,"L Salmerón"
"651",651,"S Goldin-Meadow"
"652",652,"R Ping"
"653",653,"M Mayberry"
"654",654,"D Navarro"
"655",655,"A Sanborn"
"656",656,"S Chambaron"
"657",657,"D Ginhac"
"658",658,"P Perruchet"
"659",659,"R Lewis"
"660",660,"S Wu"
"661",661,"R Remington"
"662",662,"E Ameel"
"663",663,"B Malt"
"664",664,"S Scrafton"
"665",665,"H Bülthoff"
"666",666,"B Meder"
"667",667,"M Waldmann"
"668",668,"W Maddox"
"669",669,"K Wheeler"
"670",670,"D Stojanovic"
"671",671,"N Vershueren"
"672",672,"J Whitmore"
"673",673,"D Richardson"
"674",674,"N Baisby"
"675",675,"D Shieh"
"676",676,"I Tollinger"
"677",677,"A Vera"
"678",678,"G Lupyan"
"679",679,"D Rakison"
"680",680,"Y Ozuru"
"681",681,"W Gray"
"682",682,"H Neth"
"683",683,"C Sims"
"684",684,"A Gupta"
"685",685,"D Noelle"
"686",686,"J Anderson"
"687",687,"G Campbell"
"688",688,"S Chin"
"689",689,"O Boukrina"
"690",690,"V Marien"
"691",691,"K Miwa"
"692",692,"H Terai"
"693",693,"M Chhabra"
"694",694,"R Jacobs"
"695",695,"J Bullinaria"
"696",696,"S Hübner"
"697",697,"M Nückles"
"698",698,"A Renkl"
"699",699,"S Frank"
"700",700,"W Haselager"
"701",701,"P Li"
"702",702,"B McCandliss"
"703",703,"H Shu"
"704",704,"J Zevin"
"705",705,"J Yang"
"706",706,"R Aslin"
"707",707,"J Fiser"
"708",708,"M Lengyel"
"709",709,"G Orban"
"710",710,"A Fisher"
"711",711,"C Myers"
"712",712,"M Schoelles"
"713",713,"L Boroditsky"
"714",714,"J Winawer"
"715",715,"N Witthoft"
"716",716,"J Evans"
"717",717,"S Beller"
"718",718,"R Ratwani"
"719",719,"J Trafton"
"720",720,"A Kranjec"
"721",721,"J Lipinski"
"722",722,"L Samuelson"
"723",723,"R Ellis"
"724",724,"L Vainio"
"725",725,"M Tucker"
"726",726,"S Munro"
"727",727,"D Sobel"
"728",728,"B Balas"
"729",729,"E Conwell"
"730",730,"D Cox"
"731",731,"J Asmuth"
"732",732,"C Fausey"
"733",733,"H Yoshida"
"734",734,"B Dobbertin"
"735",735,"J Horst"
"736",736,"A Schutte"
"737",737,"B McMurray"
"738",738,"J Wittwer"
"739",739,"L Schmidt"
"740",740,"S Linek"
"741",741,"W Neys"
"742",742,"W Shaeken"
"743",743,"S Elqayam"
"744",744,"E Ohm"
"745",745,"D Over"
"746",746,"M Lehman"
"747",747,"K Malmberg"
"748",748,"L Sahakyan"
"749",749,"J Marsh"
"750",750,"M Greene"
"751",751,"A Oliva"
"752",752,"J Lindblom"
"753",753,"A Couyoumdjian"
"754",754,"G Pezzulo"
"755",755,"D Kieras"
"756",756,"S Marshall"
"757",757,"S Lane"
"758",758,"R Matthews"
"759",759,"B Sallas"
"760",760,"R Sun"
"761",761,"S Christie"
"762",762,"M Schnadt"
"763",763,"M Corley"
"764",764,"M Liljeholm"
"765",765,"H Lu"
"766",766,"A Yuille"
"767",767,"J Black"
"768",768,"J Kruschke"
"769",769,"Y Huang"
"770",770,"J Cownie"
"771",771,"A Schlottmann"
"772",772,"E Ray"
"773",773,"P Smith"
"774",774,"H Rohde"
"775",775,"A Abeles"
"776",776,"A Blandford"
"777",777,"P Cairns"
"778",778,"R Young"
"779",779,"N Taatgen"
"780",780,"H Rijn"
"781",781,"M Netto"
"782",782,"E Hudlicka"
"783",783,"A Mitrovic"
"784",784,"S Ohlsson"
"785",785,"J Magnuson"
"786",786,"D Mirman"
"787",787,"M Straatemeier"
"788",788,"G Bennardo"
"789",789,"J Boster"
"790",790,"A Majid"
"791",791,"D Medin"
"792",792,"J Wassmann"
"793",793,"M Alac"
"794",794,"J Greeno"
"795",795,"E Hutchins"
"796",796,"N Myers"
"797",797,"R Mathews"
"798",798,"A Stull"
"799",799,"V Patel"
"800",800,"J Zhang"
"801",801,"Y Xiao"
"802",802,"J Gratch"
"803",803,"F Ritter"
"804",804,"D Roberson"
"805",805,"T Gendler"
"806",806,"L Gleitman"
"807",807,"E Newport"
"808",808,"D Weiss"
"809",809,"N Miyake"
"810",810,"R Ashley"
"811",811,"E Hannon"
"812",812,"H Honing"
"813",813,"S Hutchins"
"814",814,"E Large"
"815",815,"S Gamard"
"816",816,"V Veksler"
"817",817,"B Zafrina"
"818",818,"T Lombrozo"
"819",819,"D Zaitchik"
"820",820,"H Kobayashi"
"821",821,"S Shinozaki"
"822",822,"T Yasuda"
"823",823,"P Boechler"
"824",824,"L Leenaars"
"825",825,"I Levner"
"826",826,"D Steffler"
"827",827,"T Hattori"
"828",828,"T Kusumi"
"829",829,"A Booth"
"830",830,"E Blagrove"
"831",831,"M Ellefson"
"832",832,"E Johnstone"
"833",833,"C Madden"
"834",834,"D Therriault"
"835",835,"W Badecker"
"836",836,"R Morley"
"837",837,"P Smolensky"
"838",838,"E Catanzariti"
"839",839,"R Prevete"
"840",840,"M Santoro"
"841",841,"G Tessitore"
"842",842,"A Hoffman"
"843",843,"P Bradley"
"844",844,"S Bawa"
"845",845,"C Dodson"
"846",846,"J Bond-Robinson"
"847",847,"R Robinson"
"848",848,"A Preece"
"849",849,"K Goedert"
"850",850,"A Brunstein"
"851",851,"G Cree"
"852",852,"C O'Connor"
"853",853,"N Davidenko"
"854",854,"M Ramscar"
"855",855,"C Was"
"856",856,"D Woltz"
"857",857,"I Gyobu"
"858",858,"N Shinoaga"
"859",859,"M Toda"
"860",860,"B Rottman"
"861",861,"S Kershaw"
"862",862,"E Lightman"
"863",863,"A Ankowski"
"864",864,"C Sandhofer"
"865",865,"S Obeidallah"
"866",866,"G Raney"
"867",867,"C Hall"
"868",868,"D Lee"
"869",869,"T Kershaw"
"870",870,"S Lewandowsky"
"871",871,"D Little"
"872",872,"F Opstal"
"873",873,"T Verguts"
"874",874,"W Fias"
"875",875,"A Reeves"
"876",876,"R Beachell"
"877",877,"S Yildirim"
"878",878,"A Barbey"
"879",879,"P Wolff"
"880",880,"C Patterson"
"881",881,"I Sekerina"
"882",882,"J Fadardi"
"883",883,"E Ziori"
"884",884,"E Pothos"
"885",885,"K Tapper"
"886",886,"A Fenk"
"887",887,"G Fenk-Oczlon"
"888",888,"D Huber"
"889",889,"C Rieth"
"890",890,"J Dzacck"
"891",891,"H Nojima"
"892",892,"N Shingaki"
"893",893,"S Deyne"
"894",894,"G Stroms"
"895",895,"S Sloman"
"896",896,"K Hirata"
"897",897,"M Itoh"
"898",898,"T Kawasaki"
"899",899,"S Irini"
"900",900,"I Kalliopi"
"901",901,"V Stella"
"902",902,"C Janssen"
"903",903,"L Maanen"
"904",904,"H Norbury"
"905",905,"S Waxman"
"906",906,"I Rooij"
"907",907,"C Wright"
"908",908,"E Lee"
"909",909,"M Chung"
"910",910,"J Jeon"
"911",911,"M Na"
"912",912,"E Davelaar"
"913",913,"C Galli"
"914",914,"V Zammuner"
"915",915,"D Landy"
"916",916,"L Hoshino"
"917",917,"V Goel"
"918",918,"J Grafman"
"919",919,"V Raymont"
"920",920,"S Kalyuga"
"921",921,"B Klettke"
"922",922,"P Andersson"
"923",923,"E Cokely"
"924",924,"S Yokochi"
"925",925,"E Campana"
"926",926,"S Packard"
"927",927,"M Tanenhaus"
"928",928,"S Gilutz"
"929",929,"N Yu"
"930",930,"T Yamauchi"
"931",931,"N James"
"932",932,"R Vitral"
"933",933,"E Silva"
"934",934,"D Sales"
"935",935,"B MacWhinney"
"936",936,"Y Kao"
"937",937,"E Pogossian"
"938",938,"M Henighan"
"939",939,"R Thomson"
"940",940,"J Schoenherr"
"941",941,"S Pronovost"
"942",942,"P Rebuschat"
"943",943,"M Hirakawa"
"944",944,"H Shirouzu"
"945",945,"B Jansen"
"946",946,"M Raijmakers"
"947",947,"G Caldwell"
"948",948,"L Riby"
"949",949,"J Skelly"
"950",950,"J Hahn"
"951",951,"I Skopeliti"
"952",952,"B Boer"
"953",953,"G Koostra"
"954",954,"A Nederveen"
"955",955,"T Kojima"
"956",956,"D Tanaka"
"957",957,"A Yamada"
"958",958,"K Shigemasu"
"959",959,"P Lindstrom"
"960",960,"S Channon"
"961",961,"M Speekenbrink"
"962",962,"D Shanks"
"963",963,"T Richter"
"964",964,"E Harada"
"965",965,"S Suto"
"966",966,"J Magliano"
"967",967,"S Todaro"
"968",968,"M Frank"
"969",969,"E Gibson"
"970",970,"R Anderson"
"971",971,"M Doherty"
"972",972,"J Gilkey"
"973",973,"M Chan"
"974",974,"S Briner"
"975",975,"L Perry"
"976",976,"M Meade"
"977",977,"D Morrow"
"978",978,"T Nokes"
"979",979,"E Stine-Morrow"
"980",980,"K Dilkina"
"981",981,"J McClelland"
"982",982,"A Smith"
"983",983,"M Hegarty"
"984",984,"P Khooshabeh"
"985",985,"P Pavlik"
"986",986,"M Maouene"
"987",987,"D Gilin"
"988",988,"W MacInnes"
"989",989,"S Kelly"
"990",990,"R Mancy"
"991",991,"N Perham"
"992",992,"D Billman"
"993",993,"S Borrett"
"994",994,"W Bridewell"
"995",995,"G Aschersleben"
"996",996,"M Daum"
"997",997,"W Prinz"
"998",998,"J Kiefer"
"999",999,"T Zamuner"
"1000",1000,"G Goodwin"
"1001",1001,"A Herdman"
"1002",1002,"C Hertzman"
"1003",1003,"D Stapells"
"1004",1004,"K Dijkstra"
"1005",1005,"M Kaschak"
"1006",1006,"M Moisirlisoy"
"1007",1007,"R Zwaan"
"1008",1008,"A Kessell"
"1009",1009,"B Tversky"
"1010",1010,"K Dempsey"
"1011",1011,"B Heerebout"
"1012",1012,"G Schraverus"
"1013",1013,"R Phaf"
"1014",1014,"H Izumori"
"1015",1015,"J Kitamura"
"1016",1016,"T Bitan"
"1017",1017,"J Booth"
"1018",1018,"J Cheon"
"1019",1019,"M Gattis"
"1020",1020,"E Hoicka"
"1021",1021,"A Gigi"
"1022",1022,"I Eigsti"
"1023",1023,"S Fang"
"1024",1024,"D Basnight-Brown"
"1025",1025,"L Feldman"
"1026",1026,"Y Kanai"
"1027",1027,"S Crossley"
"1028",1028,"V Aleven"
"1029",1029,"F Milton"
"1030",1030,"A Wills"
"1031",1031,"N Chang"
"1032",1032,"E Mok"
"1033",1033,"A Bangerter"
"1034",1034,"S Bettex"
"1035",1035,"K Matsuda"
"1036",1036,"A Nelson"
"1037",1037,"R Shiffrin"
"1038",1038,"S Kozai"
"1039",1039,"J Jameson"
"1040",1040,"T Cooper"
"1041",1041,"C Crockett"
"1042",1042,"S Sünram-Lea"
"1043",1043,"M Pavlovskaya"
"1044",1044,"S Hochstein"
"1045",1045,"J Cady"
"1046",1046,"F Pons"
"1047",1047,"L Sabourin"
"1048",1048,"J Werker"
"1049",1049,"S Ghiasinejad"
"1050",1050,"M YIP"
"1051",1051,"E Chevalley"
"1052",1052,"M Grealy"
"1053",1053,"R Lindgren"
"1054",1054,"B Gula"
"1055",1055,"O Vitouch"
"1056",1056,"S Argamon"
"1057",1057,"M Evens"
"1058",1058,"E Lulis"
"1059",1059,"X Tian"
"1060",1060,"T Crowley"
"1061",1061,"F Kobayashi"
"1062",1062,"D Brumby"
"1063",1063,"D Salvucci"
"1064",1064,"R Babai"
"1065",1065,"R Sekal"
"1066",1066,"R Stavy"
"1067",1067,"I Juvina"
"1068",1068,"S Finley"
"1069",1069,"N Kim"
"1070",1070,"M Ryan"
"1071",1071,"X Zhao"
"1072",1072,"S Blessing"
"1073",1073,"P Dronek"
"1074",1074,"T Taira"
"1075",1075,"W Chung"
"1076",1076,"N Segalowitz"
"1077",1077,"C Chang"
"1078",1078,"J Hu"
"1079",1079,"S Varma"
"1080",1080,"P Hull-Smith"
"1081",1081,"W Shore"
"1082",1082,"B Pedersen"
"1083",1083,"M Koulianou"
"1084",1084,"E Bos"
"1085",1085,"J Kawaguchi"
"1086",1086,"H Nakamura"
"1087",1087,"H Ginsburg"
"1088",1088,"S Stavinoha"
"1089",1089,"J Huttenlocher"
"1090",1090,"S Levine"
"1091",1091,"L Suriyakham"
"1092",1092,"D Toth"
"1093",1093,"B Aczel"
"1094",1094,"T Kaefer"
"1095",1095,"J Ellenbogen"
"1096",1096,"J Payne"
"1097",1097,"E Stroynowski"
"1098",1098,"R Stickgold"
"1099",1099,"R Mayer"
"1100",1100,"A Iran-Nejad"
"1101",1101,"S Zengaro"
"1102",1102,"F Zengaro"
"1103",1103,"M Saggar"
"1104",1104,"S Bang"
"1105",1105,"K Doherty"
"1106",1106,"A Goldberg"
"1107",1107,"B Landau"
"1108",1108,"H Maas"
"1109",1109,"K Alvarez"
"1110",1110,"J Clarke"
"1111",1111,"M Canham"
"1112",1112,"E Villasenor"
"1113",1113,"R Perez"
"1114",1114,"S d'Apollonia"
"1115",1115,"H Yeung"
"1116",1116,"G Navarrete"
"1117",1117,"C Santamaría"
"1118",1118,"M Boukadoum"
"1119",1119,"S Chartier"
"1120",1120,"S Helie"
"1121",1121,"R Proulx"
"1122",1122,"D Cousineau"
"1123",1123,"G Giguere"
"1124",1124,"G Lacroix"
"1125",1125,"S Larochelle"
"1126",1126,"M Bartlett"
"1127",1127,"A Hund"
"1128",1128,"B Seanor"
"1129",1129,"M Kaushanskaya"
"1130",1130,"N Lavigne"
"1131",1131,"J Yan"
"1132",1132,"E Reed"
"1133",1133,"E Cooper"
"1134",1134,"L Jones"
"1135",1135,"P Thompson"
"1136",1136,"A Pope"
"1137",1137,"K Wilson"
"1138",1138,"M Ortmann"
"1139",1139,"P Hauf"
"1140",1140,"A Klein"
"1141",1141,"J Quesada"
"1142",1142,"O Vybornova"
"1143",1143,"K Gaitanis"
"1144",1144,"B Macq"
"1145",1145,"L Zhang"
"1146",1146,"R Youmans"
"1147",1147,"P Chu"
"1148",1148,"S Kwan"
"1149",1149,"S Matthews"
"1150",1150,"F Yap"
"1151",1151,"E Yiu"
"1152",1152,"S Wong"
"1153",1153,"Y Shirai"
"1154",1154,"J Abe"
"1155",1155,"T Ohno"
"1156",1156,"H Jin"
"1157",1157,"Y Nishimura"
"1158",1158,"M Klenk"
"1159",1159,"P Paritosh"
"1160",1160,"D Mandel"
"1161",1161,"O Vartanian"
"1162",1162,"T Lubart"
"1163",1163,"M Chi"
"1164",1164,"F Guindi"
"1165",1165,"B Ross"
"1166",1166,"J Zacks"
"1167",1167,"W Hetrick"
"1168",1168,"E Kappenman"
"1169",1169,"R Bod"
"1170",1170,"N Deroost"
"1171",1171,"I Zeeuws"
"1172",1172,"E Soetens"
"1173",1173,"N Newcombe"
"1174",1174,"B Bertenthal"
"1175",1175,"J Holopainen"
"1176",1176,"W Ijsselsteijn"
"1177",1177,"C Lindley"
"1178",1178,"C Sennersten"
"1179",1179,"S Nieenthal"
"1180",1180,"N Ravaja"
"1181",1181,"A Tokosumi"
"1182",1182,"A Kanai"
"1183",1183,"N Matsumoto"
"1184",1184,"N Yoshimine"
"1185",1185,"R Siegler"
"1186",1186,"R Shepard"
"1187",1187,"D Schacter"
"1188",1188,"M Jensen"
