"","id","label"
"1",1,"W Jimenez-Leal"
"2",2,"C Gaviria"
"3",3,"M Uribe"
"4",4,"R Kutlak"
"5",5,"K Deemter"
"6",6,"C Mellish"
"7",7,"K Kurtz"
"8",8,"X Oyarzabal"
"9",9,"D Casasanto"
"10",10,"A Bruin"
"11",11,"B Bruza"
"12",12,"M Welsh"
"13",13,"D Navarro"
"14",14,"S Begg"
"15",15,"A Stull"
"16",16,"T Barrett"
"17",17,"M Hegarty"
"18",18,"J Gobert"
"19",19,"M Pedro"
"20",20,"O Montalvo"
"21",21,"E Toto"
"22",22,"M Bachmann"
"23",23,"R Baker"
"24",24,"Y Huang"
"25",25,"J Matthews"
"26",26,"M Kallmann"
"27",27,"T Matlock"
"28",28,"D Braithwaite"
"29",29,"R Goldstone"
"30",30,"A Coen"
"31",31,"R Raafat"
"32",32,"N Chater"
"33",33,"M Ament"
"34",34,"A Lai"
"35",35,"A Cox"
"36",36,"S Schwarzkopf"
"37",37,"H Weldle"
"38",38,"D Muller"
"39",39,"L Koniezcny"
"40",40,"J Cooper"
"41",41,"C Walkington"
"42",42,"C Williams"
"43",43,"O Akinsiku"
"44",44,"C Kalish"
"45",45,"A Ellis"
"46",46,"E Knuth"
"47",47,"T Mintz"
"48",48,"M Greenwood"
"49",49,"M Spivey"
"50",50,"A Stiller"
"51",51,"N Goodman"
"52",52,"M Frank"
"53",53,"H Choi"
"54",54,"C Yu"
"55",55,"L Smith"
"56",56,"O Sporns"
"57",57,"T Wisdom"
"58",58,"K Inukai"
"59",59,"K Kurosaka"
"60",60,"W Toyokawa"
"61",61,"Y Hizen"
"62",62,"T Kameda"
"63",63,"A Alishahi"
"64",64,"P Pyykkonen"
"65",65,"N Vasilyeva"
"66",66,"J Coley"
"67",67,"A Osth"
"68",68,"S Dennis"
"69",69,"M Upal"
"70",70,"S Finley"
"71",71,"S Lee"
"72",72,"R Port"
"73",73,"A Shaw"
"74",74,"A Demos"
"75",75,"D Arthur"
"76",76,"J Magnuson"
"77",77,"N Noori"
"78",78,"L Itti"
"79",79,"N Kanzaki"
"80",80,"K Miwa"
"81",81,"Y So"
"82",82,"Y Kim"
"83",83,"A Nematzadeh"
"84",84,"A Fazly"
"85",85,"S Stevenson"
"86",86,"N Shuval"
"87",87,"L Konieczny"
"88",88,"B Hemforth"
"89",89,"C Pariesen"
"90",90,"R West"
"91",91,"S Somers"
"92",92,"I Song"
"93",93,"D Dillon"
"94",94,"J Ramsburg"
"95",95,"R Youmas"
"96",96,"B Colder"
"97",97,"N Atalay"
"98",98,"M Misirlisoy"
"99",99,"S Huette"
"100",100,"S Anderson"
"101",101,"A Knittel"
"102",102,"M Mitchell"
"103",103,"E Reiter"
"104",104,"L Magnani"
"105",105,"E Bardone"
"106",106,"T Bertolotti"
"107",107,"F Soylu"
"108",108,"S Newman"
"109",109,"B Burns"
"110",110,"K Butcher"
"111",111,"S Davies"
"112",112,"A Crockett"
"113",113,"R Zheng"
"114",114,"A Dewald"
"115",115,"A Cook"
"116",116,"S Frey"
"117",117,"K Swan"
"118",118,"N Kirkham"
"119",119,"S Makioka"
"120",120,"K Tagarelli"
"121",121,"M Mota"
"122",122,"P Rebuschat"
"123",123,"H Fitz"
"124",124,"A Sevenants"
"125",125,"K Diessaert"
"126",126,"W Schaeken"
"127",127,"B Armstrong"
"128",128,"D Plaut"
"129",129,"M DeWolf"
"130",130,"S Vosniadou"
"131",131,"J Chen"
"132",132,"B Liang"
"133",133,"P O'Seaghdha"
"134",134,"X Huang"
"135",135,"C Sims"
"136",136,"E Colunga"
"137",137,"B Lisa"
"138",138,"S Jordan"
"139",139,"T Robert"
"140",140,"L Guy"
"141",141,"S Moffat"
"142",142,"B Abbs"
"143",143,"J Loewenstein"
"144",144,"R Raghunathan"
"145",145,"C Heath"
"146",146,"C Coey"
"147",147,"S Wallot"
"148",148,"M Richardson"
"149",149,"G Orden"
"150",150,"R Bottini"
"151",151,"M Osman"
"152",152,"M Speekenbrink"
"153",153,"B Morgan"
"154",154,"S D'Mello"
"155",155,"J Fielding"
"156",156,"K Fike"
"157",157,"A Tamplin"
"158",158,"G Radvansky"
"159",159,"J Arnett"
"160",160,"R Abbott"
"161",161,"A Graesser"
"162",162,"A Hostetter"
"163",163,"E Sullivan"
"164",164,"R Shahbazi"
"165",165,"D Field"
"166",166,"S Edelmann"
"167",167,"K Uttich"
"168",168,"T Lombrozo"
"169",169,"M Riordan"
"170",170,"R Dale"
"171",171,"R Kreuz"
"172",172,"A Olney"
"173",173,"V Zabotkina"
"174",174,"G Schmidt"
"175",175,"E Miller"
"176",176,"S Agauas"
"177",177,"R Li"
"178",178,"A Klippel"
"179",179,"J Yang"
"180",180,"J Voiklis"
"181",181,"J Nickerson"
"182",182,"A Hawley-Dolan"
"183",183,"L Young"
"184",184,"M Dye"
"185",185,"M Ramscar"
"186",186,"E Suh"
"187",187,"M Saito"
"188",188,"T Shimazaki"
"189",189,"S Khemlani"
"190",190,"M Lotstein"
"191",191,"P Johnson-Laird"
"192",192,"J Valle-Lisboa"
"193",193,"L Kaastra"
"194",194,"R Nadler"
"195",195,"J Minda"
"196",196,"J Lim"
"197",197,"S Liu"
"198",198,"M Jones"
"199",199,"T Gruenfelder"
"200",200,"G Recchia"
"201",201,"G d'Ydewalle"
"202",202,"L Casasanto"
"203",203,"T Gijssels"
"204",204,"M Brunet"
"205",205,"H Forgues"
"206",206,"H Markovits"
"207",207,"K Wagner"
"208",208,"S Ross"
"209",209,"H Pincham"
"210",210,"D Szucs"
"211",211,"C Lu"
"212",212,"J Black"
"213",213,"S Kang"
"214",214,"S Huang"
"215",215,"H Vlach"
"216",216,"C Sandhofer"
"217",217,"S Chow"
"218",218,"G Farmer"
"219",219,"C Janssen"
"220",220,"D Brumby"
"221",221,"A Protopapas"
"222",222,"A Markatou"
"223",223,"H Gweon"
"224",224,"H Pelton"
"225",225,"L Schulz"
"226",226,"A Schachner"
"227",227,"S Carey"
"228",228,"C Humeny"
"229",229,"J McDonnell"
"230",230,"T Gureckis"
"231",231,"I Nomura"
"232",232,"Y Onuki"
"233",233,"K Samejima"
"234",234,"Y Washida"
"235",235,"K Ueda"
"236",236,"H Okada"
"237",237,"T Omori"
"238",238,"J Škilters"
"239",239,"G Burgmanis"
"240",240,"Z Krišjane"
"241",241,"L Apse"
"242",242,"J Useche"
"243",243,"R Hurtado"
"244",244,"T Taira"
"245",245,"T Kusumi"
"246",246,"S Simpson"
"247",247,"M Refaat"
"248",248,"K Lamberts"
"249",249,"J Gavilan"
"250",250,"J Garcia-Albea"
"251",251,"H Prime"
"252",252,"T Shultz"
"253",253,"M Kelly"
"254",254,"A Sussman"
"255",255,"L Bauer"
"256",256,"M Perush"
"257",257,"M Gomez"
"258",258,"R Melara"
"259",259,"D Pierce"
"260",260,"S Lu"
"261",261,"D Harter"
"262",262,"P Kotturu"
"263",263,"P Kosito"
"264",264,"M Coco"
"265",265,"F Keller"
"266",266,"J Hu"
"267",267,"C Lucas"
"268",268,"T Griffiths"
"269",269,"F Xu"
"270",270,"G Kachergis"
"271",271,"R Shiffrin"
"272",272,"R Mayrhofer"
"273",273,"M Waldmann"
"274",274,"M Ragni"
"275",275,"F Steffenhagen"
"276",276,"T Fangmeier"
"277",277,"A Samsonovich"
"278",278,"A Kitsantas"
"279",279,"E O'Brien"
"280",280,"K Jong"
"281",281,"F Wilson"
"282",282,"A Papafraou"
"283",283,"A Bunger"
"284",284,"J Trueswell"
"285",285,"S Dravida"
"286",286,"M Bedny"
"287",287,"R Saxe"
"288",288,"K Geodert"
"289",289,"L Grimm"
"290",290,"A Markman"
"291",291,"B Spellman"
"292",292,"O Vybornova"
"293",293,"J Zhao"
"294",294,"D Osherson"
"295",295,"A Scholz"
"296",296,"K Mehlhorn"
"297",297,"F Bocklisch"
"298",298,"J Krems"
"299",299,"S Bridgers"
"300",300,"T Regier"
"301",301,"W So"
"302",302,"G Griffiths"
"303",303,"A D'Anguilli"
"304",304,"L Greshman"
"305",305,"H Kloos"
"306",306,"B Lock"
"307",307,"E Agichtein"
"308",308,"K Holmes"
"309",309,"P Wolff"
"310",310,"C Widmer"
"311",311,"D Kim"
"312",312,"C Szostak"
"313",313,"M Pitt"
"314",314,"R Patel"
"315",315,"E Cranford"
"316",316,"J Moss"
"317",317,"J Jang"
"318",318,"C Schunn"
"319",319,"D Zaefferer"
"320",320,"L Santos"
"321",321,"P Pantelis"
"322",322,"S Cholewiak"
"323",323,"P Ringstad"
"324",324,"K Sanik"
"325",325,"A Weinstein"
"326",326,"C Wu"
"327",327,"J Feldman"
"328",328,"L Boucher"
"329",329,"J Schoenherr"
"330",330,"R Thosmon"
"331",331,"G Lacroix"
"332",332,"R Albrecht"
"333",333,"S Brussow"
"334",334,"C Kaller"
"335",335,"H Blumenfeld"
"336",336,"V Marian"
"337",337,"N Crooks"
"338",338,"M Aibali"
"339",339,"D Lyon"
"340",340,"B Glass"
"341",341,"M Tomlinson"
"342",342,"W Maddox"
"343",343,"B Love"
"344",344,"M Smith"
"345",345,"C Giraud-Carrier"
"346",346,"D Dewey"
"347",347,"S Ring"
"348",348,"D Gore"
"349",349,"K Albarado"
"350",350,"M Kalish"
"351",351,"B Rehder"
"352",352,"J Martin"
"353",353,"Y Yu"
"354",354,"T Kushnir"
"355",355,"M Lu"
"356",356,"A Cohen"
"357",357,"T German"
"358",358,"M Toyota"
"359",359,"M Kitajima"
"360",360,"A Walk"
"361",361,"C Conway"
"362",362,"B Jee"
"363",363,"C Desharnais"
"364",364,"J Staley"
"365",365,"J Degen"
"366",366,"M Tanenhaus"
"367",367,"A Gerow"
"368",368,"M Keane"
"369",369,"O Gurcanli"
"370",370,"B Landau"
"371",371,"T Matsuka"
"372",372,"H Honda"
"373",373,"S Matsuura"
"374",374,"S Smith"
"375",375,"A Fine"
"376",376,"T Jaeger"
"377",377,"X Zhao"
"378",378,"P Li"
"379",379,"Y Liu"
"380",380,"X Fang"
"381",381,"H Shu"
"382",382,"S Rogers"
"383",383,"J Silverman"
"384",384,"R Alterman"
"385",385,"B Galantucci"
"386",386,"A Malka"
"387",387,"C Theisen"
"388",388,"B Rosenzweig"
"389",389,"K Gerin"
"390",390,"M Ambrose"
"391",391,"A Bloomfield"
"392",392,"S Wayland"
"393",393,"A Blodgett"
"394",394,"J Linck"
"395",395,"D Kotsopoulos"
"396",396,"J Lee"
"397",397,"A Clarkson"
"398",398,"C Burkett"
"399",399,"R Azevedo"
"400",400,"N Stein"
"401",401,"Y Tzeng"
"402",402,"M Hernandez"
"403",403,"T Brady"
"404",404,"M Meyer"
"405",405,"D Baldwin"
"406",406,"K Sage"
"407",407,"A Mitchel"
"408",408,"M Christiansen"
"409",409,"D Weiss"
"410",410,"S Schaechtele"
"411",411,"T Gerstenberg"
"412",412,"D Lagnado"
"413",413,"M Shibata"
"414",414,"A Toyomura"
"415",415,"J Abe"
"416",416,"U Sio"
"417",417,"P Monaghan"
"418",418,"T Ormerod"
"419",419,"C Fadjo"
"420",420,"P Delfabbro"
"421",421,"N Burns"
"422",422,"A Pomi"
"423",423,"C Killikelly"
"424",424,"J Jacobs"
"425",425,"R Gelman"
"426",426,"A Roman"
"427",427,"A Fathi"
"428",428,"J Santiago"
"429",429,"S Chin-Parker"
"430",430,"J Koster-Hale"
"431",431,"A Cabana"
"432",432,"E Mizraji"
"433",433,"R Koolen"
"434",434,"M Goudbeek"
"435",435,"E Krahmer"
"436",436,"N Meadow"
"437",437,"D Uttal"
"438",438,"E Tipton"
"439",439,"N Newcombe"
"440",440,"H Yim"
"441",441,"V Sloutsky"
"442",442,"F Milton"
"443",443,"L Viika"
"444",444,"H Henderson"
"445",445,"A Wills"
"446",446,"W Bridewell"
"447",447,"P Langley"
"448",448,"K Milliken"
"449",449,"B Lopez"
"450",450,"J Vaid"
"451",451,"C Rao"
"452",452,"M Wisniewski"
"453",453,"L Guillette"
"454",454,"M Radell"
"455",455,"C Sturdy"
"456",456,"E Mercado"
"457",457,"F Dandurand"
"458",458,"D Tran"
"459",459,"H Yoshida"
"460",460,"T Burleigh"
"461",461,"A Winchester"
"462",462,"O Kolodny"
"463",463,"A Lotem"
"464",464,"J Nejasmic"
"465",465,"A Krumnack"
"466",466,"L Bucher"
"467",467,"M Knauff"
"468",468,"J Knobe"
"469",469,"S Prasada"
"470",470,"E Munnich"
"471",471,"M Latham"
"472",472,"J Milazzo"
"473",473,"J Zisa"
"474",474,"S Khan"
"475",475,"G Giguere"
"476",476,"E Moyse"
"477",477,"S Bredart"
"478",478,"J Davenport"
"479",479,"E Quellmalz"
"480",480,"M Timms"
"481",481,"L Perry"
"482",482,"L Samuelson"
"483",483,"M Chan"
"484",484,"R Hausmann"
"485",485,"D Dickison"
"486",486,"J Connelly"
"487",487,"B Towle"
"488",488,"J Sullivan"
"489",489,"D Barner"
"490",490,"T Farmer"
"491",491,"F Jaeger"
"492",492,"V Leong"
"493",493,"R Turner"
"494",494,"M Stone"
"495",495,"U Goswani"
"496",496,"J Gorian"
"497",497,"C Caldwell-Harris"
"498",498,"A Biller"
"499",499,"P Xiaoping"
"500",500,"Z Guomei"
"501",501,"Z Lanya"
"502",502,"T Chi-Shing"
"503",503,"K Godwin"
"504",504,"A Fisher"
"505",505,"B Matlen"
"506",506,"J Lewis"
"507",507,"P Trinh"
"508",508,"D Kirsh"
"509",509,"J Edelstein"
"510",510,"E Heit"
"511",511,"A Shook"
"512",512,"J Bartolotti"
"513",513,"S Schroeder"
"514",514,"S Chabal"
"515",515,"J Abbott"
"516",516,"B Grawemeyer"
"517",517,"H Johnson"
"518",518,"M Brosnan"
"519",519,"E Ashwin"
"520",520,"L Benton"
"521",521,"W Talbott"
"522",522,"I Fasel"
"523",523,"J Miolina"
"524",524,"V Sa"
"525",525,"J Movellan"
"526",526,"H Liu"
"527",527,"D Barker-Plummer"
"528",528,"R Cox"
"529",529,"A Terai"
"530",530,"H Admoni"
"531",531,"C Bank"
"532",532,"J Tan"
"533",533,"M Toneva"
"534",534,"B Scassellati"
"535",535,"P Thibodeau"
"536",536,"S Flusberg"
"537",537,"J Glick"
"538",538,"D Sternberg"
"539",539,"D Reitter"
"540",540,"C Lebiere"
"541",541,"R Tzur"
"542",542,"C Townsend"
"543",543,"S Frank"
"544",544,"M Yip"
"545",545,"S Siler"
"546",546,"D Klahr"
"547",547,"K Willows"
"548",548,"C Magaro"
"549",549,"B Kievit-Kylar"
"550",550,"H Neth"
"551",551,"S Schachtele"
"552",552,"S Duwal"
"553",553,"P Todd"
"554",554,"C Theisen-White"
"555",555,"S Kirby"
"556",556,"J Oberlander"
"557",557,"C Cohen"
"558",558,"Z Estes"
"559",559,"L Jones"
"560",560,"E Mather"
"561",561,"J Vitale"
"562",562,"M Swart"
"563",563,"G Vallet"
"564",564,"B Riou"
"565",565,"R Versace"
"566",566,"M Simard"
"567",567,"B Morris"
"568",568,"R Neiman"
"569",569,"J Svantner"
"570",570,"I Farkas"
"571",571,"M Crocker"
"572",572,"S Oviatt"
"573",573,"A Mann"
"574",574,"T Ullman"
"575",575,"J Tenenbaum"
"576",576,"Y Arai"
"577",577,"S Golonka"
"578",578,"E Kim"
"579",579,"H Shin"
"580",580,"D Klensovsak"
"581",581,"J Hanna"
"582",582,"S Brennan"
"583",583,"M Dziemianko"
"584",584,"L Talmy"
"585",585,"M Penner-Wilger"
"586",586,"D Landy"
"587",587,"X Zhang"
"588",588,"A Weitzer"
"589",589,"K Levering"
"590",590,"J Gagnon"
"591",591,"S Tremblay"
"592",592,"N Duran"
"593",593,"B Rottman"
"594",594,"F Keil"
"595",595,"I McLaren"
"596",596,"C Civile"
"597",597,"J Frankenstein"
"598",598,"C Holscher"
"599",599,"S Sinnett"
"600",600,"F Parrill"
"601",601,"B Bergen"
"602",602,"P Lichtenstein"
"603",603,"C Kalff"
"604",604,"G Strube"
"605",605,"C Strait"
"606",606,"P deWinstanley"
"607",607,"E Pothos"
"608",608,"T Bailey"
"609",609,"M Kwon"
"610",610,"S Levine"
"611",611,"K Ratliff"
"612",612,"C Snyder"
"613",613,"V Simms"
"614",614,"T McCormack"
"615",615,"T Beckers"
"616",616,"R Kohl"
"617",617,"R McCoy"
"618",618,"K Mount"
"619",619,"A Chambers"
"620",620,"R Revlin"
"621",621,"J Trueblood"
"622",622,"M Endres"
"623",623,"J Busemeyer"
"624",624,"P Finn"
"625",625,"K Darby"
"626",626,"J Burling"
"627",627,"Y Yermolayeva"
"628",628,"D Rakison"
"629",629,"L Smithson"
"630",630,"E Nicoladis"
"631",631,"P Engelbrecht"
"632",632,"W Junior"
"633",633,"J Yoon"
"634",634,"F Range"
"635",635,"L Huber"
"636",636,"G Csibra"
"637",637,"Z Viranyi"
"638",638,"L Gabora"
"639",639,"S Leijnen"
"640",640,"T Veloz"
"641",641,"C Lipo"
"642",642,"Y Sato"
"643",643,"K Mineshima"
"644",644,"R Takemura"
"645",645,"K Yoshino"
"646",646,"S Matsumoto"
"647",647,"H Tahira"
"648",648,"R Miyaji"
"649",649,"N Dahlback"
"650",650,"F Stjernberg"
"651",651,"M Kristiansson"
"652",652,"K Skagerlund"
"653",653,"R Arias-Hernandez"
"654",654,"B Fisher"
"655",655,"D Mirman"
"656",656,"G Walker"
"657",657,"K Graziano"
"658",658,"S Mangold"
"659",659,"Y Hagmayer"
"660",660,"S Chance"
"661",661,"A James"
"662",662,"R Peet"
"663",663,"G Nicholls"
"664",664,"R Teszka"
"665",665,"A Kingstone"
"666",666,"G Kuhn"
"667",667,"E Ameel"
"668",668,"B Malt"
"669",669,"G Storms"
"670",670,"U Lyngs"
"671",671,"L Vuillier"
"672",672,"D Whitebread"
"673",673,"T O'Donnell"
"674",674,"J Snedeker"
"675",675,"S Lam"
"676",676,"J Hsiao"
"677",677,"E Campana"
"678",678,"C Kemp"
"679",679,"D Chesney"
"680",680,"N Obrecht"
"681",681,"J Stevens"
"682",682,"G Silk-Eglit"
"683",683,"J Vogels"
"684",684,"A Maes"
"685",685,"N Blanco"
"686",686,"N Ali"
"687",687,"D Peebles"
"688",688,"J Taylor"
"689",689,"S Friedman"
"690",690,"M Goldwater"
"691",691,"K Forbus"
"692",692,"D Gentner"
"693",693,"J Brooks"
"694",694,"J Freeman"
"695",695,"N Ambady"
"696",696,"M Giorgio"
"697",697,"T Barrasin"
"698",698,"B Imhof"
"699",699,"K Scheiter"
"700",700,"J Edelmann"
"701",701,"J Ulardt"
"702",702,"P Gerjets"
"703",703,"J Choi"
"704",704,"K Do"
"705",705,"S Crossley"
"706",706,"D McNamara"
"707",707,"P Muentener"
"708",708,"E Bonawtiz"
"709",709,"A Horowitz"
"710",710,"W Schneider"
"711",711,"R Seo"
"712",712,"D Fricker"
"713",713,"E Manalo"
"714",714,"M Koyasu"
"715",715,"Y Michita"
"716",716,"Y Tanaka"
"717",717,"L Stites"
"718",718,"S Özçal??kan"
"719",719,"F Jeanson"
"720",720,"N Salay"
"721",721,"H Lee"
"722",722,"A Anderson"
"723",723,"S Betts"
"724",724,"J Anderson"
"725",725,"H Popick"
"726",726,"J Peskin"
"727",727,"C Prusky"
"728",728,"J Comay"
"729",729,"M Marini"
"730",730,"S Rubichi"
"731",731,"G Sartori"
"732",732,"R Cooper"
"733",733,"C Barsics"
"734",734,"N Verschueren"
"735",735,"P Goolkasian"
"736",736,"A Stubblefield"
"737",737,"R Thompson"
"738",738,"R Skinner"
"739",739,"D Vinson"
"740",740,"G Vigliocco"
"741",741,"K Rodzon"
"742",742,"J Baker"
"743",743,"K Jordan"
"744",744,"T Kershaw"
"745",745,"K Holtta-Otto"
"746",746,"Y Lee"
"747",747,"R Ashley"
"748",748,"N Yu"
"749",749,"T Yamauchi"
"750",750,"K Shiina"
"751",751,"A Frazer"
"752",752,"P Carvalho"
"753",753,"D Oppenheimer"
"754",754,"G Gradinarova"
"755",755,"A Janyan"
"756",756,"A Petrov"
"757",757,"T Hayes"
"758",758,"P Sederberg"
"759",759,"J Moon"
"760",760,"D Bothell"
"761",761,"J Koehne"
"762",762,"K Jasmin"
"763",763,"M Tice"
"764",764,"T Henetz"
"765",765,"T Hannagan"
"766",766,"R Wu"
"767",767,"V Vanootighem"
"768",768,"H Dehon"
"769",769,"D Lobina"
"770",770,"J Thevenow-Harrison"
"771",771,"J Yopchick"
"772",772,"N Kim"
"773",773,"T Bosse"
"774",774,"J Brenninkmeyer"
"775",775,"R Kalisch"
"776",776,"C Paret"
"777",777,"M Pontier"
"778",778,"S Devantier"
"779",779,"M Goldszmidt"
"780",780,"A Skye"
"781",781,"N Woods"
"782",782,"A Mateu-Martin"
"783",783,"R Jia"
"784",784,"P Bolger"
"785",785,"S Yuan"
"786",786,"A Prefors"
"787",787,"J Jordan"
"788",788,"K Ariyabuddhiphongs"
"789",789,"E Ranade"
"790",790,"A Baker"
"791",791,"S Virk"
"792",792,"S Buechner"
"793",793,"C Hoelscher"
"794",794,"A Maehigashi"
"795",795,"H Terai"
"796",796,"K Kojima"
"797",797,"J Morita"
"798",798,"J Evans"
"799",799,"D Guss"
"800",800,"W Boot"
"801",801,"H Kim"
"802",802,"K Ehinger"
"803",803,"A Oliva"
"804",804,"D Cosmelli"
"805",805,"C Moenne"
"806",806,"H Labbe"
"807",807,"K Jerbi"
"808",808,"V Lopez"
"809",809,"F Aboitiz"
"810",810,"S Nielsen"
"811",811,"T Andersen"
"812",812,"P Slezak"
"813",813,"M Dehghani"
"814",814,"J Gratch"
"815",815,"S Sachdeva"
"816",816,"K Sagae"
"817",817,"P Baumann"
"818",818,"D Choi"
"819",819,"S Ohlsson"
"820",820,"C Cornejo"
"821",821,"E Hurtado"
"822",822,"Y Sun"
"823",823,"H Wang"
"824",824,"N Abdullah"
"825",825,"C Sifonis"
"826",826,"S Verheyen"
"827",827,"T Qian"
"828",828,"S Wichary"
"829",829,"J Rieskamp"
"830",830,"D Belenky"
"831",831,"T Nokes"
"832",832,"M Bernacki"
"833",833,"M Ptouchkina"
"834",834,"J Chin"
"835",835,"W Fu"
"836",836,"E Stine-Morrow"
"837",837,"T Achler"
"838",838,"L Bettencourt"
"839",839,"G Kenyon"
"840",840,"F McInnes"
"841",841,"S Goldwater"
"842",842,"A Zarcone"
"843",843,"S Pado"
"844",844,"A Kaznatcheev"
"845",845,"C Gonzalez"
"846",846,"A Lim"
"847",847,"N Gaylord"
"848",848,"A Goldberg"
"849",849,"J Pearl"
"850",850,"T Stewart"
"851",851,"C Eliasmith"
"852",852,"J Nilsson"
"853",853,"K Coventry"
"854",854,"N Ferrier"
"855",855,"C Havasi"
"856",856,"R Speer"
"857",857,"D Saura"
"858",858,"J Roche"
"859",859,"A Roche"
"860",860,"G Lupyan"
"861",861,"J Corter"
"862",862,"J Klinger"
"863",863,"J Mayor"
"864",864,"D Buchanan"
"865",865,"D Sobel"
"866",866,"L Vuong"
"867",867,"A Meyer"
"868",868,"D Richardson"
"869",869,"J Rogers"
"870",870,"J Ireland"
"871",871,"W Dong"
"872",872,"V Raskin"
"873",873,"C Hempelmann"
"874",874,"M Coen"
"875",875,"T Chang"
"876",876,"B Hermann"
"877",877,"A Rue"
"878",878,"M Sager"
"879",879,"Y Cho"
"880",880,"R Cherng"
"881",881,"H Cheng"
"882",882,"M Shen"
"883",883,"C Murphy"
"884",884,"T Velazquez"
"885",885,"P McNamara"
"886",886,"A Carstensen"
"887",887,"N Khetarpal"
"888",888,"A Majid"
"889",889,"K Li"
"890",890,"R Johansson"
"891",891,"J Holsanova"
"892",892,"K Homqvist"
"893",893,"E Schmidt"
"894",894,"J Pyers"
"895",895,"M Hattori"
"896",896,"S Sloman"
"897",897,"R Orita"
"898",898,"P Matthews"
"899",899,"M Skubic"
"900",900,"S Blisard"
"901",901,"R Luke"
"902",902,"E Stone"
"903",903,"D Anderson"
"904",904,"J Keller"
"905",905,"M Asgari-Targhi"
"906",906,"M Rutledge-Taylor"
"907",907,"E Briscoe"
"908",908,"E Trewhitt"
"909",909,"C Hutto"
"910",910,"C Hilliard"
"911",911,"K Furth"
"912",912,"A Kyburg"
"913",913,"J Chisholm"
"914",914,"E Risko"
"915",915,"J Maja"
"916",916,"J Jensen"
"917",917,"P Thompson"
"918",918,"A Carassa"
"919",919,"M Colombetti"
"920",920,"G Bustin"
"921",921,"R Capa"
"922",922,"A Cleermans"
"923",923,"M Hansenne"
"924",924,"R Castillo"
"925",925,"S Vanderburgh"
"926",926,"J Holden"
"927",927,"B Veksler"
"928",928,"A Saab"
"929",929,"C Wolk"
"930",930,"S Wolfer"
"931",931,"G Petkov"
"932",932,"I Vankov"
"933",933,"B Kokinov"
"934",934,"M Pacer"
"935",935,"W Ahn"
"936",936,"M Cohen"
"937",937,"S Chin"
"938",938,"A Kersten"
"939",939,"J Thomas"
"940",940,"L Ferrera"
"941",941,"S Makosz"
"942",942,"A Tumber"
"943",943,"M Tamariz"
"944",944,"B Pedersen"
"945",945,"M Hoetjes"
"946",946,"M Swerts"
"947",947,"R Ping"
"948",948,"C Bradley"
"949",949,"E Gunderson"
"950",950,"G Ramirez"
"951",951,"S Beilock"
"952",952,"C Bower"
"953",953,"C Lawson"
"954",954,"N Anderson"
"955",955,"H Chen"
"956",956,"G Stroms"
"957",957,"W Clair"
"958",958,"D Noelle"
"959",959,"R Rhodes"
"960",960,"E Montes"
"961",961,"K Bicknell"
"962",962,"R Levy"
"963",963,"P Khooshabeh"
"964",964,"T Shipley"
"965",965,"D Buchsbaum"
"966",966,"K Canini"
"967",967,"F Ritter"
"968",968,"F Prado"
"969",969,"A DiBattista"
"970",970,"N Pearlmutter"
"971",971,"D Miller"
"972",972,"D Halpern"
"973",973,"E Zinchenko"
"974",974,"S Larson"
"975",975,"M Decatur"
"976",976,"S Goldin-Meadow"
"977",977,"J Ford"
"978",978,"C Ramey"
"979",979,"E Chrysikou"
"980",980,"J Reilly"
"981",981,"A Chuderski"
"982",982,"T Smolen"
"983",983,"H Hayashi"
"984",984,"C Best"
"985",985,"C Robinson"
"986",986,"F Anggoro"
"987",987,"E Seiver"
"988",988,"A Gopnik"
"989",989,"S Lourenco"
"990",990,"A Ejova"
"991",991,"C Peter"
"992",992,"U Gupta"
"993",993,"P Callister"
"994",994,"J Patrick"
"995",995,"P Morgan"
"996",996,"V Smy"
"997",997,"J Bao"
"998",998,"Y Sakamoto"
"999",999,"W Bahamdan"
"1000",1000,"R Duimering"
"1001",1001,"K Cheung"
"1002",1002,"A Smyth"
"1003",1003,"S Taya"
"1004",1004,"C Hope"
"1005",1005,"J Borst"
"1006",1006,"N Taatgen"
"1007",1007,"H Rijn"
"1008",1008,"A Banks"
"1009",1009,"S Gershater"
"1010",1010,"H Schultheis"
"1011",1011,"V Kapatsinski"
"1012",1012,"R Janda"
"1013",1013,"A Crug"
"1014",1014,"V Dutt"
"1015",1015,"S Bertel"
"1016",1016,"J Andrews"
"1017",1017,"K Livingston"
"1018",1018,"E Cesanek"
"1019",1019,"J Herts"
"1020",1020,"D Odic"
"1021",1021,"H Hock"
"1022",1022,"J Halberda"
"1023",1023,"A Hahn"
"1024",1024,"A Gilman"
"1025",1025,"W Ratoff"
"1026",1026,"B Bahrami"
"1027",1027,"A Papafragou"
"1028",1028,"M Roberts"
"1029",1029,"T Bonebright"
"1030",1030,"D Wischmeier"
"1031",1031,"B Strickland"
"1032",1032,"M Fischer"
"1033",1033,"E Peyroux"
"1034",1034,"D Connor"
"1035",1035,"E Chiu"
"1036",1036,"J Federman"
"1037",1037,"B Bell"
"1038",1038,"T Sonntag"
"1039",1039,"D Little"
"1040",1040,"B Pardo"
"1041",1041,"B Wright"
"1042",1042,"C Yun"
"1043",1043,"A Havard"
"1044",1044,"D Farran"
"1045",1045,"M Lipsey"
"1046",1046,"C Bilbrey"
"1047",1047,"K Hofer"
"1048",1048,"A Tiwathia"
"1049",1049,"W Goldstein"
"1050",1050,"M Matsumuro"
"1051",1051,"A Morse"
"1052",1052,"T Belpaeme"
"1053",1053,"A Cangelosi"
"1054",1054,"C Floccia"
"1055",1055,"C Vesper"
"1056",1056,"R Wel"
"1057",1057,"G Knoblich"
"1058",1058,"N Sebanz"
"1059",1059,"J Klein"
"1060",1060,"L Ruiz"
"1061",1061,"N Aguirre"
"1062",1062,"L Sadaat"
"1063",1063,"C Thorton"
"1064",1064,"T Boyer"
"1065",1065,"T Smith"
"1066",1066,"B Bertenthal"
"1067",1067,"I Resnick"
"1068",1068,"K Atit"
"1069",1069,"T Goksun"
"1070",1070,"J Sierschynski"
"1071",1071,"S Sengupta"
"1072",1072,"P Verhaeghen"
"1073",1073,"P Hearons"
"1074",1074,"Q Liao"
"1075",1075,"S Gantz"
"1076",1076,"M Schiltenwolf"
"1077",1077,"C Walker"
"1078",1078,"L Walker"
"1079",1079,"P Ganea"
"1080",1080,"T Rutherford"
"1081",1081,"D Lee"
"1082",1082,"M Martinez"
"1083",1083,"C Shelley"
"1084",1084,"S Johnson"
"1085",1085,"L Applebaum"
"1086",1086,"E Spaepen"
"1087",1087,"K Abe"
"1088",1088,"T Li"
"1089",1089,"A Morris"
"1090",1090,"S Gelman"
"1091",1091,"S Stilwell"
"1092",1092,"S Davis"
"1093",1093,"E Newport"
"1094",1094,"R Aslin"
"1095",1095,"S Pitt-Stoller"
"1096",1096,"M Marneffe"
"1097",1097,"J Tomlinson"
"1098",1098,"M Sumner"
"1099",1099,"J Bonnefon"
"1100",1100,"W Neys"
"1101",1101,"A Feeney"
"1102",1102,"D Billman"
"1103",1103,"F Li"
"1104",1104,"S Li"
"1105",1105,"L Pearl"
"1106",1106,"B Mis"
"1107",1107,"G Paris"
"1108",1108,"M Mayberry"
"1109",1109,"L Gordon"
"1110",1110,"A Shapiro"
"1111",1111,"H Richardson"
"1112",1112,"J Madruga"
"1113",1113,"N Oberholzer"
"1114",1114,"M Trench"
"1115",1115,"R Minervino"
"1116",1116,"K McEldoon"
"1117",1117,"K Durkin"
"1118",1118,"B Rittle-Johnson"
"1119",1119,"S Asakawa"
"1120",1120,"S Hutchinson"
"1121",1121,"M Louwerse"
"1122",1122,"L Carlson"
"1123",1123,"J Miller"
"1124",1124,"A Young"
"1125",1125,"S Kim"
"1126",1126,"N Cohn"
"1127",1127,"M Paczynski"
"1128",1128,"P Holcomb"
"1129",1129,"R Jackendoff"
"1130",1130,"G Kuperberg"
"1131",1131,"T Marghetis"
"1132",1132,"E Walker"
"1133",1133,"R Núñez"
"1134",1134,"R McLaren"
"1135",1135,"A Chapman"
"1136",1136,"J Fitzpatrick"
"1137",1137,"J Logan"
"1138",1138,"K Livins"
"1139",1139,"L Doumas"
"1140",1140,"S Yore"
"1141",1141,"A Clifford"
"1142",1142,"P Sowden"
"1143",1143,"I Davies"
"1144",1144,"D Markant"
"1145",1145,"K Ohtsu"
"1146",1146,"Y Ouchi"
"1147",1147,"N Ellis"
"1148",1148,"M O'Donnell"
"1149",1149,"A Santos"
"1150",1150,"L Barsalou"
"1151",1151,"B Lemaire"
"1152",1152,"A Guerin-Dugue"
"1153",1153,"T Baccino"
"1154",1154,"M Chanceaux"
"1155",1155,"L Pasqualotti"
"1156",1156,"W Iba"
"1157",1157,"A November"
"1158",1158,"N Davidenko"
"1159",1159,"B Link"
"1160",1160,"B Kos"
"1161",1161,"T Wager"
"1162",1162,"M Mozer"
"1163",1163,"S Gagnon"
"1164",1164,"T Brunye"
"1165",1165,"H Taylor"
"1166",1166,"N Dupuis-Roy"
"1167",1167,"F Gosselin"
"1168",1168,"L Nie"
"1169",1169,"D Dotov"
"1170",1170,"A Chemero"
"1171",1171,"F Rigoli"
"1172",1172,"E Pavone"
"1173",1173,"G Pezzulo"
"1174",1174,"J Matias"
"1175",1175,"L Yuan"
"1176",1176,"M Sauter"
"1177",1177,"A Borovsky"
"1178",1178,"K Sweeney"
"1179",1179,"A Fernald"
"1180",1180,"J Elman"
"1181",1181,"M Harmon-Vukic"
"1182",1182,"A Upal"
"1183",1183,"K Sheehan"
"1184",1184,"R Jupson"
"1185",1185,"M Cruciani"
"1186",1186,"J Sparks"
"1187",1187,"D Rapp"
"1188",1188,"T Rubin"
"1189",1189,"M Zeigenfuze"
"1190",1190,"M Steyvers"
"1191",1191,"K Nakamura"
"1192",1192,"T Buwalda"
"1193",1193,"K DeLeeuw"
"1194",1194,"F Hesse"
"1195",1195,"T Hills"
"1196",1196,"R Mata"
"1197",1197,"A Wilke"
"1198",1198,"G Samanez-Larkin"
"1199",1199,"A Chatterjee"
"1200",1200,"J Bonny"
"1201",1201,"H Fukuda"
"1202",1202,"C Tzeng"
"1203",1203,"L Nygaard"
"1204",1204,"L Namy"
"1205",1205,"S Chaigneau"
"1206",1206,"C Coo"
"1207",1207,"V Soto"
"1208",1208,"A Jern"
"1209",1209,"M Burigo"
"1210",1210,"P Knowferle"
"1211",1211,"N Leveau"
"1212",1212,"S Jhean-Larose"
"1213",1213,"G Denhiere"
"1214",1214,"S Dalzel-Job"
"1215",1215,"J Spencer"
"1216",1216,"A Buss"
"1217",1217,"M Metzler"
"1218",1218,"P Bello"
"1219",1219,"S Guney"
"1220",1220,"B Newell"
"1221",1221,"H Clark"
"1222",1222,"Y Rogers"
"1223",1223,"B Kuipers"
"1224",1224,"N Burgess"
"1225",1225,"R Epstein"
"1226",1226,"V Bingman"
"1227",1227,"F Pazzaglia"
"1228",1228,"L Rips"
"1229",1229,"J Joyce"
"1230",1230,"S Kaufmann"
"1231",1231,"N Chomsky"
"1232",1232,"D Poeppel"
"1233",1233,"P Churchland"
"1234",1234,"M Juni"
"1235",1235,"L Maloney"
"1236",1236,"M Fedzechkina"
"1237",1237,"J Kruschke"
"1238",1238,"J Dessalles"
"1239",1239,"B Meijering"
"1240",1240,"R Verbrugge"
"1241",1241,"M Brown"
"1242",1242,"A Salverda"
"1243",1243,"L Dilley"
"1244",1244,"A Friesen"
"1245",1245,"R Rao"
"1246",1246,"S Gennari"
"1247",1247,"M Imai"
"1248",1248,"N Saji"
"1249",1249,"J Austerweil"
"1250",1250,"A Jamrozik"
"1251",1251,"J Dalenberg"
"1252",1252,"F O'Donnell-McCarthy"
"1253",1253,"G Jahn"
"1254",1254,"M Muller-Bardorff"
"1255",1255,"T Gliga"
"1256",1256,"T Lougheed"
"1257",1257,"J Thibaut"
"1258",1258,"R French"
"1259",1259,"A Missault"
"1260",1260,"Y Gerard"
"1261",1261,"Y Glady"
"1262",1262,"N Benesh"
"1263",1263,"B Fonville"
"1264",1264,"S Herppich"
"1265",1265,"J Wittwer"
"1266",1266,"M Nuckles"
"1267",1267,"A Renkl"
"1268",1268,"R Vigo"
"1269",1269,"A Dardis"
"1270",1270,"K Sang"
"1271",1271,"M Cain"
"1272",1272,"E Vul"
"1273",1273,"K Clark"
"1274",1274,"S Mitroff"
"1275",1275,"F Han"
"1276",1276,"R Thomson"
"1277",1277,"V Kuperman"
"1278",1278,"J Dyke"
"1279",1279,"H Tily"
"1280",1280,"N Nowak"
"1281",1281,"S Resnick"
"1282",1282,"W Elkins"
"1283",1283,"J Xiao"
"1284",1284,"A Torralba"
"1285",1285,"M Zeigenfuse"
"1286",1286,"M Lee"
"1287",1287,"D Brookes"
"1288",1288,"R Smout"
"1289",1289,"G Brookshire"
"1290",1290,"A Kranjec"
"1291",1291,"P Amorapanth"
"1292",1292,"G Puebla-Ramirez"
"1293",1293,"S Day"
"1294",1294,"S Manlove"
"1295",1295,"K Thai"
"1296",1296,"M Everett"
"1297",1297,"K Philip"
"1298",1298,"W Vanpaemel"
"1299",1299,"E Jost"
"1300",1300,"J Purdy"
"1301",1301,"M Hendricks"
"1302",1302,"J McGuire"
"1303",1303,"J Kable"
"1304",1304,"R Bromme"
"1305",1305,"L Scharrer"
"1306",1306,"M Britt"
"1307",1307,"M Stadtler"
"1308",1308,"T Rai"
"1309",1309,"K Holyoak"
"1310",1310,"T Pachur"
"1311",1311,"M Rucinski"
"1312",1312,"F Doshi-Velez"
"1313",1313,"Z Ghahramani"
"1314",1314,"H Rohde"
"1315",1315,"A Henson"
"1316",1316,"H Mallot"
"1317",1317,"H Bulthoff"
"1318",1318,"T Meilinger"
"1319",1319,"C McColeman"
"1320",1320,"A Ancell"
"1321",1321,"M Blair"
"1322",1322,"J Marewski"
"1323",1323,"M Schouwstra"
"1324",1324,"A Leeuwen"
"1325",1325,"N Marien"
"1326",1326,"M Smit"
"1327",1327,"H Swart"
"1328",1328,"F Valle-Tourangeau"
"1329",1329,"A Weller"
"1330",1330,"G Villejoubert"
"1331",1331,"G Borensztajn"
"1332",1332,"W Zuidema"
"1333",1333,"N Chernyak"
"1334",1334,"K Sullivan"
"1335",1335,"Q Wang"
"1336",1336,"V Lakshminarayan"
"1337",1337,"C Melo"
"1338",1338,"P Carnevale"
"1339",1339,"C Otieno"
"1340",1340,"R Schwonke"
"1341",1341,"V Aleven"
"1342",1342,"R Salden"
"1343",1343,"B Tversky"
"1344",1344,"L Yu"
"1345",1345,"D Mason"
"1346",1346,"G Jenkins"
"1347",1347,"J Smith"
"1348",1348,"L Byrge"
"1349",1349,"C Addyman"
"1350",1350,"D Mareschal"
"1351",1351,"E Thomas"
"1352",1352,"J Williams"
"1353",1353,"D Friel"
"1354",1354,"G Mills"
"1355",1355,"I Berent"
"1356",1356,"J Pate"
"1357",1357,"M Gillespie"
"1358",1358,"N Pealmutter"
"1359",1359,"A Shtulman"
"1360",1360,"J Valcarcel"
"1361",1361,"I Lyons"
"1362",1362,"D Ansari"
"1363",1363,"D Heussen"
"1364",1364,"W Voorspoels"
"1365",1365,"W Yeap"
"1366",1366,"E Mettler"
"1367",1367,"C Massey"
"1368",1368,"P Kellman"
"1369",1369,"S Chennu"
"1370",1370,"H Bowman"
"1371",1371,"B Wyble"
"1372",1372,"M Anderson"
"1373",1373,"C Thompson"
"1374",1374,"J Opfer"
"1375",1375,"J Harbison"
"1376",1376,"S Atkins"
"1377",1377,"M Dougherty"
"1378",1378,"T Tenbrink"
"1379",1379,"E Bergmann"
"1380",1380,"W Schuler"
"1381",1381,"N Brooks"
"1382",1382,"L Spaepen"
"1383",1383,"M Chandra"
"1384",1384,"M Hove"
"1385",1385,"K Suzuki"
"1386",1386,"H Uchitomi"
"1387",1387,"S Orimo"
"1388",1388,"Y Miyake"
"1389",1389,"N Nozari"
"1390",1390,"G Dell"
"1391",1391,"B Johns"
"1392",1392,"J Hamrick"
"1393",1393,"P Battaglia"
"1394",1394,"M Chi"
"1395",1395,"G Jong"
"1396",1396,"C Legare"
"1397",1397,"S Thill"
"1398",1398,"H Svensson"
"1399",1399,"D Pfeiffer"
"1400",1400,"D Bullard"
"1401",1401,"B Pajak"
"1402",1402,"N Renner"
"1403",1403,"F Hasselman"
"1404",1404,"T Chemero"
"1405",1405,"E Bonawitz"
"1406",1406,"S Denison"
"1407",1407,"A Chen"
"1408",1408,"M Sorrows"
"1409",1409,"J Raziuddin"
"1410",1410,"J Sima"
"1411",1411,"M Destefano"
"1412",1412,"J Lindstedt"
"1413",1413,"W Gray"
"1414",1414,"P Shah"
"1415",1415,"L Daunhauer"
"1416",1416,"D Fidler"
"1417",1417,"J Stichter"
"1418",1418,"F Conners"
"1419",1419,"M Herzog"
"1420",1420,"K O’Connor"
"1421",1421,"K Lierheimer"
"1422",1422,"J Kerpash"
"1423",1423,"J Benigno"
"1424",1424,"M Buschkuehl"
"1425",1425,"S Jaeggi"
"1426",1426,"J Jonides"
"1427",1427,"E Orhan"
"1428",1428,"R Jacobs"
"1429",1429,"P Cho"
"1430",1430,"E Szkudlarek"
"1431",1431,"A Kukona"
"1432",1432,"W Tabor"
"1433",1433,"K Muldner"
"1434",1434,"K Dybvig"
"1435",1435,"R Lam"
"1436",1436,"C Reed"
"1437",1437,"D Gokaydin"
"1438",1438,"A Ma-Wyatt"
"1439",1439,"A Perfors"
"1440",1440,"N Altvater-Mackensen"
"1441",1441,"N Mani"
"1442",1442,"B Lake"
"1443",1443,"R Salakhutdinov"
"1444",1444,"J Gross"
"1445",1445,"A Bender"
"1446",1446,"S Beller"
"1447",1447,"G Bernardo"
"1448",1448,"N Burenhult"
"1449",1449,"L Huther"
"1450",1450,"K Istomin"
"1451",1451,"O Guen"
"1452",1452,"T Tenbrick"
"1453",1453,"B Miller"
"1454",1454,"M Alibali"
"1455",1455,"A Bartholomew"
"1456",1456,"J McClelland"
"1457",1457,"T Rhodes"
"1458",1458,"C Kello"
"1459",1459,"B Kerster"
"1460",1460,"Y Wajima"
"1461",1461,"K Yamagishi"
"1462",1462,"M Nakagawa"
"1463",1463,"I Roll"
"1464",1464,"K Koedinger"
"1465",1465,"S Aldrovandi"
"1466",1466,"M Poirier"
"1467",1467,"P Kusev"
"1468",1468,"P Ayton"
"1469",1469,"S Laszlo"
"1470",1470,"C Cotla"
"1471",1471,"G Aist"
"1472",1472,"P Sudhakar"
"1473",1473,"R Warner"
"1474",1474,"T Stoess"
"1475",1475,"P Shafto"
"1476",1476,"C Donkin"
"1477",1477,"A Eitel"
"1478",1478,"A Schuler"
"1479",1479,"J Mirkovic"
"1480",1480,"S Forrest"
"1481",1481,"G Gaskell"
"1482",1482,"C McMillan"
"1483",1483,"N Ryant"
"1484",1484,"D Coleman"
"1485",1485,"R Clark"
"1486",1486,"M Grossman"
"1487",1487,"A Schutte"
"1488",1488,"H Fleharty"
"1489",1489,"A Hund"
"1490",1490,"N Simms"
"1491",1491,"P Rong"
"1492",1492,"A Kramer"
"1493",1493,"A Graybiel"
"1494",1494,"M Blokpoel"
"1495",1495,"J Kwisthout"
"1496",1496,"T Wareham"
"1497",1497,"P Haselager"
"1498",1498,"I Toni"
"1499",1499,"I Rooij"
"1500",1500,"C Kurumada"
"1501",1501,"S Meylan"
"1502",1502,"E Johnson"
"1503",1503,"E Andonova"
"1504",1504,"L Mol"
"1505",1505,"M Sandt-Koenderman"
"1506",1506,"A Waisman"
"1507",1507,"L Jacobs"
"1508",1508,"O Urminsky"
"1509",1509,"D Bartels"
"1510",1510,"N Witthoft"
"1511",1511,"J Winawer"
"1512",1512,"E Gibson"
"1513",1513,"E Markman"
"1514",1514,"C Cheung"
"1515",1515,"S Phillips"
"1516",1516,"W Wilson"
"1517",1517,"C Baker"
"1518",1518,"A Ankit"
"1519",1519,"D Devesh"
"1520",1520,"A Mukerjee"
"1521",1521,"N Shea"
"1522",1522,"G Miles"
"1523",1523,"S Chandrasekharan"
"1524",1524,"N Nersessian"
"1525",1525,"S Iyengar"
"1526",1526,"N Zweig"
"1527",1527,"A Natarajan"
"1528",1528,"V Madhavan"
"1529",1529,"E Barenholtz"
"1530",1530,"M Davidson"
"1531",1531,"D Lewkoicz"
"1532",1532,"E Cadez"
"1533",1533,"G Cox"
"1534",1534,"R Ostrand"
"1535",1535,"S Blumstein"
"1536",1536,"J Morgan"
"1537",1537,"M Staudte"
"1538",1538,"A Heloir"
"1539",1539,"M Kipp"
"1540",1540,"N Smith"
"1541",1541,"J Davies"
"1542",1542,"J Ball"
"1543",1543,"M Tomasello"
"1544",1544,"A Corbett"
"1545",1545,"B MacLaren"
"1546",1546,"A Wagner"
"1547",1547,"L Kauffman"
"1548",1548,"A Mitchell"
"1549",1549,"S Gowda"
"1550",1550,"M Sumihisa"
"1551",1551,"H Tsukurimichi"
"1552",1552,"A Utsumi"
"1553",1553,"M Sakamoto"
"1554",1554,"D Knill"
"1555",1555,"A Camilleri"
"1556",1556,"A Otto"
"1557",1557,"B Knox"
"1558",1558,"S Gershman"
"1559",1559,"Y Niv"
"1560",1560,"D Worthy"
"1561",1561,"T Maddox"
"1562",1562,"J Hotaling"
"1563",1563,"D Adams"
"1564",1564,"I Roewer"
"1565",1565,"J Phillips"
"1566",1566,"J Fuente"
"1567",1567,"J Xu"
"1568",1568,"X Zhu"
"1569",1569,"W Jung"
"1570",1570,"J Hummel"
"1571",1571,"M Varlet"
"1572",1572,"R Schmidt"
"1573",1573,"B Quek"
"1574",1574,"A Ortony"
"1575",1575,"E Dupoux"
"1576",1576,"G Beraud-Sudreau"
"1577",1577,"S Sagayama"
"1578",1578,"S Yeung"
"1579",1579,"M DeYoung"
"1580",1580,"J Szary"
"1581",1581,"E Nyamsuren"
"1582",1582,"E Hickey"
"1583",1583,"K Benthem"
"1584",1584,"C Herdman"
"1585",1585,"J LeFevre"
"1586",1586,"R Tso"
"1587",1587,"T Au"
"1588",1588,"M Kapur"
"1589",1589,"K Bielczyz"
"1590",1590,"B Bazzanella"
"1591",1591,"P Bouquet"
"1592",1592,"M Keehner"
"1593",1593,"D Montello"
"1594",1594,"S Fabrikant"
"1595",1595,"E Riggs"
"1596",1596,"R Dalton"
"1597",1597,"N Srivastava"
"1598",1598,"P Schrater"
"1599",1599,"T Fountain"
"1600",1600,"M Lapata"
"1601",1601,"Z Wang"
"1602",1602,"R Blutner"
"1603",1603,"H Atmanspacher"
"1604",1604,"V Olguin"
"1605",1605,"S Tauber"
"1606",1606,"K Maull"
"1607",1607,"C Carroll"
"1608",1608,"P Cheng"
"1609",1609,"H Lu"
"1610",1610,"J Thacker"
"1611",1611,"A Kittredge"
"1612",1612,"P Perniss"
"1613",1613,"I Zwitserlood"
"1614",1614,"A Ozyurek"
"1615",1615,"R Montague"
"1616",1616,"C Walshe"
"1617",1617,"J Barnes"
"1618",1618,"L Chen"
"1619",1619,"M Troyer"
"1620",1620,"E Fedorenko"
"1621",1621,"S Hinze"
"1622",1622,"V Williamson"
"1623",1623,"M Shultz"
"1624",1624,"K Williamson"
"1625",1625,"G Deslongchamps"
"1626",1626,"M Colman"
"1627",1627,"P Healey"
"1628",1628,"E Higgins"
"1629",1629,"B Ross"
"1630",1630,"M Vugt"
"1631",1631,"P Simen"
"1632",1632,"J Cohen"
"1633",1633,"H Kreysa"
"1634",1634,"P Knoeferle"
"1635",1635,"C Kaland"
"1636",1636,"S Hattikudur"
"1637",1637,"T Gong"
"1638",1638,"G Jaeger"
"1639",1639,"M Kline"
"1640",1640,"A Gatt"
"1641",1641,"S Deyne"
"1642",1642,"L Pessoa"
"1643",1643,"S Miles"
"1644",1644,"T Nguyen"
"1645",1645,"D Paulus"
"1646",1646,"A Knott"
"1647",1647,"C Hamilton"
"1648",1648,"D Griffiths"
"1649",1649,"V Lai"
"1650",1650,"P Hagoort"
"1651",1651,"P Liu"
"1652",1652,"C Luhmann"
"1653",1653,"Z Sim"
"1654",1654,"L Onnis"
"1655",1655,"H Waterfall"
"1656",1656,"L Stukken"
"1657",1657,"L Schalk"
"1658",1658,"H Saalbach"
"1659",1659,"E Stern"
"1660",1660,"K Meier"
"1661",1661,"M Rodgers"
"1662",1662,"I Sindone"
"1663",1663,"M A."
"1664",1664,"R D."
"1665",1665,"J Pooley"
"1666",1666,"W Shankle"
"1667",1667,"Y Uesaka"
"1668",1668,"S McCauley"
"1669",1669,"L Lende"
"1670",1670,"C Young"
"1671",1671,"F Marciani"
"1672",1672,"M Pomplun"
"1673",1673,"S Zhang"
"1674",1674,"M Yu"
"1675",1675,"J Xin"
"1676",1676,"C Canovas"
"1677",1677,"R Gerrig"
"1678",1678,"T Goldstein"
"1679",1679,"F Steen"
"1680",1680,"V Tobin"
"1681",1681,"S Dolscgeid"
"1682",1682,"S Shayan"
"1683",1683,"S Payne"
"1684",1684,"J Wiener"
"1685",1685,"O Condappa"
"1686",1686,"U Gasemann"
"1687",1687,"R Hoffman"
"1688",1688,"R Miikulainen"
"1689",1689,"D Cosejo"
"1690",1690,"D Brown"
"1691",1691,"N Nerserssian"
"1692",1692,"K Gorman"
"1693",1693,"W Gegg-Harrison"
"1694",1694,"C Marsh"
"1695",1695,"R Behnagh"
"1696",1696,"Z Khezri"
"1697",1697,"T Verhof"
"1698",1698,"C Padden"
"1699",1699,"J Jones"
"1700",1700,"M Kaschak"
"1701",1701,"J Little"
"1702",1702,"E Bjork"
"1703",1703,"J Myung"
"1704",1704,"L Feldman"
"1705",1705,"J Hell"
"1706",1706,"J Kroll"
"1707",1707,"S Rajaram"
"1708",1708,"W Mason"
"1709",1709,"S Suri"
"1710",1710,"J Sadr"
"1711",1711,"T Biro"
"1712",1712,"J Gervain"
"1713",1713,"R McCauley"
"1714",1714,"A Geertz"
"1715",1715,"J Bulbulia"
"1716",1716,"J Hois"
"1717",1717,"R Ross"
"1718",1718,"J Kelleher"
"1719",1719,"J Bateman"
"1720",1720,"R Gompel"
"1721",1721,"S Mueller"
