"","from","to"
"1","D Poulter","R Wilkie"
"2","J Wann","R Wilkie"
"3","J Wann","D Poulter"
"4","J Loomis","K Macuga"
"5","A Beall","K Macuga"
"6","A Beall","J Loomis"
"7","J Saunders","J Saunders"
"8","M Hayhoe","J Jovancevic"
"9","B Sullivan","J Jovancevic"
"10","B Sullivan","M Hayhoe"
"11","J Higgins","R Epstein"
"12","M Philiastides","J Muller"
"13","W Newsome","J Muller"
"14","W Newsome","M Philiastides"
"15","M Paradiso","C Clarke"
"16","J Maunsell","G Ghose"
"17","S Kastner","S Chong"
"18","A Treisman","S Chong"
"19","A Treisman","S Kastner"
"20","E Hubbard","S Azoulai"
"21","V Ramachandran","S Azoulai"
"22","V Ramachandran","E Hubbard"
"23","Z Lu","D Dao"
"24","B Dosher","D Dao"
"25","B Dosher","Z Lu"
"26","M Carandini","V Mante"
"27","A Humphrey","A Saul"
"28","P Carras","A Saul"
"29","P Carras","A Humphrey"
"30","S Dakin","S Dumoulin"
"31","R Hess","S Dumoulin"
"32","R Hess","S Dakin"
"33","M Goldberg","J Bisley"
"34","M Augath","A Shmuel"
"35","A Oeltermann","A Shmuel"
"36","A Oeltermann","M Augath"
"37","J Pauls","A Shmuel"
"38","J Pauls","M Augath"
"39","J Pauls","A Oeltermann"
"40","N Logothetis","A Shmuel"
"41","N Logothetis","M Augath"
"42","N Logothetis","A Oeltermann"
"43","N Logothetis","J Pauls"
"44","H Brown","J Samonds"
"45","A Bonds","J Samonds"
"46","A Bonds","H Brown"
"47","D Vishwanath","A Girshick"
"48","M Banks","A Girshick"
"49","M Banks","D Vishwanath"
"50","Z He","T Ooi"
"51","M Colton","P Willemsen"
"52","S Creem-Regehr","P Willemsen"
"53","S Creem-Regehr","M Colton"
"54","W Thompson","P Willemsen"
"55","W Thompson","M Colton"
"56","W Thompson","S Creem-Regehr"
"57","Z He","J Wu"
"58","T Ooi","J Wu"
"60","M Mon-Williams","G Bingham"
"61","M Khokhotva","A Mapp"
"62","H Ono","A Mapp"
"63","H Ono","M Khokhotva"
"64","J Driver","C Ruff"
"65","J Wolfe","J Wolfe"
"66","L Feigenson","B Scholl"
"67","C Oriet","J Enns"
"68","R VanRullen","R VanRullen"
"69","P Cavanagh","G Alvarez"
"70","D Ellemberg","T Lewis"
"71","D Maurer","T Lewis"
"72","D Maurer","D Ellemberg"
"73","J Guillemot","T Lewis"
"74","J Guillemot","D Ellemberg"
"75","J Guillemot","D Maurer"
"76","F Lepore","T Lewis"
"77","F Lepore","D Ellemberg"
"78","F Lepore","D Maurer"
"79","F Lepore","J Guillemot"
"80","T Lewis","V Armstrong"
"81","D Ellemberg","V Armstrong"
"83","V Bhagirath","V Armstrong"
"84","V Bhagirath","T Lewis"
"85","V Bhagirath","D Ellemberg"
"86","D Maurer","V Armstrong"
"89","D Maurer","V Bhagirath"
"90","J Wattam-Bell","J Atkinson"
"91","O Braddick","J Atkinson"
"92","O Braddick","J Wattam-Bell"
"93","D Birtles","J Atkinson"
"94","D Birtles","J Wattam-Bell"
"95","D Birtles","O Braddick"
"96","A Barnett","J Atkinson"
"97","A Barnett","J Wattam-Bell"
"98","A Barnett","O Braddick"
"99","A Barnett","D Birtles"
"100","D Cowie","J Atkinson"
"101","D Cowie","J Wattam-Bell"
"102","D Cowie","O Braddick"
"103","D Cowie","D Birtles"
"104","D Cowie","A Barnett"
"105","G Lacroix","N Wada"
"106","M Grünau","N Wada"
"107","M Grünau","G Lacroix"
"108","E Borokhovski","N Wada"
"109","E Borokhovski","G Lacroix"
"110","E Borokhovski","M Grünau"
"111","I Constantinescu","N Wada"
"112","I Constantinescu","G Lacroix"
"113","I Constantinescu","M Grünau"
"114","I Constantinescu","E Borokhovski"
"115","R Almeida","N Wada"
"116","R Almeida","G Lacroix"
"117","R Almeida","M Grünau"
"118","R Almeida","E Borokhovski"
"119","R Almeida","I Constantinescu"
"120","R Gurnsey","N Wada"
"121","R Gurnsey","G Lacroix"
"122","R Gurnsey","M Grünau"
"123","R Gurnsey","E Borokhovski"
"124","R Gurnsey","I Constantinescu"
"125","R Gurnsey","R Almeida"
"126","N Segalowitz","N Wada"
"127","N Segalowitz","G Lacroix"
"128","N Segalowitz","M Grünau"
"129","N Segalowitz","E Borokhovski"
"130","N Segalowitz","I Constantinescu"
"131","N Segalowitz","R Almeida"
"132","N Segalowitz","R Gurnsey"
"133","I Fine","L Lewis"
"134","K Dobkins","L Lewis"
"135","K Dobkins","I Fine"
"136","G Kovács","I Kovács"
"137","Á Fehér","I Kovács"
"138","Á Fehér","G Kovács"
"139","H Wilson","S Rainville"
"140","J Aspell","O Braddick"
"142","J Atkinson","J Aspell"
"144","J Wattam-Bell","J Aspell"
"146","H Lu","Z Liu"
"147","C Aguilar","Z Liu"
"148","C Aguilar","H Lu"
"149","R Goutcher","M Landy"
"150","J Trommershauser","M Landy"
"151","J Trommershauser","R Goutcher"
"152","L Maloney","M Landy"
"153","L Maloney","R Goutcher"
"154","L Maloney","J Trommershauser"
"155","P Mamassian","M Landy"
"156","P Mamassian","R Goutcher"
"157","P Mamassian","J Trommershauser"
"158","P Mamassian","L Maloney"
"159","C Howe","D Purves"
"160","K Grill-Spector","D Andresen"
"161","S Martinez-Conde","P Tse"
"162","A Schlegel","P Tse"
"163","A Schlegel","S Martinez-Conde"
"164","S Macknik","P Tse"
"165","S Macknik","S Martinez-Conde"
"166","S Macknik","A Schlegel"
"173","H Goltz","D Whitney"
"174","M Goodale","D Whitney"
"175","M Goodale","H Goltz"
"176","J Driver","J Haynes"
"177","G Rees","J Haynes"
"178","G Rees","J Driver"
"179","F Tong","F Tong"
"180","S Shimojo","D Wu"
"181","W Geisler","R Frazor"
"182","S Klein","D Levi"
"183","I Chen","D Levi"
"184","I Chen","S Klein"
"185","P Bennett","C Taylor"
"186","A Sekuler","C Taylor"
"187","A Sekuler","P Bennett"
"188","A Ahumada","A Watson"
"189","J Judson","D MacLeod"
"190","A Hsu","G Sperling"
"191","S Shevell","S Hong"
"192","A Brown","D Lindsey"
"193","C Frederick","J Hardy"
"194","P Kay","J Hardy"
"195","P Kay","C Frederick"
"196","J Werner","J Hardy"
"197","J Werner","C Frederick"
"198","J Werner","P Kay"
"199","D Brainard","J Hillis"
"200","A Werner","A Werner"
"201","D Tadin","C Paffen"
"202","S Pas","C Paffen"
"203","S Pas","D Tadin"
"204","M Smagt","C Paffen"
"205","M Smagt","D Tadin"
"206","M Smagt","S Pas"
"207","J Lappin","C Paffen"
"208","J Lappin","D Tadin"
"209","J Lappin","S Pas"
"210","J Lappin","M Smagt"
"211","F Verstraten","C Paffen"
"212","F Verstraten","D Tadin"
"213","F Verstraten","S Pas"
"214","F Verstraten","M Smagt"
"215","F Verstraten","J Lappin"
"216","Y Paik","K Watanabe"
"217","R Blake","K Watanabe"
"218","R Blake","Y Paik"
"219","C Koch","N Tsuchiya"
"220","M Grabowecky","S Suzuki"
"221","F Tong","M Meng"
"222","J Pokorny","M Puts"
"223","V Smith","M Puts"
"224","V Smith","J Pokorny"
"225","D Sagi","U Polat"
"226","C Baker","Y Song"
"227","S Ling","M Carrasco"
"228","J Gobel","M Carrasco"
"229","J Gobel","S Ling"
"230","S Fuller","M Carrasco"
"231","S Fuller","S Ling"
"232","S Fuller","J Gobel"
"233","S Read","M Carrasco"
"234","S Read","S Ling"
"235","S Read","J Gobel"
"236","S Read","S Fuller"
"237","F Devinck","S Delord"
"238","K Knoblauch","S Delord"
"239","K Knoblauch","F Devinck"
"240","L Gilroy","S Guttman"
"241","R Blake","S Guttman"
"242","R Blake","L Gilroy"
"243","F Verstraten","R Kanai"
"244","M Fallah","K Sundberg"
"245","J Reynolds","K Sundberg"
"246","J Reynolds","M Fallah"
"247","C Schor","C Cantor"
"248","V DiLollo","B Bridgeman"
"249","J Enns","B Bridgeman"
"250","J Enns","V DiLollo"
"251","A Muehlenen","B Bridgeman"
"252","A Muehlenen","V DiLollo"
"253","A Muehlenen","J Enns"
"254","B Breitmeyer","H Ogmen"
"255","S Todd","H Ogmen"
"256","S Todd","B Breitmeyer"
"257","L Mardon","H Ogmen"
"258","L Mardon","B Breitmeyer"
"259","L Mardon","S Todd"
"260","L Thaler","J Todd"
"261","T Dijkstra","J Todd"
"262","T Dijkstra","L Thaler"
"263","J Koenderink","J Todd"
"264","J Koenderink","L Thaler"
"265","J Koenderink","T Dijkstra"
"266","A Kappers","J Todd"
"267","A Kappers","L Thaler"
"268","A Kappers","T Dijkstra"
"269","A Kappers","J Koenderink"
"270","T Dijsktra","L Thaler"
"272","J Todd","T Dijsktra"
"274","C Caudek","F Domini"
"275","J Koenderink","B Khang"
"276","A Kappers","B Khang"
"278","G Kayaert","I Biederman"
"279","R Vogels","I Biederman"
"280","R Vogels","G Kayaert"
"281","J Hopf","J Martinez-Trujillo"
"282","S Treue","J Martinez-Trujillo"
"283","S Treue","J Hopf"
"284","R Wildes","J Martinez-Trujillo"
"285","R Wildes","J Hopf"
"286","R Wildes","S Treue"
"287","E Simine","J Martinez-Trujillo"
"288","E Simine","J Hopf"
"289","E Simine","S Treue"
"290","E Simine","R Wildes"
"291","H Heinze","J Martinez-Trujillo"
"292","H Heinze","J Hopf"
"293","H Heinze","S Treue"
"294","H Heinze","R Wildes"
"295","H Heinze","E Simine"
"296","J Tsotsos","J Martinez-Trujillo"
"297","J Tsotsos","J Hopf"
"298","J Tsotsos","S Treue"
"299","J Tsotsos","R Wildes"
"300","J Tsotsos","E Simine"
"301","J Tsotsos","H Heinze"
"302","R Wezel","B Krekelberg"
"303","T Albright","B Krekelberg"
"304","T Albright","R Wezel"
"305","S Hammett","P Thompson"
"306","E Mingolla","M Bhavaraju"
"307","I Oruc","B Backus"
"308","V Walsh","G Campana"
"309","C Casco","G Campana"
"310","C Casco","V Walsh"
"311","A Cowey","G Campana"
"312","A Cowey","V Walsh"
"313","A Cowey","C Casco"
"314","I Gauthier","T James"
"315","N Knouf","C Baker"
"316","L Wald","C Baker"
"317","L Wald","N Knouf"
"318","K Kwong","C Baker"
"319","K Kwong","N Knouf"
"320","K Kwong","L Wald"
"321","T Benner","C Baker"
"322","T Benner","N Knouf"
"323","T Benner","L Wald"
"324","T Benner","K Kwong"
"325","B Fischl","C Baker"
"326","B Fischl","N Knouf"
"327","B Fischl","L Wald"
"328","B Fischl","K Kwong"
"329","B Fischl","T Benner"
"330","N Kanwisher","C Baker"
"331","N Kanwisher","N Knouf"
"332","N Kanwisher","L Wald"
"333","N Kanwisher","K Kwong"
"334","N Kanwisher","T Benner"
"335","N Kanwisher","B Fischl"
"336","H Beeck","G Kayaert"
"338","I Biederman","H Beeck"
"340","R Vogels","H Beeck"
"342","K Grill-Spector","K Grill-Spector"
"343","L Likova","C Tyler"
"344","A Wade","C Tyler"
"345","A Wade","L Likova"
"346","S He","F Fang"
"347","M Young","O Lazareva"
"348","E Wasserman","O Lazareva"
"349","E Wasserman","M Young"
"350","K Kawasaki","J Peissig"
"351","D Sheinberg","J Peissig"
"352","D Sheinberg","K Kawasaki"
"353","A Barlasov","S Hochstein"
"354","O Hershler","S Hochstein"
"355","O Hershler","A Barlasov"
"356","A Nitzan","S Hochstein"
"357","A Nitzan","A Barlasov"
"358","A Nitzan","O Hershler"
"359","S Shneor","S Hochstein"
"360","S Shneor","A Barlasov"
"361","S Shneor","O Hershler"
"362","S Shneor","A Nitzan"
"363","J Todd","J Christensen"
"364","J Jovicich","J Liu"
"365","C Baker","J Liu"
"366","C Baker","J Jovicich"
"367","M Mangini","J Liu"
"368","M Mangini","J Jovicich"
"369","M Mangini","C Baker"
"370","L Wald","J Liu"
"371","L Wald","J Jovicich"
"373","L Wald","M Mangini"
"374","N Kanwisher","J Liu"
"375","N Kanwisher","J Jovicich"
"377","N Kanwisher","M Mangini"
"379","I Biederman","K Hayworth"
"380","S Everling","K Johnston"
"381","G Goltz","K Ford"
"382","S Everling","K Ford"
"383","S Everling","G Goltz"
"384","J Oeyzurt","M Greenlee"
"385","I Vallines","M Greenlee"
"386","I Vallines","J Oeyzurt"
"387","R Rutschmann","M Greenlee"
"388","R Rutschmann","J Oeyzurt"
"389","R Rutschmann","I Vallines"
"390","R Andersen","R Hayashi"
"391","S Shimojo","R Hayashi"
"392","S Shimojo","R Andersen"
"393","S Shimojo","C Simion"
"394","A Noritake","J Watanabe"
"395","T Maeda","J Watanabe"
"396","T Maeda","A Noritake"
"397","S Tachi","J Watanabe"
"398","S Tachi","A Noritake"
"399","S Tachi","T Maeda"
"400","S Nishida","J Watanabe"
"401","S Nishida","A Noritake"
"402","S Nishida","T Maeda"
"403","S Nishida","S Tachi"
"404","V Vildavski","A Norcia"
"405","A Wade","A Norcia"
"406","A Wade","V Vildavski"
"407","M Pettet","A Norcia"
"408","M Pettet","V Vildavski"
"409","M Pettet","A Wade"
"410","I Mareschal","S Dakin"
"411","P Bex","S Dakin"
"412","P Bex","I Mareschal"
"416","R Blake","D Tadin"
"417","R Blake","C Paffen"
"418","R Blake","F Verstraten"
"422","J Lappin","R Blake"
"424","i Curran","C Benton"
"425","M Shadlen","A Huk"
"426","M Land","M Land"
"427","M Goodale","J Connolly"
"428","J Cant","J Connolly"
"429","J Cant","M Goodale"
"430","D Munoz","J Connolly"
"431","D Munoz","M Goodale"
"432","D Munoz","J Cant"
"433","C Erkelens","C Erkelens"
"434","L Pracejus","D Braun"
"435","K Gegenfurtner","D Braun"
"436","K Gegenfurtner","L Pracejus"
"437","J Pelz","M Lipps"
"438","A Velisar","S Watamaniuk"
"439","J Badler","S Watamaniuk"
"440","J Badler","A Velisar"
"441","S Heinen","S Watamaniuk"
"442","S Heinen","A Velisar"
"443","S Heinen","J Badler"
"444","G Jacobs","G Jacobs"
"445","R Shapley","R Shapley"
"446","E Adelson","R Fleming"
"447","H Buelthoff","R Fleming"
"448","H Buelthoff","E Adelson"
"449","H Jensen","R Fleming"
"450","H Jensen","E Adelson"
"451","H Jensen","H Buelthoff"
"452","M Bloj","C Ripamonti"
"453","S Greenwald","C Ripamonti"
"454","S Greenwald","M Bloj"
"455","D Brainard","C Ripamonti"
"456","D Brainard","M Bloj"
"457","D Brainard","S Greenwald"
"458","L Maloney","H Boyaci"
"459","A Doorn","S Pont"
"460","J Koenderink","S Pont"
"461","J Koenderink","A Doorn"
"462","Y Li","E Adelson"
"463","L Sharan","E Adelson"
"464","L Sharan","Y Li"
"465","R Vogels","K Köteles"
"466","G Orban","K Köteles"
"467","G Orban","R Vogels"
"468","T Sanocki","T Sanocki"
"469","P Martini","V Maljkovic"
"470","H Farid","V Maljkovic"
"471","H Farid","P Martini"
"472","J Henderson","J Brockmole"
"473","J Braun","Y Festman"
"474","A Treisman","K Evans"
"475","K Gegenfurtner","H Kirchner"
"476","D Kerzel","H Kirchner"
"477","D Kerzel","K Gegenfurtner"
"478","S Thorpe","H Kirchner"
"479","S Thorpe","K Gegenfurtner"
"480","S Thorpe","D Kerzel"
"481","D Ghahremani","G Golarai"
"482","J Eberhardt","G Golarai"
"483","J Eberhardt","D Ghahremani"
"484","K Grill-Spector","G Golarai"
"485","K Grill-Spector","D Ghahremani"
"486","K Grill-Spector","J Eberhardt"
"487","G Gabrieli","G Golarai"
"488","G Gabrieli","D Ghahremani"
"489","G Gabrieli","J Eberhardt"
"490","G Gabrieli","K Grill-Spector"
"491","V Ciaramitaro","M Ng"
"492","I Fine","M Ng"
"493","I Fine","V Ciaramitaro"
"494","G Boynton","M Ng"
"495","G Boynton","V Ciaramitaro"
"496","G Boynton","I Fine"
"497","N Kanwisher","G Yovel"
"498","R Caldara","C Schiltz"
"499","B Sorger","C Schiltz"
"500","B Sorger","R Caldara"
"501","R Goebel","C Schiltz"
"502","R Goebel","R Caldara"
"503","R Goebel","B Sorger"
"504","E Mayer","C Schiltz"
"505","E Mayer","R Caldara"
"506","E Mayer","B Sorger"
"507","E Mayer","R Goebel"
"508","B Rossion","C Schiltz"
"509","B Rossion","R Caldara"
"510","B Rossion","B Sorger"
"511","B Rossion","R Goebel"
"512","B Rossion","E Mayer"
"513","K Valyear","T Ganel"
"514","Y Goshen-Gottstein","T Ganel"
"515","Y Goshen-Gottstein","K Valyear"
"516","M Goodale","T Ganel"
"517","M Goodale","K Valyear"
"518","M Goodale","Y Goshen-Gottstein"
"519","F Wilkinson","G Loffler"
"520","G Yourganov","G Loffler"
"521","G Yourganov","F Wilkinson"
"522","H Wilson","G Loffler"
"523","H Wilson","F Wilkinson"
"524","H Wilson","G Yourganov"
"525","A Johnston","D Arnold"
"526","S Nishida","D Arnold"
"527","S Nishida","A Johnston"
"528","F Roehrbein","G Meyer"
"529","S Wuerger","G Meyer"
"530","S Wuerger","F Roehrbein"
"531","C Zetzsche","G Meyer"
"532","C Zetzsche","F Roehrbein"
"533","C Zetzsche","S Wuerger"
"534","F Newell","I Buelthoff"
"535","J Burge","S Gepshtein"
"536","M Banks","S Gepshtein"
"537","M Banks","J Burge"
"538","M Ernst","S Gepshtein"
"539","M Ernst","J Burge"
"540","M Ernst","M Banks"
"541","G Buracas","V Ciaramitaro"
"543","G Boynton","G Buracas"
"544","D Berger","P MacNeilage"
"545","M Banks","P MacNeilage"
"546","M Banks","D Berger"
"547","H Buelthoff","P MacNeilage"
"548","H Buelthoff","D Berger"
"549","H Buelthoff","M Banks"
"550","D Knill","H Greenwald"
"551","J Saunders","H Greenwald"
"552","J Saunders","D Knill"
"553","E Flister","P Schrater"
"554","S Gepshtein","J Trommershauser"
"556","L Maloney","S Gepshtein"
"558","M Landy","S Gepshtein"
"560","M Banks","J Trommershauser"
"562","M Banks","L Maloney"
"563","M Banks","M Landy"
"564","P Schrater","E Schlicht"
"565","C Sloane","E Schlicht"
"566","C Sloane","P Schrater"
"567","R Breveglieri","P Fattori"
"568","D Kutz","P Fattori"
"569","D Kutz","R Breveglieri"
"570","N Marzocchi","P Fattori"
"571","N Marzocchi","R Breveglieri"
"572","N Marzocchi","D Kutz"
"573","C Galletti","P Fattori"
"574","C Galletti","R Breveglieri"
"575","C Galletti","D Kutz"
"576","C Galletti","N Marzocchi"
"577","H Miyatsuji","J Saiki"
"578","W Zhang","S Luck"
"579","W Ma","P Wilken"
"580","Y Jiang","I Olson"
"581","K Sledge","I Olson"
"582","K Sledge","Y Jiang"
"583","M Hayhoe","J Droll"
"584","J Triesch","J Droll"
"585","J Triesch","M Hayhoe"
"586","B Sullivan","J Droll"
"588","B Sullivan","J Triesch"
"589","F Waszak","A Gorea"
"590","P Heard","G Króliczak"
"591","M Goodale","G Króliczak"
"592","M Goodale","P Heard"
"593","R Gregory","G Króliczak"
"594","R Gregory","P Heard"
"595","R Gregory","M Goodale"
"596","J Smeets","A Brouwer"
"597","E Brenner","A Brouwer"
"598","E Brenner","J Smeets"
"599","N Mennie","M Hayhoe"
"600","K Gorgos","M Hayhoe"
"601","K Gorgos","N Mennie"
"602","J Semrau","M Hayhoe"
"603","J Semrau","N Mennie"
"604","J Semrau","K Gorgos"
"606","B Sullivan","N Mennie"
"607","B Sullivan","K Gorgos"
"608","B Sullivan","J Semrau"
"609","T Sugar","M McBeath"
"610","Z Wang","M McBeath"
"611","Z Wang","T Sugar"
"612","Q Zaidi","A Li"
"613","K Hammamji","F Kingdom"
"614","S Rangwala","F Kingdom"
"615","S Rangwala","K Hammamji"
"616","A Gilchrist","A Gilchrist"
"617","M Jameson","B Balas"
"618","P Sinha","B Balas"
"619","P Sinha","M Jameson"
"623","I Kuriki","S Nishida"
"624","I Kuriki","J Watanabe"
"625","I Kuriki","S Tachi"
"626","J Beintema","A Berg"
"627","B Vlaskamp","A Berg"
"628","B Vlaskamp","J Beintema"
"629","I Hooge","A Berg"
"630","I Hooge","J Beintema"
"631","I Hooge","B Vlaskamp"
"632","E Loon","A Berg"
"633","E Loon","J Beintema"
"634","E Loon","B Vlaskamp"
"635","E Loon","I Hooge"
"636","D Yi","G Woodman"
"637","M Chun","G Woodman"
"638","M Chun","D Yi"
"639","J Schall","G Woodman"
"640","J Schall","D Yi"
"641","J Schall","M Chun"
"642","A Caspi","M Eckstein"
"643","B Beutter","M Eckstein"
"644","B Beutter","A Caspi"
"645","B Pham","M Eckstein"
"646","B Pham","A Caspi"
"647","B Pham","B Beutter"
"648","D Burr","S Baldassi"
"649","N Megna","S Baldassi"
"650","N Megna","D Burr"
"651","A Ma-Wyatt","P Verghese"
"652","M Beck","M Peterson"
"653","M Vomela","M Peterson"
"654","M Vomela","M Beck"
"655","B Cumming","C Bredfeldt"
"656","H Bridge","H Nienborg"
"657","A Parker","H Nienborg"
"658","A Parker","H Bridge"
"659","B Cumming","H Nienborg"
"660","B Cumming","H Bridge"
"661","B Cumming","A Parker"
"662","M Ambler","B Rogers"
"663","B Liu","E Berends"
"664","C Schor","E Berends"
"665","C Schor","B Liu"
"667","H Rose","M Banks"
"668","H Rose","S Gepshtein"
"669","B Gillam","H Sedgwick"
"670","R Shah","H Sedgwick"
"671","R Shah","B Gillam"
"672","R Rosenholtz","R Rosenholtz"
"676","A Hollingworth","A Hollingworth"
"677","R Rensink","R Rensink"
"678","M Peterson","R Rauschenberger"
"679","R Rensink","A Lleras"
"680","J Enns","A Lleras"
"681","J Enns","R Rensink"
"682","P Latham","P Series"
"683","A Pouget","P Series"
"684","A Pouget","P Latham"
"685","M Repucci","J Victor"
"686","F Mechler","J Victor"
"687","F Mechler","M Repucci"
"688","R Reid","C McAdams"
"689","D Tsao","W Freiwald"
"690","R Tootell","W Freiwald"
"691","R Tootell","D Tsao"
"692","M Livingstone","W Freiwald"
"693","M Livingstone","D Tsao"
"694","M Livingstone","R Tootell"
"695","J Bisley","S Krishna"
"696","M Goldberg","S Krishna"
"698","F Tong","Y Kamitani"
"700","A Grieco","C Casco"
"701","A Grieco","G Campana"
"702","G Fuggetta","C Casco"
"703","G Fuggetta","G Campana"
"704","G Fuggetta","A Grieco"
"705","A Leung","Y Jiang"
"706","B Scholl","J Fiser"
"707","R Aslin","J Fiser"
"708","R Aslin","B Scholl"
"709","A Andalman","Y Ostrovsky"
"710","P Sinha","Y Ostrovsky"
"711","P Sinha","A Andalman"
"712","S Soloviev","L Vaina"
"713","F Buonanno","L Vaina"
"714","F Buonanno","S Soloviev"
"715","L Stelmach","A Buckthought"
"716","M Peterson","J Burge"
"717","S Palmer","J Burge"
"718","S Palmer","M Peterson"
"719","J Read","B Cumming"
"720","K Brooks","P Grove"
"721","B Anderson","P Grove"
"722","B Anderson","K Brooks"
"723","B Gillam","P Grove"
"724","B Gillam","K Brooks"
"725","B Gillam","B Anderson"
"726","Y Miyawaki","Y Miyawaki"
"727","F Qiu","T Sugihara"
"728","R Heydt","T Sugihara"
"729","R Heydt","F Qiu"
"730","A Aldcroft","M Large"
"731","A Kuchinad","M Large"
"732","A Kuchinad","A Aldcroft"
"733","T Vilis","M Large"
"734","T Vilis","A Aldcroft"
"735","T Vilis","A Kuchinad"
"736","P Roelfsema","R Houtkamp"
"737","J Brooks","S Palmer"
"738","B Scholl","S Mitroff"
"739","M Frankl","M Nawrot"
"740","C Stockert","M Nawrot"
"741","C Stockert","M Frankl"
"742","S Chan","J Mendola"
"743","A Roy","J Mendola"
"744","A Roy","S Chan"
"745","I Conner","J Mendola"
"746","I Conner","S Chan"
"747","I Conner","A Roy"
"748","T Scwartz","J Mendola"
"749","T Scwartz","S Chan"
"750","T Scwartz","A Roy"
"751","T Scwartz","I Conner"
"752","J Odom","J Mendola"
"753","J Odom","S Chan"
"754","J Odom","A Roy"
"755","J Odom","I Conner"
"756","J Odom","T Scwartz"
"757","K Kwong","J Mendola"
"758","K Kwong","S Chan"
"759","K Kwong","A Roy"
"760","K Kwong","I Conner"
"761","K Kwong","T Scwartz"
"762","K Kwong","J Odom"
"763","A Sahraie","C Trevethan"
"764","L Weiskrantz","C Trevethan"
"765","L Weiskrantz","A Sahraie"
"766","S Engel","S Bouvier"
"767","C Taylor","L Betts"
"768","P Bennett","L Betts"
"770","A Sekuler","L Betts"
"773","S Cropper","S Cropper"
"774","B Sheliga","K Chen"
"775","E FitzGibbon","K Chen"
"776","E FitzGibbon","B Sheliga"
"777","F Miles","K Chen"
"778","F Miles","B Sheliga"
"779","F Miles","E FitzGibbon"
"780","C Anderson","I Fine"
"782","G Boynton","C Anderson"
"784","K Dobkins","C Anderson"
"785","K Dobkins","G Boynton"
"786","E Hubbard","L Williams"
"787","V Ramachandran","L Williams"
"789","D Macleod","S Anstis"
"790","M Behrmann","A Cate"
"791","R Sigala","M Giese"
"792","C Wallraven","M Giese"
"793","C Wallraven","R Sigala"
"794","D Leopold","M Giese"
"795","D Leopold","R Sigala"
"796","D Leopold","C Wallraven"
"797","G Yovel","B Duchaine"
"798","E Butterworth","B Duchaine"
"799","E Butterworth","G Yovel"
"800","K Nakayama","B Duchaine"
"801","K Nakayama","G Yovel"
"802","K Nakayama","E Butterworth"
"803","T McKeeff","S Fox"
"804","F Tong","S Fox"
"805","F Tong","T McKeeff"
"806","S Gilad","P Sinha"
"807","N Troje","C Westhoff"
"808","M Shiffrar","A Jacobs"
"809","S Prasad","F Loula"
"810","M Shiffrar","F Loula"
"811","M Shiffrar","S Prasad"
"812","M McBeath","S Morgan"
"813","M Giese","A Casile"
"814","M Morgan","J Solomon"
"815","I Kagan","M Gur"
"816","M Snodderly","M Gur"
"817","M Snodderly","I Kagan"
"821","S Solomon","N Dhruv"
"822","J Peirce","N Dhruv"
"823","J Peirce","S Solomon"
"824","H Sun","J Kunken"
"825","B Lee","J Kunken"
"826","B Lee","H Sun"
"827","N Troje","N Troje"
"828","K Johnson","K Johnson"
"829","A Chouchourelou","M Shiffrar"
"830","J Pinto","M Shiffrar"
"831","J Pinto","A Chouchourelou"
"832","B Mazzarino","P McAleer"
"833","G Volpe","P McAleer"
"834","G Volpe","B Mazzarino"
"835","A Camurri","P McAleer"
"836","A Camurri","B Mazzarino"
"837","A Camurri","G Volpe"
"838","H Patterson","P McAleer"
"839","H Patterson","B Mazzarino"
"840","H Patterson","G Volpe"
"841","H Patterson","A Camurri"
"842","F Pollick","P McAleer"
"843","F Pollick","B Mazzarino"
"844","F Pollick","G Volpe"
"845","F Pollick","A Camurri"
"846","F Pollick","H Patterson"
"847","G Stoner","H Jordan"
"848","H Paterson","F Pollick"
"849","P Mamassian","F Pollick"
"850","P Mamassian","H Paterson"
"851","Y Inoue","M Kitazaki"
"852","A Krebeck","E Hiris"
"853","J Edmonds","E Hiris"
"854","J Edmonds","A Krebeck"
"855","A Stout","E Hiris"
"856","A Stout","A Krebeck"
"857","A Stout","J Edmonds"
"858","D Maurer","A Freire"
"859","T Lewis","A Freire"
"861","R Blake","A Freire"
"862","R Blake","D Maurer"
"863","R Blake","T Lewis"
"864","A Hof","Q Vuong"
"865","I Thornton","Q Vuong"
"866","I Thornton","A Hof"
"867","H Buelthoff","Q Vuong"
"868","H Buelthoff","A Hof"
"869","H Buelthoff","I Thornton"
"870","I Daum","D Jokisch"
"871","N Troje","D Jokisch"
"872","N Troje","I Daum"
"873","S Jang","M Hadjigeorgieva"
"874","S Park","M Hadjigeorgieva"
"875","S Park","S Jang"
"876","W Jung","M Hadjigeorgieva"
"877","W Jung","S Jang"
"878","W Jung","S Park"
"879","C Chung","M Hadjigeorgieva"
"880","C Chung","S Jang"
"881","C Chung","S Park"
"882","C Chung","W Jung"
"883","F Pollick","M Hadjigeorgieva"
"884","F Pollick","S Jang"
"885","F Pollick","S Park"
"886","F Pollick","W Jung"
"887","F Pollick","C Chung"
"888","L Battelli","E Grossman"
"889","A Leone","E Grossman"
"890","A Leone","L Battelli"
"891","R Blake","C Kim"
"892","W Halfwerk","J Beintema"
"893","R Wezel","J Beintema"
"894","R Wezel","W Halfwerk"
"895","E Graf","E Graf"
"896","R Blake","K Sobel"
"897","T Raissian","K Sobel"
"898","T Raissian","R Blake"
"899","K White","K White"
"900","J Fiser","W Makous"
"901","P Bex","W Makous"
"902","P Bex","J Fiser"
"903","E Freeman","D Carmel"
"904","N Lavie","D Carmel"
"905","N Lavie","E Freeman"
"906","G Rees","D Carmel"
"907","G Rees","E Freeman"
"908","G Rees","N Lavie"
"909","A Dobbins","J Grossmann"
"910","T Takeda","T Shinozaki"
"911","B Michael","J Kornmeier"
"912","R Andersen","Z Nadasdy"
"913","C Koch","M Saenz"
"914","H Gauthier","L Liu"
"915","B Tjan","J Hal"
"916","Z Liu","J Hal"
"917","Z Liu","B Tjan"
"918","C Lee","J Hal"
"919","C Lee","B Tjan"
"920","C Lee","Z Liu"
"921","A Motamed","J Hal"
"922","A Motamed","B Tjan"
"923","A Motamed","Z Liu"
"924","A Motamed","C Lee"
"925","T Egne","J Hirsch"
"926","D Khalil","J Hirsch"
"927","D Khalil","T Egne"
"928","G Lai","J Hirsch"
"929","G Lai","T Egne"
"930","G Lai","D Khalil"
"931","A Patel","J Hirsch"
"932","A Patel","T Egne"
"933","A Patel","D Khalil"
"934","A Patel","G Lai"
"935","A Berg","J Brascamp"
"936","R Ee","J Brascamp"
"937","R Ee","A Berg"
"938","M Paul","H Morgan"
"939","S Tipper","H Morgan"
"940","S Tipper","M Paul"
"941","Y Yeh","H Chao"
"942","H Chu","X Zhou"
"943","Q Chen","X Zhou"
"944","Q Chen","H Chu"
"945","X Li","X Zhou"
"946","X Li","H Chu"
"947","X Li","Q Chen"
"948","M Chun","J DiMase"
"949","M Chun","J Junge"
"950","D Simons","M Ambinder"
"951","M Chun","A Leber"
"952","D Widders","A Leber"
"953","D Widders","M Chun"
"954","M Platt","H Dean"
"955","S Lin","S Yeh"
"956","N Program","J Lu"
"957","L Itti","J Lu"
"958","L Itti","N Program"
"959","N Kanwisher","Y Xu"
"960","A Seiffert","A Seiffert"
"961","S Luck","J Hyun"
"962","S Franconeri","D Bemis"
"963","G Alvarez","D Bemis"
"964","G Alvarez","S Franconeri"
"965","B Scholl","A Marino"
"966","A Cohen-Savransky","R Kimchi"
"967","C Tyler","L Kontsevich"
"968","I Maruko","B Zhang"
"969","H Bi","B Zhang"
"970","H Bi","I Maruko"
"971","I Watanabe","B Zhang"
"972","I Watanabe","I Maruko"
"973","I Watanabe","H Bi"
"974","J Zheng","B Zhang"
"975","J Zheng","I Maruko"
"976","J Zheng","H Bi"
"977","J Zheng","I Watanabe"
"978","E Smith","B Zhang"
"979","E Smith","I Maruko"
"980","E Smith","H Bi"
"981","E Smith","I Watanabe"
"982","E Smith","J Zheng"
"983","Y Chino","B Zhang"
"984","Y Chino","I Maruko"
"985","Y Chino","H Bi"
"986","Y Chino","I Watanabe"
"987","Y Chino","J Zheng"
"988","Y Chino","E Smith"
"989","H Alitto","B Moore"
"990","W Usrey","B Moore"
"991","W Usrey","H Alitto"
"992","M Kraus","H Lu"
"993","A Roe","H Lu"
"994","A Roe","M Kraus"
"995","D Chandler","D Graham"
"996","D Field","D Graham"
"997","D Field","D Chandler"
"998","C Baker","C McGill"
"999","I Kagan","B Ersoy"
"1000","M Rucci","B Ersoy"
"1001","M Rucci","I Kagan"
"1002","M Snodderly","B Ersoy"
"1004","M Snodderly","M Rucci"
"1005","X Xu","I Khaytin"
"1006","C Collins","I Khaytin"
"1007","C Collins","X Xu"
"1008","P Kaskan","I Khaytin"
"1009","P Kaskan","X Xu"
"1010","P Kaskan","C Collins"
"1011","D Shima","I Khaytin"
"1012","D Shima","X Xu"
"1013","D Shima","C Collins"
"1014","D Shima","P Kaskan"
"1015","J Kaas","I Khaytin"
"1016","J Kaas","X Xu"
"1017","J Kaas","C Collins"
"1018","J Kaas","P Kaskan"
"1019","J Kaas","D Shima"
"1020","V Casagrande","I Khaytin"
"1021","V Casagrande","X Xu"
"1022","V Casagrande","C Collins"
"1023","V Casagrande","P Kaskan"
"1024","V Casagrande","D Shima"
"1025","V Casagrande","J Kaas"
"1026","T Watanabe","A Harner"
"1027","J Baker","S Yen"
"1028","J Lachaux","S Yen"
"1029","J Lachaux","J Baker"
"1030","C Gray","S Yen"
"1031","C Gray","J Baker"
"1032","C Gray","J Lachaux"
"1033","U Nuding","C Zetzsche"
"1034","K Schil","C Zetzsche"
"1035","K Schil","U Nuding"
"1036","M Wu","D Field"
"1037","M Richter","K Schneider"
"1038","S Kastner","K Schneider"
"1039","S Kastner","M Richter"
"1040","J Rieser","H Bruggeman"
"1041","H Pic","H Bruggeman"
"1042","H Pic","J Rieser"
"1043","V Endress","M Ernst"
"1044","J Schlag","M Pesavento"
"1045","B Backus","H Qi"
"1047","G Keith","J Marotta"
"1048","J Crawford","J Marotta"
"1049","J Crawford","G Keith"
"1050","R Rajimehr","R Rajimehr"
"1051","G Boynton","S Mednick"
"1052","F Domini","E Blaser"
"1053","L Raymond","E Blaser"
"1054","L Raymond","F Domini"
"1055","E Graf","W Adams"
"1056","M Ernst","W Adams"
"1057","M Ernst","E Graf"
"1058","R Jacobs","V Ivanchenko"
"1059","Z Lu","B Doshe"
"1060","J Gold","S Liebe"
"1061","T Busey","S Liebe"
"1062","T Busey","J Gold"
"1063","B O'Donnell","S Liebe"
"1064","B O'Donnell","J Gold"
"1065","B O'Donnell","T Busey"
"1066","Y Jiang","J Song"
"1067","A Sekuler","J Husk"
"1068","P Bennett","J Husk"
"1070","L Welch","D Silverman"
"1071","N Yamagishi","B Werner"
"1072","A Seitz","B Werner"
"1073","A Seitz","N Yamagishi"
"1074","N Goda","B Werner"
"1075","N Goda","N Yamagishi"
"1076","N Goda","A Seitz"
"1077","S Sheremata","B Werner"
"1078","S Sheremata","N Yamagishi"
"1079","S Sheremata","A Seitz"
"1080","S Sheremata","N Goda"
"1081","M Kawato","B Werner"
"1082","M Kawato","N Yamagishi"
"1083","M Kawato","A Seitz"
"1084","M Kawato","N Goda"
"1085","M Kawato","S Sheremata"
"1086","T Watanabe","B Werner"
"1087","T Watanabe","N Yamagishi"
"1088","T Watanabe","A Seitz"
"1089","T Watanabe","N Goda"
"1090","T Watanabe","S Sheremata"
"1091","T Watanabe","M Kawato"
"1092","N Dupuis-Roy","F Gosselin"
"1093","P Bennett","Z Hussain"
"1094","A Sekuler","Z Hussain"
"1096","S Kuac","C Yu"
"1097","J Zhang","C Yu"
"1098","J Zhang","S Kuac"
"1099","S Klein","C Yu"
"1100","S Klein","S Kuac"
"1101","S Klein","J Zhang"
"1102","D Levi","C Yu"
"1103","D Levi","S Kuac"
"1104","D Levi","J Zhang"
"1106","P Kellman","P Garrigan"
"1107","B Dosher","A Petrov"
"1108","Z Lu","A Petrov"
"1110","M Wenger","C Rasche"
"1112","L Griffin","L Griffin"
"1113","A Chean","J Ferwerda"
"1114","J Taboada","P Smith"
"1115","I Kuriki","A Furuta"
"1116","S Nakadomari","A Furuta"
"1117","S Nakadomari","I Kuriki"
"1118","J Krauskopf","J Krauskopf"
"1119","Z Pizlo","B Lee"
"1120","J Allebach","B Lee"
"1121","J Allebach","Z Pizlo"
"1122","Q Wang","R Eskew"
"1123","D Richters","R Eskew"
"1124","D Richters","Q Wang"
"1125","S Pattanaik","S Khan"
"1126","A Nagy","K Neriani"
"1127","A Brewer","J Liu"
"1128","B Wandell","J Liu"
"1129","B Wandell","A Brewer"
"1130","G Holder","A Robson"
"1131","J Moreland","A Robson"
"1132","J Moreland","G Holder"
"1133","J Kulikowski","A Robson"
"1134","J Kulikowski","G Holder"
"1135","J Kulikowski","J Moreland"
"1136","I Kuriki","I Kuriki"
"1137","K Amano","A Reeves"
"1138","D Foster","A Reeves"
"1139","D Foster","K Amano"
"1140","H Boyaci","K Doerschner"
"1141","L Maloney","K Doerschner"
"1143","D Teller","I Zemach"
"1144","M Grabowecky","B Goolsby"
"1145","S Suzuki","B Goolsby"
"1147","S Shevell","X Xian"
"1148","K Uchikawa","Y Yamauchi"
"1149","K Yokoi","K Uchikawa"
"1151","Y Yamauchi","K Yokoi"
"1152","B Bodkin","J Comerford"
"1153","F Thorn","J Comerford"
"1154","F Thorn","B Bodkin"
"1158","F Kingdom","G Malkoc"
"1159","D Wu","B Sheth"
"1160","E Brenner","J Granzier"
"1161","F Cornelissen","J Granzier"
"1162","F Cornelissen","E Brenner"
"1163","J Smeets","J Granzier"
"1165","J Smeets","F Cornelissen"
"1166","P Delahunt","F Devinck"
"1167","J Hardy","F Devinck"
"1168","J Hardy","P Delahunt"
"1169","L Spillman","F Devinck"
"1170","L Spillman","P Delahunt"
"1171","L Spillman","J Hardy"
"1172","J Werner","F Devinck"
"1173","J Werner","P Delahunt"
"1175","J Werner","L Spillman"
"1176","W Geisler","J Najemnik"
"1177","J Perry","J Najemnik"
"1178","J Perry","W Geisler"
"1179","G Zelinsky","M Neider"
"1180","D Levin","D Levin"
"1181","A Oliva","A Torralba"
"1182","M Castelhano","A Torralba"
"1183","M Castelhano","A Oliva"
"1184","J Henderson","A Torralba"
"1185","J Henderson","A Oliva"
"1186","J Henderson","M Castelhano"
"1187","D Barrett","T Menneer"
"1188","L Phillips","T Menneer"
"1189","L Phillips","D Barrett"
"1190","N Donnelly","T Menneer"
"1191","N Donnelly","D Barrett"
"1192","N Donnelly","L Phillips"
"1193","K Cave","T Menneer"
"1194","K Cave","D Barrett"
"1195","K Cave","L Phillips"
"1196","K Cave","N Donnelly"
"1197","M Eckstein","B Drescher"
"1198","J Wolfe","K Michod"
"1199","T Horowitz","K Michod"
"1200","T Horowitz","J Wolfe"
"1201","A Kramer","A Belopolsky"
"1202","J Theeuwes","A Belopolsky"
"1203","J Theeuwes","A Kramer"
"1204","D Smilek","S Ghorashi"
"1205","V Lollo","S Ghorashi"
"1206","V Lollo","D Smilek"
"1207","A Logvinenko","A Logvinenko"
"1208","R Robilotto","Q Zaidi"
"1209","D Popa","M Rudd"
"1211","R Lotto","G Rees"
"1212","R Lotto","J Haynes"
"1213","D Teller","M Pereverzeva"
"1214","K Dobkins","K Gunther"
"1215","M Shear-Heyman","A Shapiro"
"1216","M Milanak","A Shapiro"
"1217","M Milanak","M Shear-Heyman"
"1218","J Charles","A Shapiro"
"1219","J Charles","M Shear-Heyman"
"1220","J Charles","M Milanak"
"1221","A Leaver","A Shapiro"
"1222","A Leaver","M Shear-Heyman"
"1223","A Leaver","M Milanak"
"1224","A Leaver","J Charles"
"1225","L Belano","A Shapiro"
"1226","L Belano","M Shear-Heyman"
"1227","L Belano","M Milanak"
"1228","L Belano","J Charles"
"1229","L Belano","A Leaver"
"1230","W Pasieka","B Blakeslee"
"1231","M McCourt","B Blakeslee"
"1232","M McCourt","W Pasieka"
"1233","J Cooley","J Schirillo"
"1234","T Barra","J Schirillo"
"1235","T Barra","J Cooley"
"1240","B Gibson","E Wasserman"
"1241","B Gibson","O Lazareva"
"1242","F Gosselin","E Wasserman"
"1243","F Gosselin","O Lazareva"
"1244","F Gosselin","B Gibson"
"1245","P Schyns","E Wasserman"
"1246","P Schyns","O Lazareva"
"1247","P Schyns","B Gibson"
"1248","P Schyns","F Gosselin"
"1249","I Biederman","E Wasserman"
"1250","I Biederman","O Lazareva"
"1251","I Biederman","B Gibson"
"1252","I Biederman","F Gosselin"
"1253","I Biederman","P Schyns"
"1254","T Drew","K Shapiro"
"1255","M Jackson","H Orbach"
"1256","R Henderson","H Orbach"
"1257","R Henderson","M Jackson"
"1258","O Kehemetswe","H Orbach"
"1259","O Kehemetswe","M Jackson"
"1260","O Kehemetswe","R Henderson"
"1261","K Shapiro","M Kunar"
"1262","M Chun","M Nieuwenstein"
"1263","R Marois","D Fougnie"
"1264","K Killman","K Arnell"
"1265","D Fijavz","K Arnell"
"1266","D Fijavz","K Killman"
"1267","Y Yamada","J Kawahara"
"1268","S Tripathy","S Narasimhan"
"1269","B Barrett","S Narasimhan"
"1270","B Barrett","S Tripathy"
"1271","Z Pylyshyn","B Keane"
"1272","T Horowitz","S Klieger"
"1273","J Wolfe","S Klieger"
"1275","J Droulez","N Bullot"
"1276","C Morvan","N Bullot"
"1277","C Morvan","J Droulez"
"1278","Z Pylyshyn","N Bullot"
"1279","Z Pylyshyn","J Droulez"
"1280","Z Pylyshyn","C Morvan"
"1281","J Halberda","S Franconeri"
"1282","L Feigenson","S Franconeri"
"1283","L Feigenson","J Halberda"
"1285","G Alvarez","J Halberda"
"1286","G Alvarez","L Feigenson"
"1287","R Birnkrant","T Horowitz"
"1289","J Wolfe","R Birnkrant"
"1290","L Tran","T Horowitz"
"1291","L Tran","R Birnkrant"
"1292","L Tran","J Wolfe"
"1293","D Fencsik","T Horowitz"
"1294","D Fencsik","R Birnkrant"
"1295","D Fencsik","J Wolfe"
"1296","D Fencsik","L Tran"
"1297","A Pastukhov","J Braun"
"1301","K Yokosawa","M Suganuma"
"1303","S Kliege","D Fencsik"
"1304","S Kliege","T Horowitz"
"1305","J Wolf","D Fencsik"
"1306","J Wolf","T Horowitz"
"1307","J Wolf","S Kliege"
"1308","Z Pylyshyn","A Black"
"1309","L Hines","L Valdes"
"1310","W Neill","L Valdes"
"1311","W Neill","L Hines"
"1312","M Braunstein","Z Bian"
"1313","G Andersen","Z Bian"
"1314","G Andersen","M Braunstein"
"1315","B Mohler","S Creem-Regehr"
"1317","W Thompson","B Mohler"
"1321","W Elizabeth","P Dassonville"
"1325","M Braunstein","C Feria"
"1326","G Andersen","C Feria"
"1328","J Campos","G Chan"
"1329","B Chiong","G Chan"
"1330","B Chiong","J Campos"
"1331","H Sun","G Chan"
"1332","H Sun","J Campos"
"1333","H Sun","B Chiong"
"1334","W Li","L Matin"
"1335","J Bertz","L Matin"
"1336","J Bertz","W Li"
"1337","M Jenkin","L Harris"
"1338","R Dyde","L Harris"
"1339","R Dyde","M Jenkin"
"1340","H Jenkin","L Harris"
"1341","H Jenkin","M Jenkin"
"1342","H Jenkin","R Dyde"
"1343","F Durgin","R Messing"
"1344","W Li","A Shavit"
"1345","D Semanek","A Shavit"
"1346","D Semanek","W Li"
"1347","L Matin","A Shavit"
"1349","L Matin","D Semanek"
"1356","S Sadr","R Dyde"
"1358","M Jenkin","S Sadr"
"1360","H Jenkin","S Sadr"
"1363","L Harris","S Sadr"
"1366","S Vecera","M Matsukura"
"1367","A Paul","M Lages"
"1368","A Kristjansson","A Kristjansson"
"1370","R Bruyer","J Delvenne"
"1371","H Pashler","D Morales"
"1372","A Carpenter","D Morales"
"1373","A Carpenter","H Pashler"
"1374","S Thompson-Schill","D Morales"
"1375","S Thompson-Schill","H Pashler"
"1376","S Thompson-Schill","A Carpenter"
"1377","P Shah","A Boduroglu"
"1378","B Landau","K O'Hearn"
"1379","S Courtney","K O'Hearn"
"1380","S Courtney","B Landau"
"1381","J Hoffman","K O'Hearn"
"1382","J Hoffman","B Landau"
"1383","J Hoffman","S Courtney"
"1384","J Raymond","M Jackson"
"1385","S Luck","P Lin"
"1387","T Vickery","A Kumar"
"1388","Y Jiang","A Kumar"
"1389","Y Jiang","T Vickery"
"1390","D Morales","I Olson"
"1391","Y Jiang","F Ono"
"1392","J Kawahara","F Ono"
"1393","J Kawahara","Y Jiang"
"1394","B Gee","W Merigan"
"1395","D Irwin","L Thomas"
"1396","A Yamaguchi","T Yoshida"
"1397","T Wak","T Yoshida"
"1398","T Wak","A Yamaguchi"
"1399","S McKee","A Ma-Wyatt"
"1401","P Verghese","S McKee"
"1402","K Gegenfurtner","K Gegenfurtner"
"1406","M Mon-Williams","C Rachel"
"1407","G Bingham","C Rachel"
"1409","M Mon-Williams","S Ross"
"1410","G Bingham","C Hakim"
"1411","M Mon-Williams","C Hakim"
"1413","E Brenner","R Cuijpers"
"1414","J Smeets","R Cuijpers"
"1416","K Valyear","J Culham"
"1417","A Stiglick","J Culham"
"1418","A Stiglick","K Valyear"
"1419","R Coats","M Mon-Williams"
"1421","G Bingham","R Coats"
"1422","P Schrater","R Sundareswara"
"1423","J Trommershauser","S Wu"
"1424","L Maloney","S Wu"
"1426","M Landy","S Wu"
"1430","P Trzcinka","L Maloney"
"1431","P Trzcinka","J Trommershauser"
"1434","M Landy","P Trzcinka"
"1435","J Williams","M Aicken"
"1436","M Mon-Williams","M Aicken"
"1437","M Mon-Williams","J Williams"
"1438","S Hochstein","M Pavlovskaya"
"1439","R Russell","M Greene"
"1440","I Biederman","M Greene"
"1441","I Biederman","R Russell"
"1442","P Sinha","R Russell"
"1443","M Nederhouser","R Russell"
"1444","M Nederhouser","P Sinha"
"1446","I Biederman","P Sinha"
"1447","I Biederman","M Nederhouser"
"1448","M Tarr","A Johnson"
"1449","M Tarr","Y Cheng"
"1450","É McCabe","I Fortin"
"1451","F Gosselin","I Fortin"
"1452","F Gosselin","É McCabe"
"1453","J Ayyad","A O'Toole"
"1454","R Franklin","A O'Toole"
"1455","R Franklin","J Ayyad"
"1456","S Goswami","A O'Toole"
"1457","S Goswami","J Ayyad"
"1458","S Goswami","R Franklin"
"1459","A Wu","A O'Toole"
"1460","A Wu","J Ayyad"
"1461","A Wu","R Franklin"
"1462","A Wu","S Goswami"
"1463","D Roark","A O'Toole"
"1464","D Roark","J Ayyad"
"1465","D Roark","R Franklin"
"1466","D Roark","S Goswami"
"1467","D Roark","A Wu"
"1468","H Abdi","A O'Toole"
"1469","H Abdi","J Ayyad"
"1470","H Abdi","R Franklin"
"1471","H Abdi","S Goswami"
"1472","H Abdi","A Wu"
"1473","H Abdi","D Roark"
"1474","M Behrmann","I Gauthier"
"1475","M Tarr","I Gauthier"
"1476","M Tarr","M Behrmann"
"1477","D Saumier","É McCabe"
"1478","M Arguin","É McCabe"
"1479","M Arguin","D Saumier"
"1481","F Gosselin","D Saumier"
"1482","F Gosselin","M Arguin"
"1483","R Caldara","C Michel"
"1484","B Rossion","C Michel"
"1486","E McKone","R Robbins"
"1487","Y Osada","R Nakata"
"1488","G Hole","B Khurana"
"1489","M Paque","C Jacques"
"1490","B Rossion","C Jacques"
"1491","B Rossion","M Paque"
"1492","S Creem-Regehr","B Gooch"
"1493","J Lee","B Gooch"
"1494","J Lee","S Creem-Regehr"
"1495","E Reinhard","B Gooch"
"1496","E Reinhard","S Creem-Regehr"
"1497","E Reinhard","J Lee"
"1498","C Martin","C Collin"
"1499","I Biederman","X Yue"
"1500","J Husk","C Gaspar"
"1501","P Bennett","C Gaspar"
"1503","A Sekuler","C Gaspar"
"1506","S Barrett","D Roark"
"1508","H Abdi","S Barrett"
"1510","A O'Toole","S Barrett"
"1512","P Kalocsai","P Kalocsai"
"1513","N Davidenko","N Davidenko"
"1514","E Morris","P Heard"
"1515","T Poggio","T Serre"
"1516","P Sinha","T Serre"
"1517","P Sinha","T Poggio"
"1518","M Mangini","M Nederhouser"
"1520","I Biederman","M Mangini"
"1521","D Kaping","C Paras"
"1522","M Webster","C Paras"
"1523","M Webster","D Kaping"
"1525","P Downing","A Chan"
"1526","Y Yeshurun","Y Yeshurun"
"1527","J Enns","G Liu"
"1528","S Anderson","F Maratos"
"1529","S Krishna","Y Sirotin"
"1530","J Bisley","Y Sirotin"
"1532","S Steenrod","Y Sirotin"
"1533","S Steenrod","S Krishna"
"1534","S Steenrod","J Bisley"
"1535","M Goldberg","Y Sirotin"
"1538","M Goldberg","S Steenrod"
"1539","L Maloney","R Faludi"
"1540","M Carrasco","R Faludi"
"1541","M Carrasco","L Maloney"
"1542","T Kumada","K Ishimatsu"
"1543","R Kaneko","K Ishimatsu"
"1544","R Kaneko","T Kumada"
"1545","T Miura","K Ishimatsu"
"1546","T Miura","T Kumada"
"1547","T Miura","R Kaneko"
"1548","J Mounts","J McCarley"
"1549","A Hartman","J McCarley"
"1550","A Hartman","J Mounts"
"1551","A Kramer","J McCarley"
"1552","A Kramer","J Mounts"
"1553","A Kramer","A Hartman"
"1554","P Cavanagh","S Butcher"
"1555","B Bartow","E Cameron"
"1556","T Takeuchi","S Takei"
"1557","K Yokosawa","S Takei"
"1558","K Yokosawa","T Takeuchi"
"1559","M Eckstein","S Shimozaki"
"1560","B Olk","S Shimozaki"
"1561","B Olk","M Eckstein"
"1562","A Kingstone","S Shimozaki"
"1563","A Kingstone","M Eckstein"
"1564","A Kingstone","B Olk"
"1565","A Gorea","D Sagi"
"1566","K Tiippana","S Pardhan"
"1567","R Näsänen","S Pardhan"
"1568","R Näsänen","K Tiippana"
"1569","M Bhudia","S Pardhan"
"1570","M Bhudia","K Tiippana"
"1571","M Bhudia","R Näsänen"
"1572","L Huang","K Dobkins"
"1573","M Grünau","C Galera"
"1574","A Panagopoulos","C Galera"
"1575","A Panagopoulos","M Grünau"
"1576","B Conway","M Livingstone"
"1577","M Ogiya","K Sakai"
"1578","G Francis","Z Pizlo"
"1579","Y Li","Z Pizlo"
"1580","Y Li","G Francis"
"1581","I Howard","V Nguyen"
"1582","R Allison","V Nguyen"
"1583","R Allison","I Howard"
"1584","I Howard","M Ishii"
"1585","K Akeley","S Watt"
"1586","M Banks","S Watt"
"1587","M Banks","K Akeley"
"1588","M Tomita","Y Watanabe"
"1589","K Harasawa","Y Watanabe"
"1590","K Harasawa","M Tomita"
"1591","M Usui","Y Watanabe"
"1592","M Usui","M Tomita"
"1593","M Usui","K Harasawa"
"1594","S Shioiri","Y Watanabe"
"1595","S Shioiri","M Tomita"
"1596","S Shioiri","K Harasawa"
"1597","S Shioiri","M Usui"
"1598","H Yaguchi","Y Watanabe"
"1599","H Yaguchi","M Tomita"
"1600","H Yaguchi","K Harasawa"
"1601","H Yaguchi","M Usui"
"1602","H Yaguchi","S Shioiri"
"1609","F Domini","M Luca"
"1610","C Caudek","M Luca"
"1612","F Domini","H Tassinari"
"1613","C Caudek","H Tassinari"
"1615","L Wilcox","K MacKenzie"
"1616","J Yoon","Y Jin"
"1617","H Li","Y Jin"
"1618","H Li","J Yoon"
"1619","Z Vidnyánszky","T Papathomas"
"1620","X Zhuang","T Papathomas"
"1621","X Zhuang","Z Vidnyánszky"
"1622","D Vreven","D Vreven"
"1623","L Kuhlmann","E Mingolla"
"1624","S Grossberg","E Mingolla"
"1625","S Grossberg","L Kuhlmann"
"1626","J Koenderink","H Nefs"
"1627","A Kappers","H Nefs"
"1630","M Braunstein","H Zhong"
"1631","T Watanabe","A Yazdanbakhsh"
"1632","A Clayton","F Norman"
"1633","S Thompson","F Norman"
"1634","S Thompson","A Clayton"
"1635","C Shular","F Norman"
"1636","C Shular","A Clayton"
"1637","C Shular","S Thompson"
"1638","F Norman","A Marie"
"1639","C Shular","A Marie"
"1641","S Thompson","A Marie"
"1644","T Tsamda","A Yonas"
"1645","A Alexander","A Yonas"
"1646","A Alexander","T Tsamda"
"1647","D Leopold","J Mao"
"1648","C DeBose","J Mao"
"1649","C DeBose","D Leopold"
"1650","Y Liu","J Mao"
"1651","Y Liu","D Leopold"
"1652","Y Liu","C DeBose"
"1653","G Francis","J Wede"
"1654","G Francis","J Ericson"
"1655","J Shive","J Ericson"
"1656","J Shive","G Francis"
"1657","W Schoonveld","G Francis"
"1658","L Spillmann","T Otte"
"1659","D MacLeod","A Holcombe"
"1660","S Mitten","A Holcombe"
"1661","S Mitten","D MacLeod"
"1662","M Castelo-Branco","L Kozak"
"1663","J Read","L Kozak"
"1664","J Read","M Castelo-Branco"
"1665","P Mamassian","L O'Kane"
"1666","S Moore","M Fry"
"1667","M Webster","M Fry"
"1668","M Webster","S Moore"
"1669","Y Mizokami","A Bilson"
"1670","M Webster","A Bilson"
"1671","M Webster","Y Mizokami"
"1672","K Valois","T Takeuchi"
"1673","D Eagleman","D Eagleman"
"1675","K Murphy","N Anderson"
"1676","D Jones","N Anderson"
"1677","D Jones","K Murphy"
"1678","G Francis","Y Seok"
"1679","S Philippe","L Paul"
"1680","S Palmer","R Meyerson"
"1681","M Carrasco","D Santella"
"1682","S Shimojo","F Moradi"
"1683","D Eagleman","C Stetson"
"1684","M Wheelock","S Khan"
"1685","B Timney","S Khan"
"1686","B Timney","M Wheelock"
"1687","M Ogawa","S Shioiri"
"1688","K Matsubara","S Shioiri"
"1689","K Matsubara","M Ogawa"
"1691","H Yaguchi","M Ogawa"
"1692","H Yaguchi","K Matsubara"
"1693","B Treutwein","D Poggel"
"1694","C Calmanti","D Poggel"
"1695","C Calmanti","B Treutwein"
"1696","H Strasburger","D Poggel"
"1697","H Strasburger","B Treutwein"
"1698","H Strasburger","C Calmanti"
"1699","L Charles","L Charles"
"1700","M Tarr","G Righi"
"1701","I Harris","P Dux"
"1703","M Martelli","D Pelli"
"1704","N Majaj","D Pelli"
"1705","N Majaj","M Martelli"
"1706","B Tjan","C He"
"1708","S Chung","B Tjan"
"1709","S Chung","C He"
"1710","N Schwartz","B Tjan"
"1711","N Schwartz","C He"
"1712","N Schwartz","S Chung"
"1713","K Valyear","J Cant"
"1716","C Dahl","M Graf"
"1717","M Erb","M Graf"
"1718","M Erb","C Dahl"
"1719","W Grodd","M Graf"
"1720","W Grodd","C Dahl"
"1721","W Grodd","M Erb"
"1722","H Buelthoff","M Graf"
"1723","H Buelthoff","C Dahl"
"1724","H Buelthoff","M Erb"
"1725","H Buelthoff","W Grodd"
"1726","M Martelli","K James"
"1727","T James","K James"
"1728","T James","M Martelli"
"1729","M J.","K James"
"1730","M J.","M Martelli"
"1731","M J.","T James"
"1732","D Pelli","K James"
"1734","D Pelli","T James"
"1735","D Pelli","M J."
"1736","I Gauthier","K James"
"1737","I Gauthier","M Martelli"
"1739","I Gauthier","M J."
"1740","I Gauthier","D Pelli"
"1741","D Westwood","K Valyear"
"1742","N Sherif","K Valyear"
"1743","N Sherif","D Westwood"
"1745","J Cant","D Westwood"
"1746","J Cant","N Sherif"
"1748","M Goodale","D Westwood"
"1749","M Goodale","N Sherif"
"1751","D Remus","T McKeeff"
"1753","F Tong","D Remus"
"1754","M Levine","M Jason"
"1755","W Heindel","J Taylor"
"1756","L Demiglio","E Richards"
"1757","A Sekuler","E Richards"
"1758","A Sekuler","L Demiglio"
"1759","P Bennett","E Richards"
"1760","P Bennett","L Demiglio"
"1762","J Wagemans","H Beeck"
"1764","R Vogels","J Wagemans"
"1765","T Curran","A Chun-Nang"
"1766","B Woroch","A Chun-Nang"
"1767","B Woroch","T Curran"
"1768","I Gauthier","A Chun-Nang"
"1769","I Gauthier","T Curran"
"1770","I Gauthier","B Woroch"
"1771","A Arditi","A Arditi"
"1772","L Gugerty","R Tyrrell"
"1773","T Aten","R Tyrrell"
"1774","T Aten","L Gugerty"
"1775","A Edmonds","R Tyrrell"
"1776","A Edmonds","L Gugerty"
"1777","A Edmonds","T Aten"
"1778","M Arguin","D Fiset"
"1779","C Blais","D Fiset"
"1780","C Blais","M Arguin"
"1781","E McCabe","D Fiset"
"1782","E McCabe","M Arguin"
"1783","E McCabe","C Blais"
"1784","F Phillips","G Diaz"
"1785","C Talgar","P Franco"
"1786","M Carrasco","P Franco"
"1787","M Carrasco","C Talgar"
"1788","F Daniel","B Caroline"
"1789","M Arguin","B Caroline"
"1790","M Arguin","F Daniel"
"1791","J Pierre","B Caroline"
"1792","J Pierre","F Daniel"
"1793","J Pierre","M Arguin"
"1794","F Gosselin","B Caroline"
"1795","F Gosselin","F Daniel"
"1797","F Gosselin","J Pierre"
"1798","S Yeh","Y Chen"
"1799","V Salvano-Pardieu","F Florer"
"1800","A Hermann","F Florer"
"1801","A Hermann","V Salvano-Pardieu"
"1802","E Essock","B Hansen"
"1803","A Haun","B Hansen"
"1804","A Haun","E Essock"
"1805","Z Yang","Z Yang"
"1806","T Ledgeway","R Hess"
"1807","E Fine","E Fine"
"1809","J Calvert","V Manahilov"
"1810","W Simpson","V Manahilov"
"1811","W Simpson","J Calvert"
"1812","D Parker","V Manahilov"
"1813","D Parker","J Calvert"
"1814","D Parker","W Simpson"
"1815","N Graham","S Wolfson"
"1816","O Slinin","S Wolfson"
"1817","O Slinin","N Graham"
"1818","G Legge","M Brady"
"1819","D Kersten","M Brady"
"1820","D Kersten","G Legge"
"1821","F Kingdom","I Motoyoshi"
"1822","S Klein","N Toyofuku"
"1823","T Carney","N Toyofuku"
"1824","T Carney","S Klein"
"1825","J Nam","J Nam"
"1826","J Elder","Y Morgenstern"
"1827","Y Hou","Y Morgenstern"
"1828","Y Hou","J Elder"
"1829","C Tailby","K Vallam"
"1830","A Metha","K Vallam"
"1831","A Metha","C Tailby"
"1833","C Baker","A Johnson"
"1834","M Landy","J Larsson"
"1835","D Heeger","J Larsson"
"1836","D Heeger","M Landy"
"1837","K Ugurbil","C Olman"
"1838","D Kersten","C Olman"
"1839","D Kersten","K Ugurbil"
"1840","J Highsmith","J Page"
"1841","M Crognale","J Page"
"1842","M Crognale","J Highsmith"
"1843","R Hess","D Ellemberg"
"1844","H Allen","D Ellemberg"
"1845","H Allen","R Hess"
"1846","C Benton","W Curran"
"1847","A Arens","A Grunewald"
"1848","P Mamassian","B Friedrich"
"1849","T Sato","Y Nakajima"
"1850","H Hock","D Nichols"
"1851","J Faubert","D Nguyen-Tri"
"1852","B Krekelberg","A Rezec"
"1853","K Dobkins","A Rezec"
"1854","K Dobkins","B Krekelberg"
"1855","S Nihida","K Amano"
"1856","T Takeda","K Amano"
"1857","T Takeda","S Nihida"
"1858","W Gerbino","W Gerbino"
"1859","J Allen","N Matthews"
"1860","S Stevenson","A Raghunandan"
"1861","L Maloney","M Dal"
"1862","L Spillmann","M Dal"
"1863","L Spillmann","L Maloney"
"1864","C Sahm","M Dal"
"1865","C Sahm","L Maloney"
"1866","C Sahm","L Spillmann"
"1867","B Krekelberg","A Schlack"
"1868","T Albright","A Schlack"
"1870","T Shipley","M Meyer"
"1871","S Watamaniuk","C Eshelman-Haynes"
"1872","M Maguire","T Shipley"
"1873","J Brumberg","T Shipley"
"1874","J Brumberg","M Maguire"
"1875","A Cobo-Lewis","S Collier"
"1876","N Thibodeau","S Collier"
"1877","N Thibodeau","A Cobo-Lewis"
"1878","W Gaetz","E Simine"
"1879","D Cheyne","E Simine"
"1880","D Cheyne","W Gaetz"
"1882","J Tsotsos","W Gaetz"
"1883","J Tsotsos","D Cheyne"
"1885","J Martinez-Trujillo","W Gaetz"
"1886","J Martinez-Trujillo","D Cheyne"
"1888","I Murakami","I Murakami"
"1889","M Wexler","C Morvan"
"1890","A Renkl","S Heinrich"
"1891","M Bach","S Heinrich"
"1892","M Bach","A Renkl"
"1893","J Wilmer","J Wilmer"
"1894","S Gorlin","K Brecher"
"1895","M Grivich","E Frechette"
"1896","R Kalmar","E Frechette"
"1897","R Kalmar","M Grivich"
"1898","A Litke","E Frechette"
"1899","A Litke","M Grivich"
"1900","A Litke","R Kalmar"
"1901","D Petrusca","E Frechette"
"1902","D Petrusca","M Grivich"
"1903","D Petrusca","R Kalmar"
"1904","D Petrusca","A Litke"
"1905","A Sher","E Frechette"
"1906","A Sher","M Grivich"
"1907","A Sher","R Kalmar"
"1908","A Sher","A Litke"
"1909","A Sher","D Petrusca"
"1910","E Chichilnisky","E Frechette"
"1911","E Chichilnisky","M Grivich"
"1912","E Chichilnisky","R Kalmar"
"1913","E Chichilnisky","A Litke"
"1914","E Chichilnisky","D Petrusca"
"1915","E Chichilnisky","A Sher"
"1916","B Scholl","H Choi"
"1917","A Sekuler","M Nagai"
"1918","P Bennett","M Nagai"
"1920","S Grossberg","J Berzhanskaya"
"1921","E Mingolla","J Berzhanskaya"
"1923","L Nguyen","H Bedell"
"1924","S Patel","H Bedell"
"1925","S Patel","L Nguyen"
"1926","P Cavanagh","W Shim"
"1927","G Rotman","E Brenner"
"1928","R Beers","E Brenner"
"1929","R Beers","G Rotman"
"1931","J Smeets","G Rotman"
"1932","J Smeets","R Beers"
"1933","S Chung","S Patel"
"1935","H Bedell","S Chung"
"1936","T Sato","K Maruya"
"1937","A Cravo","M Baldo"
"1938","T Hine","M Chappell"
"1939","C Acworth","M Chappell"
"1940","C Acworth","T Hine"
"1941","D Hardwick","M Chappell"
"1942","D Hardwick","T Hine"
"1943","D Hardwick","C Acworth"
"1944","Y Masakura","M Ichikawa"
"1945","S Grossberg","L Fang"
"1946","S Li","B Farell"
"1947","Y Petrov","Y Petrov"
"1948","A Dobbins","H Lee"
"1950","H Kaneko","K Fukuda"
"1951","K Matsumiya","K Fukuda"
"1952","K Matsumiya","H Kaneko"
"1953","H Bedell","S Hariharan"
"1954","S Tanabe","K Umeda"
"1955","I Fujita","K Umeda"
"1956","I Fujita","S Tanabe"
"1957","S Shioiri","S Lee"
"1958","H Yaguchi","S Lee"
"1961","Z Zhang","B Liu"
"1962","Z Zhang","E Berends"
"1965","C Schor","Z Zhang"
"1966","M Banks","B Liu"
"1967","M Banks","E Berends"
"1968","M Banks","Z Zhang"
"1969","M Banks","C Schor"
"1973","Y Petrov","S McKee"
"1974","Y Petrov","P Verghese"
"1975","Y Petrov","A Ma-Wyatt"
"1976","B Backus","R Stone"
"1977","D Matza-Brown","R Stone"
"1978","D Matza-Brown","B Backus"
"1980","H Rose","K Schreiber"
"1981","J Hillis","K Schreiber"
"1982","J Hillis","H Rose"
"1983","C Schor","K Schreiber"
"1984","C Schor","H Rose"
"1985","C Schor","J Hillis"
"1986","M Banks","K Schreiber"
"1988","M Banks","J Hillis"
"1990","I Howard","P Duke"
"1991","P Duke","I Oruc"
"1992","H Qi","I Oruc"
"1993","H Qi","P Duke"
"1995","B Backus","P Duke"
"1997","M Edwards","Z Zhang"
"1999","C Schor","M Edwards"
"2000","Y Cao","S Grossberg"
"2002","U Shahani","D Mansfield"
"2003","D McCulloch","D Mansfield"
"2004","D McCulloch","U Shahani"
"2005","W Simpson","D Mansfield"
"2006","W Simpson","U Shahani"
"2007","W Simpson","D McCulloch"
"2008","K Soksa","M Holmes"
"2009","R Gilmore","M Holmes"
"2010","R Gilmore","K Soksa"
"2011","M Dahlin","M Holmes"
"2012","M Dahlin","K Soksa"
"2013","M Dahlin","R Gilmore"
"2014","C Casanova","O Brosseau-Lachaine"
"2015","J Faubert","O Brosseau-Lachaine"
"2016","J Faubert","C Casanova"
"2018","K Soska","R Gilmore"
"2019","K Soska","M Holmes"
"2022","M Dahlin","K Soska"
"2023","P Bex","H Falkenberg"
"2024","J Tsotsos","A Rodriguez-Sanchez"
"2025","J Martinez-Trujillo","A Rodriguez-Sanchez"
"2027","G Andersen","A Enriquez"
"2028","Y Lin","A Enriquez"
"2029","Y Lin","G Andersen"
"2030","A Saidpour","A Enriquez"
"2031","A Saidpour","G Andersen"
"2032","A Saidpour","Y Lin"
"2033","J Sim","A Judd"
"2034","J Cho","A Judd"
"2035","J Cho","J Sim"
"2036","A Muhlenen","A Judd"
"2037","A Muhlenen","J Sim"
"2038","A Muhlenen","J Cho"
"2039","A Lleras","A Judd"
"2040","A Lleras","J Sim"
"2041","A Lleras","J Cho"
"2042","A Lleras","A Muhlenen"
"2043","J Beintema","J Duijnhouwer"
"2044","R Wezel","J Duijnhouwer"
"2046","A Berg","J Duijnhouwer"
"2048","A Berg","R Wezel"
"2049","P Schrater","H Amiri"
"2050","R Mann","M Langer"
"2054","M Braunstein","N Bocheva"
"2055","K Tang","T Cohn"
"2056","A Wong","T Cohn"
"2057","A Wong","K Tang"
"2058","M Braunstein","R Ni"
"2059","G Andersen","R Ni"
"2061","T Cohn","J Barton"
"2062","M McBeath","C Oberle"
"2063","A Snyder","J Todd"
"2064","R Marois","J Todd"
"2065","R Marois","A Snyder"
"2066","S Kastne","H Fehd"
"2067","J Sharma","D Lyon"
"2068","J Schummers","D Lyon"
"2069","J Schummers","J Sharma"
"2070","M Sur","D Lyon"
"2071","M Sur","J Sharma"
"2072","M Sur","J Schummers"
"2073","J Kerlin","D Remus"
"2075","F Tong","J Kerlin"
"2076","G Sáry","D Royal"
"2077","J Schall","D Royal"
"2078","J Schall","G Sáry"
"2079","V Casagrande","D Royal"
"2080","V Casagrande","G Sáry"
"2081","V Casagrande","J Schall"
"2082","E Phelps","S Ling"
"2083","B Holmes","S Ling"
"2084","B Holmes","E Phelps"
"2086","M Carrasco","E Phelps"
"2087","M Carrasco","B Holmes"
"2088","A Jarman","M Bendiksby"
"2089","M Platt","M Bendiksby"
"2090","M Platt","A Jarman"
"2091","M Platt","R Deaner"
"2092","N Parks","P Corballis"
"2093","B McElree","A Marie"
"2094","M Carrasco","A Marie"
"2095","M Carrasco","B McElree"
"2096","J Mordkoff","P Chen"
"2097","M Carrasco","J Gobell"
"2098","M Milders","A Sahraie"
"2099","M Niedeggen","A Sahraie"
"2100","M Niedeggen","M Milders"
"2101","R Rensink","A Amlani"
"2102","D Bavelier","C Green"
"2103","R Rensink","J Harrison"
"2104","M Panne","J Harrison"
"2105","M Panne","R Rensink"
"2106","D Levin","J Arrington"
"2107","D Varakin","J Arrington"
"2108","D Varakin","D Levin"
"2109","J Enns","A Muhlenen"
"2110","J Li","C Hsiao"
"2111","S Yeh","C Hsiao"
"2112","S Yeh","J Li"
"2116","C Hu","J Li"
"2117","C Hu","S Yeh"
"2118","C Hu","C Hsiao"
"2119","I Gilchrist","C Ludwig"
"2120","E McSorley","C Ludwig"
"2121","E McSorley","I Gilchrist"
"2122","M Smith","G Keith"
"2124","J Crawford","M Smith"
"2125","H Bedell","S Subramaniam"
"2126","J Schall","S Shorter-Jacobi"
"2127","L Gottlob","L Gottlob"
"2128","E Peli","R Goldstein"
"2129","S Lerner","R Goldstein"
"2130","S Lerner","E Peli"
"2131","G Luo","R Goldstein"
"2132","G Luo","E Peli"
"2133","G Luo","S Lerner"
"2134","M Harwood","L Madelain"
"2135","R Krauzlis","L Madelain"
"2136","R Krauzlis","M Harwood"
"2137","J Wallman","L Madelain"
"2138","J Wallman","M Harwood"
"2139","J Wallman","R Krauzlis"
"2140","M Harwood","A Khan"
"2141","J Wallman","A Khan"
"2143","S Gopinath","S Stevenson"
"2144","F Visco","S Stevenson"
"2145","F Visco","S Gopinath"
"2146","L Lunenberger","C Bellebaum"
"2147","B Koch","C Bellebaum"
"2148","B Koch","L Lunenberger"
"2149","I Daum","C Bellebaum"
"2150","I Daum","L Lunenberger"
"2151","I Daum","B Koch"
"2152","M Schwarz","C Bellebaum"
"2153","M Schwarz","L Lunenberger"
"2154","M Schwarz","B Koch"
"2155","M Schwarz","I Daum"
"2156","K Hoffmann","C Bellebaum"
"2157","K Hoffmann","L Lunenberger"
"2158","K Hoffmann","B Koch"
"2159","K Hoffmann","I Daum"
"2160","K Hoffmann","M Schwarz"
"2161","D Kerzel","M Spering"
"2162","D Neumann","M Spering"
"2163","D Neumann","D Kerzel"
"2164","D Braun","M Spering"
"2165","D Braun","D Kerzel"
"2166","D Braun","D Neumann"
"2167","M Hawken","M Spering"
"2168","M Hawken","D Kerzel"
"2169","M Hawken","D Neumann"
"2170","M Hawken","D Braun"
"2171","K Gegenfurtner","M Spering"
"2173","K Gegenfurtner","D Neumann"
"2175","K Gegenfurtner","M Hawken"
"2177","S Kasthurirangan","P Cisarik"
"2178","F Visco","P Cisarik"
"2179","F Visco","S Kasthurirangan"
"2180","H Bedell","P Cisarik"
"2181","H Bedell","S Kasthurirangan"
"2182","H Bedell","F Visco"
"2183","S Stevenson","P Cisarik"
"2184","S Stevenson","S Kasthurirangan"
"2186","S Stevenson","H Bedell"
"2187","S Stevenson","J Mulligan"
"2188","L Cormack","J Mulligan"
"2189","L Cormack","S Stevenson"
"2190","S Yang","S Yang"
"2191","M Dastjerdi","G Simpson"
"2192","D Dong","G Simpson"
"2193","D Dong","M Dastjerdi"
"2194","T Weyand","D Dong"
"2195","B Payne","D Dong"
"2196","B Payne","T Weyand"
"2197","J Rao","D Dong"
"2198","J Rao","T Weyand"
"2199","J Rao","B Payne"
"2200","R Engbert","M Rolfs"
"2201","R Kliegl","M Rolfs"
"2202","R Kliegl","R Engbert"
"2203","C Hofsten","K Rosander"
"2204","H Li","H Li"
"2205","D Schmitt","S Shepherd"
"2206","M Platt","S Shepherd"
"2207","M Platt","D Schmitt"
"2208","H Strasburger","H Strasburger"
"2209","H Orbach","G Kennedy"
"2210","G Loffler","G Kennedy"
"2211","G Loffler","H Orbach"
"2212","A Cohen","J Gold"
"2213","R Shiffrin","J Gold"
"2214","R Shiffrin","A Cohen"
"2215","H Wilson","F Poirier"
"2216","M Singh","E Cohen"
"2220","J Fulvio","M Singh"
"2221","K Yokosawa","A Nishimura"
"2222","F Wilkinson","C Habak"
"2223","H Wilson","C Habak"
"2225","J Pokorny","M Fukushima"
"2226","V Smith","M Fukushima"
"2228","P Kozma","Y Wang"
"2229","E Wilson","Y Wang"
"2230","E Wilson","P Kozma"
"2231","S Artemenkov","S Artemenkov"
"2232","S Anderson","J Swettenham"
"2233","T Holliday","J Swettenham"
"2234","T Holliday","S Anderson"
"2236","L Stone","B Beutter"
"2237","L Stone","M Eckstein"
"2238","J Wolfe","N Kenner"
"2239","J Wolfe","E Palmer"
"2240","T Horowitz","E Palmer"
"2242","H Pashler","L Huang"
"2243","Y Takeda","H Ogawa"
"2244","T Kumada","H Ogawa"
"2245","T Kumada","Y Takeda"
"2246","A Nagy","P Orenbaun"
"2248","M Kunar","R Birnkrant"
"2249","M Kunar","J Wolfe"
"2250","M Sng","R Birnkrant"
"2251","M Sng","J Wolfe"
"2252","M Sng","M Kunar"
"2253","J Mulligan","J Snyder"
"2254","L Maloney","J Snyder"
"2255","L Maloney","J Mulligan"
"2256","S Amster","T Young"
"2257","A Nagy","T Young"
"2258","A Nagy","S Amster"
"2259","X Chen","C Dickinson"
"2260","G Zelinsky","C Dickinson"
"2261","G Zelinsky","X Chen"
"2262","S Vera","M Becker"
"2264","P Monnier","P Monnier"
"2265","A Vavassis","A Panagopoulos"
"2267","M Grünau","A Vavassis"
"2269","C Galera","A Vavassis"
"2271","Y Takeda","K Yokosawa"
"2272","A Lleras","A Ariga"
"2273","J Kawahara","A Ariga"
"2274","J Kawahara","A Lleras"
"2276","Z Li","Z Li"
"2277","J Rebesco","V Navalpakkam"
"2278","L Itti","V Navalpakkam"
"2279","L Itti","J Rebesco"
"2280","K Yokosawa","R Niimi"
"2281","K Watanabe","R Niimi"
"2282","K Watanabe","K Yokosawa"
"2283","J Victor","M Conte"
"2284","R Rosenholtz","J Winawer"
"2285","N Witthoft","J Winawer"
"2286","N Witthoft","R Rosenholtz"
"2287","L Boroditsky","J Winawer"
"2288","L Boroditsky","R Rosenholtz"
"2289","L Boroditsky","N Witthoft"
"2290","L Liu","P Fuhr"
"2291","J Elliott","P Fuhr"
"2292","J Elliott","L Liu"
"2293","B Duncan-Wood","P Fuhr"
"2294","B Duncan-Wood","L Liu"
"2295","B Duncan-Wood","J Elliott"
"2296","K McKibbin","P Fuhr"
"2297","K McKibbin","L Liu"
"2298","K McKibbin","J Elliott"
"2299","K McKibbin","B Duncan-Wood"
"2300","T Kuyk","P Fuhr"
"2301","T Kuyk","L Liu"
"2302","T Kuyk","J Elliott"
"2303","T Kuyk","B Duncan-Wood"
"2304","T Kuyk","K McKibbin"
"2305","T Papathomas","J Hong"
"2306","R Kashi","J Hong"
"2307","R Kashi","T Papathomas"
"2308","W Sohn","J Hong"
"2309","W Sohn","T Papathomas"
"2310","W Sohn","R Kashi"
"2311","Z Vidnyánszky","J Hong"
"2313","Z Vidnyánszky","R Kashi"
"2314","Z Vidnyánszky","W Sohn"
"2315","F Maeda","M Watanabe"
"2316","S Shimojo","M Watanabe"
"2317","S Shimojo","F Maeda"
"2318","W Ma","L Shams"
"2319","L Shams","A Violentyev"
"2320","L Heller","A Ecker"
"2321","S Wilson","A Saygin"
"2322","V Sa","A Saygin"
"2323","V Sa","S Wilson"
"2324","C Cattaneo","G Geiger"
"2325","R Galli","G Geiger"
"2326","R Galli","C Cattaneo"
"2327","U Pozzoli","G Geiger"
"2328","U Pozzoli","C Cattaneo"
"2329","U Pozzoli","R Galli"
"2330","M Lorusso","G Geiger"
"2331","M Lorusso","C Cattaneo"
"2332","M Lorusso","R Galli"
"2333","M Lorusso","U Pozzoli"
"2334","A Facoetti","G Geiger"
"2335","A Facoetti","C Cattaneo"
"2336","A Facoetti","R Galli"
"2337","A Facoetti","U Pozzoli"
"2338","A Facoetti","M Lorusso"
"2339","M Molteni","G Geiger"
"2340","M Molteni","C Cattaneo"
"2341","M Molteni","R Galli"
"2342","M Molteni","U Pozzoli"
"2343","M Molteni","M Lorusso"
"2344","M Molteni","A Facoetti"
"2345","A Chawla","P Neil"
"2346","J Bhattacharya","P Neil"
"2347","J Bhattacharya","A Chawla"
"2348","S Shimojo","P Neil"
"2349","S Shimojo","A Chawla"
"2350","S Shimojo","J Bhattacharya"
"2352","V Wong","R Sekuler"
"2353","N Bruno","A Jacomuzzi"
"2355","J Ellenor","H Sun"
"2356","J Ellenor","J Campos"
"2359","G Chan","J Ellenor"
"2360","A Bachman","U Wolfe"
"2361","E Pinnow","U Wolfe"
"2362","E Pinnow","A Bachman"
"2363","D Angelaki","Y Gu"
"2364","G DeAngelis","Y Gu"
"2365","G DeAngelis","D Angelaki"
"2366","J Lipton","H Barth"
"2367","E Spelke","H Barth"
"2368","E Spelke","J Lipton"
"2369","G Schwindt","K Reinke"
"2370","K O'Craven","K Reinke"
"2371","K O'Craven","G Schwindt"
"2372","C Ebesutani","E Festa-Martino"
"2373","W Heindel","E Festa-Martino"
"2374","W Heindel","C Ebesutani"
"2375","N Rubin","D Stanley"
"2376","M Landy","C Chubb"
"2377","J Nam","C Chubb"
"2378","J Nam","M Landy"
"2379","D Bindman","C Chubb"
"2380","D Bindman","M Landy"
"2381","D Bindman","J Nam"
"2382","G Sperlin","C Chubb"
"2383","G Sperlin","M Landy"
"2384","G Sperlin","J Nam"
"2385","G Sperlin","D Bindman"
"2386","H Chang","C Chen"
"2387","C Liu","C Chen"
"2388","C Liu","H Chang"
"2389","H Han","C Chen"
"2390","H Han","H Chang"
"2391","H Han","C Liu"
"2392","B Roshia","F Phillips"
"2393","Y Yeh","H Chang"
"2394","S Yeh","L Hsu"
"2398","A Oliva","M Mack"
"2399","M Scheessele","M Scheessele"
"2400","R Rensink","J Corbett"
"2401","K Lai","J Brooks"
"2403","S Palmer","K Lai"
"2404","J Enns","D Smilek"
"2405","A Yuille","B Rokers"
"2406","Z Liu","B Rokers"
"2407","Z Liu","A Yuille"
"2408","M Peterson","E Skow-Grant"
"2409","W Gerbino","C Fanton"
"2410","P Kellman","C Fanton"
"2411","P Kellman","W Gerbino"
"2412","B Scholl","R Sussman"
"2413","H Schuetze","E Craft"
"2414","E Niebur","E Craft"
"2415","E Niebur","H Schuetze"
"2416","R Heydt","E Craft"
"2417","R Heydt","H Schuetze"
"2418","R Heydt","E Niebur"
"2419","S Vecera","H Lee"
"2420","B Scholl","J Flombaum"
"2421","J Peissig","B Anderson"
"2422","D Sheinberg","B Anderson"
"2424","B Anderson","J Singer"
"2425","J Peissig","J Singer"
"2427","D Sheinberg","J Singer"
"2430","T Shipley","R Hass"
"2431","P Kellman","R Hass"
"2432","P Kellman","T Shipley"
"2433","A Roe","B Dillenburger"
"2434","R Walker","E McSorley"
"2435","P Haggard","E McSorley"
"2436","P Haggard","R Walker"
"2437","M Zirnsak","F Hamker"
"2438","M Lappe","F Hamker"
"2439","M Lappe","M Zirnsak"
"2440","R Baddeley","B Tatler"
"2441","T Freeman","T Freeman"
"2442","M Rucci","G Desbordes"
"2443","W Gray","C Myers"
"2444","M Schoelles","C Myers"
"2445","M Schoelles","W Gray"
"2446","G Cottrell","J Nelson"
"2447","J Movellan","J Nelson"
"2448","J Movellan","G Cottrell"
"2449","M Sereno","J Nelson"
"2450","M Sereno","G Cottrell"
"2451","M Sereno","J Movellan"
"2452","M Niemeier","S Prime"
"2453","J Crawford","S Prime"
"2454","J Crawford","M Niemeier"
"2458","J Malik","L Renninger"
"2459","P Seufert","M Bach"
"2460","M Hoffmann","M Bach"
"2461","M Hoffmann","P Seufert"
"2462","J Watts","F Santini"
"2463","G Desbordes","F Santini"
"2464","G Desbordes","J Watts"
"2465","M Rucci","F Santini"
"2466","M Rucci","J Watts"
"2468","G Fowler","L Lovejoy"
"2469","R Krauzlis","L Lovejoy"
"2470","R Krauzlis","G Fowler"
"2471","D Amso","S Johnson"
"2472","J Slemmer","S Johnson"
"2473","J Slemmer","D Amso"
"2474","K Rosander","G Gredebäck"
"2475","C Hofsten","G Gredebäck"
"2477","H Grönqvist","G Gredebäck"
"2478","H Grönqvist","K Rosander"
"2479","H Grönqvist","C Hofsten"
"2480","P Nyström","G Gredebäck"
"2481","P Nyström","K Rosander"
"2482","P Nyström","C Hofsten"
"2483","P Nyström","H Grönqvist"
"2484","L Ward","A Roggeveen"
"2485","J Faubert","R Allard"
"2486","G Frédéric","M Doucet"
"2487","J Guillemot","M Doucet"
"2488","J Guillemot","G Frédéric"
"2489","L Maryse","M Doucet"
"2490","L Maryse","G Frédéric"
"2491","L Maryse","J Guillemot"
"2492","L Franco","M Doucet"
"2493","L Franco","G Frédéric"
"2494","L Franco","J Guillemot"
"2495","L Franco","L Maryse"
"2496","V Lakshminarayanan","A Raghuram"
"2497","S Hahn","S Hahn"
"2499","A Issa","A Bertone"
"2500","S Issa","A Bertone"
"2501","S Issa","A Issa"
"2502","J Faubert","A Bertone"
"2503","J Faubert","A Issa"
"2504","J Faubert","S Issa"
"2505","M Granrud","C Granrud"
"2506","O Tuescher","M Silverman"
"2507","H Pan","M Silverman"
"2508","H Pan","O Tuescher"
"2509","D Zimmerman","M Silverman"
"2510","D Zimmerman","O Tuescher"
"2511","D Zimmerman","H Pan"
"2512","X Protopopescu","M Silverman"
"2513","X Protopopescu","O Tuescher"
"2514","X Protopopescu","H Pan"
"2515","X Protopopescu","D Zimmerman"
"2516","M Goldstein","M Silverman"
"2517","M Goldstein","O Tuescher"
"2518","M Goldstein","H Pan"
"2519","M Goldstein","D Zimmerman"
"2520","M Goldstein","X Protopopescu"
"2521","E Stern","M Silverman"
"2522","E Stern","O Tuescher"
"2523","E Stern","H Pan"
"2524","E Stern","D Zimmerman"
"2525","E Stern","X Protopopescu"
"2526","E Stern","M Goldstein"
"2527","D Silbersweig","M Silverman"
"2528","D Silbersweig","O Tuescher"
"2529","D Silbersweig","H Pan"
"2530","D Silbersweig","D Zimmerman"
"2531","D Silbersweig","X Protopopescu"
"2532","D Silbersweig","M Goldstein"
"2533","D Silbersweig","E Stern"
"2534","J Päällysaho","A Holm"
"2535","M Letonsaari","A Holm"
"2536","M Letonsaari","J Päällysaho"
"2537","E Sankila","A Holm"
"2538","E Sankila","J Päällysaho"
"2539","E Sankila","M Letonsaari"
"2540","M Sainio","A Holm"
"2541","M Sainio","J Päällysaho"
"2542","M Sainio","M Letonsaari"
"2543","M Sainio","E Sankila"
"2544","P Bex","A Simmers"
"2545","U Polat","Y Bonneh"
"2546","D Sagi","Y Bonneh"
"2548","C Bäumer","R Sireteanu"
"2549","C Sarbu","R Sireteanu"
"2550","C Sarbu","C Bäumer"
"2551","S Tsujimura","R Sireteanu"
"2552","S Tsujimura","C Bäumer"
"2553","S Tsujimura","C Sarbu"
"2554","S Klein","A Popple"
"2555","D Levi","A Popple"
"2557","H Allen","B Mansouri"
"2558","R Hess","B Mansouri"
"2560","T Lawton","T Lawton"
"2561","D Carasig","J Gnadt"
"2562","E Ramcharan","J Gnadt"
"2563","E Ramcharan","D Carasig"
"2564","M Bookbinder","J Gnadt"
"2565","M Bookbinder","D Carasig"
"2566","M Bookbinder","E Ramcharan"
"2567","K Paul","J Gnadt"
"2568","K Paul","D Carasig"
"2569","K Paul","E Ramcharan"
"2570","K Paul","M Bookbinder"
"2571","J Neuse","Z Lu"
"2572","S Madigan","Z Lu"
"2573","S Madigan","J Neuse"
"2575","B Dosher","J Neuse"
"2576","B Dosher","S Madigan"
"2577","M Palomares","C Ogbonna"
"2578","B Landau","C Ogbonna"
"2579","B Landau","M Palomares"
"2580","J Hoffman","C Ogbonna"
"2581","J Hoffman","M Palomares"
"2583","H Egeth","C Ogbonna"
"2584","H Egeth","M Palomares"
"2585","H Egeth","B Landau"
"2586","H Egeth","J Hoffman"
"2587","M Rizzo","R Sheffield"
"2588","S Vecera","R Sheffield"
"2589","S Vecera","M Rizzo"
"2590","M Rizzo","I Kellison"
"2591","S Vecera","I Kellison"
"2593","R Greenberg","G Scarlatis"
"2594","G Ng","G Scarlatis"
"2595","G Ng","R Greenberg"
"2596","J Judy","G Scarlatis"
"2597","J Judy","R Greenberg"
"2598","J Judy","G Ng"
"2600","H Ojanpää","M Sainio"
"2601","H Ojanpää","J Päällysaho"
"2602","R Näsänen","M Sainio"
"2603","R Näsänen","J Päällysaho"
"2604","R Näsänen","H Ojanpää"
"2607","A Holm","H Ojanpää"
"2608","A Holm","R Näsänen"
"2609","A Kaukiainen","M Sainio"
"2610","A Kaukiainen","J Päällysaho"
"2611","A Kaukiainen","H Ojanpää"
"2612","A Kaukiainen","R Näsänen"
"2613","A Kaukiainen","A Holm"
"2614","K Muller","M Sainio"
"2615","K Muller","J Päällysaho"
"2616","K Muller","H Ojanpää"
"2617","K Muller","R Näsänen"
"2618","K Muller","A Holm"
"2619","K Muller","A Kaukiainen"
"2620","M Mäntyjärvi","M Sainio"
"2621","M Mäntyjärvi","J Päällysaho"
"2622","M Mäntyjärvi","H Ojanpää"
"2623","M Mäntyjärvi","R Näsänen"
"2624","M Mäntyjärvi","A Holm"
"2625","M Mäntyjärvi","A Kaukiainen"
"2626","M Mäntyjärvi","K Muller"
"2627","J Brown","H Zwick"
"2628","C DiCarlo","H Zwick"
"2629","C DiCarlo","J Brown"
"2630","D Lund","H Zwick"
"2631","D Lund","J Brown"
"2632","D Lund","C DiCarlo"
"2633","B Stuck","H Zwick"
"2634","B Stuck","J Brown"
"2635","B Stuck","C DiCarlo"
"2636","B Stuck","D Lund"
"2637","M Courage","R Adams"
"2638","S Shioiri","T Mihashi"
"2639","J Kelly","T Mihashi"
"2640","J Kelly","S Shioiri"
"2641","Y Hirohara","T Mihashi"
"2642","Y Hirohara","S Shioiri"
"2643","Y Hirohara","J Kelly"
"2644","T Kuroda","T Mihashi"
"2645","T Kuroda","S Shioiri"
"2646","T Kuroda","J Kelly"
"2647","T Kuroda","Y Hirohara"
"2648","N Maeda","T Mihashi"
"2649","N Maeda","S Shioiri"
"2650","N Maeda","J Kelly"
"2651","N Maeda","Y Hirohara"
"2652","N Maeda","T Kuroda"
"2653","H Yaguchi","T Mihashi"
"2655","H Yaguchi","J Kelly"
"2656","H Yaguchi","Y Hirohara"
"2657","H Yaguchi","T Kuroda"
"2658","H Yaguchi","N Maeda"
"2659","T Fujikado","T Mihashi"
"2660","T Fujikado","S Shioiri"
"2661","T Fujikado","J Kelly"
"2662","T Fujikado","Y Hirohara"
"2663","T Fujikado","T Kuroda"
"2664","T Fujikado","N Maeda"
"2665","T Fujikado","H Yaguchi"
"2666","S Gabree","L Olzak"
"2667","P Laurinen","L Olzak"
"2668","P Laurinen","S Gabree"
"2669","J Xing","J Xing"
"2671","Y Zheng","E Essock"
"2672","Y Zheng","B Hansen"
"2675","A Haun","Y Zheng"
"2676","P Gunvant","E Essock"
"2677","P Gunvant","B Hansen"
"2678","P Gunvant","Y Zheng"
"2679","P Gunvant","A Haun"
"2680","M Garcia-Perez","E Peli"
"2681","R Giorgi","E Peli"
"2682","R Giorgi","M Garcia-Perez"
"2683","R Woods","E Peli"
"2684","R Woods","M Garcia-Perez"
"2685","R Woods","R Giorgi"
"2687","T Saarela","P Laurinen"
"2688","T Saarela","L Olzak"
"2689","R Hess","P Huang"
"2690","S Dakin","P Huang"
"2692","H Sun","S Solomon"
"2693","B Lee","S Solomon"
"2695","D Purves","F Long"
"2696","K Goryo","G Maehara"
"2697","C Clifford","J Forte"
"2698","S Waugh","S Sukumar"
"2699","Y Kamitani","S Sheremata"
"2700","S Koyama","S Sheremata"
"2701","S Koyama","Y Kamitani"
"2702","J Nanez","S Sheremata"
"2703","J Nanez","Y Kamitani"
"2704","J Nanez","S Koyama"
"2706","T Watanabe","Y Kamitani"
"2707","T Watanabe","S Koyama"
"2708","T Watanabe","J Nanez"
"2709","A Pascual-Leone","S Sheremata"
"2710","A Pascual-Leone","Y Kamitani"
"2711","A Pascual-Leone","S Koyama"
"2712","A Pascual-Leone","J Nanez"
"2713","A Pascual-Leone","T Watanabe"
"2714","W Simpson","W Simpson"
"2715","B Timney","M Ferreira"
"2716","K Muthu","Y Kim"
"2717","M Grabowecky","Y Kim"
"2718","M Grabowecky","K Muthu"
"2719","K Paller","Y Kim"
"2720","K Paller","K Muthu"
"2721","K Paller","M Grabowecky"
"2722","S Suzuki","Y Kim"
"2723","S Suzuki","K Muthu"
"2725","S Suzuki","K Paller"
"2726","P Garrigan","D Kalar"
"2727","P Kellman","D Kalar"
"2729","T Wickens","D Kalar"
"2730","T Wickens","P Garrigan"
"2731","T Wickens","P Kellman"
"2732","J Hilger","D Kalar"
"2733","J Hilger","P Garrigan"
"2734","J Hilger","P Kellman"
"2735","J Hilger","T Wickens"
"2736","T Shipley","D Kalar"
"2737","T Shipley","P Garrigan"
"2739","T Shipley","T Wickens"
"2740","T Shipley","J Hilger"
"2742","L Hao","S Chaudhury"
"2743","K Turano","S Chaudhury"
"2744","K Turano","L Hao"
"2748","P Willemsen","B Mohler"
"2751","J Rieser","B Mohler"
"2752","J Rieser","W Thompson"
"2753","J Rieser","S Creem-Regehr"
"2754","J Rieser","P Willemsen"
"2755","H Pick","B Mohler"
"2756","H Pick","W Thompson"
"2757","H Pick","S Creem-Regehr"
"2758","H Pick","P Willemsen"
"2759","H Pick","J Rieser"
"2760","M Bradshaw","S Rushton"
"2761","J Schulte-Pelkum","D Berger"
"2763","H Buelthoff","J Schulte-Pelkum"
"2764","J Hicks","K Turano"
"2766","L Hao","J Hicks"
"2767","A Bubka","F Bonato"
"2768","H Ando","T Maeda"
"2769","M Sugimoto","T Maeda"
"2770","M Sugimoto","H Ando"
"2771","J May","M Flanagan"
"2772","T Dobie","M Flanagan"
"2773","T Dobie","J May"
"2774","W Warren","J Owens"
"2775","K Gigone","F Durgin"
"2776","E Schaffer","F Durgin"
"2777","E Schaffer","K Gigone"
"2778","N Sprague","D Ballard"
"2779","A Robinson","D Ballard"
"2780","A Robinson","N Sprague"
"2781","J Cahill","C Royden"
"2782","D Conti","C Royden"
"2783","D Conti","J Cahill"
"2784","W Warren","A Chardenon"
"2785","R Woods","J Barabas"
"2786","R Goldstein","J Barabas"
"2787","R Goldstein","R Woods"
"2788","E Peli","J Barabas"
"2791","S O'Leary","S O'Leary"
"2792","F Durgin","L Fox"
"2793","E Schaffer","L Fox"
"2795","P DiZio","T Hudson"
"2796","J Lackner","T Hudson"
"2797","J Lackner","P DiZio"
"2798","J Dickson","J Campos"
"2800","G Chan","J Dickson"
"2802","H Sun","J Dickson"
"2804","B Fajen","B Fajen"
"2805","T Frank","J Brooks"
"2806","R Isenhower","J Brooks"
"2807","R Isenhower","T Frank"
"2808","N Klein","J Brooks"
"2809","N Klein","T Frank"
"2810","N Klein","R Isenhower"
"2811","J Addison","J Brooks"
"2812","J Addison","T Frank"
"2813","J Addison","R Isenhower"
"2814","J Addison","N Klein"
"2815","R Tyrrell","J Brooks"
"2816","R Tyrrell","T Frank"
"2817","R Tyrrell","R Isenhower"
"2818","R Tyrrell","N Klein"
"2819","R Tyrrell","J Addison"
"2820","B Fajen","W Hanchar"
"2821","M Devaney","W Hanchar"
"2822","M Devaney","B Fajen"
"2823","A Mandel","R Woods"
"2825","J Barabas","A Mandel"
"2827","R Goldstein","A Mandel"
"2830","E Peli","A Mandel"
"2833","J Loomis","J Kelly"
"2834","A Beall","J Kelly"
"2836","N Hudson","S Palmisano"
"2837","B Gillam","S Palmisano"
"2838","B Gillam","N Hudson"
"2839","J Brown","H Denney"
"2840","A Weber","E Olds"
"2841","L Santos","E Cheries"
"2842","B Scholl","E Cheries"
"2843","B Scholl","L Santos"
"2844","D Melcher","Z Vidnyánszky"
"2846","W Sohn","D Melcher"
"2848","T Papathomas","D Melcher"
"2850","R Rajimehr","L Montaser"
"2851","H Farid","M Bravo"
"2852","J Triesch","A Robinson"
"2853","M Tuller","J Pinto"
"2854","K Tsiappoutas","J May"
"2856","M Flanagan","K Tsiappoutas"
"2857","S Christ","R Abrams"
"2858","M Fenske","J Raymond"
"2859","N Westoby","J Raymond"
"2860","N Westoby","M Fenske"
"2861","Z Madon","R Almeida"
"2862","C Velde","R Almeida"
"2863","C Velde","Z Madon"
"2864","J Nardo","R Almeida"
"2865","J Nardo","Z Madon"
"2866","J Nardo","C Velde"
"2867","J Godfrey","R Almeida"
"2868","J Godfrey","Z Madon"
"2869","J Godfrey","C Velde"
"2870","J Godfrey","J Nardo"
"2871","M Grunau","R Almeida"
"2872","M Grunau","Z Madon"
"2873","M Grunau","C Velde"
"2874","M Grunau","J Nardo"
"2875","M Grunau","J Godfrey"
"2876","T German","J New"
"2877","C Galera","J Rossini"
"2878","G Pellegrino","A Bayliss"
"2879","S Tipper","A Bayliss"
"2880","S Tipper","G Pellegrino"
"2881","S Tipper","A Frischen"
"2885","D Knill","D Knill"
"2886","P Knox","P Bernardis"
"2887","N Bruno","P Bernardis"
"2888","N Bruno","P Knox"
"2889","M Biegstraaten","D Grave"
"2890","E Brenner","D Grave"
"2891","E Brenner","M Biegstraaten"
"2892","J Smeets","D Grave"
"2893","J Smeets","M Biegstraaten"
"2895","R Welch","R Post"
"2896","K Olson","R Post"
"2897","K Olson","R Welch"
"2899","J Pavlovic-King","D Westwood"
"2900","B Christensen","D Westwood"
"2901","B Christensen","J Pavlovic-King"
"2902","V Franz","V Franz"
"2903","R Isenhower","C Pagano"
"2904","N Stringer","J Huber"
"2905","I Davies","J Huber"
"2906","I Davies","N Stringer"
"2907","D Field","J Huber"
"2908","D Field","N Stringer"
"2909","D Field","I Davies"
"2910","G Geri","R Gray"
"2911","S Akhtar","R Gray"
"2912","S Akhtar","G Geri"
"2913","C Covas","R Gray"
"2914","C Covas","G Geri"
"2915","C Covas","S Akhtar"
"2916","B Khurana","R Nijhawan"
"2917","V Ferrera","J Grinband"
"2918","J Hirsch","J Grinband"
"2919","J Hirsch","V Ferrera"
"2920","J Williams","L Livingstone"
"2921","M Mon-Williams","L Livingstone"
"2923","A Ruppertsberg","S Wuerger"
"2924","M Bertamini","S Wuerger"
"2925","M Bertamini","A Ruppertsberg"
"2926","J Martinovic","S Wuerger"
"2927","J Martinovic","A Ruppertsberg"
"2928","J Martinovic","M Bertamini"
"2929","D Giaschi","A Zwicker"
"2930","Y Festman","A Pastukhov"
"2933","M Gori","M Del"
"2934","N Rubin","P Velasco-Perez"
"2942","L Vaina","S Beardsley"
"2943","R Hetley","A Cobo-Lewis"
"2944","S Beardsley","F Calabro"
"2945","L Vaina","F Calabro"
"2947","C Fantoni","B Pinna"
"2948","R Born","C Pack"
"2949","J Lowenfeld","S Menees"
"2950","L Spillmann","S Menees"
"2951","L Spillmann","J Lowenfeld"
"2952","A Huisman","L Bukowski"
"2953","H Hock","L Bukowski"
"2954","H Hock","A Huisman"
"2955","R Hess","R Watson"
"2956","C Koch","L Fei-Fei"
"2957","A Iyer","L Fei-Fei"
"2958","A Iyer","C Koch"
"2959","P Perona","L Fei-Fei"
"2960","P Perona","C Koch"
"2961","P Perona","A Iyer"
"2962","L Itti","R Carmi"
"2963","J Groeger","M Silva"
"2964","M Bradshaw","M Silva"
"2965","M Bradshaw","J Groeger"
"2966","J Davenport","J Davenport"
"2968","L Fox","M Potter"
"2969","C Gottesman","C Gottesman"
"2970","H Intraub","C DiCola"
"2971","J Hoffman","H Intraub"
"2972","C Wetherhold","H Intraub"
"2973","C Wetherhold","J Hoffman"
"2974","S Stoehs","H Intraub"
"2975","S Stoehs","J Hoffman"
"2976","S Stoehs","C Wetherhold"
"2977","D Simons","X Wan"
"2978","C Jacques","V Goffaux"
"2979","A Mouraux","V Goffaux"
"2980","A Mouraux","C Jacques"
"2981","A Oliva","V Goffaux"
"2982","A Oliva","C Jacques"
"2983","A Oliva","A Mouraux"
"2984","P Schyns","V Goffaux"
"2985","P Schyns","C Jacques"
"2986","P Schyns","A Mouraux"
"2987","P Schyns","A Oliva"
"2988","B Rossion","V Goffaux"
"2990","B Rossion","A Mouraux"
"2991","B Rossion","A Oliva"
"2992","B Rossion","P Schyns"
"2993","A Oliva","J Clifford"
"2994","M Shrestha","A Peeper"
"2995","A Oliva","A Peeper"
"2996","A Oliva","M Shrestha"
"2997","A Oliva","C Laloyaux"
"2998","A Oliva","A Oliva"
"2999","F Kingdom","A Olmos"
"3000","D Field","A Olmos"
"3001","D Field","F Kingdom"
"3002","J Ferwerda","P Irawan"
"3003","S Marschner","P Irawan"
"3004","S Marschner","J Ferwerda"
"3005","J Brown","J Solberg"
"3006","D Simons","L Loschky"
"3007","G Nevarez","D Simons"
"3014","J Sharp","K Wootton"
"3015","C Granrud","K Wootton"
"3016","C Granrud","J Sharp"
"3017","I Biederman","E Vessel"
"3018","M Cohen","E Vessel"
"3019","M Cohen","I Biederman"
"3020","L Heiser","R Berman"
"3021","R Saunders","R Berman"
"3022","R Saunders","L Heiser"
"3023","C Colby","R Berman"
"3024","C Colby","L Heiser"
"3025","C Colby","R Saunders"
"3026","T Leng","Y Su"
"3027","Z He","Y Su"
"3028","Z He","T Leng"
"3029","G Legge","N Giudice"
"3030","J Brooks","L Gugerty"
"3031","J Schulte-Pelkum","B Riecke"
"3032","M Avraamides","B Riecke"
"3033","M Avraamides","J Schulte-Pelkum"
"3034","M Heyde","B Riecke"
"3035","M Heyde","J Schulte-Pelkum"
"3036","M Heyde","M Avraamides"
"3037","H Buelthoff","B Riecke"
"3039","H Buelthoff","M Avraamides"
"3040","H Buelthoff","M Heyde"
"3041","M Harrison","P Foo"
"3042","A Duchon","P Foo"
"3043","A Duchon","M Harrison"
"3044","W Warren","P Foo"
"3045","W Warren","M Harrison"
"3046","W Warren","A Duchon"
"3047","M Tarr","P Foo"
"3048","M Tarr","M Harrison"
"3049","M Tarr","A Duchon"
"3050","M Tarr","W Warren"
"3051","S Rushton","P Warren"
"3053","M McCabe","B Stankiewicz"
"3054","A Cassandra","B Stankiewicz"
"3055","A Cassandra","M McCabe"
"3056","D Purves","S Nundy"
"3057","A Antal","G Kovács"
"3058","Z Vidnyánszky","G Kovács"
"3059","Z Vidnyánszky","A Antal"
"3063","M Smith","R Caldara"
"3064","M Smith","B Rossion"
"3065","M Smith","E Mayer"
"3066","F Gosselin","R Caldara"
"3067","F Gosselin","B Rossion"
"3068","F Gosselin","E Mayer"
"3069","F Gosselin","M Smith"
"3070","P Schyns","R Caldara"
"3072","P Schyns","E Mayer"
"3073","P Schyns","M Smith"
"3090","M Dinu","M Simas"
"3091","N Santos","M Simas"
"3092","N Santos","M Dinu"
"3093","H Cartaxo","M Simas"
"3094","H Cartaxo","M Dinu"
"3095","H Cartaxo","N Santos"
"3096","R Nogueira","M Simas"
"3097","R Nogueira","M Dinu"
"3098","R Nogueira","N Santos"
"3099","R Nogueira","H Cartaxo"
"3100","R Lima","M Simas"
"3101","R Lima","M Dinu"
"3102","R Lima","N Santos"
"3103","R Lima","H Cartaxo"
"3104","R Lima","R Nogueira"
"3105","R Silva","M Simas"
"3106","R Silva","M Dinu"
"3107","R Silva","N Santos"
"3108","R Silva","H Cartaxo"
"3109","R Silva","R Nogueira"
"3110","R Silva","R Lima"
"3111","K Nakayama","A Harris"
"3112","M Riesenhuber","E Rosen"
"3113","A O'Toole","F Jiang"
"3114","H Abdi","F Jiang"
"3116","J Haxby","F Jiang"
"3117","J Haxby","A O'Toole"
"3118","J Haxby","H Abdi"
"3119","H Wilson","D Goren"
"3120","C Brooking","J Swisher"
"3121","D Somers","J Swisher"
"3122","D Somers","C Brooking"
"3123","J Tanaka","R Grand"
"3124","R Grand","K O'Craven"
"3125","D Maurer","K O'Craven"
"3126","D Maurer","R Grand"
"3127","C Mondloch","K O'Craven"
"3128","C Mondloch","R Grand"
"3129","C Mondloch","D Maurer"
"3130","G Pellicori","K O'Craven"
"3131","G Pellicori","R Grand"
"3132","G Pellicori","D Maurer"
"3133","G Pellicori","C Mondloch"
"3134","T Lewis","K O'Craven"
"3135","T Lewis","R Grand"
"3137","T Lewis","C Mondloch"
"3138","T Lewis","G Pellicori"
"3139","C Grady","K O'Craven"
"3140","C Grady","R Grand"
"3141","C Grady","D Maurer"
"3142","C Grady","C Mondloch"
"3143","C Grady","G Pellicori"
"3144","C Grady","T Lewis"
"3145","F Moradi","L Reddy"
"3146","C Koch","L Reddy"
"3147","C Koch","F Moradi"
"3149","G Cottrell","M Smith"
"3150","G Cottrell","F Gosselin"
"3153","P Schyns","G Cottrell"
"3154","Y Osada","M Honma"
"3155","B Olk","L Symons"
"3156","M Jassal","L Symons"
"3157","M Jassal","B Olk"
"3158","V Chung","L Symons"
"3159","V Chung","B Olk"
"3160","V Chung","M Jassal"
"3161","A Kingston","L Symons"
"3162","A Kingston","B Olk"
"3163","A Kingston","M Jassal"
"3164","A Kingston","V Chung"
"3168","J Bailenson","J Loomis"
"3169","J Bailenson","J Kelly"
"3170","J Bailenson","A Beall"
"3171","J Husk","G Rousselet"
"3172","P Bennett","G Rousselet"
"3174","A Sekuler","G Rousselet"
"3177","B Duchaine","J Sadr"
"3178","K Nakayama","J Sadr"
