"","from","to"
"1","W Barnes","E Woller"
"2","B Payne","E Woller"
"3","B Payne","W Barnes"
"4","S Lomber","E Woller"
"5","S Lomber","W Barnes"
"6","S Lomber","B Payne"
"7","N Tavasolli","J Raymond"
"8","M Fenske","J Raymond"
"9","M Fenske","N Tavasolli"
"11","K Schmidt","B Payne"
"12","K Schmidt","S Lomber"
"13","R Galuske","B Payne"
"14","R Galuske","S Lomber"
"15","R Galuske","K Schmidt"
"16","L Svec","J Maciokas"
"17","M Crognale","J Maciokas"
"18","M Crognale","L Svec"
"19","M Carrasco","F Loula"
"20","N Krishnan","E Hubbard"
"21","V Ramachandran","E Hubbard"
"22","V Ramachandran","N Krishnan"
"23","R VanRullen","F Hamker"
"24","A Giersch","A Giersch"
"25","B Jung-Stallmann","G Humphreys"
"26","C Olivers","G Humphreys"
"27","C Olivers","B Jung-Stallmann"
"28","A Reeves","E Fine"
"29","A Gindes","E Festa-Martino"
"30","W Heindel","E Festa-Martino"
"31","W Heindel","A Gindes"
"32","S Black","D Fernandez-Duque"
"33","B Breitmeyer","J Brown"
"34","J Hand","J Brown"
"35","J Hand","B Breitmeyer"
"36","F Browning","J Brown"
"37","F Browning","B Breitmeyer"
"38","F Browning","J Hand"
"39","J Brown","B Breitmeryer"
"40","K Leighty","B Breitmeryer"
"41","K Leighty","J Brown"
"42","C Williamson","B Breitmeryer"
"43","C Williamson","J Brown"
"44","C Williamson","K Leighty"
"45","M Matsukura","E Awh"
"46","J Serences","E Awh"
"47","J Serences","M Matsukura"
"48","R Wurtz","J Cavanaugh"
"49","A Roe","M Cruadhlaoich"
"50","R Henderson","H Orbach"
"51","M Baker","H Orbach"
"52","M Baker","R Henderson"
"53","B Breitmeyer","H Ogmen"
"54","R Rajimehr","L Montaser"
"55","S Afraz","L Montaser"
"56","S Afraz","R Rajimehr"
"57","H Esteky","L Montaser"
"58","H Esteky","R Rajimehr"
"59","H Esteky","S Afraz"
"60","K Tsiappoutas","J May"
"61","M Flanagan","J May"
"62","M Flanagan","K Tsiappoutas"
"63","G Fisk","S Haase"
"64","L Machado","C Dodds"
"65","R Rafal","C Dodds"
"66","R Rafal","L Machado"
"67","T Ro","C Dodds"
"68","T Ro","L Machado"
"69","T Ro","R Rafal"
"70","D Jones","V Scavetta"
"71","D Mitchell","V Scavetta"
"72","D Mitchell","D Jones"
"73","K Murphy","V Scavetta"
"74","K Murphy","D Jones"
"75","K Murphy","D Mitchell"
"76","D Ellemberg","T Lewis"
"77","D Maurer","T Lewis"
"78","D Maurer","D Ellemberg"
"79","B Lee","T Lewis"
"80","B Lee","D Ellemberg"
"81","B Lee","D Maurer"
"82","H Brent","T Lewis"
"83","H Brent","D Ellemberg"
"84","H Brent","D Maurer"
"85","H Brent","B Lee"
"86","A Levin","T Lewis"
"87","A Levin","D Ellemberg"
"88","A Levin","D Maurer"
"89","A Levin","B Lee"
"90","A Levin","H Brent"
"91","S Shimojo","D Wu"
"92","K Yamamoto","S Shioiri"
"93","H Yaguchi","S Shioiri"
"94","H Yaguchi","K Yamamoto"
"95","M Motes","T Hubbard"
"96","C Schor","C Cantor"
"97","P Cavanagh","R Cai"
"98","S Chung","B Tjan"
"99","G Legge","B Tjan"
"100","G Legge","S Chung"
"101","T Lawton","T Lawton"
"102","A Preston","F Florer"
"103","P Kiely","S Crewther"
"104","R Laycock","S Crewther"
"105","R Laycock","P Kiely"
"106","D Crewther","S Crewther"
"107","D Crewther","P Kiely"
"108","D Crewther","R Laycock"
"109","S Chung","S Chung"
"110","H Strasberger","H Strasberger"
"111","G DeAngelis","T Uka"
"112","R Krauzlis","J Perrone"
"113","B Borghuis","J Perge"
"114","J Duijnhouwer","J Perge"
"115","J Duijnhouwer","B Borghuis"
"116","M Lankheet","J Perge"
"117","M Lankheet","B Borghuis"
"118","M Lankheet","J Duijnhouwer"
"119","R Wezel","J Perge"
"120","R Wezel","B Borghuis"
"121","R Wezel","J Duijnhouwer"
"122","R Wezel","M Lankheet"
"123","Q Vuong","W Zosh"
"124","M Tarr","W Zosh"
"125","M Tarr","Q Vuong"
"127","J Davidoff","V Thoma"
"128","J Chariker","J Pani"
"129","T Dawson","J Pani"
"130","T Dawson","J Chariker"
"131","T Miura","T Kimura"
"132","K Shinohara","T Kimura"
"133","K Shinohara","T Miura"
"134","G Humphrey","T James"
"135","J Gati","T James"
"136","J Gati","G Humphrey"
"137","R Menon","T James"
"138","R Menon","G Humphrey"
"139","R Menon","J Gati"
"140","M Goodale","T James"
"141","M Goodale","G Humphrey"
"142","M Goodale","J Gati"
"143","M Goodale","R Menon"
"144","G Humphrey","K James"
"145","M Goodale","K James"
"147","R Nodsle","A Herbert"
"148","C Williford","A Herbert"
"149","C Williford","R Nodsle"
"150","M Behrmann","A Cate"
"151","P Reeve","I Boutet"
"152","A Chaudhuri","I Boutet"
"153","A Chaudhuri","P Reeve"
"154","D Bennett","D Bennett"
"155","H Bruggeman","A Yonas"
"156","J Konczak","A Yonas"
"157","J Konczak","H Bruggeman"
"158","M Goodale","D Westwood"
"159","J Philbeck","J Philbeck"
"160","O Braddick","R Kwok"
"161","P Thompson","A Dunn"
"162","J Bala","P Dassonville"
"163","A Gooch","S Creem-Regehr"
"164","W Thompson","S Creem-Regehr"
"165","W Thompson","A Gooch"
"166","C Wright","C Chubb"
"167","S Anderson","C Chubb"
"168","S Anderson","C Wright"
"169","P Kim","C Chubb"
"170","P Kim","C Wright"
"171","P Kim","S Anderson"
"172","H Ashida","H Ashida"
"173","S Rogers","J Andre"
"174","J Coulston","P Vishton"
"175","B Stuck","H Zwick"
"176","J Brown","H Zwick"
"177","J Brown","B Stuck"
"178","S Ruiz","H Zwick"
"179","S Ruiz","B Stuck"
"180","S Ruiz","J Brown"
"181","B Lund","H Zwick"
"182","B Lund","B Stuck"
"183","B Lund","J Brown"
"184","B Lund","S Ruiz"
"185","M Chun","D Yi"
"186","E Müller-Oehring","D Poggel"
"187","E Kasten","D Poggel"
"188","E Kasten","E Müller-Oehring"
"189","U Bunzenthal","D Poggel"
"190","U Bunzenthal","E Müller-Oehring"
"191","U Bunzenthal","E Kasten"
"192","B Sabel","D Poggel"
"193","B Sabel","E Müller-Oehring"
"194","B Sabel","E Kasten"
"195","B Sabel","U Bunzenthal"
"196","P Sowden","L Notman"
"197","N Pathak","S Mednick"
"198","K Nakayama","S Mednick"
"199","K Nakayama","N Pathak"
"200","R Stickgold","S Mednick"
"201","R Stickgold","N Pathak"
"202","R Stickgold","K Nakayama"
"203","B Dosher","Z Lu"
"204","Z Lu","J Lu"
"205","B Dosher","J Lu"
"207","S Lomber","S Lomber"
"208","B Rossion","C Kung"
"209","Q Vuong","C Kung"
"210","Q Vuong","B Rossion"
"211","M Tarr","C Kung"
"212","M Tarr","B Rossion"
"214","I Kovács","P Kozma"
"215","Á Fehér","P Kozma"
"216","Á Fehér","I Kovács"
"217","A Harner","S Koyama"
"218","T Watanabe","S Koyama"
"219","T Watanabe","A Harner"
"220","S Beardsley","W Kao"
"221","L Vaina","W Kao"
"222","L Vaina","S Beardsley"
"223","N Intrator","B Hiles"
"224","S Edelman","B Hiles"
"225","S Edelman","N Intrator"
"226","S Engel","C Furmanski"
"227","D Cousineau","D Cousineau"
"228","Z Lu","W Chu"
"229","B Dosher","W Chu"
"231","D Zavagno","D Zavagno"
"232","S Grossberg","G Swaminathan"
"233","E Blaser","W Sohn"
"234","Z Vidnyánszky","W Sohn"
"235","Z Vidnyánszky","E Blaser"
"236","T Papathomas","W Sohn"
"237","T Papathomas","E Blaser"
"238","T Papathomas","Z Vidnyánszky"
"239","M Singh","M Singh"
"240","Z Pizlo","M Scheessele"
"241","L Maloney","I Oruc"
"242","M Landy","I Oruc"
"243","M Landy","L Maloney"
"244","H Norman","J Farley"
"245","Y Lee","J Farley"
"246","Y Lee","H Norman"
"247","D Stockton","J Farley"
"248","D Stockton","H Norman"
"249","D Stockton","Y Lee"
"250","J Lappin","J Farley"
"251","J Lappin","H Norman"
"252","J Lappin","Y Lee"
"253","J Lappin","D Stockton"
"254","L Wilcox","K MacKenzie"
"255","M Abramovitz","K MacKenzie"
"256","M Abramovitz","L Wilcox"
"257","J Todd","B Liu"
"258","A Doorn","J Koenderink"
"259","A Kappers","J Koenderink"
"260","A Kappers","A Doorn"
"261","S Pas","J Koenderink"
"262","S Pas","A Doorn"
"263","S Pas","A Kappers"
"264","S Pont","J Koenderink"
"265","S Pont","A Doorn"
"266","S Pont","A Kappers"
"267","S Pont","S Pas"
"268","M Fahle","F Kandil"
"269","A Holcombe","A Holcombe"
"270","A Williams","R Fleming"
"271","B Anderson","R Fleming"
"272","B Anderson","A Williams"
"273","L Poom","E Börjesson"
"274","Z Vidnyanszky","E Blaser"
"276","T Papathomas","Z Vidnyanszky"
"277","G Swaminathan","J Berzhanskaya"
"278","J Beck","J Berzhanskaya"
"279","J Beck","G Swaminathan"
"280","E Mingolla","J Berzhanskaya"
"281","E Mingolla","G Swaminathan"
"282","E Mingolla","J Beck"
"283","J Faubert","A Bertone"
"284","B Bertenthal","B Bertenthal"
"285","Z Zhang","E Berends"
"286","Y Tanaka","E Berends"
"287","Y Tanaka","Z Zhang"
"288","C Schor","E Berends"
"289","C Schor","Z Zhang"
"290","C Schor","Y Tanaka"
"291","J Elder","J Amati"
"292","P Mamassian","W Adams"
"293","W Bosking","X Xu"
"294","G Sáry","X Xu"
"295","G Sáry","W Bosking"
"296","M Jones","X Xu"
"297","M Jones","W Bosking"
"298","M Jones","G Sáry"
"299","D Royal","X Xu"
"300","D Royal","W Bosking"
"301","D Royal","G Sáry"
"302","D Royal","M Jones"
"303","J Stefansic","X Xu"
"304","J Stefansic","W Bosking"
"305","J Stefansic","G Sáry"
"306","J Stefansic","M Jones"
"307","J Stefansic","D Royal"
"308","D Shima","X Xu"
"309","D Shima","W Bosking"
"310","D Shima","G Sáry"
"311","D Shima","M Jones"
"312","D Shima","D Royal"
"313","D Shima","J Stefansic"
"314","D Fitzpatrick","X Xu"
"315","D Fitzpatrick","W Bosking"
"316","D Fitzpatrick","G Sáry"
"317","D Fitzpatrick","M Jones"
"318","D Fitzpatrick","D Royal"
"319","D Fitzpatrick","J Stefansic"
"320","D Fitzpatrick","D Shima"
"321","V Casagrande","X Xu"
"322","V Casagrande","W Bosking"
"323","V Casagrande","G Sáry"
"324","V Casagrande","M Jones"
"325","V Casagrande","D Royal"
"326","V Casagrande","J Stefansic"
"327","V Casagrande","D Shima"
"328","V Casagrande","D Fitzpatrick"
"329","S Grossberg","A Seitz"
"330","V Prete","S Schultz"
"331","S Panzeri","S Schultz"
"332","S Panzeri","V Prete"
"333","T Takeda","T Owaki"
"334","T Shimizu","A Laverghetta"
"335","K Lin","Z Zhu"
"336","T Kasamatsu","Z Zhu"
"337","T Kasamatsu","K Lin"
"338","M Gur","I Kagan"
"339","D Max","I Kagan"
"340","D Max","M Gur"
"341","H Neumann","T Hansen"
"342","S Riegert","R Gockeln"
"343","I Tutschke","R Gockeln"
"344","I Tutschke","S Riegert"
"345","R Winter","R Gockeln"
"346","R Winter","S Riegert"
"347","R Winter","I Tutschke"
"348","D Ringach","J Dorn"
"349","S Sharma","I Conner"
"350","J Mendola","I Conner"
"351","J Mendola","S Sharma"
"352","D Hu","D Chelvanayagam"
"353","T Vidyasagar","D Chelvanayagam"
"354","T Vidyasagar","D Hu"
"355","R Kasrai","F Kingdom"
"356","Q Zaidi","A Li"
"357","A Oomes","J Todd"
"358","J Koenderink","J Todd"
"359","J Koenderink","A Oomes"
"360","A Kappers","J Todd"
"361","A Kappers","A Oomes"
"363","D Kersten","C Madison"
"364","M Morgan","M Fahle"
"365","V Diehl","M Fahle"
"366","V Diehl","M Morgan"
"367","K Spang","M Fahle"
"368","K Spang","M Morgan"
"369","K Spang","V Diehl"
"370","D Fize","W Vanduffel"
"371","H Peuskens","W Vanduffel"
"372","H Peuskens","D Fize"
"373","K Denys","W Vanduffel"
"374","K Denys","D Fize"
"375","K Denys","H Peuskens"
"376","S Sunaert","W Vanduffel"
"377","S Sunaert","D Fize"
"378","S Sunaert","H Peuskens"
"379","S Sunaert","K Denys"
"380","J Todd","W Vanduffel"
"381","J Todd","D Fize"
"382","J Todd","H Peuskens"
"383","J Todd","K Denys"
"384","J Todd","S Sunaert"
"385","G Orban","W Vanduffel"
"386","G Orban","D Fize"
"387","G Orban","H Peuskens"
"388","G Orban","K Denys"
"389","G Orban","S Sunaert"
"390","G Orban","J Todd"
"391","P Mamassian","M Lages"
"392","E Graf","M Lages"
"393","E Graf","P Mamassian"
"394","S Suzuki","S Suzuki"
"395","W Merigan","W Merigan"
"396","C Connor","A Pasupathy"
"397","T Ledgeway","R Hess"
"398","H Bülthoff","Z Kourtzi"
"399","M Erb","Z Kourtzi"
"400","M Erb","H Bülthoff"
"401","W Grodd","Z Kourtzi"
"402","W Grodd","H Bülthoff"
"403","W Grodd","M Erb"
"404","J Horton","D Adams"
"405","D Ringach","F Mechler"
"409","J Sharma","V MIT"
"410","E Miller","V MIT"
"411","E Miller","J Sharma"
"412","M Sur","V MIT"
"413","M Sur","J Sharma"
"414","M Sur","E Miller"
"415","B Conway","M Livingstone"
"416","D Heeger","B Zenger-Landolt"
"417","G Boynton","R Duncan"
"418","B Olshausen","B Olshausen"
"419","J McDermott","J McDermott"
"420","R Diehl","W Geisler"
"421","C Hardy","J Victor"
"422","M Conte","J Victor"
"423","M Conte","C Hardy"
"424","P Schrater","C Olman"
"425","D Kersten","C Olman"
"426","D Kersten","P Schrater"
"427","D Levi","E Wong"
"428","B Barrett","E Wong"
"429","B Barrett","D Levi"
"430","I Pacey","E Wong"
"431","I Pacey","D Levi"
"432","I Pacey","B Barrett"
"433","P Bex","A Simmers"
"434","A Hurlbert","K Wolf"
"435","M Loop","R Arsdel"
"436","K Uchikawa","T Uchida"
"437","T Reiner","L Svec"
"438","M Webster","L Svec"
"439","M Webster","T Reiner"
"440","Q Zaidi","H Smithson"
"441","L Baldwin","A Shapiro"
"442","Q Zaidi","A Shapiro"
"443","Q Zaidi","L Baldwin"
"444","S Chung","S Patel"
"445","H Bedell","S Patel"
"446","H Bedell","S Chung"
"447","H Ogmen","S Patel"
"448","H Ogmen","S Chung"
"449","H Ogmen","H Bedell"
"450","M Webster","G Malkoc"
"451","P Kay","G Malkoc"
"452","P Kay","M Webster"
"453","S Hutchinson","A Logvinenko"
"454","I Kuriki","I Kuriki"
"455","Q Zaidi","B Khang"
"457","J Hogben","V Edwards"
"458","C Wehrhahn","B Dillenburger"
"459","D Brainard","P Delahunt"
"460","C Gerth","M Crognale"
"461","J Werner","M Crognale"
"462","J Werner","C Gerth"
"463","K Cardinal","I Buckelmuller"
"464","D KiperInst","I Buckelmuller"
"465","D KiperInst","K Cardinal"
"466","K Wolfe","M Bloj"
"467","A Hurlbert","M Bloj"
"468","A Hurlbert","K Wolfe"
"469","B Tsou","V Billock"
"470","J Harris","A Welchman"
"471","M Grünau","N Wada"
"472","W Slocum","E Tehovnik"
"473","P Schiller","E Tehovnik"
"474","P Schiller","W Slocum"
"475","M Bradshaw","M Silva"
"476","J Groeger","M Silva"
"477","J Groeger","M Bradshaw"
"478","A Murthy","S Shorter-Jacobi"
"479","K Thompson","S Shorter-Jacobi"
"480","K Thompson","A Murthy"
"481","J Schall","S Shorter-Jacobi"
"482","J Schall","A Murthy"
"483","J Schall","K Thompson"
"484","V Dragoi","J Sharma"
"485","E MIller","J Sharma"
"486","E MIller","V Dragoi"
"488","M Sur","V Dragoi"
"489","M Sur","E MIller"
"490","J Moon","M Rizzo"
"491","M Wilkinson","M Rizzo"
"492","M Wilkinson","J Moon"
"493","K Bateman","M Rizzo"
"494","K Bateman","J Moon"
"495","K Bateman","M Wilkinson"
"496","J Jermeland","M Rizzo"
"497","J Jermeland","J Moon"
"498","J Jermeland","M Wilkinson"
"499","J Jermeland","K Bateman"
"500","T Schnell","M Rizzo"
"501","T Schnell","J Moon"
"502","T Schnell","M Wilkinson"
"503","T Schnell","K Bateman"
"504","T Schnell","J Jermeland"
"505","A Kramer","M Peterson"
"506","M Schlag-Rey","J Park"
"507","J Schlag","J Park"
"508","J Schlag","M Schlag-Rey"
"509","A Yagi","A Noritake"
"510","R Hayashi","D Nieman"
"511","R Andersen","D Nieman"
"512","R Andersen","R Hayashi"
"513","S Shimojo","D Nieman"
"514","S Shimojo","R Hayashi"
"515","S Shimojo","R Andersen"
"516","T Freeman","J Naji"
"517","K Uchikawa","H Mizushina"
"518","T Kobayashi","M Maruyama"
"519","T Katsura","M Maruyama"
"520","T Katsura","T Kobayashi"
"521","S Kuriki","M Maruyama"
"522","S Kuriki","T Kobayashi"
"523","S Kuriki","T Katsura"
"524","G McConkie","L Loschky"
"525","J Yang","L Loschky"
"526","J Yang","G McConkie"
"527","M Miller","L Loschky"
"528","M Miller","G McConkie"
"529","M Miller","J Yang"
"530","C Carello","D Liston"
"531","R Krauzlis","D Liston"
"532","R Krauzlis","C Carello"
"533","L Boucher","K Kveraga"
"534","H Hughes","K Kveraga"
"535","H Hughes","L Boucher"
"536","M Lappe","M Kaiser"
"537","P Schiller","J Haushofer"
"538","G Kendall","J Haushofer"
"539","G Kendall","P Schiller"
"540","W Slocum","J Haushofer"
"542","W Slocum","G Kendall"
"543","A Tolias","J Haushofer"
"544","A Tolias","P Schiller"
"545","A Tolias","G Kendall"
"546","A Tolias","W Slocum"
"547","J Clark","Z Hafed"
"548","H Deubel","S Garbade"
"549","A Amagai","M Fujita"
"550","J Movshon","L Chukoskie"
"551","L Boucher","M Berryhill"
"552","K Kveraga","M Berryhill"
"554","H Hughes","M Berryhill"
"557","G Masson","F Miles"
"558","D Yang","F Miles"
"559","D Yang","G Masson"
"563","J Slemmer","D Amso"
"564","S Johnson","D Amso"
"565","S Johnson","J Slemmer"
"566","S Ullman","D Zur"
"567","C Anderson","M Westover"
"568","D Essen","M Westover"
"569","D Essen","C Anderson"
"570","S Thorn","F Thorn"
"571","J He","F Thorn"
"572","J He","S Thorn"
"573","R Held","F Thorn"
"574","R Held","S Thorn"
"575","R Held","J He"
"576","J Gwiazda","F Thorn"
"577","J Gwiazda","S Thorn"
"578","J Gwiazda","J He"
"579","J Gwiazda","R Held"
"580","H Lu","H Petry"
"581","W Makous","W Makous"
"582","P Reinach","Z Yuan"
"583","H Sun","Z Yuan"
"584","H Sun","P Reinach"
"585","J Yuan","Z Yuan"
"586","J Yuan","P Reinach"
"587","J Yuan","H Sun"
"588","S Klein","C Yu"
"589","D Levi","C Yu"
"590","D Levi","S Klein"
"591","K Findlay","W Simpson"
"592","V Manahilov","W Simpson"
"593","V Manahilov","K Findlay"
"594","P Verghese","P Verghese"
"595","T Sato","Y Tani"
"596","M Carrasco","C Talgar"
"597","J Dannemiller","B Stephens"
"598","A Soffer","A Skoczenski"
"599","J Allison","J Samonds"
"600","H Brown","J Samonds"
"601","H Brown","J Allison"
"602","A Bonds","J Samonds"
"603","A Bonds","J Allison"
"604","A Bonds","H Brown"
"605","R Gurnsey","S Sally"
"606","F J.A.M.","S Sally"
"607","F J.A.M.","R Gurnsey"
"608","Y Sakaguchi","Y Sakaguchi"
"609","I Zemach","M Rudd"
"610","D Melmoth.","J Rovamo"
"611","Z Yang","D Purves"
"612","P Sowden","E Ozgen"
"613","P Schyns","E Ozgen"
"614","P Schyns","P Sowden"
"615","P Laurinen","L Olzak"
"616","M Levine","J McAnany"
"617","R Shapley","I Mareschal"
"618","R Gurnsey","S Mancini"
"619","S Sally","S Mancini"
"621","T Atherton","K Langley"
"622","B Timney","K Johnston"
"623","D Leung","K Johnston"
"624","D Leung","B Timney"
"625","S Khan","K Johnston"
"626","S Khan","B Timney"
"627","S Khan","D Leung"
"628","K Valois","J Hardy"
"630","J Ball","R Gurnsey"
"631","J Ball","S Sally"
"632","P Bennett","C Gaspar"
"633","A Sekuler","C Gaspar"
"634","A Sekuler","P Bennett"
"635","G Francis","G Francis"
"636","M Morgan","F Felisberti"
"637","F Cutzu","A Leykin"
"638","B Spehar","C Clifford"
"639","S Solomon","C Clifford"
"640","S Solomon","B Spehar"
"641","P Martin","C Clifford"
"642","P Martin","B Spehar"
"643","P Martin","S Solomon"
"644","Q Zaidi","C Clifford"
"645","Q Zaidi","B Spehar"
"646","Q Zaidi","S Solomon"
"647","Q Zaidi","P Martin"
"648","A Treisman","S Chong"
"649","C Tyler","C Chen"
"650","T Hill","T Carney"
"651","A Marathe","T Carney"
"652","A Marathe","T Hill"
"653","A Sy","T Carney"
"654","A Sy","T Hill"
"655","A Sy","A Marathe"
"656","E Lin","T Carney"
"657","E Lin","T Hill"
"658","E Lin","A Marathe"
"659","E Lin","A Sy"
"660","C Chen","T Carney"
"661","C Chen","T Hill"
"662","C Chen","A Marathe"
"663","C Chen","A Sy"
"664","C Chen","E Lin"
"665","D Ringach","C Bredfeldt"
"666","F Gosselin","L Bonnar"
"667","P Schyns","L Bonnar"
"668","P Schyns","F Gosselin"
"669","D Essen","A Anzai"
"670","X Peng","A Anzai"
"671","X Peng","D Essen"
"672","J Hegde","A Anzai"
"673","J Hegde","D Essen"
"674","J Hegde","X Peng"
"675","K Murphy","N Anderson"
"676","D Jones","N Anderson"
"678","R Hess","H Allen"
"679","S Dakin","H Allen"
"680","S Dakin","R Hess"
"681","B Mansouri","H Allen"
"682","B Mansouri","R Hess"
"683","B Mansouri","S Dakin"
"684","K Myles","M Dixon"
"685","D Smilek","M Dixon"
"686","D Smilek","K Myles"
"687","M Zanna","M Dixon"
"688","M Zanna","K Myles"
"689","M Zanna","D Smilek"
"690","P Merikle","M Dixon"
"691","P Merikle","K Myles"
"692","P Merikle","D Smilek"
"693","P Merikle","M Zanna"
"694","W Makous","S Rainville"
"695","I Motoyoshi","I Motoyoshi"
"696","M Ichikawa","M Ichikawa"
"697","J Palmer","A Huk"
"698","M Shadlen","A Huk"
"699","M Shadlen","J Palmer"
"700","F Wichmann","G Henning"
"701","C Bird","G Henning"
"702","C Bird","F Wichmann"
"703","A Aertsen","S Heinrich"
"704","M Bach","S Heinrich"
"705","M Bach","A Aertsen"
"706","J Jacobson","D Eagleman"
"707","T Sejnowski","D Eagleman"
"708","T Sejnowski","J Jacobson"
"709","K Nguyen","T Cohn"
"710","S Lee","R Blake"
"711","B Backus","X Zabulis"
"712","R Gurnsey","C Potechin"
"713","F Sezikeye","C Potechin"
"714","F Sezikeye","R Gurnsey"
"715","S Hinds","T Atherton"
"717","K Langley","S Hinds"
"718","F Kingdom","N Prins"
"719","K Yokosawa","M Suganuma"
"721","Z Pylyshyn","C Leonard"
"722","E Cohen","C Leonard"
"723","E Cohen","Z Pylyshyn"
"724","J Dennis","C Leonard"
"725","J Dennis","Z Pylyshyn"
"726","J Dennis","E Cohen"
"728","A Yagi","H Ogawa"
"729","Z Pylyshyn","V Annan"
"730","B Sullivan","J Triesch"
"731","M Hayhoe","J Triesch"
"732","M Hayhoe","B Sullivan"
"733","D Ballard","J Triesch"
"734","D Ballard","B Sullivan"
"735","D Ballard","M Hayhoe"
"736","R Rensink","R Rensink"
"737","J Todd","R Marois"
"738","M Chun","R Marois"
"739","M Chun","J Todd"
"740","A Lleras","C Moore"
"741","J Feldman","B Scholl"
"742","Z Pylyshyn","Z Pylyshyn"
"743","R VanRullen","F Li"
"744","C Koch","F Li"
"745","C Koch","R VanRullen"
"746","P Perona","F Li"
"747","P Perona","R VanRullen"
"748","P Perona","C Koch"
"749","J Henderson","A Hollingworth"
"750","A Oliva","J DiMase"
"751","J Wolfe","J DiMase"
"752","J Wolfe","A Oliva"
"753","I Thornton","C Christou"
"754","K Graham","R Epstein"
"755","N Kanwisher","R Epstein"
"756","N Kanwisher","K Graham"
"757","P Downing","R Epstein"
"758","P Downing","K Graham"
"759","P Downing","N Kanwisher"
"760","J Malik","L Walker"
"761","S Lyu","G Sperling"
"762","H Kim","G Sperling"
"763","H Kim","S Lyu"
"764","S Stevenson","L Cormack"
"765","K Denys","D Lindsey"
"766","A Brown","D Lindsey"
"767","A Brown","K Denys"
"768","G Orban","D Lindsey"
"770","G Orban","A Brown"
"771","J Ross","D Burr"
"772","P Cavanagh","W Mok"
"773","C Morrone","D Melcher"
"774","J Enns","J Enns"
"775","P Schyns","L Paul"
"776","C Clifford","D Arnold"
"778","P Butcher","V Ramachandran"
"779","P Butcher","E Hubbard"
"786","R Wang","J Brockmole"
"787","D Irwin","J Brockmole"
"788","D Irwin","R Wang"
"789","H Pashler","M Becker"
"790","G Woodman","E Vogel"
"791","S Luck","E Vogel"
"792","S Luck","G Woodman"
"793","D Levin","B Angelone"
"795","B Schmidt","S Luck"
"796","B Schmidt","G Woodman"
"799","E Vogel","B Schmidt"
"800","S Vecera","S Luck"
"801","S Vecera","G Woodman"
"802","S Vecera","B Schmidt"
"803","S Vecera","E Vogel"
"804","P Cavanagh","G Alvarez"
"805","B Motter","B Motter"
"806","N Aggelopoulos","E Rolls"
"807","F Zheng","E Rolls"
"808","F Zheng","N Aggelopoulos"
"809","P Cavanagh","L Battelli"
"810","G Humphreys","J Riddoch"
"811","M Pavlovskaya","Y Bonneh"
"812","N Soroker","Y Bonneh"
"813","N Soroker","M Pavlovskaya"
"814","H Lee","G Legge"
"815","D Owens","G Legge"
"816","D Owens","H Lee"
"817","S Cheung","G Legge"
"818","S Cheung","H Lee"
"819","S Cheung","D Owens"
"821","S Chung","H Lee"
"822","S Chung","D Owens"
"823","S Chung","S Cheung"
"824","K Mullen","W Beaudot"
"825","A Ahumada","L Scharff"
"826","P Verghese","S Baldassi"
"831","M Smith","P Tse"
"832","M Augath","P Tse"
"833","M Augath","M Smith"
"834","T Trinath","P Tse"
"835","T Trinath","M Smith"
"836","T Trinath","M Augath"
"837","N Logothetis","P Tse"
"838","N Logothetis","M Smith"
"839","N Logothetis","M Augath"
"840","N Logothetis","T Trinath"
"841","J Movshon","P Tse"
"842","J Movshon","M Smith"
"843","J Movshon","M Augath"
"844","J Movshon","T Trinath"
"845","J Movshon","N Logothetis"
"846","B Cumming","J Read"
"847","A Parker","J Read"
"848","A Parker","B Cumming"
"849","B Cumming","B Cumming"
"850","T Maeda","R Hayashi"
"851","S Tachi","R Hayashi"
"852","S Tachi","T Maeda"
"854","S Shimojo","T Maeda"
"855","S Shimojo","S Tachi"
"856","K Nakayama","M Albert"
"857","A Norcia","S McKee"
"858","P Verghese","D Vreven"
"859","S McKee","D Vreven"
"860","S McKee","P Verghese"
"861","H Ashida","T Yoshida"
"862","N Osaka","T Yoshida"
"863","N Osaka","H Ashida"
"864","J Mattingley","P Wilken"
"865","J Saiki","J Saiki"
"866","J Wolfe","A Reinecke"
"873","M Banks","S Watt"
"874","M Ernst","S Watt"
"875","M Ernst","M Banks"
"876","J Zumer","S Watt"
"877","J Zumer","M Banks"
"878","J Zumer","M Ernst"
"879","J Oss","S Watamaniuk"
"880","F Domini","J Schlerf"
"881","F Wichmann","P Rosas"
"882","J Wagemans","P Rosas"
"883","J Wagemans","F Wichmann"
"885","F Norman","H Peuskens"
"886","F Norman","J Todd"
"887","P Hecke","H Peuskens"
"888","P Hecke","J Todd"
"889","P Hecke","F Norman"
"892","G Orban","F Norman"
"893","G Orban","P Hecke"
"894","N Bell","M Nawrot"
"895","D Agarwal.","M Nawrot"
"896","D Agarwal.","N Bell"
"897","B Olshausen","S Murray"
"898","D Woods","S Murray"
"899","D Woods","B Olshausen"
"900","E Kim","H Li"
"901","G Gorla","V Interrante"
"902","S Kim","V Interrante"
"903","S Kim","G Gorla"
"904","H Hagh-Shenas","V Interrante"
"905","H Hagh-Shenas","G Gorla"
"906","H Hagh-Shenas","S Kim"
"907","G Sapiro","V Interrante"
"908","G Sapiro","G Gorla"
"909","G Sapiro","S Kim"
"910","G Sapiro","H Hagh-Shenas"
"911","Q Zaidi","A Fuzz"
"912","W Vaughn","R Emerson"
"913","D Simmons","R Champion"
"914","P Mamassian","R Champion"
"915","P Mamassian","D Simmons"
"916","L Maloney","H Boyaci"
"917","F Gosselin","B Bacon"
"918","P Mamassian","B Bacon"
"919","P Mamassian","F Gosselin"
"920","H Amiri","M Atherton"
"921","J Zhuang","M Atherton"
"922","J Zhuang","H Amiri"
"923","X Hu","M Atherton"
"924","X Hu","H Amiri"
"925","X Hu","J Zhuang"
"926","S He","M Atherton"
"927","S He","H Amiri"
"928","S He","J Zhuang"
"929","S He","X Hu"
"930","A Yonas","M Atherton"
"931","A Yonas","H Amiri"
"932","A Yonas","J Zhuang"
"933","A Yonas","X Hu"
"934","A Yonas","S He"
"935","B Farell","L Zhao"
"936","N Hill","A Zalevski"
"937","G Henning","A Zalevski"
"938","G Henning","N Hill"
"939","S Pardhan","A Whitaker"
"940","P Mamassian","J Wallace"
"941","S Stevenson","F Visco"
"949","K Uchikawa","M Yanagisawa"
"950","B Farell","S Li"
"951","A Dobbins","H Lee"
"952","S Shioiri","S Lee"
"953","H Yaguchi","S Lee"
"955","B Sweet","M Kaiser"
"956","S Grossberg","P Howe"
"957","M Banks","J Hillis"
"958","M Landy","J Hillis"
"959","M Landy","M Banks"
"960","M Banks","T Ghose"
"961","J Hillis","T Ghose"
"963","G Sperling","J Ding"
"964","L Stelmach","A Buckthought"
"965","L Stone","K Brooks"
"966","K Elliot","M Bradshaw"
"967","G Luffman","M Bradshaw"
"968","G Luffman","K Elliot"
"969","D Owens","J Wood"
"970","M Woolf","J Wood"
"971","M Woolf","D Owens"
"972","J Owens","J Wood"
"973","J Owens","D Owens"
"974","J Owens","M Woolf"
"975","M Giese","L Vaina"
"976","T Shipley","T Shipley"
"977","J Pinto","M Shiffrar"
"978","K Parke","J Pinto"
"980","M Shiffrar","K Parke"
"981","F Pollick","H Paterson"
"982","A Ude","H Paterson"
"983","A Ude","F Pollick"
"984","T Sato","K Fujimoto"
"985","J Pinto","A Jacobs"
"986","M Shiffrar","A Jacobs"
"988","M Cowan","E Hiris"
"989","B Fisher","J Harrison"
"990","K Booth","J Harrison"
"991","K Booth","B Fisher"
"992","R Blake","E Grossman"
"993","T Shipley","L Cohen"
"994","J Pinto","L Cohen"
"995","J Pinto","T Shipley"
"996","A Ahumada","J Xing"
"997","M Eckstein","S Shimozaki"
"998","C Abbey","S Shimozaki"
"999","C Abbey","M Eckstein"
"1000","G Andersen","C Sauer"
"1001","A Saidpour","C Sauer"
"1002","A Saidpour","G Andersen"
"1003","A Chouchourelou","P Santiago"
"1004","A Jacobs","P Santiago"
"1005","A Jacobs","A Chouchourelou"
"1006","K Danatzko","P Santiago"
"1007","K Danatzko","A Chouchourelou"
"1008","K Danatzko","A Jacobs"
"1009","R Dagan","P Santiago"
"1010","R Dagan","A Chouchourelou"
"1011","R Dagan","A Jacobs"
"1012","R Dagan","K Danatzko"
"1013","L Cohen","P Santiago"
"1014","L Cohen","A Chouchourelou"
"1015","L Cohen","A Jacobs"
"1016","L Cohen","K Danatzko"
"1017","L Cohen","R Dagan"
"1018","M Shiffrar","P Santiago"
"1019","M Shiffrar","A Chouchourelou"
"1021","M Shiffrar","K Danatzko"
"1022","M Shiffrar","R Dagan"
"1023","M Shiffrar","L Cohen"
"1025","P DeLucia","P DeLucia"
"1026","J Pinto","K Danatzko"
"1029","M Bradshaw","T Clarke"
"1030","S Hampson","T Clarke"
"1031","S Hampson","M Bradshaw"
"1033","N Rubin","D Stanley"
"1034","W Ehrenstein","L Spillmann"
"1035","B Pinna","L Spillmann"
"1036","B Pinna","W Ehrenstein"
"1037","S Shimojo","Y Kamitani"
"1038","P Kellman","S Guttman"
"1039","P Kellman","P Garrigan"
"1043","M Bross","N Chung"
"1044","S Palmer","L Barghout"
"1045","C Tyler","L Barghout"
"1046","C Tyler","S Palmer"
"1047","H Petsche","J Bhattacharya"
"1048","S Shimojo","J Bhattacharya"
"1049","S Shimojo","H Petsche"
"1050","A Gilchrist","S Zdravkovic"
"1051","B Khang","R Robilotto"
"1052","Q Zaidi","R Robilotto"
"1054","Y Tadmor","J Mcdonald"
"1055","D Zavagno","H Lu"
"1056","Z Liu","H Lu"
"1057","Z Liu","D Zavagno"
"1058","E Colombo","L Issolio"
"1059","A Derrington","L Issolio"
"1060","A Derrington","E Colombo"
"1061","D Purves","F Long"
"1062","L Wilcox","P Duke"
"1063","K Bronson-Castain","S Chien"
"1064","F Bonato","J Cataliotti"
"1065","M Hawken","T Yoshizawa"
"1066","P Bex","R Watson"
"1067","D DiLenardo","M Grünau"
"1068","D Alais","F Verstraten"
"1069","D Burr","F Verstraten"
"1070","D Burr","D Alais"
"1071","Q Zaidi","S Tsujimura"
"1072","Q Vuong","I Thornton"
"1074","K Valois","T Takeuchi"
"1075","N Takahashi","N Takahashi"
"1076","M Smagt","G Stoner"
"1077","E Kavanagh","R Snowden"
"1078","I Murakami","Y Sasaki"
"1079","T Watanabe","Y Sasaki"
"1080","T Watanabe","I Murakami"
"1081","R Tootell","Y Sasaki"
"1082","R Tootell","I Murakami"
"1083","R Tootell","T Watanabe"
"1084","S Nishida","Y Sasaki"
"1085","S Nishida","I Murakami"
"1086","S Nishida","T Watanabe"
"1087","S Nishida","R Tootell"
"1088","S Wuerger","A Ruppertsberg"
"1089","M Bertamini","A Ruppertsberg"
"1090","M Bertamini","S Wuerger"
"1092","S Pas","C Paffen"
"1093","R Kanai","C Paffen"
"1094","R Kanai","S Pas"
"1095","F Verstraten","C Paffen"
"1096","F Verstraten","S Pas"
"1097","F Verstraten","R Kanai"
"1098","T Sato","S Ohtsuka"
"1099","S Nishida","S Nishida"
"1100","H Hock","D Nichols"
"1101","D Knill","J Najemnik"
"1102","J Saunders","J Najemnik"
"1103","J Saunders","D Knill"
"1104","N Matthews","N Matthews"
"1105","T Sato","K Maruya"
"1107","S Yeh","J Li"
"1108","D Hung","J Li"
"1109","D Hung","S Yeh"
"1110","T Sato","T Kubodera"
"1112","L Gilroy","H Hock"
"1113","P Hibbard","P Hibbard"
"1114","V Tuck","J Harris"
"1115","J Wilmer","J Wilmer"
"1116","M Banks","S Gepshtein"
"1117","C Levitan","S Gepshtein"
"1118","C Levitan","M Banks"
"1120","T Macuda","F Qiu"
"1121","R Heydt","F Qiu"
"1122","R Heydt","T Macuda"
"1125","D Matza-Brown","B Backus"
"1127","X Zabulis","D Matza-Brown"
"1128","S Thompson","L Shams"
"1129","S Shimojo","L Shams"
"1130","S Shimojo","S Thompson"
"1131","J Allman","L Shams"
"1132","J Allman","S Thompson"
"1133","J Allman","S Shimojo"
"1134","M Tarr","Y Cheng"
"1136","M Peterson","D Lampignano"
"1137","P Lipson","K Thoresz"
"1138","P Sinha","K Thoresz"
"1139","P Sinha","P Lipson"
"1140","E Aminoff","M Bar"
"1141","J Lappin","D Tadin"
"1142","R Born","C Pack"
"1143","E Simoncelli","N Rust"
"1144","J Movshon","N Rust"
"1145","J Movshon","E Simoncelli"
"1146","M Mazurek","J Ditterich"
"1147","M Shadlen","J Ditterich"
"1148","M Shadlen","M Mazurek"
"1149","M Smith","N Majaj"
"1150","A Kohn","N Majaj"
"1151","A Kohn","M Smith"
"1152","W Bair","N Majaj"
"1153","W Bair","M Smith"
"1154","W Bair","A Kohn"
"1155","J Movshon","N Majaj"
"1157","J Movshon","A Kohn"
"1158","J Movshon","W Bair"
"1159","D Zaksas","T Pasternak"
"1161","N Beem","B Fajen"
"1162","W Warren","B Fajen"
"1163","W Warren","N Beem"
"1164","W Warren","P Foo"
"1165","M Tarr","P Foo"
"1166","M Tarr","W Warren"
"1168","R Abdul-Salaam","R Wang"
"1169","R Abdul-Salaam","J Brockmole"
"1170","M Heyde","B Riecke"
"1171","H Bülthoff","B Riecke"
"1172","H Bülthoff","M Heyde"
"1173","L Thompson","C Ellard"
"1174","J Kaas","D Lyon"
"1175","S Kalik","A Hudson"
"1176","J Victor","A Hudson"
"1177","J Victor","S Kalik"
"1178","N Schiff","A Hudson"
"1179","N Schiff","S Kalik"
"1180","N Schiff","J Victor"
"1181","K Purpura","A Hudson"
"1182","K Purpura","S Kalik"
"1183","K Purpura","J Victor"
"1184","K Purpura","N Schiff"
"1186","L Franco","N Aggelopoulos"
"1187","L Franco","E Rolls"
"1188","X Troncoso","S Martinez-Conde"
"1189","S Macknik","S Martinez-Conde"
"1190","S Macknik","X Troncoso"
"1191","D Heeger","D Ress"
"1192","B Bjornson","D Giaschi"
"1193","J Jan","D Giaschi"
"1194","J Jan","B Bjornson"
"1195","M Tata","D Giaschi"
"1196","M Tata","B Bjornson"
"1197","M Tata","J Jan"
"1198","S Young","D Giaschi"
"1199","S Young","B Bjornson"
"1200","S Young","J Jan"
"1201","S Young","M Tata"
"1202","C Lyons","D Giaschi"
"1203","C Lyons","B Bjornson"
"1204","C Lyons","J Jan"
"1205","C Lyons","M Tata"
"1206","C Lyons","S Young"
"1207","W Good","D Giaschi"
"1208","W Good","B Bjornson"
"1209","W Good","J Jan"
"1210","W Good","M Tata"
"1211","W Good","S Young"
"1212","W Good","C Lyons"
"1213","P Wong","D Giaschi"
"1214","P Wong","B Bjornson"
"1215","P Wong","J Jan"
"1216","P Wong","M Tata"
"1217","P Wong","S Young"
"1218","P Wong","C Lyons"
"1219","P Wong","W Good"
"1220","M Kearns","F Durgin"
"1221","W Warren","P Fink"
"1223","W Warren","M Kearns"
"1224","W Warren","F Durgin"
"1225","R Wilkie","J Wann"
"1226","E Brenner","A Brouwer"
"1227","J Smeets","A Brouwer"
"1228","J Smeets","E Brenner"
"1229","T Sugar","M McBeath"
"1230","S Morgan","M McBeath"
"1231","S Morgan","T Sugar"
"1232","C Oberle","M McBeath"
"1233","C Oberle","T Sugar"
"1234","C Oberle","S Morgan"
"1235","K Mundhra","M McBeath"
"1236","K Mundhra","T Sugar"
"1237","K Mundhra","S Morgan"
"1238","K Mundhra","C Oberle"
"1239","A Suluh","M McBeath"
"1240","A Suluh","T Sugar"
"1241","A Suluh","S Morgan"
"1242","A Suluh","C Oberle"
"1243","A Suluh","K Mundhra"
"1244","K Watanabe","K Watanabe"
"1245","J Solomon","J Solomon"
"1246","S Yantis","S Shomstein"
"1247","F Schmitz","K Shapiro"
"1248","S Martens","K Shapiro"
"1249","S Martens","F Schmitz"
"1250","K Mueller","K Shapiro"
"1251","K Mueller","F Schmitz"
"1252","K Mueller","S Martens"
"1253","D Loach","K Shapiro"
"1254","D Loach","F Schmitz"
"1255","D Loach","S Martens"
"1256","D Loach","K Mueller"
"1257","E Akyürek","K Shapiro"
"1258","E Akyürek","F Schmitz"
"1259","E Akyürek","S Martens"
"1260","E Akyürek","K Mueller"
"1261","E Akyürek","D Loach"
"1262","B Hommel","K Shapiro"
"1263","B Hommel","F Schmitz"
"1264","B Hommel","S Martens"
"1265","B Hommel","K Mueller"
"1266","B Hommel","D Loach"
"1267","B Hommel","E Akyürek"
"1268","A Schnitzler","K Shapiro"
"1269","A Schnitzler","F Schmitz"
"1270","A Schnitzler","S Martens"
"1271","A Schnitzler","K Mueller"
"1272","A Schnitzler","D Loach"
"1273","A Schnitzler","E Akyürek"
"1274","A Schnitzler","B Hommel"
"1275","D Bavelier","K Schneider"
"1276","R VanRullen","L Reddy"
"1277","C Koch","L Reddy"
"1279","R Siegel","M Raffi"
"1280","H Egeth","M Proulx"
"1281","Y Osada","T Murakoshi"
"1282","G Alvarez","S Most"
"1283","V Denti","C Morrone"
"1284","D Spinelli","C Morrone"
"1285","D Spinelli","V Denti"
"1286","S Morgan","S Morgan"
"1287","F Tong","M Meng"
"1288","Z Lu","L Lesmes"
"1289","B Dosher","L Lesmes"
"1291","M Carrasco","Y Ho"
"1292","F Loula","Y Ho"
"1294","K Yokosawa","Y Hibi"
"1295","M Behrmann","J Geng"
"1296","J Driver","E Freeman"
"1297","D Sagi","E Freeman"
"1298","D Sagi","J Driver"
"1299","K Brown","L Fournier"
"1300","R Winters","L Fournier"
"1301","R Winters","K Brown"
"1302","A Cohen","U Feintuch"
"1303","M Potter","J Davenport"
"1304","S Dakin","S Dakin"
"1305","K Yokosawa","Y Chiba"
"1306","B McElree","M Carrasco"
"1307","A Giordano","M Carrasco"
"1308","A Giordano","B McElree"
"1309","C Erkelens","R Ee"
"1310","R Blake","K Sobel"
"1311","J Hupé","N Rubin"
"1312","M Meng","N Rubin"
"1313","M Meng","J Hupé"
"1314","F Tong","N Rubin"
"1315","F Tong","J Hupé"
"1317","T Andrews","R Lotto"
"1320","T Ooi","Z He"
"1321","A Dobbins","J Grossmann"
"1322","S He","X Chen"
"1323","O Shahar","S Zucker"
"1324","L Maloney","P Warren"
"1325","M Landy","P Warren"
"1327","J Schirillo","M Berg"
"1328","M Kubovy","M Berg"
"1329","M Kubovy","J Schirillo"
"1330","S Brandt","K Spang"
"1332","M Morgan","S Brandt"
"1334","V Diehl","S Brandt"
"1336","B Terwey","K Spang"
"1337","B Terwey","S Brandt"
"1338","B Terwey","M Morgan"
"1339","B Terwey","V Diehl"
"1341","M Fahle","S Brandt"
"1344","M Fahle","B Terwey"
"1345","D Lampignano","E Grant"
"1346","J Kim","E Grant"
"1347","J Kim","D Lampignano"
"1348","M Peterson","E Grant"
"1350","M Peterson","J Kim"
"1351","W Gerbino","F Sgorbissa"
"1352","A Agrawal","J Pomerantz"
"1353","M Portillo","J Pomerantz"
"1354","M Portillo","A Agrawal"
"1355","B Frost","F Poirier"
"1356","H Egeth","M Palomares"
"1357","P Kellman","E Palmer"
"1358","E Oyama","T Maeda"
"1359","H Ando","T Maeda"
"1360","H Ando","E Oyama"
"1362","S Tachi","E Oyama"
"1363","S Tachi","H Ando"
"1364","A Giersch","J Lorenceau"
"1365","P Seriés","J Lorenceau"
"1366","P Seriés","A Giersch"
"1369","C Paffen","K Ryota"
"1370","F Verstraten","K Ryota"
"1372","G Humphreys","J Hulleman"
"1373","W Gerbino","C Fantoni"
"1374","D Stanley","R Elias"
"1375","M Carrasco","R Elias"
"1376","M Carrasco","D Stanley"
"1378","S Panis","J DeWinter"
"1379","J Wagemans","J DeWinter"
"1380","J Wagemans","S Panis"
"1381","T Padovani","K Cardinal"
"1382","D Kiper","K Cardinal"
"1383","D Kiper","T Padovani"
"1384","R Heydt","A Byrne"
"1385","J Feldman","J Feldman"
"1386","Z Kourtzi","C Altmann"
"1387","W Grodd","C Altmann"
"1389","H Bülthoff","C Altmann"
"1392","I Biederman","E Vessel"
"1393","J Elder","L Velisavljevic"
"1394","A Oliva","A Torralba"
"1395","G Humphrey","J Steeves"
"1396","J Culham","J Steeves"
"1397","J Culham","G Humphrey"
"1398","R Menon","J Steeves"
"1400","R Menon","J Culham"
"1401","M Goodale","J Steeves"
"1403","M Goodale","J Culham"
"1405","K Swartz","T Sanocki"
"1406","E Sellers","T Sanocki"
"1407","E Sellers","K Swartz"
"1408","J Enns","M Peterson"
"1409","D Hoffman","C Nilson"
"1410","J Crawford","M Niemeier"
"1411","D Tweed","M Niemeier"
"1412","D Tweed","J Crawford"
"1413","J DeFord","B Hansen"
"1414","M Sinai","B Hansen"
"1415","M Sinai","J DeFord"
"1416","E Essock","B Hansen"
"1417","E Essock","J DeFord"
"1418","E Essock","M Sinai"
"1419","G Holt","C Zhou"
"1420","B Mel","C Zhou"
"1421","B Mel","G Holt"
"1422","D Levin","M Beck"
"1423","K Britten","T Zhang"
"1424","T Freeman","J Sumnall"
"1425","R Gilmore","R Gilmore"
"1426","R Welch","R Post"
"1427","J Teague","R Post"
"1428","J Teague","R Welch"
"1429","A Scharine","J Lindholm"
"1430","S Chaudhry","J Lindholm"
"1431","S Chaudhry","A Scharine"
"1432","B Pierce","J Lindholm"
"1433","B Pierce","A Scharine"
"1434","B Pierce","S Chaudhry"
"1435","R Allison","P Jaekl"
"1436","L Harris","P Jaekl"
"1437","L Harris","R Allison"
"1438","H Jenkin","P Jaekl"
"1439","H Jenkin","R Allison"
"1440","H Jenkin","L Harris"
"1441","M Jenkin","P Jaekl"
"1442","M Jenkin","R Allison"
"1443","M Jenkin","L Harris"
"1444","M Jenkin","H Jenkin"
"1445","J Zacher","P Jaekl"
"1446","J Zacher","R Allison"
"1447","J Zacher","L Harris"
"1448","J Zacher","H Jenkin"
"1449","J Zacher","M Jenkin"
"1450","D Zikovitz","P Jaekl"
"1451","D Zikovitz","R Allison"
"1452","D Zikovitz","L Harris"
"1453","D Zikovitz","H Jenkin"
"1454","D Zikovitz","M Jenkin"
"1455","D Zikovitz","J Zacher"
"1477","K Kludt","B Dyre"
"1478","L Fournier","B Dyre"
"1479","L Fournier","K Kludt"
"1480","K Persaud","J Cronly-Dillon"
"1481","R Gregory","J Cronly-Dillon"
"1482","R Gregory","K Persaud"
"1483","C Christou","J Cronly-Dillon"
"1484","C Christou","K Persaud"
"1485","C Christou","R Gregory"
"1486","Z He","J Wu"
"1487","T Ooi","J Wu"
"1489","Z He","B Wu"
"1490","T Ooi","B Wu"
"1492","F Phillips","M Voshell"
"1493","W Readinger","W Readinger"
"1494","D O'Connor","M Potter"
"1495","A Oliva","M Potter"
"1496","A Oliva","D O'Connor"
"1498","N Ribeiro-Filho","E Matsushima"
"1499","B Gomes","E Matsushima"
"1500","B Gomes","N Ribeiro-Filho"
"1501","J Silva","E Matsushima"
"1502","J Silva","N Ribeiro-Filho"
"1503","J Silva","B Gomes"
"1504","L Matin","W Li"
"1505","J Kawahara","J Kawahara"
"1506","F James","C Gottesman"
"1507","S Mason","N Giudice"
"1508","G Legge","N Giudice"
"1509","G Legge","S Mason"
"1510","C Roumes","G Giraudet"
"1511","C Fox","C Fox"
"1512","R Rensink","L Vandenbeld"
"1513","A Nagy","R Rosenholtz"
"1514","N Bell","R Rosenholtz"
"1515","N Bell","A Nagy"
"1516","Y Petrov","A Popple"
"1517","E Põder","E Põder"
"1518","M Grünau","A Panagopoulos"
"1519","Z Li","Z Li"
"1520","S Quessy","D Lee"
"1521","A Leber","D Lamy"
"1522","H Egeth","D Lamy"
"1523","H Egeth","A Leber"
"1524","S Miyauchi","T Imaruoka"
"1525","N Vasan","M Hyle"
"1526","S Butcher","M Hyle"
"1527","S Butcher","N Vasan"
"1528","J Wolfe","M Hyle"
"1529","J Wolfe","N Vasan"
"1530","J Wolfe","S Butcher"
"1531","G Cole","A Gellatly"
"1532","H Spekreijse","R Houtkamp"
"1533","P Roelfsema","R Houtkamp"
"1534","P Roelfsema","H Spekreijse"
"1535","S Suzuki","B Goolsby"
"1536","M Carrasco","K Frieder"
"1537","G Zelinsky","C Dickinson"
"1538","R Michel","E Davis"
"1539","T Shikano","E Davis"
"1540","T Shikano","R Michel"
"1541","K Sathian","E Davis"
"1542","K Sathian","R Michel"
"1543","K Sathian","T Shikano"
"1544","G Patel","E Davis"
"1545","G Patel","R Michel"
"1546","G Patel","T Shikano"
"1547","G Patel","K Sathian"
"1549","A Oliva","S Butcher"
"1552","M Eckstein","B Beutter"
"1553","L Stone","B Beutter"
"1554","L Stone","M Eckstein"
"1555","J Krauskopf","J Krauskopf"
"1556","S Rotter","T Wachtler"
"1557","R Hertel","T Wachtler"
"1558","R Hertel","S Rotter"
"1559","M Becker","D Beer"
"1560","S Anstis","D Beer"
"1561","S Anstis","M Becker"
"1562","D MacLeod","D Beer"
"1563","D MacLeod","M Becker"
"1564","D MacLeod","S Anstis"
"1565","L Sharpe","A Werner"
"1566","Y Emori","K Uchikawa"
"1567","T Toyooka","K Uchikawa"
"1568","T Toyooka","Y Emori"
"1569","K Yokoi","K Uchikawa"
"1570","K Yokoi","Y Emori"
"1571","K Yokoi","T Toyooka"
"1572","A Wade","A Brewer"
"1573","B Wandell","A Brewer"
"1574","B Wandell","A Wade"
"1576","D Kersten","B Hartung"
"1577","S Maloney","D Brainard"
"1580","S Hersh","L Maloney"
"1581","S Hersh","H Boyaci"
"1583","A Johnston","B Spehar"
"1584","A Johnston","C Clifford"
"1587","J","T Watanabe"
"1588","J","Y Sasaki"
"1590","S Koyama","Y Sasaki"
"1591","S Koyama","J"
"1592","I Mukai","T Watanabe"
"1593","I Mukai","Y Sasaki"
"1594","I Mukai","J"
"1595","I Mukai","S Koyama"
"1596","H Hibino","T Watanabe"
"1597","H Hibino","Y Sasaki"
"1598","H Hibino","J"
"1599","H Hibino","S Koyama"
"1600","H Hibino","I Mukai"
"1603","R Tootell","J"
"1604","R Tootell","S Koyama"
"1605","R Tootell","I Mukai"
"1606","R Tootell","H Hibino"
"1607","R Aslin","J Fiser"
"1608","P Bennett","J Gold"
"1609","A Sekuler","J Gold"
"1614","R Jacobs","I Fine"
"1615","J Marotta","M Behrmann"
"1616","M Harel","M Behrmann"
"1617","M Harel","J Marotta"
"1618","U Hasson","M Behrmann"
"1619","U Hasson","J Marotta"
"1620","U Hasson","M Harel"
"1621","M Moscovitch","J Rivest"
"1622","A Bilson","D Kaping"
"1623","M Webster","D Kaping"
"1624","M Webster","A Bilson"
"1625","F Gosselin","C O'Donnell"
"1626","P Schyns","C O'Donnell"
"1628","F Wilkinson","H Wilson"
"1629","G Loffler","H Wilson"
"1630","G Loffler","F Wilkinson"
"1631","E McKone","E McKone"
"1632","N Sprague","D Ballard"
"1633","M Morrone","A Ma-Wyatt"
"1634","J Ross","A Ma-Wyatt"
"1635","J Ross","M Morrone"
"1636","C Scheier","C Simion"
"1637","E Shimojo","C Simion"
"1638","E Shimojo","C Scheier"
"1639","S Shimojo","C Simion"
"1640","S Shimojo","C Scheier"
"1641","S Shimojo","E Shimojo"
"1642","G McConkie","S Yang"
"1643","M Cherkasova","J Edelman"
"1644","K Nakayama","J Edelman"
"1645","K Nakayama","M Cherkasova"
"1646","E Keller","R McPeek"
"1647","J Mulligan","J Mulligan"
"1648","U Ilg","A Lindner"
"1649","Y Kim","S Heinen"
"1651","S Everling","J DeSouza"
"1652","C Bockisch","J Miller"
"1653","N Kurukulasuriya","D Godwin"
"1654","W Carden","D Godwin"
"1655","W Carden","N Kurukulasuriya"
"1656","J Mu","D Godwin"
"1657","J Mu","N Kurukulasuriya"
"1658","J Mu","W Carden"
"1659","A Morland","M Hoffmann"
"1660","A Moore","M Hoffmann"
"1661","A Moore","A Morland"
"1662","D Tolhurst","M Hoffmann"
"1663","D Tolhurst","A Morland"
"1664","D Tolhurst","A Moore"
"1671","B Ramsden","C Hung"
"1672","A Roe","C Hung"
"1673","A Roe","B Ramsden"
"1674","A Williams","A Smith"
"1675","K Singh","A Smith"
"1676","K Singh","A Williams"
"1677","B Borghuis","J Lappin"
"1679","D Tadin","B Borghuis"
"1680","M Lankheet","J Lappin"
"1682","M Lankheet","D Tadin"
"1683","W Grind","J Lappin"
"1684","W Grind","B Borghuis"
"1685","W Grind","D Tadin"
"1686","W Grind","M Lankheet"
"1687","T Adamjee","P Sumner"
"1688","J Mollon","P Sumner"
"1689","J Mollon","T Adamjee"
"1690","S Slotnick","T Liu"
"1691","S Yantis","T Liu"
"1692","S Yantis","S Slotnick"
"1693","G Buracas","M Saenz"
"1694","G Boynton","M Saenz"
"1695","G Boynton","G Buracas"
"1696","E Niebur","D Parkhurst"
"1697","D Simons","S Franconeri"
"1698","L Levy","Y Yeshurun"
"1699","G Marom","Y Yeshurun"
"1700","G Marom","L Levy"
"1701","C Clifford","T Watson"
"1702","T Susi","J Schirillo"
"1703","J Burdette","J Schirillo"
"1704","J Burdette","T Susi"
"1705","P Laurienti","J Schirillo"
"1706","P Laurienti","T Susi"
"1707","P Laurienti","J Burdette"
"1708","H Sprunger","M Anes"
"1709","M Heilala","M Anes"
"1710","M Heilala","H Sprunger"
"1711","K Paller","G Yovel"
"1712","J Levy","G Yovel"
"1713","J Levy","K Paller"
"1714","P Sinha","A Yip"
"1715","F Gosselin","C Vinette"
"1717","K Doerschner","M Tarr"
"1718","K Doerschner","B Rossion"
"1719","R Näsänen","T Tanskanen"
"1720","T Montez","T Tanskanen"
"1721","T Montez","R Näsänen"
"1722","J Päällysaho","T Tanskanen"
"1723","J Päällysaho","R Näsänen"
"1724","J Päällysaho","T Montez"
"1725","R Hari","T Tanskanen"
"1726","R Hari","R Näsänen"
"1727","R Hari","T Montez"
"1728","R Hari","J Päällysaho"
"1729","G Lannen","S Snow"
"1730","A O'Toole","S Snow"
"1731","A O'Toole","G Lannen"
"1732","H Abdi","S Snow"
"1733","H Abdi","G Lannen"
"1734","H Abdi","A O'Toole"
"1735","A Torralba","P Sinha"
"1736","S Collishaw","A Schwaninger"
"1737","J Lobmaier","A Schwaninger"
"1738","J Lobmaier","S Collishaw"
"1739","Y Nagasaka","Y Osada"
"1740","D Roark","A O'Toole"
"1742","H Abdi","D Roark"
"1743","J Murray","J Murray"
"1744","P McMullen","P McMullen"
"1745","H Wilson","K Matsumiya"
"1746","N Majaj","M Martelli"
"1747","D Pelli","M Martelli"
"1748","D Pelli","N Majaj"
"1749","I Biederman","M Mangini"
"1750","H Seetzen","C Hong"
"1751","A Burton","C Hong"
"1752","A Burton","H Seetzen"
"1753","A Chaudhuri","C Hong"
"1754","A Chaudhuri","H Seetzen"
"1755","A Chaudhuri","A Burton"
"1756","A Harris","J Liu"
"1757","N Kanwisher","J Liu"
"1758","N Kanwisher","A Harris"
"1759","I Thornton","B Knappmeyer"
"1760","N Etcoff","B Knappmeyer"
"1761","N Etcoff","I Thornton"
"1762","H Bülthoff","B Knappmeyer"
"1763","H Bülthoff","I Thornton"
"1764","H Bülthoff","N Etcoff"
"1765","M Chun","T Kelley"
"1766","L Robertson","A Hsu"
"1767","R Ivry","A Hsu"
"1768","R Ivry","L Robertson"
"1769","B Jemel","V Goffaux"
"1770","C Jacques","V Goffaux"
"1771","C Jacques","B Jemel"
"1772","P Schyns","V Goffaux"
"1773","P Schyns","B Jemel"
"1774","P Schyns","C Jacques"
"1775","J Tanaka","I Gauthier"
"1776","S He","F Fang"
"1777","G Pourtois","B Gelder"
"1778","L Maloney","M Dal"
"1779","I Bülthoff","I Bülthoff"
"1783","P Bennett","L Betts"
"1784","A Sekuler","L Betts"
"1787","L Bono","T Papathomas"
"1788","B Wu","G Yarbrough"
"1789","J Wu","G Yarbrough"
"1790","J Wu","B Wu"
"1791","Z He","G Yarbrough"
"1794","T Leng","G Yarbrough"
"1795","T Leng","B Wu"
"1796","T Leng","J Wu"
"1797","T Leng","Z He"
"1799","J Wann","M Tofield"
"1800","A Pelah","A Thurrell"
"1801","J Campos","H Sun"
"1802","K Strode","H Sun"
"1803","K Strode","J Campos"
"1804","N Jones","H Sun"
"1805","N Jones","J Campos"
"1806","N Jones","K Strode"
"1808","M Berry","A Pelah"
"1809","M Berry","A Thurrell"
"1810","J Wood","D Alfred"
"1811","T Carberry","D Alfred"
"1812","T Carberry","J Wood"
"1813","R Lehman","J Owens"
"1814","T Yoshino","M Kitazaki"
"1815","G Legge","C Kallie"
"1816","P Schrater","C Kallie"
"1817","P Schrater","G Legge"
"1818","P Jonathon","M Jacobs"
"1819","W Warren","M Harrison"
"1820","M Tarr","M Harrison"
"1822","F Durgin","L Fox"
"1823","M Lappe","H Frenz"
"1824","H Buelthoff","A Chatziastros"
"1825","K Maruya","M Harasawa"
"1826","T Sato","M Harasawa"
"1828","J Faubert","C Habak"
"1829","W Adams","E Graf"
"1831","M Lages","W Adams"
"1835","P Mamassian","R Goutcher"
"1837","W Simpson","H Falkenberg"
"1838","V Manahilov","H Falkenberg"
"1846","A Johnston","S Durant"
"1847","F Domini","M Luca"
"1848","C Caudek","M Luca"
"1849","C Caudek","F Domini"
"1850","M Grünau","A Vecchio"
"1851","J Dannemiller","J Dannemiller"
"1852","W Curran","W Curran"
"1853","A Cobo-Lewis","A Cobo-Lewis"
"1855","D Alais","L Bowns"
"1857","S Dakin","P Bex"
"1858","S Dakin","A Simmers"
"1859","C Benton","C Benton"
"1861","H Neumann","P Bayerl"
"1862","N Grzywacz","J Barraza"
"1863","T Takeda","K Amano"
"1864","B Rogers","R Allison"
"1865","M Bradshaw","R Allison"
"1866","M Bradshaw","B Rogers"
"1867","A Mack","Z Pappas"
"1868","M Hofbauer","S Wuerger"
"1869","G Meyer","S Wuerger"
"1870","G Meyer","M Hofbauer"
"1871","M Banks","M Sibigtroth"
"1872","P MacNeilage","M Sibigtroth"
"1873","P MacNeilage","M Banks"
"1874","S Shimojo","B Sheth"
"1875","T Kayahara","T Sato"
"1877","C Oberle","C Oberle"
"1878","Y Osada","M Kobayashi"
"1879","M Banks","A Girshick"
"1880","M Ernst","A Girshick"
"1882","R Cooper","A Girshick"
"1883","R Cooper","M Banks"
"1884","R Cooper","M Ernst"
"1885","R Jacobs","A Girshick"
"1886","R Jacobs","M Banks"
"1887","R Jacobs","M Ernst"
"1888","R Jacobs","R Cooper"
"1889","C Cattaneo","G Geiger"
"1890","R Galli","G Geiger"
"1891","R Galli","C Cattaneo"
"1892","U Pozzoli","G Geiger"
"1893","U Pozzoli","C Cattaneo"
"1894","U Pozzoli","R Galli"
"1895","M Lorusso","G Geiger"
"1896","M Lorusso","C Cattaneo"
"1897","M Lorusso","R Galli"
"1898","M Lorusso","U Pozzoli"
"1899","A Facoetti","G Geiger"
"1900","A Facoetti","C Cattaneo"
"1901","A Facoetti","R Galli"
"1902","A Facoetti","U Pozzoli"
"1903","A Facoetti","M Lorusso"
"1904","S Pesenti","G Geiger"
"1905","S Pesenti","C Cattaneo"
"1906","S Pesenti","R Galli"
"1907","S Pesenti","U Pozzoli"
"1908","S Pesenti","M Lorusso"
"1909","S Pesenti","A Facoetti"
"1910","M Molteni","G Geiger"
"1911","M Molteni","C Cattaneo"
"1912","M Molteni","R Galli"
"1913","M Molteni","U Pozzoli"
"1914","M Molteni","M Lorusso"
"1915","M Molteni","A Facoetti"
"1916","M Molteni","S Pesenti"
"1918","T Dobie","M Flanagan"
"1919","T Dobie","J May"
"1920","W Dunlap","M Flanagan"
"1921","W Dunlap","J May"
"1922","W Dunlap","T Dobie"
"1923","M Blancaneaux","M Flanagan"
"1924","M Blancaneaux","J May"
"1925","M Blancaneaux","T Dobie"
"1926","M Blancaneaux","W Dunlap"
"1927","H Mitsumatsu","K Yokosawa"
"1928","J Winter","J Wagemans"
"1930","S Panis","J Winter"
"1931","C Tyler","C Tyler"
"1932","T Cohn","N Toyofuku"
"1933","T Nguyen","N Toyofuku"
"1934","T Nguyen","T Cohn"
"1935","A Wong","F Tong"
"1937","M Meng","A Wong"
"1938","T McKeeff","F Tong"
"1939","T McKeeff","A Wong"
"1940","T McKeeff","M Meng"
"1941","J Brown","J Solberg"
"1942","P Sinha","R Russell"
"1943","M Peterson","R Rauschenberger"
"1944","F Mosca","R Rauschenberger"
"1945","F Mosca","M Peterson"
"1946","N Bruno","R Rauschenberger"
"1947","N Bruno","M Peterson"
"1948","N Bruno","F Mosca"
"1949","R Rauschenberger","M Schulz"
"1950","M Peterson","M Schulz"
"1952","M Young","J Peissig"
"1953","E Wasserman","J Peissig"
"1954","E Wasserman","M Young"
"1955","I Biederman","J Peissig"
"1956","I Biederman","M Young"
"1957","I Biederman","E Wasserman"
"1961","A Torralba","Y Ostrovsky"
"1962","P Sinha","Y Ostrovsky"
"1964","C Tyler","L Likova"
"1965","D Richardson","N Kirkham"
"1966","J Rosekrans","N Kirkham"
"1967","J Rosekrans","D Richardson"
"1968","R Vogels","G Kayaert"
"1969","I Biederman","G Kayaert"
"1970","I Biederman","R Vogels"
"1971","T Kumada","T Kasai"
"1972","S Johnson","S Johnson"
"1973","B Olshausen","J Johnson"
"1974","M Graf","M Graf"
"1976","P McMullen","C Collin"
"1978","P Schrater","T Carlson"
"1979","S He","T Carlson"
"1980","S He","P Schrater"
"1981","S Chung","R Behizadeh"
"1982","V Annan","E Barenholtz"
"1983","J Feldman","E Barenholtz"
"1984","J Feldman","V Annan"
"1985","C Vaitsou","E Aminoff"
"1986","D Schacter","E Aminoff"
"1987","D Schacter","C Vaitsou"
"1989","M Bar","C Vaitsou"
"1990","M Bar","D Schacter"
"1991","M Lee","D Pelli"
"1993","M Martelli","M Lee"
"1995","N Majaj","M Lee"
"1997","J Wann","A Plooy"
"1998","S Danckert","J Culham"
"2000","M Goodale","S Danckert"
"2001","J Brooks","S Palmer"
"2002","E Adelson","H Farid"
"2003","A Graf","D Cunningham"
"2004","H Bülthoff","D Cunningham"
"2005","H Bülthoff","A Graf"
"2006","C Erkelens","C Erkelens"
"2007","D Purves","C Howe"
"2011","J Malik","X Ren"
"2012","M Fahle","M Herzog"
"2013","S Suzuki","M Grabowecky"
"2014","H Farid","M Bravo"
"2018","D Kersten","M Brady"
"2019","S Rushton","S Rushton"
"2025","A Beall","J Kelly"
"2026","J Loomis","J Kelly"
"2027","J Loomis","A Beall"
"2028","M Braunstein","C Feria"
"2029","E Brenner","R Cuijpers"
"2030","J Smeets","R Cuijpers"
"2032","E Brenner","D Grave"
"2033","J Smeets","D Grave"
"2036","P Bernardis","N Bruno"
"2037","H Bülthoff","V Franz"
"2038","M Fahle","V Franz"
"2039","M Fahle","H Bülthoff"
"2040","D Westwood","D Whitney"
"2041","M Goodale","D Whitney"
"2043","G Zelinsky","G Zelinsky"
"2044","J Gallant","J Mazer"
"2045","A Rossi","N Bichot"
"2046","L Ungerleider","N Bichot"
"2047","L Ungerleider","A Rossi"
"2048","R Desimone","N Bichot"
"2049","R Desimone","A Rossi"
"2050","R Desimone","L Ungerleider"
"2051","J Schall","N Bichot"
"2052","J Schall","A Rossi"
"2053","J Schall","L Ungerleider"
"2054","J Schall","R Desimone"
"2055","P Chang","V Maljkovic"
"2056","L Cormack","U Rajashekar"
"2057","A Bovik","U Rajashekar"
"2058","A Bovik","L Cormack"
"2059","W Geisler","U Rajashekar"
"2060","W Geisler","L Cormack"
"2061","W Geisler","A Bovik"
"2062","J Wolfe","T Horowitz"
"2063","M Hyle","T Horowitz"
"2066","A Oliva","H Arsenio"
"2067","J Wolfe","H Arsenio"
"2069","M Tyler","M Spivey"
"2070","A Torralba","J Wolfe"
"2072","T Horowitz","A Torralba"
"2073","C Tseng","J Gobell"
"2074","G Sperling","J Gobell"
"2075","G Sperling","C Tseng"
"2076","D Conti","C Royden"
"2077","S Anstis","B Rogers"
"2078","I Murakami","I Murakami"
"2079","P Thompson","P Thompson"
"2080","S Tripathy","S Tripathy"
"2081","H Ito","S Anstis"
"2082","B Fatke","J Sadr"
"2083","C Massay","J Sadr"
"2084","C Massay","B Fatke"
"2085","P Sinha","J Sadr"
"2086","P Sinha","B Fatke"
"2087","P Sinha","C Massay"
"2088","Ä Innes-Ker","J Spencer-Smith"
"2089","J Townsend","J Spencer-Smith"
"2090","J Townsend","Ä Innes-Ker"
"2091","M Mangini","M Nederhouser"
"2092","I Biederman","M Nederhouser"
"2094","S Hochstein","O Elgavi-Hershler"
