"","from","to"
"1","E Niebur","D Parkhurst"
"2","F Hamker","F Hamker"
"3","A Torralba","A Oliva"
"4","M Castelhano","A Oliva"
"5","M Castelhano","A Torralba"
"6","J Henderson","A Oliva"
"7","J Henderson","A Torralba"
"8","J Henderson","M Castelhano"
"9","P Sowden","E Özgen"
"10","P Schyns","E Özgen"
"11","P Schyns","P Sowden"
"12","P Martini","V Maljkovic"
"13","I Biederman","E Vessel"
"14","M Cohen","E Vessel"
"15","M Cohen","I Biederman"
"16","Z Lu","D Dao"
"17","B Dosher","D Dao"
"18","B Dosher","Z Lu"
"19","C Tyler","L Kontsevich"
"20","P Bennett","C Taylor"
"21","A Sekuler","C Taylor"
"22","A Sekuler","P Bennett"
"23","D Levi","S Klein"
"24","B Liu","T Dijkstra"
"25","S Oomes","T Dijkstra"
"26","S Oomes","B Liu"
"27","P Sinha","B Balas"
"28","P Dassonville","B Bridgeman"
"29","J Bala","B Bridgeman"
"30","J Bala","P Dassonville"
"31","P Thiem","B Bridgeman"
"32","P Thiem","P Dassonville"
"33","P Thiem","J Bala"
"34","M McCabe","B Stankiewicz"
"35","T Kelly","B Stankiewicz"
"36","T Kelly","M McCabe"
"37","G Legge","B Stankiewicz"
"38","G Legge","M McCabe"
"39","G Legge","T Kelly"
"40","D Proffitt","J Witt"
"41","W Epstein","J Witt"
"42","W Epstein","D Proffitt"
"43","P Willemsen","S Creem-Regehr"
"44","A Gooch","S Creem-Regehr"
"45","A Gooch","P Willemsen"
"46","W Thompson","S Creem-Regehr"
"47","W Thompson","P Willemsen"
"48","W Thompson","A Gooch"
"49","M Braunstein","R Ni"
"50","G Andersen","R Ni"
"51","G Andersen","M Braunstein"
"58","J Loomis","W Thompson"
"59","J Loomis","A Gooch"
"60","J Loomis","P Willemsen"
"61","J Loomis","S Creem-Regehr"
"62","A Beall","W Thompson"
"63","A Beall","A Gooch"
"64","A Beall","P Willemsen"
"65","A Beall","S Creem-Regehr"
"66","A Beall","J Loomis"
"67","V Mante","V Bonin"
"68","M Carandini","V Bonin"
"69","M Carandini","V Mante"
"70","F Mechler","M Repucci"
"71","J Victor","M Repucci"
"72","J Victor","F Mechler"
"73","I Kagan","M Gur"
"74","S Eye","M Gur"
"75","S Eye","I Kagan"
"76","M Snodderly","M Gur"
"77","M Snodderly","I Kagan"
"78","M Snodderly","S Eye"
"79","C Anderson","M Brandon"
"80","G DeAngelis","M Brandon"
"81","G DeAngelis","C Anderson"
"82","H Spekreijse","H Supèr"
"83","V Lamme","H Supèr"
"84","V Lamme","H Spekreijse"
"85","S Solomon","J Peirce"
"86","J Forte","J Peirce"
"87","J Forte","S Solomon"
"88","J Krauskopf","J Peirce"
"89","J Krauskopf","S Solomon"
"90","J Krauskopf","J Forte"
"91","P Lennie","J Peirce"
"92","P Lennie","S Solomon"
"93","P Lennie","J Forte"
"94","P Lennie","J Krauskopf"
"95","P Cavanagh","G Alvarez"
"96","L Alston","M Wright"
"97","K Nakayama","Y Xu"
"98","M Hayhoe","J Droll"
"99","J Triesch","J Droll"
"100","J Triesch","M Hayhoe"
"101","B Sullivan","J Droll"
"102","B Sullivan","M Hayhoe"
"103","B Sullivan","J Triesch"
"104","J Henderson","D Gajewski"
"105","J Henderson","C Williams"
"106","R Zacks","C Williams"
"107","R Zacks","J Henderson"
"108","M Ernst","M Banks"
"109","F Jäkel","M Ernst"
"110","S Tanaka","L Shams"
"111","G Rees","L Shams"
"112","G Rees","S Tanaka"
"113","S Iwaki","L Shams"
"114","S Iwaki","S Tanaka"
"115","S Iwaki","G Rees"
"116","S Shimojo","L Shams"
"117","S Shimojo","S Tanaka"
"118","S Shimojo","G Rees"
"119","S Shimojo","S Iwaki"
"120","T Inui","L Shams"
"121","T Inui","S Tanaka"
"122","T Inui","G Rees"
"123","T Inui","S Iwaki"
"124","T Inui","S Shimojo"
"125","S Shimojo","W Fujisaki"
"126","M Kashino","W Fujisaki"
"127","M Kashino","S Shimojo"
"128","S Nishida","W Fujisaki"
"129","S Nishida","S Shimojo"
"130","S Nishida","M Kashino"
"131","R McNally","D Somers"
"132","J Campos","H Sun"
"133","G Chan","H Sun"
"134","G Chan","J Campos"
"135","D Zhang","H Sun"
"136","D Zhang","J Campos"
"137","D Zhang","G Chan"
"138","A Lee","H Sun"
"139","A Lee","J Campos"
"140","A Lee","G Chan"
"141","A Lee","D Zhang"
"142","G Stoner","M Fallah"
"143","J Reynolds","M Fallah"
"144","J Reynolds","G Stoner"
"145","I Samengo","G Mirabella"
"146","G Bertini","G Mirabella"
"147","G Bertini","I Samengo"
"148","B Kilavik","G Mirabella"
"149","B Kilavik","I Samengo"
"150","B Kilavik","G Bertini"
"151","D Frilli","G Mirabella"
"152","D Frilli","I Samengo"
"153","D Frilli","G Bertini"
"154","D Frilli","B Kilavik"
"155","A Fanini","G Mirabella"
"156","A Fanini","I Samengo"
"157","A Fanini","G Bertini"
"158","A Fanini","B Kilavik"
"159","A Fanini","D Frilli"
"160","L Chelazzi","G Mirabella"
"161","L Chelazzi","I Samengo"
"162","L Chelazzi","G Bertini"
"163","L Chelazzi","B Kilavik"
"164","L Chelazzi","D Frilli"
"165","L Chelazzi","A Fanini"
"166","J Gottlieb","J Gottlieb"
"167","E Vogel","S Luck"
"168","G Woodman","S Luck"
"169","G Woodman","E Vogel"
"170","J Hyun","S Luck"
"171","J Hyun","E Vogel"
"172","J Hyun","G Woodman"
"173","P Smith","D Burr"
"174","C Morrone","D Burr"
"175","C Morrone","P Smith"
"176","S Baldassi","D Burr"
"177","S Baldassi","P Smith"
"178","S Baldassi","C Morrone"
"179","I Bodis-Wollner","I Vallines"
"180","J Oezyurt","I Vallines"
"181","J Oezyurt","I Bodis-Wollner"
"182","R Rutschmann","I Vallines"
"183","R Rutschmann","I Bodis-Wollner"
"184","R Rutschmann","J Oezyurt"
"185","M Greenlee","I Vallines"
"186","M Greenlee","I Bodis-Wollner"
"187","M Greenlee","J Oezyurt"
"188","M Greenlee","R Rutschmann"
"189","D Martin","C Fowlkes"
"190","J Malik","C Fowlkes"
"191","J Malik","D Martin"
"192","D Dong","M Dastjerdi"
"193","G Simpson","D Dong"
"194","T Weyand","D Dong"
"195","T Weyand","G Simpson"
"196","U Nuding","C Zetzsche"
"197","K Ugurbil","C Olman"
"198","D Kersten","C Olman"
"199","D Kersten","K Ugurbil"
"200","E Adelson","E Adelson"
"201","R Jacobs","R Aslin"
"202","P Battaglia","R Aslin"
"203","P Battaglia","R Jacobs"
"204","K Sobel","R Blake"
"205","R Blake","S Lee"
"206","D Heeger","S Lee"
"207","D Heeger","R Blake"
"208","H Wilson","H Wilson"
"209","J Gao","K White"
"210","Y Zhou","K White"
"211","Y Zhou","J Gao"
"212","M Grabowecky","Y Kim"
"213","S Suzuki","Y Kim"
"214","S Suzuki","M Grabowecky"
"215","K Bronson-Castain","S Chien"
"216","I Zemach","M Rudd"
"217","A Wade","F Cornelissen"
"218","R Dougherty","F Cornelissen"
"219","R Dougherty","A Wade"
"220","B Wandell","F Cornelissen"
"221","B Wandell","A Wade"
"222","B Wandell","R Dougherty"
"223","J Winawer","B Anderson"
"224","D Kersten","B Hartung"
"225","C Chubb","M Landy"
"226","J Econopouly","M Landy"
"227","J Econopouly","C Chubb"
"228","J Read","B Cumming"
"229","I Fujita","S Tanabe"
"230","B Farell","S McKee"
"231","P Verghese","S McKee"
"232","P Verghese","B Farell"
"233","A Parker","A Foulkes"
"234","A Glennerster","Y Petrov"
"235","K Akeley","S Watt"
"236","M Banks","S Watt"
"237","M Banks","K Akeley"
"239","J Perry","W Geisler"
"240","J Najemnik","W Geisler"
"241","J Najemnik","J Perry"
"242","B Beutter","A Caspi"
"243","M Eckstein","A Caspi"
"244","M Eckstein","B Beutter"
"245","I Gilchrist","C Körner"
"246","E Kowler","T Gersch"
"247","B Dosher","T Gersch"
"248","B Dosher","E Kowler"
"249","E Loon","J Beintema"
"250","I Hooge","J Beintema"
"251","I Hooge","E Loon"
"252","A Berg","J Beintema"
"253","A Berg","E Loon"
"254","A Berg","I Hooge"
"255","A Torralba","R Fleming"
"256","R Dror","R Fleming"
"257","R Dror","A Torralba"
"258","E Adelson","R Fleming"
"259","E Adelson","A Torralba"
"260","E Adelson","R Dror"
"261","F Li","S Savarese"
"262","P Perona","S Savarese"
"263","P Perona","F Li"
"264","J Koenderink","H Nefs"
"265","A Kappers","H Nefs"
"266","A Kappers","J Koenderink"
"267","A Hurlbert","Y Ling"
"268","B Rogers","B Rogers"
"269","P Grove","B Gillam"
"270","F Domini","Q Vuong"
"271","C Caudek","Q Vuong"
"272","C Caudek","F Domini"
"273","J Hillis","T Ghose"
"274","S Watt","T Ghose"
"275","S Watt","J Hillis"
"276","M Landy","T Ghose"
"277","M Landy","J Hillis"
"278","M Landy","S Watt"
"279","M Banks","T Ghose"
"280","M Banks","J Hillis"
"282","M Banks","M Landy"
"283","C Kim","E Grossman"
"284","R Blake","E Grossman"
"285","R Blake","C Kim"
"286","P Cavanagh","L Battelli"
"287","I Thornton","L Battelli"
"288","I Thornton","P Cavanagh"
"289","I Thornton","M Giese"
"290","S Edelman","M Giese"
"291","S Edelman","I Thornton"
"292","Z Kourtzi","J Jastorff"
"293","M Giese","J Jastorff"
"294","M Giese","Z Kourtzi"
"295","M Giese","A Casile"
"296","N Troje","N Troje"
"297","N Troje","D Jokisch"
"298","T Kress","D Jokisch"
"299","T Kress","N Troje"
"300","I Daum","D Jokisch"
"301","I Daum","N Troje"
"302","I Daum","T Kress"
"303","M Shiffrar","A Jacobs"
"304","C Collin","I Boutet"
"305","J Faubert","I Boutet"
"306","J Faubert","C Collin"
"307","P Sinha","Y Ostrovsky"
"308","K Nakayama","K Nakayama"
"309","J Tanaka","I Gauthier"
"310","D Brown","I Gauthier"
"311","D Brown","J Tanaka"
"312","M Mangini","M Nederhouser"
"313","K Okada","M Nederhouser"
"314","K Okada","M Mangini"
"315","C Jacques","V Goffaux"
"316","A Mouraux","V Goffaux"
"317","A Mouraux","C Jacques"
"318","F Gosselin","V Goffaux"
"319","F Gosselin","C Jacques"
"320","F Gosselin","A Mouraux"
"321","P Schyns","V Goffaux"
"322","P Schyns","C Jacques"
"323","P Schyns","A Mouraux"
"324","P Schyns","F Gosselin"
"325","P Dean","J Harris"
"326","G DeAngelis","T Uka"
"327","N Qian","L Delicato"
"328","L Likova","C Tyler"
"329","A Wade","C Tyler"
"330","A Wade","L Likova"
"331","J Zeil","J Zanker"
"332","L Picone","C Royden"
"333","D Cox","E Meyers"
"334","P Sinha","E Meyers"
"335","P Sinha","D Cox"
"336","Y Goshen-Gottstein","T Ganel"
"337","M Goodale","T Ganel"
"338","M Goodale","Y Goshen-Gottstein"
"339","E Butterworth","B Duchaine"
"340","K Nakayama","B Duchaine"
"341","K Nakayama","E Butterworth"
"342","P Sinha","P Sinha"
"343","A Gilchrist","E McKone"
"344","D Kaping","M Ng"
"345","M Webster","M Ng"
"346","M Webster","D Kaping"
"347","S Anstis","M Ng"
"348","S Anstis","D Kaping"
"349","S Anstis","M Webster"
"350","I Fine","M Ng"
"351","I Fine","D Kaping"
"352","I Fine","M Webster"
"353","I Fine","S Anstis"
"354","J Boyd","X Xu"
"355","M Gallucci","X Xu"
"356","M Gallucci","J Boyd"
"357","A Thomas","X Xu"
"358","A Thomas","J Boyd"
"359","A Thomas","M Gallucci"
"360","E Emeric","X Xu"
"361","E Emeric","J Boyd"
"362","E Emeric","M Gallucci"
"363","E Emeric","A Thomas"
"364","B Barahimi","X Xu"
"365","B Barahimi","J Boyd"
"366","B Barahimi","M Gallucci"
"367","B Barahimi","A Thomas"
"368","B Barahimi","E Emeric"
"369","J Stefansic","X Xu"
"370","J Stefansic","J Boyd"
"371","J Stefansic","M Gallucci"
"372","J Stefansic","A Thomas"
"373","J Stefansic","E Emeric"
"374","J Stefansic","B Barahimi"
"375","D Shima","X Xu"
"376","D Shima","J Boyd"
"377","D Shima","M Gallucci"
"378","D Shima","A Thomas"
"379","D Shima","E Emeric"
"380","D Shima","B Barahimi"
"381","D Shima","J Stefansic"
"382","P Melzer","X Xu"
"383","P Melzer","J Boyd"
"384","P Melzer","M Gallucci"
"385","P Melzer","A Thomas"
"386","P Melzer","E Emeric"
"387","P Melzer","B Barahimi"
"388","P Melzer","J Stefansic"
"389","P Melzer","D Shima"
"390","J Allison","X Xu"
"391","J Allison","J Boyd"
"392","J Allison","M Gallucci"
"393","J Allison","A Thomas"
"394","J Allison","E Emeric"
"395","J Allison","B Barahimi"
"396","J Allison","J Stefansic"
"397","J Allison","D Shima"
"398","J Allison","P Melzer"
"399","A Bonds","X Xu"
"400","A Bonds","J Boyd"
"401","A Bonds","M Gallucci"
"402","A Bonds","A Thomas"
"403","A Bonds","E Emeric"
"404","A Bonds","B Barahimi"
"405","A Bonds","J Stefansic"
"406","A Bonds","D Shima"
"407","A Bonds","P Melzer"
"408","A Bonds","J Allison"
"409","V Casagrande","X Xu"
"410","V Casagrande","J Boyd"
"411","V Casagrande","M Gallucci"
"412","V Casagrande","A Thomas"
"413","V Casagrande","E Emeric"
"414","V Casagrande","B Barahimi"
"415","V Casagrande","J Stefansic"
"416","V Casagrande","D Shima"
"417","V Casagrande","P Melzer"
"418","V Casagrande","J Allison"
"419","V Casagrande","A Bonds"
"420","J Horton","D Adams"
"421","V Lestou","B Tjan"
"422","H Bülthoff","B Tjan"
"423","H Bülthoff","V Lestou"
"424","Z Kourtzi","B Tjan"
"425","Z Kourtzi","V Lestou"
"426","Z Kourtzi","H Bülthoff"
"427","B Motter","B Motter"
"428","H Goltz","D Whitney"
"429","C Thomas","D Whitney"
"430","C Thomas","H Goltz"
"431","M Goodale","D Whitney"
"432","M Goodale","H Goltz"
"433","M Goodale","C Thomas"
"434","T Schwartz","I Conner"
"435","J Odom","I Conner"
"436","J Odom","T Schwartz"
"437","J Mendola","I Conner"
"438","J Mendola","T Schwartz"
"439","J Mendola","J Odom"
"443","E Niebur","H Schuetze"
"444","R Heydt","H Schuetze"
"445","R Heydt","E Niebur"
"446","R Heydt","F Qiu"
"447","R Volcic","W Gerbino"
"448","P Verghese","P Verghese"
"449","Y Morgenstern","J Elder"
"450","R Tabone","J Elder"
"451","R Tabone","Y Morgenstern"
"452","V Sampath","A Norcia"
"453","P Garrigan","P Kellman"
"454","D Kalar","P Kellman"
"455","D Kalar","P Garrigan"
"456","T Shipley","P Kellman"
"457","T Shipley","P Garrigan"
"458","T Shipley","D Kalar"
"459","W Geisler","T Tversky"
"460","J Perry","T Tversky"
"462","P McGraw","A Ma-Wyatt"
"463","M Hayhoe","N Mennie"
"464","B Sullivan","N Mennie"
"466","C Walthew","N Mennie"
"467","C Walthew","M Hayhoe"
"468","C Walthew","B Sullivan"
"469","P Aivar","M Hayhoe"
"470","E Gaines","M Hayhoe"
"471","E Gaines","P Aivar"
"472","J Jovancovic","M Hayhoe"
"473","J Jovancovic","P Aivar"
"474","J Jovancovic","E Gaines"
"475","H Goltz","W Medendorp"
"476","T Vilis","W Medendorp"
"477","T Vilis","H Goltz"
"478","J Crawford","W Medendorp"
"479","J Crawford","H Goltz"
"480","J Crawford","T Vilis"
"481","V Franz","A Brouwer"
"482","I Thornton","A Brouwer"
"483","I Thornton","V Franz"
"484","F Scharnowski","V Franz"
"485","T James","M Goodale"
"486","J Culham","M Goodale"
"487","J Culham","T James"
"488","G Humphrey","M Goodale"
"489","G Humphrey","T James"
"490","G Humphrey","J Culham"
"491","A Milner","M Goodale"
"492","A Milner","T James"
"493","A Milner","J Culham"
"494","A Milner","G Humphrey"
"495","L Maloney","J Trommershauser"
"496","M Landy","J Trommershauser"
"497","M Landy","L Maloney"
"498","R Gregory","R Gregory"
"499","G Andersen","A Enriquez"
"500","C Sauer","A Enriquez"
"501","C Sauer","G Andersen"
"503","S O'Leary","J Philbeck"
"504","A Lew","J Philbeck"
"505","A Lew","S O'Leary"
"506","S Di","W Warren"
"507","B Fajen","W Warren"
"508","B Fajen","S Di"
"509","P Foo","P Fink"
"510","W Warren","P Fink"
"511","W Warren","P Foo"
"512","S Mason","G Legge"
"513","M Brady","G Legge"
"514","M Brady","S Mason"
"515","N Giudice","G Legge"
"516","N Giudice","S Mason"
"517","N Giudice","M Brady"
"518","E Schlicht","G Legge"
"519","E Schlicht","S Mason"
"520","E Schlicht","M Brady"
"521","E Schlicht","N Giudice"
"522","R Baddeley","T Troscianko"
"523","C Parraga","T Troscianko"
"524","C Parraga","R Baddeley"
"525","U Leonards","T Troscianko"
"526","U Leonards","R Baddeley"
"527","U Leonards","C Parraga"
"528","J Troscianko","T Troscianko"
"529","J Troscianko","R Baddeley"
"530","J Troscianko","C Parraga"
"531","J Troscianko","U Leonards"
"532","D MacLeod","D Beer"
"533","E Chichilnisky","G Horwitz"
"534","T Albright","G Horwitz"
"535","T Albright","E Chichilnisky"
"542","P Monnier","S Shevell"
"543","A Civan","D Teller"
"544","K Bronson-Castain","D Teller"
"545","K Bronson-Castain","A Civan"
"546","M Pereverzeva","D Teller"
"547","M Pereverzeva","A Civan"
"548","M Pereverzeva","K Bronson-Castain"
"549","J Mulligan","S Stevenson"
"550","L Cormack","S Stevenson"
"551","L Cormack","J Mulligan"
"552","L Chukoskie","D Liston"
"553","R Krauzlis","D Liston"
"554","R Krauzlis","L Chukoskie"
"555","N Kowler","D Vishwanath"
"556","R Wurtz","M Sommer"
"557","M Goodale","J Connolly"
"558","H Goltz","J Connolly"
"560","D Munoz","J Connolly"
"561","D Munoz","M Goodale"
"562","D Munoz","H Goltz"
"563","M Wei","G DeAngelis"
"564","D Angelaki","G DeAngelis"
"565","D Angelaki","M Wei"
"566","J O'Brien","O Braddick"
"567","G Rees","O Braddick"
"568","G Rees","J O'Brien"
"569","J Wattam-Bell","O Braddick"
"570","J Wattam-Bell","J O'Brien"
"571","J Wattam-Bell","G Rees"
"572","J Atkinson","O Braddick"
"573","J Atkinson","J O'Brien"
"574","J Atkinson","G Rees"
"575","J Atkinson","J Wattam-Bell"
"576","R Turner","O Braddick"
"577","R Turner","J O'Brien"
"578","R Turner","G Rees"
"579","R Turner","J Wattam-Bell"
"580","R Turner","J Atkinson"
"581","A Williams","A Smith"
"582","K Singh","A Smith"
"583","K Singh","A Williams"
"584","M Smith","J Movshon"
"585","A Kohn","J Movshon"
"586","A Kohn","M Smith"
"587","J Allison","J Samonds"
"588","H Brown","J Samonds"
"589","H Brown","J Allison"
"590","A Bonds","J Samonds"
"592","A Bonds","H Brown"
"593","M Dojat","S Vanni"
"594","J Warnking","S Vanni"
"595","J Warnking","M Dojat"
"596","C Segebarth","S Vanni"
"597","C Segebarth","M Dojat"
"598","C Segebarth","J Warnking"
"599","J Bullier","S Vanni"
"600","J Bullier","M Dojat"
"601","J Bullier","J Warnking"
"602","J Bullier","C Segebarth"
"603","D Sheinberg","D Sheinberg"
"604","E Shneor","S Hochstein"
"605","N Noles","B Scholl"
"606","V Pasheva","B Scholl"
"607","V Pasheva","N Noles"
"608","R Sussman","B Scholl"
"609","R Sussman","N Noles"
"610","R Sussman","V Pasheva"
"611","F Drews","D Strayer"
"612","W Johnston","D Strayer"
"613","W Johnston","F Drews"
"614","X Chen","C Dickinson"
"615","G Zelinsky","C Dickinson"
"616","G Zelinsky","X Chen"
"617","A Giordano","M Carrasco"
"618","B McElree","M Carrasco"
"619","B McElree","A Giordano"
"620","L Dam","R Ee"
"621","G Brouwer","R Ee"
"622","G Brouwer","L Dam"
"623","N Korsten","R Ee"
"624","N Korsten","L Dam"
"625","N Korsten","G Brouwer"
"626","S Klein","C Yu"
"627","D Levi","C Yu"
"629","J Gold","J Gold"
"630","R Aslin","J Fiser"
"631","C Green","D Bavelier"
"632","B Pham","M Eckstein"
"633","S Shimozaki","M Eckstein"
"634","S Shimozaki","B Pham"
"635","S Miyauchi","Y Tanaka"
"636","T Imaruoka","Y Tanaka"
"637","T Imaruoka","S Miyauchi"
"638","M Misaki","Y Tanaka"
"639","M Misaki","S Miyauchi"
"640","M Misaki","T Imaruoka"
"641","E Matsumoto","Y Tanaka"
"642","E Matsumoto","S Miyauchi"
"643","E Matsumoto","T Imaruoka"
"644","E Matsumoto","M Misaki"
"645","T Tashiro","Y Tanaka"
"646","T Tashiro","S Miyauchi"
"647","T Tashiro","T Imaruoka"
"648","T Tashiro","M Misaki"
"649","T Tashiro","E Matsumoto"
"650","P Tse","P Tse"
"651","L Levy","Y Yeshurun"
"652","P Schrater","T Carlson"
"653","S He","T Carlson"
"654","S He","P Schrater"
"655","S Anstis","S Anstis"
"656","R Kanai","F Verstraten"
"657","C Paffen","F Verstraten"
"658","C Paffen","R Kanai"
"659","W Gerbino","F Verstraten"
"660","W Gerbino","R Kanai"
"661","W Gerbino","C Paffen"
"662","C Morrone","D Melcher"
"663","Y Adini","D Sagi"
"664","M Tsodyks","D Sagi"
"665","M Tsodyks","Y Adini"
"666","A Technion","D Sagi"
"667","A Technion","Y Adini"
"668","A Technion","M Tsodyks"
"669","W Sohn","Z Vidnyánszky"
"670","B Backus","B Backus"
"671","D Yi","M Chun"
"672","T Kelley","M Chun"
"673","T Kelley","D Yi"
"674","R Marois","M Chun"
"675","R Marois","D Yi"
"676","R Marois","T Kelley"
"677","T Watanabe","A Seitz"
"678","K Nakayama","S Mednick"
"679","R Stickgold","S Mednick"
"680","R Stickgold","K Nakayama"
"681","D Ress","M Silver"
"682","D Heeger","M Silver"
"683","D Heeger","D Ress"
"684","Z Lu","L Lesmes"
"685","B Dosher","L Lesmes"
"687","G Sperling","L Lesmes"
"688","G Sperling","Z Lu"
"689","G Sperling","B Dosher"
"690","R Birnkrant","T Horowitz"
"691","M Eckstein","K Chen"
"692","S Shimozaki","K Chen"
"694","J Clark","Z Hafed"
"695","A Sekuler","R Murray"
"696","P Bennett","R Murray"
"698","A Holcombe","A Holcombe"
"699","A Kopinska","L Harris"
"700","P Duke","L Harris"
"701","P Duke","A Kopinska"
"702","J Lappin","D Tadin"
"703","R Blake","D Tadin"
"704","R Blake","J Lappin"
"705","P Cavanagh","W Shim"
"706","T Sejnowski","D Eagleman"
"707","C Clifford","D Arnold"
"708","A Johnston","D Arnold"
"709","A Johnston","C Clifford"
"710","A Tolias","Z Kourtzi"
"711","C Altmann","Z Kourtzi"
"712","C Altmann","A Tolias"
"713","M Augath","Z Kourtzi"
"714","M Augath","A Tolias"
"715","M Augath","C Altmann"
"716","N Logothetis","Z Kourtzi"
"717","N Logothetis","A Tolias"
"718","N Logothetis","C Altmann"
"719","N Logothetis","M Augath"
"720","M Bar","L Zago"
"721","J Haxby","A O'Toole"
"722","H Abdi","A O'Toole"
"723","H Abdi","J Haxby"
"724","N Yen","L Wang"
"725","M Wang","L Wang"
"726","M Wang","N Yen"
"727","C Malsburg","J Zhu"
"729","W Freeman","A Torralba"
"730","W Freeman","A Oliva"
"731","I Gauthier","T James"
"732","D Bradley","G Purushothaman"
"733","W Newsome","J Liu"
"734","K Dobkins","B Krekelberg"
"735","T Albright","B Krekelberg"
"736","T Albright","K Dobkins"
"737","J Movshon","W Bair"
"738","S Wuerger","A Ruppertsberg"
"739","M Bertamini","A Ruppertsberg"
"740","M Bertamini","S Wuerger"
"741","I Fine","K Dobkins"
"742","A Hsueh","K Dobkins"
"743","A Hsueh","I Fine"
"744","C Vitten","K Dobkins"
"745","C Vitten","I Fine"
"746","C Vitten","A Hsueh"
"747","J Movshon","L Kiorpes"
"748","R Gurnsey","F Sezikeye"
"749","F Kingdom","N Prins"
"750","B Tjan","S Dang"
"751","S Chung","S Dang"
"752","S Chung","B Tjan"
"753","R Snowden","Z Li"
"754","M Conte","J Victor"
"755","C Chubb","J Victor"
"756","C Chubb","M Conte"
"757","M Ramamurthy","H Bedell"
"758","S Patel","H Bedell"
"759","S Patel","M Ramamurthy"
"760","L Vu-Yu","H Bedell"
"761","L Vu-Yu","M Ramamurthy"
"762","L Vu-Yu","S Patel"
"763","C Schor","C Cantor"
"764","D Hardwick","M Chappell"
"765","T Hine","M Chappell"
"766","T Hine","D Hardwick"
"767","A Beall","J Kelly"
"768","J Loomis","J Kelly"
"770","T Nguyen","T Cohn"
"771","J Barton","T Cohn"
"772","J Barton","T Nguyen"
"773","R Shapley","I Mareschal"
"774","R Gurnsey","S Sally"
"775","W Beaudot","K Mullen"
"776","P Bennett","L Betts"
"777","A Sekuler","L Betts"
"779","A Sahraie","C Trevethan"
"780","S Straube","M Hoffmann"
"781","M Bach","M Hoffmann"
"782","M Bach","S Straube"
"783","A Cooperman","Y Bonneh"
"784","V Yin","G Dagnelie"
"785","D Hess","G Dagnelie"
"786","D Hess","V Yin"
"787","L Yang","G Dagnelie"
"788","L Yang","V Yin"
"789","L Yang","D Hess"
"790","D Vishwanath","A Girshick"
"791","M Banks","A Girshick"
"792","M Banks","D Vishwanath"
"793","S Durant","A Johnston"
"794","J Dale","A Johnston"
"795","J Dale","S Durant"
"796","W Li","L Matin"
"797","K Yokosawa","A Nishimura"
"798","J Stefanucci","C Riener"
"799","D Proffitt","C Riener"
"800","D Proffitt","J Stefanucci"
"801","G Clore","C Riener"
"802","G Clore","J Stefanucci"
"803","G Clore","D Proffitt"
"804","B Motter","D Simoni"
"805","A Kingstone","A Roggeveen"
"806","J Enns","A Roggeveen"
"807","J Enns","A Kingstone"
"808","J Wolfe","N Kenner"
"809","M Dixon","D Smilek"
"810","P Merikle","D Smilek"
"811","P Merikle","M Dixon"
"812","R Rauschenberger","M Peterson"
"813","T Troscianko","G Porter"
"814","I Gilchrist","G Porter"
"815","I Gilchrist","T Troscianko"
"816","C Vinette","B Bacon"
"817","F Gosselin","B Bacon"
"818","F Gosselin","C Vinette"
"819","J Faubert","B Bacon"
"820","J Faubert","C Vinette"
"821","J Faubert","F Gosselin"
"822","A Hollingworth","A Hollingworth"
"823","M Akers","H Intraub"
"824","M Fiorito","H Intraub"
"825","M Fiorito","M Akers"
"826","V Simoshina","H Intraub"
"827","V Simoshina","M Akers"
"828","V Simoshina","M Fiorito"
"829","J Davenport","J Davenport"
"830","A Treisman","S Chong"
"831","F Gosselin","M McCotter"
"832","P Sowden","M McCotter"
"833","P Sowden","F Gosselin"
"834","P Schyns","M McCotter"
"837","A Sekuler","S Guttman"
"838","P Kellman","S Guttman"
"839","P Kellman","A Sekuler"
"840","C Weert","M Puts"
"841","A Csatho","G Vloed"
"842","P Helm","G Vloed"
"843","P Helm","A Csatho"
"844","J Jolij","H Scholte"
"845","H Spekreijse","H Scholte"
"846","H Spekreijse","J Jolij"
"847","V Lamme","H Scholte"
"848","V Lamme","J Jolij"
"850","T Perez","M Scheessele"
"851","Z Shen","W Xu"
"852","C Li","W Xu"
"853","C Li","Z Shen"
"854","L Gedamke","J Hulleman"
"855","G Humphreys","J Hulleman"
"856","G Humphreys","L Gedamke"
"857","A Yazdanbakhsh","S Grossberg"
"858","H Farid","M Bravo"
"859","H Lu","Z Liu"
"860","E Ozgen","I Davies"
"861","M Pilling","I Davies"
"862","M Pilling","E Ozgen"
"863","A Wiggett","I Davies"
"864","A Wiggett","E Ozgen"
"865","A Wiggett","M Pilling"
"866","P Kellman","E Palmer"
"867","B Mel","C Zhou"
"868","T Liu","R Rauschenberger"
"869","S Slotnick","R Rauschenberger"
"870","S Slotnick","T Liu"
"871","S Yantis","R Rauschenberger"
"872","S Yantis","T Liu"
"873","S Yantis","S Slotnick"
"874","S He","X Chen"
"875","W Merigan","B Gee"
"876","P Bennett","Z Hussain"
"877","A Sekuler","Z Hussain"
"879","P Sowden","L Notman"
"880","S Hochstein","M Pavlovskaya"
"881","M Behrmann","O Rosenthal"
"882","N Matthews","T Saffell"
"883","P Schrater","E Schlicht"
"884","G Bingham","A Wilson"
"885","D Collins","A Wilson"
"886","D Collins","G Bingham"
"887","D Westwood","J Cant"
"888","K Valyear","J Cant"
"889","K Valyear","D Westwood"
"890","M Goodale","J Cant"
"891","M Goodale","D Westwood"
"892","M Goodale","K Valyear"
"893","K Nakayama","J Song"
"894","B Friedrich","M Hadjigeorgieva"
"895","F Pollick","M Hadjigeorgieva"
"896","F Pollick","B Friedrich"
"897","A Deubelius","E Huberle"
"898","W Lutzenberger","E Huberle"
"899","W Lutzenberger","A Deubelius"
"900","H Bülthoff","E Huberle"
"901","H Bülthoff","A Deubelius"
"902","H Bülthoff","W Lutzenberger"
"903","Z Kourtzi","E Huberle"
"904","Z Kourtzi","A Deubelius"
"905","Z Kourtzi","W Lutzenberger"
"907","M Martelli","D Pelli"
"908","N Majaj","D Pelli"
"909","N Majaj","M Martelli"
"910","T Berger","D Pelli"
"911","T Berger","M Martelli"
"912","T Berger","N Majaj"
"913","A Kopacz","S Lomber"
"914","D Bennett","D Bennett"
"915","E Barenholtz","E Cohen"
"916","M Singh","E Cohen"
"917","M Singh","E Barenholtz"
"918","J Feldman","E Cohen"
"919","J Feldman","E Barenholtz"
"920","J Feldman","M Singh"
"921","K Yokosawa","J Nagai"
"923","A Panduranga","J Lappin"
"924","A Panduranga","D Tadin"
"925","S Nishida","S Nishida"
"926","C Chapman","R Hoag"
"927","D Giaschi","R Hoag"
"928","D Giaschi","C Chapman"
"929","D Alais","L Bowns"
"930","F Domini","M Luca"
"931","C Caudek","M Luca"
"933","W Curran","C Benton"
"934","H Hock","D Nichols"
"935","A Ploeger","D Nichols"
"936","A Ploeger","H Hock"
"937","G Schöner","D Nichols"
"938","G Schöner","H Hock"
"939","G Schöner","A Ploeger"
"940","N Grzywacz","J Barraza"
"941","Y Sasaki","S Koyama"
"942","R Tootell","S Koyama"
"943","R Tootell","Y Sasaki"
"944","T Watanabe","S Koyama"
"945","T Watanabe","Y Sasaki"
"946","T Watanabe","R Tootell"
"947","M Grünau","N Wada"
"948","G Lacroix","N Wada"
"949","G Lacroix","M Grünau"
"950","R Almeida","N Wada"
"951","R Almeida","M Grünau"
"952","R Almeida","G Lacroix"
"953","R Gurnsey","N Wada"
"954","R Gurnsey","M Grünau"
"955","R Gurnsey","G Lacroix"
"956","R Gurnsey","R Almeida"
"957","N Segalowitz","N Wada"
"958","N Segalowitz","M Grünau"
"959","N Segalowitz","G Lacroix"
"960","N Segalowitz","R Almeida"
"961","N Segalowitz","R Gurnsey"
"962","S Engel","D Schluppeck"
"963","A Daniell","G Mather"
"964","R Hetley","A Cobo-Lewis"
"965","I Fine","C Anderson"
"966","K Dobkins","C Anderson"
"968","T Papathomas","E Blaser"
"969","Z Vidnyanszky","E Blaser"
"970","Z Vidnyanszky","T Papathomas"
"972","S Anker","J Atkinson"
"973","S Anker","O Braddick"
"974","M Nardini","J Atkinson"
"975","M Nardini","O Braddick"
"976","M Nardini","S Anker"
"977","U Bellugi","J Atkinson"
"978","U Bellugi","O Braddick"
"979","U Bellugi","S Anker"
"980","U Bellugi","M Nardini"
"981","F Rose","J Atkinson"
"982","F Rose","O Braddick"
"983","F Rose","S Anker"
"984","F Rose","M Nardini"
"985","F Rose","U Bellugi"
"986","Y Searcy","J Atkinson"
"987","Y Searcy","O Braddick"
"988","Y Searcy","S Anker"
"989","Y Searcy","M Nardini"
"990","Y Searcy","U Bellugi"
"991","Y Searcy","F Rose"
"992","N Bavar","J Atkinson"
"993","N Bavar","O Braddick"
"994","N Bavar","S Anker"
"995","N Bavar","M Nardini"
"996","N Bavar","U Bellugi"
"997","N Bavar","F Rose"
"998","N Bavar","Y Searcy"
"999","J Hoffman","J Reiss"
"1000","B Landau","J Reiss"
"1001","B Landau","J Hoffman"
"1002","L Jakobson","T MacKay"
"1003","D Ellemberg","T MacKay"
"1004","D Ellemberg","L Jakobson"
"1005","T Lewis","T MacKay"
"1006","T Lewis","L Jakobson"
"1007","T Lewis","D Ellemberg"
"1008","D Mauer","T MacKay"
"1009","D Mauer","L Jakobson"
"1010","D Mauer","D Ellemberg"
"1011","D Mauer","T Lewis"
"1012","O Casiro","T MacKay"
"1013","O Casiro","L Jakobson"
"1014","O Casiro","D Ellemberg"
"1015","O Casiro","T Lewis"
"1016","O Casiro","D Mauer"
"1017","S Setterberg","C Christman"
"1018","M Nawrot","C Christman"
"1019","M Nawrot","S Setterberg"
"1020","M Singh","M Singh"
"1021","S Macknik","X Troncoso"
"1022","S Martinez-Conde","X Troncoso"
"1023","S Martinez-Conde","S Macknik"
"1024","J Koenderink","B Khang"
"1025","A Kappers","B Khang"
"1027","B Spehar","C Clifford"
"1028","M Bloj","C Ripamonti"
"1029","R Hauck","C Ripamonti"
"1030","R Hauck","M Bloj"
"1031","K Mitha","C Ripamonti"
"1032","K Mitha","M Bloj"
"1033","K Mitha","R Hauck"
"1034","D Brainard","C Ripamonti"
"1035","D Brainard","M Bloj"
"1036","D Brainard","R Hauck"
"1037","D Brainard","K Mitha"
"1038","Y Mizokami","D Kaping"
"1040","M Webster","Y Mizokami"
"1041","N Santos","M Simas"
"1042","L Jeffery","G Rhodes"
"1043","T Watson","G Rhodes"
"1044","T Watson","L Jeffery"
"1045","C Clifford","G Rhodes"
"1046","C Clifford","L Jeffery"
"1047","C Clifford","T Watson"
"1048","K Nakayama","G Rhodes"
"1049","K Nakayama","L Jeffery"
"1050","K Nakayama","T Watson"
"1051","K Nakayama","C Clifford"
"1052","R Russell","R Russell"
"1053","H Wilson","D Goren"
"1054","R Adolphs","F Gosselin"
"1056","P Schyns","R Adolphs"
"1057","P Heard","P Heard"
"1058","A O'Toole","D Roark"
"1059","H Abdi","D Roark"
"1061","M Giese","B Knappmeyer"
"1062","H Bülthoff","B Knappmeyer"
"1063","H Bülthoff","M Giese"
"1064","H Wilson","Y Lee"
"1065","J Rivest","Y Lee"
"1066","J Rivest","H Wilson"
"1067","S Shimojo","C Simion"
"1068","M Castelhano","M Wieth"
"1069","J Henderson","M Wieth"
"1071","C Velde","R Almeida"
"1072","M Grunau","R Almeida"
"1073","M Grunau","C Velde"
"1074","C Galera","R Almeida"
"1075","C Galera","C Velde"
"1076","C Galera","M Grunau"
"1077","D Ballard","C Yu"
"1078","R Canosa","J Pelz"
"1079","M Lipps","J Pelz"
"1080","M Lipps","R Canosa"
"1081","J Babcock","J Pelz"
"1082","J Babcock","R Canosa"
"1083","J Babcock","M Lipps"
"1084","P Rao","J Pelz"
"1085","P Rao","R Canosa"
"1086","P Rao","M Lipps"
"1087","P Rao","J Babcock"
"1088","G Marmitt","A Duchowski"
"1089","R Desai","A Duchowski"
"1090","R Desai","G Marmitt"
"1091","A Gramopadhye","A Duchowski"
"1092","A Gramopadhye","G Marmitt"
"1093","A Gramopadhye","R Desai"
"1094","J Greenstein","A Duchowski"
"1095","J Greenstein","G Marmitt"
"1096","J Greenstein","R Desai"
"1097","J Greenstein","A Gramopadhye"
"1098","S Engel","G Heckman"
"1099","A D'Antona","A Shapiro"
"1100","D Purves","F Long"
"1104","D Tolhurst","C Parraga"
"1105","D Tolhurst","T Troscianko"
"1106","D Tolhurst","J Troscianko"
"1110","U Leonards","D Tolhurst"
"1111","D Foster","K Amano"
"1112","P Mamassian","R Goutcher"
"1113","J Beltman","M Lankheet"
"1114","T Ghose","Z Zhang"
"1115","C Schor","Z Zhang"
"1116","C Schor","T Ghose"
"1117","C Schor","E Berends"
"1119","S Pas","C Paffen"
"1120","S Pas","R Kanai"
"1123","F Verstraten","S Pas"
"1127","A Niese","J Hyun"
"1128","A Niese","G Woodman"
"1129","A Niese","E Vogel"
"1133","S Luck","A Niese"
"1134","J Droulez","N Bullot"
"1135","Z Pylyshyn","N Bullot"
"1136","Z Pylyshyn","J Droulez"
"1138","K Kessler","M Fenske"
"1139","J Raymond","M Fenske"
"1140","J Raymond","K Kessler"
"1141","S Tipper","M Fenske"
"1142","S Tipper","K Kessler"
"1143","S Tipper","J Raymond"
"1144","D Munoz","J Fecteau"
"1145","M Paradiso","C Clarke"
"1146","C Moore","L Lanagan"
"1147","S Ling","S Read"
"1148","M Carrasco","S Read"
"1149","M Carrasco","S Ling"
"1150","E Austen","G Liu"
"1151","M Rempel","G Liu"
"1152","M Rempel","E Austen"
"1153","K Booth","G Liu"
"1154","K Booth","E Austen"
"1155","K Booth","M Rempel"
"1156","B Fisher","G Liu"
"1157","B Fisher","E Austen"
"1158","B Fisher","M Rempel"
"1159","B Fisher","K Booth"
"1160","J Enns","G Liu"
"1161","J Enns","E Austen"
"1162","J Enns","M Rempel"
"1163","J Enns","K Booth"
"1164","J Enns","B Fisher"
"1165","R VanRullen","F Li"
"1166","C Koch","F Li"
"1167","C Koch","R VanRullen"
"1169","P Perona","R VanRullen"
"1170","P Perona","C Koch"
"1171","R VanRullen","L Reddy"
"1172","C Koch","L Reddy"
"1174","M Degani","E Olds"
"1175","J Scott","D Amso"
"1176","M Peterson","E Skow-Grant"
"1177","P Burton","J Hoffman"
"1178","G Alvarez","J DiMase"
"1179","T Horowitz","J DiMase"
"1180","T Horowitz","G Alvarez"
"1181","J Wolfe","J DiMase"
"1182","J Wolfe","G Alvarez"
"1183","J Wolfe","T Horowitz"
"1184","B Scholl","S Mitroff"
"1185","K Wynn","S Mitroff"
"1186","K Wynn","B Scholl"
"1187","A Yagi","H Ogawa"
"1188","S Tripathy","S Tripathy"
"1190","Y Bonneh","U Polat"
"1191","D Sagi","U Polat"
"1192","D Sagi","Y Bonneh"
"1193","B Barrett","A Bradley"
"1194","I Pacey","A Bradley"
"1195","I Pacey","B Barrett"
"1196","L Thibos","A Bradley"
"1197","L Thibos","B Barrett"
"1198","L Thibos","I Pacey"
"1199","P Morrill","A Bradley"
"1200","P Morrill","B Barrett"
"1201","P Morrill","I Pacey"
"1202","P Morrill","L Thibos"
"1203","E Ozgen","P Sowden"
"1205","P Schyns","E Ozgen"
"1206","J Foley","S Varadharajan"
"1207","R Gurnsey","S Mancini"
"1208","S Sally","S Mancini"
"1210","S Waugh","S Sukumar"
"1211","L Olzak","P Laurinen"
"1212","T Saarela","P Laurinen"
"1213","T Saarela","L Olzak"
"1215","C Abbey","S Shimozaki"
"1216","C Abbey","M Eckstein"
"1217","B Tsou","V Billock"
"1218","K Maruya","Y Tani"
"1219","T Sato","Y Tani"
"1220","T Sato","K Maruya"
"1221","B Timney","K Johnston"
"1222","D Levi","R Li"
"1223","S Klein","R Li"
"1225","F Wilkinson","C Habak"
"1226","B Zakher","C Habak"
"1227","B Zakher","F Wilkinson"
"1228","H Wilson","C Habak"
"1229","H Wilson","F Wilkinson"
"1230","H Wilson","B Zakher"
"1231","W McIlhagga","R Peterson"
"1232","M Khan","R Barlow"
"1233","B Farell","R Barlow"
"1234","B Farell","M Khan"
"1235","D Tolhurst","M Chirimuuta"
"1236","B Zenger-Landolt","D Nadell"
"1237","D Heeger","D Nadell"
"1238","D Heeger","B Zenger-Landolt"
"1239","F Poirier","R Gurnsey"
"1240","K May","M Georgeson"
"1241","G Barbieri-Hesse","M Georgeson"
"1242","G Barbieri-Hesse","K May"
"1243","W McIlhagga","W McIlhagga"
"1244","J Kremers","V Kozyrev"
"1245","S He","S Cheung"
"1246","T Carlson","S Cheung"
"1248","G Legge","S Cheung"
"1249","G Legge","S He"
"1250","G Legge","T Carlson"
"1251","X Hu","S Cheung"
"1252","X Hu","S He"
"1253","X Hu","T Carlson"
"1254","X Hu","G Legge"
"1255","A Casile","M Rucci"
"1256","M Rucci","O Parsons"
"1257","G Sáry","D Royal"
"1258","J Schall","D Royal"
"1259","J Schall","G Sáry"
"1260","V Casagrande","D Royal"
"1261","V Casagrande","G Sáry"
"1262","V Casagrande","J Schall"
"1263","A Przybyszewski","I Kagan"
"1265","M Gur","A Przybyszewski"
"1267","M Snodderly","A Przybyszewski"
"1270","J Heimel","S Hooser"
"1271","S Chung","S Hooser"
"1272","S Chung","J Heimel"
"1273","S Nelson","S Hooser"
"1274","S Nelson","J Heimel"
"1275","S Nelson","S Chung"
"1276","M Sur","J Schummers"
"1277","B Zhang","H Bi"
"1278","J Zheng","H Bi"
"1279","J Zheng","B Zhang"
"1280","I Maruko","H Bi"
"1281","I Maruko","B Zhang"
"1282","I Maruko","J Zheng"
"1283","E Sakai","H Bi"
"1284","E Sakai","B Zhang"
"1285","E Sakai","J Zheng"
"1286","E Sakai","I Maruko"
"1287","E Smith","H Bi"
"1288","E Smith","B Zhang"
"1289","E Smith","J Zheng"
"1290","E Smith","I Maruko"
"1291","E Smith","E Sakai"
"1292","Y Chino","H Bi"
"1293","Y Chino","B Zhang"
"1294","Y Chino","J Zheng"
"1295","Y Chino","I Maruko"
"1296","Y Chino","E Sakai"
"1297","Y Chino","E Smith"
"1322","A Thomas","H Brown"
"1324","A Thomas","J Samonds"
"1329","S Clare","H Bridge"
"1330","P Jezzard","H Bridge"
"1331","P Jezzard","S Clare"
"1332","A Parker","H Bridge"
"1333","A Parker","S Clare"
"1334","A Parker","P Jezzard"
"1335","P Matthews","H Bridge"
"1336","P Matthews","S Clare"
"1337","P Matthews","P Jezzard"
"1338","P Matthews","A Parker"
"1339","I Schiessl","N McLoughlin"
"1341","J Mavity-Hudson","E Emeric"
"1342","J Mavity-Hudson","X Xu"
"1345","M Gallucci","J Mavity-Hudson"
"1348","A Thomas","J Mavity-Hudson"
"1352","B Barahimi","J Mavity-Hudson"
"1357","D Shima","J Mavity-Hudson"
"1363","J Stefansic","J Mavity-Hudson"
"1370","A Bonds","J Mavity-Hudson"
"1378","V Casagrande","J Mavity-Hudson"
"1385","J Victor","B Knight"
"1386","J Duann","R Siege"
"1387","T Jung","R Siege"
"1388","T Jung","J Duann"
"1389","T Sejnowski","R Siege"
"1390","T Sejnowski","J Duann"
"1391","T Sejnowski","T Jung"
"1420","J Tresilian","J Tresilian"
"1421","M Lintal","C Fox"
"1422","S Modesto","C Fox"
"1423","S Modesto","M Lintal"
"1424","A Owens","C Fox"
"1425","A Owens","M Lintal"
"1426","A Owens","S Modesto"
"1428","D Semanek","W Li"
"1429","D Semanek","L Matin"
"1430","H Horton","K Stockmeier"
"1431","V Franz","K Stockmeier"
"1432","V Franz","H Horton"
"1433","M Levine","J Steeves"
"1434","G Keith","J Steeves"
"1435","G Keith","M Levine"
"1436","M Goodale","J Steeves"
"1437","M Goodale","M Levine"
"1438","M Goodale","G Keith"
"1439","R Welch","R Post"
"1443","E Brenner","R Cuijpers"
"1444","J Smeets","R Cuijpers"
"1445","J Smeets","E Brenner"
"1446","S Murphy","M Mon-Williams"
"1447","P Hibbard","M Mon-Williams"
"1448","P Hibbard","S Murphy"
"1449","J Smeets","J Lopez-Moliner"
"1450","E Brenner","J Lopez-Moliner"
"1453","Y Rossetti","A Khan"
"1454","J Crawford","A Khan"
"1455","J Crawford","Y Rossetti"
"1456","C Vallee","D McConnell"
"1457","M Munevar","D McConnell"
"1458","M Munevar","C Vallee"
"1459","R Lee","D McConnell"
"1460","R Lee","C Vallee"
"1461","R Lee","M Munevar"
"1462","K Camuz","H Ogmen"
"1463","S Patel","H Ogmen"
"1464","S Patel","K Camuz"
"1465","H Bedell","H Ogmen"
"1466","H Bedell","K Camuz"
"1468","K Watanabe","B Khurana"
"1469","R Nijhawan","B Khurana"
"1470","R Nijhawan","K Watanabe"
"1471","K Valois","M Disch"
"1472","T Takeuchi","M Disch"
"1473","T Takeuchi","K Valois"
"1474","S Watamaniuk","S Watamaniuk"
"1475","C Palmer","A Tavassoli"
"1476","L Cormack","A Tavassoli"
"1477","L Cormack","C Palmer"
"1479","N Grzywacz","J Wurfel"
"1480","J Barraza","J Wurfel"
"1482","P Thompson","P Thompson"
"1483","R Rensink","J Harrison"
"1484","M Panne","J Harrison"
"1485","M Panne","R Rensink"
"1486","T Takeda","K Amano"
"1487","J McDevitt","B Dyre"
"1488","W Schaudt","B Dyre"
"1489","W Schaudt","J McDevitt"
"1490","J Triplett","B Dyre"
"1491","J Triplett","J McDevitt"
"1492","J Triplett","W Schaudt"
"1493","H Nover","C Anderson"
"1495","G DeAngelis","H Nover"
"1496","K Krug","T Curnow"
"1497","A Parker","T Curnow"
"1498","A Parker","K Krug"
"1499","D Zaksas","D Chelvanayagam"
"1500","T Pasternak","D Chelvanayagam"
"1501","T Pasternak","D Zaksas"
"1502","M Livingstone","P Christopher"
"1503","K Duffy","P Christopher"
"1504","K Duffy","M Livingstone"
"1505","R Born","P Christopher"
"1506","R Born","M Livingstone"
"1507","R Born","K Duffy"
"1508","W Vanduffel","K Nelissen"
"1509","R Tootell","K Nelissen"
"1510","R Tootell","W Vanduffel"
"1511","W Beerendonk","K Nelissen"
"1512","W Beerendonk","W Vanduffel"
"1513","W Beerendonk","R Tootell"
"1514","G Orban","K Nelissen"
"1515","G Orban","W Vanduffel"
"1516","G Orban","R Tootell"
"1517","G Orban","W Beerendonk"
"1518","N Price","M Ibbotson"
"1519","C Clifford","M Ibbotson"
"1520","C Clifford","N Price"
"1521","C Lamers","M Rizzo"
"1522","N Skaar","M Rizzo"
"1523","N Skaar","C Lamers"
"1524","C Sauer","M Rizzo"
"1525","C Sauer","C Lamers"
"1526","C Sauer","N Skaar"
"1527","J Ramaekers","M Rizzo"
"1528","J Ramaekers","C Lamers"
"1529","J Ramaekers","N Skaar"
"1530","J Ramaekers","C Sauer"
"1531","G Andersen","M Rizzo"
"1532","G Andersen","C Lamers"
"1533","G Andersen","N Skaar"
"1535","G Andersen","J Ramaekers"
"1536","B Riecke","J Schulte-Pelkum"
"1537","M Heyde","J Schulte-Pelkum"
"1538","M Heyde","B Riecke"
"1539","H Bülthoff","J Schulte-Pelkum"
"1540","H Bülthoff","B Riecke"
"1541","H Bülthoff","M Heyde"
"1542","T Sato","T Senoo"
"1543","F Domini","S Roth"
"1544","M Black","S Roth"
"1545","M Black","F Domini"
"1546","D Kersten","M Tarr"
"1547","S Grossberg","S Hong"
"1548","I Castellarin","T Agostini"
"1549","A Logvinenko","A Logvinenko"
"1550","T Agostini","A Soranzo"
"1552","V Annan","D Zavagno"
"1553","Z Liu","D Zavagno"
"1554","Z Liu","V Annan"
"1556","M McCourt","B Blakeslee"
"1557","D Purves","Z Yang"
"1558","J Foxe","M McCourt"
"1559","V Ibanez","U Leonards"
"1560","D Zavagno","U Leonards"
"1561","D Zavagno","V Ibanez"
"1562","M Seghier","U Leonards"
"1563","M Seghier","V Ibanez"
"1564","M Seghier","D Zavagno"
"1566","T Troscianko","V Ibanez"
"1567","T Troscianko","D Zavagno"
"1568","T Troscianko","M Seghier"
"1569","L Maloney","J Snyder"
"1570","M Platt","H Dean"
"1571","I Kojo","J Simola"
"1572","I Hooge","E Over"
"1573","C Erkelens","E Over"
"1574","C Erkelens","I Hooge"
"1575","P Warren","J Porrill"
"1576","P Dean","J Porrill"
"1577","P Dean","P Warren"
"1578","J Dunsmoor","J Andre"
"1579","M Waite","J Andre"
"1580","M Waite","J Dunsmoor"
"1581","S Yang","S Yang"
"1582","R Krauzlis","C Carello"
"1583","R Krauzlis","L Madelain"
"1584","M Fujita","M Fujita"
"1585","R Krauzlis","G Fowler"
"1586","D Berg","E Wiewiora"
"1587","J Triesch","E Wiewiora"
"1588","J Triesch","D Berg"
"1589","T Hashiyama","E Wiewiora"
"1590","T Hashiyama","D Berg"
"1591","T Hashiyama","J Triesch"
"1593","T Lien","C Palmer"
"1594","U Rajashekar","C Palmer"
"1595","U Rajashekar","T Lien"
"1597","L Cormack","T Lien"
"1598","L Cormack","U Rajashekar"
"1599","R Godijn","J Theeuwes"
"1600","R Krauzlis","S Adler"
"1601","M Crognale","J Page"
"1602","J Highsmith","M Fry"
"1603","M Crognale","M Fry"
"1604","M Crognale","J Highsmith"
"1605","S Webster","Y Mizokami"
"1607","M Webster","S Webster"
"1608","J Pokorny","V Smith"
"1609","G Heckman","J Schirillo"
"1610","T Barra","J Schirillo"
"1611","T Barra","G Heckman"
"1612","I Kuriki","I Kuriki"
"1613","J Mulligan","J Yang"
"1614","D Richters","Q Wang"
"1615","R Eskew","Q Wang"
"1616","R Eskew","D Richters"
"1617","H Boyaci","K Doerschner"
"1618","L Maloney","K Doerschner"
"1619","L Maloney","H Boyaci"
"1623","Z He","T Leng"
"1625","B Farell","S Li"
"1626","J Häkkinen","J Häkkinen"
"1627","R Hess","B Mansouri"
"1628","H Allen","B Mansouri"
"1629","H Allen","R Hess"
"1630","S Sebbag","B Mansouri"
"1631","S Sebbag","R Hess"
"1632","S Sebbag","H Allen"
"1633","S Dakin","B Mansouri"
"1634","S Dakin","R Hess"
"1635","S Dakin","H Allen"
"1636","S Dakin","S Sebbag"
"1637","I Howard","P Duke"
"1638","K Matsumiya","K Fukuda"
"1639","H Kaneko","K Fukuda"
"1640","H Kaneko","K Matsumiya"
"1641","S Shioiri","S Lee"
"1642","H Yaguchi","S Lee"
"1643","H Yaguchi","S Shioiri"
"1644","A Buckthought","L Stelmach"
"1645","B Backus","D Matza-Brown"
"1646","B Farell","B Farell"
"1648","C Erkelens","E Gheorghiu"
"1650","M Banks","S Gepshtein"
"1651","M Landy","S Gepshtein"
"1654","B Farell","J Fernandez"
"1655","C Luana","A Fanini"
"1656","B Giuseppe","A Fanini"
"1657","B Giuseppe","C Luana"
"1659","G Mirabella","C Luana"
"1660","G Mirabella","B Giuseppe"
"1662","L Chelazzi","C Luana"
"1663","L Chelazzi","B Giuseppe"
"1665","S Malhotra","W Barnes"
"1666","B Payne","W Barnes"
"1667","B Payne","S Malhotra"
"1668","S Lomber","W Barnes"
"1669","S Lomber","S Malhotra"
"1670","S Lomber","B Payne"
"1671","R Tesla","E Woller"
"1672","B Payne","E Woller"
"1673","B Payne","R Tesla"
"1674","S Lomber","E Woller"
"1675","S Lomber","R Tesla"
"1677","D Remus","T McKeeff"
"1678","F Tong","T McKeeff"
"1679","F Tong","D Remus"
"1680","R Quirion","E Vaucher"
"1681","F Laplante","E Vaucher"
"1682","F Laplante","R Quirion"
"1683","B Scholl","O Ben-Shahar"
"1684","S Zucker","O Ben-Shahar"
"1685","S Zucker","B Scholl"
"1686","M Platt","M Bendiksby"
"1687","M Albert","M Albert"
"1688","V Krishnan","D Stanley"
"1689","N Rubin","D Stanley"
"1690","N Rubin","V Krishnan"
"1691","J Todd","B Liu"
"1692","H Matsuoka","T Takeuchi"
"1693","E Adelson","J McDermott"
"1694","K Hori","Y Nagasaka"
"1695","Y Osada","Y Nagasaka"
"1696","Y Osada","K Hori"
"1697","H Norman","J Norman"
"1698","J Todd","J Norman"
"1699","J Todd","H Norman"
"1700","A Clayton","J Norman"
"1701","A Clayton","H Norman"
"1702","A Clayton","J Todd"
"1703","T McBride","J Norman"
"1704","T McBride","H Norman"
"1705","T McBride","J Todd"
"1706","T McBride","A Clayton"
"1707","D Wu","R Kanai"
"1708","S Shimojo","R Kanai"
"1709","S Shimojo","D Wu"
"1710","M Lappe","H Awater"
"1711","R Cai","R Cai"
"1715","E Walter","P Dassonville"
"1717","J Bala","E Walter"
"1718","A Fitzgibbon","S Gilson"
"1719","A Glennerster","S Gilson"
"1720","A Glennerster","A Fitzgibbon"
"1722","J Bakdash","N Giudice"
"1723","J Bakdash","G Legge"
"1725","L Tcheang","A Glennerster"
"1726","L Tcheang","S Gilson"
"1727","A Parker","A Glennerster"
"1728","A Parker","S Gilson"
"1729","A Parker","L Tcheang"
"1730","M Granrud","C Granrud"
"1731","J Koc","C Granrud"
"1732","J Koc","M Granrud"
"1733","R Peterson","C Granrud"
"1734","R Peterson","M Granrud"
"1735","R Peterson","J Koc"
"1736","S Wright","C Granrud"
"1737","S Wright","M Granrud"
"1738","S Wright","J Koc"
"1739","S Wright","R Peterson"
"1740","M Jenkin","P Jaekl"
"1741","R Dyde","P Jaekl"
"1742","R Dyde","M Jenkin"
"1743","L Harris","P Jaekl"
"1744","L Harris","M Jenkin"
"1745","L Harris","R Dyde"
"1746","J Rieser","D Morse"
"1747","A Berg","E Poljac"
"1748","E Matsushima","N Ribeiro-Filho"
"1749","J Silva","N Ribeiro-Filho"
"1750","J Silva","E Matsushima"
"1751","B Gillam","H Sedgwick"
"1752","C Leath","H Sedgwick"
"1753","C Leath","B Gillam"
"1760","C Ellard","L Thompson"
"1761","K Moule","L Thompson"
"1762","K Moule","C Ellard"
"1763","Z He","J Wu"
"1764","T Leng","J Wu"
"1766","Z He","B Wu"
"1767","T Leng","B Wu"
"1769","K Mahon","Y Ho"
"1770","M Carrasco","Y Ho"
"1771","M Carrasco","K Mahon"
"1772","M Bach","J Kornmeier"
"1773","J Malik","L Walker"
"1774","B Dyre","L Fournier"
"1775","R Patterson","L Fournier"
"1776","R Patterson","B Dyre"
"1777","R Winters","L Fournier"
"1778","R Winters","B Dyre"
"1779","R Winters","R Patterson"
"1780","M Wiediger","L Fournier"
"1781","M Wiediger","B Dyre"
"1782","M Wiediger","R Patterson"
"1783","M Wiediger","R Winters"
"1784","S Silla","M Martelli"
"1786","N Majaj","S Silla"
"1788","D Pelli","S Silla"
"1790","H Bülthoff","M Graf"
"1791","C Dodds","P Downing"
"1792","A Chan","P Downing"
"1793","A Chan","C Dodds"
"1794","O Turnbull","P Downing"
"1795","O Turnbull","C Dodds"
"1796","O Turnbull","A Chan"
"1797","J Todd","S Georgieva"
"1798","R Pieters","S Georgieva"
"1799","R Pieters","J Todd"
"1800","G Orban","S Georgieva"
"1801","G Orban","J Todd"
"1802","G Orban","R Pieters"
"1803","C Olson","C Baker"
"1804","F Loula","R Lalchandani"
"1805","M Carrasco","R Lalchandani"
"1806","M Carrasco","F Loula"
"1807","J Skiver","S Allred"
"1808","B Jagadeesh","S Allred"
"1809","B Jagadeesh","J Skiver"
"1810","S Storbeck","M Anes"
"1811","P Sinha","J Sadr"
"1812","R Vogels","G Kayaert"
"1813","I Biederman","G Kayaert"
"1814","I Biederman","R Vogels"
"1815","N Knouf","K Grill-Spector"
"1816","N Kanwisher","K Grill-Spector"
"1817","N Kanwisher","N Knouf"
"1818","E Essock","B Hansen"
"1820","C Howe","D Purves"
"1821","D Schwartz","D Purves"
"1822","D Schwartz","C Howe"
"1823","D Braun","K Gegenfurtner"
"1824","F Wichmann","K Gegenfurtner"
"1825","F Wichmann","D Braun"
"1826","C Baker","A Johnson"
"1827","D Dong","K Stringer"
"1829","G Boynton","I Fine"
"1830","F Pollick","J Hale"
"1831","F Pollick","V Lestou"
"1833","H Bülthoff","F Pollick"
"1835","Z Kourtzi","F Pollick"
"1837","D Humphrey","E Hiris"
"1838","C Fidopiastis","P McAleer"
"1839","V Braden","P McAleer"
"1840","V Braden","C Fidopiastis"
"1841","F Pollick","P McAleer"
"1842","F Pollick","C Fidopiastis"
"1843","F Pollick","V Braden"
"1844","E Hiris","E Hittle"
"1845","G Mather","B Thompson"
"1846","V Bhagirath","T Lewis"
"1848","D Ellemberg","V Bhagirath"
"1849","D Maurer","T Lewis"
"1850","D Maurer","V Bhagirath"
"1851","D Maurer","D Ellemberg"
"1852","S Nishida","M Edwards"
"1854","T Ledgeway","H Allen"
"1855","T Ledgeway","R Hess"
"1856","S Tripathy","N Syed"
"1857","L Gilroy","H Hock"
"1858","F Visco","A Raghunandan"
"1859","S Stevenson","A Raghunandan"
"1860","S Stevenson","F Visco"
"1861","A Schilling","S Heinrich"
"1862","M Bach","S Heinrich"
"1863","M Bach","A Schilling"
"1865","H Falkenberg","W Simpson"
"1866","V Manahilov","W Simpson"
"1867","V Manahilov","H Falkenberg"
"1868","I Murakami","I Murakami"
"1869","A Wertheim","J Souman"
"1870","I Hooge","J Souman"
"1871","I Hooge","A Wertheim"
"1872","B Sweet","L Human"
"1873","L Stone","L Human"
"1874","L Stone","B Sweet"
"1876","T Sugar","M McBeath"
"1877","M Thompson","M McBeath"
"1878","M Thompson","T Sugar"
"1879","K Mundhra","M McBeath"
"1880","K Mundhra","T Sugar"
"1881","K Mundhra","M Thompson"
"1882","B Scholl","H Choi"
"1883","J Assad","G Maimon"
"1884","S O'Leary","A Lyn"
"1885","J Philbeck","A Lyn"
"1887","J May","M Flanagan"
"1888","T Dobie","M Flanagan"
"1889","T Dobie","J May"
"1890","I Kurose","M Kitazaki"
"1891","J Wood","R Tyrrell"
"1892","T Carberry","R Tyrrell"
"1893","T Carberry","J Wood"
"1894","T Faulks","R Tyrrell"
"1895","T Faulks","J Wood"
"1896","T Faulks","T Carberry"
"1897","K Jones","R Tyrrell"
"1898","K Jones","J Wood"
"1899","K Jones","T Carberry"
"1900","K Jones","T Faulks"
"1902","M Tarr","P Foo"
"1903","M Tarr","W Warren"
"1904","J Wann","R Wilkie"
"1905","J Loomis","K Macuga"
"1906","A Beall","K Macuga"
"1908","R Wang","R Wang"
"1909","F Loula","A Chouchourelou"
"1910","M Shiffrar","A Chouchourelou"
"1911","M Shiffrar","F Loula"
"1912","R David","B Fajen"
"1914","F Durgin","L Fox"
"1915","J Eisinger","K Turano"
"1916","H Lei","K Turano"
"1917","H Lei","J Eisinger"
"1918","S Chaudhury","K Turano"
"1919","S Chaudhury","J Eisinger"
"1920","S Chaudhury","H Lei"
"1921","J Häkkinen","M Puhakka"
"1922","J Laarni","M Puhakka"
"1923","J Laarni","J Häkkinen"
"1924","M Milders","A Sahraie"
"1925","M Niedeggen","A Sahraie"
"1926","M Niedeggen","M Milders"
"1927","D Rose","D Barrett"
"1928","S Liu","B Dosher"
"1929","N Blair","B Dosher"
"1930","N Blair","S Liu"
"1932","Z Lu","S Liu"
"1933","Z Lu","N Blair"
"1940","A Muhlenen","A Muhlenen"
"1941","W Boot","J Brockmole"
"1942","D Simons","J Brockmole"
"1943","D Simons","W Boot"
"1944","V Ibañez","J Palix"
"1945","C Hauert","J Palix"
"1946","C Hauert","V Ibañez"
"1947","U Leonards","J Palix"
"1948","U Leonards","V Ibañez"
"1949","U Leonards","C Hauert"
"1950","M Chun","S Most"
"1951","D Widders","S Most"
"1952","D Widders","M Chun"
"1953","D Barrett","T Menneer"
"1954","L Phillips","T Menneer"
"1955","L Phillips","D Barrett"
"1956","N Donnelly","T Menneer"
"1957","N Donnelly","D Barrett"
"1958","N Donnelly","L Phillips"
"1959","K Cave","T Menneer"
"1960","K Cave","D Barrett"
"1961","K Cave","L Phillips"
"1962","K Cave","N Donnelly"
"1963","C Tseng","J Gobell"
"1964","G Sperling","J Gobell"
"1965","G Sperling","C Tseng"
"1966","S Denham","L Lanyon"
"1967","D Simons","S Franconeri"
"1968","A Treisman","J Wolfe"
"1970","T Horowitz","A Treisman"
"1972","J Theeuwes","A Belopolsky"
"1973","A Kramer","A Belopolsky"
"1974","A Kramer","J Theeuwes"
"1975","M Grünau","C Galera"
"1976","P Wilken","L Reddy"
"1978","C Koch","P Wilken"
"1979","A Lleras","C Moore"
"1981","G Woodman","D Yi"
"1982","G Woodman","M Chun"
"1983","N Hon","R Epstein"
"1984","J Duncan","R Epstein"
"1985","J Duncan","N Hon"
"1986","V Annan","J Dennis"
"1987","Z Pylyshyn","A Kushnier"
"1988","Z Pylyshyn","C Leonard"
"1989","Z Pylyshyn","B Keane"
"1990","K Yokosawa","M Suganuma"
"1992","B Scholl","K vanMarle"
"1993","D Levin","D Varakin"
"1994","R Henderson","H Orbach"
"1996","K Tiippana","S Pardhan"
"1997","R Nasanen","S Pardhan"
"1998","R Nasanen","K Tiippana"
"1999","M Bhudia","S Pardhan"
"2000","M Bhudia","K Tiippana"
"2001","M Bhudia","R Nasanen"
"2003","F Fei","R VanRullen"
"2004","F Fei","L Reddy"
"2006","P Perona","L Reddy"
"2007","P Perona","F Fei"
"2010","C Koch","F Fei"
"2012","C Ball","H Buttle"
"2013","J Zhang","H Buttle"
"2014","J Zhang","C Ball"
"2015","J Raymond","H Buttle"
"2016","J Raymond","C Ball"
"2017","J Raymond","J Zhang"
"2018","S Black","D Fernandez-Duque"
"2019","D Eagleman","J Jacobson"
"2020","T Sejnowski","J Jacobson"
"2023","K Grill-Spector","R Sayres"
"2024","S He","F Fang"
"2025","S Shimojo","F Moradi"
"2026","W Schoonveld","G Francis"
"2027","R Rajimehr","L Kouhsari"
"2028","M Fry","A Bilson"
"2029","S Moore","A Bilson"
"2030","S Moore","M Fry"
"2031","M Webster","A Bilson"
"2032","M Webster","M Fry"
"2033","M Webster","S Moore"
"2034","D Tweed","H Goltz"
"2035","R Menon","H Goltz"
"2036","R Menon","D Tweed"
"2038","T Vilis","D Tweed"
"2039","T Vilis","R Menon"
"2040","L MacKinnon","M Grunau"
"2041","D Regan","R Gray"
"2042","R Rajimehr","R Rajimehr"
"2043","M Grabowecky","B Goolsby"
"2044","S Suzuki","B Goolsby"
"2046","L Fournier","C Becker"
"2047","G Vavrek","C Becker"
"2048","G Vavrek","L Fournier"
"2049","I Bickler","C Becker"
"2050","I Bickler","L Fournier"
"2051","I Bickler","G Vavrek"
"2052","M Wiediger","C Becker"
"2054","M Wiediger","G Vavrek"
"2055","M Wiediger","I Bickler"
"2056","R Patterson","C Becker"
"2058","R Patterson","G Vavrek"
"2059","R Patterson","I Bickler"
"2061","J Dannemiller","B Stephens"
"2062","J Diebel","B Stephens"
"2063","J Diebel","J Dannemiller"
"2064","M Tsodyks","M Katkov"
"2065","D Sagi","M Katkov"
"2067","J Todd","F Phillips"
"2068","L Thaler","J Todd"
"2069","T Dijkstra","J Todd"
"2070","T Dijkstra","L Thaler"
"2071","S Kim","V Interrante"
"2072","H Hagh-Shenas","V Interrante"
"2073","H Hagh-Shenas","S Kim"
"2074","H Allen","D McGill"
"2075","R Hess","D McGill"
"2077","F Kingdom","I Motoyoshi"
"2078","N Graham","S Wolfson"
"2079","T Sato","M Harasawa"
"2080","C Hou","F Pei"
"2081","A Norcia","F Pei"
"2082","A Norcia","C Hou"
"2084","J Calvert","V Manahilov"
"2085","J Calvert","W Simpson"
"2086","J Winawer","N Witthoft"
"2088","T Palmeri","C Kim"
"2089","T Palmeri","R Blake"
"2090","R Marois","C Kim"
"2091","R Marois","R Blake"
"2092","R Marois","T Palmeri"
"2093","W Whetsell","C Kim"
"2094","W Whetsell","R Blake"
"2095","W Whetsell","T Palmeri"
"2096","W Whetsell","R Marois"
"2097","V Ramachandran","E Hubbard"
"2098","G Boynton","E Hubbard"
"2099","G Boynton","V Ramachandran"
"2100","B Krishna","A Ipata"
"2101","J Bisley","A Ipata"
"2102","J Bisley","B Krishna"
"2103","J Gottlieb","A Ipata"
"2104","J Gottlieb","B Krishna"
"2105","J Gottlieb","J Bisley"
"2106","M Goldberg","A Ipata"
"2107","M Goldberg","B Krishna"
"2108","M Goldberg","J Bisley"
"2109","M Goldberg","J Gottlieb"
"2110","J Findlay","E McSorley"
"2113","W Boot","M Peterson"
"2114","A Kramer","M Peterson"
"2115","A Kramer","W Boot"
"2116","I Bachert","R Sireteanu"
"2117","H Planert","R Sireteanu"
"2118","H Planert","I Bachert"
"2119","S Pröhl","R Sireteanu"
"2120","S Pröhl","I Bachert"
"2121","S Pröhl","H Planert"
"2122","M Grunau","A Panagopoulos"
"2123","C Galera","A Panagopoulos"
"2125","M Kim","S Oh"
"2126","R Rosenholtz","R Rosenholtz"
"2127","H Pashler","M Becker"
"2128","T Shikano","E Davis"
"2129","S Peterson","E Davis"
"2130","S Peterson","T Shikano"
"2131","R Michel","E Davis"
"2132","R Michel","T Shikano"
"2133","R Michel","S Peterson"
"2134","P Cavanagh","R Rensink"
"2135","J Wolfe","R Birnkrant"
"2136","H Mendoza","R Birnkrant"
"2137","H Mendoza","J Wolfe"
"2138","C Carvey","P Schiller"
"2139","J Kendall","P Schiller"
"2140","J Kendall","C Carvey"
"2141","W Slocum","P Schiller"
"2142","W Slocum","C Carvey"
"2143","W Slocum","J Kendall"
"2144","C Fermuller","C Fermuller"
"2145","C Beauce","F Kingdom"
"2146","L Hunter","F Kingdom"
"2147","L Hunter","C Beauce"
"2148","R Dyde","H Jenkin"
"2149","J Zacher","H Jenkin"
"2150","J Zacher","R Dyde"
"2151","M Jenkin","H Jenkin"
"2153","M Jenkin","J Zacher"
"2154","L Harris","H Jenkin"
"2156","L Harris","J Zacher"
"2158","E Vessel","R Behizadeh"
"2159","I Biederman","R Behizadeh"
"2164","C Gottesman","C Gottesman"
"2165","K Michelet","T Sanocki"
"2166","E Sellers","T Sanocki"
"2167","E Sellers","K Michelet"
"2168","J New","J New"
"2169","L Loschky","G Zelinsky"
"2170","M Braunstein","C Feria"
"2171","G Andersen","C Feria"
"2173","M Bjorkman","J Eklundh"
"2174","E Hayman","J Eklundh"
"2175","E Hayman","M Bjorkman"
"2176","J Elder","L Velisavljevic"
"2177","M Braunstein","Z Bian"
"2178","G Andersen","Z Bian"
"2180","S Langton","C O'Donnell"
"2181","S Gabree","L Olzak"
"2182","L Olzak","S Saylor"
"2183","C Tyler","C Chen"
"2184","H Strasburger","H Strasburger"
"2185","S Palmer","L Barghout"
"2186","C Tyler","L Barghout"
"2187","C Tyler","S Palmer"
"2189","R Nogueira","N Santos"
"2190","R Nogueira","M Simas"
"2191","B Pinna","L Spillmann"
"2192","F Stürzel","L Spillmann"
"2193","F Stürzel","B Pinna"
"2194","J Werner","L Spillmann"
"2195","J Werner","B Pinna"
"2196","J Werner","F Stürzel"
"2197","J Gold","E Shubel"
"2198","R Hess","Y Wang"
"2199","J Xing","J Xing"
"2200","P Gerhardstein","J Tse"
"2202","G Walter","F Carlo"
"2204","M Greene","I Biederman"
"2205","M Greene","E Vessel"
"2212","R Lier","A Koning"
"2213","F Krieger","R Heydt"
"2214","Z He","R Heydt"
"2215","Z He","F Krieger"
"2216","B Landau","M Palomares"
"2217","H Egeth","M Palomares"
"2218","H Egeth","B Landau"
"2219","J Hoffman","M Palomares"
"2221","J Hoffman","H Egeth"
"2222","B Pham","C Rasche"
"2223","M Eckstein","C Rasche"
"2225","E Mueller-Oehring","D Poggel"
"2226","J Gothe","D Poggel"
"2227","J Gothe","E Mueller-Oehring"
"2228","S Kenkel","D Poggel"
"2229","S Kenkel","E Mueller-Oehring"
"2230","S Kenkel","J Gothe"
"2231","E Kasten","D Poggel"
"2232","E Kasten","E Mueller-Oehring"
"2233","E Kasten","J Gothe"
"2234","E Kasten","S Kenkel"
"2235","B Sabel","D Poggel"
"2236","B Sabel","E Mueller-Oehring"
"2237","B Sabel","J Gothe"
"2238","B Sabel","S Kenkel"
"2239","B Sabel","E Kasten"
"2240","B Dosher","A Petrov"
"2241","Z Lu","A Petrov"
"2243","Y Boachie","L Welch"
"2244","F Gosselin","N Dupuis-Roy"
"2245","P Sinha","J Bouvrie"
"2249","B Willems","P Zaenen"
"2250","J Wagemans","P Zaenen"
"2251","J Wagemans","B Willems"
"2252","M Wenger","A Copeland"
"2253","L Welch","D Silverman"
"2254","C Eid","H Bruggeman"
"2255","J Rieser","H Bruggeman"
"2256","J Rieser","C Eid"
"2257","H Pick","H Bruggeman"
"2258","H Pick","C Eid"
"2259","H Pick","J Rieser"
"2260","M Kahana","F Zhou"
"2261","R Sekuler","F Zhou"
"2262","R Sekuler","M Kahana"
"2264","S Luck","W Zhang"
"2265","R Rensink","L Vandenbeld"
"2266","H Wilson","Y Yotsumoto"
"2267","M Kahana","Y Yotsumoto"
"2268","M Kahana","H Wilson"
"2269","R Sekuler","Y Yotsumoto"
"2270","R Sekuler","H Wilson"
"2272","B Mel","K Morikawa"
"2273","L Madelain","M Harwood"
"2274","R Krauzlis","M Harwood"
"2276","J Wallman","M Harwood"
"2277","J Wallman","L Madelain"
"2278","J Wallman","R Krauzlis"
"2279","S Iversen","J DeSouza"
"2280","S Everling","J DeSouza"
"2281","S Everling","S Iversen"
"2282","J Yoon","H Li"
"2283","K Turano","S Heidenreich"
"2284","L Gottlob","L Gottlob"
"2285","D Amso","S Johnson"
"2286","J Slemmer","S Johnson"
"2287","J Slemmer","D Amso"
"2288","M Niemeier","S Prime"
"2289","X Yan","S Prime"
"2290","X Yan","M Niemeier"
"2291","J Crawford","S Prime"
"2292","J Crawford","M Niemeier"
"2293","J Crawford","X Yan"
"2294","H Ando","T Maeda"
"2295","M Sugimoto","T Maeda"
"2296","M Sugimoto","H Ando"
"2297","A Kramer","J Mccarley"
"2298","W Boot","J Mccarley"
"2300","A Colcombe","J Mccarley"
"2301","A Colcombe","A Kramer"
"2302","A Colcombe","W Boot"
"2303","E Keller","R McPeek"
"2304","T Maeda","J Watanabe"
"2305","S Tachi","J Watanabe"
"2306","S Tachi","T Maeda"
"2307","R Fendrich","L Boucher"
"2308","H Hughes","L Boucher"
"2309","H Hughes","R Fendrich"
"2319","F Miles","B Sheliga"
"2321","D Tweed","M Niemeier"
"2322","D Tweed","J Crawford"
"2324","D Brainard","J Hillis"
"2328","A Nagy","T Young"
"2329","A Nagy","K Neriani"
"2330","B Mel","E Ortega"
"2331","A Hurlbert","K Wolf"
"2332","D MacLeod","S Shady"
"2333","S Mitten","S Shady"
"2334","S Mitten","D MacLeod"
"2335","J Liang","S Shady"
"2336","J Liang","D MacLeod"
"2337","J Liang","S Mitten"
"2338","M Mandelli","D Kiper"
"2339","K Cardinal","D Kiper"
"2340","K Cardinal","M Mandelli"
"2341","A Brown","D Lindsey"
"2343","L Wu","J Winawer"
"2344","L Wu","N Witthoft"
"2345","L Boroditsky","J Winawer"
"2346","L Boroditsky","N Witthoft"
"2347","L Boroditsky","L Wu"
"2349","J Palmer","A Civan"
"2350","J Palmer","D Teller"
"2351","H Ashida","T Yoshida"
"2352","N Osaka","T Yoshida"
"2353","N Osaka","H Ashida"
"2354","I Hooge","M Nieuwenstein"
"2355","R Lubbe","M Nieuwenstein"
"2356","R Lubbe","I Hooge"
"2358","B Stevanovski","P Jolicoeur"
"2359","J Saiki","J Saiki"
"2360","V Brown","M Carter"
"2361","B Breitmeyer","M Carter"
"2362","B Breitmeyer","V Brown"
"2363","P Havig","M Carter"
"2364","P Havig","V Brown"
"2365","P Havig","B Breitmeyer"
"2367","L Stierman","N Skaar"
"2368","L Stierman","M Rizzo"
"2369","T Sato","J Lee"
"2370","S Park","J Lee"
"2371","S Park","T Sato"
"2372","P Bennett","E Richards"
"2373","A Sekuler","E Richards"
"2375","A Chaparro","K Sifrit"
"2376","L Stumpfhauser","K Sifrit"
"2377","L Stumpfhauser","A Chaparro"
"2378","M Rizzo","R Sheffield"
"2379","S Vecera","R Sheffield"
"2380","S Vecera","M Rizzo"
"2381","A Chaparro","N Rogers"
"2382","M Rogers","N Rogers"
"2383","M Rogers","A Chaparro"
"2384","S Adler","J Orprecio"
"2385","F Garrad-Cole","K Shapiro"
"2386","G Boynton","M Saenz"
"2387","J Enns","J Kawahara"
"2388","V Lollo","J Kawahara"
"2389","V Lollo","J Enns"
"2390","D Levin","M Beck"
"2391","K Dobkins","L Huang"
"2392","H Pashler","L Huang"
"2393","H Pashler","K Dobkins"
"2394","K Yokosawa","Y Chiba"
"2395","J Rutkowski","D Crewther"
"2396","S Crewther","D Crewther"
"2397","S Crewther","J Rutkowski"
"2398","P Verghese","S Baldassi"
"2400","J Mounts","J Mounts"
"2401","S Yeh","J Li"
"2402","Z Pylyshyn","V Annan"
"2403","J Todd","R Marois"
"2404","C Gilbert","R Marois"
"2405","C Gilbert","J Todd"
"2406","T Miura","T Kimura"
"2407","S Doi","T Kimura"
"2408","S Doi","T Miura"
"2409","Y Yamamoto","T Kimura"
"2410","Y Yamamoto","T Miura"
"2411","Y Yamamoto","S Doi"
"2412","P Glimcher","V Ciaramitaro"
"2413","M Nakazawa","K Matsubara"
"2414","T Hama","K Matsubara"
"2415","T Hama","M Nakazawa"
"2416","S Shioiri","K Matsubara"
"2417","S Shioiri","M Nakazawa"
"2418","S Shioiri","T Hama"
"2419","H Yaguchi","K Matsubara"
"2420","H Yaguchi","M Nakazawa"
"2421","H Yaguchi","T Hama"
"2423","G Francis","Y Cho"
"2424","B Booth","M Lawson"
"2425","K Burns","M Lawson"
"2426","K Burns","B Booth"
"2427","E Davis","M Lawson"
"2428","E Davis","B Booth"
"2429","E Davis","K Burns"
"2430","M Fuller","M Lawson"
"2431","M Fuller","B Booth"
"2432","M Fuller","K Burns"
"2433","M Fuller","E Davis"
"2434","G Labropoulos","M Lawson"
"2435","G Labropoulos","B Booth"
"2436","G Labropoulos","K Burns"
"2437","G Labropoulos","E Davis"
"2438","G Labropoulos","M Fuller"
"2439","S Thorneycroft","M Lawson"
"2440","S Thorneycroft","B Booth"
"2441","S Thorneycroft","K Burns"
"2442","S Thorneycroft","E Davis"
"2443","S Thorneycroft","M Fuller"
"2444","S Thorneycroft","G Labropoulos"
"2445","S Crewther","M Lawson"
"2446","S Crewther","B Booth"
"2447","S Crewther","K Burns"
"2448","S Crewther","E Davis"
"2449","S Crewther","M Fuller"
"2450","S Crewther","G Labropoulos"
"2451","S Crewther","S Thorneycroft"
"2452","K Watanabe","J Bhattacharya"
"2453","S Shimojo","J Bhattacharya"
"2454","S Shimojo","K Watanabe"
"2455","J Wilmer","J Wilmer"
"2456","Z Lu","W Chu"
"2457","B Dosher","W Chu"
"2459","B Emanuela","C Cavina"
"2460","C Marzi","C Cavina"
"2461","C Marzi","B Emanuela"
"2462","R Niimi","K Yokosawa"
"2463","K Watanabe","K Yokosawa"
"2464","K Watanabe","R Niimi"
"2465","M Okada","Y Miyawaki"
"2466","S Rainville","W Makous"
"2467","B Chen","W Makous"
"2468","B Chen","S Rainville"
"2470","I Lee","A Kopinska"
"2471","I Lee","L Harris"
"2472","M Carrasco","D Santella"
"2473","H Wilson","S Rainville"
"2474","K Johnston","T Macuda"
"2475","B Timney","T Macuda"
"2477","D Remus","M Meng"
"2478","F Tong","M Meng"
"2480","B Frost","F Poirier"
"2482","S Yeh","H Chang"
"2483","R Lier","T Wit"
"2490","N Qian","X Meng"
"2491","M Large","C Collin"
"2492","P McMullen","C Collin"
"2493","P McMullen","M Large"
"2494","A Flevaris","S Vecera"
"2495","J Filapek","S Vecera"
"2496","J Filapek","A Flevaris"
"2497","R Nelson","R Nelson"
"2498","D Sagi","R Shani"
"2499","I Razpurker-Apfeld","R Kimchi"
"2500","M Levine","J McAnany"
"2501","A Seiffert","F Tong"
"2502","J Enns","A Lleras"
"2503","C Ellsworth","J Newton"
"2504","T Miyakawa","J Newton"
"2505","T Miyakawa","C Ellsworth"
"2506","S Tonegawa","J Newton"
"2507","S Tonegawa","C Ellsworth"
"2508","S Tonegawa","T Miyakawa"
"2509","M Sur","J Newton"
"2510","M Sur","C Ellsworth"
"2511","M Sur","T Miyakawa"
"2512","M Sur","S Tonegawa"
"2513","F Roehrbein","S Wuerger"
"2514","G Meyer","S Wuerger"
"2515","G Meyer","F Roehrbein"
"2516","M Hofbauer","S Wuerger"
"2517","M Hofbauer","F Roehrbein"
"2518","M Hofbauer","G Meyer"
"2519","K Schill","S Wuerger"
"2520","K Schill","F Roehrbein"
"2521","K Schill","G Meyer"
"2522","K Schill","M Hofbauer"
"2523","C Zetzsche","S Wuerger"
"2524","C Zetzsche","F Roehrbein"
"2525","C Zetzsche","G Meyer"
"2526","C Zetzsche","M Hofbauer"
"2527","C Zetzsche","K Schill"
"2528","Y Osada","M Kobayashi"
"2529","T Ezzat","G Geiger"
"2530","T Poggio","G Geiger"
"2531","T Poggio","T Ezzat"
"2532","P Neil","C Chee-Ruiter"
"2533","C Scheier","C Chee-Ruiter"
"2534","C Scheier","P Neil"
"2535","D Lewkowicz","C Chee-Ruiter"
"2536","D Lewkowicz","P Neil"
"2537","D Lewkowicz","C Scheier"
"2538","S Shimojo","C Chee-Ruiter"
"2539","S Shimojo","P Neil"
"2540","S Shimojo","C Scheier"
"2541","S Shimojo","D Lewkowicz"
"2542","S Crewther","A Barutchu"
"2543","A Paolini","A Barutchu"
"2544","A Paolini","S Crewther"
"2545","D Crewther","A Barutchu"
"2547","D Crewther","A Paolini"
"2548","S Shimojo","B Sheth"
"2549","B Pasieka","H Kim"
"2550","M McCourt","H Kim"
"2551","M McCourt","B Pasieka"
"2555","J Lianekhammy","H Norman"
"2556","J Lianekhammy","J Norman"
"2557","J Lianekhammy","A Clayton"
"2558","G Zielke","H Norman"
"2559","G Zielke","J Norman"
"2560","G Zielke","A Clayton"
"2561","G Zielke","J Lianekhammy"
"2562","S Gepshtein","C Levitan"
"2563","M Banks","C Levitan"
"2565","T James","K Sobel"
"2567","R Blake","T James"
"2568","M Young","J Campos"
"2570","G Chan","M Young"
"2572","D Zhang","M Young"
"2574","C Ellard","J Campos"
"2575","C Ellard","M Young"
"2576","C Ellard","G Chan"
"2577","C Ellard","D Zhang"
"2579","H Sun","M Young"
"2582","H Sun","C Ellard"
"2583","D O'Carroll","A Straw"
"2584","N Scott-Samuel","N Scott-Samuel"
"2585","A Huisman","L Bukowski"
"2586","M Rivera","L Bukowski"
"2587","M Rivera","A Huisman"
"2588","H Hock","L Bukowski"
"2589","H Hock","A Huisman"
"2590","H Hock","M Rivera"
"2591","T Shipley","M Meyer"
"2592","F Pollick","H Paterson"
"2594","T Sato","S Kamiya"
"2595","S Engel","D Remus"
"2596","D Lindsey","K Claeys"
"2597","E Schutter","K Claeys"
"2598","E Schutter","D Lindsey"
"2599","P Hecke","K Claeys"
"2600","P Hecke","D Lindsey"
"2601","P Hecke","E Schutter"
"2602","G Orban","K Claeys"
"2603","G Orban","D Lindsey"
"2604","G Orban","E Schutter"
"2605","G Orban","P Hecke"
"2606","P Warren","E Graf"
"2607","L Maloney","E Graf"
"2608","L Maloney","P Warren"
"2611","A Saidpour","C Sauer"
"2612","A Saidpour","G Andersen"
"2614","P Mamassian","B Friedrich"
"2615","P Mamassian","M Hadjigeorgieva"
"2616","G Kennedy","G Loffler"
"2617","H Orbach","G Loffler"
"2618","H Orbach","G Kennedy"
"2619","G Gordon","G Loffler"
"2620","G Gordon","G Kennedy"
"2621","G Gordon","H Orbach"
"2622","S Grossberg","J Berzhanskaya"
"2623","E Mingolla","J Berzhanskaya"
"2624","E Mingolla","S Grossberg"
"2625","M Nawrot","M Nawrot"
"2626","A Dolia","M Lages"
"2627","E Graf","M Lages"
"2628","E Graf","A Dolia"
"2629","T Albright","G Stoner"
"2630","J Hegde'","G Stoner"
"2631","J Hegde'","T Albright"
"2632","R Gray","R Sieffert"
"2633","J Culham","D Quinlan"
"2634","M Goodale","D Quinlan"
"2643","J Wallace","P Mamassian"
"2645","M Su","T Berger"
"2646","M Su","M Martelli"
"2647","M Aguayo","T Berger"
"2648","M Aguayo","M Martelli"
"2649","M Aguayo","M Su"
"2652","D Pelli","M Su"
"2653","D Pelli","M Aguayo"
"2654","S Thorn","F Thorn"
"2655","J He","F Thorn"
"2656","J He","S Thorn"
"2657","T Thompson","F Florer"
"2658","C Jadeja","F Florer"
"2659","C Jadeja","T Thompson"
"2660","I Gauthier","A Wong"
"2661","J Owens","J Brooks"
"2662","B Stephens","J Brooks"
"2663","B Stephens","J Owens"
"2664","R Tyrrell","J Brooks"
"2665","R Tyrrell","J Owens"
"2666","R Tyrrell","B Stephens"
"2667","B Tjan","N Schwartz"
"2668","S Chung","N Schwartz"
"2670","S Roy","K James"
"2671","I Gauthier","K James"
"2672","I Gauthier","S Roy"
"2673","Y Liang","N Majaj"
"2675","M Martelli","Y Liang"
"2677","T Berger","Y Liang"
"2680","D Pelli","Y Liang"
"2683","E Fine","E Fine"
"2684","G Legge","S Chung"
"2685","A Ortiz","S Chung"
"2686","A Ortiz","G Legge"
"2687","A Ahumada","L Scharff"
"2688","J Raymond","M Jackson"
"2689","I Boutet","K Borrmann"
"2690","A Chaudhuri","K Borrmann"
"2691","A Chaudhuri","I Boutet"
"2692","F Gosselin","E McCabe"
"2693","M Arguin","E McCabe"
"2694","M Arguin","F Gosselin"
"2695","I Thornton","K Pilz"
"2696","H Bülthoff","K Pilz"
"2697","H Bülthoff","I Thornton"
"2698","P Schyns","K Curby"
"2699","F Gosselin","K Curby"
"2701","I Gauthier","K Curby"
"2702","I Gauthier","P Schyns"
"2703","I Gauthier","F Gosselin"
"2704","J Yamashita","C Paras"
"2705","M Simas","C Paras"
"2706","M Simas","J Yamashita"
"2707","M Webster","C Paras"
"2708","M Webster","J Yamashita"
"2709","M Webster","M Simas"
"2710","Q Vuong","J Peissig"
"2711","M Harrison","J Peissig"
"2712","M Harrison","Q Vuong"
"2713","M Tarr","J Peissig"
"2714","M Tarr","Q Vuong"
"2715","M Tarr","M Harrison"
"2716","J Husk","C Gaspar"
"2717","A Sekuler","C Gaspar"
"2718","A Sekuler","J Husk"
"2719","P Bennett","C Gaspar"
"2720","P Bennett","J Husk"
"2722","F Newell","I Bülthoff"
"2723","M Moscovitch","J Psychology"
"2724","M Cadieux","J Psychology"
"2725","M Cadieux","M Moscovitch"
"2726","D Maurer","R Grand"
"2727","C Mondloch","R Grand"
"2728","C Mondloch","D Maurer"
"2729","B Duchaine","R Grand"
"2730","B Duchaine","D Maurer"
"2731","B Duchaine","C Mondloch"
"2732","N Sagiv","R Grand"
"2733","N Sagiv","D Maurer"
"2734","N Sagiv","C Mondloch"
"2735","N Sagiv","B Duchaine"
"2736","B Gelder","R Grand"
"2737","B Gelder","D Maurer"
"2738","B Gelder","C Mondloch"
"2739","B Gelder","B Duchaine"
"2740","B Gelder","N Sagiv"
"2741","M Mangini","M Greene"
"2743","I Biederman","M Mangini"
"2744","J Liu","A Harris"
"2745","B Duchaine","A Harris"
"2746","B Duchaine","J Liu"
"2747","K Nakayama","A Harris"
"2748","K Nakayama","J Liu"
"2753","P Schyns","C Vinette"
"2754","P Schyns","B Bacon"
"2756","P Sinha","A Andalman"
"2757","I Jentzsch","M Smith"
"2758","F Gosselin","M Smith"
"2759","F Gosselin","I Jentzsch"
"2760","P Schyns","M Smith"
"2761","P Schyns","I Jentzsch"
"2763","B Stephens","A Ward"
"2764","J Dannemiller","A Ward"
"2766","M Tarr","Y Cheng"
"2767","Y Osada","M Honma"
"2768","M Mangini","X Yue"
"2769","I Biederman","X Yue"
"2771","C Wallraven","A Schwaninger"
"2772","S Schuhmacher","A Schwaninger"
"2773","S Schuhmacher","C Wallraven"
"2774","H Buelthoff","A Schwaninger"
"2775","H Buelthoff","C Wallraven"
"2776","H Buelthoff","S Schuhmacher"
"2777","I Gauthier","T Vickery"
"2778","F Cutu","Y Zhu"
"2779","P Mamassian","W Adams"
"2780","Q Zaidi","A Li"
"2781","J Wagemans","P Rosas"
"2782","M Anes","L Hecht"
"2783","M Ichikawa","M Ichikawa"
"2784","H Ando","H Ando"
"2785","A Alexander","A Yonas"
"2786","J Jacques","A Yonas"
"2787","J Jacques","A Alexander"
"2788","P Mamassian","P Warren"
"2789","J Hillis","J Burge"
"2790","M Landy","J Burge"
"2792","M Banks","J Burge"
"2795","Q Zaidi","F Griffiths"
"2796","A Deubelius","A Welchman"
"2797","S Maier","A Welchman"
"2798","S Maier","A Deubelius"
"2799","H Bülthoff","A Welchman"
"2801","H Bülthoff","S Maier"
"2802","Z Kourtzi","A Welchman"
"2804","Z Kourtzi","S Maier"
"2806","J Häkkinen","I Kojo"
"2808","J Simola","J Häkkinen"
"2809","R Wildes","L Wilcox"
"2810","D Lakra","L Wilcox"
"2811","D Lakra","R Wildes"
"2812","K Matsumiya","Y Sakano"
"2813","H Kaneko","Y Sakano"
"2818","N Troje","L Jimenez-Ortega"
"2819","D Kakehi","S Shioiri"
"2820","T Tashiro","S Shioiri"
"2821","T Tashiro","D Kakehi"
"2823","H Yaguchi","D Kakehi"
"2824","H Yaguchi","T Tashiro"
"2825","L Stone","K Brooks"
"2826","M Braunstein","H Zhong"
"2827","V Tuck","P Dean"
"2829","J Harris","V Tuck"
"2830","P Gamlin","E Gamphe"
"2831","J Solberg","J Brown"
"2832","M Carrasco","F Pestilli"
"2833","H Tse","Z Lu"
"2835","B Dosher","H Tse"
"2837","L Lesmes","H Tse"
"2839","C Posner","Z Lu"
"2840","C Posner","H Tse"
"2841","C Posner","B Dosher"
"2842","C Posner","L Lesmes"
"2844","W Chu","H Tse"
"2846","W Chu","L Lesmes"
"2847","W Chu","C Posner"
"2848","B Krekelberg","A Rezec"
"2849","K Dobkins","A Rezec"
"2851","T Papathomas","W Sohn"
"2852","E Blaser","W Sohn"
"2855","Z Vidnyánszky","T Papathomas"
"2856","Z Vidnyánszky","E Blaser"
"2857","J Dannemiller","J Dannemiller"
"2858","M Grünau","A Vecchio"
"2859","A Seiffert","A Seiffert"
"2863","K Yokosawa","Y Hibi"
"2865","S Cook","S Crewther"
"2866","S Cook","D Crewther"
"2867","H Fuller","A Reeves"
"2868","E Fine","A Reeves"
"2869","E Fine","H Fuller"
"2870","Z Lu","S Jeon"
"2871","B Dosher","S Jeon"
