"","from","to"
"1","M Zhu","D Yang"
"2","R Hertle","D Yang"
"3","R Hertle","M Zhu"
"4","T Chiu","M Berryhill"
"5","H Hughes","M Berryhill"
"6","H Hughes","T Chiu"
"7","N Mennie","D Braun"
"8","K Gegenfurtner","D Braun"
"9","K Gegenfurtner","N Mennie"
"10","S Lomber","C Ponce"
"11","R Born","C Ponce"
"12","R Born","S Lomber"
"13","M Spering","A Montagnini"
"14","G Masson","A Montagnini"
"15","G Masson","M Spering"
"16","S Shioiri","K Matsumiya"
"17","N Fogt","A Toole"
"18","P Sinha","R Russell"
"19","F Newell","I Bülthoff"
"20","P Phillips","A O'Toole"
"21","F Jiang","A O'Toole"
"22","F Jiang","P Phillips"
"23","J Ayyad","A O'Toole"
"24","J Ayyad","P Phillips"
"25","J Ayyad","F Jiang"
"26","N Pénard","A O'Toole"
"27","N Pénard","P Phillips"
"28","N Pénard","F Jiang"
"29","N Pénard","J Ayyad"
"30","H Abdi","A O'Toole"
"31","H Abdi","P Phillips"
"32","H Abdi","F Jiang"
"33","H Abdi","J Ayyad"
"34","H Abdi","N Pénard"
"35","H Abdi","D Roark"
"36","A O'Toole","D Roark"
"38","S Kanazawa","E Nakato"
"39","M Yamaguchi","E Nakato"
"40","M Yamaguchi","S Kanazawa"
"41","Y Osada","R Nakata"
"42","T Sato","Y Tani"
"43","I Hooge","T Borra"
"44","F Verstraten","T Borra"
"45","F Verstraten","I Hooge"
"46","D Sheinberg","L Woloszyn"
"47","H Wilson","F Poirier"
"48","V Izard","A Grace"
"49","K Shutts","A Grace"
"50","K Shutts","V Izard"
"51","S Dehaene","A Grace"
"52","S Dehaene","V Izard"
"53","S Dehaene","K Shutts"
"54","E Spelke","A Grace"
"55","E Spelke","V Izard"
"56","E Spelke","K Shutts"
"57","E Spelke","S Dehaene"
"58","B Liby","J Friedenberg"
"59","G Jensen","T Malloy"
"60","H Orbach","G Kennedy"
"61","G Loffler","G Kennedy"
"62","G Loffler","H Orbach"
"63","M Singh","J Feldman"
"64","G Sperling","L Lin"
"65","D Sacks","A Hollingworth"
"66","C Gonzalez","T Ganel"
"67","K Valyear","T Ganel"
"68","K Valyear","C Gonzalez"
"69","J Culham","T Ganel"
"70","J Culham","C Gonzalez"
"71","J Culham","K Valyear"
"72","M Goodale","T Ganel"
"73","M Goodale","C Gonzalez"
"74","M Goodale","K Valyear"
"75","M Goodale","J Culham"
"76","S Köhler","T Ganel"
"77","S Köhler","C Gonzalez"
"78","S Köhler","K Valyear"
"79","S Köhler","J Culham"
"80","S Köhler","M Goodale"
"81","Y Jiang","R Sussman"
"82","J Spencer","J Johnson"
"83","L Jakobson","P Pearson"
"84","S Harrison","J Todd"
"85","R Marois","J Todd"
"86","R Marois","S Harrison"
"87","T Nilsson","T Nilsson"
"88","E Vogel","A McCollough"
"89","H Bowman","B Wyble"
"90","A Ikkai","E Vogel"
"91","V Perez","E Vogel"
"92","V Perez","A Ikkai"
"93","T Makovski","Y Shen"
"94","Y Jiang","Y Shen"
"95","Y Jiang","T Makovski"
"96","G Alvarez","T Carlson"
"97","E Blaser","V Niederhoefer"
"98","I Olson","Y Ezzyat"
"99","M Mozer","H Lee"
"100","S Vecera","H Lee"
"101","S Vecera","M Mozer"
"102","S Jeong","J Ahn"
"103","M Kim","J Ahn"
"104","M Kim","S Jeong"
"105","M Beck","B Angelone"
"106","K Amante","B Angelone"
"107","K Amante","M Beck"
"108","K Sikorski","B Angelone"
"109","K Sikorski","M Beck"
"110","K Sikorski","K Amante"
"111","A Materna","B Angelone"
"112","A Materna","M Beck"
"113","A Materna","K Amante"
"114","A Materna","K Sikorski"
"115","U Polat","Y Bonneh"
"116","M Tsodyks","Y Bonneh"
"117","M Tsodyks","U Polat"
"118","J Pettigrew","O Carter"
"119","F Hasler","O Carter"
"120","F Hasler","J Pettigrew"
"121","G Wallis","O Carter"
"122","G Wallis","J Pettigrew"
"123","G Wallis","F Hasler"
"124","F Vollenweider","O Carter"
"125","F Vollenweider","J Pettigrew"
"126","F Vollenweider","F Hasler"
"127","F Vollenweider","G Wallis"
"128","R Blake","S Chong"
"129","M Meng","E Ferneyhough"
"130","F Tong","E Ferneyhough"
"131","F Tong","M Meng"
"132","R Blake","M Kang"
"133","A Buckthought","J Kim"
"134","H Wilson","J Kim"
"135","H Wilson","A Buckthought"
"136","S Abe","E Kimura"
"137","K Goryo","E Kimura"
"138","K Goryo","S Abe"
"139","C Paffen","T Knapen"
"140","R Kanai","T Knapen"
"141","R Kanai","C Paffen"
"142","R Ee","T Knapen"
"143","R Ee","C Paffen"
"144","R Ee","R Kanai"
"145","G Rees","P Sterzer"
"146","R Ee","A Noest"
"147","R Wezel","A Noest"
"148","R Wezel","R Ee"
"149","D Sobel","S Mitroff"
"150","A Gopnik","S Mitroff"
"151","A Gopnik","D Sobel"
"152","C Kallie","R Sundareswara"
"153","P Schrater","R Sundareswara"
"154","P Schrater","C Kallie"
"155","Y Sakaguchi","D Yoshino"
"156","K Mullen","S Leh"
"157","A Ptito","S Leh"
"158","A Ptito","K Mullen"
"159","M Ambinder","D Simons"
"160","X Wan","D Simons"
"161","X Wan","M Ambinder"
"162","G Nevarez","D Simons"
"163","G Nevarez","M Ambinder"
"164","G Nevarez","X Wan"
"165","E Caddigan","D Simons"
"166","E Caddigan","M Ambinder"
"167","E Caddigan","X Wan"
"168","E Caddigan","G Nevarez"
"169","L Lanagan","C Moore"
"170","G Wallis","A Burmester"
"171","K Mogi","F Taya"
"172","C Chubb","S Kies"
"173","G Loffler","C Kempgens"
"174","H Orbach","C Kempgens"
"176","D Merwine","S Chatterjee"
"177","N Grzywacz","S Chatterjee"
"178","N Grzywacz","D Merwine"
"179","M Gangi","H Ishikane"
"180","S Honda","H Ishikane"
"181","S Honda","M Gangi"
"182","S Usui","H Ishikane"
"183","S Usui","M Gangi"
"184","S Usui","S Honda"
"185","M Tachibana","H Ishikane"
"186","M Tachibana","M Gangi"
"187","M Tachibana","S Honda"
"188","M Tachibana","S Usui"
"189","W Barnes","B Ebisch"
"190","Y Egenolf","B Ebisch"
"191","Y Egenolf","W Barnes"
"192","S Lomber","B Ebisch"
"193","S Lomber","W Barnes"
"194","S Lomber","Y Egenolf"
"195","R Galuske","B Ebisch"
"196","R Galuske","W Barnes"
"197","R Galuske","Y Egenolf"
"198","R Galuske","S Lomber"
"199","M Harrison","B Anderson"
"200","D Sheinberg","B Anderson"
"201","D Sheinberg","M Harrison"
"202","X Chen","W Jermakowicz"
"203","I Khaytin","W Jermakowicz"
"204","I Khaytin","X Chen"
"205","Z Zhou","W Jermakowicz"
"206","Z Zhou","X Chen"
"207","Z Zhou","I Khaytin"
"208","M Bernard","W Jermakowicz"
"209","M Bernard","X Chen"
"210","M Bernard","I Khaytin"
"211","M Bernard","Z Zhou"
"212","A Bonds","W Jermakowicz"
"213","A Bonds","X Chen"
"214","A Bonds","I Khaytin"
"215","A Bonds","Z Zhou"
"216","A Bonds","M Bernard"
"217","V Casagrande","W Jermakowicz"
"218","V Casagrande","X Chen"
"219","V Casagrande","I Khaytin"
"220","V Casagrande","Z Zhou"
"221","V Casagrande","M Bernard"
"222","V Casagrande","A Bonds"
"229","D Arnold","K Amano"
"230","A Johnston","K Amano"
"231","A Johnston","D Arnold"
"232","T Takeda","K Amano"
"233","T Takeda","D Arnold"
"234","T Takeda","A Johnston"
"235","A Arditi","J Ferwerda"
"236","T Wüstenberg","H Strasburger"
"237","W Gerbino","S Rigutti"
"238","S Gowrisankaran","J Sheedy"
"239","I Davies","J Huber"
"240","N Stringer","J Huber"
"241","N Stringer","I Davies"
"242","C O'Neil","J Huber"
"243","C O'Neil","I Davies"
"244","C O'Neil","N Stringer"
"245","L Barnes","L McLin"
"246","B Novar","L McLin"
"247","B Novar","L Barnes"
"248","G Martinsen","L McLin"
"249","G Martinsen","L Barnes"
"250","G Martinsen","B Novar"
"251","P Garcia","L McLin"
"252","P Garcia","L Barnes"
"253","P Garcia","B Novar"
"254","P Garcia","G Martinsen"
"255","N Wechsler","F DaSilva"
"256","M McBeath","F DaSilva"
"257","M McBeath","N Wechsler"
"258","T Sugar","F DaSilva"
"259","T Sugar","N Wechsler"
"260","T Sugar","M McBeath"
"261","E Amazeen","F DaSilva"
"262","E Amazeen","N Wechsler"
"263","E Amazeen","M McBeath"
"264","E Amazeen","T Sugar"
"265","C Presson","F DaSilva"
"266","C Presson","N Wechsler"
"267","C Presson","M McBeath"
"268","C Presson","T Sugar"
"269","C Presson","E Amazeen"
"270","J Koeneman","F DaSilva"
"271","J Koeneman","N Wechsler"
"272","J Koeneman","M McBeath"
"273","J Koeneman","T Sugar"
"274","J Koeneman","E Amazeen"
"275","J Koeneman","C Presson"
"276","T Freeman","J Souman"
"277","T Freeman","T Freeman"
"278","K Gegenfurtner","M Spering"
"279","E FitzGibbon","B Sheliga"
"280","F Miles","B Sheliga"
"281","F Miles","E FitzGibbon"
"282","M Rohe","A Kaminiarz"
"283","B Krekelberg","A Kaminiarz"
"284","B Krekelberg","M Rohe"
"285","F Bremmer","A Kaminiarz"
"286","F Bremmer","M Rohe"
"287","F Bremmer","B Krekelberg"
"288","G D'Avossa","M Morrone"
"289","M Tosetti","M Morrone"
"290","M Tosetti","G D'Avossa"
"291","D Burr","M Morrone"
"292","D Burr","G D'Avossa"
"293","D Burr","M Tosetti"
"294","K Nakayama","A Harris"
"295","C Piatt","J Tanaka"
"296","J Sadr","J Tanaka"
"297","J Sadr","C Piatt"
"298","G Rousselet","M Fabre-Thorpe"
"299","M Macé","M Fabre-Thorpe"
"300","M Macé","G Rousselet"
"301","S Thorpe","M Fabre-Thorpe"
"302","S Thorpe","G Rousselet"
"303","S Thorpe","M Macé"
"304","R Bryan","J Haxby"
"305","M Gobbini","J Haxby"
"306","M Gobbini","R Bryan"
"307","M Gobbini","A Engell"
"308","J Haxby","A Engell"
"310","G Avidan","C Thomas"
"311","K Jung","C Thomas"
"312","K Jung","G Avidan"
"313","M Behrmann","C Thomas"
"314","M Behrmann","G Avidan"
"315","M Behrmann","K Jung"
"316","M Singh","J Fulvio"
"317","L Maloney","J Fulvio"
"318","L Maloney","M Singh"
"319","Y Li","L Sharan"
"320","E Adelson","L Sharan"
"321","E Adelson","Y Li"
"322","M Tappen","E Adelson"
"323","W Freeman","E Adelson"
"324","W Freeman","M Tappen"
"326","Y Li","M Tappen"
"327","Y Li","W Freeman"
"328","W Geisler","A Ing"
"329","G Desbordes","M Rucci"
"330","R Iovin","M Rucci"
"331","R Iovin","G Desbordes"
"332","F Santini","M Rucci"
"333","F Santini","G Desbordes"
"334","F Santini","R Iovin"
"335","M Zirnsak","F Hamker"
"336","D Calow","F Hamker"
"337","D Calow","M Zirnsak"
"338","M Lappe","F Hamker"
"339","M Lappe","M Zirnsak"
"340","M Lappe","D Calow"
"341","C Taylor","P Bennett"
"342","A Sekuler","P Bennett"
"343","A Sekuler","C Taylor"
"344","D Bressler","D Whitney"
"345","M Gur","M Snodderly"
"346","N LaMendola","D Zaksas"
"347","T Pasternak","D Zaksas"
"348","T Pasternak","N LaMendola"
"349","J Assad","D Freedman"
"350","B Pesaran","B Lee"
"351","R Andersen","B Lee"
"352","R Andersen","B Pesaran"
"353","S Morel","J Lorenceau"
"354","A Caclin","J Lorenceau"
"355","A Caclin","S Morel"
"356","C Tallon-Baudry","J Lorenceau"
"357","C Tallon-Baudry","S Morel"
"358","C Tallon-Baudry","A Caclin"
"359","M Wall","A Smith"
"360","A Lingnau","A Smith"
"361","A Lingnau","M Wall"
"362","H Ashida","A Smith"
"363","H Ashida","M Wall"
"364","H Ashida","A Lingnau"
"365","Z Liu","B Thompson"
"369","M Eckstein","C Abbey"
"370","Y Morgenstern","J Elder"
"371","M Landy","I Oruc"
"372","C Tyler","S Klein"
"373","L Sharpe","A Stockman"
"374","M Michaelides","A Stockman"
"375","M Michaelides","L Sharpe"
"376","A Moore","A Stockman"
"377","A Moore","L Sharpe"
"378","A Moore","M Michaelides"
"379","A Webster","A Stockman"
"380","A Webster","L Sharpe"
"381","A Webster","M Michaelides"
"382","A Webster","A Moore"
"383","H Smithson","A Stockman"
"384","H Smithson","L Sharpe"
"385","H Smithson","M Michaelides"
"386","H Smithson","A Moore"
"387","H Smithson","A Webster"
"388","G Horwitz","V Posina"
"389","T Albright","V Posina"
"390","T Albright","G Horwitz"
"391","B Breitmeyer","H Ogmen"
"392","H Kafaligonul","H Ogmen"
"393","H Kafaligonul","B Breitmeyer"
"394","S Todd","H Ogmen"
"395","S Todd","B Breitmeyer"
"396","S Todd","H Kafaligonul"
"397","L Mardon","H Ogmen"
"398","L Mardon","B Breitmeyer"
"399","L Mardon","H Kafaligonul"
"400","L Mardon","S Todd"
"401","R Ziegler","H Ogmen"
"402","R Ziegler","B Breitmeyer"
"403","R Ziegler","H Kafaligonul"
"404","R Ziegler","S Todd"
"405","R Ziegler","L Mardon"
"406","D Alais","J Cass"
"407","I Motoyoshi","I Motoyoshi"
"408","S Min","M Kim"
"409","K Kim","M Kim"
"410","K Kim","S Min"
"411","B Won","M Kim"
"412","B Won","S Min"
"413","B Won","K Kim"
"414","M Kim","S Han"
"415","M Kim","H Kim"
"416","M Kim","J Kim"
"417","M Chun","J Kim"
"418","M Chun","M Kim"
"419","S Yeh","W Chou"
"420","M Gerrie","K Sobel"
"421","M Kane","K Sobel"
"422","M Kane","M Gerrie"
"423","B Poole","K Sobel"
"424","B Poole","M Gerrie"
"425","B Poole","M Kane"
"426","M Chun","J Golomb"
"427","L Baugh","L Rhode"
"428","P Pearson","L Rhode"
"429","P Pearson","L Baugh"
"430","L Jakobson","L Rhode"
"431","L Jakobson","L Baugh"
"433","J Marotta","L Rhode"
"434","J Marotta","L Baugh"
"435","J Marotta","P Pearson"
"436","J Marotta","L Jakobson"
"437","S Thompson-Schill","D Morales"
"438","D Levin","D Varakin"
"439","H Bruggeman","J Cohen"
"440","W Warren","J Cohen"
"441","W Warren","H Bruggeman"
"442","D Rothman","H Bruggeman"
"444","W Warren","D Rothman"
"445","R Gilmore","K Soska"
"446","B Fajen","G Diaz"
"447","B Fajen","B Fajen"
"448","G Legge","A Kalia"
"449","N Giudice","A Kalia"
"450","N Giudice","G Legge"
"451","L Lichtenstein","R Woods"
"452","A Mandel","R Woods"
"453","A Mandel","L Lichtenstein"
"454","E Peli","R Woods"
"455","E Peli","L Lichtenstein"
"456","E Peli","A Mandel"
"457","W Warren","W Warren"
"459","M Harrison","H Zhong"
"460","W Warren","H Zhong"
"461","W Warren","M Harrison"
"462","W Warren","J Owens"
"463","H Zhao","L Wu"
"464","Q Liu","L Wu"
"465","Q Liu","H Zhao"
"466","J Campos","L Wu"
"467","J Campos","H Zhao"
"468","J Campos","Q Liu"
"469","H Sun","L Wu"
"470","H Sun","H Zhao"
"471","H Sun","Q Liu"
"472","H Sun","J Campos"
"473","S O'Leary","J Philbeck"
"474","T Sato","T Seno"
"475","T Hashimoto","M Kitazaki"
"476","E Spelke","S Lee"
"477","A Seitz","R Kim"
"478","L Shams","R Kim"
"479","L Shams","A Seitz"
"481","V Wassenhove","L Shams"
"482","V Wassenhove","A Seitz"
"483","P Bennett","Z Hussain"
"484","A Sekuler","Z Hussain"
"486","M Eckstein","M Peterson"
"487","Z Lu","W Chu"
"488","B Dosher","W Chu"
"489","B Dosher","Z Lu"
"490","B Pham","M Eckstein"
"492","C Abbey","B Pham"
"493","Y Zhang","M Eckstein"
"494","Y Zhang","B Pham"
"495","Y Zhang","C Abbey"
"496","K Kurosawa","N Matthews"
"497","K Strong","N Matthews"
"498","K Strong","K Kurosawa"
"499","J Náñez","A Seitz"
"500","S Holloway","A Seitz"
"501","S Holloway","J Náñez"
"502","T Watanabe","A Seitz"
"503","T Watanabe","J Náñez"
"504","T Watanabe","S Holloway"
"505","M Grünau","A Vavassis"
"506","S Engel","G Heckman"
"507","Y Tsushima","S Holloway"
"509","J Náñez","Y Tsushima"
"511","T Watanabe","Y Tsushima"
"514","A Seitz","Y Tsushima"
"517","B Dosher","P Jeter"
"518","Z Lu","P Jeter"
"520","H Lu","Z Liu"
"521","X Huang","Z Liu"
"522","X Huang","H Lu"
"523","Y Zhou","Z Liu"
"524","Y Zhou","H Lu"
"525","Y Zhou","X Huang"
"526","J Serences","S Mednick"
"527","G Boynton","S Mednick"
"528","G Boynton","J Serences"
"529","E Awh","S Mednick"
"530","E Awh","J Serences"
"531","E Awh","G Boynton"
"532","A Seitz","S Nishina"
"533","M Kawato","S Nishina"
"534","M Kawato","A Seitz"
"535","T Watanabe","S Nishina"
"537","T Watanabe","M Kawato"
"538","N Grzywacz","M Padilla"
"539","A Petrov","A Petrov"
"540","A Provost","R Li"
"541","J Sung","R Li"
"542","J Sung","A Provost"
"543","J Nguyen","R Li"
"544","J Nguyen","A Provost"
"545","J Nguyen","J Sung"
"546","K Young","R Li"
"547","K Young","A Provost"
"548","K Young","J Sung"
"549","K Young","J Nguyen"
"550","P Hoenig","R Li"
"551","P Hoenig","A Provost"
"552","P Hoenig","J Sung"
"553","P Hoenig","J Nguyen"
"554","P Hoenig","K Young"
"555","D Levi","R Li"
"556","D Levi","A Provost"
"557","D Levi","J Sung"
"558","D Levi","J Nguyen"
"559","D Levi","K Young"
"560","D Levi","P Hoenig"
"561","B Backus","Q Haijiang"
"562","K Scott","E Davis"
"563","K Hailston","E Davis"
"564","K Hailston","K Scott"
"565","J Pair","E Davis"
"566","J Pair","K Scott"
"567","J Pair","K Hailston"
"568","L Hodges","E Davis"
"569","L Hodges","K Scott"
"570","L Hodges","K Hailston"
"571","L Hodges","J Pair"
"572","E Weston","D Alais"
"573","P Mamassian","T Andersen"
"574","T Watanabe","A Beer"
"575","S Gilman","L Heller"
"576","K Sripada","L Heller"
"577","K Sripada","S Gilman"
"578","E Helman","L Heller"
"579","E Helman","S Gilman"
"580","E Helman","K Sripada"
"581","L Shams","S Watkins"
"582","G Rees","S Watkins"
"583","G Rees","L Shams"
"584","L Shams","D Wozny"
"585","A Kilgour","T James"
"586","P Servos","T James"
"587","P Servos","A Kilgour"
"588","R Kitada","T James"
"589","R Kitada","A Kilgour"
"590","R Kitada","P Servos"
"591","E Huh","T James"
"592","E Huh","A Kilgour"
"593","E Huh","P Servos"
"594","E Huh","R Kitada"
"595","S Lederman","T James"
"596","S Lederman","A Kilgour"
"597","S Lederman","P Servos"
"598","S Lederman","R Kitada"
"599","S Lederman","E Huh"
"600","J Loomis","N Giudice"
"601","E Ricciardi","H Helbig"
"602","P Pietrini","H Helbig"
"603","P Pietrini","E Ricciardi"
"604","M Ernst","H Helbig"
"605","M Ernst","E Ricciardi"
"606","M Ernst","P Pietrini"
"607","R Klatzky","B Wu"
"608","D Shelton","B Wu"
"609","D Shelton","R Klatzky"
"610","G Stetten","B Wu"
"611","G Stetten","R Klatzky"
"612","G Stetten","D Shelton"
"613","M Ernst","I Frissen"
"614","A Beer","M Batson"
"615","T Watanabe","M Batson"
"617","M Jenkin","R Dyde"
"618","H Jenkin","R Dyde"
"619","H Jenkin","M Jenkin"
"620","J Zacher","R Dyde"
"621","J Zacher","M Jenkin"
"622","J Zacher","H Jenkin"
"623","L Harris","R Dyde"
"624","L Harris","M Jenkin"
"625","L Harris","H Jenkin"
"626","L Harris","J Zacher"
"627","B Rowland","G Gingras"
"628","B Stein","G Gingras"
"629","B Stein","B Rowland"
"633","E MacLean","K Jordan"
"634","E Brannon","K Jordan"
"635","E Brannon","E MacLean"
"636","M Taylor","M Latinus"
"637","C Levitan","P MacNeilage"
"638","M Banks","P MacNeilage"
"639","M Banks","C Levitan"
"640","P Mamassian","D McCormick"
"641","B Sachtler","T Seizova-Cajic"
"642","M Georgeson","M Georgeson"
"643","Z Lu","S Jeon"
"644","B Dosher","S Jeon"
"646","J Wagge","L Olzak"
"647","R Thomas","L Olzak"
"648","R Thomas","J Wagge"
"649","G Henning","F Wichmann"
"650","R Gurnsey","S Sally"
"651","C Taylor","S Govenlock"
"652","A Sekuler","S Govenlock"
"654","P Bennett","S Govenlock"
"657","R Allard","I Legault"
"658","J Faubert","I Legault"
"659","J Faubert","R Allard"
"660","D Pelli","J Baron"
"661","L Olzak","M Kramer"
"662","D Holmes","T Meese"
"663","J Solomon","C Chubb"
"664","M Morgan","C Chubb"
"665","M Morgan","J Solomon"
"666","A Wade","S McKee"
"667","Y Petrov","S McKee"
"668","Y Petrov","A Wade"
"669","A Norcia","S McKee"
"670","A Norcia","A Wade"
"671","A Norcia","Y Petrov"
"672","P Hottenroth","T Meigen"
"673","A Ashurova","M Conte"
"674","L Ponticello","M Conte"
"675","L Ponticello","A Ashurova"
"676","E Kobylarz","M Conte"
"677","E Kobylarz","A Ashurova"
"678","E Kobylarz","L Ponticello"
"679","D Labar","M Conte"
"680","D Labar","A Ashurova"
"681","D Labar","L Ponticello"
"682","D Labar","E Kobylarz"
"683","J Victor","M Conte"
"684","J Victor","A Ashurova"
"685","J Victor","L Ponticello"
"686","J Victor","E Kobylarz"
"687","J Victor","D Labar"
"689","C Chubb","J Victor"
"690","C Chubb","A Ashurova"
"693","M Conte","C Chubb"
"694","Y Nagai","T Maddess"
"695","J Victor","T Maddess"
"696","J Victor","Y Nagai"
"697","Y Nakajima","K Maruya"
"698","T Sato","K Maruya"
"699","T Sato","Y Nakajima"
"700","R Gurnsey","F Xavier"
"701","C Mortin","C Baker"
"702","N Prins","C Baker"
"703","N Prins","C Mortin"
"704","F Kingdom","C Baker"
"705","F Kingdom","C Mortin"
"706","F Kingdom","N Prins"
"707","S Dumoulin","C Baker"
"708","S Dumoulin","C Mortin"
"709","S Dumoulin","N Prins"
"710","S Dumoulin","F Kingdom"
"711","B Hansen","R Hess"
"712","S Boehnke","D Berg"
"713","R Marino","D Berg"
"714","R Marino","S Boehnke"
"715","P Baldi","D Berg"
"716","P Baldi","S Boehnke"
"717","P Baldi","R Marino"
"718","D Munoz","D Berg"
"719","D Munoz","S Boehnke"
"720","D Munoz","R Marino"
"721","D Munoz","P Baldi"
"722","L Itti","D Berg"
"723","L Itti","S Boehnke"
"724","L Itti","R Marino"
"725","L Itti","P Baldi"
"726","L Itti","D Munoz"
"727","J Dannemiller","A Brauer"
"728","A Koç","B Breitmeyer"
"729","H Öğmen","B Breitmeyer"
"730","H Öğmen","A Koç"
"732","A Seiffert","H Fehd"
"733","D Stoebling","J Highsmith"
"734","P Gulla","J Highsmith"
"735","P Gulla","D Stoebling"
"736","M Crognale","J Highsmith"
"737","M Crognale","D Stoebling"
"738","M Crognale","P Gulla"
"739","K Yokosawa","A Nishimura"
"740","E Pechenkova","E Pechenkova"
"741","T Papathomas","C Tseng"
"742","Z Vidnyanszky","C Tseng"
"743","Z Vidnyanszky","T Papathomas"
"744","C Galera","M Grünau"
"745","A Panagopoulos","M Grünau"
"746","A Panagopoulos","C Galera"
"747","M Cavallet","M Grünau"
"748","M Cavallet","C Galera"
"749","M Cavallet","A Panagopoulos"
"750","A Hillstrom","J Wong"
"751","M Peterson","J Wong"
"752","M Peterson","A Hillstrom"
"753","C Chubb","S Wong-Drew"
"754","G Sperling","S Wong-Drew"
"755","G Sperling","C Chubb"
"756","Y Yeshurun","Y Yeshurun"
"757","M Carrasco","B Montagna"
"758","J Gobell","R Rodriguez"
"759","S Fuller","R Rodriguez"
"760","S Fuller","J Gobell"
"761","M Carrasco","R Rodriguez"
"762","M Carrasco","J Gobell"
"763","M Carrasco","S Fuller"
"764","P Garcia","T Kuyk"
"765","W Brockmeier","T Kuyk"
"766","W Brockmeier","P Garcia"
"767","R Gorsche","T Kuyk"
"768","R Gorsche","P Garcia"
"769","R Gorsche","W Brockmeier"
"770","G Martinsen","T Kuyk"
"772","G Martinsen","W Brockmeier"
"773","G Martinsen","R Gorsche"
"774","P Edsall","H Zwick"
"775","L Hare","H Zwick"
"776","L Hare","P Edsall"
"777","J Ness","H Zwick"
"778","J Ness","P Edsall"
"779","J Ness","L Hare"
"780","S Webster","Y Mizokami"
"781","M Webster","Y Mizokami"
"782","M Webster","S Webster"
"783","K Mullen","P Huang"
"784","R Hess","P Huang"
"785","R Hess","K Mullen"
"786","Y Hirano","S Naito"
"787","S Kikuchi","S Naito"
"788","S Kikuchi","Y Hirano"
"789","S Klauke","T Wachtler"
"790","K Mullen","M Sakurai"
"791","I Fine","R Xu"
"792","K Uchikawa","T Nagai"
"793","P Hwang","E Miyahara"
"794","J Granzier","E Brenner"
"795","J Smeets","E Brenner"
"796","J Smeets","J Granzier"
"797","K Mullen","M Michna"
"798","T Yoshizawa","M Michna"
"799","T Yoshizawa","K Mullen"
"800","S Shevell","A D'Antona"
"801","P Tse","P Hsieh"
"802","A Logvinenko","A Logvinenko"
"803","L Troup","P Monnier"
"804","T Kawahara","K Uchikawa"
"805","K Segawa","K Uchikawa"
"806","K Segawa","T Kawahara"
"807","A Logvinenko","L Beattie"
"808","B Pinna","M Boi"
"809","R Robilotto","M Bostic"
"810","Q Zaidi","M Bostic"
"811","Q Zaidi","R Robilotto"
"812","A Ruppertsberg","M Bloj"
"813","Y Ling","A Hurlbert"
"814","X Su","T Papathomas"
"815","A Jain","T Papathomas"
"816","A Jain","X Su"
"817","H Uzochukwu","T Papathomas"
"818","H Uzochukwu","X Su"
"819","H Uzochukwu","A Jain"
"820","L Maloney","H Gerhard"
"822","D Simmons","D Simmons"
"823","A Brown","D Lindsey"
"824","C Chen","K Chen"
"825","K Nelissen","J Durand"
"826","W Vanduffel","J Durand"
"827","W Vanduffel","K Nelissen"
"828","J Todd","J Durand"
"829","J Todd","K Nelissen"
"830","J Todd","W Vanduffel"
"831","J Norman","J Durand"
"832","J Norman","K Nelissen"
"833","J Norman","W Vanduffel"
"834","J Norman","J Todd"
"835","G Orban","J Durand"
"836","G Orban","K Nelissen"
"837","G Orban","W Vanduffel"
"838","G Orban","J Todd"
"839","G Orban","J Norman"
"840","S Grossberg","L Kuhlmann"
"841","E Mingolla","L Kuhlmann"
"842","E Mingolla","S Grossberg"
"843","B Tzen","A Li"
"844","A Yadgarova","A Li"
"845","A Yadgarova","B Tzen"
"846","Q Zaidi","A Li"
"847","Q Zaidi","B Tzen"
"848","Q Zaidi","A Yadgarova"
"849","B Backus","J Saunders"
"850","P Rock","A Schofield"
"851","G Hesse","A Schofield"
"852","G Hesse","P Rock"
"853","M Georgeson","A Schofield"
"854","M Georgeson","P Rock"
"855","M Georgeson","G Hesse"
"856","T Yates","A Schofield"
"857","T Yates","P Rock"
"858","T Yates","G Hesse"
"859","T Yates","M Georgeson"
"860","J Koenderink","A Doorn"
"861","S Pont","A Doorn"
"862","S Pont","J Koenderink"
"866","M Montalembert","P Gerardin"
"867","P Mamassian","P Gerardin"
"868","P Mamassian","M Montalembert"
"869","L Maloney","Y Ho"
"870","M Landy","Y Ho"
"871","M Landy","L Maloney"
"872","R Murray","R Murray"
"873","M Banks","D Vishwanath"
"874","J Driver","E Freeman"
"875","A Girshick","M Banks"
"876","M McBeath","S Khalil"
"877","Z Pizlo","Y Li"
"878","U Shahani","W Simpson"
"879","V Manahilov","W Simpson"
"880","V Manahilov","U Shahani"
"881","H Mitsudo","H Mitsudo"
"882","B Rogers","B Rogers"
"883","B Rossion","V Goffaux"
"884","C Blais","D Fiset"
"885","F Gosselin","D Fiset"
"886","F Gosselin","C Blais"
"887","P Schyns","D Fiset"
"888","P Schyns","C Blais"
"889","P Schyns","F Gosselin"
"890","J Kaltreider","J Intriligator"
"891","F DaSilva","P Steinmetz"
"892","P Bennett","C Gaspar"
"893","A Sekuler","C Gaspar"
"895","H Wilson","N Anderson"
"896","I Gauthier","K Curby"
"897","S Shepherd","R Deaner"
"898","J Ristic","R Deaner"
"899","J Ristic","S Shepherd"
"900","M Platt","R Deaner"
"901","M Platt","S Shepherd"
"902","M Platt","J Ristic"
"903","M Banaji","Y Dunham"
"904","K Maruya","Y Isogaya"
"905","Y Nakajima","Y Isogaya"
"907","Y Tani","Y Isogaya"
"908","Y Tani","K Maruya"
"909","Y Tani","Y Nakajima"
"910","T Sato","Y Isogaya"
"914","S Shimojo","C Simion"
"915","L Maloney","G Rhodes"
"916","J Turner","G Rhodes"
"917","J Turner","L Maloney"
"918","L Ewing","G Rhodes"
"919","L Ewing","L Maloney"
"920","L Ewing","J Turner"
"921","N Furtado","K Borrmann"
"922","A Chaudhuri","K Borrmann"
"923","A Chaudhuri","N Furtado"
"924","N Anderson","C Habak"
"925","H Wilson","C Habak"
"927","K Kinzler","K Shutts"
"929","E Spelke","K Kinzler"
"930","B Hinga","R Bosworth"
"931","S Robbins","R Bosworth"
"932","S Robbins","B Hinga"
"933","K Dobkins","R Bosworth"
"934","K Dobkins","B Hinga"
"935","K Dobkins","S Robbins"
"936","M Bradnam","J Calvert"
"937","V Manahilov","J Calvert"
"938","V Manahilov","M Bradnam"
"939","D McCulloch","J Calvert"
"940","D McCulloch","M Bradnam"
"941","D McCulloch","V Manahilov"
"942","R Hamilton","J Calvert"
"943","R Hamilton","M Bradnam"
"944","R Hamilton","V Manahilov"
"945","R Hamilton","D McCulloch"
"946","G Dutton","J Calvert"
"947","G Dutton","M Bradnam"
"948","G Dutton","V Manahilov"
"949","G Dutton","D McCulloch"
"950","G Dutton","R Hamilton"
"951","A Skoczenski","A Skoczenski"
"952","S Kanazawa","N Shirai"
"953","M Yamaguchi","N Shirai"
"955","T Lewis","V Armstrong"
"956","D Maurer","V Armstrong"
"957","D Maurer","T Lewis"
"958","E Blaser","Z Kaldy"
"959","M Kibbe","Z Kaldy"
"960","M Kibbe","E Blaser"
"961","M Nawrot","E Nawrot"
"962","A Gupta","M Palomares"
"963","B Landau","M Palomares"
"964","B Landau","A Gupta"
"965","H Egeth","M Palomares"
"966","H Egeth","A Gupta"
"967","H Egeth","B Landau"
"968","J Drover","R Adams"
"969","K Penney","R Adams"
"970","K Penney","J Drover"
"971","A Earle","R Adams"
"972","A Earle","J Drover"
"973","A Earle","K Penney"
"974","M Courage","R Adams"
"975","M Courage","J Drover"
"976","M Courage","K Penney"
"977","M Courage","A Earle"
"978","I Trolka","M Baldwin"
"979","A Carson","M Baldwin"
"980","A Carson","I Trolka"
"981","A Rossi","M Baldwin"
"982","A Rossi","I Trolka"
"983","A Rossi","A Carson"
"984","G Rees","D Carmel"
"985","N Lavie","D Carmel"
"986","N Lavie","G Rees"
"987","K Wynn","E Cheries"
"988","B Scholl","E Cheries"
"989","B Scholl","K Wynn"
"990","B Scholl","H Choi"
"991","M Mulckhuyse","H Scholte"
"992","J Tankink","H Scholte"
"993","J Tankink","M Mulckhuyse"
"994","V Lamme","H Scholte"
"995","V Lamme","M Mulckhuyse"
"996","V Lamme","J Tankink"
"997","M Livingstone","C Libedinsky"
"998","M Behrmann","S Shomstein"
"999","R Kimchi","S Shomstein"
"1000","R Kimchi","M Behrmann"
"1001","J Edelman","S Chu"
"1002","K Dobkins","J Feeney"
"1003","L Jefferies","S Ghorashi"
"1004","J Enns","S Ghorashi"
"1005","J Enns","L Jefferies"
"1006","P Perona","L Reddy"
"1007","C Koch","L Reddy"
"1008","C Koch","P Perona"
"1009","D Kobayashi","K Segawa"
"1011","K Uchikawa","D Kobayashi"
"1012","M Niemeier","B Stojanoski"
"1014","L Fei-Fei","D Walther"
"1015","C Koch","D Walther"
"1016","C Koch","L Fei-Fei"
"1017","P Cavanagh","T Yoshida"
"1018","K Grill-Spector","D Andresen"
"1019","Q Vuong","D Bennett"
"1020","Q Vuong","L Chuang"
"1021","I Thornton","L Chuang"
"1022","I Thornton","Q Vuong"
"1023","H Buelthoff","L Chuang"
"1024","H Buelthoff","Q Vuong"
"1025","H Buelthoff","I Thornton"
"1026","S Grossberg","A Fazl"
"1027","E Mingolla","A Fazl"
"1029","W Hayward","W Mou"
"1030","M Zhao","W Mou"
"1031","M Zhao","W Hayward"
"1032","G Zhou","W Mou"
"1033","G Zhou","W Hayward"
"1034","G Zhou","M Zhao"
"1035","C Owen","W Mou"
"1036","C Owen","W Hayward"
"1037","C Owen","M Zhao"
"1038","C Owen","G Zhou"
"1039","K Yokosawa","R Niimi"
"1040","P Sinha","B Balas"
"1041","Q Vuong","J Peissig"
"1042","J Vettel","J Peissig"
"1043","J Vettel","Q Vuong"
"1044","M Tarr","J Peissig"
"1045","M Tarr","Q Vuong"
"1046","M Tarr","J Vettel"
"1047","X Yue","M Nederhouser"
"1048","I Biederman","M Nederhouser"
"1049","I Biederman","X Yue"
"1050","J Todd","J Christensen"
"1051","N Schwartz","N Schwartz"
"1052","N Schwartz","P McEntire"
"1053","C Miniussi","I Harris"
"1054","P Bennett","E Richards"
"1055","A Sekuler","E Richards"
"1057","K Soska","S Johnson"
"1058","J Tse","T Baker"
"1059","P Gerhardstein","T Baker"
"1060","P Gerhardstein","J Tse"
"1061","S Adler","T Baker"
"1062","S Adler","J Tse"
"1063","S Adler","P Gerhardstein"
"1065","M Lunsford","J Dannemiller"
"1066","C Wehrhahn","B Dillenburger"
"1067","B Dillenburger","L Gu"
"1068","A Roe","L Gu"
"1069","A Roe","B Dillenburger"
"1070","L Chen","R Ni"
"1071","G Andersen","R Ni"
"1072","G Andersen","L Chen"
"1073","H Hasegawa","H Unuma"
"1074","P Kellman","H Unuma"
"1075","P Kellman","H Hasegawa"
"1076","C Fantoni","J Hilger"
"1077","W Gerbino","J Hilger"
"1078","W Gerbino","C Fantoni"
"1079","P Kellman","J Hilger"
"1080","P Kellman","C Fantoni"
"1081","P Kellman","W Gerbino"
"1082","P Kellman","B Keane"
"1083","J Perry","W Geisler"
"1084","R Hess","K May"
"1085","F Kingdom","E Gheorghiu"
"1087","F Domini","M Luca"
"1088","C Caudek","M Luca"
"1089","C Caudek","F Domini"
"1091","F Domini","E Scilipoti"
"1092","C Caudek","E Scilipoti"
"1094","P Schiller","V Weiner"
"1095","Y Zhang","V Weiner"
"1096","Y Zhang","P Schiller"
"1097","B Farell","J Fernandez"
"1098","Y Masakura","M Ichikawa"
"1099","L Wilcox","K Mackenzie"
"1100","M Jovanović","K Mackenzie"
"1101","M Jovanović","L Wilcox"
"1102","L Kontsevich","C Tyler"
"1103","N Bocheva","N Bocheva"
"1104","C Rothkopf","D Ballard"
"1105","M Hayhoe","C Rothkopf"
"1106","K Parkins","C Rothkopf"
"1107","K Parkins","M Hayhoe"
"1108","L Giovannini","N Bruno"
"1109","A Jacomuzzi","N Bruno"
"1110","A Jacomuzzi","L Giovannini"
"1111","L Surian","N Bruno"
"1112","L Surian","L Giovannini"
"1113","L Surian","A Jacomuzzi"
"1114","C Semenza","N Bruno"
"1115","C Semenza","L Giovannini"
"1116","C Semenza","A Jacomuzzi"
"1117","C Semenza","L Surian"
"1118","P Cardoso-Leite","A Gorea"
"1119","P Mamassian","A Gorea"
"1120","P Mamassian","P Cardoso-Leite"
"1121","F Waszak","A Gorea"
"1122","F Waszak","P Cardoso-Leite"
"1123","F Waszak","P Mamassian"
"1124","B Gaudino","F Phillips"
"1125","B Prue","F Phillips"
"1126","B Prue","B Gaudino"
"1127","M Voshell","F Phillips"
"1128","M Voshell","B Gaudino"
"1129","M Voshell","B Prue"
"1130","D Henriques","J Dionne"
"1131","E Amis","U Wolfe"
"1132","B Boots","D Purves"
"1133","R Greenberg","G Scarlatis"
"1134","J Judy","G Scarlatis"
"1135","J Judy","R Greenberg"
"1136","S Luck","M Matsukura"
"1137","S Vecera","M Matsukura"
"1138","S Vecera","S Luck"
"1139","D Chen","H Eng"
"1140","Y Jiang","H Eng"
"1141","Y Jiang","D Chen"
"1142","M Frankl","R Gordon"
"1143","S Vollmer","R Gordon"
"1144","S Vollmer","M Frankl"
"1145","C Wu","M Jackson"
"1146","S Langeslag","M Jackson"
"1147","S Langeslag","C Wu"
"1148","D Linden","M Jackson"
"1149","D Linden","C Wu"
"1150","D Linden","S Langeslag"
"1151","J Raymond","M Jackson"
"1152","J Raymond","C Wu"
"1153","J Raymond","S Langeslag"
"1154","J Raymond","D Linden"
"1155","A Chatterjee","K Moore"
"1156","K Page","K Moore"
"1157","K Page","A Chatterjee"
"1158","M Verfaellie","K Moore"
"1159","M Verfaellie","A Chatterjee"
"1160","M Verfaellie","K Page"
"1161","I Olson","K Moore"
"1162","I Olson","A Chatterjee"
"1163","I Olson","K Page"
"1164","I Olson","M Verfaellie"
"1165","G Zelinsky","J Schmidt"
"1166","M Fabiani","E Shin"
"1167","G Gratton","E Shin"
"1168","G Gratton","M Fabiani"
"1169","M Misaki","S Takahama"
"1170","S Miyauchi","S Takahama"
"1171","S Miyauchi","M Misaki"
"1172","J Saiki","S Takahama"
"1173","J Saiki","M Misaki"
"1174","J Saiki","S Miyauchi"
"1175","A Lleras","W Zoest"
"1176","A Kingstone","W Zoest"
"1177","A Kingstone","A Lleras"
"1178","J Enns","W Zoest"
"1179","J Enns","A Lleras"
"1180","J Enns","A Kingstone"
"1181","J Vidal","H Gauchou"
"1182","C Tallon-Baudry","H Gauchou"
"1183","C Tallon-Baudry","J Vidal"
"1184","K O'Regan","H Gauchou"
"1185","K O'Regan","J Vidal"
"1186","K O'Regan","C Tallon-Baudry"
"1187","M Rinck","A Reinecke"
"1188","E Becker","A Reinecke"
"1189","E Becker","M Rinck"
"1190","C Chan","Z Chen"
"1191","T Sato","K Hosokawa"
"1192","F Poirier","R Gurnsey"
"1193","L Leibov","R Gurnsey"
"1194","L Leibov","F Poirier"
"1195","P Bluett","R Gurnsey"
"1196","P Bluett","F Poirier"
"1197","P Bluett","L Leibov"
"1198","Q Zaidi","X Meng"
"1199","L Joyce","C Stockert"
"1200","M Nawrot","C Stockert"
"1201","M Nawrot","L Joyce"
"1205","H Ono","H Mizushina"
"1206","M Yamaguchi","T Imura"
"1207","S Kanazawa","T Imura"
"1209","N Shirai","T Imura"
"1212","Y Otsuka","T Imura"
"1213","Y Otsuka","M Yamaguchi"
"1214","Y Otsuka","S Kanazawa"
"1215","Y Otsuka","N Shirai"
"1216","M Tomonaga","T Imura"
"1217","M Tomonaga","M Yamaguchi"
"1218","M Tomonaga","S Kanazawa"
"1219","M Tomonaga","N Shirai"
"1220","M Tomonaga","Y Otsuka"
"1221","A Yagi","T Imura"
"1222","A Yagi","M Yamaguchi"
"1223","A Yagi","S Kanazawa"
"1224","A Yagi","N Shirai"
"1225","A Yagi","Y Otsuka"
"1226","A Yagi","M Tomonaga"
"1227","A Levi","U Polat"
"1228","A Sterkin","U Polat"
"1229","A Sterkin","A Levi"
"1230","R Amiaz","U Polat"
"1231","R Amiaz","A Levi"
"1232","R Amiaz","A Sterkin"
"1237","D Chang","T Lewis"
"1238","K Murphy","T Lewis"
"1239","K Murphy","D Chang"
"1241","D Maurer","D Chang"
"1242","D Maurer","K Murphy"
"1243","D Jones","T Lewis"
"1244","D Jones","D Chang"
"1245","D Jones","K Murphy"
"1246","D Jones","D Maurer"
"1247","O Braddick","J Atkinson"
"1248","M Nardini","J Atkinson"
"1249","M Nardini","O Braddick"
"1250","S Anker","J Atkinson"
"1251","S Anker","O Braddick"
"1252","S Anker","M Nardini"
"1253","F Cowan","J Atkinson"
"1254","F Cowan","O Braddick"
"1255","F Cowan","M Nardini"
"1256","F Cowan","S Anker"
"1257","A Edwards","J Atkinson"
"1258","A Edwards","O Braddick"
"1259","A Edwards","M Nardini"
"1260","A Edwards","S Anker"
"1261","A Edwards","F Cowan"
"1262","M Rutherford","J Atkinson"
"1263","M Rutherford","O Braddick"
"1264","M Rutherford","M Nardini"
"1265","M Rutherford","S Anker"
"1266","M Rutherford","F Cowan"
"1267","M Rutherford","A Edwards"
"1268","J Park","D Wu"
"1269","S Shimojo","D Wu"
"1270","S Shimojo","J Park"
"1271","A Bubka","F Bonato"
"1272","S Palmisano","F Bonato"
"1273","S Palmisano","A Bubka"
"1274","D Arnold","A Koene"
"1275","A Johnston","A Koene"
"1277","R Kanai","S Shimojo"
"1278","B Sheth","S Shimojo"
"1279","B Sheth","R Kanai"
"1280","S Shinohara","M Watanabe"
"1281","S Shimojo","M Watanabe"
"1282","S Shimojo","S Shinohara"
"1284","M Banks","D Burr"
"1285","M Banks","M Morrone"
"1286","A Treisman","K Evans"
"1287","J Es","F Cornelissen"
"1288","T Vladusich","F Cornelissen"
"1289","T Vladusich","J Es"
"1293","A Hurlbert","A Ruppertsberg"
"1295","M Bloj","A Hurlbert"
"1296","J Winawer","B Anderson"
"1297","A Radonjic","A Gilchrist"
"1298","A Logvinenko","K Petrini"
"1299","P Mamassian","P Mamassian"
"1300","E Brenner","U Kleinholdermann"
"1301","V Franz","U Kleinholdermann"
"1302","V Franz","E Brenner"
"1303","J Smeets","U Kleinholdermann"
"1305","J Smeets","V Franz"
"1306","P Fattori","S Monaco"
"1307","C Galletti","S Monaco"
"1308","C Galletti","P Fattori"
"1309","M Goodale","S Monaco"
"1310","M Goodale","P Fattori"
"1311","M Goodale","C Galletti"
"1312","G Kroliczak","S Monaco"
"1313","G Kroliczak","P Fattori"
"1314","G Kroliczak","C Galletti"
"1315","G Kroliczak","M Goodale"
"1316","D Quinlan","S Monaco"
"1317","D Quinlan","P Fattori"
"1318","D Quinlan","C Galletti"
"1319","D Quinlan","M Goodale"
"1320","D Quinlan","G Kroliczak"
"1321","J Culham","S Monaco"
"1322","J Culham","P Fattori"
"1323","J Culham","C Galletti"
"1325","J Culham","G Kroliczak"
"1326","J Culham","D Quinlan"
"1327","K Nakayama","J Song"
"1329","R Whitwell","C Gonzalez"
"1330","R Whitwell","T Ganel"
"1331","B Morrissey","C Gonzalez"
"1332","B Morrissey","T Ganel"
"1333","B Morrissey","R Whitwell"
"1336","M Goodale","R Whitwell"
"1337","M Goodale","B Morrissey"
"1338","M Williams","T Chong"
"1339","R Cunnington","T Chong"
"1340","R Cunnington","M Williams"
"1341","J Mattingley","T Chong"
"1342","J Mattingley","M Williams"
"1343","J Mattingley","R Cunnington"
"1344","S Soloviev","L Vaina"
"1345","K Imamura","T Kasamatsu"
"1346","W Singer","R Galuske"
"1347","M Munk","R Galuske"
"1348","M Munk","W Singer"
"1349","E Tehovnik","P Schiller"
"1351","V Weiner","E Tehovnik"
"1352","H Lu","A Roe"
"1353","F Bremmer","T Hartmann"
"1354","T Albright","T Hartmann"
"1355","T Albright","F Bremmer"
"1356","B Krekelberg","T Hartmann"
"1358","B Krekelberg","T Albright"
"1359","Y Tang","A Saul"
"1360","E Wong","A Saul"
"1361","E Wong","Y Tang"
"1362","Y Gu","G DeAngelis"
"1363","D Angelaki","G DeAngelis"
"1364","D Angelaki","Y Gu"
"1368","J Lam","A Welchman"
"1369","H Buelthoff","A Welchman"
"1370","H Buelthoff","J Lam"
"1372","D Knill","D Knill"
"1374","R Jacobs","V Ivanchenko"
"1376","J Werner","M Webster"
"1377","J Werner","Y Mizokami"
"1378","M Crognale","M Webster"
"1379","M Crognale","Y Mizokami"
"1380","M Crognale","J Werner"
"1381","J O'Regan","D Philipona"
"1382","A Dinca","R Beer"
"1383","D MacLeod","R Beer"
"1384","D MacLeod","A Dinca"
"1385","M Rudd","M Rudd"
"1386","D MacLeod","E Vul"
"1387","S Creem-Regehr","V Dilda"
"1388","W Thompson","V Dilda"
"1389","W Thompson","S Creem-Regehr"
"1390","M Braunstein","K Ozkan"
"1391","Z He","T Ooi"
"1392","S Creem-Regehr","B Kunz"
"1393","W Thompson","B Kunz"
"1395","R Ee","C Erkelens"
"1396","X Zhang","J Park"
"1397","J Ferrera","J Park"
"1398","J Ferrera","X Zhang"
"1399","D Dakhlallah","J Park"
"1400","D Dakhlallah","X Zhang"
"1401","D Dakhlallah","J Ferrera"
"1402","M Popalzai","J Park"
"1403","M Popalzai","X Zhang"
"1404","M Popalzai","J Ferrera"
"1405","M Popalzai","D Dakhlallah"
"1406","J Hirsch","J Park"
"1407","J Hirsch","X Zhang"
"1408","J Hirsch","J Ferrera"
"1409","J Hirsch","D Dakhlallah"
"1410","J Hirsch","M Popalzai"
"1411","D Hood","J Park"
"1412","D Hood","X Zhang"
"1413","D Hood","J Ferrera"
"1414","D Hood","D Dakhlallah"
"1415","D Hood","M Popalzai"
"1416","D Hood","J Hirsch"
"1417","D Birtles","O Braddick"
"1418","S Mills","O Braddick"
"1419","S Mills","D Birtles"
"1420","J Warshafsky","O Braddick"
"1421","J Warshafsky","D Birtles"
"1422","J Warshafsky","S Mills"
"1423","J Wattam-Bell","O Braddick"
"1424","J Wattam-Bell","D Birtles"
"1425","J Wattam-Bell","S Mills"
"1426","J Wattam-Bell","J Warshafsky"
"1428","J Atkinson","D Birtles"
"1429","J Atkinson","S Mills"
"1430","J Atkinson","J Warshafsky"
"1431","J Atkinson","J Wattam-Bell"
"1432","J Ales","T Carney"
"1433","S Klein","T Carney"
"1434","S Klein","J Ales"
"1435","J Ales","S Dandekar"
"1436","T Carney","S Dandekar"
"1438","S Klein","S Dandekar"
"1441","C Namèche","B Rossion"
"1442","B Sorger","B Rossion"
"1443","B Sorger","C Namèche"
"1444","R Goebel","B Rossion"
"1445","R Goebel","C Namèche"
"1446","R Goebel","B Sorger"
"1447","N Hadjikhani","H Meeren"
"1448","S Ahlfors","H Meeren"
"1449","S Ahlfors","N Hadjikhani"
"1450","M Hämäläinen","H Meeren"
"1451","M Hämäläinen","N Hadjikhani"
"1452","M Hämäläinen","S Ahlfors"
"1453","B Gelder","H Meeren"
"1454","B Gelder","N Hadjikhani"
"1455","B Gelder","S Ahlfors"
"1456","B Gelder","M Hämäläinen"
"1457","S Bentin","E Golumbic"
"1458","N Logothetis","C Dahl"
"1459","K Hoffman","C Dahl"
"1460","K Hoffman","N Logothetis"
"1461","H Leder","C Carbon"
"1462","T Grueter","C Carbon"
"1463","T Grueter","H Leder"
"1464","M Grueter","C Carbon"
"1465","M Grueter","H Leder"
"1466","M Grueter","T Grueter"
"1467","J Weber","C Carbon"
"1468","J Weber","H Leder"
"1469","J Weber","T Grueter"
"1470","J Weber","M Grueter"
"1471","A Lueschow","C Carbon"
"1472","A Lueschow","H Leder"
"1473","A Lueschow","T Grueter"
"1474","A Lueschow","M Grueter"
"1475","A Lueschow","J Weber"
"1476","G Yovel","B Duchaine"
"1477","O Corneille","C Michel"
"1478","B Rossion","C Michel"
"1479","B Rossion","O Corneille"
"1480","J Hyun","S Park"
"1481","B Roberts","L Symons"
"1482","D Bub","B Wagar"
"1483","J Tanaka","B Wagar"
"1484","J Tanaka","D Bub"
"1485","I Gauthier","O Cheung"
"1487","B Hidalgo-Sotelo","A Rich"
"1488","M Kunar","A Rich"
"1489","M Kunar","B Hidalgo-Sotelo"
"1490","M Wert","A Rich"
"1491","M Wert","B Hidalgo-Sotelo"
"1492","M Wert","M Kunar"
"1493","J Wolfe","A Rich"
"1494","J Wolfe","B Hidalgo-Sotelo"
"1495","J Wolfe","M Kunar"
"1496","J Wolfe","M Wert"
"1497","E Palmer","S Flusberg"
"1498","J Wolfe","S Flusberg"
"1499","J Wolfe","E Palmer"
"1500","M Wert","E Palmer"
"1501","T Horowitz","E Palmer"
"1502","T Horowitz","M Wert"
"1505","J Wolfe","T Horowitz"
"1507","S Place","M Wert"
"1508","S Place","T Horowitz"
"1511","J Wolfe","S Place"
"1512","G Humphreys","H Allen"
"1513","J Hodsoll","G Humphreys"
"1514","G Zelinsky","X Chen"
"1515","G Zelinsky","M Neider"
"1516","G Zelinsky","H Yang"
"1517","I Linde","A Tavassoli"
"1518","A Bovik","A Tavassoli"
"1519","A Bovik","I Linde"
"1520","L Cormack","A Tavassoli"
"1521","L Cormack","I Linde"
"1522","L Cormack","A Bovik"
"1529","S Adler","P Gallego"
"1530","W Merigan","B Gee"
"1531","L Itti","V Navalpakkam"
"1532","M Eckstein","W Schoonveld"
"1533","B Vincent","T Troscianko"
"1534","I Gilchrist","T Troscianko"
"1535","I Gilchrist","B Vincent"
"1536","R Knight","T Troscianko"
"1537","R Knight","B Vincent"
"1538","R Knight","I Gilchrist"
"1539","O Holland","T Troscianko"
"1540","O Holland","B Vincent"
"1541","O Holland","I Gilchrist"
"1542","O Holland","R Knight"
"1543","P Byrne","G Chan"
"1544","S Becker","G Chan"
"1545","S Becker","P Byrne"
"1546","H Sun","G Chan"
"1547","H Sun","P Byrne"
"1548","H Sun","S Becker"
"1549","D Bensonoff","C Dickinson"
"1550","H Intraub","C Dickinson"
"1551","H Intraub","D Bensonoff"
"1552","E Canga","T Dixon"
"1553","T Troscianko","T Dixon"
"1554","T Troscianko","E Canga"
"1555","J Noyes","T Dixon"
"1556","J Noyes","E Canga"
"1557","J Noyes","T Troscianko"
"1558","S Nikolov","T Dixon"
"1559","S Nikolov","E Canga"
"1560","S Nikolov","T Troscianko"
"1561","S Nikolov","J Noyes"
"1562","D Bull","T Dixon"
"1563","D Bull","E Canga"
"1564","D Bull","T Troscianko"
"1565","D Bull","J Noyes"
"1566","D Bull","S Nikolov"
"1567","C Canagarajah","T Dixon"
"1568","C Canagarajah","E Canga"
"1569","C Canagarajah","T Troscianko"
"1570","C Canagarajah","J Noyes"
"1571","C Canagarajah","S Nikolov"
"1572","C Canagarajah","D Bull"
"1573","M Braunstein","S Gillespie"
"1574","G Andersen","S Gillespie"
"1575","G Andersen","M Braunstein"
"1576","C Nandakumar","S Gorlin"
"1577","P Sinha","S Gorlin"
"1578","P Sinha","C Nandakumar"
"1579","A Oliva","M Greene"
"1580","J Cant","J Steeves"
"1581","K Valyear","J Steeves"
"1582","K Valyear","J Cant"
"1583","J Démonet","J Steeves"
"1584","J Démonet","J Cant"
"1585","J Démonet","K Valyear"
"1586","R Kentridge","J Steeves"
"1587","R Kentridge","J Cant"
"1588","R Kentridge","K Valyear"
"1589","R Kentridge","J Démonet"
"1590","C Heywood","J Steeves"
"1591","C Heywood","J Cant"
"1592","C Heywood","K Valyear"
"1593","C Heywood","J Démonet"
"1594","C Heywood","R Kentridge"
"1595","M Goodale","J Steeves"
"1596","M Goodale","J Cant"
"1598","M Goodale","J Démonet"
"1599","M Goodale","R Kentridge"
"1600","M Goodale","C Heywood"
"1601","T Konkle","A Oliva"
"1603","M Greene","T Konkle"
"1604","A Torralba","A Oliva"
"1605","A Torralba","T Konkle"
"1606","A Torralba","M Greene"
"1607","S Edelman","C Hunter"
"1608","E McDaniel","T Konkle"
"1610","M Greene","E McDaniel"
"1612","A Oliva","E McDaniel"
"1614","M Potter","M Meng"
"1615","C Finlay","M Motes"
"1616","M Kozhevnikov","M Motes"
"1617","M Kozhevnikov","C Finlay"
"1618","S Pont","S Pas"
"1619","N Rubin","E Vessel"
"1621","Q Wang","Y Wang"
"1622","Q Liu","Y Wang"
"1623","Q Liu","Q Wang"
"1624","G Chan","Y Wang"
"1625","G Chan","Q Wang"
"1626","G Chan","Q Liu"
"1627","H Sun","Y Wang"
"1628","H Sun","Q Wang"
"1631","F Kingdom","A Yoonessi"
"1632","E Vessel","X Yue"
"1634","I Biederman","E Vessel"
"1635","V Vildavski","G Appelbaum"
"1636","M Pettet","G Appelbaum"
"1637","M Pettet","V Vildavski"
"1638","A Wade","G Appelbaum"
"1639","A Wade","V Vildavski"
"1640","A Wade","M Pettet"
"1641","A Norcia","G Appelbaum"
"1642","A Norcia","V Vildavski"
"1643","A Norcia","M Pettet"
"1645","E Walter","P Dassonville"
"1646","K Lunger","P Dassonville"
"1647","K Lunger","E Walter"
"1648","S Palmer","J Gardner"
"1649","Q Vuong","H Kirchner"
"1650","S Thorpe","H Kirchner"
"1651","S Thorpe","Q Vuong"
"1652","I Thornton","H Kirchner"
"1654","I Thornton","S Thorpe"
"1655","B White","K Hamburger"
"1656","D Grave","K Hamburger"
"1657","D Grave","B White"
"1658","B Sullivan","J Jovancevic"
"1659","M Hayhoe","J Jovancevic"
"1660","M Hayhoe","B Sullivan"
"1661","M Hayhoe","K Chajka"
"1662","B Sullivan","K Chajka"
"1664","J Pelz","K Chajka"
"1665","J Pelz","M Hayhoe"
"1666","J Pelz","B Sullivan"
"1667","N Mennie","K Chajka"
"1668","N Mennie","M Hayhoe"
"1669","N Mennie","B Sullivan"
"1670","N Mennie","J Pelz"
"1671","J Droll","K Chajka"
"1672","J Droll","M Hayhoe"
"1673","J Droll","B Sullivan"
"1674","J Droll","J Pelz"
"1675","J Droll","N Mennie"
"1676","P Verghese","L Renninger"
"1677","J Coughlan","L Renninger"
"1678","J Coughlan","P Verghese"
"1679","J Edelman","D Shiu"
"1680","N Guyader","L Zhaoping"
"1681","Z Jin","A Reeves"
"1682","A Hollingworth","A Richard"
"1683","S Luck","A Richard"
"1684","S Luck","A Hollingworth"
"1685","E Keller","P Thiem"
"1686","K Lee","P Thiem"
"1687","K Lee","E Keller"
"1688","G Hirschberger","A Caspi"
"1689","T Ein-Dor","A Caspi"
"1690","T Ein-Dor","G Hirschberger"
"1691","A Zivotofsky","A Caspi"
"1692","A Zivotofsky","G Hirschberger"
"1693","A Zivotofsky","T Ein-Dor"
"1694","G Cottrell","J Nelson"
"1695","D Ballard","W Yi"
"1696","M Hayhoe","W Yi"
"1697","M Hayhoe","D Ballard"
"1698","G Barnes","M Burke"
"1699","J Crawford","S Prime"
"1700","L Itti","R Carmi"
"1701","S Yurgenson","E Fine"
"1702","C Moore","E Fine"
"1703","C Moore","S Yurgenson"
"1704","S Stevenson","G Kumar"
"1705","A Roorda","G Kumar"
"1706","A Roorda","S Stevenson"
"1707","I Linde","U Rajashekar"
"1708","A Bovik","U Rajashekar"
"1710","L Cormack","U Rajashekar"
"1713","S Heinen","S Yang"
"1714","C Ruff","J Geng"
"1715","J Driver","J Geng"
"1716","J Driver","C Ruff"
"1717","G Frank","M Greenlee"
"1718","O Baumann","M Greenlee"
"1719","O Baumann","G Frank"
"1720","G Blohm","G Keith"
"1721","J Crawford","G Keith"
"1722","J Crawford","G Blohm"
"1723","M Niemeier","A Kis"
"1724","J Edelman","P Mitchell"
"1725","C Chambers","A Morris"
"1726","J Mattingley","A Morris"
"1727","J Mattingley","C Chambers"
"1728","I Bodis-Wollner","J Rieger"
"1729","M Schoenfeld","J Rieger"
"1730","M Schoenfeld","I Bodis-Wollner"
"1731","H Heinze","J Rieger"
"1732","H Heinze","I Bodis-Wollner"
"1733","H Heinze","M Schoenfeld"
"1734","E Peli","G Luo"
"1735","J Haynes","R Sylvester"
"1736","J Driver","R Sylvester"
"1737","J Driver","J Haynes"
"1738","G Rees","R Sylvester"
"1739","G Rees","J Haynes"
"1740","G Rees","J Driver"
"1741","I Scofield","A Hsu"
"1742","G Sperling","A Hsu"
"1743","G Sperling","I Scofield"
"1747","V Lamme","J Jolij"
"1748","G Humphreys","C Mevorach"
"1749","L Shalev","C Mevorach"
"1750","L Shalev","G Humphreys"
"1751","A Pascual-Leone","A Valero-Cabre"
"1752","B Payne","A Valero-Cabre"
"1753","B Payne","A Pascual-Leone"
"1754","L Itti","R Peters"
"1755","H Neumann","P Bayerl"
"1756","E DeYoe","R Datta"
"1757","R Srinivasan","J Ding"
"1758","G Sperling","J Ding"
"1759","G Sperling","R Srinivasan"
"1760","B Payne","S Lomber"
"1761","A Hall","S Lomber"
"1762","A Hall","B Payne"
"1763","S Malhotra","S Lomber"
"1764","S Malhotra","B Payne"
"1765","S Malhotra","A Hall"
"1766","J Mellott","S Lomber"
"1767","J Mellott","B Payne"
"1768","J Mellott","A Hall"
"1769","J Mellott","S Malhotra"
"1770","J Sparks","C Philippi"
"1771","M Marron","C Philippi"
"1772","M Marron","J Sparks"
"1773","M Rizzo","C Philippi"
"1774","M Rizzo","J Sparks"
"1775","M Rizzo","M Marron"
"1776","G Alvarez","W Shim"
"1777","T Vickery","W Shim"
"1778","T Vickery","G Alvarez"
"1779","Y Jiang","W Shim"
"1780","Y Jiang","G Alvarez"
"1781","Y Jiang","T Vickery"
"1782","T Liu","S Ling"
"1783","M Carrasco","S Ling"
"1784","M Carrasco","T Liu"
"1785","C Olivers","Y Pinto"
"1786","J Theeuwes","Y Pinto"
"1787","J Theeuwes","C Olivers"
"1788","H Bülthoff","A Chatziastros"
"1789","J Edelman","M Phillips"
"1790","A Frischen","D Smilek"
"1791","M Reynolds","D Smilek"
"1792","M Reynolds","A Frischen"
"1793","C Gerritsen","D Smilek"
"1794","C Gerritsen","A Frischen"
"1795","C Gerritsen","M Reynolds"
"1796","J Eastwood","D Smilek"
"1797","J Eastwood","A Frischen"
"1798","J Eastwood","M Reynolds"
"1799","J Eastwood","C Gerritsen"
"1800","A Cox","M Silva"
"1801","S Afraz","R Rajimehr"
"1802","J Townsend","A Eidels"
"1803","J Mulligan","K McDermott"
"1804","G Bebis","K McDermott"
"1805","G Bebis","J Mulligan"
"1806","M Webster","K McDermott"
"1807","M Webster","J Mulligan"
"1808","M Webster","G Bebis"
"1810","M Peterson","Y Tsai"
"1811","J Saiki","J Saiki"
"1812","A Lleras","X Wan"
"1813","A Saville","N Gayzur"
"1814","L Langley","N Gayzur"
"1815","L Langley","A Saville"
"1816","A Brewer","S Dumoulin"
"1817","M Ben-Shachar","S Dumoulin"
"1818","M Ben-Shachar","A Brewer"
"1819","R Dougherty","S Dumoulin"
"1820","R Dougherty","A Brewer"
"1821","R Dougherty","M Ben-Shachar"
"1822","B Wandell","S Dumoulin"
"1823","B Wandell","A Brewer"
"1824","B Wandell","M Ben-Shachar"
"1825","B Wandell","R Dougherty"
"1826","D Ts'o","J Yang"
"1827","N Szeverenyi","J Yang"
"1828","N Szeverenyi","D Ts'o"
"1829","M Grabowecky","Y Kim"
"1830","K Paller","Y Kim"
"1831","K Paller","M Grabowecky"
"1832","S Suzuki","Y Kim"
"1833","S Suzuki","M Grabowecky"
"1834","S Suzuki","K Paller"
"1835","M Sereno","S Pitzalis"
"1836","G Committeri","S Pitzalis"
"1837","G Committeri","M Sereno"
"1838","G Galati","S Pitzalis"
"1839","G Galati","M Sereno"
"1840","G Galati","G Committeri"
"1841","P Fattori","S Pitzalis"
"1842","P Fattori","M Sereno"
"1843","P Fattori","G Committeri"
"1844","P Fattori","G Galati"
"1845","C Galletti","S Pitzalis"
"1846","C Galletti","M Sereno"
"1847","C Galletti","G Committeri"
"1848","C Galletti","G Galati"
"1850","D Kim","D Poggel"
"1851","L Toth","D Poggel"
"1852","L Toth","D Kim"
"1853","G Luppino","K Nelissen"
"1855","W Vanduffel","G Luppino"
"1856","G Rizzolatti","K Nelissen"
"1857","G Rizzolatti","G Luppino"
"1858","G Rizzolatti","W Vanduffel"
"1860","G Orban","G Luppino"
"1862","G Orban","G Rizzolatti"
"1863","A Kuchinad","M Large"
"1864","A Aldcroft","M Large"
"1865","A Aldcroft","A Kuchinad"
"1866","J Culham","M Large"
"1867","J Culham","A Kuchinad"
"1868","J Culham","A Aldcroft"
"1869","T Vilis","M Large"
"1870","T Vilis","A Kuchinad"
"1871","T Vilis","A Aldcroft"
"1872","T Vilis","J Culham"
"1873","X Yue","M Lescroart"
"1874","K Hayworth","M Lescroart"
"1875","K Hayworth","X Yue"
"1876","I Biederman","M Lescroart"
"1878","I Biederman","K Hayworth"
"1879","D Brainard","P Radoeva"
"1880","G Aguirre","P Radoeva"
"1881","G Aguirre","D Brainard"
"1882","S Dumoulin","X Li"
"1883","B Mansouri","X Li"
"1884","B Mansouri","S Dumoulin"
"1885","R Hess","X Li"
"1886","R Hess","S Dumoulin"
"1887","R Hess","B Mansouri"
"1889","B Lorenz","M Hoffmann"
"1890","M Preising","M Hoffmann"
"1891","M Preising","B Lorenz"
"1892","P Seufert","M Hoffmann"
"1893","P Seufert","B Lorenz"
"1894","P Seufert","M Preising"
"1895","A Zotov","A Dobbins"
"1896","M Masson","M Dodd"
"1897","J Enns","M Dodd"
"1898","J Enns","M Masson"
"1899","M Dürsteler","M Dürsteler"
"1900","G Loffler","R Goutcher"
"1901","G Mather","G Mather"
"1902","K Koldewyn","P Bulakowski"
"1903","D Whitney","P Bulakowski"
"1904","D Whitney","K Koldewyn"
"1905","A Kitaoka","I Murakami"
"1906","H Ashida","I Murakami"
"1907","H Ashida","A Kitaoka"
"1909","T Kawabe","Y Yamada"
"1910","K Miura","Y Yamada"
"1911","K Miura","T Kawabe"
"1912","B Sheth","D Nieman"
"1913","S Shimojo","D Nieman"
"1915","N Prins","N Prins"
"1916","P Tse","G Caplovitz"
"1917","R Cai","R Cai"
"1918","N Grzywacz","J Barraza"
"1919","A Ing","J Wilson"
"1920","W Geisler","J Wilson"
"1922","W Geisler","J Najemnik"
"1923","F Wichmann","J Drewes"
"1924","K Gegenfurtner","J Drewes"
"1925","K Gegenfurtner","F Wichmann"
"1926","D Tolhurst","P Lovell"
"1927","C Ripamonti","P Lovell"
"1928","C Ripamonti","D Tolhurst"
"1929","M To","P Lovell"
"1930","M To","D Tolhurst"
"1931","M To","C Ripamonti"
"1932","T Troscianko","P Lovell"
"1933","T Troscianko","D Tolhurst"
"1934","T Troscianko","C Ripamonti"
"1935","T Troscianko","M To"
"1936","M Michela","G Punzi"
"1938","M Brady","M Brady"
"1939","U Nuding","C Zetzsche"
"1940","K Schill","C Zetzsche"
"1941","K Schill","U Nuding"
"1942","D Dong","M Dastjerdi"
"1943","N Prins","A Johnson"
"1944","F Kingdom","A Johnson"
"1946","C Baker","A Johnson"
"1949","M Pihlaja","S Vanni"
"1950","A James","S Vanni"
"1951","A James","M Pihlaja"
"1952","L Henriksson","S Vanni"
"1953","L Henriksson","M Pihlaja"
"1954","L Henriksson","A James"
"1955","A Burgess","A Burgess"
"1956","R Laycock","S Crewther"
"1957","P Fitzgerald","S Crewther"
"1958","P Fitzgerald","R Laycock"
"1959","D Crewther","S Crewther"
"1960","D Crewther","R Laycock"
"1961","D Crewther","P Fitzgerald"
"1962","A Obata","M Harasawa"
"1963","T Morita","M Harasawa"
"1964","T Morita","A Obata"
"1965","T Ito","M Harasawa"
"1966","T Ito","A Obata"
"1967","T Ito","T Morita"
"1968","T Saito","M Harasawa"
"1969","T Saito","A Obata"
"1970","T Saito","T Morita"
"1971","T Saito","T Ito"
"1972","T Sato","M Harasawa"
"1973","T Sato","A Obata"
"1974","T Sato","T Morita"
"1975","T Sato","T Ito"
"1976","T Sato","T Saito"
"1977","K Aizawa","M Harasawa"
"1978","K Aizawa","A Obata"
"1979","K Aizawa","T Morita"
"1980","K Aizawa","T Ito"
"1981","K Aizawa","T Saito"
"1982","K Aizawa","T Sato"
"1983","M Crane","M Edwards"
"1984","J Freeman","F Durgin"
"1985","A Huk","F Durgin"
"1986","A Huk","J Freeman"
"1987","J Tong","c Lien"
"1988","H Bedell","c Lien"
"1989","H Bedell","J Tong"
"1990","P Cisarik","c Lien"
"1991","P Cisarik","J Tong"
"1992","P Cisarik","H Bedell"
"1993","S Patel","c Lien"
"1994","S Patel","J Tong"
"1995","S Patel","H Bedell"
"1996","S Patel","P Cisarik"
"1997","S Stevenson","A Raghunandan"
"1998","I Tyukin","S Gepshtein"
"1999","M Kubovy","S Gepshtein"
"2000","M Kubovy","I Tyukin"
"2001","C Leeuwen","S Gepshtein"
"2002","C Leeuwen","I Tyukin"
"2003","C Leeuwen","M Kubovy"
"2008","P Cavanagh","M Pashkam"
"2009","E Blaser","S Watamaniuk"
"2010","A Grieco","C Casco"
"2011","E Giora","C Casco"
"2012","E Giora","A Grieco"
"2013","S Khuu","C Or"
"2014","A Hayes","C Or"
"2015","A Hayes","S Khuu"
"2016","M Gori","M Viva"
"2017","E Connors","C Royden"
"2018","L Weingarten","M Reed"
"2019","T Cunningham","M Reed"
"2020","T Cunningham","L Weingarten"
"2021","T Uka","R Sasaki"
"2022","Y Han","A Norcia"
"2024","M Pettet","Y Han"
"2026","V Vildavski","Y Han"
"2029","A Wade","Y Han"
"2032","L Appelbaum","A Norcia"
"2033","L Appelbaum","Y Han"
"2034","L Appelbaum","M Pettet"
"2035","L Appelbaum","V Vildavski"
"2036","L Appelbaum","A Wade"
"2038","J Swisher","D Brady"
"2039","D Somers","D Brady"
"2040","D Somers","J Swisher"
"2041","R Ranvaud","L Pereira"
"2042","J Brown","H Denney"
"2046","G Caserta","C Galera"
"2047","G Caserta","M Cavallet"
"2048","G Caserta","M Grünau"
"2052","A Panagopoulos","G Caserta"
"2053","J Serences","A Greenberg"
"2054","S Yantis","A Greenberg"
"2055","S Yantis","J Serences"
"2056","S Vecera","L Hecht"
"2057","S Yeh","S Lin"
"2058","B Scholl","J New"
"2062","L Ivan","A Panagopoulos"
"2063","L Ivan","M Grünau"
"2064","L Ivan","C Galera"
"2068","M Cavallet","L Ivan"
"2069","G Boynton","M Saenz"
"2070","C Koch","M Saenz"
"2071","C Koch","G Boynton"
"2073","G Francis","J Wede"
"2074","D Weissman","C Wu"
"2075","M Woldorff","C Wu"
"2076","M Woldorff","D Weissman"
"2077","S Stevens","T Liu"
"2079","M Carrasco","S Stevens"
"2080","J Viera","F Pestilli"
"2081","M Carrasco","F Pestilli"
"2082","M Carrasco","J Viera"
"2083","O Lazareva","E Wasserman"
"2084","S Luck","E Wasserman"
"2085","S Luck","O Lazareva"
"2086","M Tarr","E Barenholtz"
"2087","P Verschure","M Wiesmann"
"2088","D Kiper","M Wiesmann"
"2089","D Kiper","P Verschure"
"2090","A Wong","M Mack"
"2091","I Gauthier","M Mack"
"2092","I Gauthier","A Wong"
"2093","T Palmeri","M Mack"
"2094","T Palmeri","A Wong"
"2095","T Palmeri","I Gauthier"
"2096","K Grill-Spector","D Remus"
"2097","C Leek","I Reppa"
"2098","S Carey","R Rosenberg"
"2099","M Large","J Cant"
"2100","L McCall","J Cant"
"2101","L McCall","M Large"
"2103","M Goodale","M Large"
"2104","M Goodale","L McCall"
"2105","O Lazareva","D Brooks"
"2106","F Gosselin","D Brooks"
"2107","F Gosselin","O Lazareva"
"2108","P Schyns","D Brooks"
"2109","P Schyns","O Lazareva"
"2111","E Wasserman","D Brooks"
"2113","E Wasserman","F Gosselin"
"2114","E Wasserman","P Schyns"
"2115","B Mel","A Lai"
"2116","A Oliva","T Serre"
"2117","T Poggio","T Serre"
"2118","T Poggio","A Oliva"
"2119","J Tanaka","L Scott"
"2120","D Sheinberg","L Scott"
"2121","D Sheinberg","J Tanaka"
"2122","T Curran","L Scott"
"2123","T Curran","J Tanaka"
"2124","T Curran","D Sheinberg"
"2125","R Mruczek","D Sheinberg"
"2127","B Anderson","R Mruczek"
"2128","K Kawasaki","D Sheinberg"
"2129","K Kawasaki","R Mruczek"
"2130","K Kawasaki","B Anderson"
"2131","M Neta","N Gronau"
"2132","M Bar","N Gronau"
"2133","M Bar","M Neta"
"2135","E Bradley","X Jiang"
"2136","L Rini","X Jiang"
"2137","L Rini","E Bradley"
"2138","T Zeffiro","X Jiang"
"2139","T Zeffiro","E Bradley"
"2140","T Zeffiro","L Rini"
"2141","J VanMeter","X Jiang"
"2142","J VanMeter","E Bradley"
"2143","J VanMeter","L Rini"
"2144","J VanMeter","T Zeffiro"
"2145","M Riesenhuber","X Jiang"
"2146","M Riesenhuber","E Bradley"
"2147","M Riesenhuber","L Rini"
"2148","M Riesenhuber","T Zeffiro"
"2149","M Riesenhuber","J VanMeter"
"2153","S Ullman","A Harel"
"2154","B Epshtein","A Harel"
"2155","B Epshtein","S Ullman"
"2156","S Bentin","A Harel"
"2157","S Bentin","S Ullman"
"2158","S Bentin","B Epshtein"
"2159","M Goodale","A Cate"
"2160","S Kohler","A Cate"
"2161","S Kohler","M Goodale"
"2162","L Vaina","F Calabro"
"2163","C Tyler","L Likova"
"2164","P Gamlin","L Likova"
"2165","P Gamlin","C Tyler"
"2166","R Allison","Y Sakano"
"2167","I Howard","Y Sakano"
"2168","I Howard","R Allison"
"2169","S Sadr","Y Sakano"
"2170","S Sadr","R Allison"
"2171","S Sadr","I Howard"
"2172","S Stevenson","F Visco"
"2173","M Lages","M Lages"
"2174","J Harris","H Nefs"
"2175","S Artemenkov","S Artemenkov"
"2176","T Lee","S Khuu"
"2178","A Hayes","T Lee"
"2179","S Beardsley","E Sikoglu"
"2180","F Calabro","E Sikoglu"
"2181","F Calabro","S Beardsley"
"2182","L Vaina","E Sikoglu"
"2183","L Vaina","S Beardsley"
"2185","D Regan","R Gray"
"2186","J Todd","L Thaler"
"2187","J Norman","E Wiesemann"
"2188","H Norman","E Wiesemann"
"2189","H Norman","J Norman"
"2190","W Craft","E Wiesemann"
"2191","W Craft","J Norman"
"2192","W Craft","H Norman"
"2193","F Bremmer","J Billino"
"2194","K Gegenfurtner","J Billino"
"2195","K Gegenfurtner","F Bremmer"
"2196","R Ni","J Bower"
"2197","G Andersen","J Bower"
"2199","I Gagnon","O Brosseau-Lachaine"
"2200","R Forget","O Brosseau-Lachaine"
"2201","R Forget","I Gagnon"
"2202","J Faubert","O Brosseau-Lachaine"
"2203","J Faubert","I Gagnon"
"2204","J Faubert","R Forget"
"2205","V Sampath","K Dobkins"
"2206","T Chen","K Dobkins"
"2207","T Chen","V Sampath"
"2214","S Patel","H Kafaligonul"
"2216","H Ogmen","S Patel"
"2217","H Bedell","H Kafaligonul"
"2219","H Bedell","H Ogmen"
"2220","G Purushothaman","H Kafaligonul"
"2221","G Purushothaman","S Patel"
"2222","G Purushothaman","H Ogmen"
"2223","G Purushothaman","H Bedell"
"2224","D Nichols","H Hock"
"2228","B Farell","Y Chai"
"2231","C Walton","J Norman"
"2232","C Walton","H Norman"
"2235","E Wiesemann","C Walton"
"2237","S Tanabe","S Yasuoka"
"2238","I Fujita","S Yasuoka"
"2239","I Fujita","S Tanabe"
"2240","C Beck","R Tyrrell"
"2241","J Brooks","R Tyrrell"
"2242","J Brooks","C Beck"
"2243","D Owens","R Tyrrell"
"2244","D Owens","C Beck"
"2245","D Owens","J Brooks"
"2246","C Schor","K Schreiber"
"2248","S Palmer","K Schloss"
"2249","S Patel","J Qian"
"2250","H Bedell","J Qian"
"2252","Z Tang","M Ishii"
"2253","H Tamura","M Ishii"
"2254","H Tamura","Z Tang"
"2255","S Tanabe","T Doi"
"2256","I Fujita","T Doi"
"2258","B Drobe","C Devisme"
"2259","A Monot","C Devisme"
"2260","A Monot","B Drobe"
"2261","J Droulez","C Devisme"
"2262","J Droulez","B Drobe"
"2263","J Droulez","A Monot"
"2264","T Sander","J Weber"
"2266","C Carbon","T Sander"
"2268","T Grueter","T Sander"
"2271","M Grueter","T Sander"
"2274","G Curio","J Weber"
"2275","G Curio","T Sander"
"2276","G Curio","C Carbon"
"2277","G Curio","T Grueter"
"2278","G Curio","M Grueter"
"2279","L Trahms","J Weber"
"2280","L Trahms","T Sander"
"2281","L Trahms","C Carbon"
"2282","L Trahms","T Grueter"
"2283","L Trahms","M Grueter"
"2284","L Trahms","G Curio"
"2286","A Lueschow","T Sander"
"2290","A Lueschow","G Curio"
"2291","A Lueschow","L Trahms"
"2292","R Kentridge","S Arnott"
"2293","C Heywood","S Arnott"
"2295","J Steeves","S Arnott"
"2298","M Goodale","S Arnott"
"2302","J Germann","R Farivar"
"2303","M Petrides","R Farivar"
"2304","M Petrides","J Germann"
"2305","O Blanke","R Farivar"
"2306","O Blanke","J Germann"
"2307","O Blanke","M Petrides"
"2308","A Chaudhuri","R Farivar"
"2309","A Chaudhuri","J Germann"
"2310","A Chaudhuri","M Petrides"
"2311","A Chaudhuri","O Blanke"
"2312","J Peissig","C Bukach"
"2313","M Tarr","C Bukach"
"2315","L Garrido","B Duchaine"
"2316","K Nakayama","B Duchaine"
"2317","K Nakayama","L Garrido"
"2318","Y Jiang","S He"
"2319","M Peelen","A Chan"
"2320","P Downing","A Chan"
"2321","P Downing","M Peelen"
"2322","L Betts","J Husk"
"2323","K O'Craven","J Husk"
"2324","K O'Craven","L Betts"
"2325","P Bennett","J Husk"
"2326","P Bennett","L Betts"
"2327","P Bennett","K O'Craven"
"2328","A Sekuler","J Husk"
"2329","A Sekuler","L Betts"
"2330","A Sekuler","K O'Craven"
"2332","B Rossion","C Jacques"
"2333","J DeLong","B Schneider"
"2334","T Busey","B Schneider"
"2335","T Busey","J DeLong"
"2336","G Aguirre","A Thomas"
"2337","M Seghier","R Caldara"
"2338","G Rhodes","L Jeffery"
"2339","T Busey","L Jeffery"
"2340","T Busey","G Rhodes"
"2341","M Mur","N Kriegeskorte"
"2342","D Ruff","N Kriegeskorte"
"2343","D Ruff","M Mur"
"2344","J Bodurka","N Kriegeskorte"
"2345","J Bodurka","M Mur"
"2346","J Bodurka","D Ruff"
"2347","P Bandettini","N Kriegeskorte"
"2348","P Bandettini","M Mur"
"2349","P Bandettini","D Ruff"
"2350","P Bandettini","J Bodurka"
"2351","J Tree","L Steede"
"2352","G Hole","L Steede"
"2353","G Hole","J Tree"
"2354","O D'Arripe","G Rousselet"
"2355","B Rossion","G Rousselet"
"2356","B Rossion","O D'Arripe"
"2357","C Jacques","G Rousselet"
"2358","C Jacques","O D'Arripe"
"2360","H Beeck","C Hemond"
"2361","N Kanwisher","C Hemond"
"2362","N Kanwisher","H Beeck"
"2363","P Sinha","Y Ostrovsky"
"2364","J Townsend","L Blaha"
"2365","B Scholl","N Turk-Browne"
"2366","S Thompson","J Hegdé"
"2367","D Kersten","J Hegdé"
"2368","D Kersten","S Thompson"
"2369","R Jacobs","M Michel"
"2370","J Bittner","M Wenger"
"2371","R Heide","M Wenger"
"2372","R Heide","J Bittner"
"2374","A Midorikawa","S Koyama"
"2375","A Suzuki","S Koyama"
"2376","A Suzuki","A Midorikawa"
"2377","H Hibino","S Koyama"
"2378","H Hibino","A Midorikawa"
"2379","H Hibino","A Suzuki"
"2380","M Kawamura","S Koyama"
"2381","M Kawamura","A Midorikawa"
"2382","M Kawamura","A Suzuki"
"2383","M Kawamura","H Hibino"
"2384","C Klaiman","I Gauthier"
"2385","R Schultz","I Gauthier"
"2386","R Schultz","C Klaiman"
"2387","M Rutherford","A Sekuler"
"2388","K Clements","A Sekuler"
"2389","K Clements","M Rutherford"
"2390","J Barton","C Fox"
"2391","R Grand","M Kaiser"
"2392","J Tanaka","M Kaiser"
"2393","J Tanaka","R Grand"
"2394","A Yazdanbakhsh","M Livingstone"
"2396","T Moore","S Xian"
"2397","B Krishna","A Falkner"
"2398","M Goldberg","A Falkner"
"2399","M Goldberg","B Krishna"
"2400","E Brannon","J Roitman"
"2401","M Platt","J Roitman"
"2402","M Platt","E Brannon"
"2404","J Badler","S Heinen"
"2406","S Yang","J Badler"
"2407","P Garrigan","B Backus"
"2409","Q Haijiang","P Garrigan"
"2410","V Balasubramanian","B Backus"
"2411","V Balasubramanian","P Garrigan"
"2412","V Balasubramanian","Q Haijiang"
"2413","S Wolfson","N Graham"
"2414","J Larsson","L Kouhsari"
"2415","M Landy","L Kouhsari"
"2416","M Landy","J Larsson"
"2417","D Heeger","L Kouhsari"
"2418","D Heeger","J Larsson"
"2419","D Heeger","M Landy"
"2420","L Gilroy","N Tsuchiya"
"2421","R Blake","N Tsuchiya"
"2422","R Blake","L Gilroy"
"2423","C Koch","N Tsuchiya"
"2424","C Koch","L Gilroy"
"2425","C Koch","R Blake"
"2427","F Verstraten","R Kanai"
"2428","F Verstraten","C Paffen"
"2429","R Blake","D Tadin"
"2430","S Chong","D Tadin"
"2432","G Martinsen","P Smith"
"2433","D Kee","P Smith"
"2434","D Kee","G Martinsen"
"2435","P Garcia","P Smith"
"2437","P Garcia","D Kee"
"2438","M Tomonaga","T Matsuno"
"2439","C Chao","W Cheng"
"2440","J Aubry","J Plantier"
"2441","F Vienot","J Plantier"
"2442","F Vienot","J Aubry"
"2443","G Ossard","J Plantier"
"2444","G Ossard","J Aubry"
"2445","G Ossard","F Vienot"
"2446","C Roumes","J Plantier"
"2447","C Roumes","J Aubry"
"2448","C Roumes","F Vienot"
"2449","C Roumes","G Ossard"
"2450","T Otte","T Otte"
"2451","M Livingstone","P Howe"
"2452","B Blakeslee","M McCourt"
"2453","F Fang","H Boyaci"
"2454","S Murray","H Boyaci"
"2455","S Murray","F Fang"
"2456","D Kersten","H Boyaci"
"2457","D Kersten","F Fang"
"2458","D Kersten","S Murray"
"2459","A Johnston","A Ioannides"
"2460","L Griffin","A Ioannides"
"2461","L Griffin","A Johnston"
"2462","S Whyte","A Radonjic"
"2463","J Faasse","A Radonjic"
"2464","J Faasse","S Whyte"
"2466","A Gilchrist","S Whyte"
"2467","A Gilchrist","J Faasse"
"2468","D Brainard","J Hillis"
"2469","A Logvinenko","J Schirillo"
"2470","L Maloney","K Doerschner"
"2471","B Backus","J Boltianski"
"2472","A Shapiro","A Shapiro"
"2473","M Albert","M Albert"
"2474","S Westland","C Ripamonti"
"2475","S Gori","S Gori"
"2476","S Macknik","X Troncoso"
"2477","S Martinez-Conde","X Troncoso"
"2478","S Martinez-Conde","S Macknik"
"2479","A Era","K Yokosawa"
"2480","J Barraza","R Aguirre"
"2481","E Colombo","R Aguirre"
"2482","E Colombo","J Barraza"
"2483","J Witt","C Riener"
"2484","J Augustyn","C Riener"
"2485","J Augustyn","J Witt"
"2486","D Proffitt","C Riener"
"2487","D Proffitt","J Witt"
"2488","D Proffitt","J Augustyn"
"2490","S Linkegauger","J Zadra"
"2491","D Proffitt","J Zadra"
"2492","D Proffitt","S Linkegauger"
"2493","D Proffitt","J Stefanucci"
"2494","J Witt","S Linkenauger"
"2495","J Stephanucci","S Linkenauger"
"2496","J Stephanucci","J Witt"
"2497","D Proffitt","S Linkenauger"
"2499","D Proffitt","J Stephanucci"
"2500","W Thompson","B Mohler"
"2501","S Creem-Regehr","B Mohler"
"2503","S Creem-Regehr","S Kuhl"
"2504","W Thompson","S Kuhl"
"2506","A Brucker","J Campos"
"2507","Z Vucetic","J Campos"
"2508","Z Vucetic","A Brucker"
"2510","H Sun","A Brucker"
"2511","H Sun","Z Vucetic"
"2512","A Kappers","M Doumen"
"2513","J Koenderink","M Doumen"
"2514","J Koenderink","A Kappers"
"2515","H Takeichi","H Takeichi"
"2516","Z He","J Wu"
"2517","T Ooi","J Wu"
"2522","G Andersen","Z Bian"
"2523","C Granrud","A Yonas"
"2524","J Grittner","A Yonas"
"2525","J Grittner","C Granrud"
"2527","P Hibbard","S Bouzit"
"2528","L Anderson","V Interrante"
"2529","B Ries","V Interrante"
"2530","B Ries","L Anderson"
"2531","G Tran","H Sedgwick"
"2532","M Smart","C Pagano"
"2533","T Blanding","C Pagano"
"2534","T Blanding","M Smart"
"2535","V Chitrakaran","C Pagano"
"2536","V Chitrakaran","M Smart"
"2537","V Chitrakaran","T Blanding"
"2538","D McKean","A Glennerster"
"2539","S Gilson","A Glennerster"
"2540","S Gilson","D McKean"
"2541","E Blaser","E Blaser"
"2542","A McCoy","A Long"
"2543","M Platt","A Long"
"2544","M Platt","A McCoy"
"2545","H Dean","B Hayden"
"2546","M Platt","B Hayden"
"2547","M Platt","H Dean"
"2548","R Deaner","J Klein"
"2549","M Platt","J Klein"
"2551","M Platt","M Bendiksby"
"2552","A Seydell","T Schmidt"
"2553","J Mitchell","K Sundberg"
"2554","J Reynolds","K Sundberg"
"2555","J Reynolds","J Mitchell"
"2556","J Assad","T Herrington"
"2557","T Moore","K Armstrong"
"2558","K Cardinal","S Bouvier"
"2559","S Engel","S Bouvier"
"2560","S Engel","K Cardinal"
"2561","S Bouvier","E Harley"
"2562","G Heckman","E Harley"
"2563","G Heckman","S Bouvier"
"2564","S Engel","E Harley"
"2567","L Hecht","J Cosman"
"2568","S Vecera","J Cosman"
"2570","L Castro","O Lazareva"
"2571","S Vecera","O Lazareva"
"2572","S Vecera","L Castro"
"2574","E Wasserman","L Castro"
"2575","E Wasserman","S Vecera"
"2576","S Vecera","J Thierman"
"2577","S Palmer","J Thierman"
"2578","S Palmer","S Vecera"
"2579","E Barenholtz","J Vettel"
"2582","S Rainville","S Rainville"
"2583","H Li","H Son"
"2584","M Belkin","O Yehezkel"
"2585","D Sagi","O Yehezkel"
"2586","D Sagi","M Belkin"
"2587","U Polat","O Yehezkel"
"2588","U Polat","M Belkin"
"2589","U Polat","D Sagi"
"2590","M Berg","M Kubovy"
"2591","C Chen","C Chen"
"2592","L Zhaoping","L Jingling"
"2593","E Cohen","M Singh"
"2595","L Maloney","E Cohen"
"2596","M Scheessele","M Scheessele"
"2597","O Ben-Shahar","O Ben-Shahar"
"2598","O Lazareva","Y Nagasaka"
"2599","E Wasserman","Y Nagasaka"
"2601","B Scholl","J Flombaum"
"2602","Z Pylyshyn","J Flombaum"
"2603","Z Pylyshyn","B Scholl"
"2604","M Doyle","C Feria"
"2606","D Levi","S Tripathy"
"2607","B Amos","J Mounts"
"2608","M Moschetta","J Mounts"
"2609","M Moschetta","B Amos"
"2610","E Page","J Mounts"
"2611","E Page","B Amos"
"2612","E Page","M Moschetta"
"2613","A Seiffert","M Tombu"
"2614","E Vogel","T Drew"
"2618","Z Pylyshyn","H Haladjian"
"2619","Z Pylyshyn","C Montemayor"
"2620","R Pierson","C Leonard"
"2621","M Palomares","C Leonard"
"2622","M Palomares","R Pierson"
"2623","H Egeth","C Leonard"
"2624","H Egeth","R Pierson"
"2626","E Orr","L Trick"
"2627","E Spelke","M Shuman"
"2628","E Brannon","J Cantlon"
"2629","K Pelphrey","J Cantlon"
"2630","K Pelphrey","E Brannon"
"2631","L Beckmann","H Barth"
"2632","E Spelke","H Barth"
"2633","E Spelke","L Beckmann"
"2637","N Mahajan","J Barnes"
"2638","M Blanco","J Barnes"
"2639","M Blanco","N Mahajan"
"2640","L Santos","J Barnes"
"2641","L Santos","N Mahajan"
"2642","L Santos","M Blanco"
"2643","L Torres","M Palomares"
"2645","C Leonard","L Torres"
"2647","H Egeth","L Torres"
"2649","R Li","M Kumar"
"2650","D Levi","M Kumar"
"2652","S Chat","M Kumar"
"2653","S Chat","R Li"
"2654","S Chat","D Levi"
"2655","M MacKeben","M Kumar"
"2656","M MacKeben","R Li"
"2657","M MacKeben","D Levi"
"2658","M MacKeben","S Chat"
"2659","S Mitroff","J Arita"
"2660","A Holcombe","C Howard"
"2661","L Itti","J Lu"
"2662","D Kravitz","M Behrmann"
"2663","N Yeung","M Behrmann"
"2664","N Yeung","D Kravitz"
"2666","D Fencsik","J Wolfe"
"2667","D Fencsik","T Horowitz"
"2669","S Flusberg","T Horowitz"
"2670","S Flusberg","D Fencsik"
"2677","T Liu","S Fuller"
"2680","A Seitz","Y Yotsumoto"
"2681","Y Sasaki","Y Yotsumoto"
"2682","Y Sasaki","A Seitz"
"2683","S Shimojo","Y Yotsumoto"
"2684","S Shimojo","A Seitz"
"2685","S Shimojo","Y Sasaki"
"2686","T Yamamoto","Y Yotsumoto"
"2687","T Yamamoto","A Seitz"
"2688","T Yamamoto","Y Sasaki"
"2689","T Yamamoto","S Shimojo"
"2690","M Kogure","Y Yotsumoto"
"2691","M Kogure","A Seitz"
"2692","M Kogure","Y Sasaki"
"2693","M Kogure","S Shimojo"
"2694","M Kogure","T Yamamoto"
"2695","M Sakagami","Y Yotsumoto"
"2696","M Sakagami","A Seitz"
"2697","M Sakagami","Y Sasaki"
"2698","M Sakagami","S Shimojo"
"2699","M Sakagami","T Yamamoto"
"2700","M Sakagami","M Kogure"
"2701","T Watanabe","Y Yotsumoto"
"2703","T Watanabe","Y Sasaki"
"2704","T Watanabe","S Shimojo"
"2705","T Watanabe","T Yamamoto"
"2706","T Watanabe","M Kogure"
"2707","T Watanabe","M Sakagami"
"2709","B Reitzner","M Graf"
"2710","M Giese","M Graf"
"2711","M Giese","B Reitzner"
"2712","A Casile","M Graf"
"2713","A Casile","B Reitzner"
"2714","A Casile","M Giese"
"2715","W Prinz","M Graf"
"2716","W Prinz","B Reitzner"
"2717","W Prinz","M Giese"
"2718","W Prinz","A Casile"
"2719","J Garcia","J Pyles"
"2720","D Hoffman","J Pyles"
"2721","D Hoffman","J Garcia"
"2722","E Grossman","J Pyles"
"2723","E Grossman","J Garcia"
"2724","E Grossman","D Hoffman"
"2725","L Omlor","M Giese"
"2726","C Roether","M Giese"
"2727","C Roether","L Omlor"
"2728","M Kozhevnikov","S Prasad"
"2729","M Shiffrar","S Prasad"
"2730","M Shiffrar","M Kozhevnikov"
"2731","N Troje","J Sadr"
"2732","K Nakayama","J Sadr"
"2733","K Nakayama","N Troje"
"2734","M Rutherford","P Szego"
"2735","A Sethi","L Loschky"
"2736","D Simons","L Loschky"
"2737","D Simons","A Sethi"
"2738","T Pydimarri","L Loschky"
"2739","T Pydimarri","A Sethi"
"2740","T Pydimarri","D Simons"
"2741","N Forristal","L Loschky"
"2742","N Forristal","A Sethi"
"2743","N Forristal","D Simons"
"2744","N Forristal","T Pydimarri"
"2745","J Corbeille","L Loschky"
"2746","J Corbeille","A Sethi"
"2747","J Corbeille","D Simons"
"2748","J Corbeille","T Pydimarri"
"2749","J Corbeille","N Forristal"
"2750","K Gibb","L Loschky"
"2751","K Gibb","A Sethi"
"2752","K Gibb","D Simons"
"2753","K Gibb","T Pydimarri"
"2754","K Gibb","N Forristal"
"2755","K Gibb","J Corbeille"
"2756","T Tzvetanov","D Kaping"
"2757","S Treue","D Kaping"
"2758","S Treue","T Tzvetanov"
"2759","K Daniels","H Intraub"
"2760","T Horowitz","H Intraub"
"2761","T Horowitz","K Daniels"
"2762","J Wolfe","H Intraub"
"2763","J Wolfe","K Daniels"
"2765","H Intraub","S Park"
"2766","D Widders","S Park"
"2767","D Widders","H Intraub"
"2768","D Yi","S Park"
"2769","D Yi","H Intraub"
"2770","D Yi","D Widders"
"2771","M Chun","S Park"
"2772","M Chun","H Intraub"
"2773","M Chun","D Widders"
"2774","M Chun","D Yi"
"2775","J Higgins","R Epstein"
"2776","S Chung","A Arman"
"2777","B Tjan","A Arman"
"2778","B Tjan","S Chung"
"2779","B Tjan","A Nandy"
"2780","R Li","S Chung"
"2781","D Levi","S Chung"
"2783","G Legge","S Cheung"
"2784","S Chung","S Cheung"
"2785","S Chung","G Legge"
"2786","B Tjan","S Cheung"
"2787","B Tjan","G Legge"
"2789","M Carandini","Y Petrov"
"2791","S McKee","M Carandini"
"2792","E Freeman","P Verghese"
"2793","S Johnson","S Shuwairi"
"2794","H Farid","M Bravo"
"2796","I Gauthier","W Hayward"
"2797","I Gauthier","G Zhou"
"2798","I Harris","W Hayward"
"2799","I Harris","G Zhou"
"2800","I Harris","I Gauthier"
"2801","J Boshyan","K Kveraga"
"2802","M Bar","K Kveraga"
"2803","M Bar","J Boshyan"
"2804","G Humphreys","M Riddoch"
"2805","M Bracewell","M Riddoch"
"2806","M Bracewell","G Humphreys"
"2807","N Turk-Browne","D Yi"
"2808","J Flombaum","D Yi"
"2809","J Flombaum","N Turk-Browne"
"2810","B Scholl","D Yi"
"2814","M Chun","N Turk-Browne"
"2815","M Chun","J Flombaum"
"2816","M Chun","B Scholl"
"2817","S Shevell","S Hong"
"2818","T Andrews","T Andrews"
"2819","A Holcombe","P Cavanagh"
"2820","Y Jiang","C Feng"
"2821","S He","C Feng"
"2823","H Wilson","H Wilson"
"2824","T Meese","D Baker"
"2825","G Alvarez","L Battelli"
"2826","T Carlson","L Battelli"
"2828","A Pascual-Leone","L Battelli"
"2829","A Pascual-Leone","G Alvarez"
"2830","A Pascual-Leone","T Carlson"
"2831","N Takahashi","R McPeek"
"2832","M Kang","G Woodman"
"2833","A Rossi","G Woodman"
"2834","A Rossi","M Kang"
"2835","J Schall","G Woodman"
"2836","J Schall","M Kang"
"2837","J Schall","A Rossi"
"2838","Y Kamitani","F Tong"
"2840","Y Li","R Rosenholtz"
"2841","Z Jin","R Rosenholtz"
"2842","Z Jin","Y Li"
"2843","J Mansfield","R Rosenholtz"
"2844","J Mansfield","Y Li"
"2845","J Mansfield","Z Jin"
"2846","M Banks","H Filippini"
"2847","D Knill","H Greenwald"
"2848","R Allison","I Tsirlin"
"2849","L Wilcox","I Tsirlin"
"2850","L Wilcox","R Allison"
"2851","B Potetz","J Samonds"
"2852","T Lee","J Samonds"
"2853","T Lee","B Potetz"
"2856","B Pham","J Droll"
"2857","C Abbey","J Droll"
"2859","M Eckstein","J Droll"
"2862","A Oliva","B Hidalgo-Sotelo"
"2863","J Droll","K Gigone"
"2864","M Hayhoe","K Gigone"
"2867","D Levin","M Beck"
"2868","D Levin","B Angelone"
"2869","M Peterson","M Beck"
"2870","M Peterson","B Angelone"
"2871","M Peterson","D Levin"
"2872","D Varakin","M Beck"
"2873","D Varakin","B Angelone"
"2875","D Varakin","M Peterson"
"2876","V Drouet","M Chaumon"
"2877","C Tallon-Baudry","M Chaumon"
"2878","C Tallon-Baudry","V Drouet"
"2880","K Watanabe","H Ogawa"
"2881","M Becker","I Rasmussen"
"2882","A Scharff","I Rasmussen"
"2883","A Scharff","M Becker"
"2884","A Hickok","I Rasmussen"
"2885","A Hickok","M Becker"
"2886","A Hickok","A Scharff"
"2887","I Gilchrist","C Walthew"
"2888","H Eng","C Matthews"
"2889","T Vickery","C Matthews"
"2890","T Vickery","H Eng"
"2891","W Shim","C Matthews"
"2892","W Shim","H Eng"
"2894","Y Jiang","C Matthews"
"2898","R Sussman","T Vickery"
"2901","A Noest","J Brascamp"
"2902","R Ee","J Brascamp"
"2904","A Berg","J Brascamp"
"2905","A Berg","A Noest"
"2906","A Berg","R Ee"
"2910","P Costello","Y Jiang"
"2912","S He","P Costello"
"2914","Z Vidnyánszky","C Paffen"
"2915","Z Vidnyánszky","F Verstraten"
"2916","D Tadin","J Pearson"
"2917","R Blake","J Pearson"
"2919","A Kamphuisen","J Boxtel"
"2920","R Ee","J Boxtel"
"2921","R Ee","A Kamphuisen"
"2922","C Erkelens","J Boxtel"
"2923","C Erkelens","A Kamphuisen"
"2925","Z He","J Xu"
"2926","T Ooi","J Xu"
"2928","Y Miyawaki","T Shinozaki"
"2929","T Takeda","T Shinozaki"
"2930","T Takeda","Y Miyawaki"
"2931","Z He","Y Su"
"2932","T Ooi","Y Su"
"2934","K Maruya","H Watanabe"
"2935","M Watanabe","H Watanabe"
"2936","M Watanabe","K Maruya"
"2937","D Alais","A Parker"
"2938","D Whitney","S Hancock"
"2939","T Andrews","S Hancock"
"2940","T Andrews","D Whitney"
"2941","R Deichmann","J Haynes"
"2943","G Rees","R Deichmann"
"2944","J Stefanucci","J Franchak"
"2945","D Proffitt","J Franchak"
"2947","J Loomis","J Hutchison"
"2948","E Wilson","L Brown"
"2949","M Goodale","L Brown"
"2950","M Goodale","E Wilson"
"2951","P Gribble","L Brown"
"2952","P Gribble","E Wilson"
"2953","P Gribble","M Goodale"
"2954","M Goodale","E Chang"
"2955","J O'Regan","E Cooke"
"2956","K James","K James"
"2957","A Hanson","S Thakur"
"2958","G Bingham","S Thakur"
"2959","G Bingham","A Hanson"
"2960","S Macramalla","B Bridgeman"
"2967","J Pola","J Pola"
"2971","T Dyar","S Martinez-Conde"
"2972","T Dyar","S Macknik"
"2973","T Dyar","X Troncoso"
"2974","H Li","H Li"
"2975","A Lleras","L Thomas"
"2976","K Moore","S Balk"
"2977","J Steele","S Balk"
"2978","J Steele","K Moore"
"2979","W Spearman","S Balk"
"2980","W Spearman","K Moore"
"2981","W Spearman","J Steele"
"2982","A Duchowski","S Balk"
"2983","A Duchowski","K Moore"
"2984","A Duchowski","J Steele"
"2985","A Duchowski","W Spearman"
"2986","G Rhodes","T Watson"
"2987","C Clifford","T Watson"
"2988","C Clifford","G Rhodes"
"2989","J Winawer","N Witthoft"
"2990","S Shimojo","F Moradi"
"2991","N Anderson","G Yourganov"
"2992","H Wilson","G Yourganov"
"2994","A O'Toole","S Barrett"
"2995","F Jiang","S Barrett"
"2997","L Chomiak","S Barrett"
"2998","L Chomiak","A O'Toole"
"2999","L Chomiak","F Jiang"
"3000","A Gray","S Barrett"
"3001","A Gray","A O'Toole"
"3002","A Gray","F Jiang"
"3003","A Gray","L Chomiak"
"3004","D Highhill","S Barrett"
"3005","D Highhill","A O'Toole"
"3006","D Highhill","F Jiang"
"3007","D Highhill","L Chomiak"
"3008","D Highhill","A Gray"
"3009","V Blanz","F Jiang"
"3011","A O'Toole","V Blanz"
"3012","Y Mizokami","M Yasuda"
"3013","T Watson","M Yasuda"
"3014","T Watson","Y Mizokami"
"3015","M Webster","M Yasuda"
"3017","M Webster","T Watson"
"3018","K Ijichi","F Fang"
"3019","S He","F Fang"
"3020","S He","K Ijichi"
"3021","A Chaudhuri","J Ryu"
"3022","P Cavanagh","S Afraz"
"3023","C Yan","J Murray"
"3024","G Rhodes","E Jaquet"
"3025","W Hayward","E Jaquet"
"3026","W Hayward","G Rhodes"
"3027","S Grossberg","M Versace"
"3028","S Grossberg","P Pilly"
"3029","D Ballard","J Jehee"
"3030","D Kiper","S Roth"
"3031","P Verschure","S Roth"
"3033","A Jacobs","S Nirenberg"
"3034","G Fridman","S Nirenberg"
"3035","G Fridman","A Jacobs"
"3036","P Latham","S Nirenberg"
"3037","P Latham","A Jacobs"
"3038","P Latham","G Fridman"
"3039","R Douglas","S Nirenberg"
"3040","R Douglas","A Jacobs"
"3041","R Douglas","G Fridman"
"3042","R Douglas","P Latham"
"3043","N Alam","S Nirenberg"
"3044","N Alam","A Jacobs"
"3045","N Alam","G Fridman"
"3046","N Alam","P Latham"
"3047","N Alam","R Douglas"
"3048","G Prusky","S Nirenberg"
"3049","G Prusky","A Jacobs"
"3050","G Prusky","G Fridman"
"3051","G Prusky","P Latham"
"3052","G Prusky","R Douglas"
"3053","G Prusky","N Alam"
"3054","J Zhang","C Yu"
"3055","S Kuai","C Yu"
"3056","S Kuai","J Zhang"
"3057","F Fudan","C Yu"
"3058","F Fudan","J Zhang"
"3059","F Fudan","S Kuai"
"3060","S Klein","C Yu"
"3061","S Klein","J Zhang"
"3062","S Klein","S Kuai"
"3063","S Klein","F Fudan"
"3064","L Liu","C Yu"
"3065","L Liu","J Zhang"
"3066","L Liu","S Kuai"
"3067","L Liu","F Fudan"
"3068","L Liu","S Klein"
"3069","S Cheung","D Yu"
"3070","S Chung","D Yu"
"3072","G Legge","D Yu"
"3076","A Zele","D Cao"
"3077","J Pokorny","D Cao"
"3078","J Pokorny","A Zele"
"3080","T Tayama","T Tayama"
"3081","C Schor","C Cantor"
"3082","E Delipetkos","K Gegenfurtner"
"3084","D Braun","E Delipetkos"
"3085","U Polat","R Li"
"3086","W Makous","R Li"
"3087","W Makous","U Polat"
"3088","D Bavelier","R Li"
"3089","D Bavelier","U Polat"
"3090","D Bavelier","W Makous"
"3091","B Xuan","X Chen"
"3092","D Zhang","X Chen"
"3093","D Zhang","B Xuan"
"3094","S He","X Chen"
"3095","S He","B Xuan"
"3096","S He","D Zhang"
"3097","D Swift","D Swift"
"3098","J Kawahara","F Ono"
"3099","E Giora","M Morgan"
"3101","J Solomon","E Giora"
"3102","F Tong","T McKeeff"
"3103","T Visser","M Williams"
"3105","R Cunnington","T Visser"
"3107","J Mattingley","T Visser"
"3109","J Sy","B Giesbrecht"
"3110","B Wyble","P Craston"
"3111","H Bowman","P Craston"
"3113","M Kim","H Choo"
"3114","J Ng","F Chua"
"3115","M Ambinder","A Lleras"
"3116","K Yokosawa","A Ariga"
"3117","H Dhaliwal","E Awh"
"3118","S Johnston","W Vogels"
"3119","K Shapiro","W Vogels"
"3120","K Shapiro","S Johnston"
"3121","D Linden","W Vogels"
"3122","D Linden","S Johnston"
"3123","D Linden","K Shapiro"
"3125","T Kumada","J Kawahara"
"3126","C LaBouff","A Landau"
"3127","L Robertson","A Landau"
"3128","L Robertson","C LaBouff"
"3129","K Shapiro","E Martin"
"3131","W Hayward","Y Wong"
"3132","R Marois","P Dux"
"3133","J Franchak","M Shiffrar"
"3134","M Peelen","A Wiggett"
"3135","P Downing","A Wiggett"
"3137","M Lazarewicz","S Das"
"3138","R Wilson","S Das"
"3139","R Wilson","M Lazarewicz"
"3140","L Finkel","S Das"
"3141","L Finkel","M Lazarewicz"
"3142","L Finkel","R Wilson"
"3143","E Hiris","E Hiris"
"3144","S Szabo","N Troje"
"3145","L McKay","P McAleer"
"3146","J Piggot","P McAleer"
"3147","J Piggot","L McKay"
"3148","D Simmons","P McAleer"
"3149","D Simmons","L McKay"
"3150","D Simmons","J Piggot"
"3151","F Pollick","P McAleer"
"3152","F Pollick","L McKay"
"3153","F Pollick","J Piggot"
"3154","F Pollick","D Simmons"
"3155","J Mackie","L McKay"
"3156","J Piggott","L McKay"
"3157","J Piggott","J Mackie"
"3159","D Simmons","J Mackie"
"3160","D Simmons","J Piggott"
"3162","F Pollick","J Mackie"
"3163","F Pollick","J Piggott"
"3168","A Yagi","K Fujimoto"
"3169","M Shiffrar","S Oh"
"3179","N Lavie","B Bahrami"
"3180","V Walsh","B Bahrami"
"3181","V Walsh","N Lavie"
"3182","S Hammett","R Champion"
"3183","P Thompson","R Champion"
"3184","P Thompson","S Hammett"
"3185","A Cobo-Lewis","S Collier"
"3186","M Edwards","J Greenwood"
"3187","G Sperling","D Liu"
"3188","J Barraza","A Martin"
"3189","L Issolio","A Martin"
"3190","L Issolio","J Barraza"
"3192","P Mamassian","L O'Kane"
"3193","P Duke","S Rushton"
"3194","W Geisler","T Tversky"
"3195","K Sung","W Wojtach"
"3196","D Purves","W Wojtach"
"3197","D Purves","K Sung"
"3198","T Petersik","D Vreven"
"3199","J Dannemiller","D Vreven"
"3200","J Dannemiller","T Petersik"
"3201","J Schrauth","D Vreven"
"3202","J Schrauth","T Petersik"
"3203","J Schrauth","J Dannemiller"
"3204","C Paffen","M Smagt"
"3205","F Verstraten","M Smagt"
"3210","A Arya","L Jefferies"
"3212","J Enns","A Arya"
"3213","M Becker","C Heveran"
"3214","I Rasmussen","C Heveran"
"3216","B Detweiler-Bedell","C Heveran"
"3217","B Detweiler-Bedell","M Becker"
"3218","B Detweiler-Bedell","I Rasmussen"
"3222","L Koch","M Becker"
"3223","L Koch","B Detweiler-Bedell"
"3224","L Koch","I Rasmussen"
"3225","R Hefter","J Barton"
"3226","T Sato","N Matsuzaki"
"3227","J Spencer-Smith","J Spencer-Smith"
"3228","Y Osada","M Honma"
"3229","G Geminiani","M Tamietto"
"3230","B Gelder","M Tamietto"
"3231","B Gelder","G Geminiani"
"3232","B Gelder","J Stock"
"3233","M Tarr","A Nestor"
"3234","I Gauthier","J Richler"
"3235","M Wenger","J Richler"
"3236","M Wenger","I Gauthier"
"3237","T Palmeri","J Richler"
"3239","T Palmeri","M Wenger"
"3240","T Vetter","M Walker"
"3241","J Winawer","N Davidenko"
"3242","N Witthoft","N Davidenko"
"3244","P Bayerl","U Weidenbacher"
"3245","H Neumann","U Weidenbacher"
"3247","J Langlois","P Bronstad"
"3248","R Russell","P Bronstad"
"3249","R Russell","J Langlois"
"3250","D Wilbraham","A Martinez"
"3251","J Todd","A Martinez"
"3252","J Todd","D Wilbraham"
"3253","J Christensen","A Martinez"
"3254","J Christensen","D Wilbraham"
"3259","R Blake","C Kim"
"3260","D Smilek","J Carriere"
"3261","M Reynolds","J Carriere"
"3263","M Dixon","J Carriere"
"3264","M Dixon","D Smilek"
"3265","M Dixon","M Reynolds"
"3266","P Merikle","J Carriere"
"3267","P Merikle","D Smilek"
"3268","P Merikle","M Reynolds"
"3269","P Merikle","M Dixon"
"3270","M Peterson","A Schroeder"
"3271","R Rensink","R Rensink"
"3272","C Myers","H Neth"
"3273","W Gray","H Neth"
"3274","W Gray","C Myers"
"3275","Y Gabari","A Leber"
"3276","J Kawahara","A Leber"
"3277","J Kawahara","Y Gabari"
"3278","J Junge","T Brady"
"3279","M Chun","T Brady"
"3280","M Chun","J Junge"
"3281","A Seiffert","P Ko"
"3282","S Butcher","S Butcher"
"3283","M Trujillo","J Mulligan"
"3284","H Lu","A Yuille"
"3285","K Amano","S Nishida"
"3286","M Edwards","S Nishida"
"3287","M Edwards","K Amano"
"3288","D Badcock","S Nishida"
"3289","D Badcock","K Amano"
"3290","D Badcock","M Edwards"
"3291","J Nyquist","J Lappin"
"3292","D Tadin","J Lappin"
"3293","D Tadin","J Nyquist"
"3295","P Thompson","P Thompson"
"3296","M Hayhoe","H Uke"
"3298","B Scholl","J Junge"
"3300","S Flusberg","M Kunar"
"3301","T Horowitz","M Kunar"
"3306","D Schluppeck","S Offen"
"3307","D Heeger","S Offen"
"3308","D Heeger","D Schluppeck"
"3309","M Chun","Y Xu"
"3310","M Watanabe","M Kawasaki"
"3311","J Okuda","M Kawasaki"
"3312","J Okuda","M Watanabe"
"3313","M Sakagami","M Kawasaki"
"3314","M Sakagami","M Watanabe"
"3315","M Sakagami","J Okuda"
"3322","S Pitzalis","F Russo"
"3323","A Stella","F Russo"
"3324","A Stella","S Pitzalis"
"3325","D Spinelli","F Russo"
"3326","D Spinelli","S Pitzalis"
"3327","D Spinelli","A Stella"
"3328","S Hillyard","F Russo"
"3329","S Hillyard","S Pitzalis"
"3330","S Hillyard","A Stella"
"3331","S Hillyard","D Spinelli"
"3332","S Inati","C Olman"
"3333","D Heeger","C Olman"
"3334","D Heeger","S Inati"
"3335","Z Lu","L Lesmes"
"3336","N Tran","L Lesmes"
"3337","N Tran","Z Lu"
"3338","B Dosher","L Lesmes"
"3340","B Dosher","N Tran"
"3341","T Albright","L Lesmes"
"3342","T Albright","Z Lu"
"3343","T Albright","N Tran"
"3344","T Albright","B Dosher"
"3346","X Yao","J George"
"3348","H Pashler","L Huang"
"3349","A Treisman","L Huang"
"3350","A Treisman","H Pashler"
"3351","Z Pylyshyn","S Franconeri"
"3352","B Scholl","S Franconeri"
"3355","P Cavanagh","R Chakravarthi"
"3356","M Potter","M Nieuwenstein"
"3359","J Wong","M Beck"
