"","from","to"
"1","D Knill","J Saunders"
"2","S Hahn","G Andersen"
"3","A Saidpour","G Andersen"
"4","A Saidpour","S Hahn"
"5","J Todd","J Crowell"
"6","G Bingham","J Crowell"
"7","G Bingham","J Todd"
"8","L Fox","F Durgin"
"9","R Kane","F Durgin"
"10","R Kane","L Fox"
"11","K May","T Ooi"
"12","P Gunther","T Ooi"
"13","P Gunther","K May"
"14","Z He","T Ooi"
"15","Z He","K May"
"16","Z He","P Gunther"
"17","M Hansard","A Glennerster"
"18","A Fitzgibbon","A Glennerster"
"19","A Fitzgibbon","M Hansard"
"20","D Simons","S Mitroff"
"21","D Levin","M Beck"
"22","S Luck","E Vogel"
"23","D Levin","D Levin"
"24","D Levin","B Angelone"
"25","D Levin","J Wayand"
"26","A Mack","M Silverman"
"27","I Murakami","I Murakami"
"28","R Nijhawan","K Watanabe"
"29","S Shimojo","K Watanabe"
"30","S Shimojo","R Nijhawan"
"31","T Sejnowski","D Eagleman"
"32","L Snyder","G Stoet"
"33","N Bichot","A Rossi"
"34","R Desimone","A Rossi"
"35","R Desimone","N Bichot"
"36","L Ungerleider","A Rossi"
"37","L Ungerleider","N Bichot"
"38","L Ungerleider","R Desimone"
"39","C Cassanello","N Priebe"
"40","S Lisberger","N Priebe"
"41","S Lisberger","C Cassanello"
"42","J Bisley","J Droll"
"43","T Pasternak","J Droll"
"44","T Pasternak","J Bisley"
"45","P Cavanagh","L Bilodeau"
"46","T Haarmeier","A Lindner"
"47","P Thier","A Lindner"
"48","P Thier","T Haarmeier"
"49","C Wu","C Anderson"
"50","K Dobkins","C Anderson"
"51","K Dobkins","C Wu"
"52","R Blake","C Aslin"
"53","M Chun","C Aslin"
"54","M Chun","R Blake"
"55","N Kirkham","J Slemmer"
"56","S Johnson","J Slemmer"
"57","S Johnson","N Kirkham"
"58","D Luskin","S Mednick"
"59","J Cantero","S Mednick"
"60","J Cantero","D Luskin"
"61","M Atienza","S Mednick"
"62","M Atienza","D Luskin"
"63","M Atienza","J Cantero"
"64","K Nakayama","S Mednick"
"65","K Nakayama","D Luskin"
"66","K Nakayama","J Cantero"
"67","K Nakayama","M Atienza"
"68","R Stickgold","S Mednick"
"69","R Stickgold","D Luskin"
"70","R Stickgold","J Cantero"
"71","R Stickgold","M Atienza"
"72","R Stickgold","K Nakayama"
"73","H Lu","Z Liu"
"74","N Qian","Z Liu"
"75","N Qian","H Lu"
"76","M Eckstein","C Abbey"
"77","S Shimozaki","C Abbey"
"78","S Shimozaki","M Eckstein"
"79","A Harner","S Koyama"
"80","T Watanabe","S Koyama"
"81","T Watanabe","A Harner"
"82","X Xu","G Sa'ry"
"83","Y Shostak","G Sa'ry"
"84","Y Shostak","X Xu"
"85","D Royal","G Sa'ry"
"86","D Royal","X Xu"
"87","D Royal","Y Shostak"
"88","J Schall","G Sa'ry"
"89","J Schall","X Xu"
"90","J Schall","Y Shostak"
"91","J Schall","D Royal"
"92","V Casagrande","G Sa'ry"
"93","V Casagrande","X Xu"
"94","V Casagrande","Y Shostak"
"95","V Casagrande","D Royal"
"96","V Casagrande","J Schall"
"97","H Spekreijse","P Roelfsema"
"98","K Zipser","V Lamme"
"99","H Spekreijse","V Lamme"
"100","H Spekreijse","K Zipser"
"101","G Boynton","G Boynton"
"102","B Lau","J Touryan"
"103","Y Dan","J Touryan"
"104","Y Dan","B Lau"
"105","W Bair","M Smith"
"106","J Cavanaugh","M Smith"
"107","J Cavanaugh","W Bair"
"108","J Movshon","M Smith"
"109","J Movshon","W Bair"
"110","J Movshon","J Cavanaugh"
"111","C Gray","S Yen"
"112","N Albert","N Rubin"
"113","I Biederman","E Vessel"
"114","K Lee","E Vessel"
"115","K Lee","I Biederman"
"116","S Subramaniam","E Vessel"
"117","S Subramaniam","I Biederman"
"118","S Subramaniam","K Lee"
"119","A Doorn","J Koenderink"
"120","A Kappers","J Koenderink"
"121","A Kappers","A Doorn"
"122","J Todd","J Koenderink"
"123","J Todd","A Doorn"
"124","J Todd","A Kappers"
"125","A Oomes","J Todd"
"126","M Braunstein","C Sauer"
"127","G Andersen","C Sauer"
"128","G Andersen","M Braunstein"
"129","Z Bian","C Sauer"
"130","Z Bian","M Braunstein"
"131","Z Bian","G Andersen"
"132","A Torralba","P Sinha"
"133","R Dror","R Fleming"
"134","E Adelson","R Fleming"
"135","E Adelson","R Dror"
"136","A Gilchrist","S Zdravkovic"
"137","A Gilchrist","A Gilchrist"
"138","L Bonnar","F Gosselin"
"139","L Paul","F Gosselin"
"140","L Paul","L Bonnar"
"141","P Schyns","F Gosselin"
"142","P Schyns","L Bonnar"
"143","P Schyns","L Paul"
"144","R Lier","A Koning"
"145","D Purves","R Lotto"
"146","M Fahle","M Herzog"
"147","S Grossberg","S Grossberg"
"148","J Hill","J Hill"
"149","P Bennett","R Murray"
"150","A Sekuler","R Murray"
"151","A Sekuler","P Bennett"
"152","Y Kamitani","S Shimojo"
"153","A Treisman","S Chong"
"154","T Watanabe","D Palomo"
"155","M Grabowecky","S Suzuki"
"156","L Hurvich","L Hurvich"
"157","D MacLeod","S Shady"
"158","D Lindsey","A Brown"
"159","B Lotto","D Purves"
"160","A Parraga","T Troscianko"
"161","D Tolhurst","T Troscianko"
"162","D Tolhurst","A Parraga"
"163","J Kraft","P Longere"
"164","D Brainard","P Longere"
"165","D Brainard","J Kraft"
"166","D MacLeod","I Fine"
"167","D Tailor","G Buchsbaum"
"168","B Willmore","M Caywood"
"169","D Tolhurst","M Caywood"
"170","D Tolhurst","B Willmore"
"171","T Palmeri","R Blake"
"172","R Marois","R Blake"
"173","R Marois","T Palmeri"
"174","W Whetsell","R Blake"
"175","W Whetsell","T Palmeri"
"176","W Whetsell","R Marois"
"177","E Hubbard","V Ramachandran"
"178","E Kasten","D Poggel"
"179","E Mueller-Oehring","D Poggel"
"180","E Mueller-Oehring","E Kasten"
"181","B Sabel","D Poggel"
"182","B Sabel","E Kasten"
"183","B Sabel","E Mueller-Oehring"
"184","C Moore","A Lleras"
"185","L Levy","Y Yeshurun"
"186","M Boucart","G Michael"
"187","J Degreef","G Michael"
"188","J Degreef","M Boucart"
"189","D Leys","G Michael"
"190","D Leys","M Boucart"
"191","D Leys","J Degreef"
"192","Z Chen","Z Chen"
"193","R Phinney","R Siegel"
"194","J Turner","R Siegel"
"195","J Turner","R Phinney"
"196","G Jando","R Siegel"
"197","G Jando","R Phinney"
"198","G Jando","J Turner"
"199","F Loula","M Carrasco"
"200","S Klein","D Levi"
"201","S Hariharan","D Levi"
"202","S Hariharan","S Klein"
"203","M Carrasco","C Talgar"
"204","J Grobe","P Atchley"
"205","L Fields","P Atchley"
"206","L Fields","J Grobe"
"207","J Tai","E Cameron"
"208","M Carrasco","E Cameron"
"209","M Carrasco","J Tai"
"210","Y Yeshurun","P Williams"
"211","M Carrasco","P Williams"
"212","M Carrasco","Y Yeshurun"
"213","D Giaschi","P Paul"
"214","P Cavanagh","P Paul"
"215","P Cavanagh","D Giaschi"
"216","R Cline","P Paul"
"217","R Cline","D Giaschi"
"218","R Cline","P Cavanagh"
"219","D Bavelier","K Schneider"
"220","D Sheinberg","P Tse"
"221","N Logothetis","P Tse"
"222","N Logothetis","D Sheinberg"
"226","G Rees","N Tsuchiya"
"227","J Braun","N Tsuchiya"
"228","J Braun","G Rees"
"229","C Koch","N Tsuchiya"
"230","C Koch","G Rees"
"231","C Koch","J Braun"
"232","Z Vidnyanszky","W Sohn"
"233","E Blaser","W Sohn"
"234","E Blaser","Z Vidnyanszky"
"235","T Papathomas","W Sohn"
"236","T Papathomas","Z Vidnyanszky"
"237","T Papathomas","E Blaser"
"238","D Alais","D Alais"
"239","Q Zaidi","S Tsujimura"
"240","M Grunau","A Vecchio"
"241","J Faubert","A Vecchio"
"242","J Faubert","M Grunau"
"243","K Dobkins","A Rezec"
"244","S DeCaro","A Reeves"
"245","K Joneleit","C Nilson"
"246","R Smith","C Nilson"
"247","R Smith","K Joneleit"
"248","D Hoffman","C Nilson"
"249","D Hoffman","K Joneleit"
"250","D Hoffman","R Smith"
"251","M Mangini","M Nederhouser"
"252","C Bassi","L Hunt"
"253","E Wasserman","M Young"
"254","M Boucart","D Pins"
"255","M Meyer","D Pins"
"256","M Meyer","M Boucart"
"257","F Jack","D Pins"
"258","F Jack","M Boucart"
"259","F Jack","M Meyer"
"260","H Farid","M Bravo"
"261","S Panis","J Wagemans"
"262","J Winter","J Wagemans"
"263","J Winter","S Panis"
"264","H Beeck","J Wagemans"
"265","H Beeck","S Panis"
"266","H Beeck","J Winter"
"267","M Graf","M Graf"
"268","S Mondy","V Coltheart"
"269","J Moore","V Coltheart"
"270","J Moore","S Mondy"
"271","M MacKeben","M MacKeben"
"272","J Wagemans","P Zaenen"
"273","R Vogels","P Zaenen"
"274","R Vogels","J Wagemans"
"275","D Levin","Y Takarae"
"276","S Luck","G Woodman"
"277","D Simons","S Franconeri"
"278","S Yantis","R Rauschenberger"
"279","V Maljkovic","V Maljkovic"
"280","A Kramer","J McCarley"
"281","C Scialfa","J McCarley"
"282","C Scialfa","A Kramer"
"283","A Colcombe","J McCarley"
"284","A Colcombe","A Kramer"
"285","A Colcombe","C Scialfa"
"286","H Egeth","A Leber"
"287","I Thornton","T Horowitz"
"288","A Treisman","A Seiffert"
"289","R Remington","C Folk"
"290","J Lachter","C Folk"
"291","J Lachter","R Remington"
"292","E Ruthruff","C Folk"
"293","E Ruthruff","R Remington"
"294","E Ruthruff","J Lachter"
"295","I Viaud-Delmon","J Palix"
"296","C Michel","J Palix"
"297","C Michel","I Viaud-Delmon"
"298","U Leonards","J Palix"
"299","U Leonards","I Viaud-Delmon"
"300","U Leonards","C Michel"
"301","L Kontsevich","L Kontsevich"
"302","D Wang","A Kristjansson"
"303","K Nakayama","A Kristjansson"
"304","K Nakayama","D Wang"
"305","S Shimojo","B Sheth"
"306","K Uchikawa","K Yokoi"
"307","A Parton","N Donnelly"
"308","M Usher","N Donnelly"
"309","M Usher","A Parton"
"310","T Shikano","E Davis"
"311","S Peterson","E Davis"
"312","S Peterson","T Shikano"
"313","R Keyes","E Davis"
"314","R Keyes","T Shikano"
"315","R Keyes","S Peterson"
"316","C Shook","E Davis"
"317","C Shook","T Shikano"
"318","C Shook","S Peterson"
"319","C Shook","R Keyes"
"320","S Shomstein","R Carlson"
"321","P Verghese","S Baldassi"
"322","A Oliva","S Butcher"
"323","J Wolfe","S Butcher"
"324","J Wolfe","A Oliva"
"325","P Sinha","Y Ostrovsky"
"327","H Arsenio","A Oliva"
"328","H Arsenio","J Wolfe"
"329","E Sellers","T Sanocki"
"330","J Mittelstadt","T Sanocki"
"331","J Mittelstadt","E Sellers"
"332","Y Xu","Y Xu"
"333","R Rensink","R Rensink"
"334","J Schlag","R Cai"
"335","H Spekreijse","R Landman"
"336","V Lamme","R Landman"
"338","J Barton","P Cavanagh"
"339","S Engel","F Tong"
"340","I Fried","G Kreiman"
"341","C Koch","G Kreiman"
"342","C Koch","I Fried"
"343","R Gray","R Gray"
"344","A Tokuda","P Vishton"
"345","D Simons","P Vishton"
"346","D Simons","A Tokuda"
"347","J Cutting","P Vishton"
"348","J Cutting","A Tokuda"
"349","J Cutting","D Simons"
"350","W Warren","M Kearns"
"351","M Tarr","M Kearns"
"352","M Tarr","W Warren"
"353","A Duchon","M Kearns"
"354","A Duchon","W Warren"
"355","A Duchon","M Tarr"
"356","B Kreher","D Cunningham"
"357","M Heyde","D Cunningham"
"358","M Heyde","B Kreher"
"359","H Buelthoff","D Cunningham"
"360","H Buelthoff","B Kreher"
"361","H Buelthoff","M Heyde"
"362","A Chatziastros","W Readinger"
"363","D Cunningham","W Readinger"
"364","D Cunningham","A Chatziastros"
"365","J Cutting","W Readinger"
"366","J Cutting","A Chatziastros"
"367","J Cutting","D Cunningham"
"368","H Buelthoff","W Readinger"
"369","H Buelthoff","A Chatziastros"
"371","H Buelthoff","J Cutting"
"372","W Warren","M Harrison"
"373","M Tarr","M Harrison"
"375","J Philbeck","J Hall"
"376","J Mordkoff","M Grosjean"
"377","J Han","T Cohn"
"378","K Van","T Cohn"
"379","K Van","J Han"
"380","S Creem","S Creem"
"381","B Baumberger","M Flückiger"
"382","J Cutting","M Flückiger"
"383","J Cutting","B Baumberger"
"384","L Harris","A Kopinska"
"385","M Banks","M Sibigtroth"
"386","J Maonsson","J Maonsson"
"387","A Lukacs","I Kovacs"
"388","A Feher","I Kovacs"
"389","A Feher","A Lukacs"
"390","M Racsmany","I Kovacs"
"391","M Racsmany","A Lukacs"
"392","M Racsmany","A Feher"
"393","C Pleh","I Kovacs"
"394","C Pleh","A Lukacs"
"395","C Pleh","A Feher"
"396","C Pleh","M Racsmany"
"397","W Beaudot","W Beaudot"
"398","Z Li","A Popple"
"399","Q Zaidi","A Li"
"400","S Nishida","I Motoyoshi"
"401","Y Nagai","T Maddess"
"402","E Switkes","J Wilson"
"403","R Valois","J Wilson"
"404","R Valois","E Switkes"
"405","W Makous","S Rainville"
"406","Q Zaidi","A Fuzz"
"407","A Johnston","C Benton"
"408","P McOwan","C Benton"
"409","P McOwan","A Johnston"
"410","R Hess","N Scott-Samuel"
"411","N Rubin","J Hupé"
"412","M Lankheet","M Lankheet"
"413","N Yamagishi","H Ashida"
"414","S Anderson","T Meese"
"418","R Wezel","F Verstraten"
"419","D Tadin","J Lappin"
"420","B Gaddy","J Lappin"
"421","B Gaddy","D Tadin"
"422","A Yonas","S Punzel"
"423","P Schacter","S Punzel"
"424","P Schacter","A Yonas"
"425","H Hibino","I Mukai"
"426","T Watanabe","I Mukai"
"427","T Watanabe","H Hibino"
"428","W Craft","K Yu"
"429","B Cumming","O Thomas"
"430","A Parker","O Thomas"
"431","A Parker","B Cumming"
"432","Z Li","Z Li"
"433","S Zucker","S Zucker"
"434","A Mapp","H Ono"
"435","I Howard","H Ono"
"436","I Howard","A Mapp"
"437","R Ee","C Erkelens"
"438","B Cumming","H Bridge"
"439","A Parker","H Bridge"
"441","R Blake","K Sobel"
"442","T Sato","N Ito"
"443","P Mamassian","W Adams"
"444","B Willems","F Wichmann"
"445","P Rosas","F Wichmann"
"446","P Rosas","B Willems"
"447","J Wagemans","F Wichmann"
"448","J Wagemans","B Willems"
"449","J Wagemans","P Rosas"
"450","P Duke","L Wilcox"
"451","M Banks","J Hillis"
"452","M Nolt","B Backus"
"453","J Peirce","J Forte"
"454","P Lennie","J Forte"
"455","P Lennie","J Peirce"
"456","L Kontsevich","L Likova"
"457","C Tyler","L Likova"
"458","C Tyler","L Kontsevich"
"460","L Stelmach","S Lee"
"461","B Fajen","W Warren"
"462","D Belcher","W Warren"
"463","D Belcher","B Fajen"
"464","D Swapp","J Wann"
"465","A Duchon","P Foo"
"466","W Warren","P Foo"
"468","M Tarr","P Foo"
"472","B Riecke","M Heyde"
"474","D Cunningham","B Riecke"
"475","H Bülthoff","M Heyde"
"476","H Bülthoff","B Riecke"
"477","H Bülthoff","D Cunningham"
"478","G Legge","B Stankiewicz"
"479","E Schlicht","B Stankiewicz"
"480","E Schlicht","G Legge"
"481","S Shankar","R Dolomount"
"482","C Ellard","R Dolomount"
"483","C Ellard","S Shankar"
"484","I Lamouret","M Wexler"
"485","F Panerai","M Wexler"
"486","F Panerai","I Lamouret"
"487","J Droulez","M Wexler"
"488","J Droulez","I Lamouret"
"489","J Droulez","F Panerai"
"490","P Thiem","B Bridgeman"
"491","T Sugar","M McBeath"
"492","D Shaffer","M McBeath"
"493","D Shaffer","T Sugar"
"494","J DeSouza","J Culham"
"495","S Woodward","J Culham"
"496","S Woodward","J DeSouza"
"497","Z Kourtzi","J Culham"
"498","Z Kourtzi","J DeSouza"
"499","Z Kourtzi","S Woodward"
"500","J Gati","J Culham"
"501","J Gati","J DeSouza"
"502","J Gati","S Woodward"
"503","J Gati","Z Kourtzi"
"504","R Menon","J Culham"
"505","R Menon","J DeSouza"
"506","R Menon","S Woodward"
"507","R Menon","Z Kourtzi"
"508","R Menon","J Gati"
"509","M Goodale","J Culham"
"510","M Goodale","J DeSouza"
"511","M Goodale","S Woodward"
"512","M Goodale","Z Kourtzi"
"513","M Goodale","J Gati"
"514","M Goodale","R Menon"
"515","W Li","L Matin"
"516","T Hudson","L Matin"
"517","T Hudson","W Li"
"518","J Hirsch","L Matin"
"519","J Hirsch","W Li"
"520","J Hirsch","T Hudson"
"521","D Heeger","P Neri"
"522","M Martelli","D Pelli"
"523","N Majaj","D Pelli"
"524","N Majaj","M Martelli"
"525","Y Kamitani","D Wu"
"526","F Maeda","D Wu"
"527","F Maeda","Y Kamitani"
"528","S Shimojo","D Wu"
"530","S Shimojo","F Maeda"
"531","A Kayser","K Miller"
"532","J Allison","H Brown"
"533","J Samonds","H Brown"
"534","J Samonds","J Allison"
"535","A Bonds","H Brown"
"536","A Bonds","J Allison"
"537","A Bonds","J Samonds"
"538","S Blau","X Huang"
"539","M Paradiso","X Huang"
"540","M Paradiso","S Blau"
"547","P Schrater","D Kersten"
"548","D Somers","E Adelson"
"549","N Kanwisher","Z Kourtzi"
"550","C Hung","B Ramsden"
"551","A Roe","B Ramsden"
"552","A Roe","C Hung"
"553","J Kawahara","J Kawahara"
"554","J McCarley","J Mounts"
"555","B Gavett","J Mounts"
"556","B Gavett","J McCarley"
"557","M Buffan","J Mounts"
"558","M Buffan","J McCarley"
"559","M Buffan","B Gavett"
"560","C Koch","R VanRullen"
"561","J Saiki","J Saiki"
"562","M Carrasco","K Frieder"
"563","S Gronlund","C Gottesman"
"564","E Clifford","S Most"
"565","A Treisman","M Dishon-Berkovits"
"566","B Wesenick","H Deubel"
"567","W Schneider","H Deubel"
"568","W Schneider","B Wesenick"
"569","J Feldman","E Barenholtz"
"571","M Grosjean","C Moore"
"572","M Grosjean","A Lleras"
"573","S Crewther","M Lawson"
"574","P Kiely","M Lawson"
"575","P Kiely","S Crewther"
"576","D Crewther","M Lawson"
"577","D Crewther","S Crewther"
"578","D Crewther","P Kiely"
"579","Y Chiba","K Yokosawa"
"580","H Spekreijse","P Khayat"
"581","P Roelfsema","P Khayat"
"583","K Verfaillie","C Eccelpoel"
"584","M Flanagan","J May"
"585","T Dobie","J May"
"586","T Dobie","M Flanagan"
"587","S Stevenson","F Visco"
"588","H Bedell","F Visco"
"589","H Bedell","S Stevenson"
"590","J Findlay","E McSorley"
"591","D Tweed","W Medendorp"
"592","J Crawford","W Medendorp"
"593","J Crawford","D Tweed"
"594","R Krauzlis","D Liston"
"595","S Panis","F Germeys"
"596","P Graef","F Germeys"
"597","P Graef","S Panis"
"598","E Covell","L Carlson"
"599","T Warapius","L Carlson"
"600","T Warapius","E Covell"
"601","B Shields","S McFadden"
"602","K Rounsley","S McFadden"
"603","K Rounsley","B Shields"
"604","G Zelinsky","D Aks"
"605","J Sprott","D Aks"
"606","J Sprott","G Zelinsky"
"607","K Verfaillie","V Gysen"
"608","H Ono","P Grove"
"609","H Kaneko","P Grove"
"610","H Kaneko","H Ono"
"611","J Crawford","M Niemeier"
"612","D Tweed","M Niemeier"
"614","J Calton","A Dickinson"
"615","L Snyder","A Dickinson"
"616","L Snyder","J Calton"
"617","J Mulligan","J Mulligan"
"618","Y Nagasaka","Y Osada"
"619","P Cavanagh","Y Chen"
"620","P Holzman","Y Chen"
"621","P Holzman","P Cavanagh"
"622","K Nakayama","Y Chen"
"623","K Nakayama","P Cavanagh"
"624","K Nakayama","P Holzman"
"625","A Kristjansson","J Edelman"
"626","K Nakayama","J Edelman"
"628","D Melcher","D Melcher"
"629","C Clifford","A Johnston"
"631","C Benton","C Clifford"
"633","P McOwan","C Clifford"
"635","J Culham","D Quinlan"
"636","P Schrater","T Carlson"
"637","S He","T Carlson"
"638","S He","P Schrater"
"639","M Kubovy","S Gepshtein"
"640","H Hock","D Nichols"
"641","T Sato","S Kamiya"
"642","S Shioiri","T Mihashi"
"643","H Yaguchi","T Mihashi"
"644","H Yaguchi","S Shioiri"
"645","H Hock","L Gilroy"
"646","S Stevenson","L Cormack"
"647","M Lorusso","G Geiger"
"648","S Pesenti","G Geiger"
"649","S Pesenti","M Lorusso"
"650","A Facoetti","G Geiger"
"651","A Facoetti","M Lorusso"
"652","A Facoetti","S Pesenti"
"653","C Cattaneo","G Geiger"
"654","C Cattaneo","M Lorusso"
"655","C Cattaneo","S Pesenti"
"656","C Cattaneo","A Facoetti"
"657","J Lettvin","G Geiger"
"658","J Lettvin","M Lorusso"
"659","J Lettvin","S Pesenti"
"660","J Lettvin","A Facoetti"
"661","J Lettvin","C Cattaneo"
"662","H Kaneko","Y Sakano"
"663","K Uchikawa","Y Sakano"
"664","K Uchikawa","H Kaneko"
"665","M Wallace","W Hairston"
"666","B Stein","W Hairston"
"667","B Stein","M Wallace"
"668","J Vaughan","W Hairston"
"669","J Vaughan","M Wallace"
"670","J Vaughan","B Stein"
"671","J Schirillo","W Hairston"
"672","J Schirillo","M Wallace"
"673","J Schirillo","B Stein"
"674","J Schirillo","J Vaughan"
"675","P Bernardis","N Bruno"
"676","I Thornton","V Franz"
"677","M Fahle","V Franz"
"678","M Fahle","I Thornton"
"679","H Buelthoff","V Franz"
"680","H Buelthoff","I Thornton"
"681","H Buelthoff","M Fahle"
"682","G Grudic","D McConnell"
"683","D Knill","D McConnell"
"684","D Knill","G Grudic"
"685","V Kumar","D McConnell"
"686","V Kumar","G Grudic"
"687","V Kumar","D Knill"
"688","A Dunn","P Thompson"
"689","V Franz","B Hartung"
"690","D Kersten","B Hartung"
"691","D Kersten","V Franz"
"692","H Buelthoff","B Hartung"
"694","H Buelthoff","D Kersten"
"695","N Dill","R Krauzlis"
"696","E Tehovnik","P Schiller"
"697","R Wurtz","M Sommer"
"698","A Khan","J Wallman"
"699","R Yun","J Wallman"
"700","R Yun","A Khan"
"701","S McFadden","J Wallman"
"702","S McFadden","A Khan"
"703","S McFadden","R Yun"
"704","P Aivar","M Hayhoe"
"705","R Mruczek","M Hayhoe"
"706","R Mruczek","P Aivar"
"707","C Chizk","M Hayhoe"
"708","C Chizk","P Aivar"
"709","C Chizk","R Mruczek"
"710","J Ross","D Burr"
"711","M Morrone","D Burr"
"712","M Morrone","J Ross"
"713","M Eckstein","B Beutter"
"714","L Stone","B Beutter"
"715","L Stone","M Eckstein"
"716","A Murthy","T Sato"
"717","K Thompson","T Sato"
"718","K Thompson","A Murthy"
"719","J Schall","T Sato"
"720","J Schall","A Murthy"
"721","J Schall","K Thompson"
"722","R Menon","J Connolly"
"723","M Goodale","J Connolly"
"725","M Goldberg","J Bisley"
"727","M Banks","M Banks"
"728","M Pianta","B Gillam"
"729","P Mamassian","B Bacon"
"730","S Prince","B Cumming"
"732","A Parker","S Prince"
"733","T Uka","G DeAngelis"
"734","K Endo","F Qiu"
"735","R Heydt","F Qiu"
"736","R Heydt","K Endo"
"737","J Peirce","J Kraft"
"738","J Forte","J Kraft"
"740","J Krauskopf","J Kraft"
"741","J Krauskopf","J Peirce"
"742","J Krauskopf","J Forte"
"743","P Lennie","J Kraft"
"746","P Lennie","J Krauskopf"
"747","R Vogels","P Janssen"
"748","Y Liu","P Janssen"
"749","Y Liu","R Vogels"
"750","G Orban","P Janssen"
"751","G Orban","R Vogels"
"752","G Orban","Y Liu"
"753","P Sinha","P Mamassian"
"754","J Kadt","M Singh"
"755","B Anderson","M Singh"
"756","B Anderson","J Kadt"
"757","B Anderson","B Anderson"
"758","A Herbert","P Beall"
"759","R Rouw","G Pourtois"
"760","B Gelder","G Pourtois"
"761","B Gelder","R Rouw"
"762","F Newell","I Buelthoff"
"763","M Miyatani","R Nagayama"
"764","T Toshima","R Nagayama"
"765","T Toshima","M Miyatani"
"766","C Scheier","C Simion"
"767","E Shimojo","C Simion"
"768","E Shimojo","C Scheier"
"769","S Shimojo","C Simion"
"770","S Shimojo","C Scheier"
"771","S Shimojo","E Shimojo"
"772","A Johnston","H Hill"
"773","H Shigemasu","T Sato"
"774","S Ando","S Ando"
"775","J Loomis","M Pusch"
"777","M Palomares","M Martelli"
"778","M Palomares","N Majaj"
"779","N Leigh","M Martelli"
"780","N Leigh","N Majaj"
"781","N Leigh","M Palomares"
"782","P Ekman","M Martelli"
"783","P Ekman","N Majaj"
"784","P Ekman","M Palomares"
"785","P Ekman","N Leigh"
"788","D Pelli","M Palomares"
"789","D Pelli","N Leigh"
"790","D Pelli","P Ekman"
"791","N Troje","J Buschmann"
"795","G Humphrey","K James"
"796","T Vilis","K James"
"797","T Vilis","G Humphrey"
"798","B Corrie","K James"
"799","B Corrie","G Humphrey"
"800","B Corrie","T Vilis"
"801","M Goodale","K James"
"802","M Goodale","G Humphrey"
"803","M Goodale","T Vilis"
"804","M Goodale","B Corrie"
"805","C Moore","C Fulton"
"806","F Gabbiani","R Peters"
"807","C Koch","R Peters"
"808","C Koch","F Gabbiani"
"809","P Sinha","J Sadr"
"810","A Dawson","A Dawson"
"811","F Cutzu","F Cutzu"
"812","P Sinha","K Thoresz"
"814","A Oliva","A Torralba"
"815","A Oliva","P Sinha"
"816","M Voshell","F Phillips"
"817","H Lu","A Jacobs"
"818","Z Liu","A Jacobs"
"820","J Malik","L Walker"
"821","R Gray","K Macuga"
"822","D Regan","K Macuga"
"823","D Regan","R Gray"
"824","D Owens","J Brooks"
"825","J Wann","R Wilkie"
"827","A Thurrell","A Pelah"
"828","C Royden","C Royden"
"829","J Gutierrez","J Malo"
"830","I Epifanio","J Malo"
"831","I Epifanio","J Gutierrez"
"832","M Stine","R Gilmore"
"833","K Smith","R Gilmore"
"834","K Smith","M Stine"
"835","K Venkatesh","R Gilmore"
"836","K Venkatesh","M Stine"
"837","K Venkatesh","K Smith"
"838","M Kehn","R Gilmore"
"839","M Kehn","M Stine"
"840","M Kehn","K Smith"
"841","M Kehn","K Venkatesh"
"842","D Klass","R Gilmore"
"843","D Klass","M Stine"
"844","D Klass","K Smith"
"845","D Klass","K Venkatesh"
"846","D Klass","M Kehn"
"847","F Panerai","C Peh"
"848","J Droulez","C Peh"
"850","V Cornilleau-Pérès","C Peh"
"851","V Cornilleau-Pérès","F Panerai"
"852","V Cornilleau-Pérès","J Droulez"
"853","L Cheong","C Peh"
"854","L Cheong","F Panerai"
"855","L Cheong","J Droulez"
"856","L Cheong","V Cornilleau-Pérès"
"857","M Kaiser","P DeLucia"
"858","A Garcia","P DeLucia"
"859","A Garcia","M Kaiser"
"860","B Sweet","P DeLucia"
"861","B Sweet","M Kaiser"
"862","B Sweet","A Garcia"
"863","H Ando","H Ando"
"867","V Cornilleau-Peres","H Zhong"
"868","L Cheong","H Zhong"
"869","L Cheong","V Cornilleau-Peres"
"870","M Yeow","H Zhong"
"871","M Yeow","V Cornilleau-Peres"
"872","M Yeow","L Cheong"
"873","J Droulez","H Zhong"
"874","J Droulez","V Cornilleau-Peres"
"876","J Droulez","M Yeow"
"877","F Morrow","B Dyre"
"878","J Richman","B Dyre"
"879","J Richman","F Morrow"
"880","M Jenkin","D Zikovitz"
"881","L Harris","D Zikovitz"
"882","L Harris","M Jenkin"
"883","E Wascher","I Berndt"
"884","V Franz","I Berndt"
"885","V Franz","E Wascher"
"886","K Goetz","I Berndt"
"887","K Goetz","E Wascher"
"888","K Goetz","V Franz"
"889","H Büelthoff","I Berndt"
"890","H Büelthoff","E Wascher"
"891","H Büelthoff","V Franz"
"892","H Büelthoff","K Goetz"
"893","N Sharif","J Danckert"
"894","M Goodale","J Danckert"
"895","M Goodale","N Sharif"
"896","P Schrater","E Schlicht"
"897","D Kersten","E Schlicht"
"900","G Legge","P Schrater"
"901","G Legge","D Kersten"
"905","G Bingham","G Bingham"
"906","F Domini","C Caudek"
"907","L Tai","V Cornilleau-Peres"
"909","L Cheong","L Tai"
"910","D Purves","Z Yang"
"911","N Bocheva","M Braunstein"
"912","H Zhong","M Braunstein"
"913","H Zhong","N Bocheva"
"915","C Sauer","N Bocheva"
"916","C Sauer","H Zhong"
"917","F Domini","Q Vuong"
"918","C Caudek","Q Vuong"
"920","F Domini","J Chen"
"921","C Caudek","J Chen"
"923","P Skirko","F Domini"
"925","C Caudek","P Skirko"
"926","M Braunstein","C Strumpf"
"927","C Sauer","C Strumpf"
"929","G Andersen","C Strumpf"
"932","I Biederman","M Mangini"
"933","D Leopold","A O'Toole"
"934","T Vetter","A O'Toole"
"935","T Vetter","D Leopold"
"936","V Blanz","A O'Toole"
"937","V Blanz","D Leopold"
"938","V Blanz","T Vetter"
"940","A Porterfield","J Tanaka"
"941","E McKone","P Martini"
"942","K Nakayama","P Martini"
"943","K Nakayama","E McKone"
"944","J Lalonde","C Liu"
"945","A Chaudhuri","C Liu"
"946","A Chaudhuri","J Lalonde"
"947","D Kersten","M Tarr"
"948","Y Cheng","M Tarr"
"949","Y Cheng","D Kersten"
"950","B Rossion","M Tarr"
"951","B Rossion","D Kersten"
"952","B Rossion","Y Cheng"
"953","I Thornton","B Knappmeyer"
"954","H Buelthoff","B Knappmeyer"
"959","A Harris","J Liu"
"960","N Kanwisher","J Liu"
"961","N Kanwisher","A Harris"
"962","N Kanwisher","P Downing"
"963","C Koch","B Zenger-Landolt"
"964","P Costello","S He"
"966","T Carlson","P Costello"
"967","J Zhuang","S He"
"968","J Zhuang","P Costello"
"969","J Zhuang","T Carlson"
"970","Y Chen","S He"
"971","Y Chen","P Costello"
"972","Y Chen","T Carlson"
"973","Y Chen","J Zhuang"
"974","X Hu","S He"
"975","X Hu","P Costello"
"976","X Hu","T Carlson"
"977","X Hu","J Zhuang"
"978","X Hu","Y Chen"
"979","G Buracas","M Saenz"
"980","G Boynton","M Saenz"
"981","G Boynton","G Buracas"
"982","H Spekreijse","H Supèr"
"983","V Lamme","H Supèr"
"985","H Spekreijse","H Scholte"
"986","V Lamme","H Scholte"
"988","J Wolfe","G Alvarez"
"989","T Horowitz","G Alvarez"
"990","T Horowitz","J Wolfe"
"991","H Arsenio","G Alvarez"
"993","H Arsenio","T Horowitz"
"994","R Peters","J Jovicich"
"995","C Koch","J Jovicich"
"997","J Braun","J Jovicich"
"998","J Braun","R Peters"
"1000","L Chang","J Jovicich"
"1001","L Chang","R Peters"
"1002","L Chang","C Koch"
"1003","L Chang","J Braun"
"1004","T Ernst","J Jovicich"
"1005","T Ernst","R Peters"
"1006","T Ernst","C Koch"
"1007","T Ernst","J Braun"
"1008","T Ernst","L Chang"
"1009","J Wolfe","J Wolfe"
"1010","M Ahissar","S Hochstein"
"1011","V Lestou","F Pollick"
"1012","J Ryu","F Pollick"
"1013","J Ryu","V Lestou"
"1014","S Cho","F Pollick"
"1015","S Cho","V Lestou"
"1016","S Cho","J Ryu"
"1017","A Yagi","K Fujimoto"
"1018","T Sato","K Fujimoto"
"1019","T Sato","A Yagi"
"1020","F Pollick","H Paterson"
"1021","D Cunningham","I Thornton"
"1022","N Troje","I Thornton"
"1023","N Troje","D Cunningham"
"1024","H Bülthoff","I Thornton"
"1026","H Bülthoff","N Troje"
"1027","N Troje","N Troje"
"1028","M Giese","M Giese"
"1029","P Midford","D Jokisch"
"1030","N Troje","D Jokisch"
"1031","N Troje","P Midford"
"1032","J Raggio","M Hyle"
"1033","H Miller","M Hyle"
"1034","H Miller","J Raggio"
"1035","F Owens","M Hyle"
"1036","F Owens","J Raggio"
"1037","F Owens","H Miller"
"1039","R Blake","D Tadin"
"1040","R Blake","J Lappin"
"1041","E Grossman","D Tadin"
"1042","E Grossman","J Lappin"
"1043","E Grossman","R Blake"
"1044","M Crognale","M Crognale"
"1045","K Valois","T Takeuchi"
"1046","J Hardy","T Takeuchi"
"1047","J Hardy","K Valois"
"1048","H Teufel","C Wehrhahn"
"1049","V Sarris","P Hauf"
"1051","M Arlt","V Sarris"
"1052","M Arlt","P Hauf"
"1053","C Clifford","D Arnold"
"1054","P Wenderoth","D Arnold"
"1055","P Wenderoth","C Clifford"
"1056","W Krebs","A Ahumada"
"1057","W Alexander","G Malkoc"
"1058","M Webster","G Malkoc"
"1059","M Webster","W Alexander"
"1060","I Mareschal","J Krauskopf"
"1061","K Uchikawa","T Uchida"
"1062","H Hock","C Park"
"1063","G Schoner","C Park"
"1064","G Schoner","H Hock"
"1068","M Pettet","F Pei"
"1069","A Norcia","F Pei"
"1070","A Norcia","M Pettet"
"1071","S Anstis","B Pinna"
"1072","D Macleod","B Pinna"
"1073","D Macleod","S Anstis"
"1074","C Clifford","A Wyatt"
"1075","P Wenderoth","A Wyatt"
"1077","A Dobbins","J Grossmann"
"1078","T Takeuchi","M Disch"
"1079","K Valois","M Disch"
"1081","E Hiris","E Hiris"
"1083","T Papathomas","T Papathomas"
"1084","B Sheth","D Nieman"
"1085","S Shimojo","D Nieman"
"1087","P Kellman","E Palmer"
"1088","S Gepshtein","Y Bonneh"
"1089","Z He","B Wu"
"1090","T Ooi","B Wu"
"1092","P Kellman","S Guttman"
"1093","T Sanocki","M Schulz"
"1094","M Rudd","M Rudd"
"1095","P Corballis","R Fendrich"
"1096","B Schott","R Fendrich"
"1097","B Schott","P Corballis"
"1098","T Morotomi","T Kasai"
"1099","M Farr","A Yonas"
"1100","A O'Connor","A Yonas"
"1101","A O'Connor","M Farr"
"1102","M Peterson","J Kim"
"1103","A Holcombe","A Holcombe"
"1104","J Todd","J Norman"
"1105","G Orban","J Norman"
"1106","G Orban","J Todd"
"1107","R Lier","T Wit"
"1108","A Kappers","S Pas"
"1111","F Fang","B Rokers"
"1112","H Pan","B Rokers"
"1113","H Pan","F Fang"
"1114","B Bly","B Rokers"
"1115","B Bly","F Fang"
"1116","B Bly","H Pan"
"1117","Z Liu","B Rokers"
"1118","Z Liu","F Fang"
"1119","Z Liu","H Pan"
"1120","Z Liu","B Bly"
"1121","D Dumbrava","C Casanova"
"1122","J Faubert","C Casanova"
"1123","J Faubert","D Dumbrava"
"1124","B Cumming","K Krug"
"1125","A Parker","K Krug"
"1127","P Baudot","J Lorenceau"
"1128","P Series","J Lorenceau"
"1129","P Series","P Baudot"
"1130","S Georges","J Lorenceau"
"1131","S Georges","P Baudot"
"1132","S Georges","P Series"
"1133","M Pananceau","J Lorenceau"
"1134","M Pananceau","P Baudot"
"1135","M Pananceau","P Series"
"1136","M Pananceau","S Georges"
"1137","Y Frégnac","J Lorenceau"
"1138","Y Frégnac","P Baudot"
"1139","Y Frégnac","P Series"
"1140","Y Frégnac","S Georges"
"1141","Y Frégnac","M Pananceau"
"1142","M Smith","N Majaj"
"1143","J Movshon","N Majaj"
"1145","M Smith","A Kohn"
"1146","N Majaj","A Kohn"
"1148","J Movshon","A Kohn"
"1151","J Movshon","L Chukoskie"
"1152","E Eskandar","Z Williams"
"1153","J Elfar","Z Williams"
"1154","J Elfar","E Eskandar"
"1155","J Assad","Z Williams"
"1156","J Assad","E Eskandar"
"1157","J Assad","J Elfar"
"1158","C Clifford","C Clifford"
"1159","S Anstis","S Anstis"
"1160","S McKee","P Verghese"
"1161","T Albright","M Smagt"
"1162","G Stoner","M Smagt"
"1163","G Stoner","T Albright"
"1164","P Cavanagh","L Battelli"
"1165","J Barton","L Battelli"
"1167","E Fine","E Fine"
"1168","S Chung","B Tjan"
"1169","G Legge","B Tjan"
"1170","G Legge","S Chung"
"1171","A Turina","L Gool"
"1172","T Tuytelaars","L Gool"
"1173","T Tuytelaars","A Turina"
"1174","J Wagemans","L Gool"
"1175","J Wagemans","A Turina"
"1176","J Wagemans","T Tuytelaars"
"1177","G Pourtois","B Rossion"
"1178","N DiPietro","E Wasserman"
"1180","M Young","N DiPietro"
"1181","S Bouret","R Vogels"
"1183","P Zaenen","S Bouret"
"1185","J Wagemans","S Bouret"
"1188","R Vogels","H Beeck"
"1190","P Graef","P Graef"
"1191","D Sheinberg","A Cate"
"1192","M Weber","P Perona"
"1193","M Welling","P Perona"
"1194","M Welling","M Weber"
"1195","A Rodriguez","D Hoffman"
"1196","M Singh","D Hoffman"
"1197","M Singh","A Rodriguez"
"1199","C Nilson","A Rodriguez"
"1200","C Nilson","M Singh"
"1202","J Cataliotti","F Bonato"
"1203","L Paula-Pereira","F Bonato"
"1204","L Paula-Pereira","J Cataliotti"
"1205","J Schirillo","J Schirillo"
"1206","D Daris","T Agostini"
"1207","A Galmonte","T Agostini"
"1208","A Galmonte","D Daris"
"1209","G Caputo","D Zavagno"
"1210","A Shimpi","S Nundy"
"1211","D Purves","S Nundy"
"1212","D Purves","A Shimpi"
"1213","M Albert","M Albert"
"1214","A Gilchrist","E Economou"
"1215","B Anderson","J Meng"
"1216","J Elder","J Amati"
"1217","B Khang","R Robilotto"
"1218","Q Zaidi","R Robilotto"
"1219","Q Zaidi","B Khang"
"1222","K Miller","A Krukowski"
"1223","D Heeger","D Ress"
"1224","G Henning","K Hoddinott"
"1225","N Hill","K Hoddinott"
"1226","N Hill","G Henning"
"1227","D Sagi","A Gorea"
"1228","M Georgeson","M Georgeson"
"1229","P Havig","V Billock"
"1230","B Tsou","V Billock"
"1231","B Tsou","P Havig"
"1233","S Webster","M Webster"
"1234","P Bex","J Fiser"
"1235","W Makous","J Fiser"
"1236","W Makous","P Bex"
"1238","B Pinna","L Spillmann"
"1239","W Ehrenstein","L Spillmann"
"1240","W Ehrenstein","B Pinna"
"1241","S Klein","N Toyofuku"
"1242","T Carney","N Toyofuku"
"1243","T Carney","S Klein"
"1244","S Klein","C Yu"
"1245","D Levi","C Yu"
"1247","J Kaas","D Lyon"
"1248","R Blake","S Lee"
"1249","A James","A James"
"1250","E Simoncelli","O Schwartz"
"1251","A Nelson","A Skoczenski"
"1252","H Surti","A Skoczenski"
"1253","H Surti","A Nelson"
"1255","S Shimojo","S Nishida"
"1256","S Shimojo","I Motoyoshi"
"1257","Z Li","Y Petrov"
"1258","Y Sakaguchi","Y Sakaguchi"
"1259","K Johnston","S Khan"
"1260","B Timney","S Khan"
"1261","B Timney","K Johnston"
"1262","Z Popovic","J Thaung"
"1263","M Abrahamsson","J Thaung"
"1264","M Abrahamsson","Z Popovic"
"1265","K Watanabe","R Sayres"
"1266","S Shimojo","R Sayres"
"1268","K Nihei","R Sayres"
"1269","K Nihei","K Watanabe"
"1270","K Nihei","S Shimojo"
"1271","T Imada","R Sayres"
"1272","T Imada","K Watanabe"
"1273","T Imada","S Shimojo"
"1274","T Imada","K Nihei"
"1275","D MacLeod","R Beer"
"1276","J Bremner","S Johnson"
"1277","A Slater","S Johnson"
"1278","A Slater","J Bremner"
"1279","U Mason","S Johnson"
"1280","U Mason","J Bremner"
"1281","U Mason","A Slater"
"1282","K Foster","S Johnson"
"1283","K Foster","J Bremner"
"1284","K Foster","A Slater"
"1285","K Foster","U Mason"
"1286","M Landy","M Landy"
"1287","W Gerbino","C Fantoni"
"1288","C Zabai","W Gerbino"
"1289","F Sgorbissa","W Gerbino"
"1290","F Sgorbissa","C Zabai"
"1291","D Ballard","J Triesch"
"1292","R Jacobs","J Triesch"
"1293","R Jacobs","D Ballard"
"1294","T Sato","J Seyama"
"1298","A Gilchrist","V Annan"
"1299","J Náñez","T Watanabe"
"1300","Y Sasaki","T Watanabe"
"1301","Y Sasaki","J Náñez"
"1302","J Fiser","R Aslin"
"1303","E Pasztor","W Freeman"
"1305","M Fabre-Thorpe","M Boucart"
"1306","S Thorpe","M Boucart"
"1307","S Thorpe","M Fabre-Thorpe"
"1308","C Arndt","M Boucart"
"1309","C Arndt","M Fabre-Thorpe"
"1310","C Arndt","S Thorpe"
"1311","J Hache","M Boucart"
"1312","J Hache","M Fabre-Thorpe"
"1313","J Hache","S Thorpe"
"1314","J Hache","C Arndt"
"1315","J Huttenlocher","J Choplin"
"1316","P Kellman","J Choplin"
"1317","P Kellman","J Huttenlocher"
"1318","C Vaitsou","M Bar"
"1319","D Schacter","M Bar"
"1320","D Schacter","C Vaitsou"
"1321","N Kanwisher","K Grill-Spector"
"1322","S Lehar","S Lehar"
"1323","K Nakayama","B Scholl"
"1324","J Feldman","P Tremoulet"
"1326","Y Kamitani","L Shams"
"1327","S Shimojo","L Shams"
"1329","D Pelli","T Berger"
"1330","P Schrater","P Schrater"
"1331","M Banks","M Ernst"
"1332","G Humphrey","T James"
"1333","J Gati","T James"
"1334","J Gati","G Humphrey"
"1335","P Servos","T James"
"1336","P Servos","G Humphrey"
"1337","P Servos","J Gati"
"1338","R Menon","T James"
"1339","R Menon","G Humphrey"
"1341","R Menon","P Servos"
"1342","M Goodale","T James"
"1345","M Goodale","P Servos"
