"","from","to"
"1","M Carrasco","S Fuller"
"2","J Mordkoff","P Chen"
"3","C Moore","P Chen"
"4","C Moore","J Mordkoff"
"5","S Luck","W Zhang"
"6","E Fine","L Lanagan"
"7","P Chen","L Lanagan"
"8","P Chen","E Fine"
"9","C Moore","L Lanagan"
"10","C Moore","E Fine"
"12","Z Kaldy","E Blaser"
"13","K Eddy","E Blaser"
"14","K Eddy","Z Kaldy"
"15","M Pomplun","E Blaser"
"16","M Pomplun","Z Kaldy"
"17","M Pomplun","K Eddy"
"18","L Fournier","M Wiediger"
"19","S Telang","V Navalpakkam"
"20","L Itti","V Navalpakkam"
"21","L Itti","S Telang"
"22","G Alvarez","S Franconeri"
"23","J Enns","S Franconeri"
"24","J Enns","G Alvarez"
"25","K Yokosawa","A Ariga"
"26","J Mounts","J McCarley"
"27","M Hillimire","J McCarley"
"28","M Hillimire","J Mounts"
"29","T Yang","H Chao"
"30","A Weber","E Olds"
"31","J Tsotsos","M Tombu"
"32","M Ambinder","L Thomas"
"33","B Hsieh","L Thomas"
"34","B Hsieh","M Ambinder"
"35","B Levinthal","L Thomas"
"36","B Levinthal","M Ambinder"
"37","B Levinthal","B Hsieh"
"38","J Crowell","L Thomas"
"39","J Crowell","M Ambinder"
"40","J Crowell","B Hsieh"
"41","J Crowell","B Levinthal"
"42","D Irwin","L Thomas"
"43","D Irwin","M Ambinder"
"44","D Irwin","B Hsieh"
"45","D Irwin","B Levinthal"
"46","D Irwin","J Crowell"
"47","A Kramer","L Thomas"
"48","A Kramer","M Ambinder"
"49","A Kramer","B Hsieh"
"50","A Kramer","B Levinthal"
"51","A Kramer","J Crowell"
"52","A Kramer","D Irwin"
"53","A Lleras","L Thomas"
"54","A Lleras","M Ambinder"
"55","A Lleras","B Hsieh"
"56","A Lleras","B Levinthal"
"57","A Lleras","J Crowell"
"58","A Lleras","D Irwin"
"59","A Lleras","A Kramer"
"60","D Simons","L Thomas"
"61","D Simons","M Ambinder"
"62","D Simons","B Hsieh"
"63","D Simons","B Levinthal"
"64","D Simons","J Crowell"
"65","D Simons","D Irwin"
"66","D Simons","A Kramer"
"67","D Simons","A Lleras"
"68","R Wang","L Thomas"
"69","R Wang","M Ambinder"
"70","R Wang","B Hsieh"
"71","R Wang","B Levinthal"
"72","R Wang","J Crowell"
"73","R Wang","D Irwin"
"74","R Wang","A Kramer"
"75","R Wang","A Lleras"
"76","R Wang","D Simons"
"77","V Lollo","L Jefferies"
"78","S Tipper","S Schuch"
"79","K Mullen","M Sakurai"
"80","T Tucker","E Johnson"
"81","D Fitzpatrick","E Johnson"
"82","D Fitzpatrick","T Tucker"
"83","M Penna","A Montesanto"
"84","G Tascini","A Montesanto"
"85","G Tascini","M Penna"
"86","C Chen","Y Lin"
"87","S Engel","K Cardinal"
"88","D Foster","R Baraas"
"89","K Amano","R Baraas"
"90","K Amano","D Foster"
"91","S Nascimento","R Baraas"
"92","S Nascimento","D Foster"
"93","S Nascimento","K Amano"
"97","B Wandell","J Liu"
"98","P Pearson","L Jakobson"
"99","B Robertson","L Jakobson"
"100","B Robertson","P Pearson"
"101","C Fermuller","Y Aloimonos"
"102","S Tanabe","M Nakano"
"103","Y Mori","M Nakano"
"104","Y Mori","S Tanabe"
"105","B Ikegami","M Nakano"
"106","B Ikegami","S Tanabe"
"107","B Ikegami","Y Mori"
"108","I Fujita","M Nakano"
"109","I Fujita","S Tanabe"
"110","I Fujita","Y Mori"
"111","I Fujita","B Ikegami"
"112","D Teller","M Pereverzeva"
"113","M Grabowecky","Y Kim"
"114","K Paller","Y Kim"
"115","K Paller","M Grabowecky"
"116","S Suzuki","Y Kim"
"117","S Suzuki","M Grabowecky"
"118","S Suzuki","K Paller"
"119","S Vecera","L Hecht"
"120","J Nelson","L Fournier"
"122","M Wiediger","J Nelson"
"123","J Brown","H Denney"
"124","G Stoner","G Blanc"
"125","R Yakupov","J Lu"
"126","C Lozar","J Lu"
"127","C Lozar","R Yakupov"
"128","L Chang","J Lu"
"129","L Chang","R Yakupov"
"130","L Chang","C Lozar"
"131","T Ernst","J Lu"
"132","T Ernst","R Yakupov"
"133","T Ernst","C Lozar"
"134","T Ernst","L Chang"
"135","L Itti","J Lu"
"136","L Itti","R Yakupov"
"137","L Itti","C Lozar"
"138","L Itti","L Chang"
"139","L Itti","T Ernst"
"140","B Stojanoski","M Niemeier"
"141","M Behrmann","D Kravitz"
"142","A Hollingworth","A Richard"
"143","S Vecera","A Richard"
"144","S Vecera","A Hollingworth"
"145","S Yeh","W Chou"
"146","B Spehar","C Owens"
"147","C Leek","I Reppa"
"148","T Serre","D Walther"
"149","T Poggio","D Walther"
"150","T Poggio","T Serre"
"151","C Koch","D Walther"
"152","C Koch","T Serre"
"153","C Koch","T Poggio"
"154","A Hillstrom","J Wong"
"155","Y Chai","J Wong"
"156","Y Chai","A Hillstrom"
"157","E Cheries","S Mitroff"
"158","B Scholl","S Mitroff"
"159","B Scholl","E Cheries"
"160","K Wynn","S Mitroff"
"161","K Wynn","E Cheries"
"162","K Wynn","B Scholl"
"163","E Brannon","J Roitman"
"164","M Platt","J Roitman"
"165","M Platt","E Brannon"
"166","R Blake","S Chong"
"167","S Grossberg","A Yazdanbakhsh"
"168","A Parker","D Alais"
"170","H Wilson","A Buckthought"
"171","A Noest","J Brascamp"
"172","A Berg","J Brascamp"
"173","A Berg","A Noest"
"174","B Pham","C Abbey"
"175","S Shimozaki","C Abbey"
"176","S Shimozaki","B Pham"
"177","M Eckstein","C Abbey"
"178","M Eckstein","B Pham"
"179","M Eckstein","S Shimozaki"
"180","P Sinha","B Balas"
"181","S Drummond","S Mednick"
"182","A Arman","S Mednick"
"183","A Arman","S Drummond"
"184","G Boynton","S Mednick"
"185","G Boynton","S Drummond"
"186","G Boynton","A Arman"
"187","R Dougherty","M Ben-Shachar"
"188","G Deutsch","M Ben-Shachar"
"189","G Deutsch","R Dougherty"
"190","P Potanina","M Ben-Shachar"
"191","P Potanina","R Dougherty"
"192","P Potanina","G Deutsch"
"193","B Wandell","M Ben-Shachar"
"194","B Wandell","R Dougherty"
"195","B Wandell","G Deutsch"
"196","B Wandell","P Potanina"
"197","M Roser","J Fiser"
"198","R Aslin","J Fiser"
"199","R Aslin","M Roser"
"200","M Gazzaniga","J Fiser"
"201","M Gazzaniga","M Roser"
"202","M Gazzaniga","R Aslin"
"203","C Baker","H Beeck"
"204","S Rindler","H Beeck"
"205","S Rindler","C Baker"
"206","N Kanwisher","H Beeck"
"207","N Kanwisher","C Baker"
"208","N Kanwisher","S Rindler"
"209","S Cook","J Gold"
"210","D Tadin","J Gold"
"211","D Tadin","S Cook"
"212","R Blake","J Gold"
"213","R Blake","S Cook"
"214","R Blake","D Tadin"
"215","C Westhoff","N Troje"
"216","C Tyler","L Likova"
"217","H Ito","S Anstis"
"218","J O'Brien","C Benton"
"219","P Mamassian","B Friedrich"
"220","A Vatakis","Z Kourtzi"
"221","B Krekelberg","Z Kourtzi"
"222","B Krekelberg","A Vatakis"
"223","D Bavelier","C Green"
"224","A Seitz","C Lefebvre"
"225","T Watanabe","C Lefebvre"
"226","T Watanabe","A Seitz"
"227","P Jolicoeur","C Lefebvre"
"228","P Jolicoeur","A Seitz"
"229","P Jolicoeur","T Watanabe"
"230","A McCollough","E Vogel"
"231","J Fair","E Vogel"
"232","J Fair","A McCollough"
"233","G Woodman","E Vogel"
"234","G Woodman","A McCollough"
"235","G Woodman","J Fair"
"236","J Junge","N Turk-Browne"
"237","B Scholl","N Turk-Browne"
"238","B Scholl","J Junge"
"239","D Watson","G Humphreys"
"240","A Manzi","A Robinson"
"241","J Triesch","A Robinson"
"242","J Triesch","A Manzi"
"243","M Kim","S Park"
"244","M Chun","S Park"
"245","M Chun","M Kim"
"246","R Blake","L Gilroy"
"247","R Blake","S Kim"
"248","S Lee","S Kim"
"249","S Lee","R Blake"
"250","K Mase","M Kitazaki"
"251","F Tong","M Meng"
"252","Z He","T Ooi"
"253","Y Su","T Ooi"
"254","Y Su","Z He"
"255","S Pas","C Paffen"
"256","F Verstraten","C Paffen"
"257","F Verstraten","S Pas"
"258","A Oleksiak","J Beintema"
"259","R Wezel","J Beintema"
"260","R Wezel","A Oleksiak"
"261","H Ogmen","B Breitmeyer"
"262","A Koc","B Breitmeyer"
"263","A Koc","H Ogmen"
"264","J Haynes","G Rees"
"265","S Shevell","S Hong"
"266","O Overbury","N Duponsel"
"267","M Wilke","A Maier"
"268","N Logothetis","A Maier"
"269","N Logothetis","M Wilke"
"270","D Leopold","A Maier"
"271","D Leopold","M Wilke"
"272","D Leopold","N Logothetis"
"276","A Panayiotou","D Crewther"
"277","S He","F Fang"
"278","J Sadr","L Gibson"
"279","N Troje","L Gibson"
"280","N Troje","J Sadr"
"281","K Nakayama","L Gibson"
"282","K Nakayama","J Sadr"
"283","K Nakayama","N Troje"
"284","R Blake","H Ikeda"
"285","K Watanabe","H Ikeda"
"286","K Watanabe","R Blake"
"287","J Pinto","E Zyborowicz"
"288","T Carpenter","S Balk"
"289","J Brooks","S Balk"
"290","J Brooks","T Carpenter"
"291","J Rubinstein","S Balk"
"292","J Rubinstein","T Carpenter"
"293","J Rubinstein","J Brooks"
"294","R Tyrrell","S Balk"
"295","R Tyrrell","T Carpenter"
"296","R Tyrrell","J Brooks"
"297","R Tyrrell","J Rubinstein"
"298","D Maurer","A Freire"
"299","T Lewis","A Freire"
"300","T Lewis","D Maurer"
"301","R Blake","A Freire"
"302","R Blake","D Maurer"
"303","R Blake","T Lewis"
"304","E Grossman","J Garcia"
"305","C Cramer","E Hiris"
"306","A Yuille","H Lu"
"307","Z Liu","H Lu"
"308","Z Liu","A Yuille"
"310","V Stara","A Montesanto"
"311","V Stara","M Penna"
"312","M Boi","A Montesanto"
"313","M Boi","M Penna"
"314","M Boi","V Stara"
"315","M Shiffrar","S Oh"
"316","T Serre","R Sigala"
"317","T Poggio","R Sigala"
"319","M Giese","R Sigala"
"320","M Giese","T Serre"
"321","M Giese","T Poggio"
"322","J Wolfe","S Place"
"323","T Horowitz","D Fencsik"
"324","S Place","D Fencsik"
"325","S Place","T Horowitz"
"326","S Klieger","D Fencsik"
"327","S Klieger","T Horowitz"
"328","S Klieger","S Place"
"329","J Wolfe","D Fencsik"
"330","J Wolfe","T Horowitz"
"332","J Wolfe","S Klieger"
"334","K Sundberg","J Mitchell"
"335","J Reynolds","J Mitchell"
"336","J Reynolds","K Sundberg"
"337","Z Pylyshyn","J Reilly"
"338","C King","J Reilly"
"339","C King","Z Pylyshyn"
"340","Z Pylyshyn","J Rein"
"341","G Alvarez","J Rein"
"342","G Alvarez","Z Pylyshyn"
"343","S Shioiri","T Yoshida"
"344","C Curtis","S Johnson"
"345","S Shuwairi","S Johnson"
"346","S Shuwairi","C Curtis"
"347","M Smagt","J Benjamins"
"348","F Verstraten","J Benjamins"
"349","F Verstraten","M Smagt"
"350","E Freeman","E Freeman"
"351","C Baker","R Schwarzlose"
"352","G Yovel","R Schwarzlose"
"353","G Yovel","C Baker"
"354","N Kanwisher","R Schwarzlose"
"356","N Kanwisher","G Yovel"
"357","N Kanwisher","M Mangini"
"358","G Yovel","B Duchaine"
"359","K Nakayama","B Duchaine"
"360","K Nakayama","G Yovel"
"361","B Duchaine","K Dingle"
"362","K Nakayama","K Dingle"
"364","H Kenser","J Chiao"
"365","K Nakayama","J Chiao"
"366","K Nakayama","H Kenser"
"367","N Ambady","J Chiao"
"368","N Ambady","H Kenser"
"369","N Ambady","K Nakayama"
"370","M Smith","R Caldara"
"371","J Han","R Caldara"
"372","J Han","M Smith"
"373","C Michel","R Caldara"
"374","C Michel","M Smith"
"375","C Michel","J Han"
"376","M McCotter","R Caldara"
"377","M McCotter","M Smith"
"378","M McCotter","J Han"
"379","M McCotter","C Michel"
"380","C Chung","R Caldara"
"381","C Chung","M Smith"
"382","C Chung","J Han"
"383","C Chung","C Michel"
"384","C Chung","M McCotter"
"385","P Schyns","R Caldara"
"386","P Schyns","M Smith"
"387","P Schyns","J Han"
"388","P Schyns","C Michel"
"389","P Schyns","M McCotter"
"390","P Schyns","C Chung"
"391","S Hong","L Yoon"
"392","Y Osada","M Honma"
"393","B Jones","K Irwin"
"394","L DeBruine","K Irwin"
"395","L DeBruine","B Jones"
"396","J Williams","K Irwin"
"397","J Williams","B Jones"
"398","J Williams","L DeBruine"
"399","M Mon-Williams","K Irwin"
"400","M Mon-Williams","B Jones"
"401","M Mon-Williams","L DeBruine"
"402","M Mon-Williams","J Williams"
"403","L DeBruine","P McGinty"
"404","J Williams","P McGinty"
"406","B Jones","P McGinty"
"409","M Mon-Williams","P McGinty"
"413","S Kanazawa","Y Otsuka"
"414","M Yamaguchi","Y Otsuka"
"415","M Yamaguchi","S Kanazawa"
"416","A O'Toole","Y Otsuka"
"417","A O'Toole","S Kanazawa"
"418","A O'Toole","M Yamaguchi"
"419","H Abdi","Y Otsuka"
"420","H Abdi","S Kanazawa"
"421","H Abdi","M Yamaguchi"
"422","H Abdi","A O'Toole"
"423","J Williams","S White"
"424","B Jones","S White"
"426","L DeBruine","S White"
"429","M Mon-Williams","S White"
"433","P Cornwell","S Lomber"
"434","J Enns","C Oriet"
"436","M Dasara","M Boi"
"437","M Dasara","V Stara"
"438","P Penna","M Boi"
"439","P Penna","V Stara"
"440","P Penna","M Dasara"
"441","B Pinna","M Boi"
"442","B Pinna","V Stara"
"443","B Pinna","M Dasara"
"444","B Pinna","P Penna"
"445","R Rensink","S Chuang"
"446","F Thorn","J Comerford"
"447","B Bodkin","J Comerford"
"448","B Bodkin","F Thorn"
"449","M Dasara","S Grossberg"
"450","B Pinna","S Grossberg"
"452","G Pagé","R Gurnsey"
"453","M Levine","J McAnany"
"454","A Klerer","E Miyahara"
"455","K Muna","E Miyahara"
"456","K Muna","A Klerer"
"457","P Hwang","E Miyahara"
"458","P Hwang","A Klerer"
"459","P Hwang","K Muna"
"461","A Holcombe","K Kline"
"462","D Eagleman","K Kline"
"463","D Eagleman","A Holcombe"
"465","P Wenderoth","M Dasara"
"466","P Wenderoth","B Pinna"
"467","L Spillmann","K Hamburger"
"468","L Zavodni","G Chan"
"469","J Campos","G Chan"
"470","J Campos","L Zavodni"
"471","Y Kok","G Chan"
"472","Y Kok","L Zavodni"
"473","Y Kok","J Campos"
"474","H Sun","G Chan"
"475","H Sun","L Zavodni"
"476","H Sun","J Campos"
"477","H Sun","Y Kok"
"478","B Garsoffky","M Huff"
"479","S Schwan","M Huff"
"480","S Schwan","B Garsoffky"
"481","M Braunstein","Z Bian"
"482","G Andersen","Z Bian"
"483","G Andersen","M Braunstein"
"484","T Sanocki","T Sanocki"
"485","C Gottesman","C Gottesman"
"486","J Davenport","J Davenport"
"487","J Henderson","M Castelhano"
"488","A Oliva","A Torralba"
"489","A Oliva","M Greene"
"490","P Martini","V Maljkovic"
"492","M Chun","J DiMase"
"493","B Scholl","J DiMase"
"494","B Scholl","M Chun"
"495","J Wolfe","J DiMase"
"496","J Wolfe","M Chun"
"497","J Wolfe","B Scholl"
"498","T Horowitz","J DiMase"
"499","T Horowitz","M Chun"
"500","T Horowitz","B Scholl"
"502","T Horowitz","K Michod"
"503","J Wolfe","K Michod"
"505","E Vogel","T Drew"
"506","K Sakai","M Kikuchi"
"507","Y Hirai","M Kikuchi"
"508","Y Hirai","K Sakai"
"509","T Leeuwen","D Smilek"
"510","E Birmingham","D Smilek"
"511","E Birmingham","T Leeuwen"
"512","M Toufaniasl","D Smilek"
"513","M Toufaniasl","T Leeuwen"
"514","M Toufaniasl","E Birmingham"
"515","A Kingstone","D Smilek"
"516","A Kingstone","T Leeuwen"
"517","A Kingstone","E Birmingham"
"518","A Kingstone","M Toufaniasl"
"519","A Warlaumont","C Hunter"
"520","S Edelman","C Hunter"
"521","S Edelman","A Warlaumont"
"525","S Solomon","C Tailby"
"526","N Dhruv","C Tailby"
"527","N Dhruv","S Solomon"
"528","N Majaj","C Tailby"
"529","N Majaj","S Solomon"
"530","N Majaj","N Dhruv"
"531","P Lennie","C Tailby"
"532","P Lennie","S Solomon"
"533","P Lennie","N Dhruv"
"534","P Lennie","N Majaj"
"535","T Albright","X Huang"
"536","G Stoner","X Huang"
"537","G Stoner","T Albright"
"538","R Prenger","B Willmore"
"539","J Gallant","B Willmore"
"540","J Gallant","R Prenger"
"541","E Simoncelli","N Rust"
"542","J Movshon","N Rust"
"543","J Movshon","E Simoncelli"
"544","R Frazor","A Benucci"
"545","M Carandini","A Benucci"
"546","M Carandini","R Frazor"
"547","W Bair","W Bair"
"548","K Grill-Spector","J Vinberg"
"549","J Henderson","D Gajewski"
"550","E Aminoff","M Bar"
"551","J Boshyan","M Bar"
"552","J Boshyan","E Aminoff"
"553","M Fenske","M Bar"
"554","M Fenske","E Aminoff"
"555","M Fenske","J Boshyan"
"556","N Gronauo","M Bar"
"557","N Gronauo","E Aminoff"
"558","N Gronauo","J Boshyan"
"559","N Gronauo","M Fenske"
"560","K Kassam","M Bar"
"561","K Kassam","E Aminoff"
"562","K Kassam","J Boshyan"
"563","K Kassam","M Fenske"
"564","K Kassam","N Gronauo"
"565","K Kassam","A Ghuman"
"566","H Boshyan","A Ghuman"
"567","H Boshyan","K Kassam"
"568","M Bar","A Ghuman"
"570","M Bar","H Boshyan"
"571","I Biederman","M Nederhouser"
"572","J Davidoff","M Nederhouser"
"573","J Davidoff","I Biederman"
"574","X Yue","M Nederhouser"
"575","X Yue","I Biederman"
"576","X Yue","J Davidoff"
"577","G Kayaert","M Nederhouser"
"578","G Kayaert","I Biederman"
"579","G Kayaert","J Davidoff"
"580","G Kayaert","X Yue"
"581","R Vogels","M Nederhouser"
"582","R Vogels","I Biederman"
"583","R Vogels","J Davidoff"
"584","R Vogels","X Yue"
"585","R Vogels","G Kayaert"
"586","D Kim","F Tong"
"587","D Sheinberg","K Kawasaki"
"588","N Pitchford","V Bonnardel"
"589","D Cao","S Shevell"
"590","S Dumoulin","K Mullen"
"591","K McMahon","K Mullen"
"592","K McMahon","S Dumoulin"
"593","M Bryant","K Mullen"
"594","M Bryant","S Dumoulin"
"595","M Bryant","K McMahon"
"596","G Zubicaray","K Mullen"
"597","G Zubicaray","S Dumoulin"
"598","G Zubicaray","K McMahon"
"599","G Zubicaray","M Bryant"
"600","R Hess","K Mullen"
"601","R Hess","S Dumoulin"
"602","R Hess","K McMahon"
"603","R Hess","M Bryant"
"604","R Hess","G Zubicaray"
"605","A Shapiro","A Shapiro"
"606","J O'Regan","A Bompas"
"607","S Shevell","P Monnier"
"608","E Young","P Monnier"
"609","E Young","S Shevell"
"610","A Ipata","A Gee"
"611","J Bisley","A Gee"
"612","J Bisley","A Ipata"
"613","M Goldberg","A Gee"
"614","M Goldberg","A Ipata"
"615","M Goldberg","J Bisley"
"616","A McCoy","M Platt"
"617","B Sullivan","J Jovancevic"
"618","M Hayhoe","J Jovancevic"
"619","M Hayhoe","B Sullivan"
"620","E Miller","M Histed"
"621","A Motamed","M Nezhad"
"622","B Tjan","M Nezhad"
"623","B Tjan","A Motamed"
"625","S Johnston","I Arend"
"626","K Shapiro","I Arend"
"627","K Shapiro","S Johnston"
"629","N Roberts","S Johnston"
"630","N Roberts","K Shapiro"
"631","A Zhaman","S Johnston"
"632","A Zhaman","K Shapiro"
"633","A Zhaman","N Roberts"
"634","D Smilek","S Ghorashi"
"635","V Lollo","S Ghorashi"
"636","V Lollo","D Smilek"
"637","J Meadows","S Crewther"
"638","D Crewther","S Crewther"
"639","D Crewther","J Meadows"
"640","M Tombu","D Loach"
"641","J Tsotsos","D Loach"
"643","M Nieuwenstein","M Nieuwenstein"
"644","V Coltheart","P Dux"
"645","Y Gabari","J Kawahara"
"646","J Enns","J Kawahara"
"647","J Enns","Y Gabari"
"648","S Marti","F Richer"
"649","V Paradis","F Richer"
"650","V Paradis","S Marti"
"651","M Thibeault","F Richer"
"652","M Thibeault","S Marti"
"653","M Thibeault","V Paradis"
"654","K Shapiro","E Martin"
"655","T Watanabe","Y Tsushima"
"656","H Bowman","B Wyble"
"657","V Franz","A Brouwer"
"658","D Kerzel","A Brouwer"
"659","D Kerzel","V Franz"
"660","K Gegenfurtner","A Brouwer"
"661","K Gegenfurtner","V Franz"
"662","K Gegenfurtner","D Kerzel"
"663","H Kaneko","M Yamaguchi"
"664","J Prinz","M Fischer"
"665","K Lotz","M Fischer"
"666","K Lotz","J Prinz"
"667","J Marotta","F Feloiu"
"668","S Black","F Feloiu"
"669","S Black","J Marotta"
"670","J Crawford","F Feloiu"
"671","J Crawford","J Marotta"
"672","J Crawford","S Black"
"673","K Ahrens","B Heider"
"674","R Siegel","B Heider"
"675","R Siegel","K Ahrens"
"676","G Bingham","Y Lee"
"677","J Norman","Y Lee"
"678","J Norman","G Bingham"
"679","C Crabtree","Y Lee"
"680","C Crabtree","G Bingham"
"681","C Crabtree","J Norman"
"682","M Mon-Williams","A Mulroue"
"683","J Williams","A Mulroue"
"685","G Bingham","M Mon-Williams"
"686","L Maloney","S Wu"
"687","M Martello","S Wu"
"688","M Martello","L Maloney"
"689","M Landy","H Tassinari"
"690","T Hudson","H Tassinari"
"691","T Hudson","M Landy"
"692","J Trommershauser","J Trommershauser"
"693","M Goodale","S Obhi"
"694","Y Nakajima","Y Tani"
"695","K Maruya","Y Tani"
"696","K Maruya","Y Nakajima"
"697","T Sato","Y Tani"
"698","T Sato","Y Nakajima"
"699","T Sato","K Maruya"
"700","S McKee","A Ma-Wyatt"
"701","A Cobo-Lewis","S Collier"
"702","M Wexler","C Morvan"
"703","R Rajimehr","R Rajimehr"
"704","B Krekelberg","A Schlack"
"705","T Albright","A Schlack"
"706","T Albright","B Krekelberg"
"707","T Freeman","J Souman"
"708","M Aydin","J Tong"
"709","H Bedell","J Tong"
"710","H Bedell","M Aydin"
"711","T Lien","H Bedell"
"713","J Tong","T Lien"
"714","P Cisarik","H Bedell"
"715","P Cisarik","T Lien"
"716","P Cisarik","J Tong"
"717","S Patel","H Bedell"
"718","S Patel","T Lien"
"719","S Patel","J Tong"
"720","S Patel","P Cisarik"
"722","M Hayhoe","A Shrivastava"
"723","J Pelz","A Shrivastava"
"724","J Pelz","M Hayhoe"
"725","R Mruczek","A Shrivastava"
"726","R Mruczek","M Hayhoe"
"727","R Mruczek","J Pelz"
"728","E Connors","C Royden"
"729","K Mahoney","C Royden"
"730","K Mahoney","E Connors"
"731","Y Yeshurun","Y Yeshurun"
"732","G Loffler","R Goutcher"
"733","M Edwards","J Greenwood"
"734","K Maruya","H Kanaya"
"735","T Sato","H Kanaya"
"737","L Wilcox","K MacKenzie"
"738","S Watamaniuk","S Posey"
"740","C Khin","A Cobo-Lewis"
"741","C Khin","S Collier"
"742","R Carlow","A Cobo-Lewis"
"743","R Carlow","S Collier"
"744","R Carlow","C Khin"
"745","J Faubert","D Nguyen-Tri"
"746","C Benton","W Curran"
"747","P Mamassian","L O'Kane"
"748","A Seiffert","W Sohn"
"749","F Tong","Y Kamitani"
"750","C Tai","J Lindholm"
"751","F Previc","L McLin"
"752","L Barnes","L McLin"
"753","L Barnes","F Previc"
"754","S Dziuban","L McLin"
"755","S Dziuban","F Previc"
"756","S Dziuban","L Barnes"
"757","G Hengst","L McLin"
"758","G Hengst","F Previc"
"759","G Hengst","L Barnes"
"760","G Hengst","S Dziuban"
"761","W Kosnik","T Kuyk"
"762","P Smith","T Kuyk"
"763","P Smith","W Kosnik"
"764","D Kee","T Kuyk"
"765","D Kee","W Kosnik"
"766","D Kee","P Smith"
"767","B Novar","T Kuyk"
"768","B Novar","W Kosnik"
"769","B Novar","P Smith"
"770","B Novar","D Kee"
"771","G Polhamus","T Kuyk"
"772","G Polhamus","W Kosnik"
"773","G Polhamus","P Smith"
"774","G Polhamus","D Kee"
"775","G Polhamus","B Novar"
"776","J Wood","E Stavrou"
"777","D Battistutta","E Stavrou"
"778","D Battistutta","J Wood"
"779","S Yeh","S Lo"
"780","B Hansen","A Haun"
"781","Y Kim","A Haun"
"782","Y Kim","B Hansen"
"783","E Essock","A Haun"
"784","E Essock","B Hansen"
"785","E Essock","Y Kim"
"787","S Gustas","R Hauck"
"788","M Leary","R Hauck"
"789","M Leary","S Gustas"
"790","E Fine","R Hauck"
"791","E Fine","S Gustas"
"792","E Fine","M Leary"
"793","J Nyquist","J Lappin"
"794","D Tadin","J Lappin"
"795","D Tadin","J Nyquist"
"796","H Strasburger","D Poggel"
"797","M MacKeben","D Poggel"
"798","M MacKeben","H Strasburger"
"799","D Stanley","J Gobell"
"800","M Carrasco","J Gobell"
"801","M Carrasco","D Stanley"
"802","Y Yeshurun","B Montagna"
"803","M Carrasco","B Montagna"
"804","M Carrasco","Y Yeshurun"
"805","M Carrasco","F Pestilli"
"806","J Avakov","R Faludi"
"807","L Maloney","R Faludi"
"808","L Maloney","J Avakov"
"809","C Marisa","R Faludi"
"810","C Marisa","J Avakov"
"811","C Marisa","L Maloney"
"812","S Tipper","M Paul"
"813","A Hayes","M Paul"
"814","A Hayes","S Tipper"
"815","K Yokosawa","A Nishimura"
"816","R Rajimehr","L Kouhsari"
"817","T Papathomas","J Hong"
"818","Z Vidnyánszky","J Hong"
"819","Z Vidnyánszky","T Papathomas"
"820","G Boynton","V Ciaramitaro"
"821","M Goodale","S Arnott"
"823","J Wood","J Brooks"
"824","J Wood","R Tyrrell"
"825","B Stephens","J Brooks"
"826","B Stephens","R Tyrrell"
"827","B Stephens","J Wood"
"828","E Stavrou","J Brooks"
"829","E Stavrou","R Tyrrell"
"831","E Stavrou","B Stephens"
"832","C Chubb","D Slack"
"833","S Dakin","I Mareschal"
"834","P Bex","I Mareschal"
"835","P Bex","S Dakin"
"836","E Cameron","E Cameron"
"838","E Poder","E Poder"
"839","Y Wang","R Hess"
"840","C Liu","R Hess"
"841","C Liu","Y Wang"
"842","M Morgan","J Solomon"
"843","S Varadharajan","J Foley"
"844","C Koh","J Foley"
"845","C Koh","S Varadharajan"
"846","M Farias","J Foley"
"847","M Farias","S Varadharajan"
"848","M Farias","C Koh"
"849","S Waugh","S Sukumar"
"850","M Landy","I Oruc"
"851","D Pelli","I Oruc"
"852","D Pelli","M Landy"
"853","A Sahraie","J Leaper"
"854","P McGeorge","J Leaper"
"855","P McGeorge","A Sahraie"
"856","D Carey","J Leaper"
"857","D Carey","A Sahraie"
"858","D Carey","P McGeorge"
"859","R Hess","P Huang"
"860","F Kingdom","P Huang"
"861","F Kingdom","R Hess"
"862","K Mahon","R Kothari"
"863","M Carrasco","R Kothari"
"864","M Carrasco","K Mahon"
"865","A Kingdon","T Lewis"
"866","D Ellemberg","T Lewis"
"867","D Ellemberg","A Kingdon"
"869","D Maurer","A Kingdon"
"870","D Maurer","D Ellemberg"
"871","I Kang","J Malpeli"
"872","R Reem","J Malpeli"
"873","R Reem","I Kang"
"874","A Kaczmarowski","J Malpeli"
"875","A Kaczmarowski","I Kang"
"876","A Kaczmarowski","R Reem"
"877","O Braddick","J Aspell"
"878","J Atkinson","J Aspell"
"879","J Atkinson","O Braddick"
"880","J Wattam-Bell","J Aspell"
"881","J Wattam-Bell","O Braddick"
"882","J Wattam-Bell","J Atkinson"
"883","H Bridge","J Aspell"
"884","H Bridge","O Braddick"
"885","H Bridge","J Atkinson"
"886","H Bridge","J Wattam-Bell"
"887","P Sowden","H Payne"
"888","A Myers","H Payne"
"889","A Myers","P Sowden"
"890","M Bach","S Menees"
"891","V Nguyen","I Howard"
"892","B Cheung","I Howard"
"893","B Cheung","V Nguyen"
"894","M Jenkin","R Dyde"
"895","L Harris","R Dyde"
"896","L Harris","M Jenkin"
"897","D Proffitt","J Stefanucci"
"898","G Clore","J Stefanucci"
"899","G Clore","D Proffitt"
"900","J Witt","C Riener"
"901","J Stefanucci","C Riener"
"902","J Stefanucci","J Witt"
"903","D Proffitt","C Riener"
"904","D Proffitt","J Witt"
"906","S Creem-Regehr","V Dilda"
"907","W Thompson","V Dilda"
"908","W Thompson","S Creem-Regehr"
"909","S Gilson","A Glennerster"
"910","L Tcheang","A Glennerster"
"911","L Tcheang","S Gilson"
"912","J Witt","S Schnall"
"913","J Augustyn","S Schnall"
"914","J Augustyn","J Witt"
"915","J Stefanucci","S Schnall"
"917","J Stefanucci","J Augustyn"
"918","D Proffitt","S Schnall"
"920","D Proffitt","J Augustyn"
"922","G Clore","S Schnall"
"923","G Clore","J Witt"
"924","G Clore","J Augustyn"
"927","Z He","J Wu"
"928","T Ooi","J Wu"
"930","R Klatzky","B Wu"
"931","S Shimojo","J Park"
"932","J Schlag","J Park"
"933","J Schlag","S Shimojo"
"934","A Johnston","D Arnold"
"935","P Mamassian","E Brenner"
"936","J Smeets","E Brenner"
"937","J Smeets","P Mamassian"
"938","C Schor","C Cantor"
"939","D Linares","J Lopez-Moliner"
"940","K Watanabe","K Yokoi"
"941","V Franz","D Grave"
"942","K Gegenfurtner","D Grave"
"944","C Habak","N Anderson"
"945","F Wilkinson","N Anderson"
"946","F Wilkinson","C Habak"
"947","H Wilson","N Anderson"
"948","H Wilson","C Habak"
"949","H Wilson","F Wilkinson"
"953","J Felius","Y Wang"
"954","E Weston","C Clifford"
"955","P Garrigan","D Kalar"
"956","P Kellman","D Kalar"
"957","P Kellman","P Garrigan"
"958","H Li","H Li"
"959","M Singh","E Cohen"
"960","J Townsend","A Eidels"
"961","K Watanabe","R Niimi"
"962","K Yokosawa","R Niimi"
"963","K Yokosawa","K Watanabe"
"964","E Skow","M Peterson"
"965","C Rasche","C Rasche"
"966","H Strasburger","H Strasburger"
"967","L Kiorpes","Y El-Shamayleh"
"968","J Movshon","Y El-Shamayleh"
"969","J Movshon","L Kiorpes"
"972","F Gosselin","P Schyns"
"973","F Gosselin","M Smith"
"974","D Sagi","Y Bonneh"
"975","A Cooperman","Y Bonneh"
"976","A Cooperman","D Sagi"
"977","G Caplovitz","P Hsieh"
"978","P Tse","P Hsieh"
"979","P Tse","G Caplovitz"
"980","D Whitney","D Whitney"
"981","M Carandini","Y Petrov"
"982","S McKee","Y Petrov"
"983","S McKee","M Carandini"
"984","S Dang","B Tjan"
"985","L Zhaoping","L Zhaoping"
"986","W Simpson","V Manahilov"
"987","J Calvert","V Manahilov"
"988","J Calvert","W Simpson"
"989","E Simoncelli","Z Wang"
"990","C Clifford","S Durant"
"991","A Giordano","M Carrasco"
"992","B McElree","M Carrasco"
"993","B McElree","A Giordano"
"994","P Branning","J Ivanoff"
"995","R Marois","J Ivanoff"
"996","R Marois","P Branning"
"997","Z Vidnyánszky","C Tseng"
"998","T Papathomas","C Tseng"
"1000","G Sperling","C Tseng"
"1001","G Sperling","Z Vidnyánszky"
"1002","G Sperling","T Papathomas"
"1003","M McKinley","J Palmer"
"1004","M Mazurek","J Palmer"
"1005","M Mazurek","M McKinley"
"1006","M Shadlen","J Palmer"
"1007","M Shadlen","M McKinley"
"1008","M Shadlen","M Mazurek"
"1009","P Walsh","G Ghose"
"1010","L Reddy","R VanRullen"
"1011","C Koch","R VanRullen"
"1012","C Koch","L Reddy"
"1013","P Wilken","L Reddy"
"1014","R Quian-Quiroga","L Reddy"
"1015","R Quian-Quiroga","P Wilken"
"1017","C Koch","P Wilken"
"1018","C Koch","R Quian-Quiroga"
"1019","I Fried","L Reddy"
"1020","I Fried","P Wilken"
"1021","I Fried","R Quian-Quiroga"
"1022","I Fried","C Koch"
"1023","A Radonjic","A Gilchrist"
"1025","V Ramachandran","A Radonjic"
"1026","V Ramachandran","A Gilchrist"
"1027","M Iglesias","B Spehar"
"1028","C Clifford","B Spehar"
"1029","C Clifford","M Iglesias"
"1030","B Blakeslee","M McCourt"
"1031","W Pasieka","M McCourt"
"1032","W Pasieka","B Blakeslee"
"1033","M Luca","M Tarr"
"1034","W Zosh","M Tarr"
"1035","W Zosh","M Luca"
"1039","M Goodale","J Cant"
"1040","M Webster","S Elliott"
"1041","M Georgeson","S Elliott"
"1042","M Georgeson","M Webster"
"1043","S Yeh","L Hsu"
"1044","P Kramer","L Hsu"
"1045","P Kramer","S Yeh"
"1046","R Beer","D MacLeod"
"1047","B Rogers","P Smith"
"1048","M Ernst","K Müller"
"1049","D Leopold","K Müller"
"1050","D Leopold","M Ernst"
"1051","V Drga","J Harris"
"1052","S Tanabe","T Doi"
"1053","K Umeda","T Doi"
"1054","K Umeda","S Tanabe"
"1055","I Fujita","T Doi"
"1057","I Fujita","K Umeda"
"1058","B Cumming","J Read"
"1059","S Stevenson","F Visco"
"1060","B Farell","L Zhao"
"1061","M Banks","R Meyerson"
"1062","D Vreven","D Vreven"
"1063","R Hoskinson","C Akai"
"1064","B Fisher","C Akai"
"1065","B Fisher","R Hoskinson"
"1066","J Dill","C Akai"
"1067","J Dill","R Hoskinson"
"1068","J Dill","B Fisher"
"1069","H Kaneko","K Fukuda"
"1070","M Pianta","B Gillam"
"1071","T Seizova-Cajic","B Gillam"
"1072","T Seizova-Cajic","M Pianta"
"1073","K Brooks","B Gillam"
"1074","K Brooks","M Pianta"
"1075","K Brooks","T Seizova-Cajic"
"1077","B Gillam","H Sedgwick"
"1078","R Shah","H Sedgwick"
"1079","R Shah","B Gillam"
"1080","C Schor","Z Zhang"
"1099","I Kuriki","I Kuriki"
"1100","S Elliot","L Svec"
"1101","J Highsmith","L Svec"
"1102","J Highsmith","S Elliot"
"1103","T Brunstetter","L Svec"
"1104","T Brunstetter","S Elliot"
"1105","T Brunstetter","J Highsmith"
"1106","M Crognale","L Svec"
"1107","M Crognale","S Elliot"
"1108","M Crognale","J Highsmith"
"1109","M Crognale","T Brunstetter"
"1110","L Zhaoping","A Lewis"
"1111","I Davies","E Ozgen"
"1112","J Kraft","J Kraft"
"1113","K Amano","A Reeves"
"1114","D Foster","A Reeves"
"1116","C Nakajima","K Uchikawa"
"1117","K Segawa","K Uchikawa"
"1118","K Segawa","C Nakajima"
"1119","B Mel","E Ortega"
"1120","J Kraft","Y Ouyang"
"1121","D Teller","I Zemach"
"1122","V Volbrecht","M Pitts"
"1123","L Troup","M Pitts"
"1124","L Troup","V Volbrecht"
"1125","J Nerger","M Pitts"
"1126","J Nerger","V Volbrecht"
"1127","J Nerger","L Troup"
"1128","M Dakin","M Pitts"
"1129","M Dakin","V Volbrecht"
"1130","M Dakin","L Troup"
"1131","M Dakin","J Nerger"
"1132","F Kingdom","A Yoonessi"
"1133","B Tjan","K Cunningham"
"1134","J Watanabe","S Nishida"
"1135","I Kuriki","S Nishida"
"1136","I Kuriki","J Watanabe"
"1137","P Kay","M Webster"
"1138","V Billock","V Billock"
"1139","J Wortman","D Beer"
"1140","G Horwitz","D Beer"
"1141","G Horwitz","J Wortman"
"1142","D MacLeod","D Beer"
"1143","D MacLeod","J Wortman"
"1144","D MacLeod","G Horwitz"
"1145","C Thomas","M Behrmann"
"1146","R Kimchi","M Behrmann"
"1147","R Kimchi","C Thomas"
"1148","N Minshew","M Behrmann"
"1149","N Minshew","C Thomas"
"1150","N Minshew","R Kimchi"
"1151","I Conner","J Mendola"
"1152","S Harrison","T Ro"
"1153","J Boyer","T Ro"
"1154","J Boyer","S Harrison"
"1155","K Greene","T Ro"
"1156","K Greene","S Harrison"
"1157","K Greene","J Boyer"
"1158","C Treventhan","D Carey"
"1160","A Sahraie","C Treventhan"
"1161","A Sahraie","C Trevethan"
"1162","L Weiskrantz","C Trevethan"
"1163","L Weiskrantz","A Sahraie"
"1164","J O'Brien","J Spencer"
"1165","H Aviezer","A Landau"
"1166","L Robertson","A Landau"
"1167","L Robertson","H Aviezer"
"1168","M Peterson","A Landau"
"1169","M Peterson","H Aviezer"
"1170","M Peterson","L Robertson"
"1171","N Soroker","A Landau"
"1172","N Soroker","H Aviezer"
"1173","N Soroker","L Robertson"
"1174","N Soroker","M Peterson"
"1175","Y Sacher","A Landau"
"1176","Y Sacher","H Aviezer"
"1177","Y Sacher","L Robertson"
"1178","Y Sacher","M Peterson"
"1179","Y Sacher","N Soroker"
"1180","Y Bonneh","A Landau"
"1181","Y Bonneh","H Aviezer"
"1182","Y Bonneh","L Robertson"
"1183","Y Bonneh","M Peterson"
"1184","Y Bonneh","N Soroker"
"1185","Y Bonneh","Y Sacher"
"1186","S Bentin","A Landau"
"1187","S Bentin","H Aviezer"
"1188","S Bentin","L Robertson"
"1189","S Bentin","M Peterson"
"1190","S Bentin","N Soroker"
"1191","S Bentin","Y Sacher"
"1192","S Bentin","Y Bonneh"
"1193","D Field","J Wann"
"1194","M Mon-Williams","J Wann"
"1195","M Mon-Williams","D Field"
"1196","D Milner","J Wann"
"1197","D Milner","D Field"
"1198","D Milner","M Mon-Williams"
"1199","G Humphreys","H Allen"
"1200","D Giaschi","C Ho"
"1201","C Bäumer","R Sireteanu"
"1202","C Sârbu","R Sireteanu"
"1203","C Sârbu","C Bäumer"
"1204","M Bradnam","J Calvert"
"1206","V Manahilov","M Bradnam"
"1207","R Hamilton","J Calvert"
"1208","R Hamilton","M Bradnam"
"1209","R Hamilton","V Manahilov"
"1210","D McCulloch","J Calvert"
"1211","D McCulloch","M Bradnam"
"1212","D McCulloch","V Manahilov"
"1213","D McCulloch","R Hamilton"
"1214","A Mackay","J Calvert"
"1215","A Mackay","M Bradnam"
"1216","A Mackay","V Manahilov"
"1217","A Mackay","R Hamilton"
"1218","A Mackay","D McCulloch"
"1219","G Dutton","J Calvert"
"1220","G Dutton","M Bradnam"
"1221","G Dutton","V Manahilov"
"1222","G Dutton","R Hamilton"
"1223","G Dutton","D McCulloch"
"1224","G Dutton","A Mackay"
"1226","W Schlooz","T Wit"
"1227","W Hulstijn","T Wit"
"1228","W Hulstijn","W Schlooz"
"1229","R Lier","T Wit"
"1230","R Lier","W Schlooz"
"1231","R Lier","W Hulstijn"
"1232","O Overbury","W Wittich"
"1233","M Kapusta","W Wittich"
"1234","M Kapusta","O Overbury"
"1235","J Faubert","W Wittich"
"1236","J Faubert","O Overbury"
"1237","J Faubert","M Kapusta"
"1238","B Landau","M Palomares"
"1239","H Egeth","M Palomares"
"1240","H Egeth","B Landau"
"1241","R Schuchard","S Cheung"
"1242","S He","S Cheung"
"1243","S He","R Schuchard"
"1244","Y Tai","S Cheung"
"1245","Y Tai","R Schuchard"
"1246","Y Tai","S He"
"1247","G Legge","S Cheung"
"1248","G Legge","R Schuchard"
"1249","G Legge","S He"
"1250","G Legge","Y Tai"
"1251","X Hu","S Cheung"
"1252","X Hu","R Schuchard"
"1253","X Hu","S He"
"1254","X Hu","Y Tai"
"1255","X Hu","G Legge"
"1256","K Lusk","J Nyquist"
"1258","J Lappin","K Lusk"
"1259","A Corn","J Nyquist"
"1260","A Corn","K Lusk"
"1261","A Corn","J Lappin"
"1263","D Tadin","K Lusk"
"1265","D Tadin","A Corn"
"1266","E Allman","J McCleery"
"1267","K Burner","J McCleery"
"1268","K Burner","E Allman"
"1269","L Carver","J McCleery"
"1270","L Carver","E Allman"
"1271","L Carver","K Burner"
"1272","K Dobkins","J McCleery"
"1273","K Dobkins","E Allman"
"1274","K Dobkins","K Burner"
"1275","K Dobkins","L Carver"
"1276","B Stuck","H Zwick"
"1277","P Edsall","H Zwick"
"1278","P Edsall","B Stuck"
"1279","E Wood","H Zwick"
"1280","E Wood","B Stuck"
"1281","E Wood","P Edsall"
"1282","R Cheramie","H Zwick"
"1283","R Cheramie","B Stuck"
"1284","R Cheramie","P Edsall"
"1285","R Cheramie","E Wood"
"1286","J Sankovich","H Zwick"
"1287","J Sankovich","B Stuck"
"1288","J Sankovich","P Edsall"
"1289","J Sankovich","E Wood"
"1290","J Sankovich","R Cheramie"
"1291","M Harrison","H Zhong"
"1292","W Warren","H Zhong"
"1293","W Warren","M Harrison"
"1294","K Losier","J Andre"
"1295","R Heiser","J Andre"
"1296","R Heiser","K Losier"
"1297","A MeGehee","J Andre"
"1298","A MeGehee","K Losier"
"1299","A MeGehee","R Heiser"
"1300","C Campbell","J Andre"
"1301","C Campbell","K Losier"
"1302","C Campbell","R Heiser"
"1303","C Campbell","A MeGehee"
"1304","C Hsiao","J Campos"
"1306","G Chan","C Hsiao"
"1308","H Sun","C Hsiao"
"1310","S Creem-Regehr","B Mohler"
"1311","W Thompson","B Mohler"
"1313","P Bex","H Falkenberg"
"1314","J Philbeck","J Philbeck"
"1315","S Creem-Regehr","P Willemsen"
"1316","M Colton","P Willemsen"
"1317","M Colton","S Creem-Regehr"
"1318","W Thompson","P Willemsen"
"1320","W Thompson","M Colton"
"1321","W Warren","J Owens"
"1322","W Warren","H Bruggeman"
"1323","H Bruggeman","J Cohen"
"1324","W Warren","J Cohen"
"1326","B Sweet","L Li"
"1327","L Stone","L Li"
"1328","L Stone","B Sweet"
"1329","A Beall","K Macuga"
"1330","J Loomis","K Macuga"
"1331","J Loomis","A Beall"
"1332","R Smith","K Macuga"
"1333","R Smith","A Beall"
"1334","R Smith","J Loomis"
"1335","J Kelly","K Macuga"
"1336","J Kelly","A Beall"
"1337","J Kelly","J Loomis"
"1338","J Kelly","R Smith"
"1339","S Grossberg","D Elder"
"1340","E Mingolla","D Elder"
"1341","E Mingolla","S Grossberg"
"1342","R Ni","A Enriquez"
"1343","J Bower","A Enriquez"
"1344","J Bower","R Ni"
"1345","G Andersen","A Enriquez"
"1346","G Andersen","R Ni"
"1347","G Andersen","J Bower"
"1348","B Fajen","G Diaz"
"1349","B Fajen","B Fajen"
"1350","T Sato","T Seno"
"1351","R Allard","J Faubert"
"1352","J Hanssens","J Faubert"
"1353","J Hanssens","R Allard"
"1354","H Kaneko","A Tsuruhara"
"1355","J Wann","R Wilkie"
"1357","W Epstein","J Witt"
"1358","W Epstein","D Proffitt"
"1359","P Schrater","H Amiri"
"1360","M Braunstein","N Bocheva"
"1361","J Mao","J Mao"
"1362","S Kanazawa","N Shirai"
"1363","M Yamaguchi","N Shirai"
"1365","M Padilla","J Wurfel"
"1366","N Grzywacz","J Wurfel"
"1367","N Grzywacz","M Padilla"
"1368","M Yamaguchi","T Imura"
"1369","M Tomonaga","T Imura"
"1370","M Tomonaga","M Yamaguchi"
"1371","A Yagi","T Imura"
"1372","A Yagi","M Yamaguchi"
"1373","A Yagi","M Tomonaga"
"1374","P DeLucia","P DeLucia"
"1375","H Ono","H Mitsudo"
"1376","F Durgin","E Schaffer"
"1377","S Maier","A Welchman"
"1378","H Buelthoff","A Welchman"
"1379","H Buelthoff","S Maier"
"1380","F Durgin","F Durgin"
"1381","W Schaudt","B Dyre"
"1382","R Lew","B Dyre"
"1383","R Lew","W Schaudt"
"1384","B Castaneda","R Gray"
"1385","R Sieffert","R Gray"
"1386","R Sieffert","B Castaneda"
"1387","D Regan","R Gray"
"1388","D Regan","B Castaneda"
"1389","D Regan","R Sieffert"
"1390","P Schrater","P Battaglia"
"1391","D Kersten","P Battaglia"
"1392","D Kersten","P Schrater"
"1393","M Lages","M Lages"
"1394","E Brannon","J Cantlon"
"1395","W Hayward","L Chan"
"1396","J Hilger","C Fantoni"
"1397","W Gerbino","C Fantoni"
"1398","W Gerbino","J Hilger"
"1399","P Kellman","C Fantoni"
"1400","P Kellman","J Hilger"
"1401","P Kellman","W Gerbino"
"1402","M Peterson","J Kim"
"1403","H Scholte","M Vandenbroucke"
"1404","C Kemner","M Vandenbroucke"
"1405","C Kemner","H Scholte"
"1406","V Lamme","M Vandenbroucke"
"1407","V Lamme","H Scholte"
"1408","V Lamme","C Kemner"
"1409","C Fowlkes","X Ren"
"1410","J Malik","X Ren"
"1411","J Malik","C Fowlkes"
"1412","D Guthrie","M Scheessele"
"1413","D Gottschalk","M Scheessele"
"1414","D Gottschalk","D Guthrie"
"1415","D Collins","A Wilson"
"1416","G Bingham","A Wilson"
"1417","G Bingham","D Collins"
"1418","K Spanos","M Berg"
"1419","M Kubovy","M Berg"
"1420","M Kubovy","K Spanos"
"1421","P Gerhardstein","J Tse"
"1422","A Mack","C Slesar"
"1423","J Pomerantz","M Portillo"
"1424","M Kubovy","L Strother"
"1425","L Feigenson","E Cheries"
"1427","B Scholl","L Feigenson"
"1428","S Carey","E Cheries"
"1429","S Carey","L Feigenson"
"1430","S Carey","B Scholl"
"1431","Y Ostrovsky","E Meyers"
"1432","P Sinha","E Meyers"
"1433","P Sinha","Y Ostrovsky"
"1434","T Ganel","C Gonzalez"
"1435","M Goodale","C Gonzalez"
"1436","M Goodale","T Ganel"
"1437","C Coker","R Post"
"1438","V Franz","V Franz"
"1439","A Mack","Z Pappas"
"1441","D Shelton","R Klatzky"
"1442","D Shelton","B Wu"
"1443","G Stetten","R Klatzky"
"1444","G Stetten","B Wu"
"1445","G Stetten","D Shelton"
"1446","C Gonzalez-Alvarez","S Pardhan"
"1447","L Matin","W Li"
"1448","E Chinellato","A Singhal"
"1449","J Culham","A Singhal"
"1450","J Culham","E Chinellato"
"1451","M Goodale","A Singhal"
"1452","M Goodale","E Chinellato"
"1453","M Goodale","J Culham"
"1454","C Wright","A Winkler"
"1455","C Chubb","A Winkler"
"1456","C Chubb","C Wright"
"1457","N Abekawa","H Gomi"
"1458","S Nishida","H Gomi"
"1459","S Nishida","N Abekawa"
"1460","J Williams","L Henderson"
"1461","M Mon-Williams","L Henderson"
"1463","F Blankenburg","C Ruff"
"1464","O Bjoertomt","C Ruff"
"1465","O Bjoertomt","F Blankenburg"
"1466","S Bestmann","C Ruff"
"1467","S Bestmann","F Blankenburg"
"1468","S Bestmann","O Bjoertomt"
"1469","J Haynes","C Ruff"
"1470","J Haynes","F Blankenburg"
"1471","J Haynes","O Bjoertomt"
"1472","J Haynes","S Bestmann"
"1473","G Rees","C Ruff"
"1474","G Rees","F Blankenburg"
"1475","G Rees","O Bjoertomt"
"1476","G Rees","S Bestmann"
"1478","O Josephs","C Ruff"
"1479","O Josephs","F Blankenburg"
"1480","O Josephs","O Bjoertomt"
"1481","O Josephs","S Bestmann"
"1482","O Josephs","J Haynes"
"1483","O Josephs","G Rees"
"1484","R Deichmann","C Ruff"
"1485","R Deichmann","F Blankenburg"
"1486","R Deichmann","O Bjoertomt"
"1487","R Deichmann","S Bestmann"
"1488","R Deichmann","J Haynes"
"1489","R Deichmann","G Rees"
"1490","R Deichmann","O Josephs"
"1491","J Driver","C Ruff"
"1492","J Driver","F Blankenburg"
"1493","J Driver","O Bjoertomt"
"1494","J Driver","S Bestmann"
"1495","J Driver","J Haynes"
"1496","J Driver","G Rees"
"1497","J Driver","O Josephs"
"1498","J Driver","R Deichmann"
"1499","R Freda","I Fine"
"1500","S Greenwald","I Fine"
"1501","S Greenwald","R Freda"
"1502","A Horsager","I Fine"
"1503","A Horsager","R Freda"
"1504","A Horsager","S Greenwald"
"1505","M Pishoy","I Fine"
"1506","M Pishoy","R Freda"
"1507","M Pishoy","S Greenwald"
"1508","M Pishoy","A Horsager"
"1509","W Richard","I Fine"
"1510","W Richard","R Freda"
"1511","W Richard","S Greenwald"
"1512","W Richard","A Horsager"
"1513","W Richard","M Pishoy"
"1514","C Valerie","I Fine"
"1515","C Valerie","R Freda"
"1516","C Valerie","S Greenwald"
"1517","C Valerie","A Horsager"
"1518","C Valerie","M Pishoy"
"1519","C Valerie","W Richard"
"1520","W James","I Fine"
"1521","W James","R Freda"
"1522","W James","S Greenwald"
"1523","W James","A Horsager"
"1524","W James","M Pishoy"
"1525","W James","W Richard"
"1526","W James","C Valerie"
"1527","G Robert","I Fine"
"1528","G Robert","R Freda"
"1529","G Robert","S Greenwald"
"1530","G Robert","A Horsager"
"1531","G Robert","M Pishoy"
"1532","G Robert","W Richard"
"1533","G Robert","C Valerie"
"1534","G Robert","W James"
"1535","H Mark","I Fine"
"1536","H Mark","R Freda"
"1537","H Mark","S Greenwald"
"1538","H Mark","A Horsager"
"1539","H Mark","M Pishoy"
"1540","H Mark","W Richard"
"1541","H Mark","C Valerie"
"1542","H Mark","W James"
"1543","H Mark","G Robert"
"1544","R Reid","J Pezaris"
"1545","V Lamme","J Jolij"
"1546","E Sutter","E Sutter"
"1547","S Kastner","K Schneider"
"1548","R Frazor","V Mante"
"1549","V Bonin","V Mante"
"1550","V Bonin","R Frazor"
"1551","W Geisler","V Mante"
"1552","W Geisler","R Frazor"
"1553","W Geisler","V Bonin"
"1554","M Carandini","V Mante"
"1556","M Carandini","V Bonin"
"1557","M Carandini","W Geisler"
"1558","J Triesch","J Triesch"
"1559","C Rothkopf","D Ballard"
"1560","A Casile","M Rucci"
"1561","Y Li","L Sharan"
"1562","E Adelson","L Sharan"
"1563","E Adelson","Y Li"
"1564","P Rosas","F Wichmann"
"1565","K Gegenfurtner","F Wichmann"
"1566","K Gegenfurtner","P Rosas"
"1567","B Rossion","C Jacques"
"1568","O Cheung","I Gauthier"
"1569","F Newell","I Bülthoff"
"1570","F Jiang","A O'Toole"
"1571","V Blanz","A O'Toole"
"1572","V Blanz","F Jiang"
"1573","M Chattha","M Rutherford"
"1574","M Goodale","D Quinlan"
"1575","J Culham","D Quinlan"
"1577","M Hayhoe","N Mennie"
"1578","N Stupak","N Mennie"
"1579","N Stupak","M Hayhoe"
"1580","B Sullivan","N Mennie"
"1582","B Sullivan","N Stupak"
"1583","K Nakayama","J Song"
"1584","O Spencer","B Rogers"
"1588","Y Gu","G DeAngelis"
"1589","D Angelaki","G DeAngelis"
"1590","D Angelaki","Y Gu"
"1591","A Frischen","M Reynolds"
"1592","C Gerritsen","M Reynolds"
"1593","C Gerritsen","A Frischen"
"1594","D Smilek","M Reynolds"
"1595","D Smilek","A Frischen"
"1596","D Smilek","C Gerritsen"
"1597","J Eastwood","M Reynolds"
"1598","J Eastwood","A Frischen"
"1599","J Eastwood","C Gerritsen"
"1600","J Eastwood","D Smilek"
"1601","J Pinto","M Tuller"
"1602","F Moradi","S Shimojo"
"1603","C Koch","S Shimojo"
"1604","C Koch","F Moradi"
"1605","B Goolsby","H Rutherford"
"1606","J Raymond","H Rutherford"
"1607","J Raymond","B Goolsby"
"1608","R Klein","H Rutherford"
"1609","R Klein","B Goolsby"
"1610","R Klein","J Raymond"
"1611","J Raymond","N Westoby"
"1612","J Lam","M Silverman"
"1613","M Safier","M Silverman"
"1614","M Safier","J Lam"
"1615","L Delfiner","M Silverman"
"1616","L Delfiner","J Lam"
"1617","L Delfiner","M Safier"
"1618","E Stern","M Silverman"
"1619","E Stern","J Lam"
"1620","E Stern","M Safier"
"1621","E Stern","L Delfiner"
"1622","D Silbersweig","M Silverman"
"1623","D Silbersweig","J Lam"
"1624","D Silbersweig","M Safier"
"1625","D Silbersweig","L Delfiner"
"1626","D Silbersweig","E Stern"
"1627","S Shepherd","R Deaner"
"1628","M Platt","R Deaner"
"1629","M Platt","S Shepherd"
"1630","M Palomares","D Kim"
"1631","H Egeth","D Kim"
"1633","T Kumada","S Takahama"
"1634","J Saiki","S Takahama"
"1635","J Saiki","T Kumada"
"1636","S Tipper","P Bach"
"1637","P Atchley","J Dressel"
"1638","C Chubb","S Kies"
"1639","J Hillis","B Backus"
"1640","J Frumkin","B Backus"
"1641","J Frumkin","J Hillis"
"1642","J Saunders","B Backus"
"1643","J Saunders","J Hillis"
"1644","J Saunders","J Frumkin"
"1645","E Brenner","C Mierlo"
"1646","J Smeets","C Mierlo"
"1648","D Knill","B Hu"
"1649","C Brown","B Hu"
"1650","C Brown","D Knill"
"1651","M Banks","A Girshick"
"1652","F Domini","C Caudek"
"1654","B Jarrahi","G Bingham"
"1655","B Jarrahi","M Mon-Williams"
"1656","R Vinner","G Bingham"
"1657","R Vinner","M Mon-Williams"
"1658","R Vinner","B Jarrahi"
"1659","E Kimura","E Kimura"
"1660","P Schiller","Y Zhang"
"1661","V Weiner","Y Zhang"
"1662","V Weiner","P Schiller"
"1663","W Slocum","Y Zhang"
"1664","W Slocum","P Schiller"
"1665","W Slocum","V Weiner"
"1666","Y Jiang","R Sussman"
"1667","S Tipper","A Frischen"
"1668","A Sims","M Becker"
"1669","T Mäntylä","L Holm"
"1670","K Michod","M Kunar"
"1671","J Wolfe","M Kunar"
"1673","H Ogawa","M Terao"
"1674","A Yagi","M Terao"
"1675","A Yagi","H Ogawa"
"1676","G Zelinsky","M Neider"
"1677","W Shim","L King"
"1678","Y Jiang","L King"
"1679","Y Jiang","W Shim"
"1680","M Beck","M Peterson"
"1681","W Boot","M Peterson"
"1682","W Boot","M Beck"
"1683","M Vomela","M Peterson"
"1684","M Vomela","M Beck"
"1685","M Vomela","W Boot"
"1686","A Kramer","M Peterson"
"1687","A Kramer","M Beck"
"1688","A Kramer","W Boot"
"1689","A Kramer","M Vomela"
"1690","W Gray","H Neth"
"1691","C Myers","H Neth"
"1692","C Myers","W Gray"
"1694","M Kahana","Y Yotsumoto"
"1695","R Sekuler","Y Yotsumoto"
"1696","R Sekuler","M Kahana"
"1697","S Tipper","H Morgan"
"1701","D Levin","D Varakin"
"1702","H Chu","R Rauschenberger"
"1703","J Kawahara","F Ono"
"1704","S Luck","J Hyun"
"1705","A Hollingworth","J Johnson"
"1706","S Luck","J Johnson"
"1707","S Luck","A Hollingworth"
"1708","L Bailey","J Xing"
"1715","T Tucker","S MacEvoy"
"1716","D Fitzpatrick","S MacEvoy"
"1718","Q Ghadiali","D Hood"
"1719","J Zhang","D Hood"
"1720","J Zhang","Q Ghadiali"
"1721","C Lee","D Hood"
"1722","C Lee","Q Ghadiali"
"1723","C Lee","J Zhang"
"1724","X Zhang","D Hood"
"1725","X Zhang","Q Ghadiali"
"1726","X Zhang","J Zhang"
"1727","X Zhang","C Lee"
"1728","J Zheng","B Zhang"
"1729","I Watanabe","B Zhang"
"1730","I Watanabe","J Zheng"
"1731","H Bi","B Zhang"
"1732","H Bi","J Zheng"
"1733","H Bi","I Watanabe"
"1734","E Smith","B Zhang"
"1735","E Smith","J Zheng"
"1736","E Smith","I Watanabe"
"1737","E Smith","H Bi"
"1738","Y Chino","B Zhang"
"1739","Y Chino","J Zheng"
"1740","Y Chino","I Watanabe"
"1741","Y Chino","H Bi"
"1742","Y Chino","E Smith"
"1743","J Nassi","D Lyon"
"1744","E Callaway","D Lyon"
"1745","E Callaway","J Nassi"
"1746","R Vann","E Schmeisser"
"1747","A Williams","E Schmeisser"
"1748","A Williams","R Vann"
"1749","M Krämer","T Meigen"
"1750","T Bornhorst","N Fogt"
"1751","C Levitan","T Hernandez"
"1752","C Schor","T Hernandez"
"1753","C Schor","C Levitan"
"1754","M Banks","T Hernandez"
"1755","M Banks","C Levitan"
"1756","M Banks","C Schor"
"1758","A Oliva","N Kenner"
"1759","P MacNeilage","C Levitan"
"1761","M Banks","P MacNeilage"
"1763","C Schor","P MacNeilage"
"1765","S Stevenson","J Mulligan"
"1766","L Cormack","J Mulligan"
"1767","L Cormack","S Stevenson"
"1768","C Rothkopf","J Pelz"
"1769","S Broskey","J Pelz"
"1770","S Broskey","C Rothkopf"
"1771","J Frazier","A Raghunandan"
"1772","S Poonja","A Raghunandan"
"1773","S Poonja","J Frazier"
"1774","A Roorda","A Raghunandan"
"1775","A Roorda","J Frazier"
"1776","A Roorda","S Poonja"
"1777","S Stevenson","A Raghunandan"
"1778","S Stevenson","J Frazier"
"1779","S Stevenson","S Poonja"
"1780","S Stevenson","A Roorda"
"1781","A Hollingworth","D Sacks"
"1782","M Chitkara","P Satgunam"
"1783","N Fogt","P Satgunam"
"1784","N Fogt","M Chitkara"
"1785","J Edelman","D Shiu"
"1786","S Shimojo","C Simion"
"1787","S Tachi","J Watanabe"
"1788","J Henderson","A Pearson"
"1789","J Toscano","B Beutter"
"1790","L Stone","B Beutter"
"1791","L Stone","J Toscano"
"1792","J Reynolds","M Fallah"
"1793","S Yurgenson","E Fine"
"1795","C Moore","S Yurgenson"
"1796","M Frank","C Hall-Haro"
"1797","S Johnson","C Hall-Haro"
"1798","S Johnson","M Frank"
"1799","E White","R Adams"
"1800","J Drover","R Adams"
"1801","J Drover","E White"
"1802","A Earle","R Adams"
"1803","A Earle","E White"
"1804","A Earle","J Drover"
"1805","M Courage","R Adams"
"1806","M Courage","E White"
"1807","M Courage","J Drover"
"1808","M Courage","A Earle"
"1809","L Olzak","P Laurinen"
"1810","T Saarela","P Laurinen"
"1811","T Saarela","L Olzak"
"1812","T Gan","M Katkov"
"1813","M Tsodyks","M Katkov"
"1814","M Tsodyks","T Gan"
"1815","D Sagi","M Katkov"
"1816","D Sagi","T Gan"
"1817","D Sagi","M Tsodyks"
"1818","J Fiser","W Makous"
"1819","P Bex","W Makous"
"1820","P Bex","J Fiser"
"1821","C Tyler","L Kontsevich"
"1822","S Jeon","L Lesmes"
"1823","Z Lu","L Lesmes"
"1824","Z Lu","S Jeon"
"1825","B Dosher","L Lesmes"
"1826","B Dosher","S Jeon"
"1827","B Dosher","Z Lu"
"1828","B Spehar","J Cass"
"1829","D Alais","J Cass"
"1830","D Alais","B Spehar"
"1831","R Arrighi","J Cass"
"1832","R Arrighi","B Spehar"
"1833","R Arrighi","D Alais"
"1834","K Cardinal","G Heckman"
"1835","E Harley","G Heckman"
"1836","E Harley","K Cardinal"
"1837","S Bouvier","G Heckman"
"1838","S Bouvier","K Cardinal"
"1839","S Bouvier","E Harley"
"1840","V Carr","G Heckman"
"1841","V Carr","K Cardinal"
"1842","V Carr","E Harley"
"1843","V Carr","S Bouvier"
"1844","S Engel","G Heckman"
"1846","S Engel","E Harley"
"1847","S Engel","S Bouvier"
"1848","S Engel","V Carr"
"1850","L McLin","P Smith"
"1852","D Kee","L McLin"
"1854","B Novar","L McLin"
"1856","P Garcia","P Smith"
"1857","P Garcia","L McLin"
"1858","P Garcia","D Kee"
"1859","P Garcia","B Novar"
"1860","N Prins","F Kingdom"
"1861","R Allard","I Legault"
"1862","J Faubert","I Legault"
"1864","H Wilson","F Poirier"
"1866","H Orbach","G Kennedy"
"1867","G Loffler","G Kennedy"
"1868","G Loffler","H Orbach"
"1870","P Lovell","P Lovell"
"1871","J Fulvio","M Singh"
"1872","G Yourganov","S Rainville"
"1873","H Wilson","S Rainville"
"1874","H Wilson","G Yourganov"
"1875","E Gramzow","A Skoczenski"
"1876","S Adler","T Baker"
"1877","J Tse","T Baker"
"1878","J Tse","S Adler"
"1879","P Gerhardstein","T Baker"
"1880","P Gerhardstein","S Adler"
"1882","C Chubb","J Victor"
"1883","M Conte","J Victor"
"1884","M Conte","C Chubb"
"1885","R Gurnsey","F Sezikeye"
"1886","S Gabree","L Olzak"
"1888","P Laurinen","S Gabree"
"1889","J Elder","Y Morgenstern"
"1890","C Tyler","S Klein"
"1894","A Chauvin","F Gosselin"
"1895","K Worsley","F Gosselin"
"1896","K Worsley","A Chauvin"
"1898","P Schyns","A Chauvin"
"1899","P Schyns","K Worsley"
"1900","M Arguin","F Gosselin"
"1901","M Arguin","A Chauvin"
"1902","M Arguin","K Worsley"
"1903","M Arguin","P Schyns"
"1904","P Bennett","M Nagai"
"1905","A Sekuler","M Nagai"
"1906","A Sekuler","P Bennett"
"1907","P Bennett","C Taylor"
"1908","A Sekuler","C Taylor"
"1910","O Créach","R Allard"
"1912","J Faubert","O Créach"
"1913","B Beard","A Ahumada"
"1914","K Jones","A Ahumada"
"1915","K Jones","B Beard"
"1916","D Sagi","U Polat"
"1917","M Belkin","O Yehezkel"
"1918","D Sagi","O Yehezkel"
"1919","D Sagi","M Belkin"
"1920","U Polat","O Yehezkel"
"1921","U Polat","M Belkin"
"1923","G Rousselet","P Bennett"
"1925","A Sekuler","G Rousselet"
"1926","N Parks","P Corballis"
"1927","M Holder","P Corballis"
"1928","M Holder","N Parks"
"1929","A Shapiro","P Corballis"
"1930","A Shapiro","N Parks"
"1931","A Shapiro","M Holder"
"1932","A Smith","H Ashida"
"1933","D Birtles","J Atkinson"
"1935","J Wattam-Bell","D Birtles"
"1937","O Braddick","D Birtles"
"1939","N Witthoft","J Winawer"
"1940","A Huk","J Winawer"
"1941","A Huk","N Witthoft"
"1942","L Boroditsky","J Winawer"
"1943","L Boroditsky","N Witthoft"
"1944","L Boroditsky","A Huk"
"1945","M Sereno","A Saygin"
"1948","R Blake","J Lappin"
"1949","J Movshon","M Jazayeri"
"1950","N LaMendola","D Zaksas"
"1951","T Pasternak","D Zaksas"
"1952","T Pasternak","N LaMendola"
"1953","B Anderson","B Anderson"
"1954","G Han","C Chen"
"1955","H Ogmen","M Herzog"
"1956","R Nelson","S Palmer"
"1957","R Pierson","R Heydt"
"1958","B Mel","C Zhou"
"1959","M Herzog","T Otto"
"1960","A Nagy","S Amster"
"1961","M Rempel","A Muhlenen"
"1962","J Enns","A Muhlenen"
"1963","J Enns","M Rempel"
"1964","L Chukoskie","L Lovejoy"
"1965","R Krauzlis","L Lovejoy"
"1966","R Krauzlis","L Chukoskie"
"1967","T Bryant","B Gibson"
"1968","J Edelman","S Chu"
"1970","M Milders","A Sahraie"
"1971","J Murray","A Sahraie"
"1972","J Murray","M Milders"
"1973","M Niedeggen","A Sahraie"
"1974","M Niedeggen","M Milders"
"1975","M Niedeggen","J Murray"
"1976","S Franconeri","D Bemis"
"1977","G Alvarez","D Bemis"
"1979","F Fang","Y Jiang"
"1980","M Huang","Y Jiang"
"1981","M Huang","F Fang"
"1982","S He","Y Jiang"
"1984","S He","M Huang"
"1986","M Kibbe","Z Kaldy"
"1987","M Kibbe","E Blaser"
"1990","M Pomplun","M Kibbe"
"1991","C Ruff","A Kristjansson"
"1992","J Driver","A Kristjansson"
"1994","W Schoonveld","S Shimozaki"
"1996","M Eckstein","W Schoonveld"
"1997","S Vecera","M Matsukura"
"1998","H Ji","C Fermuller"
"1999","A Girshick","D Vishwanath"
"2000","M Banks","D Vishwanath"
"2002","E Wiesemann","J Norman"
"2003","B Farell","B Farell"
"2004","H Haynes","C Granrud"
"2005","A Juhl","C Granrud"
"2006","A Juhl","H Haynes"
"2007","C Miller","C Granrud"
"2008","C Miller","H Haynes"
"2009","C Miller","A Juhl"
"2010","C Sandbach","C Granrud"
"2011","C Sandbach","H Haynes"
"2012","C Sandbach","A Juhl"
"2013","C Sandbach","C Miller"
"2014","Z Pizlo","Y Li"
"2015","M Casella","F Phillips"
"2016","B Gaudino","F Phillips"
"2017","B Gaudino","M Casella"
"2018","G Hesse","A Schofield"
"2019","M Georgeson","A Schofield"
"2020","M Georgeson","G Hesse"
"2021","H Ridder","A Doorn"
"2022","J Koenderink","A Doorn"
"2023","J Koenderink","H Ridder"
"2024","H Bülthoff","R Fleming"
"2025","B Pierre","U Weiderbacher"
"2026","R Fleming","U Weiderbacher"
"2027","R Fleming","B Pierre"
"2028","H Neumann","U Weiderbacher"
"2029","H Neumann","B Pierre"
"2030","H Neumann","R Fleming"
"2031","L Anderson","V Interrante"
"2032","B Ries","V Interrante"
"2033","B Ries","L Anderson"
"2034","M Albert","S Shuwairi"
"2036","S Johnson","M Albert"
"2037","T Palmeri","A Wong"
"2038","I Gauthier","A Wong"
"2039","I Gauthier","T Palmeri"
"2040","J Tanaka","A Wong"
"2041","J Tanaka","T Palmeri"
"2042","J Tanaka","I Gauthier"
"2044","I Gauthier","K Curby"
"2045","B Rossion","C Schiltz"
"2046","D Bub","C Bukach"
"2047","I Gauthier","C Bukach"
"2048","I Gauthier","D Bub"
"2049","M Tarr","C Bukach"
"2050","M Tarr","D Bub"
"2051","M Tarr","I Gauthier"
"2052","G Rhodes","W Hayward"
"2053","C Winkler","W Hayward"
"2054","C Winkler","G Rhodes"
"2055","A Schwaninger","W Hayward"
"2056","A Schwaninger","G Rhodes"
"2057","A Schwaninger","C Winkler"
"2058","D Sheinberg","J Singer"
"2059","C Kim","J Kim"
"2060","S Moon","J Kim"
"2061","S Moon","C Kim"
"2062","H Jeon","J Kim"
"2063","H Jeon","C Kim"
"2064","H Jeon","S Moon"
"2065","W Pope","E Harley"
"2066","P Villablanca","E Harley"
"2067","P Villablanca","W Pope"
"2069","S Engel","W Pope"
"2070","S Engel","P Villablanca"
"2071","K Nakayama","A Harris"
"2078","B Rossion","C Michel"
"2079","B Rossion","R Caldara"
"2080","B Rossion","J Han"
"2081","B Rossion","C Chung"
"2082","B Rossion","V Goffaux"
"2083","C Ellis","C Kung"
"2084","M Tarr","C Kung"
"2085","M Tarr","C Ellis"
"2089","M Kim","T Carlson"
"2090","M Grol","T Carlson"
"2091","M Grol","M Kim"
"2092","D Kim","T Carlson"
"2093","D Kim","M Kim"
"2094","D Kim","M Grol"
"2095","F Verstraten","T Carlson"
"2096","F Verstraten","M Kim"
"2097","F Verstraten","M Grol"
"2098","F Verstraten","D Kim"
"2099","K Grill-Spector","H Suh"
"2100","J Todd","D Fougnie"
"2101","R Marois","D Fougnie"
"2102","R Marois","J Todd"
"2103","N Lavie","U Cartwright-Finch"
"2104","D Apfelbaum","H Apfelbaum"
"2105","R Woods","H Apfelbaum"
"2106","R Woods","D Apfelbaum"
"2107","E Peli","H Apfelbaum"
"2108","E Peli","D Apfelbaum"
"2109","E Peli","R Woods"
"2110","L Itti","R Carmi"
"2111","E Becic","W Boot"
"2113","A Kramer","E Becic"
"2114","T Kubose","W Boot"
"2115","T Kubose","E Becic"
"2116","T Kubose","A Kramer"
"2117","D Wiegmann","W Boot"
"2118","D Wiegmann","E Becic"
"2119","D Wiegmann","A Kramer"
"2120","D Wiegmann","T Kubose"
"2121","J Jewell","J Jewell"
"2122","L King","Y Shen"
"2123","Y Jiang","Y Shen"
"2125","D Levin","D Levin"
"2126","A Cleeremans","C Laloyaux"
"2127","M Beck","B Angelone"
"2128","D Levin","B Angelone"
"2129","D Levin","M Beck"
"2130","P Greef","X Montfort"
"2131","D Bouwhuis","X Montfort"
"2132","D Bouwhuis","P Greef"
"2133","A Mack","J Massin"
"2134","R Henderson","H Orbach"
"2135","G Dutton","H Orbach"
"2136","G Dutton","R Henderson"
"2137","D McCulloch","H Orbach"
"2138","D McCulloch","R Henderson"
"2140","F Gilchrist","H Orbach"
"2141","F Gilchrist","R Henderson"
"2142","F Gilchrist","G Dutton"
"2143","F Gilchrist","D McCulloch"
"2144","A Conway","H Orbach"
"2145","A Conway","R Henderson"
"2146","A Conway","G Dutton"
"2147","A Conway","D McCulloch"
"2148","A Conway","F Gilchrist"
"2150","A Kappers","J Koenderink"
"2151","A Kappers","A Doorn"
"2152","S Pont","J Koenderink"
"2153","S Pont","A Doorn"
"2154","S Pont","A Kappers"
"2155","J Todd","J Koenderink"
"2156","J Todd","A Doorn"
"2157","J Todd","A Kappers"
"2158","J Todd","S Pont"
"2159","E Colombo","L Issolio"
"2160","A Hyvärinen","I Kurki"
"2161","P Laurinen","I Kurki"
"2162","P Laurinen","A Hyvärinen"
"2163","I Zemach","M Rudd"
"2164","A Heredia","M Rudd"
"2165","A Heredia","I Zemach"
"2166","P Howe","M Livingstone"
"2167","H Li","H Son"
"2168","C Fantoni","A Soranzo"
"2169","D Gipsman","M Langer"
"2171","L Maloney","J Fulvio"
"2172","L Maloney","M Singh"
"2173","S Gori","S Gori"
"2174","M Landy","Y Ho"
"2175","L Maloney","Y Ho"
"2176","L Maloney","M Landy"
"2177","S Nishida","I Motoyoshi"
"2178","E Adelson","I Motoyoshi"
"2179","E Adelson","S Nishida"
"2180","C Wehrhahn","B Dillenburger"
"2182","A Barlasov","S Hochstein"
"2183","M Weinstein","S Hochstein"
"2184","M Weinstein","A Barlasov"
"2185","B Pinna","J Werner"
"2186","L Spillmann","J Werner"
"2187","L Spillmann","B Pinna"
"2188","V Chen","J Barraza"
"2189","S Grossberg","L Fang"
"2190","C Schor","B Liu"
"2191","J Haynes","R Sylvester"
"2192","G Rees","R Sylvester"
"2194","R Krauzlis","Z Hafed"
"2195","R Krauzlis","D Liston"
"2196","V Ferrera","C Cassanello"
"2197","R McPeek","R McPeek"
"2198","M Platt","M Bendiksby"
"2199","E Miller","A Pasupathy"
"2200","K Nakayama","J Wilmer"
"2201","K Gegenfurtner","B White"
"2202","D Kerzel","B White"
"2204","M Cain","S Moon"
"2205","F Polli","S Moon"
"2206","F Polli","M Cain"
"2207","J Barton","S Moon"
"2208","J Barton","M Cain"
"2209","J Barton","F Polli"
"2210","D Manoach","S Moon"
"2211","D Manoach","M Cain"
"2212","D Manoach","F Polli"
"2213","D Manoach","J Barton"
"2214","M Berg","I Kojo"
"2215","J Simola","I Kojo"
"2216","J Simola","M Berg"
"2217","J Häkkinen","I Kojo"
"2218","J Häkkinen","M Berg"
"2219","J Häkkinen","J Simola"
"2220","B Sheliga","Y Kodaka"
"2221","E FitzGibbon","Y Kodaka"
"2222","E FitzGibbon","B Sheliga"
"2223","F Miles","Y Kodaka"
"2224","F Miles","B Sheliga"
"2225","F Miles","E FitzGibbon"
"2233","S Bharadwaj","C Schor"
"2234","S Heinen","S Watamaniuk"
"2235","J Trommershauser","M Stritzke"
"2236","G Redner","F Santini"
"2237","R Iovin","F Santini"
"2238","R Iovin","G Redner"
"2239","M Rucci","F Santini"
"2240","M Rucci","G Redner"
"2241","M Rucci","R Iovin"
"2242","D Tolhurst","C Ripamonti"
"2243","G Lovell","C Ripamonti"
"2244","G Lovell","D Tolhurst"
"2245","T Troscianko","C Ripamonti"
"2246","T Troscianko","D Tolhurst"
"2247","T Troscianko","G Lovell"
"2248","M Paradiso","G Shalev"
"2255","R Stone","D Chang"
"2256","B Backus","D Chang"
"2257","B Backus","R Stone"
"2258","D Chandler","D Field"
"2259","W Geisler","R Raj"
"2260","R Frazor","R Raj"
"2262","A Bovik","R Raj"
"2263","A Bovik","W Geisler"
"2264","A Bovik","R Frazor"
"2265","F Wichmann","J Drewes"
"2266","K Gegenfurtner","J Drewes"
"2268","D Fiset","A Chauvin"
"2269","C Ethier","A Chauvin"
"2270","C Ethier","D Fiset"
"2271","K Tadros","A Chauvin"
"2272","K Tadros","D Fiset"
"2273","K Tadros","C Ethier"
"2275","M Arguin","D Fiset"
"2276","M Arguin","C Ethier"
"2277","M Arguin","K Tadros"
"2279","F Gosselin","D Fiset"
"2280","F Gosselin","C Ethier"
"2281","F Gosselin","K Tadros"
"2283","Y Liu","L Cormack"
"2284","A Bovik","L Cormack"
"2285","A Bovik","Y Liu"
"2286","S Han","M Conte"
"2288","J Victor","S Han"
"2289","F Verdú","M Rach"
"2290","N Grzywacz","M Rach"
"2291","N Grzywacz","F Verdú"
"2292","R Balboa","M Rach"
"2293","R Balboa","F Verdú"
"2294","R Balboa","N Grzywacz"
"2295","K Valois","T Takeuchi"
"2296","H Saito","T Takeuchi"
"2297","H Saito","K Valois"
"2299","M Chun","Y Xu"
"2300","E Geiger","R Oliver"
"2301","B Lewandowski","R Oliver"
"2302","B Lewandowski","E Geiger"
"2303","S Thompson-Schill","R Oliver"
"2304","S Thompson-Schill","E Geiger"
"2305","S Thompson-Schill","B Lewandowski"
"2306","D Chen","H Eng"
"2307","Y Jiang","H Eng"
"2308","Y Jiang","D Chen"
"2309","I Olson","K Sledge"
"2310","B Scholl","J Flombaum"
"2311","B Scholl","N Noles"
"2315","J Gosney","B Levinthal"
"2316","J Gosney","M Ambinder"
"2317","J Gosney","L Thomas"
"2321","B Hsieh","J Gosney"
"2322","G Lipes","B Levinthal"
"2323","G Lipes","M Ambinder"
"2324","G Lipes","L Thomas"
"2325","G Lipes","J Gosney"
"2326","G Lipes","B Hsieh"
"2330","R Wang","J Gosney"
"2332","R Wang","G Lipes"
"2336","J Crowell","J Gosney"
"2338","J Crowell","G Lipes"
"2343","D Simons","J Gosney"
"2345","D Simons","G Lipes"
"2351","D Irwin","J Gosney"
"2353","D Irwin","G Lipes"
"2360","A Kramer","J Gosney"
"2362","A Kramer","G Lipes"
"2370","A Lleras","J Gosney"
"2372","A Lleras","G Lipes"
"2378","A Hollingworth","P Lin"
"2379","S Luck","P Lin"
"2382","M Hayhoe","J Droll"
"2383","J M.","H Gauchou"
"2384","C Tallon-Baudry","H Gauchou"
"2385","C Tallon-Baudry","J M."
"2386","J O'Regan","H Gauchou"
"2387","J O'Regan","J M."
"2388","J O'Regan","C Tallon-Baudry"
"2389","J Delvenne","J Delvenne"
"2390","J Raymond","M Jackson"
"2391","M Watanabe","M Kawasaki"
"2392","M Palomares","J Liu"
"2393","C Leonard","J Liu"
"2394","C Leonard","M Palomares"
"2395","H Egeth","J Liu"
"2397","H Egeth","C Leonard"
"2399","L Maloney","T Hudson"
"2401","J Trommershaeuser","K Drewing"
"2402","B McCann","D Knill"
"2403","P Schrater","E Schlicht"
"2404","J Fernandez-Ruiz","J Crawford"
"2405","H Goltz","J Crawford"
"2406","H Goltz","J Fernandez-Ruiz"
"2407","J DeSouza","J Crawford"
"2408","J DeSouza","J Fernandez-Ruiz"
"2409","J DeSouza","H Goltz"
"2410","T Vilis","J Crawford"
"2411","T Vilis","J Fernandez-Ruiz"
"2412","T Vilis","H Goltz"
"2413","T Vilis","J DeSouza"
"2414","J Nelson","F Filimon"
"2415","M Sereno","F Filimon"
"2416","M Sereno","J Nelson"
"2417","R Breveglieri","P Fattori"
"2418","N Marzocchi","P Fattori"
"2419","N Marzocchi","R Breveglieri"
"2420","P Laura","P Fattori"
"2421","P Laura","R Breveglieri"
"2422","P Laura","N Marzocchi"
"2423","C Galletti","P Fattori"
"2424","C Galletti","R Breveglieri"
"2425","C Galletti","N Marzocchi"
"2426","C Galletti","P Laura"
"2427","T Zeffiro","X Jiang"
"2428","J VanMeter","X Jiang"
"2429","J VanMeter","T Zeffiro"
"2430","V Blanz","X Jiang"
"2431","V Blanz","T Zeffiro"
"2432","V Blanz","J VanMeter"
"2433","M Riesenhuber","X Jiang"
"2434","M Riesenhuber","T Zeffiro"
"2435","M Riesenhuber","J VanMeter"
"2436","M Riesenhuber","V Blanz"
"2438","M Behrmann","G Avidan"
"2439","D Ghahremani","G Golarai"
"2440","K Grill-Spector","G Golarai"
"2441","K Grill-Spector","D Ghahremani"
"2442","J Gabrieli","G Golarai"
"2443","J Gabrieli","D Ghahremani"
"2444","J Gabrieli","K Grill-Spector"
"2445","J Vanderkolk","T Busey"
"2446","C Bukach","R Grand"
"2447","M Kaiser","R Grand"
"2448","M Kaiser","C Bukach"
"2449","D Bub","R Grand"
"2451","D Bub","M Kaiser"
"2452","J Tanaka","R Grand"
"2453","J Tanaka","C Bukach"
"2454","J Tanaka","M Kaiser"
"2455","J Tanaka","D Bub"
"2456","U Mayr","E Awh"
"2457","A Kohnen","E Awh"
"2458","A Kohnen","U Mayr"
"2459","A Holcombe","P Cavanagh"
"2460","J Hopf","S Luck"
"2461","K Boelmans","S Luck"
"2462","K Boelmans","J Hopf"
"2463","M Schoenfeld","S Luck"
"2464","M Schoenfeld","J Hopf"
"2465","M Schoenfeld","K Boelmans"
"2466","N Boehler","S Luck"
"2467","N Boehler","J Hopf"
"2468","N Boehler","K Boelmans"
"2469","N Boehler","M Schoenfeld"
"2470","J Rieger","S Luck"
"2471","J Rieger","J Hopf"
"2472","J Rieger","K Boelmans"
"2473","J Rieger","M Schoenfeld"
"2474","J Rieger","N Boehler"
"2475","H Heinze","S Luck"
"2476","H Heinze","J Hopf"
"2477","H Heinze","K Boelmans"
"2478","H Heinze","M Schoenfeld"
"2479","H Heinze","N Boehler"
"2480","H Heinze","J Rieger"
"2481","G Alvarez","B Scholl"
"2483","L Feigenson","J Halberda"
"2484","A Seiffert","A Seiffert"
"2485","C Stockert","M Nawrot"
"2486","A Khan","L Ren"
"2487","J Crawford","L Ren"
"2488","J Crawford","A Khan"
"2489","A Jacomuzzi","N Bruno"
"2490","R Bello","N Bruno"
"2491","R Bello","A Jacomuzzi"
"2492","A Anna","N Bruno"
"2493","A Anna","A Jacomuzzi"
"2494","A Anna","R Bello"
"2495","S Quartz","U Beierholm"
"2496","L Shams","U Beierholm"
"2497","L Shams","S Quartz"
"2498","M Greenlee","O Baumann"
"2499","M Kubovy","M Schutz"
"2500","M Ernst","M Ernst"
"2501","T Macuda","R Allison"
"2502","S Jennings","R Allison"
"2503","S Jennings","T Macuda"
"2504","P Thomas","R Allison"
"2505","P Thomas","T Macuda"
"2506","P Thomas","S Jennings"
"2507","P Guterman","R Allison"
"2508","P Guterman","T Macuda"
"2509","P Guterman","S Jennings"
"2510","P Guterman","P Thomas"
"2511","G Craig","R Allison"
"2512","G Craig","T Macuda"
"2513","G Craig","S Jennings"
"2514","G Craig","P Thomas"
"2515","G Craig","P Guterman"
"2516","D Whitney","D Bressler"
"2517","R Cai","R Cai"
"2521","B Scholl","H Choi"
"2522","C Magnussen","G Loffler"
"2524","H Orbach","C Magnussen"
"2525","G Gordon","G Loffler"
"2526","G Gordon","C Magnussen"
"2527","G Gordon","H Orbach"
"2528","H Hock","D Nichols"
"2529","T Kawabe","Y Yamada"
"2530","K Miura","Y Yamada"
"2531","K Miura","T Kawabe"
"2532","H Neumann","P Bayerl"
"2533","O Speck","U Budnik"
"2534","C Kaller","U Budnik"
"2535","C Kaller","O Speck"
"2536","K Hamburger","U Budnik"
"2537","K Hamburger","O Speck"
"2538","K Hamburger","C Kaller"
"2539","B Pinna","U Budnik"
"2540","B Pinna","O Speck"
"2541","B Pinna","C Kaller"
"2542","B Pinna","K Hamburger"
"2543","J Hennig","U Budnik"
"2544","J Hennig","O Speck"
"2545","J Hennig","C Kaller"
"2546","J Hennig","K Hamburger"
"2547","J Hennig","B Pinna"
"2549","C Sahm","M Martello"
"2550","C Sahm","L Maloney"
"2551","L Spillmann","M Martello"
"2552","L Spillmann","L Maloney"
"2553","L Spillmann","C Sahm"
"2554","T Lewis","V Armstrong"
"2555","D Maurer","V Armstrong"
"2561","Y Lin","R Ni"
"2562","Y Lin","G Andersen"
"2563","D Whitney","H Goltz"
"2565","T Vilis","D Whitney"
"2566","E Formisano","L Kozak"
"2567","W Backes","L Kozak"
"2568","W Backes","E Formisano"
"2569","J Teixeira","L Kozak"
"2570","J Teixeira","E Formisano"
"2571","J Teixeira","W Backes"
"2572","J Xavier","L Kozak"
"2573","J Xavier","E Formisano"
"2574","J Xavier","W Backes"
"2575","J Xavier","J Teixeira"
"2576","R Goebel","L Kozak"
"2577","R Goebel","E Formisano"
"2578","R Goebel","W Backes"
"2579","R Goebel","J Teixeira"
"2580","R Goebel","J Xavier"
"2581","M Castelo-Branco","L Kozak"
"2582","M Castelo-Branco","E Formisano"
"2583","M Castelo-Branco","W Backes"
"2584","M Castelo-Branco","J Teixeira"
"2585","M Castelo-Branco","J Xavier"
"2586","M Castelo-Branco","R Goebel"
"2587","J Jang","H Lee"
"2588","S Lee","H Lee"
"2589","S Lee","J Jang"
"2590","Z Kourtzi","J McDonald"
"2591","G DeAngelis","C Anderson"
"2592","D Purves","Z Yang"
"2593","M Kouh","C Cadieu"
"2594","M Riesenhuber","C Cadieu"
"2595","M Riesenhuber","M Kouh"
"2596","T Poggio","C Cadieu"
"2597","T Poggio","M Kouh"
"2598","T Poggio","M Riesenhuber"
"2599","R Jacobs","M Michel"
"2600","M Baldo","M Baldo"
"2601","U Nuding","C Zetzsche"
"2602","K Schill","C Zetzsche"
"2603","K Schill","U Nuding"
"2604","J Samonds","Z Zhou"
"2605","M Bernard","Z Zhou"
"2606","M Bernard","J Samonds"
"2607","A Bonds","Z Zhou"
"2608","A Bonds","J Samonds"
"2609","A Bonds","M Bernard"
"2616","R Marrocco","J Alford"
"2617","M Platt","H Dean"
"2618","J Vidal","M Chaumon"
"2619","L Hugueville","M Chaumon"
"2620","L Hugueville","J Vidal"
"2621","C Tallon-Baudry","M Chaumon"
"2622","C Tallon-Baudry","J Vidal"
"2623","C Tallon-Baudry","L Hugueville"
"2624","C Lim","A Bolbecker"
"2625","J Li","A Bolbecker"
"2626","J Li","C Lim"
"2627","V Traverso","A Bolbecker"
"2628","V Traverso","C Lim"
"2629","V Traverso","J Li"
"2630","A Orchard","A Bolbecker"
"2631","A Orchard","C Lim"
"2632","A Orchard","J Li"
"2633","A Orchard","V Traverso"
"2634","C Christadoss","A Bolbecker"
"2635","C Christadoss","C Lim"
"2636","C Christadoss","J Li"
"2637","C Christadoss","V Traverso"
"2638","C Christadoss","A Orchard"
"2639","J Brahmbhatt","A Bolbecker"
"2640","J Brahmbhatt","C Lim"
"2641","J Brahmbhatt","J Li"
"2642","J Brahmbhatt","V Traverso"
"2643","J Brahmbhatt","A Orchard"
"2644","J Brahmbhatt","C Christadoss"
"2645","K Beck","A Bolbecker"
"2646","K Beck","C Lim"
"2647","K Beck","J Li"
"2648","K Beck","V Traverso"
"2649","K Beck","A Orchard"
"2650","K Beck","C Christadoss"
"2651","K Beck","J Brahmbhatt"
"2652","A Lewis","A Bolbecker"
"2653","A Lewis","C Lim"
"2654","A Lewis","J Li"
"2655","A Lewis","V Traverso"
"2656","A Lewis","A Orchard"
"2657","A Lewis","C Christadoss"
"2658","A Lewis","J Brahmbhatt"
"2659","A Lewis","K Beck"
"2660","J Fleet","A Bolbecker"
"2661","J Fleet","C Lim"
"2662","J Fleet","J Li"
"2663","J Fleet","V Traverso"
"2664","J Fleet","A Orchard"
"2665","J Fleet","C Christadoss"
"2666","J Fleet","J Brahmbhatt"
"2667","J Fleet","K Beck"
"2668","J Fleet","A Lewis"
"2669","K Carlson","A Bolbecker"
"2670","K Carlson","C Lim"
"2671","K Carlson","J Li"
"2672","K Carlson","V Traverso"
"2673","K Carlson","A Orchard"
"2674","K Carlson","C Christadoss"
"2675","K Carlson","J Brahmbhatt"
"2676","K Carlson","K Beck"
"2677","K Carlson","A Lewis"
"2678","K Carlson","J Fleet"
"2679","C Hoyt","A Bolbecker"
"2680","C Hoyt","C Lim"
"2681","C Hoyt","J Li"
"2682","C Hoyt","V Traverso"
"2683","C Hoyt","A Orchard"
"2684","C Hoyt","C Christadoss"
"2685","C Hoyt","J Brahmbhatt"
"2686","C Hoyt","K Beck"
"2687","C Hoyt","A Lewis"
"2688","C Hoyt","J Fleet"
"2689","C Hoyt","K Carlson"
"2690","M Collins","A Bolbecker"
"2691","M Collins","C Lim"
"2692","M Collins","J Li"
"2693","M Collins","V Traverso"
"2694","M Collins","A Orchard"
"2695","M Collins","C Christadoss"
"2696","M Collins","J Brahmbhatt"
"2697","M Collins","K Beck"
"2698","M Collins","A Lewis"
"2699","M Collins","J Fleet"
"2700","M Collins","K Carlson"
"2701","M Collins","C Hoyt"
"2702","A Swan","A Bolbecker"
"2703","A Swan","C Lim"
"2704","A Swan","J Li"
"2705","A Swan","V Traverso"
"2706","A Swan","A Orchard"
"2707","A Swan","C Christadoss"
"2708","A Swan","J Brahmbhatt"
"2709","A Swan","K Beck"
"2710","A Swan","A Lewis"
"2711","A Swan","J Fleet"
"2712","A Swan","K Carlson"
"2713","A Swan","C Hoyt"
"2714","A Swan","M Collins"
"2715","G Wasserman","A Bolbecker"
"2716","G Wasserman","C Lim"
"2717","G Wasserman","J Li"
"2718","G Wasserman","V Traverso"
"2719","G Wasserman","A Orchard"
"2720","G Wasserman","C Christadoss"
"2721","G Wasserman","J Brahmbhatt"
"2722","G Wasserman","K Beck"
"2723","G Wasserman","A Lewis"
"2724","G Wasserman","J Fleet"
"2725","G Wasserman","K Carlson"
"2726","G Wasserman","C Hoyt"
"2727","G Wasserman","M Collins"
"2728","G Wasserman","A Swan"
"2729","J Ferrera","X Zhang"
"2731","D Hood","J Ferrera"
"2732","J Hirsch","X Zhang"
"2733","J Hirsch","J Ferrera"
"2734","J Hirsch","D Hood"
"2736","D Burr","O Carter"
"2737","J Pettigrew","O Carter"
"2738","J Pettigrew","D Burr"
"2739","F Vollenweider","O Carter"
"2740","F Vollenweider","D Burr"
"2741","F Vollenweider","J Pettigrew"
"2742","P Cavanagh","L Battelli"
"2743","D Schomer","L Battelli"
"2744","D Schomer","P Cavanagh"
"2745","J Barton","L Battelli"
"2746","J Barton","P Cavanagh"
"2747","J Barton","D Schomer"
"2748","Y Jiang","T Vickery"
"2749","M Carrasco","S Ling"
"2750","M Rocha","L Canto-Pereira"
"2751","R Ranvaud","L Canto-Pereira"
"2752","R Ranvaud","M Rocha"
"2753","D Sagi","A Gorea"
"2754","J Saiki","T Koike"
"2755","M Behrmann","S Shomstein"
"2756","J Dannemiller","J Dannemiller"
"2757","A Iyer","R Peters"
"2758","C Koch","R Peters"
"2759","C Koch","A Iyer"
"2760","L Itti","R Peters"
"2761","L Itti","A Iyer"
"2762","L Itti","C Koch"
"2763","C Myers","C Myers"
"2764","D Kerzel","N Ziegler"
"2765","L Madelain","J Wallman"
"2766","R Krauzlis","J Wallman"
"2767","R Krauzlis","L Madelain"
"2769","J Martinez-Trujillo","A Khan"
"2770","J Martinez-Trujillo","J Crawford"
"2771","J Clark","L Jie"
"2772","W Geisler","J Najemnik"
"2773","S Hochstein","E Shneor"
"2774","C Dickinson","G Zelinsky"
"2775","X Chen","G Zelinsky"
"2776","X Chen","C Dickinson"
"2778","M Neider","C Dickinson"
"2779","M Neider","X Chen"
"2780","S Brennan","G Zelinsky"
"2781","S Brennan","C Dickinson"
"2782","S Brennan","X Chen"
"2783","S Brennan","M Neider"
"2784","P Mamassian","K McArthur"
"2785","B W","K Juergen"
"2786","B Michael","K Juergen"
"2787","B Michael","B W"
"2788","C Clifford","J Pearson"
"2789","R Ee","L Dam"
"2790","F Verstraten","R Kanai"
"2791","K White","K White"
"2792","R Ee","R Ee"
"2793","J Williams","K Huxlin"
"2794","B Sullivan","K Huxlin"
"2795","B Sullivan","J Williams"
"2796","M Hayhoe","K Huxlin"
"2797","M Hayhoe","J Williams"
"2799","P Sowden","L Notman"
"2800","B Dosher","P Jeter"
"2801","A Petrov","P Jeter"
"2802","A Petrov","B Dosher"
"2803","Z Lu","P Jeter"
"2805","Z Lu","A Petrov"
"2806","H Lu","B Thompson"
"2807","Z Liu","B Thompson"
"2809","D Pelli","J Suchow"
"2810","A Seitz","J Nanez"
"2811","S Holloway","J Nanez"
"2812","S Holloway","A Seitz"
"2813","T Watanabe","J Nanez"
"2815","T Watanabe","S Holloway"
"2816","A Seitz","N Yamagishi"
"2817","B Werner","N Yamagishi"
"2818","B Werner","A Seitz"
"2819","M Kawato","N Yamagishi"
"2820","M Kawato","A Seitz"
"2821","M Kawato","B Werner"
"2822","T Watanabe","N Yamagishi"
"2824","T Watanabe","B Werner"
"2825","T Watanabe","M Kawato"
"2826","L Spillmann","T Otte"
"2827","K Hamburger","T Otte"
"2829","F Brüning","T Otte"
"2830","F Brüning","L Spillmann"
"2831","F Brüning","K Hamburger"
"2832","A Mader","T Otte"
"2833","A Mader","L Spillmann"
"2834","A Mader","K Hamburger"
"2835","A Mader","F Brüning"
"2836","S Magnussen","T Otte"
"2837","S Magnussen","L Spillmann"
"2838","S Magnussen","K Hamburger"
"2839","S Magnussen","F Brüning"
"2840","S Magnussen","A Mader"
"2841","T Watanabe","Y Sasaki"
"2842","Y Yokota","M Yokota"
"2843","R Kanai","D Wu"
"2844","S Shimojo","D Wu"
"2845","S Shimojo","R Kanai"
"2846","P Delahunt","F Devinck"
"2847","J Hardy","F Devinck"
"2848","J Hardy","P Delahunt"
"2849","L Spillmann","F Devinck"
"2850","L Spillmann","P Delahunt"
"2851","L Spillmann","J Hardy"
"2852","J Werner","F Devinck"
"2853","J Werner","P Delahunt"
"2854","J Werner","J Hardy"
"2856","C Hindi-Attar","L Spillmann"
"2857","F Leinenkugel","L Spillmann"
"2858","F Leinenkugel","C Hindi-Attar"
"2860","K Hamburger","C Hindi-Attar"
"2861","K Hamburger","F Leinenkugel"
"2862","Y Petrov","P Verghese"
"2863","S McKee","P Verghese"
"2865","V Manahilov","P Mihaylov"
"2866","W Simpson","P Mihaylov"
"2868","N Strang","P Mihaylov"
"2869","N Strang","V Manahilov"
"2870","N Strang","W Simpson"
"2871","Y Tanaka","T Hayakawa"
"2872","S Miyauchi","T Hayakawa"
"2873","S Miyauchi","Y Tanaka"
"2874","M Misaki","T Hayakawa"
"2875","M Misaki","Y Tanaka"
"2876","M Misaki","S Miyauchi"
"2877","T Tashiro","T Hayakawa"
"2878","T Tashiro","Y Tanaka"
"2879","T Tashiro","S Miyauchi"
"2880","T Tashiro","M Misaki"
"2891","A Judelman","D Sagi"
"2893","Y Bonneh","A Judelman"
"2894","S Beardsley","F Calabro"
"2895","L Vaina","F Calabro"
"2896","L Vaina","S Beardsley"
"2897","S Artemenkov","S Artemenkov"
"2898","T Cohn","J Barton"
"2899","S Ohtsuka","K Hosokawa"
"2900","T Sato","K Hosokawa"
"2901","T Sato","S Ohtsuka"
"2902","L Zimmerman","A Yonas"
"2903","H Seo","A Yonas"
"2904","H Seo","L Zimmerman"
"2905","A Alexander","A Yonas"
"2906","A Alexander","L Zimmerman"
"2907","A Alexander","H Seo"
"2908","A Olinick","A Yonas"
"2909","A Olinick","L Zimmerman"
"2910","A Olinick","H Seo"
"2911","A Olinick","A Alexander"
"2912","S Polley","A Yonas"
"2913","S Polley","L Zimmerman"
"2914","S Polley","H Seo"
"2915","S Polley","A Alexander"
"2916","S Polley","A Olinick"
"2917","I Dolgov","M McBeath"
"2918","T Sugar","M McBeath"
"2919","T Sugar","I Dolgov"
"2920","R Allison","Y Sakano"
"2921","I Howard","Y Sakano"
"2922","I Howard","R Allison"
"2924","D Gromko","P Thibodeau"
"2925","F Durgin","P Thibodeau"
"2926","F Durgin","D Gromko"
"2927","J Barnes","L Santos"
"2928","N Mahajan","L Santos"
"2929","N Mahajan","J Barnes"
"2930","M Shankar","W Phillips"
"2931","L Santos","W Phillips"
"2932","L Santos","M Shankar"
"2935","Y Ostrovsky","B Balas"
"2936","S Grossberg","A Fazl"
"2937","E Mingolla","A Fazl"
"2940","I Biederman","K Hayworth"
"2943","K Grill-Spector","D Andresen"
"2944","H Boyaci","S Murray"
"2945","D Kersten","S Murray"
"2946","D Kersten","H Boyaci"
"2947","S Johnston","E Leek"
"2948","P Dux","I Harris"
"2949","J Augustyn","J Bakdash"
"2950","D Proffitt","J Bakdash"
"2952","G Kroliczak","L Brown"
"2953","B Halpert","L Brown"
"2954","B Halpert","G Kroliczak"
"2955","M Goodale","L Brown"
"2956","M Goodale","G Kroliczak"
"2957","M Goodale","B Halpert"
"2958","L Evans","N Dunphy"
"2959","S Klostermann","N Dunphy"
"2960","S Klostermann","L Evans"
"2961","F Durgin","N Dunphy"
"2962","F Durgin","L Evans"
"2963","F Durgin","S Klostermann"
"2964","M Ernst","H Helbig"
"2965","M Flanagan","J May"
"2966","G Foss","J May"
"2967","G Foss","M Flanagan"
"2968","P Simoneaux","J May"
"2969","P Simoneaux","M Flanagan"
"2970","P Simoneaux","G Foss"
"2971","T Dobie","J May"
"2972","T Dobie","M Flanagan"
"2973","T Dobie","G Foss"
"2974","T Dobie","P Simoneaux"
"2975","H Li","S Oh"
"2976","J Saiki","K Takahashi"
"2977","S Shimojo","A Violentyev"
"2978","L Shams","A Violentyev"
"2979","L Shams","S Shimojo"
"2980","J Norman","H Norman"
"2981","M Herrmann","H Norman"
"2982","M Herrmann","J Norman"
"2983","C Crabtree","H Norman"
"2985","C Crabtree","M Herrmann"
"2986","V Ramachandran","S Azoulai"
"2987","D Angelaki","E Klier"
"2988","B Hess","E Klier"
"2989","B Hess","D Angelaki"
"2990","M Fallah","C Bodelon"
"2991","J Reynolds","C Bodelon"
"2993","S Shevell","A D'Antona"
"2994","N Graham","S Wolfson"
"2995","M Herzog","F Scharnowski"
"2996","G Francis","G Francis"
"2997","G Francis","Y Cho"
"2998","G Luksys","F Hermens"
"2999","W Gerstner","F Hermens"
"3000","W Gerstner","G Luksys"
"3001","M Herzog","F Hermens"
"3002","M Herzog","G Luksys"
"3003","M Herzog","W Gerstner"
"3005","S Nishida","A Johnston"
"3006","S Nishida","D Arnold"
"3007","M Crognale","Y Mizokami"
"3008","A Lakhani","D Eagleman"
"3009","C Stetson","D Eagleman"
"3010","C Stetson","A Lakhani"
"3011","N Lavie","D Carmel"
"3012","G Rees","D Carmel"
"3013","G Rees","N Lavie"
"3014","X Cui","C Stetson"
"3015","P Montague","C Stetson"
"3016","P Montague","X Cui"
"3018","D Eagleman","X Cui"
"3019","D Eagleman","P Montague"
"3020","D Lindsey","A Brown"
"3021","J Miracle","A Brown"
"3022","J Miracle","D Lindsey"
"3023","P Satgunam","A Brown"
"3024","P Satgunam","D Lindsey"
"3025","P Satgunam","J Miracle"
"3026","C Hou","A Norcia"
"3027","R Wildes","L Wilcox"
"3028","D Lakra","L Wilcox"
"3029","D Lakra","R Wildes"
"3030","R Spengler","L Wilcox"
"3031","R Spengler","R Wildes"
"3032","R Spengler","D Lakra"
"3033","T Troscianko","P Lovell"
"3034","C Parraga","P Lovell"
"3035","C Parraga","T Troscianko"
"3036","J Burge","M Banks"
"3037","J Schlerf","M Banks"
"3038","J Schlerf","J Burge"
"3039","J Todd","S Georgieva"
"3040","R Peeters","S Georgieva"
"3041","R Peeters","J Todd"
"3042","G Orban","S Georgieva"
"3043","G Orban","J Todd"
"3044","G Orban","R Peeters"
"3045","P Baldi","L Itti"
"3046","Z Jin","R Rosenholtz"
"3048","N Kenner","J Wolfe"
"3050","T Horowitz","N Kenner"
"3051","J Saiki","J Saiki"
"3058","P Kanyuk","B Xiao"
"3059","D Brainard","B Xiao"
"3060","D Brainard","P Kanyuk"
"3061","F Kingdom","A Johnson"
"3062","A Olmos","A Johnson"
"3063","A Olmos","F Kingdom"
"3064","C Baker","A Johnson"
"3065","C Baker","F Kingdom"
"3066","C Baker","A Olmos"
"3067","K Gegenfurtner","T Hansen"
"3068","H Boyaci","K Doerschner"
"3069","L Maloney","K Doerschner"
"3070","L Maloney","H Boyaci"
"3074","Y Ling","A Hurlbert"
"3075","R Astur","S Most"
"3078","B Angelone","M Peterson"
"3079","R Rensink","R Rensink"
"3080","B Bridgeman","A Sampanes"
"3081","D Slichter","D Simons"
"3083","A Lleras","D Slichter"
"3084","S Martinez-Conde","D Simons"
"3085","S Martinez-Conde","D Slichter"
"3086","S Martinez-Conde","A Lleras"
"3087","G Nevarez","D Simons"
"3088","G Nevarez","D Slichter"
"3089","G Nevarez","A Lleras"
"3090","G Nevarez","S Martinez-Conde"
"3091","E Caddigan","D Simons"
"3092","E Caddigan","D Slichter"
"3093","E Caddigan","A Lleras"
"3094","E Caddigan","S Martinez-Conde"
"3095","E Caddigan","G Nevarez"
"3096","L Fox","M Potter"
"3097","H Farid","M Bravo"
"3098","J Forte","J Forte"
"3099","Z Tang","M Ishii"
"3100","H Tamura","M Ishii"
"3101","H Tamura","Z Tang"
"3102","T Meese","M Georgeson"
"3103","D Baker","M Georgeson"
"3104","D Baker","T Meese"
"3106","C Suttle","I Vedamurthy"
"3107","J Alexander","I Vedamurthy"
"3108","J Alexander","C Suttle"
"3109","L Asper","I Vedamurthy"
"3110","L Asper","C Suttle"
"3111","L Asper","J Alexander"
"3113","S Stevenson","R Kanagaraj"
"3120","V Salvano-Pardieu","F Florer"
"3121","J Lampkin","F Florer"
"3122","J Lampkin","V Salvano-Pardieu"
"3123","S Cheung","D Yu"
"3124","G Legge","D Yu"
"3126","S Chung","D Yu"
"3127","S Chung","S Cheung"
"3128","S Chung","G Legge"
"3129","A Zivotofsky","A Caspi"
"3130","M Su","D Pelli"
"3131","T Berger","D Pelli"
"3132","T Berger","M Su"
"3133","N Majaj","D Pelli"
"3134","N Majaj","M Su"
"3135","N Majaj","T Berger"
"3136","M Martelli","D Pelli"
"3137","M Martelli","M Su"
"3138","M Martelli","T Berger"
"3139","M Martelli","N Majaj"
"3140","S Guo","D Pelli"
"3141","S Guo","M Su"
"3142","S Guo","T Berger"
"3143","S Guo","N Majaj"
"3144","S Guo","M Martelli"
"3145","K Tillman","D Pelli"
"3146","K Tillman","M Su"
"3147","K Tillman","T Berger"
"3148","K Tillman","N Majaj"
"3149","K Tillman","M Martelli"
"3150","K Tillman","S Guo"
"3151","G Legge","M Kwon"
"3152","B Dubbels","M Kwon"
"3153","B Dubbels","G Legge"
"3154","A Sperling","Z Lu"
"3155","F Manis","Z Lu"
"3156","F Manis","A Sperling"
"3157","M Seidenberg","Z Lu"
"3158","M Seidenberg","A Sperling"
"3159","M Seidenberg","F Manis"
"3160","T Poggio","G Geiger"
"3161","M Ahissar","M Shovman"
"3162","C Alan","F Daniel"
"3163","D Nicolas","F Daniel"
"3164","D Nicolas","C Alan"
"3165","B Caroline","F Daniel"
"3166","B Caroline","C Alan"
"3167","B Caroline","D Nicolas"
"3168","A Martin","F Daniel"
"3169","A Martin","C Alan"
"3170","A Martin","D Nicolas"
"3171","A Martin","B Caroline"
"3172","G Frederic","F Daniel"
"3173","G Frederic","C Alan"
"3174","G Frederic","D Nicolas"
"3175","G Frederic","B Caroline"
"3176","G Frederic","A Martin"
"3177","A Ahumada","L Scharff"
"3188","K Yokosawa","K Yokosawa"
"3189","J Zhang","C Yu"
"3190","S Kuai","C Yu"
"3191","S Kuai","J Zhang"
"3192","L Liu","C Yu"
"3193","L Liu","J Zhang"
"3194","L Liu","S Kuai"
"3195","T Sejnowski","J Jacobson"
"3196","L Tammero","T Cohn"
"3197","P Bennett","Z Hussain"
"3198","A Sekuler","Z Hussain"
"3200","J Husk","G Rousselet"
"3202","P Bennett","J Husk"
"3204","A Sekuler","J Husk"
"3212","A Sekuler","C Gaspar"
"3213","P Bennett","C Gaspar"
"3215","M Edwards","E McKone"
"3216","R Robbins","E McKone"
"3217","R Robbins","M Edwards"
"3218","R Anderson","E McKone"
"3219","R Anderson","M Edwards"
"3220","R Anderson","R Robbins"
"3221","S Schweinberger","E Eger"
"3222","R Dolan","E Eger"
"3223","R Dolan","S Schweinberger"
"3224","R Henson","E Eger"
"3225","R Henson","S Schweinberger"
"3226","R Henson","R Dolan"
"3227","C Gentili","M Gobbini"
"3228","P Pietrini","M Gobbini"
"3229","P Pietrini","C Gentili"
"3230","E Ricciardi","M Gobbini"
"3231","E Ricciardi","C Gentili"
"3232","E Ricciardi","P Pietrini"
"3233","M Guazzelli","M Gobbini"
"3234","M Guazzelli","C Gentili"
"3235","M Guazzelli","P Pietrini"
"3236","M Guazzelli","E Ricciardi"
"3237","J Haxby","M Gobbini"
"3238","J Haxby","C Gentili"
"3239","J Haxby","P Pietrini"
"3240","J Haxby","E Ricciardi"
"3241","J Haxby","M Guazzelli"
"3242","P Downing","M Peelen"
"3243","G Rhodes","T Watson"
"3244","C Clifford","T Watson"
"3245","C Clifford","G Rhodes"
"3246","M Everingham","A Holub"
"3247","A Zisserman","A Holub"
"3248","A Zisserman","M Everingham"
"3249","P Perona","A Holub"
"3250","P Perona","M Everingham"
"3251","P Perona","A Zisserman"
"3252","D Alleysson","M Mermillod"
"3253","L Bert","M Mermillod"
"3254","L Bert","D Alleysson"
"3255","N Guyader","M Mermillod"
"3256","N Guyader","D Alleysson"
"3257","N Guyader","L Bert"
"3258","C Marendaz","M Mermillod"
"3259","C Marendaz","D Alleysson"
"3260","C Marendaz","L Bert"
"3261","C Marendaz","N Guyader"
"3262","B O'Byrne","C Collin"
"3263","L Wang","C Collin"
"3264","L Wang","B O'Byrne"
"3265","G Rhodes","D Leopold"
"3266","K Mueller","D Leopold"
"3267","K Mueller","G Rhodes"
"3268","L Jeffery","D Leopold"
"3269","L Jeffery","G Rhodes"
"3270","L Jeffery","K Mueller"
"3271","C Collin","M Therrien"
"3272","K Bedard","M Yasuda"
"3273","Y Mizokami","M Yasuda"
"3274","Y Mizokami","K Bedard"
"3275","D Kaping","M Yasuda"
"3276","D Kaping","K Bedard"
"3277","D Kaping","Y Mizokami"
"3278","M Webster","M Yasuda"
"3279","M Webster","K Bedard"
"3280","M Webster","Y Mizokami"
"3281","M Webster","D Kaping"
"3282","M Zimmer","G Kovács"
"3283","I Harza","G Kovács"
"3284","I Harza","M Zimmer"
"3285","É Bankó","G Kovács"
"3286","É Bankó","M Zimmer"
"3287","É Bankó","I Harza"
"3288","A Antal","G Kovács"
"3289","A Antal","M Zimmer"
"3290","A Antal","I Harza"
"3291","A Antal","É Bankó"
"3292","Z Vidnyánszky","G Kovács"
"3293","Z Vidnyánszky","M Zimmer"
"3294","Z Vidnyánszky","I Harza"
"3295","Z Vidnyánszky","É Bankó"
"3296","Z Vidnyánszky","A Antal"
"3297","S Grossberg","J Berzhanskaya"
"3298","E Mingolla","J Berzhanskaya"
"3300","H Hock","L Bukowski"
"3301","J Lorenceau","A Caclin"
"3305","C Lalanne","J Lorenceau"
"3306","L Vaina","E Sikoglu"
"3307","D Giaschi","A Zwicker"
"3308","G Savelsbergh","E Morya"
"3309","F Ferlazzo","E Morya"
"3310","F Ferlazzo","G Savelsbergh"
"3311","R Ranvaud","E Morya"
"3312","R Ranvaud","G Savelsbergh"
"3313","R Ranvaud","F Ferlazzo"
"3314","P Sajda","K Baek"
"3315","D Dong","D Dong"
"3316","S Nishida","K Amano"
"3317","Y Ohtani","K Amano"
"3318","Y Ohtani","S Nishida"
"3319","N Goda","K Amano"
"3320","N Goda","S Nishida"
"3321","N Goda","Y Ohtani"
"3322","Y Ejima","K Amano"
"3323","Y Ejima","S Nishida"
"3324","Y Ejima","Y Ohtani"
"3325","Y Ejima","N Goda"
"3326","T Takeda","K Amano"
"3327","T Takeda","S Nishida"
"3328","T Takeda","Y Ohtani"
"3329","T Takeda","N Goda"
"3330","T Takeda","Y Ejima"
"3331","J Rowland","S Heinen"
"3332","A Velisar","S Heinen"
"3333","A Velisar","J Rowland"
"3334","A Wade","S Heinen"
"3335","A Wade","J Rowland"
"3336","A Wade","A Velisar"
"3340","J Jastorff","P Sarkheil"
"3341","M Giese","P Sarkheil"
"3342","M Giese","J Jastorff"
"3343","Z Kourtzi","P Sarkheil"
"3344","Z Kourtzi","J Jastorff"
"3345","Z Kourtzi","M Giese"
"3346","V Edwards","D Giaschi"
"3347","S Young","D Giaschi"
"3348","S Young","V Edwards"
"3349","B Bjornson","D Giaschi"
"3350","B Bjornson","V Edwards"
"3351","B Bjornson","S Young"
"3354","Y Otsuka","N Shirai"
"3359","S Tsermentseli","J O'Brien"
"3360","S Tsermentseli","J Spencer"
"3370","M Neta","N Gronau"
"3371","M Bar","N Gronau"
"3372","M Bar","M Neta"
"3373","K Grill-Spector","S Heinrich"
"3375","W Hayward","G Zhou"
"3376","I Harris","G Zhou"
"3377","I Harris","W Hayward"
"3378","C Roumes","S Buffat"
"3379","J Lorenceau","S Buffat"
"3380","J Lorenceau","C Roumes"
"3384","J Todd","J Christensen"
"3385","M Chun","T Brady"
"3386","D Levi","S Chung"
"3387","R Li","S Chung"
"3388","R Li","D Levi"
"3389","F Gosselin","N Dupuis-Roy"
"3390","B Backus","H Qi"
"3391","R Stone","H Qi"
"3393","J Saunders","H Qi"
"3395","J Saunders","R Stone"
"3396","D Marshall","H Qi"
"3397","D Marshall","B Backus"
"3398","D Marshall","R Stone"
"3399","D Marshall","J Saunders"
"3403","S Koyama","A Seitz"
"3404","S Koyama","J Nanez"
"3405","S Koyama","S Holloway"
"3409","T Watanabe","S Koyama"
"3412","C Rasche","M Wenger"
"3413","G Carpenter","R Bhatt"
"3414","S Grossberg","R Bhatt"
"3415","S Grossberg","G Carpenter"
"3416","H Kaneko","T Sawada"
"3417","Z Lu","W Chu"
"3418","B Dosher","W Chu"
"3420","S Lee","W Chu"
"3421","S Lee","Z Lu"
"3422","S Lee","B Dosher"
"3423","M Ernst","J Burge"
"3425","M Banks","M Ernst"
"3426","P Abdarbashi","O Rosenthal"
"3427","L Shams","O Rosenthal"
"3428","L Shams","P Abdarbashi"
"3429","S Yeh","Y Chen"
"3430","A Treisman","K Evans"
"3431","Y Masakura","M Ichikawa"
"3432","W Fujisaki","A Koene"
"3433","D Arnold","A Koene"
"3434","D Arnold","W Fujisaki"
"3435","A Johnston","A Koene"
"3436","A Johnston","W Fujisaki"
"3438","S Nishida","A Koene"
"3439","S Nishida","W Fujisaki"
"3442","P Mamassian","P Mamassian"
"3443","P Mamassian","D McCormick"
"3444","A Mays","J Schirillo"
"3445","M Grabowecky","E Smith"
"3446","S Suzuki","E Smith"
"3448","S Chaudhury","K Turano"
"3449","W Li","J Bertz"
"3450","L Matin","J Bertz"
"3452","J Gold","B Conrey"
"3453","L Shams","S Watkins"
"3454","J Haynes","S Watkins"
"3455","J Haynes","L Shams"
"3456","G Rees","S Watkins"
"3457","G Rees","L Shams"
"3459","B Röder","A Beer"
"3460","F Bergeron","M Doucet"
"3461","F Lepore","M Doucet"
"3462","F Lepore","F Bergeron"
"3463","E Brannon","K Jordan"
"3464","N Logothetis","K Jordan"
"3465","N Logothetis","E Brannon"
"3466","A Ghazanfar","K Jordan"
"3467","A Ghazanfar","E Brannon"
"3468","A Ghazanfar","N Logothetis"
"3469","P Sajda","J Wielaard"
"3470","X Goh","A James"
"3471","L Henriksson","A James"
"3472","L Henriksson","X Goh"
"3473","S Vanni","A James"
"3474","S Vanni","X Goh"
"3475","S Vanni","L Henriksson"
"3482","E Schwartz","N Bomberger"
"3483","T Carney","J Ales"
"3484","S Klein","J Ales"
"3485","S Klein","T Carney"
"3486","J Ales","S Dandekar"
"3487","T Carney","S Dandekar"
"3489","S Klein","S Dandekar"
"3492","J Kerlin","H Awater"
"3493","F Tong","H Awater"
"3494","F Tong","J Kerlin"
"3495","J Polimeni","R Wagner"
"3496","E Schwartz","R Wagner"
"3497","E Schwartz","J Polimeni"
"3498","C Tyler","C Tyler"
"3499","A Wade","M Schira"
"3500","L Kontsevich","M Schira"
"3501","L Kontsevich","A Wade"
"3502","C Tyler","M Schira"
"3503","C Tyler","A Wade"
"3505","O Hinds","J Polimeni"
"3506","M Balasubramanian","J Polimeni"
"3507","M Balasubramanian","O Hinds"
"3508","A Kouwe","J Polimeni"
"3509","A Kouwe","O Hinds"
"3510","A Kouwe","M Balasubramanian"
"3511","L Wald","J Polimeni"
"3512","L Wald","O Hinds"
"3513","L Wald","M Balasubramanian"
"3514","L Wald","A Kouwe"
"3515","A Dale","J Polimeni"
"3516","A Dale","O Hinds"
"3517","A Dale","M Balasubramanian"
"3518","A Dale","A Kouwe"
"3519","A Dale","L Wald"
"3520","B Fischl","J Polimeni"
"3521","B Fischl","O Hinds"
"3522","B Fischl","M Balasubramanian"
"3523","B Fischl","A Kouwe"
"3524","B Fischl","L Wald"
"3525","B Fischl","A Dale"
"3527","E Schwartz","O Hinds"
"3528","E Schwartz","M Balasubramanian"
"3529","E Schwartz","A Kouwe"
"3530","E Schwartz","L Wald"
"3531","E Schwartz","A Dale"
"3532","E Schwartz","B Fischl"
"3533","S Lee","W Lee"
"3534","T Watanabe","A Harner"
"3535","M McCloskey","D Dilks"
"3536","O Collignon","L Renier"
"3537","C Poirier","L Renier"
"3538","C Poirier","O Collignon"
"3539","D Tranduy","L Renier"
"3540","D Tranduy","O Collignon"
"3541","D Tranduy","C Poirier"
"3542","A Vanlierde","L Renier"
"3543","A Vanlierde","O Collignon"
"3544","A Vanlierde","C Poirier"
"3545","A Vanlierde","D Tranduy"
"3546","A Bol","L Renier"
"3547","A Bol","O Collignon"
"3548","A Bol","C Poirier"
"3549","A Bol","D Tranduy"
"3550","A Bol","A Vanlierde"
"3551","C Veraart","L Renier"
"3552","C Veraart","O Collignon"
"3553","C Veraart","C Poirier"
"3554","C Veraart","D Tranduy"
"3555","C Veraart","A Vanlierde"
"3556","C Veraart","A Bol"
"3557","A Volder","L Renier"
"3558","A Volder","O Collignon"
"3559","A Volder","C Poirier"
"3560","A Volder","D Tranduy"
"3561","A Volder","A Vanlierde"
"3562","A Volder","A Bol"
"3563","A Volder","C Veraart"
"3567","C Baker","J Haushofer"
"3568","N Kanwisher","J Haushofer"
"3570","M Ducros","M Kim"
"3571","K Ugurbil","M Kim"
"3572","K Ugurbil","M Ducros"
"3574","D Kim","M Ducros"
"3575","D Kim","K Ugurbil"
"3576","G Caplovitz","M Samco"
"3577","P Hsieh","M Samco"
"3579","P Tse","M Samco"
"3582","N Gronau","E Aminoff"
"3585","D Kiper","D Kiper"
"3586","B Motter","B Motter"
"3587","M Peterson","L Trujillo"
"3588","J Allen","L Trujillo"
"3589","J Allen","M Peterson"
"3590","N Rubin","D Stanley"
"3591","S Liu","B Dosher"
"3593","Z Lu","S Liu"
"3594","A Chatterjee","I Olson"
"3595","K Page","I Olson"
"3596","K Page","A Chatterjee"
"3597","M Verfaellie","I Olson"
"3598","M Verfaellie","A Chatterjee"
"3599","M Verfaellie","K Page"
"3600","G Alvarez","W Shim"
"3602","Y Jiang","G Alvarez"
"3604","A Hollingworth","A Hollingworth"
"3605","B Drescher","M Eckstein"
"3607","S Shimozaki","B Drescher"
"3608","C Morrone","D Burr"
"3609","R John","D Burr"
"3610","R John","C Morrone"
"3611","A Chauvin","C Marendaz"
"3612","J Hérault","C Marendaz"
"3613","J Hérault","A Chauvin"
"3615","B Sullivan","C Rothkopf"
"3616","B Sullivan","D Ballard"
"3617","K Barbaro","C Rothkopf"
"3618","K Barbaro","D Ballard"
"3619","K Barbaro","B Sullivan"
"3620","P Verghese","L Renninger"
"3621","J Coughlan","L Renninger"
"3622","J Coughlan","P Verghese"
"3623","I Gilchrist","C Ludwig"
"3624","E McSorley","C Ludwig"
"3625","E McSorley","I Gilchrist"
"3626","R Baddeley","C Ludwig"
"3627","R Baddeley","I Gilchrist"
"3628","R Baddeley","E McSorley"
"3629","J Hirsch","J Grinband"
"3630","V Ferrera","J Grinband"
"3631","V Ferrera","J Hirsch"
"3632","J Enns","C Moore"
"3633","S Shimojo","M Watanabe"
"3634","Z Lu","L Appelbaum"
"3635","G Sperling","L Appelbaum"
"3636","G Sperling","Z Lu"
"3637","R Wezel","B Krekelberg"
"3639","T Albright","R Wezel"
"3640","E Simoncelli","A Stocker"
"3641","S Anstis","P Thompson"
"3643","S Jang","M Hadjigeorgieva"
"3644","F Pollick","M Hadjigeorgieva"
"3645","F Pollick","S Jang"
"3649","T Matsuka","A Chouchourelou"
"3650","M Kozhevnikov","A Chouchourelou"
"3651","M Kozhevnikov","T Matsuka"
"3652","C Hanson","A Chouchourelou"
"3653","C Hanson","T Matsuka"
"3654","C Hanson","M Kozhevnikov"
"3655","M Shiffrar","A Chouchourelou"
"3656","M Shiffrar","T Matsuka"
"3657","M Shiffrar","M Kozhevnikov"
"3658","M Shiffrar","C Hanson"
"3659","I Daum","D Jokisch"
"3660","B Koch","D Jokisch"
"3661","B Koch","I Daum"
"3662","M Schwarz","D Jokisch"
"3663","M Schwarz","I Daum"
"3664","M Schwarz","B Koch"
"3665","N Troje","D Jokisch"
"3666","N Troje","I Daum"
"3667","N Troje","B Koch"
"3668","N Troje","M Schwarz"
"3669","D Corina","H Knapp"
"3670","H Paterson","P McAleer"
"3671","B Mazzarino","P McAleer"
"3672","B Mazzarino","H Paterson"
"3673","F Pollick","P McAleer"
"3674","F Pollick","H Paterson"
"3675","F Pollick","B Mazzarino"
"3676","Y Ma","H Paterson"
"3678","F Pollick","Y Ma"
"3680","J Tsao","F Pollick"
"3681","J Tsao","Y Ma"
"3682","M Nixon","F Pollick"
"3683","M Nixon","Y Ma"
"3684","M Nixon","J Tsao"
"3685","M Kozhevnikov","N Sebanz"
"3686","M Shiffrar","N Sebanz"
"3688","K Johnson","K Johnson"
"3689","F Loula","S Prasad"
"3690","M Shiffrar","S Prasad"
"3691","M Shiffrar","F Loula"
"3692","M Giese","C Roether"
"3696","K Sung","K Sung"
"3697","T Kumada","H Ogawa"
"3698","M Chun","A Leber"
"3700","M Kunar","S Flusberg"
"3701","J Wolfe","S Flusberg"
"3703","K Main","E Davis"
"3704","K Hailston","E Davis"
"3705","K Hailston","K Main"
"3706","J McCarley","J Gosney"
"3707","K May","N Guyader"
"3708","L Zhaoping","N Guyader"
"3709","L Zhaoping","K May"
"3710","J Enns","A Lleras"
"3711","J Cha","J Nam"
"3715","G Francis","J Shive"
"3716","I Hooge","B Vlaskamp"
"3717","R Lier","A Koning"
"3718","T Schatzki","N Toyofuku"
"3721","J Junge","G Newman"
"3723","S Scholte","J Fahrenfort"
"3724","V Lamme","J Fahrenfort"
"3725","V Lamme","S Scholte"
"3726","P Cavanagh","S Butcher"
"3727","G Caplovitz","C Gomez"
"3728","P Hsieh","C Gomez"
"3730","P Tse","C Gomez"
"3734","L Gilroy","S Guttman"
"3735","R Blake","S Guttman"
"3737","I Sligte","H Scholte"
"3739","V Lamme","I Sligte"
"3741","S Palmer","T Ghose"
"3742","S Vecera","G Lipes"
"3743","A Akin","G Lai"
"3744","F Chan","G Lai"
"3745","F Chan","A Akin"
"3746","A Patel","G Lai"
"3747","A Patel","A Akin"
"3748","A Patel","F Chan"
"3749","J Hirsch","G Lai"
"3750","J Hirsch","A Akin"
"3751","J Hirsch","F Chan"
"3752","J Hirsch","A Patel"
"3753","J Feldman","E Barenholtz"
"3754","M Zimmer","I Kovács"
"3755","G Kovács","I Kovács"
"3760","M Dasara","M Penna"
"3761","M Dasara","A Montesanto"
"3763","V Lamme","H Supèr"
"3765","J Langlois","P Bronstad"
"3766","D Maurer","M Nishimura"
"3767","C Mondloch","M Nishimura"
"3768","C Mondloch","D Maurer"
"3769","B Tjan","X Yue"
"3771","I Biederman","B Tjan"
"3772","M Ramscar","N Davidenko"
"3774","R Russell","R Russell"
"3775","K Zilberberg","S Adler"
"3776","K Chockalingam","S Adler"
"3777","K Chockalingam","K Zilberberg"
"3778","M Boucart","J Dinon"
"3779","N Matsuzaki","Y Isogaya"
"3780","T Sato","Y Isogaya"
"3781","T Sato","N Matsuzaki"
"3782","I Thornton","K Pilz"
"3783","H Bülthoff","K Pilz"
"3784","H Bülthoff","I Thornton"
"3785","A Chauvin","É McCabe"
"3786","D Fiset","É McCabe"
"3788","M Arguin","É McCabe"
"3791","F Gosselin","É McCabe"
"3795","C Fantoni","M Luca"
"3796","B Farell","J Fernandez"
"3797","M Nawrot","M Frankl"
"3798","M Luca","F Domini"
"3800","C Caudek","M Luca"
"3801","S Grossberg","L Kuhlmann"
"3802","E Mingolla","L Kuhlmann"
"3804","J Todd","L Thaler"
"3805","D Lindsey","L Thaler"
"3806","D Lindsey","J Todd"
"3809","W Li","A Shavit"
"3810","L Matin","A Shavit"
"3812","P Cavanagh","R Chakravarthi"
"3813","J Driver","J Geng"
"3814","E Hirshman","P Merritt"
"3815","W Wharton","P Merritt"
"3816","W Wharton","E Hirshman"
"3817","J Devlin","P Merritt"
"3818","J Devlin","E Hirshman"
"3819","J Devlin","W Wharton"
"3820","B Stangl","P Merritt"
"3821","B Stangl","E Hirshman"
"3822","B Stangl","W Wharton"
"3823","B Stangl","J Devlin"
"3824","S Bennett","P Merritt"
"3825","S Bennett","E Hirshman"
"3826","S Bennett","W Wharton"
"3827","S Bennett","J Devlin"
"3828","S Bennett","B Stangl"
"3829","L Hawkins","P Merritt"
"3830","L Hawkins","E Hirshman"
"3831","L Hawkins","W Wharton"
"3832","L Hawkins","J Devlin"
"3833","L Hawkins","B Stangl"
"3834","L Hawkins","S Bennett"
