"","id","label"
"1",1,"M McBeath"
"2",2,"S Brimhall"
"3",3,"T Miller"
"4",4,"S Holloway"
"5",5,"J Hanssens"
"6",6,"P Turpin-Lavallée"
"7",7,"R Soowamber"
"8",8,"J Faubert"
"9",9,"S Radhakrishn"
"10",10,"V Hatzitaki"
"11",11,"T Bochsler"
"12",12,"C Kallie"
"13",13,"G Legge"
"14",14,"R Gage"
"15",15,"A Fath"
"16",16,"B Fajen"
"17",17,"M Cinelli"
"18",18,"R vanOostveen"
"19",19,"Q Almeida"
"20",20,"A Hackney"
"21",21,"Y Tsushima"
"22",22,"K Nakayama"
"23",23,"S Killingsworth"
"24",24,"D Levin"
"25",25,"S Nishina"
"26",26,"D Kim"
"27",27,"T Watanabe"
"28",28,"A Reichow"
"29",29,"K Citek"
"30",30,"M Blume"
"31",31,"C Corbett"
"32",32,"G Erickson"
"33",33,"H Yoo"
"34",34,"M Sugovic"
"35",35,"J Witt"
"36",36,"E Broyles"
"37",37,"E Tapia"
"38",38,"A Leventhal"
"39",39,"B Breitmeyer"
"40",40,"G Bingham"
"41",41,"W Snapp-Childs"
"42",42,"A Wilson"
"43",43,"M Ichikawa"
"44",44,"Y Masakura"
"45",45,"V Interrante"
"46",46,"L Phillips"
"47",47,"B Ries"
"48",48,"M Kaeding"
"49",49,"E Chrastil"
"50",50,"W Warren"
"51",51,"K Barton"
"52",52,"D Smilek"
"53",53,"C Ellard"
"54",54,"J Cohen"
"55",55,"D Thomson"
"56",56,"J Perrone"
"57",57,"L Li"
"58",58,"J Cheng"
"59",59,"H Mhatre"
"60",60,"A Gorchetchnikov"
"61",61,"S Grossberg"
"62",62,"K Ohtsu"
"63",63,"Y Oouchi"
"64",64,"K Rio"
"65",65,"C Rhea"
"66",66,"T Herlihey"
"67",67,"S Rushton"
"68",68,"C Charron"
"69",69,"C Firestone"
"70",70,"L Thaler"
"71",71,"S Arnott"
"72",72,"M Goodale"
"73",73,"M Rusch"
"74",74,"E Dastrup"
"75",75,"I Flynn"
"76",76,"J Lee"
"77",77,"S Vecera"
"78",78,"M Rizzo"
"79",79,"S Truong"
"80",80,"R Zopf"
"81",81,"M Finkbeiner"
"82",82,"J Friedman"
"83",83,"M Williams"
"84",84,"G Diaz"
"85",85,"L Iordanescu"
"86",86,"M Grabowecky"
"87",87,"S Suzuki"
"88",88,"C Chang"
"89",89,"C Siagian"
"90",90,"L Itti"
"91",91,"J Ericson"
"92",92,"D Uniat"
"93",93,"F Colino"
"94",94,"J Grosbois"
"95",95,"D Cheng"
"96",96,"G Binsted"
"97",97,"G Buckingham"
"98",98,"M Heath"
"99",99,"T Bingley"
"100",100,"J Weiler"
"101",101,"A Mulla"
"102",102,"J Dessing"
"103",103,"J Crawford"
"104",104,"W Medendorp"
"105",105,"J DeGrosbois"
"106",106,"J Smirl"
"107",107,"L Cruikshank"
"108",108,"J Caplan"
"109",109,"A Singhal"
"110",110,"A Ma-Wyatt"
"111",111,"E Stewart"
"112",112,"A Kane"
"113",113,"O Krigolson"
"114",114,"K Ta"
"115",115,"G Liu"
"116",116,"A Brennan"
"117",117,"J Enns"
"118",118,"L Matin"
"119",119,"W Li"
"120",120,"K Neely"
"121",121,"O Kwon"
"122",122,"D Knill"
"123",123,"J Rieser"
"124",124,"A Erdemir"
"125",125,"G Narasimham"
"126",126,"J Lappin"
"127",127,"H Pick"
"128",128,"J Anderson"
"129",129,"M Levine"
"130",130,"M Pashkam"
"131",131,"P Cavanagh"
"132",132,"M Ernst"
"133",133,"L Dam"
"134",134,"L Kiorpes"
"135",135,"G Trapp"
"136",136,"A Pham"
"137",137,"J Lingeman"
"138",138,"K Soska"
"139",139,"K Adolph"
"140",140,"C Hofsten"
"141",141,"K Rosander"
"142",142,"S Rossit"
"143",143,"R McIntosh"
"144",144,"P Malhotra"
"145",145,"S Butler"
"146",146,"M Harvey"
"147",147,"I Harris"
"148",148,"A Murray"
"149",149,"W Hayward"
"150",150,"C O'Callaghan"
"151",151,"S Andrews"
"152",152,"E Brenner"
"153",153,"J Smeets"
"154",154,"J Song"
"155",155,"R Rafal"
"156",156,"R McPeek"
"157",157,"U Kleinholdermann"
"158",158,"V Franz"
"159",159,"L Maloney"
"160",160,"V Christopoulos"
"161",161,"P Schrater"
"162",162,"R Whitwell"
"163",163,"P Chouinard"
"164",164,"J Medina"
"165",165,"S Jax"
"166",166,"S Prasad"
"167",167,"H Coslett"
"168",168,"B Meek"
"169",169,"L Desanghere"
"170",170,"J Marotta"
"171",171,"A Le"
"172",172,"M Niemeier"
"173",173,"O Eloka"
"174",174,"H Gomi"
"175",175,"N Abekawa"
"176",176,"E Torres"
"177",177,"C Buneo"
"178",178,"R Andersen"
"179",179,"J Jastorff"
"180",180,"S Clavagnier"
"181",181,"G Gergely"
"182",182,"G Orban"
"183",183,"M Vesia"
"184",184,"S Prime"
"185",185,"X Yan"
"186",186,"L Sergio"
"187",187,"Y Chen"
"188",188,"P Byrne"
"189",189,"M Giese"
"190",190,"V Caggiagno"
"191",191,"F Fleischer"
"192",192,"C Striemer"
"193",193,"R Coats"
"194",194,"J Wann"
"195",195,"E Mettler"
"196",196,"P Kellman"
"197",197,"H Choi"
"198",198,"J Kantner"
"199",199,"J Tanaka"
"200",200,"A Rokem"
"201",201,"M Silver"
"202",202,"A Sterkin"
"203",203,"O Yehezkel"
"204",204,"U Polat"
"205",205,"Y Ding"
"206",206,"Z Qu"
"207",207,"Y Wang"
"208",208,"X Chen"
"209",209,"N Powell"
"210",210,"J Meuwese"
"211",211,"H Scholte"
"212",212,"V Lamme"
"213",213,"B Backus"
"214",214,"S Fuller"
"215",215,"J Austerweil"
"216",216,"T Griffiths"
"217",217,"M Greenlee"
"218",218,"K Rosengarth"
"219",219,"T Plank"
"220",220,"P Hibbeler"
"221",221,"D Ellemberg"
"222",222,"A Johnson"
"223",223,"L Olzak"
"224",224,"S Ringbauer"
"225",225,"F Raudies"
"226",226,"H Neumann"
"227",227,"C Liu"
"228",228,"T Huang"
"229",229,"J Hegdé"
"230",230,"J Liu"
"231",231,"Z Lu"
"232",232,"B Dosher"
"233",233,"M Wenger"
"234",234,"R Heide"
"235",235,"J Bittner"
"236",236,"D Fitousi"
"237",237,"G Zhang"
"238",238,"L Cong"
"239",239,"Y Song"
"240",240,"C Yu"
"241",241,"Z Kourtzi"
"242",242,"S Li"
"243",243,"S Mayhew"
"244",244,"S Harrison"
"245",245,"C Green"
"246",246,"D Kersten"
"247",247,"S Mednick"
"248",248,"J Zhang"
"249",249,"J Ding"
"250",250,"D Levi"
"251",251,"J Dobres"
"252",252,"S Engel"
"253",253,"P Zhang"
"254",254,"M Bao"
"255",255,"S Simpson"
"256",256,"M Abegg"
"257",257,"J Barton"
"258",258,"M Grueschow"
"259",259,"H Heinze"
"260",260,"O Speck"
"261",261,"J Haynes"
"262",262,"J Xu"
"263",263,"Z He"
"264",264,"T Ooi"
"265",265,"E Scilipoti"
"266",266,"L Welch"
"267",267,"S Pollmann"
"268",268,"A Manginelli"
"269",269,"H Nguyen"
"270",270,"G Whittaker"
"271",271,"S Stevenson"
"272",272,"B Sheth"
"273",273,"J Jehee"
"274",274,"S Ling"
"275",275,"J Swisher"
"276",276,"F Tong"
"277",277,"M Schneps"
"278",278,"J Brockmole"
"279",279,"A Heffner-Wong"
"280",280,"M Pomplun"
"281",281,"A Hwang"
"282",282,"G Sonnert"
"283",283,"I Fründ"
"284",284,"N Haenel"
"285",285,"F Wichmann"
"286",286,"A Priot"
"287",287,"R Laboissière"
"288",288,"C Prablanc"
"289",289,"O Sillan"
"290",290,"C Roumes"
"291",291,"Y Wong"
"292",292,"J Folstein"
"293",293,"I Gauthier"
"294",294,"J Bower"
"295",295,"G Andersen"
"296",296,"Y Tsai"
"297",297,"A Petrov"
"298",298,"J Fulvio"
"299",299,"A Yashar"
"300",300,"D Lamy"
"301",301,"L Chang"
"302",302,"Y Yotsumoto"
"303",303,"J Nanez"
"304",304,"Y Sasaki"
"305",305,"N Matthews"
"306",306,"J Kelly"
"307",307,"N Chen"
"308",308,"T Bi"
"309",309,"Q Weng"
"310",310,"D He"
"311",311,"F Fang"
"312",312,"K MacKenzie"
"313",313,"J Fiser"
"314",314,"Z Hussain"
"315",315,"A Sekuler"
"316",316,"P Bennett"
"317",317,"D DeLoss"
"318",318,"B Jurs"
"319",319,"R Wang"
"320",320,"S Klein"
"321",321,"T Zhang"
"322",322,"X Liu"
"323",323,"K Aberg"
"324",324,"M Herzog"
"325",325,"A Baeck"
"326",326,"H Beeck"
"327",327,"M Benassi"
"328",328,"S Giovagnoli"
"329",329,"R Bolzani"
"330",330,"R Nelson"
"331",331,"S Conklin"
"332",332,"L Parker"
"333",333,"J Reiss"
"334",334,"K Feltner"
"335",335,"K Nayar"
"336",336,"J Schumacher"
"337",337,"C Quinn"
"338",338,"C Olman"
"339",339,"J Boxtel"
"340",340,"C Koch"
"341",341,"C Curio"
"342",342,"D Engel"
"343",343,"B Anderson"
"344",344,"M Whitbread"
"345",345,"V Gintautas"
"346",346,"B Kunsberg"
"347",347,"M Ham"
"348",348,"S Barr"
"349",349,"S Zucker"
"350",350,"S Brumby"
"351",351,"L Bettencourt"
"352",352,"G Kenyon"
"353",353,"J Bell"
"354",354,"S Sampasivam"
"355",355,"D McGovern"
"356",356,"F Kingdom"
"357",357,"S Kuai"
"358",358,"G Ben-Yosef"
"359",359,"O Ben-Shahar"
"360",360,"M Patel"
"361",361,"B Hadad"
"362",362,"D Maurer"
"363",363,"T Lewis"
"364",364,"P Garrigan"
"365",365,"L Fortunato"
"366",366,"A LaSala"
"367",367,"E Gheorghiu"
"368",368,"R Gurnsey"
"369",369,"J Jacob"
"370",370,"T Sawada"
"371",371,"M Peterson"
"372",372,"J Elder"
"373",373,"T Oleskiw"
"374",374,"E Graf"
"375",375,"W Adams"
"376",376,"E Hein"
"377",377,"C Moore"
"378",378,"K Schloss"
"379",379,"F Fortenbaugh"
"380",380,"E Strauss"
"381",381,"S Palmer"
"382",382,"I Kurki"
"383",383,"A Hyvärinen"
"384",384,"J Saarinen"
"385",385,"V Froyen"
"386",386,"J Feldman"
"387",387,"M Singh"
"388",388,"B Levinthal"
"389",389,"S Franconeri"
"390",390,"P O'Herron"
"391",391,"R Heydt"
"392",392,"Y Su"
"393",393,"P Huang"
"394",394,"C Chen"
"395",395,"C Tyler"
"396",396,"S Butcher"
"397",397,"M Behrmann"
"398",398,"B Keane"
"399",399,"N Humbeeck"
"400",400,"J Wagemans"
"401",401,"R Watt"
"402",402,"Y Sun"
"403",403,"S Shevell"
"404",404,"T Vickery"
"405",405,"M Chun"
"406",406,"J Skilters"
"407",407,"M Tanca"
"408",408,"B Pinna"
"409",409,"D Schwarzkopf"
"410",410,"G Rees"
"411",411,"D Kelly"
"412",412,"L Vizioli"
"413",413,"A Dzieciol"
"414",414,"R Caldara"
"415",415,"J Catrambone"
"416",416,"S Sebastian"
"417",417,"P Kvam"
"418",418,"R Steinman"
"419",419,"Z Pizlo"
"420",420,"K Kveraga"
"421",421,"A Ghuman"
"422",422,"K Kassam"
"423",423,"E Aminoff"
"424",424,"M Hamalainen"
"425",425,"M Chaumon"
"426",426,"M Bar"
"427",427,"W Gerbino"
"428",428,"C Micelli"
"429",429,"A Yoonessi"
"430",430,"C Baker"
"431",431,"L Cacciamani"
"432",432,"E Salvagio"
"433",433,"B Ons"
"434",434,"S Havanur"
"435",435,"G Humphreys"
"436",436,"H Allen"
"437",437,"A Stupina"
"438",438,"J Pomerantz"
"439",439,"B Spehar"
"440",440,"L Vu"
"441",441,"T Makovski"
"442",442,"K Swallow"
"443",443,"Y Jiang"
"444",444,"A Giersch"
"445",445,"M Assche"
"446",446,"A Mojica"
"447",447,"B Roller"
"448",448,"H Zhang"
"449",449,"A Cate"
"450",450,"X Kang"
"451",451,"T Herron"
"452",452,"E Yund"
"453",453,"D Woods"
"454",454,"M Palomares"
"455",455,"A Norcia"
"456",456,"H Choo"
"457",457,"J Davidoff"
"458",458,"J Goldstein"
"459",459,"I Tharp"
"460",460,"E Wakui"
"461",461,"J Fagot"
"462",462,"H Li"
"463",463,"H Unuma"
"464",464,"H Hasegawa"
"465",465,"T Menneer"
"466",466,"L Blaha"
"467",467,"H Supèr"
"468",468,"A Romeo"
"469",469,"M Juni"
"470",470,"T Gureckis"
"471",471,"F Schmidt"
"472",472,"T Schmidt"
"473",473,"F Benmussa"
"474",474,"C Aissani"
"475",475,"A Paradis"
"476",476,"J Lorenceau"
"477",477,"J Hupé"
"478",478,"M Wokke"
"479",479,"J Chen"
"480",480,"H Yang"
"481",481,"J Chambeaud"
"482",482,"J Barraza"
"483",483,"D Walther"
"484",484,"B Chai"
"485",485,"E Caddigan"
"486",486,"D Beck"
"487",487,"L Fei-Fei"
"488",488,"J Hays"
"489",489,"J Xiao"
"490",490,"K Ehinger"
"491",491,"A Oliva"
"492",492,"A Torralba"
"493",493,"D Kravitz"
"494",494,"C Peng"
"495",495,"F Cornelissen"
"496",496,"J Marsman"
"497",497,"R Renken"
"498",498,"K Haak"
"499",499,"M Wijntjes"
"500",500,"K Doerschner"
"501",501,"G Kucukoglu"
"502",502,"S Pont"
"503",503,"P Bronstad"
"504",504,"P Satgunam"
"505",505,"W Russell"
"506",506,"P Eli"
"507",507,"J DeLong"
"508",508,"K Brunick"
"509",509,"J Cutting"
"510",510,"S Markovic"
"511",511,"H Farid"
"512",512,"M Bravo"
"513",513,"J Gardner"
"514",514,"S Gershoni"
"515",515,"S Hochstein"
"516",516,"S Linsen"
"517",517,"M Leyssen"
"518",518,"L Morgan"
"519",519,"S MacEvoy"
"520",520,"G Aguirre"
"521",521,"R Epstein"
"522",522,"L Loschky"
"523",523,"K Ellis"
"524",524,"T Sears"
"525",525,"R Ringer"
"526",526,"J Davis"
"527",527,"X Li"
"528",528,"W Mou"
"529",529,"L Carlson"
"530",530,"C Gottesman"
"531",531,"M Munger"
"532",532,"M Frank"
"533",533,"A Kenney"
"534",534,"N Goodman"
"535",535,"J Tenenbaum"
"536",536,"Q Vuong"
"537",537,"K Mayer"
"538",538,"E Kreindel"
"539",539,"K Evans"
"540",540,"J Wolfe"
"541",541,"Y Kuzmova"
"542",542,"A Stigliani"
"543",543,"F Durgin"
"544",544,"Z Li"
"545",545,"N Sulman"
"546",546,"T Sanocki"
"547",547,"S Park"
"548",548,"T Konkle"
"549",549,"A Kalia"
"550",550,"A Larson"
"551",551,"C Kridner"
"552",552,"T Freeman"
"553",553,"A Albrecht"
"554",554,"B Scholl"
"555",555,"Y Kim"
"556",556,"E Essock"
"557",557,"P Chua"
"558",558,"M To"
"559",559,"D Tolhurst"
"560",560,"L Elazary"
"561",561,"F Cristino"
"562",562,"P Lovell"
"563",563,"I Gilchrist"
"564",564,"T Troscianko"
"565",565,"C Benton"
"566",566,"T Pegors"
"567",567,"M Greene"
"568",568,"D Stansbury"
"569",569,"T Naselaris"
"570",570,"A Vu"
"571",571,"J Gallant"
"572",572,"N Gronau"
"573",573,"M Shachar"
"574",574,"A Marchant"
"575",575,"J Fockert"
"576",576,"R Yao"
"577",577,"D Simons"
"578",578,"J Hummel"
"579",579,"J Kim"
"580",580,"I Biederman"
"581",581,"D Rivolta"
"582",582,"L Schmalzl"
"583",583,"R Palermo"
"584",584,"R Nakashima"
"585",585,"K Yokosawa"
"586",586,"F Rémy"
"587",587,"N Vayssière"
"588",588,"D Pins"
"589",589,"M Boucart"
"590",590,"M Fabre-Thorpe"
"591",591,"C Chu"
"592",592,"Y Yeh"
"593",593,"M Thomas"
"594",594,"V Rufin"
"595",595,"B Cottereau"
"596",596,"C Perez"
"597",597,"C Cavezian"
"598",598,"P Laliette"
"599",599,"A Viret"
"600",600,"I Gaudry"
"601",601,"N Raz"
"602",602,"N Levin"
"603",603,"T Ben-Hur"
"604",604,"O Gout"
"605",605,"S Chokron"
"606",606,"C Mullin"
"607",607,"J Steeves"
"608",608,"M Sunny"
"609",609,"A Muhlenen"
"610",610,"L Chan"
"611",611,"Z Roper"
"612",612,"J Cosman"
"613",613,"J Mordkoff"
"614",614,"E Shin"
"615",615,"A Lleras"
"616",616,"H Payne"
"617",617,"R Koenig-Robert"
"618",618,"R VanRullen"
"619",619,"L Zhou"
"620",620,"L Zhaoping"
"621",621,"L Jingling"
"622",622,"T Kabata"
"623",623,"E Matsumoto"
"624",624,"J Hulleman"
"625",625,"A Sherman"
"626",626,"G Alvarez"
"627",627,"S Mereu"
"628",628,"J Zacks"
"629",629,"C Kurby"
"630",630,"D Kerzel"
"631",631,"S Born"
"632",632,"Á Ásgeirsson"
"633",633,"M Aurich"
"634",634,"Á Kristjánsson"
"635",635,"J Moher"
"636",636,"H Egeth"
"637",637,"V Beck"
"638",638,"S Luck"
"639",639,"R Rosenholtz"
"640",640,"L Ilie"
"641",641,"B Balas"
"642",642,"K Shen"
"643",643,"M Paré"
"644",644,"K Das"
"645",645,"F Guo"
"646",646,"B Geisbrecht"
"647",647,"M Eckstein"
"648",648,"P Verghese"
"649",649,"K Dent"
"650",650,"J Braithwaite"
"651",651,"L Myers"
"652",652,"O Olagbaju"
"653",653,"L Varghese"
"654",654,"R Mansour"
"655",655,"S Reddoch"
"656",656,"D Pearson"
"657",657,"K Loveland"
"658",658,"B Hubert-Wallander"
"659",659,"M Sugarman"
"660",660,"D Bavelier"
"661",661,"K Clark"
"662",662,"M Fleck"
"663",663,"S Mitroff"
"664",664,"S Fiske"
"665",665,"C Morvan"
"666",666,"B Hidalgo-Sotelo"
"667",667,"A Puri"
"668",668,"S Morris"
"669",669,"J Haberman"
"670",670,"J Fischer"
"671",671,"D Whitney"
"672",672,"M Kunar"
"673",673,"D Watson"
"674",674,"D Blakely"
"675",675,"W Boot"
"676",676,"M Neider"
"677",677,"E Blagrove"
"678",678,"V Bauhoff"
"679",679,"M Huff"
"680",680,"S Schwan"
"681",681,"J Schmidt"
"682",682,"G Zelinsky"
"683",683,"R Pedersini"
"684",684,"T Horowitz"
"685",685,"H Masterman"
"686",686,"R Itier"
"687",687,"B Giesbrecht"
"688",688,"A Martin"
"689",689,"J Hayes"
"690",690,"A Preston"
"691",691,"J Sheedy"
"692",692,"R Alexander"
"693",693,"B Richard"
"694",694,"J Arita"
"695",695,"G Woodman"
"696",696,"B White"
"697",697,"D Munoz"
"698",698,"J Rossini"
"699",699,"M Grünau"
"700",700,"V Navalpakkam"
"701",701,"P Perona"
"702",702,"M Mould"
"703",703,"K Amano"
"704",704,"D Foster"
"705",705,"J Oakley"
"706",706,"K Tadros"
"707",707,"N Dupuis-Roy"
"708",708,"D Fiset"
"709",709,"M Arguin"
"710",710,"F Gosselin"
"711",711,"M Shoda"
"712",712,"J Nagai"
"713",713,"H Lee"
"714",714,"S Chong"
"715",715,"J Castronovo"
"716",716,"V Crollen"
"717",717,"X Seron"
"718",718,"G Roddy"
"719",719,"W Chanab"
"720",720,"S Waugh"
"721",721,"M Formankiewicz"
"722",722,"N Ahmad"
"723",723,"M Hairol"
"724",724,"S Rosen"
"725",725,"R Chakravarthi"
"726",726,"D Pelli"
"727",727,"J Wallace"
"728",728,"B Tjan"
"729",729,"Y Granata"
"730",730,"K Shin"
"731",731,"J Qin"
"732",732,"D Yu"
"733",733,"M Akau"
"734",734,"S Chung"
"735",735,"P Bulakowski"
"736",736,"N Faivre"
"737",737,"V Berthet"
"738",738,"S Kouider"
"739",739,"M Attarha"
"740",740,"E Rashal"
"741",741,"Y Yeshurun"
"742",742,"J Greenwood"
"743",743,"P Bex"
"744",744,"S Dakin"
"745",745,"S Lau"
"746",746,"S Cheung"
"747",747,"J Bernard"
"748",748,"J Freeman"
"749",749,"E Simoncelli"
"750",750,"G Maus"
"751",751,"A Nandy"
"752",752,"R Millin"
"753",753,"A Arman"
"754",754,"M Poletti"
"755",755,"J Lansey"
"756",756,"M Rucci"
"757",757,"E Arsenault"
"758",758,"S Zhang"
"759",759,"C Abbey"
"760",760,"C Ramachandra"
"761",761,"B Mel"
"762",762,"J Tsien"
"763",763,"Z Yang"
"764",764,"C Chiao"
"765",765,"C Chubb"
"766",766,"M Viva"
"767",767,"R Agostini"
"768",768,"D Benedetti"
"769",769,"G Punzi"
"770",770,"J Victor"
"771",771,"J Mintz"
"772",772,"M Conte"
"773",773,"M Morgan"
"774",774,"I Mareschal"
"775",775,"J Solomon"
"776",776,"S Ghebreab"
"777",777,"A Smeulders"
"778",778,"M Lev"
"779",779,"D Sagi"
"780",780,"A Gorea"
"781",781,"J Abrams"
"782",782,"M Carrasco"
"783",783,"E Wong"
"784",784,"T Wickens"
"785",785,"H Dold"
"786",786,"S Dähne"
"787",787,"R Allard"
"788",788,"C Henry"
"789",789,"M Hawken"
"790",790,"D Wagner"
"791",791,"G Loffler"
"792",792,"V Manahilov"
"793",793,"G Gordon"
"794",794,"P Storch"
"795",795,"J Cass"
"796",796,"A Meso"
"797",797,"R Hess"
"798",798,"T Carney"
"799",799,"P Mamassian"
"800",800,"J Wright"
"801",801,"A Morris"
"802",802,"B Krekelberg"
"803",803,"Y Bonneh"
"804",804,"J Burge"
"805",805,"W Geisler"
"806",806,"A Zlotnik"
"807",807,"S Yaish"
"808",808,"M Belkin"
"809",809,"Z Zalevsky"
"810",810,"N Prins"
"811",811,"A Watson"
"812",812,"A Ahumada"
"813",813,"N Graham"
"814",814,"S Wolfson"
"815",815,"I Kwok"
"816",816,"B Grinshpun"
"817",817,"S Patel"
"818",818,"S Lehky"
"819",819,"A Sereno"
"820",820,"C Song"
"821",821,"J Foley"
"822",822,"D Arnold"
"823",823,"R Schindel"
"824",824,"T Sato"
"825",825,"Y Nakajima"
"826",826,"B Sayim"
"827",827,"G Westheimer"
"828",828,"S Scholte"
"829",829,"L Lalanne"
"830",830,"K Mathewson"
"831",831,"C Prudhomme"
"832",832,"M Fabiani"
"833",833,"G Gratton"
"834",834,"L Farber"
"835",835,"C Blais"
"836",836,"M Montalembert"
"837",837,"M Barnett-Cowan"
"838",838,"H Nolan"
"839",839,"J Butler"
"840",840,"J Foxe"
"841",841,"R Reilly"
"842",842,"H Bülthoff"
"843",843,"T Surkys"
"844",844,"A Bertulis"
"845",845,"A Bielevicius"
"846",846,"A Bulatov"
"847",847,"H Rieiro"
"848",848,"S Martinez-Conde"
"849",849,"J Pardo-Vazquez"
"850",850,"N Srivastava"
"851",851,"S Macknik"
"852",852,"T Sprague"
"853",853,"D Eagleman"
"854",854,"V Pariyadath"
"855",855,"M Esterman"
"856",856,"L Gmeindl"
"857",857,"S Gilaie-Dotan"
"858",858,"R Kanai"
"859",859,"J Hartcher-O'Brien"
"860",860,"M Luca"
"861",861,"H Hogendoorn"
"862",862,"F Verstraten"
"863",863,"A Johnston"
"864",864,"A Tomassini"
"865",865,"M Gori"
"866",866,"D Burr"
"867",867,"G Sandini"
"868",868,"C Morrone"
"869",869,"D Linares"
"870",870,"A Holcombe"
"871",871,"I Ayhan"
"872",872,"A Bruno"
"873",873,"S Nishida"
"874",874,"T Machulla"
"875",875,"L Ortega"
"876",876,"E Guzman-Martinez"
"877",877,"A Glennerster"
"878",878,"R Fleming"
"879",879,"J Todd"
"880",880,"A Welchman"
"881",881,"P Janssen"
"882",882,"B Verhoef"
"883",883,"G Sperling"
"884",884,"E DeYoe"
"885",885,"R Datta"
"886",886,"F Farzin"
"887",887,"K Dobkins"
"888",888,"R Bosworth"
"889",889,"M Palomeres"
"890",890,"S Chen"
"891",891,"A Chandna"
"892",892,"J Atkinson"
"893",893,"O Braddick"
"894",894,"F Tassone"
"895",895,"S Rivera"
"896",896,"A Raj"
"897",897,"L Nakano"
"898",898,"L Hallum"
"899",899,"M Landy"
"900",900,"D Heeger"
"901",901,"L Chelazzi"
"902",902,"J Theeuwes"
"903",903,"A Perlato"
"904",904,"C Libera"
"905",905,"C Hickey"
"906",906,"A Rangel"
"907",907,"W Schoonveld"
"908",908,"P Roelfsema"
"909",909,"C Togt"
"910",910,"C Pennartz"
"911",911,"L Stanisor"
"912",912,"J Gottlieb"
"913",913,"C Peck"
"914",914,"D Jangraw"
"915",915,"N Tsuchiya"
"916",916,"J Voss"
"917",917,"A Maier"
"918",918,"D Vishwanath"
"919",919,"P Hibbard"
"920",920,"M Ishii"
"921",921,"M Sato"
"922",922,"M Zannoli"
"923",923,"J Pan"
"924",924,"Y Shi"
"925",925,"T Kwon"
"926",926,"Y Li"
"927",927,"L Battelli"
"928",928,"G Mancuso"
"929",929,"C Fantoni"
"930",930,"F Domini"
"931",931,"A Epting"
"932",932,"S Kromrey"
"933",933,"S Howard"
"934",934,"M Nawrot"
"935",935,"K Stroyan"
"936",936,"K Kooij"
"937",937,"S Pas"
"938",938,"A Jain"
"939",939,"Q Zaidi"
"940",940,"B Kunz"
"941",941,"S Creem-Regehr"
"942",942,"W Thompson"
"943",943,"J Zadra"
"944",944,"S Schnall"
"945",945,"A Weltman"
"946",946,"D Proffitt"
"947",947,"B Rogers"
"948",948,"R Held"
"949",949,"E Cooper"
"950",950,"M Banks"
"951",951,"M Geuss"
"952",952,"J Stefanucci"
"953",953,"J Benedictis-Kessner"
"954",954,"N Stevens"
"955",955,"K Rand"
"956",956,"M Tarampi"
"957",957,"D Gajewski"
"958",958,"J Philbeck"
"959",959,"A Lugtigheid"
"960",960,"Z Bian"
"961",961,"E Egan"
"962",962,"F phillips"
"963",963,"J Lesperance"
"964",964,"K Kömek"
"965",965,"X Meng"
"966",966,"D Tam"
"967",967,"J Shin"
"968",968,"A Li"
"969",969,"A Tsuruhara"
"970",970,"S Kanazawa"
"971",971,"M Yamaguchi"
"972",972,"A Yonas"
"973",973,"G Harding"
"974",974,"M Bloj"
"975",975,"J Harris"
"976",976,"A Beers"
"977",977,"J Norman"
"978",978,"J Swindle"
"979",979,"A Boswell"
"980",980,"J O'Shea"
"981",981,"M Agrawala"
"982",982,"D Holtmann-Rice"
"983",983,"B Wu"
"984",984,"R Klatzky"
"985",985,"G Stetten"
"986",986,"D Wismeijer"
"987",987,"C Erkelens"
"988",988,"R vanEe"
"989",989,"M Wexler"
"990",990,"S Cholewiak"
"991",991,"B Pastakia"
"992",992,"E Twedt"
"993",993,"L Crawford"
"994",994,"H Sedgwick"
"995",995,"A Nolan"
"996",996,"O Toskovic"
"997",997,"T Ziemek"
"998",998,"G Allen"
"999",999,"A Woods"
"1000",1000,"C Caudek"
"1001",1001,"H Hock"
"1002",1002,"L Daniels"
"1003",1003,"D Nichols"
"1004",1004,"R Lundwall"
"1005",1005,"J Dannemiller"
"1006",1006,"C Mevorach"
"1007",1007,"J Hodsoll"
"1008",1008,"L Shalev"
"1009",1009,"F Katsuki"
"1010",1010,"C Constantinidis"
"1011",1011,"K Dalrymple"
"1012",1012,"A Kingstone"
"1013",1013,"T Handy"
"1014",1014,"A List"
"1015",1015,"A Flevaris"
"1016",1016,"A Pensky"
"1017",1017,"A Landau"
"1018",1018,"W Prinzmetal"
"1019",1019,"J Martinez-Trujillo"
"1020",1020,"T Lennert"
"1021",1021,"R Cipriani"
"1022",1022,"P Jolicoeur"
"1023",1023,"D Cheyne"
"1024",1024,"S Mack"
"1025",1025,"D Liston"
"1026",1026,"R Krauzlis"
"1027",1027,"L Bogusch"
"1028",1028,"R Menzel"
"1029",1029,"S Bouvier"
"1030",1030,"A Treisman"
"1031",1031,"B Purcell"
"1032",1032,"R Heitz"
"1033",1033,"J Schall"
"1034",1034,"A Kosovicheva"
"1035",1035,"F Sugimoto"
"1036",1036,"A Yagi"
"1037",1037,"D Baslev"
"1038",1038,"T Kassuba"
"1039",1039,"R Sawaki"
"1040",1040,"E Runeson"
"1041",1041,"G Boynton"
"1042",1042,"S Murray"
"1043",1043,"Y Kashiwase"
"1044",1044,"K Matsumiya"
"1045",1045,"I Kuriki"
"1046",1046,"S Shioiri"
"1047",1047,"M Scolari"
"1048",1048,"J Serences"
"1049",1049,"J Ales"
"1050",1050,"L Appelbaum"
"1051",1051,"T Liu"
"1052",1052,"L Hospadaruk"
"1053",1053,"D Zhu"
"1054",1054,"F Pestilli"
"1055",1055,"K Schneider"
"1056",1056,"J Cant"
"1057",1057,"Y Xu"
"1058",1058,"F Chua"
"1059",1059,"K Moore"
"1060",1060,"E Darling"
"1061",1061,"J Steinberg"
"1062",1062,"E Pinsker"
"1063",1063,"D Weissman"
"1064",1064,"C Leonard"
"1065",1065,"U Ansorge"
"1066",1066,"A Biggs"
"1067",1067,"B Gibson"
"1068",1068,"M Zhang"
"1069",1069,"Y Zhang"
"1070",1070,"S He"
"1071",1071,"J Kawahara"
"1072",1072,"K Kihara"
"1073",1073,"J Pratt"
"1074",1074,"P Radulescu"
"1075",1075,"R Guo"
"1076",1076,"N Al-Aidroos"
"1077",1077,"R Abrams"
"1078",1078,"S Shomstein"
"1079",1079,"S Mayer-Brown"
"1080",1080,"E Wing"
"1081",1081,"S Larsen"
"1082",1082,"F Du"
"1083",1083,"H Liao"
"1084",1084,"S Yeh"
"1085",1085,"M Dong"
"1086",1086,"B Bahrami"
"1087",1087,"B Olk"
"1088",1088,"A Garay-Vado"
"1089",1089,"T Matthews"
"1090",1090,"M Cavallet"
"1091",1091,"G Bae"
"1092",1092,"J Flombaum"
"1093",1093,"A Leber"
"1094",1094,"J Lechak"
"1095",1095,"S Tower-Richardi"
"1096",1096,"J Wong"
"1097",1097,"B Tamber-Rosenau"
"1098",1098,"F Baluch"
"1099",1099,"A Todor"
"1100",1100,"K Ryck"
"1101",1101,"P Graef"
"1102",1102,"L Diesendruck"
"1103",1103,"M Vo"
"1104",1104,"T Smith"
"1105",1105,"J Henderson"
"1106",1106,"S Pannasch"
"1107",1107,"J Schulz"
"1108",1108,"B Velichkovsky"
"1109",1109,"B Sullivan"
"1110",1110,"C Rothkopf"
"1111",1111,"M Hayhoe"
"1112",1112,"D Ballard"
"1113",1113,"M Yoshida"
"1114",1114,"D Berg"
"1115",1115,"T Ikeda"
"1116",1116,"R Kato"
"1117",1117,"K Takaura"
"1118",1118,"T Isa"
"1119",1119,"N Ross"
"1120",1120,"E Kowler"
"1121",1121,"T Judd"
"1122",1122,"F Durand"
"1123",1123,"P Scalf"
"1124",1124,"C Basak"
"1125",1125,"G Durán"
"1126",1126,"W Francis"
"1127",1127,"M Martínez"
"1128",1128,"M Ogiya"
"1129",1129,"A Nishimura"
"1130",1130,"K Tsutsui"
"1131",1131,"K Kimura"
"1132",1132,"J Doon"
"1133",1133,"E Mingolla"
"1134",1134,"J Dubois"
"1135",1135,"J Macdonald"
"1136",1136,"J Mulligan"
"1137",1137,"K Steelman-Allen"
"1138",1138,"T Graves"
"1139",1139,"H Lau"
"1140",1140,"L Tsotsos"
"1141",1141,"A Roggeveen"
"1142",1142,"B Vrkljan"
"1143",1143,"A Close"
"1144",1144,"G D'avossa"
"1145",1145,"A Sapir"
"1146",1146,"J Parkinson"
"1147",1147,"A Thompson"
"1148",1148,"D Wallace"
"1149",1149,"M D'Esposito"
"1150",1150,"D Bridwell"
"1151",1151,"S Thorpe"
"1152",1152,"R Srinivasan"
"1153",1153,"M Puig"
"1154",1154,"L Zapata"
"1155",1155,"S Moro"
"1156",1156,"A Aznar-Casanova"
"1157",1157,"H Supér"
"1158",1158,"M Szinte"
"1159",1159,"J Shen"
"1160",1160,"M Zhao"
"1161",1161,"B Schnitzer"
"1162",1162,"K Mirpour"
"1163",1163,"W Ong"
"1164",1164,"J Bisley"
"1165",1165,"J Zanker"
"1166",1166,"K Voigt"
"1167",1167,"T Holmes"
"1168",1168,"R Bannerman"
"1169",1169,"M Milders"
"1170",1170,"A Sahraie"
"1171",1171,"A Belopolsky"
"1172",1172,"A Khan"
"1173",1173,"S Mathôt"
"1174",1174,"S Buetti"
"1175",1175,"B Hommel"
"1176",1176,"T Kumada"
"1177",1177,"R Volcic"
"1178",1178,"M Lappe"
"1179",1179,"T Boyer"
"1180",1180,"B Bertenthal"
"1181",1181,"C Listorti"
"1182",1182,"S Yantis"
"1183",1183,"A Greenberg"
"1184",1184,"J Rajsic"
"1185",1185,"D Wilson"
"1186",1186,"M Spering"
"1187",1187,"B Guenther"
"1188",1188,"J Brown"
"1189",1189,"S Narang"
"1190",1190,"A Siddiqui"
"1191",1191,"E Cohen"
"1192",1192,"A White"
"1193",1193,"C Tas"
"1194",1194,"M Dodd"
"1195",1195,"A Hollingworth"
"1196",1196,"C Wei-Lun"
"1197",1197,"J Keun"
"1198",1198,"N Trammell"
"1199",1199,"A Fleszar"
"1200",1200,"A Byers"
"1201",1201,"B Strickland"
"1202",1202,"A Shapiro"
"1203",1203,"G Caplovitz"
"1204",1204,"D Odic"
"1205",1205,"R Ly"
"1206",1206,"T Hunter"
"1207",1207,"P Pietroski"
"1208",1208,"J Lidz"
"1209",1209,"J Halberda"
"1210",1210,"L Drummond"
"1211",1211,"S Parrott"
"1212",1212,"M Cohen"
"1213",1213,"L Robertson"
"1214",1214,"Z Ernst"
"1215",1215,"M Jazayeri"
"1216",1216,"M Zirnsak"
"1217",1217,"F Hamker"
"1218",1218,"M Jensen"
"1219",1219,"P Tse"
"1220",1220,"P Kohler"
"1221",1221,"E Reavis"
"1222",1222,"W Chan"
"1223",1223,"L Andrews"
"1224",1224,"R Gupta"
"1225",1225,"N Srinivasan"
"1226",1226,"S Naito"
"1227",1227,"C Olivers"
"1228",1228,"F Hilkenmeier"
"1229",1229,"M Meeter"
"1230",1230,"I Scharlau"
"1231",1231,"K Arnell"
"1232",1232,"S Stubitz"
"1233",1233,"A Osborn"
"1234",1234,"D Owens"
"1235",1235,"E Gorbunova"
"1236",1236,"M Falikman"
"1237",1237,"S Nielsen"
"1238",1238,"T Andersen"
"1239",1239,"A Hunt"
"1240",1240,"K Ritchie"
"1241",1241,"L Weiskrantz"
"1242",1242,"M Rolfs"
"1243",1243,"D Jonikaitis"
"1244",1244,"H Deubel"
"1245",1245,"M Boi"
"1246",1246,"H Ogmen"
"1247",1247,"P Tseng"
"1248",1248,"B Bridgeman"
"1249",1249,"C Wilimzig"
"1250",1250,"T Palmeri"
"1251",1251,"G Logan"
"1252",1252,"J Sy"
"1253",1253,"B Maniscalco"
"1254",1254,"N Foley"
"1255",1255,"R Voorhies"
"1256",1256,"M Donk"
"1257",1257,"O Baruch"
"1258",1258,"C Suchy-Dicey"
"1259",1259,"N Busch"
"1260",1260,"Y Tseng"
"1261",1261,"J Glaser"
"1262",1262,"S Crewther"
"1263",1263,"G Lamp"
"1264",1264,"A Sanchez-Rockliffe"
"1265",1265,"D Crewther"
"1266",1266,"S Bentin"
"1267",1267,"K Weiß"
"1268",1268,"M Adamo"
"1269",1269,"J Tam"
"1270",1270,"S Ferber"
"1271",1271,"J Palmer"
"1272",1272,"V Nguyen"
"1273",1273,"A Kristjansson"
"1274",1274,"O Sigurjonsdottir"
"1275",1275,"J Driver"
"1276",1276,"R Hetley"
"1277",1277,"A Scharff"
"1278",1278,"A Ioffe"
"1279",1279,"M Jacob"
"1280",1280,"E Shneor"
"1281",1281,"A Chasteen"
"1282",1282,"D Burdzy"
"1283",1283,"E Palmer"
"1284",1284,"C Bates"
"1285",1285,"A Rajan"
"1286",1286,"A Miranda"
"1287",1287,"L Thomas"
"1288",1288,"A Seiffert"
"1289",1289,"C Schiltz"
"1290",1290,"G Dormal"
"1291",1291,"R Martin"
"1292",1292,"V Goffaux"
"1293",1293,"M Schall"
"1294",1294,"M Chalk"
"1295",1295,"A Seitz"
"1296",1296,"P Series"
"1297",1297,"K Jordan"
"1298",1298,"J Baker"
"1299",1299,"K Rodzon"
"1300",1300,"J Shivik"
"1301",1301,"T Gao"
"1302",1302,"S Helseth"
"1303",1303,"P Mok"
"1304",1304,"S Han"
"1305",1305,"E Vogel"
"1306",1306,"A McCollough"
"1307",1307,"T Drew"
"1308",1308,"J O'Brien"
"1309",1309,"J Raymond"
"1310",1310,"Y Shen"
"1311",1311,"D Lee"
"1312",1312,"A Vavassis"
"1313",1313,"M Grunau"
"1314",1314,"E Ferneyhough"
"1315",1315,"D Stanley"
"1316",1316,"E Phelps"
"1317",1317,"A Ferrey"
"1318",1318,"A Larocque"
"1319",1319,"F J."
"1320",1320,"H Chu"
"1321",1321,"S Beilock"
"1322",1322,"A Haberkamp"
"1323",1323,"C Joseph"
"1324",1324,"M Shiffrar"
"1325",1325,"S Savoy"
"1326",1326,"H Richards"
"1327",1327,"V Benson"
"1328",1328,"J Hadwin"
"1329",1329,"N Donnelly"
"1330",1330,"A Hoover"
"1331",1331,"N Ceballos"
"1332",1332,"O Komogortsev"
"1333",1333,"R Graham"
"1334",1334,"M Dixon"
"1335",1335,"K Harrigan"
"1336",1336,"J GÓmez-Cuerva"
"1337",1337,"M Cain"
"1338",1338,"J Kam"
"1339",1339,"C Fujiwara"
"1340",1340,"A Barbot"
"1341",1341,"G Davis"
"1342",1342,"R Kasper"
"1343",1343,"J Elliott"
"1344",1344,"D Souto"
"1345",1345,"M Hurwitz"
"1346",1346,"D Valadao"
"1347",1347,"J Danckert"
"1348",1348,"H Sun"
"1349",1349,"S Huang"
"1350",1350,"K Uchikawa"
"1351",1351,"J Wang"
"1352",1352,"A Wade"
"1353",1353,"S Emrich"
"1354",1354,"Y Lee"
"1355",1355,"S Bostan"
"1356",1356,"K Anton-Erxleben"
"1357",1357,"E Shimojo"
"1358",1358,"C Saegusa"
"1359",1359,"J Park"
"1360",1360,"A Souverneva"
"1361",1361,"S Shimojo"
"1362",1362,"N Corradi"
"1363",1363,"M Ruffino"
"1364",1364,"S Gori"
"1365",1365,"A Facoetti"
"1366",1366,"I Cameron"
"1367",1367,"M Obadia"
"1368",1368,"M Buchsbaum"
"1369",1369,"L Lanyon"
"1370",1370,"M Pavlovskaya"
"1371",1371,"N Soroker"
"1372",1372,"A Bigoni"
"1373",1373,"M Molteni"
"1374",1374,"P Cecchini"
"1375",1375,"M Peverelli"
"1376",1376,"K Priftis"
"1377",1377,"M Koningsbruggen"
"1378",1378,"Y Dody"
"1379",1379,"J Brascamp"
"1380",1380,"T Knapen"
"1381",1381,"R Blake"
"1382",1382,"L Hecht"
"1383",1383,"L Jefferies"
"1384",1384,"S Ghorashi"
"1385",1385,"V Lollo"
"1386",1386,"P Ko"
"1387",1387,"C Ho"
"1388",1388,"K Shapiro"
"1389",1389,"Z Fan"
"1390",1390,"S Johnston"
"1391",1391,"S Muthukumaraswamy"
"1392",1392,"K Singh"
"1393",1393,"B Liverence"
"1394",1394,"P Dux"
"1395",1395,"T Visser"
"1396",1396,"S Goodhew"
"1397",1397,"O Lipp"
"1398",1398,"I Motoyoshi"
"1399",1399,"J Suchow"
"1400",1400,"K Haroush"
"1401",1401,"D Aks"
"1402",1402,"H Haladjian"
"1403",1403,"A Kosmides"
"1404",1404,"S Annamraju"
"1405",1405,"H Kourtev"
"1406",1406,"Z Pylyshyn"
"1407",1407,"M Doran"
"1408",1408,"J Hoffman"
"1409",1409,"C Brown"
"1410",1410,"D Perera"
"1411",1411,"P Howe"
"1412",1412,"Y Pinto"
"1413",1413,"C Feria"
"1414",1414,"T Thompson"
"1415",1415,"J Gabrieli"
"1416",1416,"F Papenmeier"
"1417",1417,"G Jahn"
"1418",1418,"P Frank"
"1419",1419,"H Markus"
"1420",1420,"J Christensen"
"1421",1421,"F Hesse"
"1422",1422,"J Gill"
"1423",1423,"N Jardine"
"1424",1424,"A Pype"
"1425",1425,"J Lin"
"1426",1426,"M Vaziri-Pashkam"
"1427",1427,"R Luria"
"1428",1428,"A Vandenbroucke"
"1429",1429,"I Sligte"
"1430",1430,"N Carlisle"
"1431",1431,"D Fencsik"
"1432",1432,"S Place"
"1433",1433,"M Johnson"
"1434",1434,"L Wang"
"1435",1435,"S Most"
"1436",1436,"C Gallistel"
"1437",1437,"S Poltoratski"
"1438",1438,"B Gillam"
"1439",1439,"P Marlow"
"1440",1440,"B Sheliga"
"1441",1441,"E FitzGibbon"
"1442",1442,"F Miles"
"1443",1443,"T Sweeny"
"1444",1444,"J Zhou"
"1445",1445,"C Huang"
"1446",1446,"Y Zhou"
"1447",1447,"D Smith"
"1448",1448,"D Stransky"
"1449",1449,"L Wilcox"
"1450",1450,"Z Zhang"
"1451",1451,"C Cantor"
"1452",1452,"C Schor"
"1453",1453,"R Shapley"
"1454",1454,"N Rubin"
"1455",1455,"E Yang"
"1456",1456,"T Lee"
"1457",1457,"H Kang"
"1458",1458,"C Kim"
"1459",1459,"S Kim"
"1460",1460,"C Mouri"
"1461",1461,"A Chaudhuri"
"1462",1462,"R Ee"
"1463",1463,"E Kimura"
"1464",1464,"S Abe"
"1465",1465,"K Goryo"
"1466",1466,"A Buckthought"
"1467",1467,"S Jessula"
"1468",1468,"J Mendola"
"1469",1469,"M Jong"
"1470",1470,"Y Chai"
"1471",1471,"T Papathomas"
"1472",1472,"X Zhuang"
"1473",1473,"E Wells"
"1474",1474,"D Devyatko"
"1475",1475,"A Chopin"
"1476",1476,"M Capps"
"1477",1477,"T Graaf"
"1478",1478,"A Sack"
"1479",1479,"M Georgeson"
"1480",1480,"T Meese"
"1481",1481,"D Baker"
"1482",1482,"C Klink"
"1483",1483,"R Wezel"
"1484",1484,"R Denison"
"1485",1485,"S Hillenbrand"
"1486",1486,"P Hsieh"
"1487",1487,"J Colas"
"1488",1488,"N Kanwisher"
"1489",1489,"D Carmel"
"1490",1490,"A Khesin"
"1491",1491,"M Ashton"
"1492",1492,"A Kuang"
"1493",1493,"K May"
"1494",1494,"S Kallenberger"
"1495",1495,"C Schmidt"
"1496",1496,"T Wüstenberg"
"1497",1497,"H Strasburger"
"1498",1498,"I Serrano-Pedraza"
"1499",1499,"V Manjunath"
"1500",1500,"O Osunkunle"
"1501",1501,"M Clarke"
"1502",1502,"J Read"
"1503",1503,"K Zeiner"
"1504",1504,"M Spitschan"
"1505",1505,"V Zachariou"
"1506",1506,"E Schotter"
"1507",1507,"H Blythe"
"1508",1508,"J Kirkby"
"1509",1509,"K Rayner"
"1510",1510,"S Liversedge"
"1511",1511,"F Allenmark"
"1512",1512,"M Patten"
"1513",1513,"A Solski"
"1514",1514,"D Giaschi"
"1515",1515,"A Raghunandan"
"1516",1516,"S Andrus"
"1517",1517,"L Nennig"
"1518",1518,"R Ni"
"1519",1519,"S Aoki"
"1520",1520,"H Shiozaki"
"1521",1521,"I Fujita"
"1522",1522,"K Li"
"1523",1523,"J Wray"
"1524",1524,"B Vlaskamp"
"1525",1525,"A Roorda"
"1526",1526,"I Tsirlin"
"1527",1527,"R Allison"
"1528",1528,"H YOo"
"1529",1529,"A Reeves"
"1530",1530,"D Lynch"
"1531",1531,"M Tran"
"1532",1532,"R Grayem"
"1533",1533,"R Pierce"
"1534",1534,"T Tsai"
"1535",1535,"S Mckee"
"1536",1536,"Y Okazaki"
"1537",1537,"P Cisarik"
"1538",1538,"N Davis"
"1539",1539,"S Steinman"
"1540",1540,"L O'Kane"
"1541",1541,"R Goutcher"
"1542",1542,"B Xiao"
"1543",1543,"G Malkoc"
"1544",1544,"J Rowland"
"1545",1545,"J Ferwerda"
"1546",1546,"J Phillips"
"1547",1547,"T Hansen"
"1548",1548,"K Gegenfurtner"
"1549",1549,"M Olkkonen"
"1550",1550,"D Brainard"
"1551",1551,"S Elliott"
"1552",1552,"E Roth"
"1553",1553,"J Highsmith"
"1554",1554,"J Werner"
"1555",1555,"M Webster"
"1556",1556,"P Barrionuevo"
"1557",1557,"E Colombo"
"1558",1558,"L Issolio"
"1559",1559,"S Belmore"
"1560",1560,"S O'Neil"
"1561",1561,"M Tillman"
"1562",1562,"K Halen"
"1563",1563,"I Juricevic"
"1564",1564,"K McDermott"
"1565",1565,"R Ennis"
"1566",1566,"A Logvinenko"
"1567",1567,"R Tokunaga"
"1568",1568,"D Zhang"
"1569",1569,"G Livitz"
"1570",1570,"Y Mizokami"
"1571",1571,"M Xu"
"1572",1572,"J Yuan"
"1573",1573,"B Zhang"
"1574",1574,"S Nascimento"
"1575",1575,"P Felgueiras"
"1576",1576,"J Linhares"
"1577",1577,"R Poggesi"
"1578",1578,"Z Xu"
"1579",1579,"D Lindsey"
"1580",1580,"A Brown"
"1581",1581,"A Wilkins"
"1582",1582,"D Connah"
"1583",1583,"G Finlayson"
"1584",1584,"A Gulick"
"1585",1585,"M Tarr"
"1586",1586,"N Yano"
"1587",1587,"L Prado-Leòn"
"1588",1588,"L Pinto"
"1589",1589,"P Kay"
"1590",1590,"W Griscom"
"1591",1591,"M Snodderly"
"1592",1592,"J Stringham"
"1593",1593,"S Ivory"
"1594",1594,"A Gilchrist"
"1595",1595,"M Rudd"
"1596",1596,"A D'Antona"
"1597",1597,"A Rosenberg"
"1598",1598,"S Shimozaki"
"1599",1599,"Y Petrov"
"1600",1600,"J Qian"
"1601",1601,"S Miksch"
"1602",1602,"L Bulganin"
"1603",1603,"F Jäger"
"1604",1604,"F Lossin"
"1605",1605,"J Jochum"
"1606",1606,"P Kohl"
"1607",1607,"D Todorovic"
"1608",1608,"S Zdravkovic"
"1609",1609,"Q Lenoble"
"1610",1610,"H Amieva"
"1611",1611,"S Delord"
"1612",1612,"J Schirillo"
"1613",1613,"M Riddle"
"1614",1614,"B Blakeslee"
"1615",1615,"M McCourt"
"1616",1616,"M Maertens"
"1617",1617,"S Kies"
"1618",1618,"C Fermuller"
"1619",1619,"B Cao"
"1620",1620,"A Yazdanbakhsh"
"1621",1621,"M Sawayama"
"1622",1622,"A Huang"
"1623",1623,"M Shah"
"1624",1624,"A Hon"
"1625",1625,"E Altschuler"
"1626",1626,"C Feitosa-Santana"
"1627",1627,"P Monnier"
"1628",1628,"V Volbrecht"
"1629",1629,"C Duncan"
"1630",1630,"M Crognale"
"1631",1631,"D Lewis"
"1632",1632,"S Khuu"
"1633",1633,"E Miyahara-Self"
"1634",1634,"C Tran"
"1635",1635,"N Paz"
"1636",1636,"A Walter"
"1637",1637,"M Schuerer"
"1638",1638,"G Francis"
"1639",1639,"A Winkler"
"1640",1640,"C Wright"
"1641",1641,"C Ripamonti"
"1642",1642,"D Petrova"
"1643",1643,"Y Morgenstern"
"1644",1644,"R Murray"
"1645",1645,"H Gerhard"
"1646",1646,"W Miller"
"1647",1647,"S Madigan"
"1648",1648,"S Kalghatgi"
"1649",1649,"J Yang"
"1650",1650,"Y Otsuka"
"1651",1651,"M Giesel"
"1652",1652,"Y Dimitrova"
"1653",1653,"P McOwan"
"1654",1654,"T Lawton"
"1655",1655,"G Cottrell"
"1656",1656,"K Kelly"
"1657",1657,"P Shroff"
"1658",1658,"B Gallie"
"1659",1659,"S Song"
"1660",1660,"E Rossi"
"1661",1661,"C Wickham"
"1662",1662,"D Brillinger"
"1663",1663,"N Simic"
"1664",1664,"J Rovet"
"1665",1665,"P Dassonville"
"1666",1666,"C Williamson"
"1667",1667,"H Fang"
"1668",1668,"H Chang-Bing"
"1669",1669,"L Luis"
"1670",1670,"F Li-Xia"
"1671",1671,"S Fernando"
"1672",1672,"F Rawji"
"1673",1673,"A Major"
"1674",1674,"B Timney"
"1675",1675,"M Lassonde"
"1676",1676,"E Tremblay"
"1677",1677,"F Lepore"
"1678",1678,"M Roy"
"1679",1679,"N Fallaha"
"1680",1680,"M McKerral"
"1681",1681,"A Yang"
"1682",1682,"F Tey"
"1683",1683,"S Lin"
"1684",1684,"G Nah"
"1685",1685,"H Goltz"
"1686",1686,"F Cortese"
"1687",1687,"A Wong"
"1688",1688,"R Adams"
"1689",1689,"C Dove"
"1690",1690,"J Drover"
"1691",1691,"M Courage"
"1692",1692,"E Birch"
"1693",1693,"J Hayward"
"1694",1694,"G Truong"
"1695",1695,"M Partanen"
"1696",1696,"R Wu"
"1697",1697,"N Kirkham"
"1698",1698,"C Turgeon"
"1699",1699,"K Wolf"
"1700",1700,"T Pfeiffer"
"1701",1701,"L Giuliana"
"1702",1702,"S Alessandra"
"1703",1703,"E Nawrot"
"1704",1704,"A Huh"
"1705",1705,"S Jones"
"1706",1706,"K James"
"1707",1707,"M Chuldzhyan"
"1708",1708,"V Sampath"
"1709",1709,"K Wagner"
"1710",1710,"E Blaser"
"1711",1711,"Z Kaldy"
"1712",1712,"H Lo"
"1713",1713,"M Biondi"
"1714",1714,"A Franklin"
"1715",1715,"D Catherwood"
"1716",1716,"E Axelsson"
"1717",1717,"J Alvarez"
"1718",1718,"T Dekker"
"1719",1719,"D Mareschal"
"1720",1720,"M Sereno"
"1721",1721,"E Roudaia"
"1722",1722,"J Spencer"
"1723",1723,"K Pilz"
"1724",1724,"S Govenlock"
"1725",1725,"M Harris"
"1726",1726,"A Setti"
"1727",1727,"J Chan"
"1728",1728,"C Maguinness"
"1729",1729,"K Burke"
"1730",1730,"R Kenny"
"1731",1731,"F Newell"
"1732",1732,"A Guindon"
"1733",1733,"A Bartholomew"
"1734",1734,"H Norman"
"1735",1735,"C Burton"
"1736",1736,"L Best"
"1737",1737,"L Thelen"
"1738",1738,"L Trick"
"1739",1739,"R Toxopeus"
"1740",1740,"G Muise"
"1741",1741,"C Hou"
"1742",1742,"K Breckenridge"
"1743",1743,"D Dilks"
"1744",1744,"E Dechter"
"1745",1745,"C Triantafyllou"
"1746",1746,"B Keil"
"1747",1747,"L Wald"
"1748",1748,"M Tisdall"
"1749",1749,"A Kouwe"
"1750",1750,"B Fischl"
"1751",1751,"R Saxe"
"1752",1752,"M Nardini"
"1753",1753,"R Bedford"
"1754",1754,"M Desai"
"1755",1755,"K Crookes"
"1756",1756,"E McKone"
"1757",1757,"S Corrow"
"1758",1758,"C Granrud"
"1759",1759,"J Wilder"
"1760",1760,"C Aitkin"
"1761",1761,"A Cohen"
"1762",1762,"J Vries"
"1763",1763,"I Hooge"
"1764",1764,"M Wiering"
"1765",1765,"J Herman"
"1766",1766,"M Harwood"
"1767",1767,"J Wallman"
"1768",1768,"L Madelain"
"1769",1769,"S Klingenhoefer"
"1770",1770,"F Bremmer"
"1771",1771,"L Dang"
"1772",1772,"L Renninger"
"1773",1773,"D Fletcher"
"1774",1774,"R Delnicki"
"1775",1775,"A Ikkai"
"1776",1776,"C Curtis"
"1777",1777,"W Pack"
"1778",1778,"P Schiller"
"1779",1779,"M Kwak"
"1780",1780,"J Otero-Millan"
"1781",1781,"N Collins"
"1782",1782,"M Al-Kalbani"
"1783",1783,"X Troncoso"
"1784",1784,"M McCamy"
"1785",1785,"D Coakley"
"1786",1786,"G Boyle"
"1787",1787,"V Narayanan"
"1788",1788,"T Wolf"
"1789",1789,"N Bogdan"
"1790",1790,"R Suryakumar"
"1791",1791,"J Drewes"
"1792",1792,"K Dunham"
"1793",1793,"L Dryden"
"1794",1794,"B Wolfe"
"1795",1795,"T Hartmann"
"1796",1796,"J Tong"
"1797",1797,"J Peterburs"
"1798",1798,"K Gajda"
"1799",1799,"C Bellebaum"
"1800",1800,"K Hoffmann"
"1801",1801,"I Daum"
"1802",1802,"J Pola"
"1803",1803,"M Demeyer"
"1804",1804,"K Verfaillie"
"1805",1805,"O Cha"
"1806",1806,"F Maij"
"1807",1807,"M Matziridi"
"1808",1808,"F Ostendorf"
"1809",1809,"J Kilias"
"1810",1810,"C Ploner"
"1811",1811,"G Luo"
"1812",1812,"T Garass"
"1813",1813,"E Peli"
"1814",1814,"I Fuchs"
"1815",1815,"S Hawelka"
"1816",1816,"F Hutzler"
"1817",1817,"T Crapse"
"1818",1818,"M Sommer"
"1819",1819,"A Ziesche"
"1820",1820,"Y Pertzov"
"1821",1821,"E Zohary"
"1822",1822,"G Avidan"
"1823",1823,"T Collins"
"1824",1824,"F Perdreau"
"1825",1825,"J Fagard"
"1826",1826,"A Fracasso"
"1827",1827,"D Melcher"
"1828",1828,"A Zarei"
"1829",1829,"M Hegenloh"
"1830",1830,"H Wang"
"1831",1831,"E Merriam"
"1832",1832,"U Hasson"
"1833",1833,"M Yao-N'Dre"
"1834",1834,"E Castet"
"1835",1835,"F Vitu"
"1836",1836,"J Ackermann"
"1837",1837,"C Roy"
"1838",1838,"L Etezad-Heydari"
"1839",1839,"D Ganguli"
"1840",1840,"U Rajashekar"
"1841",1841,"T Foulsham"
"1842",1842,"R Teszka"
"1843",1843,"A Mitra"
"1844",1844,"J Viswanathan"
"1845",1845,"D Cappadocia"
"1846",1846,"S Schneegans"
"1847",1847,"A Wheeler"
"1848",1848,"G Anzures"
"1849",1849,"P Quinn"
"1850",1850,"O Pascalis"
"1851",1851,"A Slater"
"1852",1852,"K Lee"
"1853",1853,"Y Ueda"
"1854",1854,"J Saiki"
"1855",1855,"C Delerue"
"1856",1856,"J Duijnhouwer"
"1857",1857,"A Berg"
"1858",1858,"Z Jin"
"1859",1859,"S Watamaniuk"
"1860",1860,"S Heinen"
"1861",1861,"R Champion"
"1862",1862,"P Warren"
"1863",1863,"M Terao"
"1864",1864,"I Murakami"
"1865",1865,"A Bogadhi"
"1866",1866,"A Montagnini"
"1867",1867,"L Perrinet"
"1868",1868,"G Masson"
"1869",1869,"V Sun"
"1870",1870,"M Fu"
"1871",1871,"K Debono"
"1872",1872,"A Schütz"
"1873",1873,"E Santos"
"1874",1874,"M Gizzi"
"1875",1875,"M Matsukura"
"1876",1876,"D Bullock"
"1877",1877,"M Histed"
"1878",1878,"E Miller"
"1879",1879,"M Cui"
"1880",1880,"M Lengyel"
"1881",1881,"T Watson"
"1882",1882,"M Kubischik"
"1883",1883,"K Hoffman"
"1884",1884,"I Lin"
"1885",1885,"D Richters"
"1886",1886,"E Ahissar"
"1887",1887,"D Wu"
"1888",1888,"M McCloskey"
"1889",1889,"E Gregory"
"1890",1890,"M Meng"
"1891",1891,"T Cherian"
"1892",1892,"G Singal"
"1893",1893,"P Sinha"
"1894",1894,"J Wilmer"
"1895",1895,"L Germine"
"1896",1896,"C Chabris"
"1897",1897,"G Chatterjee"
"1898",1898,"B Duchaine"
"1899",1899,"A Boremanse"
"1900",1900,"E Palmero-Soler"
"1901",1901,"B Jacob"
"1902",1902,"B Rossion"
"1903",1903,"T Brandman"
"1904",1904,"G Yovel"
"1905",1905,"L Ungerleider"
"1906",1906,"F Hadj-Bouziane"
"1907",1907,"N Liu"
"1908",1908,"D Kuefner"
"1909",1909,"A Heering"
"1910",1910,"C Jacques"
"1911",1911,"A Dey"
"1912",1912,"M Pachai"
"1913",1913,"M Vida"
"1914",1914,"J Murray"
"1915",1915,"B Gardiner"
"1916",1916,"T Meixner"
"1917",1917,"G Golarai"
"1918",1918,"A Liberman"
"1919",1919,"J Yoon"
"1920",1920,"K Spector"
"1921",1921,"H Ichikawa"
"1922",1922,"R Kakigi"
"1923",1923,"M Pidcock"
"1924",1924,"A Hall"
"1925",1925,"E Nakato"
"1926",1926,"M Kobayashi"
"1927",1927,"J Grose-Fifer"
"1928",1928,"O Yuksel-Sokmen"
"1929",1929,"A Rodrigues"
"1930",1930,"S Hoover"
"1931",1931,"T Zottoli"
"1932",1932,"C Mondloch"
"1933",1933,"D Longfield"
"1934",1934,"L Jeffery"
"1935",1935,"G Rhodes"
"1936",1936,"E Pellicano"
"1937",1937,"L Taylor"
"1938",1938,"R Russell"
"1939",1939,"X Yue"
"1940",1940,"R Tootell"
"1941",1941,"S Reed"
"1942",1942,"I Oruc"
"1943",1943,"T Cheung"
"1944",1944,"C Fox"
"1945",1945,"G Iaria"
"1946",1946,"H Leonard"
"1947",1947,"D Annaz"
"1948",1948,"A Karmiloff-Smith"
"1949",1949,"M Rutherford"
"1950",1950,"N Mestry"
"1951",1951,"H Godwin"
"1952",1952,"R McCarthy"
"1953",1953,"L Garrido"
"1954",1954,"A Sekunova"
"1955",1955,"T Susilo"
"1956",1956,"M Willis"
"1957",1957,"C Wilson"
"1958",1958,"A Calder"
"1959",1959,"M Scheel"
"1960",1960,"J Wolf"
"1961",1961,"R Schultz"
"1962",1962,"D Raboy"
"1963",1963,"V Natu"
"1964",1964,"S Weimer"
"1965",1965,"A O'Toole"
"1966",1966,"T Busigny"
"1967",1967,"M Graf"
"1968",1968,"E Mayer"
"1969",1969,"X Xu"
"1970",1970,"E Siegel"
"1971",1971,"E Anderson"
"1972",1972,"L Barrett"
"1973",1973,"J Harlow"
"1974",1974,"H Blocker"
"1975",1975,"C Friesen"
"1976",1976,"R Mendez"
"1977",1977,"C McCormick"
"1978",1978,"J Carré"
"1979",1979,"L Short"
"1980",1980,"B Won"
"1981",1981,"P Gerhardstein"
"1982",1982,"D Hipp"
"1983",1983,"R Corbet"
"1984",1984,"X Zhang"
"1985",1985,"L Yin"
"1986",1986,"D White"
"1987",1987,"P Pallett"
"1988",1988,"E Schlicht"
"1989",1989,"C Camerer"
"1990",1990,"P Battaglia"
"1991",1991,"S Du"
"1992",1992,"A Martinez"
"1993",1993,"K Kaulard"
"1994",1994,"C Wallraven"
"1995",1995,"D Cunningham"
"1996",1996,"V Troiani"
"1997",1997,"E Hunyadi"
"1998",1998,"M Riley"
"1999",1999,"J Herrington"
"2000",2000,"F Poirier"
"2001",2001,"K Gray"
"2002",2002,"M Garner"
"2003",2003,"J Moriya"
"2004",2004,"Y Tanno"
"2005",2005,"S Miellet"
"2006",2006,"M Mei"
"2007",2007,"L Betts"
"2008",2008,"F Wilkinson"
"2009",2009,"H Wilson"
"2010",2010,"E Moniz"
"2011",2011,"G Righi"
"2012",2012,"J Peissig"
"2013",2013,"S Lam"
"2014",2014,"S Favelle"
"2015",2015,"S Caharel"
"2016",2016,"M Ramon"
"2017",2017,"J Hsiao"
"2018",2018,"S Link"
"2019",2019,"L Ge"
"2020",2020,"M Mangini"
"2021",2021,"M Villano"
"2022",2022,"C Crowell"
"2023",2023,"M Brants"
"2024",2024,"R McGugin"
"2025",2025,"S Lebrecht"
"2026",2026,"S Hong"
"2027",2027,"Z Wang"
"2028",2028,"S Itakura"
"2029",2029,"H Chen"
"2030",2030,"M Livingstone"
"2031",2031,"J Hurk"
"2032",2032,"B Jansma"
"2033",2033,"C Huynh"
"2034",2034,"G Vicente"
"2035",2035,"G Belle"
"2036",2036,"P Lefèvre"
"2037",2037,"J Susskind"
"2038",2038,"A Anderson"
"2039",2039,"D Bombari"
"2040",2040,"F Mast"
"2041",2041,"R Stoyanova"
"2042",2042,"M Ewbank"
"2043",2043,"S Crouzet"
"2044",2044,"M Mathey"
"2045",2045,"A Hillstrom"
"2046",2046,"C Hanlon"
"2047",2047,"T Yokoyama"
"2048",2048,"K Ishibashi"
"2049",2049,"S Kita"
"2050",2050,"P Lefère"
"2051",2051,"H Rodger"
"2052",2052,"J Arizpe"
"2053",2053,"M Daar"
"2054",2054,"A Killian"
"2055",2055,"J Vettel"
"2056",2056,"J Dunlop"
"2057",2057,"R Barwick"
"2058",2058,"J Ayyad"
"2059",2059,"X Gao"
"2060",2060,"K Devaney"
"2061",2061,"D Holt"
"2062",2062,"V Willenbockel"
"2063",2063,"M Bourdon"
"2064",2064,"D Wilbraham"
"2065",2065,"M Anes"
"2066",2066,"D Kochli"
"2067",2067,"J Taubert"
"2068",2068,"L Parr"
"2069",2069,"D Murphy-Aagten"
"2070",2070,"I Blank"
"2071",2071,"C Said"
"2072",2072,"A Todorov"
"2073",2073,"J Sadr"
"2074",2074,"G Horne"
"2075",2075,"P Pichler"
"2076",2076,"I Oruç"
"2077",2077,"J Gold"
"2078",2078,"M Shotts"
"2079",2079,"P Mundy"
"2080",2080,"W Street"
"2081",2081,"F Smith"
"2082",2082,"L Petro"
"2083",2083,"P Schyns"
"2084",2084,"L Muckli"
"2085",2085,"L Dricot"
"2086",2086,"B Hanseeuw"
"2087",2087,"H Bukowski"
"2088",2088,"L Dachille"
"2089",2089,"T James"
"2090",2090,"A Nunez-Elizalde"
"2091",2091,"A Foss"
"2092",2092,"S Bishop"
"2093",2093,"L Dixon"
"2094",2094,"N Grosso"
"2095",2095,"D Dubuc"
"2096",2096,"K Shibata"
"2097",2097,"G Hinton"
"2098",2098,"M Shikauchi"
"2099",2099,"T Shibata"
"2100",2100,"S Oba"
"2101",2101,"S Ishii"
"2102",2102,"R Goebel"
"2103",2103,"F Ramírez"
"2104",2104,"R Cichy"
"2105",2105,"X Zheng"
"2106",2106,"S Segalowitz"
"2107",2107,"D Pitcher"
"2108",2108,"V Walsh"
"2109",2109,"D Kahn"
"2110",2110,"A Harris"
"2111",2111,"D Wolk"
"2112",2112,"F Jiang"
"2113",2113,"J Weber"
"2114",2114,"J Davies-Thompson"
"2115",2115,"A Young"
"2116",2116,"T Andrews"
"2117",2117,"R Kimchi"
"2118",2118,"R Amishav"
"2119",2119,"L Sha"
"2120",2120,"A Leib"
"2121",2121,"E Piazza"
"2122",2122,"Y Konar"
"2123",2123,"J Richler"
"2124",2124,"O Cheung"
"2125",2125,"R Robbins"
"2126",2126,"M Coltheart"
"2127",2127,"J Carlin"
"2128",2128,"R Thompson"
"2129",2129,"N Kriegeskorte"
"2130",2130,"J Rowe"
"2131",2131,"E Loken"
"2132",2132,"R Lawson"
"2133",2133,"R Henson"
"2134",2134,"A Meleis"
"2135",2135,"D Burns"
"2136",2136,"J Houpt"
"2137",2137,"J Townsend"
"2138",2138,"R Jack"
"2139",2139,"Y He"
"2140",2140,"Y Xuan"
"2141",2141,"X Fu"
"2142",2142,"L Symons"
"2143",2143,"K Jantzen"
"2144",2144,"A Hahn"
"2145",2145,"J Almeida"
"2146",2146,"P Pajtas"
"2147",2147,"B Mahon"
"2148",2148,"A Caramazza"
"2149",2149,"S Stokes"
"2150",2150,"H Darke"
"2151",2151,"A Davies"
"2152",2152,"T Yoon"
"2153",2153,"J Lao"
"2154",2154,"K Foreman"
"2155",2155,"X Zhou"
"2156",2156,"M Lages"
"2157",2157,"J Hillis"
"2158",2158,"O Garrod"
"2159",2159,"H Yu"
"2160",2160,"M Breidt"
"2161",2161,"G West"
"2162",2162,"S Koyama"
"2163",2163,"J Gu"
"2164",2164,"H Hibino"
"2165",2165,"H Griffin"
"2166",2166,"R Armann"
"2167",2167,"I Bülthoff"
"2168",2168,"C Kaul"
"2169",2169,"A Ishai"
"2170",2170,"B Lester"
"2171",2171,"D Mendoza"
"2172",2172,"M Schneiderman"
"2173",2173,"C Ackerman"
"2174",2174,"S Courtney"
"2175",2175,"J Kreither"
"2176",2176,"J Lopez-Calderon"
"2177",2177,"F Aboitiz"
"2178",2178,"A Vicente-Grabovetsky"
"2179",2179,"R Cusack"
"2180",2180,"J Hyun"
"2181",2181,"B Noudoost"
"2182",2182,"T Moore"
"2183",2183,"J Huang"
"2184",2184,"R Sekuler"
"2185",2185,"J Delvenne"
"2186",2186,"L Kaddour"
"2187",2187,"J Fan"
"2188",2188,"K Johnston"
"2189",2189,"E Brunamonti"
"2190",2190,"N Thomas"
"2191",2191,"M Pare"
"2192",2192,"K Wilson"
"2193",2193,"M Barense"
"2194",2194,"N Konstantinou"
"2195",2195,"N Lavie"
"2196",2196,"N Ihssen"
"2197",2197,"D Linden"
"2198",2198,"C Pun"
"2199",2199,"w zhang"
"2200",2200,"E Heyselaar"
"2201",2201,"R Rademaker"
"2202",2202,"J Zosh"
"2203",2203,"L Feigenson"
"2204",2204,"W Ma"
"2205",2205,"W Chou"
"2206",2206,"B Barton"
"2207",2207,"A Brewer"
"2208",2208,"K Fukuda"
"2209",2209,"D Anderson"
"2210",2210,"E Awh"
"2211",2211,"M Kang"
"2212",2212,"R Speiser"
"2213",2213,"B Angelone"
"2214",2214,"N Wilson"
"2215",2215,"V Osborne"
"2216",2216,"Z Leonardo"
"2217",2217,"B Dungan"
"2218",2218,"A Gilman"
"2219",2219,"C Ware"
"2220",2220,"J Limber"
"2221",2221,"E Ester"
"2222",2222,"B Kuhl"
"2223",2223,"J Rissman"
"2224",2224,"A Wagner"
"2225",2225,"H Gauchou"
"2226",2226,"R Rensink"
"2227",2227,"D Fougnie"
"2228",2228,"C Asplund"
"2229",2229,"T Watkins"
"2230",2230,"R Marois"
"2231",2231,"W Chu"
"2232",2232,"D Kit"
"2233",2233,"K Snyder"
"2234",2234,"O Joubert"
"2235",2235,"A November"
"2236",2236,"N Davidenko"
"2237",2237,"M Ramscar"
"2238",2238,"K Ngo"
"2239",2239,"S Takahama"
"2240",2240,"I Ohzawa"
"2241",2241,"Y Yoshioka"
"2242",2242,"M Walsh"
"2243",2243,"A Shelton"
"2244",2244,"D Varakin"
"2245",2245,"M Beck"
"2246",2246,"A Noyce"
"2247",2247,"J Maryott"
"2248",2248,"G Huebner"
"2249",2249,"T Brady"
"2250",2250,"B Brisson"
"2251",2251,"M Coll"
"2252",2252,"S Tremblay"
"2253",2253,"H Im"
"2254",2254,"C Shooner"
"2255",2255,"S Tripathy"
"2256",2256,"H Bedell"
"2257",2257,"A Umemoto"
"2258",2258,"R Sapkota"
"2259",2259,"S Pardhan"
"2260",2260,"I Linde"
"2261",2261,"S Hwang"
"2262",2262,"M Sanada"
"2263",2263,"K Ikeda"
"2264",2264,"T Hasegawa"
"2265",2265,"P Thomas"
"2266",2266,"M Jackson"
"2267",2267,"A Lamsweerde"
"2268",2268,"M Patterson"
"2269",2269,"W Low"
"2270",2270,"C Yang"
"2271",2271,"P Wilken"
"2272",2272,"R Berg"
"2273",2273,"J Braun"
"2274",2274,"M Machizawa"
"2275",2275,"L Likova"
"2276",2276,"P Glosson"
"2277",2277,"W Shim"
"2278",2278,"E Hiris"
"2279",2279,"K Ewing"
"2280",2280,"K Zhang"
"2281",2281,"A Saygin"
"2282",2282,"M Harel"
"2283",2283,"D Chang"
"2284",2284,"N Troje"
"2285",2285,"B Kemenade"
"2286",2286,"N Muggleton"
"2287",2287,"M Hirai"
"2288",2288,"D Saunders"
"2289",2289,"R Kramer"
"2290",2290,"R Ward"
"2291",2291,"L Piwek"
"2292",2292,"K Petrini"
"2293",2293,"F Pollick"
"2294",2294,"S Dasgupta"
"2295",2295,"J Pyles"
"2296",2296,"E Grossman"
"2297",2297,"S Tyler"
"2298",2298,"J Garcia"
"2299",2299,"J Thompson"
"2300",2300,"W Baccus"
"2301",2301,"O Mozgova"
"2302",2302,"K Ono"
"2303",2303,"M Kitazaki"
"2304",2304,"R Cook"
"2305",2305,"C Heyes"
"2306",2306,"D Williamson"
"2307",2307,"A Springer"
"2308",2308,"W Prinz"
"2309",2309,"D Niehorster"
"2310",2310,"Z Nadasdy"
"2311",2311,"K Hashimoto"
"2312",2312,"J Leveille"
"2313",2313,"M Versace"
"2314",2314,"K Landwehr"
"2315",2315,"R Baurès"
"2316",2316,"D Oberfeld"
"2317",2317,"H Hecht"
"2318",2318,"J Saunders"
"2319",2319,"D Endres"
"2320",2320,"C Beck"
"2321",2321,"J Bouecke"
"2322",2322,"L Omlor"
"2323",2323,"E Hopkins"
"2324",2324,"T Banton"
"2325",2325,"J Hennig"
"2326",2326,"T Czuba"
"2327",2327,"L Cormack"
"2328",2328,"A Huk"
"2329",2329,"B Rokers"
"2330",2330,"A Martín"
"2331",2331,"M Braunstein"
"2332",2332,"P Willemsen"
"2333",2333,"M Olsen"
"2334",2334,"S Erickson"
"2335",2335,"S Stijn"
"2336",2336,"M Schwalm"
"2337",2337,"W Singer"
"2338",2338,"A Kohler"
"2339",2339,"W Curran"
"2340",2340,"C Lynn"
"2341",2341,"P Wallisch"
"2342",2342,"J Movshon"
"2343",2343,"P Thompson"
"2344",2344,"H Lu"
"2345",2345,"T Lin"
"2346",2346,"A Lee"
"2347",2347,"L Vese"
"2348",2348,"A Yuille"
"2349",2349,"D Nguyen-Tri"
"2350",2350,"E Giora"
"2351",2351,"P Laddis"
"2352",2352,"L Lesmes"
"2353",2353,"S Gepshtein"
"2354",2354,"T Albright"
"2355",2355,"H Tahir"
"2356",2356,"C Or"
"2357",2357,"M Thabet"
"2358",2358,"C Wu"
"2359",2359,"H Ashida"
"2360",2360,"A Kitaoka"
"2361",2361,"R Hisakata"
"2362",2362,"H Takemura"
"2363",2363,"P Scarfe"
"2364",2364,"M Robertson"
"2365",2365,"S Windeatt"
"2366",2366,"D Kane"
"2367",2367,"C Cassanello"
"2368",2368,"M Edwards"
"2369",2369,"D Badcock"
"2370",2370,"C Simoncini"
"2371",2371,"P Kornprobst"
"2372",2372,"E Tlapale"
"2373",2373,"K Maruya"
"2374",2374,"D Glasser"
"2375",2375,"D Tadin"
"2376",2376,"T Barnes"
"2377",2377,"S Durant"
"2378",2378,"É Tlapale"
"2379",2379,"D Apthorp"
"2380",2380,"D Alais"
"2381",2381,"D Arathorn"
"2382",2382,"Q Yang"
"2383",2383,"P Tiruveedhula"
"2384",2384,"N Putnam"
"2385",2385,"S Anstis"
"2386",2386,"D Arnoldussen"
"2387",2387,"J Goossens"
"2388",2388,"A Rider"
"2389",2389,"K Dieter"
"2390",2390,"B Knörlein"
"2391",2391,"M Harders"
"2392",2392,"W Fujisaki"
"2393",2393,"P Binda"
"2394",2394,"C Lunghi"
"2395",2395,"E Burg"
"2396",2396,"D Winter"
"2397",2397,"J Lugo"
"2398",2398,"R Doti"
"2399",2399,"D Jankovic"
"2400",2400,"S Onimaru"
"2401",2401,"D Peterzell"
"2402",2402,"T Rutledge"
"2403",2403,"K Parkes"
"2404",2404,"M Golish"
"2405",2405,"J McQuaid"
"2406",2406,"E Makovac"
"2407",2407,"T Otto"
"2408",2408,"B Hu"
"2409",2409,"R Dearing"
"2410",2410,"L Harris"
"2411",2411,"R Dyde"
"2412",2412,"K Sakurai"
"2413",2413,"T Kubodera"
"2414",2414,"P Grove"
"2415",2415,"S Sakamoto"
"2416",2416,"Y Suzuki"
"2417",2417,"C Spence"
"2418",2418,"I Kerrigan"
"2419",2419,"J Zacher"
"2420",2420,"M Jenkin"
"2421",2421,"H Jenkin"
"2422",2422,"N Witthoft"
"2423",2423,"J Winawer"
"2424",2424,"C Noble"
"2425",2425,"J Mossbridge"
"2426",2426,"D Brang"
"2427",2427,"V Ramachandran"
"2428",2428,"M Jarick"
"2429",2429,"C Hawco"
"2430",2430,"T Ferretti"
"2431",2431,"M Asano"
"2432",2432,"S Nelson"
"2433",2433,"M Bray"
"2434",2434,"S Leal"
"2435",2435,"B Alvarez"
"2436",2436,"E Barenholtz"
"2437",2437,"M Davidson"
"2438",2438,"D Lewkowicz"
"2439",2439,"L Kogelschatz"
"2440",2440,"T Reh"
"2441",2441,"T Hine"
"2442",2442,"M Chappell"
"2443",2443,"S Dobbyn"
"2444",2444,"P McDonald"
"2445",2445,"H Rice"
"2446",2446,"C O'Sullivan"
"2447",2447,"G Desmarais"
"2448",2448,"M Fisher"
"2449",2449,"J Nicol"
"2450",2450,"D Rogers"
"2451",2451,"H Kafaligonul"
"2452",2452,"G Stoner"
"2453",2453,"S Kanaya"
"2454",2454,"L Shams"
"2455",2455,"R Kim"
"2456",2456,"P Vetter"
"2457",2457,"L Baugh"
"2458",2458,"J Lawrence"
"2459",2459,"N Persaud"
"2460",2460,"D Mobbs"
"2461",2461,"R Passingham"
"2462",2462,"A Cowey"
"2463",2463,"J Jones"
"2464",2464,"D Dedrick"
"2465",2465,"L Lin"
"2466",2466,"S Gaal"
"2467",2467,"R Ridderinkhof"
"2468",2468,"D Rahnev"
"2469",2469,"L Bahdo"
"2470",2470,"M Munneke"
"2471",2471,"F Lange"
"2472",2472,"C Bordier"
"2473",2473,"M Dojat"
"2474",2474,"C Leek"
"2475",2475,"R Bracewell"
"2476",2476,"J Hindle"
"2477",2477,"M"
"2478",2478,"I Fine"
"2479",2479,"R Maddock"
"2480",2480,"F Patrizia"
"2481",2481,"A Bosco"
"2482",2482,"R Breveglieri"
"2483",2483,"C Galletti"
"2484",2484,"F Arcizet"
"2485",2485,"J Yau"
"2486",2486,"A Pasupathy"
"2487",2487,"S Brincat"
"2488",2488,"C Connor"
"2489",2489,"D Salat"
"2490",2490,"S Weigelt"
"2491",2491,"K Pohl"
"2492",2492,"T Preston"
"2493",2493,"S Thompson"
"2494",2494,"N Bilenko"
"2495",2495,"A Huth"
"2496",2496,"J Julian"
"2497",2497,"W Vincent"
"2498",2498,"H Kolster"
"2499",2499,"R Peeters"
"2500",2500,"J Sexton"
"2501",2501,"J Gore"
"2502",2502,"C Gatenby"
"2503",2503,"B Hansen"
"2504",2504,"T Jacques"
"2505",2505,"K McKinnon"
"2506",2506,"I Neville"
"2507",2507,"J Wattam-Bell"
"2508",2508,"A Loon"
"2509",2509,"L Koelewijn"
"2510",2510,"J Dumont"
"2511",2511,"A Rich"
"2512",2512,"B Yang"
"2513",2513,"F Wang"
"2514",2514,"X Ma"
"2515",2515,"J Fesi"
"2516",2516,"R Gilmore"
"2517",2517,"R Cowell"
"2518",2518,"D Huber"
"2519",2519,"F Khawaja"
"2520",2520,"C Pack"
"2521",2521,"J Mayo"
"2522",2522,"C Tan"
"2523",2523,"J Singer"
"2524",2524,"T Serre"
"2525",2525,"D Sheinberg"
"2526",2526,"T Poggio"
"2527",2527,"A Anand"
"2528",2528,"T Berger-Wolf"
"2529",2529,"C Hass"
"2530",2530,"G Horwitz"
"2531",2531,"K Srinivasan"
"2532",2532,"C Yeh"
"2533",2533,"D Xing"
"2534",2534,"D Butts"
"2535",2535,"A Casti"
"2536",2536,"H Sigurdardottir"
"2537",2537,"N Wagatsuma"
"2538",2538,"T Mishima"
"2539",2539,"T Fukai"
"2540",2540,"K Sakai"
"2541",2541,"J Lu"
"2542",2542,"A Roe"
"2543",2543,"A Harel"
"2544",2544,"R Malach"
"2545",2545,"M Kwon"
"2546",2546,"M Cauchoix"
"2547",2547,"G Kreiman"
"2548",2548,"D Fize"
"2549",2549,"S Bracci"
"2550",2550,"M Ietswaart"
"2551",2551,"C Cavina-Pratesi"
"2552",2552,"C Konen"
"2553",2553,"M Nishimura"
"2554",2554,"S Kastner"
"2555",2555,"J Golomb"
"2556",2556,"M Dubois"
"2557",2557,"S Valdois"
"2558",2558,"D Remus"
"2559",2559,"K Grill-Spector"
"2560",2560,"M Hughes"
"2561",2561,"D Fernandez-Duque"
"2562",2562,"R Jain"
"2563",2563,"D Petters"
"2564",2564,"M Juttner"
"2565",2565,"J Markowitz"
"2566",2566,"Y Cao"
"2567",2567,"O Amir"
"2568",2568,"P Bordaberry"
"2569",2569,"W Yamashita"
"2570",2570,"K So"
"2571",2571,"L Conlan"
"2572",2572,"A Gauthier"
"2573",2573,"A Connolly"
"2574",2574,"J Haxby"
"2575",2575,"B Emanuele"
"2576",2576,"S Savazzi"
"2577",2577,"K Schreiber"
"2578",2578,"K Hayworth"
"2579",2579,"M Lescroart"
"2580",2580,"S Fogelson"
"2581",2581,"J Guntupalli"
"2582",2582,"J Friedenberg"
"2583",2583,"T Keating"
"2584",2584,"z hammal"
"2585",2585,"f gosselin"
"2586",2586,"i peretz"
"2587",2587,"s hebert"
"2588",2588,"C Thomas"
"2589",2589,"M Arcaro"
"2590",2590,"P Lenkic"
"2591",2591,"G Baldridge"
"2592",2592,"O Lo"
"2593",2593,"S Mihalas"
"2594",2594,"Y Dong"
"2595",2595,"E Niebur"
"2596",2596,"P Bao"
"2597",2597,"Y Agam"
"2598",2598,"H Liu"
"2599",2599,"C Buia"
"2600",2600,"A Papanastassiou"
"2601",2601,"A Golby"
"2602",2602,"J Madsen"
"2603",2603,"C Rinaudo"
"2604",2604,"I Nemenman"
"2605",2605,"M Anghel"
"2606",2606,"J George"
"2607",2607,"K Sanbonmatsu"
"2608",2608,"R Bennett"
"2609",2609,"C Renaudo"
"2610",2610,"L Sharan"
"2611",2611,"E Adelson"
"2612",2612,"M Mack"
"2613",2613,"X He"
"2614",2614,"H Schendan"
"2615",2615,"L Lucia"
"2616",2616,"K Taniguchi"
"2617",2617,"T Tayama"
"2618",2618,"I Groen"
"2619",2619,"M Li"
"2620",2620,"H Galperin"
"2621",2621,"D Kinka"
"2622",2622,"K Roberts"
"2623",2623,"C Bukach"
"2624",2624,"D Wyatte"
"2625",2625,"R O'Reilly"
"2626",2626,"D Parks"
"2627",2627,"J McInerney"
"2628",2628,"G Ganis"
"2629",2629,"T Carlson"
"2630",2630,"J Mesik"
"2631",2631,"J Turret"
"2632",2632,"D Rothlein"
"2633",2633,"F Ahmed"
"2634",2634,"E Walsh"
"2635",2635,"L Zhao"
"2636",2636,"P Arnold"
"2637",2637,"N Yamamoto"
"2638",2638,"K Fujimoto"
"2639",2639,"J Higgins"
"2640",2640,"J Fahrenfort"
"2641",2641,"K Heinen"
"2642",2642,"J Silvanto"
"2643",2643,"G"
"2644",2644,"S Alla"
"2645",2645,"C Sheldon"
"2646",2646,"B Vermaercke"
"2647",2647,"V Elkis"
"2648",2648,"K Martens"
"2649",2649,"J Taylor"
"2650",2650,"D Cowie"
"2651",2651,"P Limousin"
"2652",2652,"A Peters"
"2653",2653,"B Day"
"2654",2654,"J Matthis"
"2655",2655,"H Bruggeman"
