"","id","label"
"1",1,"K Shapiro"
"2",2,"E Martin"
"3",3,"I Arend"
"4",4,"S Johnston"
"5",5,"C Klein"
"6",6,"S Joo"
"7",7,"S Chong"
"8",8,"M MacLean"
"9",9,"K Stokes"
"10",10,"C Gicante"
"11",11,"K Arnell"
"12",12,"G Dale"
"13",13,"R Young"
"14",14,"J Kawahara"
"15",15,"L Jefferies"
"16",16,"V Lollo"
"17",17,"D Hanus"
"18",18,"E Vul"
"19",19,"N Kanwisher"
"20",20,"P Dux"
"21",21,"R Marois"
"22",22,"I Harris"
"23",23,"C Benito"
"24",24,"F Chua"
"25",25,"J Sy"
"26",26,"B Giesbrecht"
"27",27,"J Elliott"
"28",28,"J Reiss"
"29",29,"J Hoffman"
"30",30,"F Heyward"
"31",31,"M Doran"
"32",32,"S Most"
"33",33,"C Oriet"
"34",34,"J Corbett"
"35",35,"D Bridge"
"36",36,"H Choo"
"37",37,"J Chiao"
"38",38,"L Trick"
"39",39,"S Brandigampola"
"40",40,"J Enns"
"41",41,"B Harvey"
"42",42,"A Cowey"
"43",43,"O Braddick"
"44",44,"J Wattam-Bell"
"45",45,"D Birtles"
"46",46,"W Li"
"47",47,"P Lin"
"48",48,"J Atkinson"
"49",49,"R Allard"
"50",50,"J Faubert"
"51",51,"D Liu"
"52",52,"G Sperling"
"53",53,"A Rider"
"54",54,"A Johnston"
"55",55,"P McOwan"
"56",56,"C Aaen-Stockdale"
"57",57,"R Hess"
"58",58,"S Gillespie"
"59",59,"M Braunstein"
"60",60,"G Andersen"
"61",61,"H Takemura"
"62",62,"I Murakami"
"63",63,"A Clarke"
"64",64,"S Rainville"
"65",65,"H Gomi"
"66",66,"S Nishida"
"67",67,"R Gilmore"
"68",68,"S Mattes"
"69",69,"A Christensen"
"70",70,"R Lew"
"71",71,"B Dyre"
"72",72,"B Rokers"
"73",73,"L Cormack"
"74",74,"A Huk"
"75",75,"K Lee"
"76",76,"N Grzywacz"
"77",77,"A Alvarez"
"78",78,"D Hoffman"
"79",79,"M Banks"
"80",80,"A Lee"
"81",81,"A Yuille"
"82",82,"H Lu"
"83",83,"J Billino"
"84",84,"D Braun"
"85",85,"F Bremmer"
"86",86,"K Gegenfurtner"
"87",87,"J Swisher"
"88",88,"D Brady"
"89",89,"F Tong"
"90",90,"J Kim"
"91",91,"M Lescroart"
"92",92,"K Hayworth"
"93",93,"I Biederman"
"94",94,"J O'Brien"
"95",95,"H Rutherford"
"96",96,"J Raymond"
"97",97,"Y Chen"
"98",98,"J Haynes"
"99",99,"M Williams"
"100",100,"C Baker"
"101",101,"H Beeck"
"102",102,"S Dang"
"103",103,"C Triantafyllou"
"104",104,"Q Vuong"
"105",105,"J Schultz"
"106",106,"D Drucker"
"107",107,"G Aguirre"
"108",108,"X Wu"
"109",109,"D Zhang"
"110",110,"J Freeman"
"111",111,"T Donner"
"112",112,"D Heeger"
"113",113,"C Tan"
"114",114,"T Serre"
"115",115,"G Kreiman"
"116",116,"T Poggio"
"117",117,"M Brants"
"118",118,"A Baeck"
"119",119,"J Wagemans"
"120",120,"D Remus"
"121",121,"N Davidenko"
"122",122,"Y Hu"
"123",123,"G Glover"
"124",124,"K Grill-Spector"
"125",125,"P Bao"
"126",126,"X Yue"
"127",127,"B Tjan"
"128",128,"P Byrne"
"129",129,"S Pallan"
"130",130,"X Yan"
"131",131,"D Crawford"
"132",132,"B Hu"
"133",133,"D Knill"
"134",134,"K Lau"
"135",135,"E Roy"
"136",136,"G Desmarais"
"137",137,"S Rossit"
"138",138,"K Muir"
"139",139,"I Reeves"
"140",140,"G Duncan"
"141",141,"K Livingstone"
"142",142,"H Jackson"
"143",143,"P Castle"
"144",144,"M Harvey"
"145",145,"C Striemer"
"146",146,"A Blangero"
"147",147,"Y Rossetti"
"148",148,"L Pisella"
"149",149,"J Danckert"
"150",150,"L Brown"
"151",151,"J Culham"
"152",152,"G Kroliczak"
"153",153,"M Goodale"
"154",154,"M Giese"
"155",155,"F Fleischer"
"156",156,"A Casile"
"157",157,"O Kwon"
"158",158,"J Shelton"
"159",159,"L Tremblay"
"160",160,"M Luis"
"161",161,"T Collins"
"162",162,"B Röder"
"163",163,"T Schicke"
"164",164,"S Killingsworth"
"165",165,"D Levin"
"166",166,"G Binsted"
"167",167,"K Brownell"
"168",168,"M Heath"
"169",169,"A Siegel"
"170",170,"I Budge"
"171",171,"M Gill"
"172",172,"D Henriques"
"173",173,"G Buckingham"
"174",174,"D Carey"
"175",175,"D Richters"
"176",176,"S Gabree"
"177",177,"R Eskew"
"178",178,"A Blavier"
"179",179,"A Nyssen"
"180",180,"K Amano"
"181",181,"B Wandell"
"182",182,"S Dumoulin"
"183",183,"I Kuriki"
"184",184,"H Ashida"
"185",185,"A Kitaoka"
"186",186,"A Smith"
"187",187,"M Wall"
"188",188,"W Shim"
"189",189,"Y Jiang"
"190",190,"M Tamietto"
"191",191,"F Cauda"
"192",192,"L Corazzini"
"193",193,"S Savazzi"
"194",194,"C Marzi"
"195",195,"R Goebel"
"196",196,"L Weiskrantz"
"197",197,"B Gelder"
"198",198,"R Sireteanu"
"199",199,"V Oertel"
"200",200,"H Mohr"
"201",201,"C Haenschel"
"202",202,"D Linden"
"203",203,"K Maurer"
"204",204,"W Singer"
"205",205,"M Schwarz"
"206",206,"A Ing"
"207",207,"W Geisler"
"208",208,"Y Ostrovsky"
"209",209,"A Leonova"
"210",210,"P Sinha"
"211",211,"A Oliva"
"212",212,"T Brady"
"213",213,"K May"
"214",214,"K Mueller"
"215",215,"D Do"
"216",216,"D Leopold"
"217",217,"L Maloney"
"218",218,"P Mamassian"
"219",219,"B Backus"
"220",220,"R Fleming"
"221",221,"Y Li"
"222",222,"E Adelson"
"223",223,"A Girshick"
"224",224,"J Burge"
"225",225,"G Erlikhman"
"226",226,"J Todd"
"227",227,"J Christensen"
"228",228,"K Guckes"
"229",229,"R Held"
"230",230,"M Berryhill"
"231",231,"I Olson"
"232",232,"R Sayres"
"233",233,"T Carlson"
"234",234,"H Hogendoorn"
"235",235,"H Fonteijn"
"236",236,"F Verstraten"
"237",237,"R Rajimehr"
"238",238,"K Devaney"
"239",239,"J Young"
"240",240,"G Postelnicu"
"241",241,"R Tootell"
"242",242,"S Gorlin"
"243",243,"J Sharma"
"244",244,"H Sugihara"
"245",245,"M Sur"
"246",246,"Y Wong"
"247",247,"I Gauthier"
"248",248,"N Kriegeskorte"
"249",249,"W Simmons"
"250",250,"P Bellgowan"
"251",251,"C Fantoni"
"252",252,"W Gerbino"
"253",253,"B Farell"
"254",254,"F Julian"
"255",255,"K Stroyan"
"256",256,"J Harris"
"257",257,"A Chopin"
"258",258,"K Zeiner"
"259",259,"R Ni"
"260",260,"M Ishii"
"261",261,"K Yamashita"
"262",262,"Z Tang"
"263",263,"G Chen"
"264",264,"H Tanigawa"
"265",265,"A Roe"
"266",266,"A Jurcoane"
"267",267,"D Mitsieva"
"268",268,"B Choubey"
"269",269,"L Muckli"
"270",270,"H Shigemasu"
"271",271,"Y Miyawaki"
"272",272,"Y Kamitani"
"273",273,"M Kitazaki"
"274",274,"D Giaschi"
"275",275,"K MacKenzie"
"276",276,"C Boden"
"277",277,"A Solski"
"278",278,"L Wilcox"
"279",279,"R Atapattu"
"280",280,"F Durgin"
"281",281,"A Khan"
"282",282,"N Takahashi"
"283",283,"S Heinen"
"284",284,"R McPeek"
"285",285,"K Adolph"
"286",286,"J Franchak"
"287",287,"D Badaly"
"288",288,"M Smith"
"289",289,"J Babcock"
"290",290,"A Fazl"
"291",291,"E Mingolla"
"292",292,"Z Hafed"
"293",293,"R Krauzlis"
"294",294,"C Smith"
"295",295,"Y Tsai"
"296",296,"J Wong"
"297",297,"D Brooks"
"298",298,"M Peterson"
"299",299,"J Najemnik"
"300",300,"C Myers"
"301",301,"W Gray"
"302",302,"N Mennie"
"303",303,"G Underwood"
"304",304,"A Montagnini"
"305",305,"E Castet"
"306",306,"R Raj"
"307",307,"A Bovik"
"308",308,"T McKinney"
"309",309,"K Chajka"
"310",310,"M Hayhoe"
"311",311,"D Wyatte"
"312",312,"T Busey"
"313",313,"J Jovancevic"
"314",314,"B Sullivan"
"315",315,"C Masciocchi"
"316",316,"S Mihalas"
"317",317,"D Parkhurst"
"318",318,"E Niebur"
"319",319,"G Logan"
"320",320,"J Zbrodoff"
"321",321,"X Li"
"322",322,"K Mayer"
"323",323,"L Holm"
"324",324,"J Eriksson"
"325",325,"L Andersson"
"326",326,"M Dodd"
"327",327,"S Stigchel"
"328",328,"A Hollingworth"
"329",329,"A Kingstone"
"330",330,"S Born"
"331",331,"D Kerzel"
"332",332,"T Takeuchi"
"333",333,"K Valois"
"334",334,"E Giora"
"335",335,"S Gori"
"336",336,"Y Kawachi"
"337",337,"P Grove"
"338",338,"K Sakurai"
"339",339,"J Gyoba"
"340",340,"A Inokuma"
"341",341,"T Sato"
"342",342,"T Seno"
"343",343,"S Rushton"
"344",344,"P Sumner"
"345",345,"K Singh"
"346",346,"V Maffei"
"347",347,"E Macaluso"
"348",348,"G Orban"
"349",349,"F Lacquaniti"
"350",350,"Z Pizlo"
"351",351,"S Kim"
"352",352,"T Talavage"
"353",353,"F Pizlo"
"354",354,"R Steinman"
"355",355,"R Hayashi"
"356",356,"K Kawano"
"357",357,"N Paymer"
"358",358,"G Caplovitz"
"359",359,"P Tse"
"360",360,"A Yazdanbakhsh"
"361",361,"A Galmonte"
"362",362,"T Agostini"
"363",363,"M Zenz"
"364",364,"R Cai"
"365",365,"W Prinzmetal"
"366",366,"R Ha"
"367",367,"E Guzman"
"368",368,"G Palafox"
"369",369,"M Grabowecky"
"370",370,"S Suzuki"
"371",371,"A Puri"
"372",372,"D Whitney"
"373",373,"C Ranganath"
"374",374,"N Al-Aidroos"
"375",375,"K Ho"
"376",376,"J Pratt"
"377",377,"S Yigit"
"378",378,"J Palmer"
"379",379,"C Moore"
"380",380,"Y Park"
"381",381,"S Fuller"
"382",382,"M Carrasco"
"383",383,"N Matthews"
"384",384,"S Ghorashi"
"385",385,"A Flevaris"
"386",386,"S Bentin"
"387",387,"L Robertson"
"388",388,"J Abrams"
"389",389,"T Liu"
"390",390,"K Shin"
"391",391,"S Shimozaki"
"392",392,"A Roggeveen"
"393",393,"A Sekuler"
"394",394,"P Bennett"
"395",395,"V DiLollo"
"396",396,"Y Tien"
"397",397,"H Lee"
"398",398,"J Tsai"
"399",399,"L Hsu"
"400",400,"M Nagai"
"401",401,"K Kazai"
"402",402,"H Katayose"
"403",403,"A Yagi"
"404",404,"M Rutherford"
"405",405,"T Susilo"
"406",406,"E McKone"
"407",407,"M Edwards"
"408",408,"V Goffaux"
"409",409,"R Shannon"
"410",410,"S He"
"411",411,"V Willenbockel"
"412",412,"D Fiset"
"413",413,"A Chauvin"
"414",414,"C Blais"
"415",415,"M Arguin"
"416",416,"J Tanaka"
"417",417,"D Bub"
"418",418,"F Gosselin"
"419",419,"P Pallett"
"420",420,"D MacLeod"
"421",421,"D Weiss"
"422",422,"F Haist"
"423",423,"J Stiles"
"424",424,"T Busigny"
"425",425,"S Joubert"
"426",426,"O Felician"
"427",427,"B Rossion"
"428",428,"A Boremanse"
"429",429,"H Wilson"
"430",430,"M Daar"
"431",431,"S Mohsenzadeh"
"432",432,"F Wilkinson"
"433",433,"V Natu"
"434",434,"F Jiang"
"435",435,"A Narvekar"
"436",436,"S Keshvari"
"437",437,"A O'Toole"
"438",438,"M Nishimura"
"439",439,"S Joglekar"
"440",440,"D Maurer"
"441",441,"U Weidenbacher"
"442",442,"H Neumann"
"443",443,"J Davies-Thompson"
"444",444,"S Spyrou"
"445",445,"T Andrews"
"446",446,"G Yovel"
"447",447,"C Chen"
"448",448,"R Tseng"
"449",449,"G Rhodes"
"450",450,"P Michie"
"451",451,"M Hughes"
"452",452,"G Byatt"
"453",453,"S Teng"
"454",454,"Y Tanaka"
"455",455,"T Nogai"
"456",456,"S Munetsuna"
"457",457,"S Arnott"
"458",458,"J Cant"
"459",459,"G Dutton"
"460",460,"K Munhall"
"461",461,"P Leung"
"462",462,"Y Kim"
"463",463,"K Paller"
"464",464,"L Leone"
"465",465,"M McCourt"
"466",466,"D Wozny"
"467",467,"A Seitz"
"468",468,"L Shams"
"469",469,"K Matsumiya"
"470",470,"S Shioiri"
"471",471,"M Gori"
"472",472,"G Sandini"
"473",473,"D Burr"
"474",474,"J Vroomen"
"475",475,"M Keetels"
"476",476,"S Yeh"
"477",477,"C Chiu"
"478",478,"C Hsiao"
"479",479,"K Yokosawa"
"480",480,"A Era"
"481",481,"B Schneider"
"482",482,"K Harman-James"
"483",483,"A Harel"
"484",484,"N Williams"
"485",485,"A Heering"
"486",486,"R Luedeman"
"487",487,"K Nakayama"
"488",488,"G Chatterjee"
"489",489,"J DeGutis"
"490",490,"R McGlinchey"
"491",491,"W Milberg"
"492",492,"H Hanif"
"493",493,"R Khalil"
"494",494,"G Malcolm"
"495",495,"J Barton"
"496",496,"E Nakato"
"497",497,"Y Otsuka"
"498",498,"M Yamaguchi"
"499",499,"R Kakigi"
"500",500,"L Jeffery"
"501",501,"K Kelly"
"502",502,"J Steeves"
"503",503,"C Mondloch"
"504",504,"R Robbins"
"505",505,"G Anzures"
"506",506,"L Ge"
"507",507,"W Zhe"
"508",508,"D Kelly"
"509",509,"O Pascalis"
"510",510,"P Quinn"
"511",511,"A Slater"
"512",512,"R Heide"
"513",513,"M Wenger"
"514",514,"J Howarth"
"515",515,"J Bittner"
"516",516,"K Crookes"
"517",517,"D Karen"
"518",518,"S Vanitha"
"519",519,"G Shroff"
"520",520,"B Kim"
"521",521,"D Hefets"
"522",522,"P Gerhardstein"
"523",523,"F Farzin"
"524",524,"S Rivera"
"525",525,"J Murray"
"526",526,"T Ruffman"
"527",527,"J Halberstadt"
"528",528,"M Halko"
"529",529,"J Lymberis"
"530",530,"D Somers"
"531",531,"A Huth"
"532",532,"C Wilimzig"
"533",533,"L Zinn"
"534",534,"C Koch"
"535",535,"T Konkle"
"536",536,"G Alvarez"
"537",537,"J Johnson"
"538",538,"J Spencer"
"539",539,"G Woodman"
"540",540,"A Tuerk"
"541",541,"L Feigenson"
"542",542,"T Sanocki"
"543",543,"N Sulman"
"544",544,"A Richard"
"545",545,"H Tsubomi"
"546",546,"H Kondo"
"547",547,"K Watanabe"
"548",548,"L Lin"
"549",549,"L Wang"
"550",550,"D Engelhardt"
"551",551,"K Curby"
"552",552,"P Ko"
"553",553,"A Seiffert"
"554",554,"A Umemoto"
"555",555,"M Scolari"
"556",556,"E Vogel"
"557",557,"E Awh"
"558",558,"W Zhang"
"559",559,"S Luck"
"560",560,"I Rasmussen"
"561",561,"I Sligte"
"562",562,"H Scholte"
"563",563,"V Lamme"
"564",564,"J Fiser"
"565",565,"M Lengyel"
"566",566,"S Martinez-Conde"
"567",567,"X Troncoso"
"568",568,"S Macknik"
"569",569,"M Phillips"
"570",570,"S Steenrod"
"571",571,"M Goldberg"
"572",572,"C Leek"
"573",573,"J Churan"
"574",574,"D Guitton"
"575",575,"C Pack"
"576",576,"A Schütz"
"577",577,"L Sharan"
"578",578,"R Rosenholtz"
"579",579,"P Howe"
"580",580,"M Livingstone"
"581",581,"I Morocz"
"582",582,"T Horowitz"
"583",583,"J Wolfe"
"584",584,"P Scalf"
"585",585,"D Beck"
"586",586,"A McCollough"
"587",587,"T Drew"
"588",588,"J Flombaum"
"589",589,"B Scholl"
"590",590,"J Ishikawa"
"591",591,"G Vázquez"
"592",592,"T Makovski"
"593",593,"F Chavane"
"594",594,"A Reynaud"
"595",595,"G Masson"
"596",596,"A Schmid"
"597",597,"F Mechler"
"598",598,"I Ohiorhenuan"
"599",599,"K Purpura"
"600",600,"J Victor"
"601",601,"R Kumbhani"
"602",602,"Y El-Shamayleh"
"603",603,"J Movshon"
"604",604,"C Hussar"
"605",605,"L Lui"
"606",606,"T Pasternak"
"607",607,"C Cassanello"
"608",608,"A Nihalani"
"609",609,"V Ferrera"
"610",610,"J Vangeneugden"
"611",611,"F Pollick"
"612",612,"R Vogels"
"613",613,"D Cohen"
"614",614,"C Czeisler"
"615",615,"E Klerman"
"616",616,"J Halberda"
"617",617,"T Hunter"
"618",618,"P Pietroski"
"619",619,"J Lidz"
"620",620,"A Lleras"
"621",621,"J Ahn"
"622",622,"B Levinthal"
"623",623,"S Gaal"
"624",624,"K Ridderinkhof"
"625",625,"J Fahrenfort"
"626",626,"O Carter"
"627",627,"S Mitroff"
"628",628,"I Motoyoshi"
"629",629,"S Hayakawa"
"630",630,"T Kelley"
"631",631,"N Lavie"
"632",632,"P Kang"
"633",633,"S Shevell"
"634",634,"G Maehara"
"635",635,"P Huang"
"636",636,"Y Su"
"637",637,"T Ooi"
"638",638,"Z He"
"639",639,"E Reavis"
"640",640,"S Afraz"
"641",641,"P Zhang"
"642",642,"R St.Clair"
"643",643,"S Hong"
"644",644,"S Ling"
"645",645,"R Blake"
"646",646,"D Alais"
"647",647,"D Apthorp"
"648",648,"P Wenderoth"
"649",649,"B Breitmeyer"
"650",650,"T Pham"
"651",651,"B Sheth"
"652",652,"E Kimura"
"653",653,"S Abe"
"654",654,"K Goryo"
"655",655,"Y Lerner"
"656",656,"M Fukui"
"657",657,"N Rubin"
"658",658,"S Jackson"
"659",659,"N Brady"
"660",660,"F Cummins"
"661",661,"C Lamirel"
"662",662,"J Hupé"
"663",663,"J Lorenceau"
"664",664,"T Knapen"
"665",665,"J Pearson"
"666",666,"J Brascamp"
"667",667,"R Ee"
"668",668,"S Chien"
"669",669,"J Chen"
"670",670,"P Phillips"
"671",671,"J Ayyad"
"672",672,"H Zhang"
"673",673,"Z Wang"
"674",674,"S Lebrecht"
"675",675,"L Pierce"
"676",676,"M Tarr"
"677",677,"N Elms"
"678",678,"W Hayward"
"679",679,"G Zhou"
"680",680,"E Jaquet"
"681",681,"H Buttle"
"682",682,"J East"
"683",683,"A Zlotnik"
"684",684,"S Yaish"
"685",685,"O Yehezkel"
"686",686,"M Belkin"
"687",687,"Z Zalevsky"
"688",688,"J Kubilius"
"689",689,"D Dilks"
"690",690,"S Wolfson"
"691",691,"N Graham"
"692",692,"S Pan"
"693",693,"J Foley"
"694",694,"C Abbey"
"695",695,"S Kies"
"696",696,"C Chubb"
"697",697,"M Hairol"
"698",698,"S Waugh"
"699",699,"A Tomassini"
"700",700,"J Solomon"
"701",701,"M Morgan"
"702",702,"P Mineault"
"703",703,"S Jeon"
"704",704,"Z Lu"
"705",705,"B Dosher"
"706",706,"M Katkov"
"707",707,"D Sagi"
"708",708,"M Kramer"
"709",709,"L Olzak"
"710",710,"A Haun"
"711",711,"E Essock"
"712",712,"M Lev"
"713",713,"U Polat"
"714",714,"M Levine"
"715",715,"J McAnany"
"716",716,"J Anderson"
"717",717,"P Hibbeler"
"718",718,"M Poletti"
"719",719,"M Rucci"
"720",720,"A Rosenberg"
"721",721,"T Husson"
"722",722,"A Mallik"
"723",723,"N Issa"
"724",724,"T Rubin"
"725",725,"C Wright"
"726",726,"S Wong"
"727",727,"S Allred"
"728",728,"L Lohnas"
"729",729,"D Brainard"
"730",730,"B Anderson"
"731",731,"C Silva"
"732",732,"M Whitbread"
"733",733,"B Blakeslee"
"734",734,"D Reetz"
"735",735,"A Radonjić"
"736",736,"O Escobar"
"737",737,"S Ivory"
"738",738,"A Gilchrist"
"739",739,"M Rudd"
"740",740,"A Shapiro"
"741",741,"E Knight"
"742",742,"H Gerhard"
"743",743,"F Poirier"
"744",744,"T Vladusich"
"745",745,"A Robinson"
"746",746,"V Sa"
"747",747,"H Horiguchi"
"748",748,"S Nakadomari"
"749",749,"A Furuta"
"750",750,"Y Masuda"
"751",751,"K Asakawa"
"752",752,"T Koike"
"753",753,"S Kan"
"754",754,"M Misaki"
"755",755,"S Miyauchi"
"756",756,"R Heitz"
"757",757,"P Pouget"
"758",758,"J Cohen"
"759",759,"J Schall"
"760",760,"V Christopoulos"
"761",761,"P Schrater"
"762",762,"S Watt"
"763",763,"B Keefe"
"764",764,"P Hibbard"
"765",765,"V Franz"
"766",766,"N Bruno"
"767",767,"L Desanghere"
"768",768,"J Marotta"
"769",769,"C Hesse"
"770",770,"M Mon-Williams"
"771",771,"G Bingham"
"772",772,"M Elsby"
"773",773,"C Gonzalez"
"774",774,"J Charles"
"775",775,"S Kent"
"776",776,"E Jansson"
"777",777,"L Issen"
"778",778,"P Bulakowski"
"779",779,"R Post"
"780",780,"J Neva"
"781",781,"R Pedersini"
"782",782,"M Wert"
"783",783,"M Kunar"
"784",784,"S Flusberg"
"785",785,"N Nova"
"786",786,"M Fleck"
"787",787,"T Gao"
"788",788,"G Newman"
"789",789,"C Williams"
"790",790,"A Pollatsek"
"791",791,"K Cave"
"792",792,"M Stroud"
"793",793,"H Yang"
"794",794,"H Oh"
"795",795,"H Leung"
"796",796,"G Zelinsky"
"797",797,"J Schmidt"
"798",798,"L Lanagan-Leitzel"
"799",799,"H Godwin"
"800",800,"T Menneer"
"801",801,"S Helman"
"802",802,"R Way"
"803",803,"N Donnelly"
"804",804,"J Droll"
"805",805,"M Eckstein"
"806",806,"N Gaid"
"807",807,"J Mills"
"808",808,"A Hillstrom"
"809",809,"M Krokos"
"810",810,"H Liesker"
"811",811,"E Brenner"
"812",812,"J Smeets"
"813",813,"E Palmer"
"814",814,"C Brown"
"815",815,"T Clausner"
"816",816,"P Kellman"
"817",817,"S Rigutti"
"818",818,"J Shive"
"819",819,"G Francis"
"820",820,"T Yoshida"
"821",821,"T Kashiwada"
"822",822,"N Kajiwara"
"823",823,"K Kitahara"
"824",824,"T Wake"
"825",825,"T Stephens"
"826",826,"E Amit"
"827",827,"Y Trope"
"828",828,"E Caddigan"
"829",829,"D Walther"
"830",830,"L Fei-Fei"
"831",831,"C Gaspar"
"832",832,"G Rousselet"
"833",833,"C Mullin"
"834",834,"J Démonet"
"835",835,"E Ward"
"836",836,"W Parker"
"837",837,"A Feiler"
"838",838,"R Epstein"
"839",839,"K Sanders"
"840",840,"J Haberman"
"841",841,"J Gardner"
"842",842,"C Fowlkes"
"843",843,"C Nothelfer"
"844",844,"S Palmer"
"845",845,"A DelPozo"
"846",846,"S Savarese"
"847",847,"D Baker"
"848",848,"D Simons"
"849",849,"L Nakano"
"850",850,"A Yoonessi"
"851",851,"F Kingdom"
"852",852,"M Viva"
"853",853,"G Punzi"
"854",854,"L Iwaki"
"855",855,"T Harp"
"856",856,"K Knoblauch"
"857",857,"C Olman"
"858",858,"H Boyaci"
"859",859,"F Fang"
"860",860,"K Doerschner"
"861",861,"D Ellemberg"
"862",862,"A Johnson"
"863",863,"B Hansen"
"864",864,"G Desbordes"
"865",865,"E Arsenault"
"866",866,"N Prins"
"867",867,"I Scofield"
"868",868,"B Webb"
"869",869,"T Ledgeway"
"870",870,"P McGraw"
"871",871,"C Fermuller"
"872",872,"Y Xu"
"873",873,"H Ji"
"874",874,"L Battelli"
"875",875,"R Rullen"
"876",876,"A Pascual-Leone"
"877",877,"J Rüter"
"878",878,"F Scharnowski"
"879",879,"T Kammer"
"880",880,"M Herzog"
"881",881,"A D'Antona"
"882",882,"J Kremers"
"883",883,"C Cooper"
"884",884,"B Ramsden"
"885",885,"E Pechenkova"
"886",886,"S Takei"
"887",887,"W Fujisaki"
"888",888,"D Poggel"
"889",889,"C Calmanti"
"890",890,"B Treutwein"
"891",891,"H Strasburger"
"892",892,"A Bruno"
"893",893,"I Ayhan"
"894",894,"M Maertens"
"895",895,"R Shapley"
"896",896,"J Mulligan"
"897",897,"S Stevenson"
"898",898,"A Holcombe"
"899",899,"D Linares"
"900",900,"N Dill"
"901",901,"H Benav"
"902",902,"R Wilke"
"903",903,"A Stett"
"904",904,"E Zrenner"
"905",905,"M Wolf"
"906",906,"R Whitwell"
"907",907,"C Chapman"
"908",908,"J Witt"
"909",909,"S Khan"
"910",910,"P Chouinard"
"911",911,"K Valyear"
"912",912,"P Fattori"
"913",913,"R Breveglieri"
"914",914,"N Marzocchi"
"915",915,"A Bosco"
"916",916,"C Galletti"
"917",917,"M Yanike"
"918",918,"T Makin"
"919",919,"N Holmes"
"920",920,"C Brozzoli"
"921",921,"A Farnè"
"922",922,"L Thaler"
"923",923,"C Hickey"
"924",924,"J Theeuwes"
"925",925,"J Jungé"
"926",926,"W Schoonveld"
"927",927,"D Samaras"
"928",928,"T Foulsham"
"929",929,"R Dewhurst"
"930",930,"Y Kuzmova"
"931",931,"A Rich"
"932",932,"A Brown"
"933",933,"D Lindsey"
"934",934,"E Reijnen"
"935",935,"J Drewes"
"936",936,"F Barthelemy"
"937",937,"J Fleuriet"
"938",938,"P Hsieh"
"939",939,"K Vallam"
"940",940,"K Kalia"
"941",941,"D Tadin"
"942",942,"D Glasser"
"943",943,"T Lewis"
"944",944,"F Khawaja"
"945",945,"J Tsui"
"946",946,"L Lovejoy"
"947",947,"B Noudoost"
"948",948,"T Moore"
"949",949,"D Kersten"
"950",950,"C Mevorach"
"951",951,"G Humphreys"
"952",952,"L Shalev"
"953",953,"S Han"
"954",954,"A Hsu"
"955",955,"V Morash"
"956",956,"T Cherian"
"957",957,"C Pernet"
"958",958,"C Stephanie"
"959",959,"d Olivier"
"960",960,"R Meike"
"961",961,"J Corentin"
"962",962,"R Bruno"
"963",963,"J Heisz"
"964",964,"J Shedden"
"965",965,"B Sadeh"
"966",966,"I Podlipsky"
"967",967,"T Hendler"
"968",968,"A Zhdanov"
"969",969,"A Caldara"
"970",970,"E Mayer"
"971",971,"R Caldara"
"972",972,"R Jenkins"
"973",973,"D Brennan"
"974",974,"B Condon"
"975",975,"D Hadley"
"976",976,"V Axelrod"
"977",977,"A Sekunova"
"978",978,"C Fox"
"979",979,"G Iaria"
"980",980,"M Meng"
"981",981,"G Singal"
"982",982,"M Mur"
"983",983,"D Ruff"
"984",984,"J Bodurka"
"985",985,"P Bandettini"
"986",986,"L Dricot"
"987",987,"V Blanz"
"988",988,"B Duchaine"
"989",989,"L Garrido"
"990",990,"L Schmalzl"
"991",991,"R Palermo"
"992",992,"M Green"
"993",993,"R Brunsdon"
"994",994,"M Coltheart"
"995",995,"A Hoover"
"996",996,"R Adams"
"997",997,"D MacNeil"
"998",998,"C Dove"
"999",999,"M Courage"
"1000",1000,"V Ciaramitaro"
"1001",1001,"K Dobkins"
"1002",1002,"V Reis"
"1003",1003,"R Ranvaud"
"1004",1004,"L Canto-Pereira"
"1005",1005,"J Zosh"
"1006",1006,"E Roudaia"
"1007",1007,"B Dessalegn"
"1008",1008,"B Landau"
"1009",1009,"E Gregory"
"1010",1010,"M McCloskey"
"1011",1011,"N Taylor"
"1012",1012,"L Jakobson"
"1013",1013,"A Janette"
"1014",1014,"B Dee"
"1015",1015,"A Shirley"
"1016",1016,"B Oliver"
"1017",1017,"R Mary"
"1018",1018,"C Frances"
"1019",1019,"E David"
"1020",1020,"T Candy"
"1021",1021,"T Baker"
"1022",1022,"A Norcia"
"1023",1023,"S Govenlock"
"1024",1024,"K Kliegl"
"1025",1025,"N Klein"
"1026",1026,"J Brooks"
"1027",1027,"S Greffou"
"1028",1028,"A Piotrowski"
"1029",1029,"J Fischer"
"1030",1030,"F Fortenbaugh"
"1031",1031,"I Mareschal"
"1032",1032,"D Whitaker"
"1033",1033,"D Levi"
"1034",1034,"L Montaser-Kouhsari"
"1035",1035,"B Balas"
"1036",1036,"E Rislove"
"1037",1037,"T Saarela"
"1038",1038,"B Sayim"
"1039",1039,"G Westheimer"
"1040",1040,"S Song"
"1041",1041,"G Sun"
"1042",1042,"S Chung"
"1043",1043,"A Nandy"
"1044",1044,"D Wu"
"1045",1045,"P Cavanagh"
"1046",1046,"J Zhang"
"1047",1047,"L Liu"
"1048",1048,"C Yu"
"1049",1049,"M Montalembert"
"1050",1050,"L Auclair"
"1051",1051,"J O'Shea"
"1052",1052,"M Agrawala"
"1053",1053,"A Schofield"
"1054",1054,"P Sun"
"1055",1055,"A Pozo"
"1056",1056,"Y Fujii"
"1057",1057,"H Kaneko"
"1058",1058,"H Mizushina"
"1059",1059,"A Li"
"1060",1060,"Q Zaidi"
"1061",1061,"C Wong"
"1062",1062,"C Cheng"
"1063",1063,"A Yonas"
"1064",1064,"T Papathomas"
"1065",1065,"A Sherman"
"1066",1066,"A Jain"
"1067",1067,"A Sakai"
"1068",1068,"K Fujita"
"1069",1069,"C Parron"
"1070",1070,"J Fagot"
"1071",1071,"Z Bian"
"1072",1072,"A Shavit"
"1073",1073,"L Matin"
"1074",1074,"M Jensen"
"1075",1075,"K Olson"
"1076",1076,"B Angelone"
"1077",1077,"S Severino"
"1078",1078,"M Asano"
"1079",1079,"S Kanaya"
"1080",1080,"M Brady"
"1081",1081,"J Allen"
"1082",1082,"R Fendrich"
"1083",1083,"H Hughes"
"1084",1084,"M Hayes"
"1085",1085,"K Swallow"
"1086",1086,"M Ichikawa"
"1087",1087,"T Kabata"
"1088",1088,"E Matsumoto"
"1089",1089,"J Trommershauser"
"1090",1090,"C Benson"
"1091",1091,"G West"
"1092",1092,"S Stevens"
"1093",1093,"C Pun"
"1094",1094,"R Li"
"1095",1095,"D Bavelier"
"1096",1096,"F Baluch"
"1097",1097,"L Itti"
"1098",1098,"O Krigolson"
"1099",1099,"C Holroyd"
"1100",1100,"Y Liu"
"1101",1101,"D Kim"
"1102",1102,"T Watanabe"
"1103",1103,"Y Tsushima"
"1104",1104,"E Tartaglia"
"1105",1105,"K Aaberg"
"1106",1106,"S Sheehan"
"1107",1107,"J Garcia"
"1108",1108,"R Srinivasan"
"1109",1109,"E Grossman"
"1110",1110,"M Grosbras"
"1111",1111,"J Lauder"
"1112",1112,"D Balslev"
"1113",1113,"C Miall"
"1114",1114,"S Heinrich"
"1115",1115,"D Mell"
"1116",1116,"M Bach"
"1117",1117,"G Fuggetta"
"1118",1118,"J Silvanto"
"1119",1119,"N Muggleton"
"1120",1120,"E Pavone"
"1121",1121,"M Feurra"
"1122",1122,"L Sartori"
"1123",1123,"V Walsh"
"1124",1124,"M Yoshida"
"1125",1125,"K Takaura"
"1126",1126,"T Isa"
"1127",1127,"B Rosenau"
"1128",1128,"A Greenberg"
"1129",1129,"J Sunness"
"1130",1130,"S Yantis"
"1131",1131,"B Wolynski"
"1132",1132,"M Kanowski"
"1133",1133,"M Hoffmann"
"1134",1134,"E Zohary"
"1135",1135,"C Konen"
"1136",1136,"M Pinsk"
"1137",1137,"M Arcaro"
"1138",1138,"S Kastner"
"1139",1139,"K Weiner"
"1140",1140,"R Wilson"
"1141",1141,"P Pearson"
"1142",1142,"B Bolster"
"1143",1143,"U Sboto-Frankenstein"
"1144",1144,"L Ma"
"1145",1145,"Q Gong"
"1146",1146,"H Liu"
"1147",1147,"X Cao"
"1148",1148,"Y Deng"
"1149",1149,"H Chen"
"1150",1150,"X Weng"
"1151",1151,"H Haladjian"
"1152",1152,"Z Pylyshyn"
"1153",1153,"M Frank"
"1154",1154,"V Mansinghka"
"1155",1155,"S Mednick"
"1156",1156,"D Cai"
"1157",1157,"C Rieth"
"1158",1158,"J Kanady"
"1159",1159,"M Cohen"
"1160",1160,"A White"
"1161",1161,"H Fehd"
"1162",1162,"M Huff"
"1163",1163,"G Jahn"
"1164",1164,"S Schwan"
"1165",1165,"E Mettler"
"1166",1166,"B Keane"
"1167",1167,"S Perone"
"1168",1168,"D Tinjust"
"1169",1169,"S Tripathy"
"1170",1170,"G Kennedy"
"1171",1171,"B Barrett"
"1172",1172,"C Nandakumar"
"1173",1173,"J Malik"
"1174",1174,"M Mack"
"1175",1175,"T Palmeri"
"1176",1176,"A Pasqualotto"
"1177",1177,"I Reppa"
"1178",1178,"R Niimi"
"1179",1179,"D Kravitz"
"1180",1180,"L Vinson"
"1181",1181,"H Galperin"
"1182",1182,"P Bex"
"1183",1183,"M Dixon"
"1184",1184,"H Liao"
"1185",1185,"S Shimojo"
"1186",1186,"B deGelder"
"1187",1187,"M Saenz"
"1188",1188,"M Jarick"
"1189",1189,"E Maxwell"
"1190",1190,"D Smilek"
"1191",1191,"M Luca"
"1192",1192,"M Ernst"
"1193",1193,"W Adams"
"1194",1194,"D Bulkin"
"1195",1195,"U Werner-Reiss"
"1196",1196,"J Groh"
"1197",1197,"F Maij"
"1198",1198,"G Herzmann"
"1199",1199,"O Kunina"
"1200",1200,"O Wilhelm"
"1201",1201,"W Sommer"
"1202",1202,"A Nestor"
"1203",1203,"M Ramscar"
"1204",1204,"A Harris"
"1205",1205,"M Moulson"
"1206",1206,"C Nelson"
"1207",1207,"H Filippini"
"1208",1208,"R Allison"
"1209",1209,"B Gillam"
"1210",1210,"S Palmisano"
"1211",1211,"Y Bonneh"
"1212",1212,"L Likova"
"1213",1213,"C Tyler"
"1214",1214,"A Welchman"
"1215",1215,"T Preston"
"1216",1216,"S Li"
"1217",1217,"C Rothkopf"
"1218",1218,"D Ballard"
"1219",1219,"T Sawada"
"1220",1220,"E Schlicht"
"1221",1221,"A Seydell"
"1222",1222,"B McCann"
"1223",1223,"J Trommershaeuser"
"1224",1224,"S Wu"
"1225",1225,"M Campos"
"1226",1226,"K Koppitch"
"1227",1227,"R Andersen"
"1228",1228,"J Song"
"1229",1229,"V Navalpakkam"
"1230",1230,"P Perona"
"1231",1231,"L Moya"
"1232",1232,"S Shomstein"
"1233",1233,"A Bagic"
"1234",1234,"M Behrmann"
"1235",1235,"A Albrecht"
"1236",1236,"A List"
"1237",1237,"C Ball"
"1238",1238,"L Drummond"
"1239",1239,"E Ester"
"1240",1240,"J Serences"
"1241",1241,"M Esterman"
"1242",1242,"S Liu"
"1243",1243,"W Neill"
"1244",1244,"B Burnham"
"1245",1245,"P O'Connor"
"1246",1246,"D Antonenko"
"1247",1247,"J Wede"
"1248",1248,"Z Chen"
"1249",1249,"A Logvinenko"
"1250",1250,"T Lu"
"1251",1251,"E Altschuler"
"1252",1252,"A Huang"
"1253",1253,"A Hon"
"1254",1254,"J Goris-Rosales"
"1255",1255,"D VanHorn"
"1256",1256,"Y Mizokami"
"1257",1257,"C Tanaka"
"1258",1258,"H Yaguchi"
"1259",1259,"Y Sun"
"1260",1260,"S Zdravkovic"
"1261",1261,"D Bressanelli"
"1262",1262,"K Rutan"
"1263",1263,"J Pospisil"
"1264",1264,"P Sacoto"
"1265",1265,"S Pas"
"1266",1266,"S Pont"
"1267",1267,"J Christiansen"
"1268",1268,"R Tokunaga"
"1269",1269,"D Foster"
"1270",1270,"M Hedrich"
"1271",1271,"A Ruppertsberg"
"1272",1272,"M Bloj"
"1273",1273,"M Olkkonen"
"1274",1274,"T Hansen"
"1275",1275,"P Monnier"
"1276",1276,"J Yang"
"1277",1277,"S Kanazawa"
"1278",1278,"C Witzel"
"1279",1279,"J Nolan"
"1280",1280,"S Riley"
"1281",1281,"S Loveall"
"1282",1282,"K Schloss"
"1283",1283,"P Lawler"
"1284",1284,"W Cheng"
"1285",1285,"C Wu"
"1286",1286,"B Hadad"
"1287",1287,"R Kimchi"
"1288",1288,"J Hilger"
"1289",1289,"S Markovic"
"1290",1290,"N Schinkel-Bielefeld"
"1291",1291,"U Ernst"
"1292",1292,"S Mandon"
"1293",1293,"S Neitzel"
"1294",1294,"A Kreiter"
"1295",1295,"K Pawelzik"
"1296",1296,"B Spehar"
"1297",1297,"V Halim"
"1298",1298,"H Unuma"
"1299",1299,"H Hasegawa"
"1300",1300,"M Vergeer"
"1301",1301,"S Anstis"
"1302",1302,"R Lier"
"1303",1303,"A Sterkin"
"1304",1304,"K Feltner"
"1305",1305,"L Kiorpes"
"1306",1306,"D Stubbs"
"1307",1307,"C Stubbs"
"1308",1308,"T Sweeny"
"1309",1309,"E Cohen"
"1310",1310,"S Lagacé-Nadon"
"1311",1311,"K Maruya"
"1312",1312,"R Kanai"
"1313",1313,"R Hisakata"
"1314",1314,"T Hubbard"
"1315",1315,"A Kumar"
"1316",1316,"C Carp"
"1317",1317,"T Horowtiz"
"1318",1318,"S Hidaka"
"1319",1319,"Q Hu"
"1320",1320,"D Nguyen-Tri"
"1321",1321,"S Kaneko"
"1322",1322,"M Pashkam"
"1323",1323,"H Norman"
"1324",1324,"J Norman"
"1325",1325,"K Pattison"
"1326",1326,"A Craft"
"1327",1327,"E Wiesemann"
"1328",1328,"M Taylor"
"1329",1329,"D Liston"
"1330",1330,"L Stone"
"1331",1331,"L Lambert"
"1332",1332,"A Wilson"
"1333",1333,"E Bergen"
"1334",1334,"L Swieten"
"1335",1335,"M Modabber"
"1336",1336,"S Bamford"
"1337",1337,"R Ward"
"1338",1338,"D Kirshen"
"1339",1339,"K Neely"
"1340",1340,"J Yakimishyn"
"1341",1341,"U Wolfe"
"1342",1342,"S LaCasse"
"1343",1343,"M Cinelli"
"1344",1344,"W Warren"
"1345",1345,"M Hollands"
"1346",1346,"A Dabbagh"
"1347",1347,"J Fulvio"
"1348",1348,"T Hudson"
"1349",1349,"T Ganel"
"1350",1350,"E Chajut"
"1351",1351,"S Linkenauger"
"1352",1352,"D Proffitt"
"1353",1353,"B Fajen"
"1354",1354,"G Diaz"
"1355",1355,"C Cramer"
"1356",1356,"F Phillips"
"1357",1357,"M McBeath"
"1358",1358,"A Bahill"
"1359",1359,"A Nathan"
"1360",1360,"D Baldwin"
"1361",1361,"N Bilenko"
"1362",1362,"L Scharff"
"1363",1363,"A Ahumada"
"1364",1364,"D Yu"
"1365",1365,"D Gerold"
"1366",1366,"H Park"
"1367",1367,"G Legge"
"1368",1368,"J Lu"
"1369",1369,"A Arditi"
"1370",1370,"T Garaas"
"1371",1371,"M Pomplun"
"1372",1372,"H Goltz"
"1373",1373,"J Leung"
"1374",1374,"G Mirabella"
"1375",1375,"K Abuhaleeqa"
"1376",1376,"L Colpa"
"1377",1377,"A Blakeman"
"1378",1378,"A Wong"
"1379",1379,"J Wilmer"
"1380",1380,"C Bradley"
"1381",1381,"B Geisler"
"1382",1382,"F Wichmann"
"1383",1383,"W Kienzle"
"1384",1384,"B Schölkopf"
"1385",1385,"M Franz"
"1386",1386,"F Ostendorf"
"1387",1387,"L Schoder"
"1388",1388,"S Stricker"
"1389",1389,"C Ploner"
"1390",1390,"J Otero-Millan"
"1391",1391,"K Xu"
"1392",1392,"J Edelman"
"1393",1393,"R Zhou"
"1394",1394,"R Gurnsey"
"1395",1395,"M Grünau"
"1396",1396,"L Renninger"
"1397",1397,"L Dang"
"1398",1398,"P Verghese"
"1399",1399,"D Fletcher"
"1400",1400,"R Jack"
"1401",1401,"C Scheepers"
"1402",1402,"L Jasse"
"1403",1403,"A Vighetto"
"1404",1404,"S Vukusic"
"1405",1405,"D Pelisson"
"1406",1406,"C Tilikete"
"1407",1407,"D Crundall"
"1408",1408,"N Daniels"
"1409",1409,"I Howard"
"1410",1410,"V Chang"
"1411",1411,"F Gordon"
"1412",1412,"M Shuttleworth"
"1413",1413,"G Saldanha"
"1414",1414,"S Fitzhugh"
"1415",1415,"T Shipley"
"1416",1416,"N Newcombe"
"1417",1417,"K McKenna"
"1418",1418,"D Dumay"
"1419",1419,"W Tao"
"1420",1420,"J Yan"
"1421",1421,"Q Liu"
"1422",1422,"H Sun"
"1423",1423,"D Stransky"
"1424",1424,"A Dubrowski"
"1425",1425,"H Carnahan"
"1426",1426,"B Haji-Khamneh"
"1427",1427,"R Dyde"
"1428",1428,"J Sanderson"
"1429",1429,"M Jenkin"
"1430",1430,"L Harris"
"1431",1431,"A Veenemans"
"1432",1432,"A Cantone"
"1433",1433,"K Tillman"
"1434",1434,"D Pelli"
"1435",1435,"L He"
"1436",1436,"T Zhou"
"1437",1437,"L Chen"
"1438",1438,"Y Zhuo"
"1439",1439,"S Franconeri"
"1440",1440,"S Manchin"
"1441",1441,"K Ehinger"
"1442",1442,"C Rasche"
"1443",1443,"I Tchernikov"
"1444",1444,"M Fallah"
"1445",1445,"M Nawrot"
"1446",1446,"L Joyce"
"1447",1447,"H Buchholz"
"1448",1448,"M Terao"
"1449",1449,"J Watanabe"
"1450",1450,"M Spering"
"1451",1451,"A Schuetz"
"1452",1452,"D Souto"
"1453",1453,"S Nummela"
"1454",1454,"Z Jin"
"1455",1455,"S Watamanuik"
"1456",1456,"A Reeves"
"1457",1457,"T Murakoshi"
"1458",1458,"Y Osada"
"1459",1459,"T Freeman"
"1460",1460,"A Kolarik"
"1461",1461,"T Margrain"
"1462",1462,"E O'Connor"
"1463",1463,"J Davies"
"1464",1464,"D Wismeijer"
"1465",1465,"C Erkelens"
"1466",1466,"J Badler"
"1467",1467,"P Lefèvre"
"1468",1468,"M Missal"
"1469",1469,"J Loesch"
"1470",1470,"L Loesch"
"1471",1471,"K Frazier"
"1472",1472,"J Jastorff"
"1473",1473,"K Koldewyn"
"1474",1474,"P Warren"
"1475",1475,"C Liu"
"1476",1476,"W Freeman"
"1477",1477,"A Hwang"
"1478",1478,"T Mundhenk"
"1479",1479,"W Einhäuser"
"1480",1480,"R VanRullen"
"1481",1481,"J New"
"1482",1482,"R Schultz"
"1483",1483,"J Wolf"
"1484",1484,"J Niehaus"
"1485",1485,"A Klin"
"1486",1486,"J Elder"
"1487",1487,"D Balaban"
"1488",1488,"A Kamyab"
"1489",1489,"Y Hou"
"1490",1490,"S Ghebreab"
"1491",1491,"A Smeulders"
"1492",1492,"R Baddeley"
"1493",1493,"D Attewell"
"1494",1494,"M Palomares"
"1495",1495,"M Pettet"
"1496",1496,"V Vildavski"
"1497",1497,"C Hou"
"1498",1498,"J Ross"
"1499",1499,"S Hochstein"
"1500",1500,"V Yakovlev"
"1501",1501,"S Romani"
"1502",1502,"D Amit"
"1503",1503,"N Turk-Browne"
"1504",1504,"M Johnson"
"1505",1505,"M Chun"
"1506",1506,"G Campana"
"1507",1507,"C Casco"
"1508",1508,"M Kang"
"1509",1509,"R Clair"
"1510",1510,"D Najjar"
"1511",1511,"J Higgins"
"1512",1512,"R Wang"
"1513",1513,"D Pitcher"
"1514",1514,"A Suzuki"
"1515",1515,"J Goh"
"1516",1516,"B Sutton"
"1517",1517,"A Hebrank"
"1518",1518,"L Jenkins"
"1519",1519,"B Flicker"
"1520",1520,"D Park"
"1521",1521,"J Gomez-Cuerva"
"1522",1522,"M Jackson"
"1523",1523,"B Stienen"
"1524",1524,"C Atkinson"
"1525",1525,"M Willis"
"1526",1526,"P Lissa"
"1527",1527,"C Sewell"
"1528",1528,"G McArthur"
"1529",1529,"X Gao"
"1530",1530,"S Roy"
"1531",1531,"C Roy"
"1532",1532,"Z Hammal"
"1533",1533,"B Jemel"
"1534",1534,"K Smith"
"1535",1535,"P Rainville"
"1536",1536,"J Schirillo"
"1537",1537,"R Powell"
"1538",1538,"I Juricevic"
"1539",1539,"M Webster"
"1540",1540,"A Martinez"
"1541",1541,"D Neth"
"1542",1542,"C Conway"
"1543",1543,"B Jones"
"1544",1544,"L DeBruine"
"1545",1545,"A Little"
"1546",1546,"J Wilder"
"1547",1547,"J Feldman"
"1548",1548,"M Singh"
"1549",1549,"E Briscoe"
"1550",1550,"E Barenholtz"
"1551",1551,"J Bell"
"1552",1552,"D Badcock"
"1553",1553,"L Betts"
"1554",1554,"I Kurki"
"1555",1555,"J Saarinen"
"1556",1556,"K Miyamoto"
"1557",1557,"S Naito"
"1558",1558,"M Kaite"
"1559",1559,"J Friedenberg"
"1560",1560,"B Liby"
"1561",1561,"J Flores"
"1562",1562,"S Guidi"
"1563",1563,"W Mou"
"1564",1564,"T McNamara"
"1565",1565,"Y Nagasaka"
"1566",1566,"E Wasserman"
"1567",1567,"L Carson"
"1568",1568,"F Allard"
"1569",1569,"C Siagian"
"1570",1570,"T Huang"
"1571",1571,"S Grossberg"
"1572",1572,"A Larson"
"1573",1573,"L Loschky"
"1574",1574,"E Matz"
"1575",1575,"S Smerchek"
"1576",1576,"P Weber"
"1577",1577,"L Berger"
"1578",1578,"S Finan"
"1579",1579,"A Shelton"
"1580",1580,"Y Lau"
"1581",1581,"J Zacks"
"1582",1582,"B Yoon"
"1583",1583,"K Michod"
"1584",1584,"C Dickinson"
"1585",1585,"H Intraub"
"1586",1586,"K Chang"
"1587",1587,"C Rotello"
"1588",1588,"K Rayner"
"1589",1589,"K Ozkan"
"1590",1590,"E Boloix"
"1591",1591,"B Alvarez"
"1592",1592,"O Toskovic"
"1593",1593,"D Gajewski"
"1594",1594,"J Philbeck"
"1595",1595,"D Chichka"
"1596",1596,"S Pothier"
"1597",1597,"V Interrante"
"1598",1598,"B Ries"
"1599",1599,"M Kaeding"
"1600",1600,"L Anderson"
"1601",1601,"M Kozhevnikov"
"1602",1602,"J Royan"
"1603",1603,"A Gorbunov"
"1604",1604,"S Kuhl"
"1605",1605,"W Thompson"
"1606",1606,"S Creem-Regehr"
"1607",1607,"H Zhao"
"1608",1608,"P Wang"
"1609",1609,"A Jiang"
"1610",1610,"L Wu"
"1611",1611,"A Woods"
"1612",1612,"M Tarampi"
"1613",1613,"R Russell"
"1614",1614,"J Stefanucci"
"1615",1615,"M Geuss"
"1616",1616,"E Siegel"
"1617",1617,"E Egan"
"1618",1618,"F Norman"
"1619",1619,"Y Lee"
"1620",1620,"M Lind"
"1621",1621,"S Jeong"
"1622",1622,"M Kim"
"1623",1623,"A Azevedo"
"1624",1624,"L Valdes"
"1625",1625,"R Patterson"
"1626",1626,"L Shelton"
"1627",1627,"H Spanier"
"1628",1628,"N Tuladhar"
"1629",1629,"B Buswell"
"1630",1630,"J Krayz"
"1631",1631,"H Jordan"
"1632",1632,"S Sally"
"1633",1633,"Y Sosa"
"1634",1634,"S Simon-Dack"
"1635",1635,"W Teder-Salejarvi"
"1636",1636,"V Wyart"
"1637",1637,"C Tallon-Baudry"
"1638",1638,"G Kuhn"
"1639",1639,"A Schneider"
"1640",1640,"M Hurwitz"
"1641",1641,"C Merrifield"
"1642",1642,"W Zoest"
"1643",1643,"N Hirose"
"1644",1644,"N Osaka"
"1645",1645,"Z Li"
"1646",1646,"T Smith"
"1647",1647,"J Henderson"
"1648",1648,"K Opwis"
"1649",1649,"C Butler"
"1650",1650,"D Nick"
"1651",1651,"C Leonard"
"1652",1652,"J Moher"
"1653",1653,"H Egeth"
"1654",1654,"S McMains"
"1655",1655,"Y Tsal"
"1656",1656,"B Olk"
"1657",1657,"J Ristic"
"1658",1658,"B Bonura"
"1659",1659,"E Smith"
"1660",1660,"D Wilson"
"1661",1661,"D Gilbert"
"1662",1662,"A Buonocore"
"1663",1663,"R McIntosh"
"1664",1664,"J Cosman"
"1665",1665,"S Vecera"
"1666",1666,"A Berg"
"1667",1667,"D Nichols"
"1668",1668,"F Moradi"
"1669",1669,"D Carmel"
"1670",1670,"G Rees"
"1671",1671,"M Waterston"
"1672",1672,"F Aedo-Jury"
"1673",1673,"D Pins"
"1674",1674,"M Scholvinck"
"1675",1675,"Y Yang"
"1676",1676,"P Marlow"
"1677",1677,"S Bharadwaj"
"1678",1678,"R Candy"
"1679",1679,"L Hugrass"
"1680",1680,"D Crewther"
"1681",1681,"D Cope"
"1682",1682,"D Bressler"
"1683",1683,"M Silver"
"1684",1684,"J Schumacher"
"1685",1685,"O Speck"
"1686",1686,"G Keith"
"1687",1687,"J DeSouza"
"1688",1688,"H Wang"
"1689",1689,"J Crawford"
"1690",1690,"K Mullen"
"1691",1691,"B Thompson"
"1692",1692,"C Casanova"
"1693",1693,"M Piché"
"1694",1694,"B Ouellette"
"1695",1695,"J Perrone"
"1696",1696,"A Sachs"
"1697",1697,"P Khayat"
"1698",1698,"J Martinez-Trujillo"
"1699",1699,"W Wu"
"1700",1700,"P Tiesinga"
"1701",1701,"T Tucker"
"1702",1702,"J Heiner"
"1703",1703,"D Fitzpatrick"
"1704",1704,"C Palmer"
"1705",1705,"E Seidemann"
"1706",1706,"C Cantor"
"1707",1707,"C Schor"
"1708",1708,"H Ogmen"
"1709",1709,"M Aydin"
"1710",1710,"A Hunt"
"1711",1711,"M Morrone"
"1712",1712,"P Binda"
"1713",1713,"R Rafal"
"1714",1714,"M Georgeson"
"1715",1715,"S Wallis"
"1716",1716,"P Thompson"
"1717",1717,"T Seizova-Cajic"
"1718",1718,"M Kikuchi"
"1719",1719,"T Saito"
"1720",1720,"J Driver"
"1721",1721,"L Shmuelof"
"1722",1722,"U Hertz"
"1723",1723,"D Peterzell"
"1724",1724,"C Mierlo"
"1725",1725,"S Louw"
"1726",1726,"M Nardini"
"1727",1727,"P Jones"
"1728",1728,"R Bedford"
"1729",1729,"H Bruggeman"
"1730",1730,"P MacNeilage"
"1731",1731,"D Angelaki"
"1732",1732,"K James"
"1733",1733,"S Mueller"
"1734",1734,"O Cheung"
"1735",1735,"R Hammer"
"1736",1736,"A Brechmann"
"1737",1737,"F Ohl"
"1738",1738,"G Diesendruck"
"1739",1739,"D Weinshall"
"1740",1740,"J Almeida"
"1741",1741,"B Mahon"
"1742",1742,"A Caramazza"
"1743",1743,"L Elazary"
"1744",1744,"G Lupyan"
"1745",1745,"M Spivey"
"1746",1746,"L O'Kane"
"1747",1747,"K Kooij"
"1748",1748,"Z Kourtzi"
"1749",1749,"B Kunz"
"1750",1750,"S Gilson"
"1751",1751,"A Fitzgibbon"
"1752",1752,"A Glennerster"
"1753",1753,"E Svarverud"
"1754",1754,"Y Cao"
"1755",1755,"E Zaydens"
"1756",1756,"R Shah"
"1757",1757,"F Domini"
"1758",1758,"C Caudek"
"1759",1759,"T Czuba"
"1760",1760,"J Fernandez"
"1761",1761,"X Meng"
"1762",1762,"H Greenwald"
"1763",1763,"A LeClair"
"1764",1764,"J Hanssens"
"1765",1765,"J Piponnier"
"1766",1766,"C Crabtree"
"1767",1767,"A Bartholomew"
"1768",1768,"E Ferrell"
"1769",1769,"N Carlisle"
"1770",1770,"L Boucher"
"1771",1771,"K Bettencourt"
"1772",1772,"M Becker"
"1773",1773,"S Emrich"
"1774",1774,"S Ferber"
"1775",1775,"J Huang"
"1776",1776,"R Sekuler"
"1777",1777,"W Tan"
"1778",1778,"A Kristjansson"
"1779",1779,"A Ingvarsdottir"
"1780",1780,"U Teitsdottir"
"1781",1781,"H Ogawa"
"1782",1782,"Y Yagi"
"1783",1783,"T Kikuchi"
"1784",1784,"B Hidalgo-Sotelo"
"1785",1785,"H Im"
"1786",1786,"A Leber"
"1787",1787,"M Rizzo"
"1788",1788,"J Dawson"
"1789",1789,"S Anderson"
"1790",1790,"E Uc"
"1791",1791,"M Jang"
"1792",1792,"N Nguyen"
"1793",1793,"D Janvelyan"
"1794",1794,"R Peters"
"1795",1795,"M Fukuchi"
"1796",1796,"S Drew"
"1797",1797,"T Ehrlich"
"1798",1798,"N Wagatsuma"
"1799",1799,"R Shimizu"
"1800",1800,"K Sakai"
"1801",1801,"J Richler"
"1802",1802,"C Bukach"
"1803",1803,"J Xivry"
"1804",1804,"M Ramon"
"1805",1805,"K Cornes"
"1806",1806,"L Perry"
"1807",1807,"L Blaha"
"1808",1808,"J Townsend"
"1809",1809,"S Ashraf"
"1810",1810,"Y Konar"
"1811",1811,"R Kealey"
"1812",1812,"M Pachai"
"1813",1813,"I Cox"
"1814",1814,"L Hill"
"1815",1815,"M Scase"
"1816",1816,"C Paras"
"1817",1817,"S Rajewale"
"1818",1818,"M Kwon"
"1819",1819,"A Kalia"
"1820",1820,"C Gottesman"
"1821",1821,"M Anes"
"1822",1822,"L Short"
"1823",1823,"J Storer"
"1824",1824,"M Ouhnana"
"1825",1825,"N Troje"
"1826",1826,"E Hussey"
"1827",1827,"J Thompson"
"1828",1828,"N Matsuzaki"
"1829",1829,"I Legault"
"1830",1830,"G Trafton"
"1831",1831,"M McCurry"
"1832",1832,"E Francis"
"1833",1833,"S Thurman"
"1834",1834,"J Pyles"
"1835",1835,"N Jardine"
"1836",1836,"C Roether"
"1837",1837,"L Omlor"
"1838",1838,"D Chang"
"1839",1839,"G Holland"
"1840",1840,"S Mody"
"1841",1841,"K Williamson"
"1842",1842,"A Senkfor"
"1843",1843,"H Ikeda"
"1844",1844,"S Adler"
"1845",1845,"M Schneider"
"1846",1846,"M Stritzke"
"1847",1847,"J Trommershäuser"
"1848",1848,"L Madelain"
"1849",1849,"C Paeye"
"1850",1850,"J Wallman"
"1851",1851,"M Panouillères"
"1852",1852,"J Cotti"
"1853",1853,"A Guillaume"
"1854",1854,"C Urquizar"
"1855",1855,"R Salemme"
"1856",1856,"D Munoz"
"1857",1857,"D Pélisson"
"1858",1858,"M Panouilléres"
"1859",1859,"N Alahyane"
"1860",1860,"J Herman"
"1861",1861,"M Harwood"
"1862",1862,"A Rodriguez"
"1863",1863,"J Koehn"
"1864",1864,"P Gerardin"
"1865",1865,"V Gaveau"
"1866",1866,"C Prablanc"
"1867",1867,"Z Zhang"
"1868",1868,"J Knöll"
"1869",1869,"J Beyer"
"1870",1870,"J Pola"
"1871",1871,"O Savina"
"1872",1872,"A Bergeron"
"1873",1873,"G Chahine"
"1874",1874,"B Krekelberg"
"1875",1875,"R Leigh"
"1876",1876,"A Serra"
"1877",1877,"K Campbell"
"1878",1878,"L Hasher"
"1879",1879,"S Sadr"
"1880",1880,"M Vinnikov"
"1881",1881,"D Swierad"
"1882",1882,"B Schnitzer"
"1883",1883,"E Kowler"
"1884",1884,"F Cristino"
"1885",1885,"E Gheorghiu"
"1886",1886,"E Witney"
"1887",1887,"R Watt"
"1888",1888,"F Vera-Diaz"
"1889",1889,"R Goldstein"
"1890",1890,"E Peli"
"1891",1891,"L Lesmes"
"1892",1892,"J Baek"
"1893",1893,"T Albright"
"1894",1894,"Y Haxhimusa"
"1895",1895,"J Catrambone"
"1896",1896,"L Garcia-Suarez"
"1897",1897,"K Park"
"1898",1898,"Y Petrov"
"1899",1899,"O Meleshkevich"
"1900",1900,"A Sahraie"
"1901",1901,"S Griffiths"
"1902",1902,"N Roach"
"1903",1903,"P Squire"
"1904",1904,"P Greenwood"
"1905",1905,"R Parasuraman"
"1906",1906,"J Stringham"
"1907",1907,"P Smith"
"1908",1908,"L McLin"
"1909",1909,"J Yellott"
"1910",1910,"K Żychaluk"
"1911",1911,"M Tibber"
"1912",1912,"A Elaine"
"1913",1913,"A Tsuruhara"
"1914",1914,"A Koene"
"1915",1915,"Y Huang"
"1916",1916,"R Grayhem"
"1917",1917,"C Ripamonti"
"1918",1918,"E Crowther"
"1919",1919,"A Stockman"
"1920",1920,"G Gole"
"1921",1921,"A Sherbondy"
"1922",1922,"R Dougherty"
"1923",1923,"M Grueschow"
"1924",1924,"J Rieger"
"1925",1925,"J Stadler"
"1926",1926,"C Tempelmann"
"1927",1927,"H Heinze"
"1928",1928,"S Murray"
"1929",1929,"G Albanese"
"1930",1930,"N Tsuchiya"
"1931",1931,"R Adolphs"
"1932",1932,"P Schyns"
"1933",1933,"H Kawasaki"
"1934",1934,"M Howard"
"1935",1935,"O Garrod"
"1936",1936,"D Wilbraham"
"1937",1937,"M Vaziri-Pashkam"
"1938",1938,"J Hsiao"
"1939",1939,"G Cottrell"
"1940",1940,"R Chakravarthi"
"1941",1941,"Y Lin"
"1942",1942,"T Vickery"
"1943",1943,"S Rosen"
"1944",1944,"N Censor"
"1945",1945,"S Barthelmé"
"1946",1946,"R Kim"
"1947",1947,"P Xu"
"1948",1948,"X Wang"
"1949",1949,"J Zhou"
"1950",1950,"Y Zhou"
"1951",1951,"P Jeter"
"1952",1952,"Z Bi"
"1953",1953,"D Schwarzkopf"
"1954",1954,"K Shibata"
"1955",1955,"S Ishii"
"1956",1956,"N Yamagishi"
"1957",1957,"M Kawato"
"1958",1958,"A Scharff"
"1959",1959,"S Maeda"
"1960",1960,"A Nagy"
"1961",1961,"S Sheremata"
"1962",1962,"L Huang"
"1963",1963,"H Pashler"
"1964",1964,"A Treisman"
"1965",1965,"B Montagna"
"1966",1966,"F Pestilli"
"1967",1967,"J Mordkoff"
"1968",1968,"R Halterman"
"1969",1969,"B Stojanoski"
"1970",1970,"M Niemeier"
"1971",1971,"D Fitousi"
"1972",1972,"J Highsmith"
"1973",1973,"C Duncan"
"1974",1974,"S O'Neil"
"1975",1975,"E Roth"
"1976",1976,"M Crognale"
"1977",1977,"F Arcizet"
"1978",1978,"J Bisley"
"1979",1979,"K Mirpour"
"1980",1980,"D Berg"
"1981",1981,"T Ikeda"
"1982",1982,"R Kato"
"1983",1983,"A Torralbo"
"1984",1984,"J Jehee"
"1985",1985,"A Le"
"1986",1986,"L Zhaoping"
"1987",1987,"J Arita"
"1988",1988,"C Bogler"
"1989",1989,"T Gebuis"
"1990",1990,"T Lennert"
"1991",1991,"P Jolicoeur"
"1992",1992,"D Cheyne"
"1993",1993,"K Mathewson"
"1994",1994,"G Gratton"
"1995",1995,"M Fabiani"
"1996",1996,"T Ro"
"1997",1997,"Y Chiu"
"1998",1998,"S Lomber"
"1999",1999,"E Woller"
"2000",2000,"A Hall"
"2001",2001,"B Payne"
"2002",2002,"E Salvagio"
"2003",2003,"A Mojica"
"2004",2004,"H Allen"
"2005",2005,"J Colin"
"2006",2006,"Y Yamazaki"
"2007",2007,"Y Konishi"
"2008",2008,"S Thompson"
"2009",2009,"R Weil"
"2010",2010,"S Harrison"
"2011",2011,"T Ghose"
"2012",2012,"M Juni"
"2013",2013,"M Treder"
"2014",2014,"P Helm"
"2015",2015,"R Nelson"
"2016",2016,"D Devyatko"
"2017",2017,"M Falikman"
"2018",2018,"D Bemis"
"2019",2019,"H Hock"
"2020",2020,"J Leveille"
"2021",2021,"M Versace"
"2022",2022,"E Hein"
"2023",2023,"L Tsotsos"
"2024",2024,"J Bower"
"2025",2025,"B Zheng"
"2026",2026,"B Sheliga"
"2027",2027,"E FitzGibbon"
"2028",2028,"F Miles"
"2029",2029,"S Dakin"
"2030",2030,"J Greenwood"
"2031",2031,"R Champion"
"2032",2032,"J Golomb"
"2033",2033,"B Ruf"
"2034",2034,"J Beck"
"2035",2035,"A Saricicek"
"2036",2036,"J Hu"
"2037",2037,"Z Bhagwagar"
"2038",2038,"A Rokem"
"2039",2039,"S Sanghvi"
"2040",2040,"H Tamura"
"2041",2041,"P Engarhos"
"2042",2042,"Z Bacchus"
"2043",2043,"W Curran"
"2044",2044,"C Clifford"
"2045",2045,"C Benton"
"2046",2046,"M Iordanova-Maximov"
"2047",2047,"M Grunau"
"2048",2048,"J Rogers"
"2049",2049,"A Boydstun"
"2050",2050,"L Tripp"
"2051",2051,"A Stefik"
"2052",2052,"Y Nakajima"
"2053",2053,"S Gepshtein"
"2054",2054,"I Tyukin"
"2055",2055,"T Nijboer"
"2056",2056,"S Plukaard"
"2057",2057,"E Haan"
"2058",2058,"M Smagt"
"2059",2059,"A Gorea"
"2060",2060,"J Kaing"
"2061",2061,"B Jagadeesh"
"2062",2062,"N Brunet"
"2063",2063,"W Seeley"
"2064",2064,"J Waughtel"
"2065",2065,"E Twedt"
"2066",2066,"T Banton"
"2067",2067,"J Siegle"
"2068",2068,"J Campos"
"2069",2069,"B Mohler"
"2070",2070,"J Loomis"
"2071",2071,"H Buelthoff"
"2072",2072,"J Stone"
"2073",2073,"I Dolgov"
"2074",2074,"F DaSilva"
"2075",2075,"T Tversky"
"2076",2076,"T Kimura"
"2077",2077,"C Kallie"
"2078",2078,"A Coakley"
"2079",2079,"F Short"
"2080",2080,"Y Aloimonos"
"2081",2081,"M Natter"
"2082",2082,"L Thomas"
"2083",2083,"J Vettel"
"2084",2084,"J Green"
"2085",2085,"L Heller"
"2086",2086,"S Prasad"
"2087",2087,"A Thomas"
"2088",2088,"G Geiger"
"2089",2089,"C Cattaneo"
"2090",2090,"M Lorusso"
"2091",2091,"R Galli"
"2092",2092,"A Facoetti"
"2093",2093,"U Pozzoli"
"2094",2094,"M Molteni"
"2095",2095,"L Iordanescu"
"2096",2096,"M Batson"
"2097",2097,"K Jordan"
"2098",2098,"C Takahashi"
"2099",2099,"J Diedrichsen"
"2100",2100,"K Kao"
"2101",2101,"H Jenkin"
"2102",2102,"M Barnett-Cowan"
"2103",2103,"I Negishi"
"2104",2104,"M Honma"
"2105",2105,"S Koyama"
"2106",2106,"B Wu"
"2107",2107,"R Klatzky"
"2108",2108,"G Stetten"
"2109",2109,"B Perry"
"2110",2110,"M Koningsbruggen"
"2111",2111,"M Beck"
"2112",2112,"M Lohrenz"
"2113",2113,"J Trafton"
"2114",2114,"M Gendron"
"2115",2115,"L Chan"
"2116",2116,"J Hulleman"
"2117",2117,"E Olds"
"2118",2118,"J Jones"
"2119",2119,"T Graham"
"2120",2120,"K Shen"
"2121",2121,"M Paré"
"2122",2122,"C Paffen"
"2123",2123,"I Hooge"
"2124",2124,"J Benjamins"
"2125",2125,"H Hoogendoorn"
"2126",2126,"S Norman-Haignere"
"2127",2127,"A Tavassoli"
"2128",2128,"I Linde"
"2129",2129,"X Zhuang"
"2130",2130,"B Purcell"
"2131",2131,"W Ma"
"2132",2132,"P Lovell"
"2133",2133,"I Gilchrist"
"2134",2134,"D Tolhurst"
"2135",2135,"M To"
"2136",2136,"T Troscianko"
"2137",2137,"K Ishibashi"
"2138",2138,"S Kita"
"2139",2139,"M Neider"
"2140",2140,"M Voss"
"2141",2141,"A Kramer"
"2142",2142,"K Schreiber"
"2143",2143,"K Fukuda"
"2144",2144,"B Rogers"
"2145",2145,"C Colam"
"2146",2146,"C Cant"
"2147",2147,"Y Chai"
"2148",2148,"J Xu"
"2149",2149,"P Battaglia"
"2150",2150,"T Machulla"
"2151",2151,"P Tseng"
"2152",2152,"I Cameron"
"2153",2153,"A Landau"
"2154",2154,"J Saiki"
"2155",2155,"K Schneider"
"2156",2156,"M Komlos"
"2157",2157,"A Rosenbaum"
"2158",2158,"A Giordano"
"2159",2159,"A Belopolsky"
"2160",2160,"E Krizay"
"2161",2161,"H Smithson"
"2162",2162,"J Aboshiha"
"2163",2163,"P West"
"2164",2164,"A Hurlbert"
"2165",2165,"M Vurro"
"2166",2166,"Y Ling"
"2167",2167,"A Torralba"
"2168",2168,"M Uhlenhuth"
"2169",2169,"M Greene"
"2170",2170,"A Paradis"
"2171",2171,"J Poline"
"2172",2172,"E Artiges"
"2173",2173,"B Thirion"
"2174",2174,"A Caclin"
"2175",2175,"A Stocker"
"2176",2176,"E Simoncelli"
"2177",2177,"A Nuthmann"
"2178",2178,"B Bridgeman"
"2179",2179,"I Vallines"
"2180",2180,"E Lin"
"2181",2181,"H Müller"
"2182",2182,"M Adamo"
"2183",2183,"B Guenther"
"2184",2184,"J Brown"
"2185",2185,"H Chu"
"2186",2186,"T Oosugi"
"2187",2187,"T Kumada"
"2188",2188,"C Olivers"
"2189",2189,"T Inukai"
"2190",2190,"V Stuphorn"
"2191",2191,"R Sawaki"
"2192",2192,"J Katayama"
"2193",2193,"Y Yeshurun"
"2194",2194,"G Sha'shoua"
"2195",2195,"T Carmel"
"2196",2196,"C Huang"
"2197",2197,"J Liu"
"2198",2198,"X Huang"
"2199",2199,"Z Liu"
"2200",2200,"C Tseng"
"2201",2201,"D Guzzon"
"2202",2202,"L Matarazzo"
"2203",2203,"P Maquet"
"2204",2204,"E Frankó"
"2205",2205,"K Åberg"
"2206",2206,"J Nyquist"
"2207",2207,"J Lappin"
"2208",2208,"J Hotson"
"2209",2209,"K Neary"
"2210",2210,"S Anand"
"2211",2211,"J Suchow"
"2212",2212,"J Husk"
"2213",2213,"K O'Craven"
"2214",2214,"Z Hussain"
"2215",2215,"S Kuai"
"2216",2216,"L Xiao"
"2217",2217,"S Klein"
"2218",2218,"E Shimojo"
"2219",2219,"J Park"
"2220",2220,"M Kashino"
"2221",2221,"B Stoesz"
"2222",2222,"P Brewster"
"2223",2223,"R Dobrin"
"2224",2224,"S Webster"
"2225",2225,"R Lawson"
"2226",2226,"A Calder"
"2227",2227,"I Oruc"
"2228",2228,"S Rostamirad"
"2229",2229,"J Souman"
"2230",2230,"I Frissen"
"2231",2231,"H Bülthoff"
"2232",2232,"N Yamamoto"
"2233",2233,"K Rutledge"
"2234",2234,"J Bakdash"
"2235",2235,"C Zetzsche"
"2236",2236,"T Reineking"
"2237",2237,"J Wolter"
"2238",2238,"K Schill"
"2239",2239,"E Chrastil"
"2240",2240,"N Browning"
"2241",2241,"J Saunders"
"2242",2242,"J Owens"
"2243",2243,"S Nadeem"
"2244",2244,"B Stankiewicz"
"2245",2245,"M Gérin-Lajoie"
"2246",2246,"X Peng"
"2247",2247,"L Li"
"2248",2248,"J Cheng"
"2249",2249,"S Khuu"
"2250",2250,"E Chan"
"2251",2251,"K Clark"
"2252",2252,"P Garrigan"
"2253",2253,"C Karthaus"
"2254",2254,"G Demarais"
"2255",2255,"P Martini"
"2256",2256,"J Fecteau"
"2257",2257,"D Fougnie"
"2258",2258,"T Meyer"
"2259",2259,"X Qi"
"2260",2260,"T Stanford"
"2261",2261,"C Constantinidis"
"2262",2262,"M Kibbe"
"2263",2263,"V Perez"
"2264",2264,"S Smith"
"2265",2265,"J Gaunt"
