"","id","label"
"1",1,"T Wang"
"2",2,"S Wu"
"3",3,"L Wang"
"4",4,"S Most"
"5",5,"R Sawaki"
"6",6,"J Raymond"
"7",7,"S Luck"
"8",8,"R Pedersini"
"9",9,"A Miranda"
"10",10,"N Siva"
"11",11,"E Palmer"
"12",12,"A Beyko"
"13",13,"C Stothart"
"14",14,"W Boot"
"15",15,"G Humphreys"
"16",16,"J Sui"
"17",17,"J Lee"
"18",18,"S Shomstein"
"19",19,"Y UEDA"
"20",20,"S YOSHIKAWA"
"21",21,"S Uddenberg"
"22",22,"W Shim"
"23",23,"T Lee"
"24",24,"M Mather"
"25",25,"T Sanocki"
"26",26,"N Sulman"
"27",27,"A Barnhart"
"28",28,"S Goldinger"
"29",29,"B Kennedy"
"30",30,"J Rawding"
"31",31,"J Hoffman"
"32",32,"H Kang"
"33",33,"J Hyun"
"34",34,"T Wright"
"35",35,"R Yao"
"36",36,"N Busch"
"37",37,"K Garner"
"38",38,"P Dux"
"39",39,"V Proietti"
"40",40,"A Pisacane"
"41",41,"V Cassia"
"42",42,"E Dundas"
"43",43,"D Plaut"
"44",44,"M Behrmann"
"45",45,"A Bracovic"
"46",46,"A Heering"
"47",47,"D Maurer"
"48",48,"K Stevenson"
"49",49,"M Mangini"
"50",50,"B Balas"
"51",51,"J Komes"
"52",52,"S Schweinberger"
"53",53,"H Wiese"
"54",54,"L Short"
"55",55,"C Mondloch"
"56",56,"V Goffaux"
"57",57,"F Duecker"
"58",58,"C Schiltz"
"59",59,"R Goebel"
"60",60,"T Welsh"
"61",61,"A Böckler"
"62",62,"R Wel"
"63",63,"T Semplonius"
"64",64,"A Mondloch"
"65",65,"C McCormick"
"66",66,"R Russell"
"67",67,"A Porcheron"
"68",68,"J Sweda"
"69",69,"S Quadflieg"
"70",70,"F Gentile"
"71",71,"B Rossion"
"72",72,"D Fiset"
"73",73,"C Blais"
"74",74,"Y Zhang"
"75",75,"K Hébert"
"76",76,"F Gosselin"
"77",77,"V Willenbockel"
"78",78,"N Dupuis-Roy"
"79",79,"D Bub"
"80",80,"Q Zhang"
"81",81,"J Tanaka"
"82",82,"C Éthier-Majcher"
"83",83,"S Joubert"
"84",84,"K Eo"
"85",85,"S Chong"
"86",86,"K Dobs"
"87",87,"I Bülthoff"
"88",88,"C Curio"
"89",89,"J Schultz"
"90",90,"E Blagrove"
"91",91,"T Foulsham"
"92",92,"D Watson"
"93",93,"L Payne"
"94",94,"A Kingstone"
"95",95,"J Gomez"
"96",96,"K Dalrymple"
"97",97,"B Duchaine"
"98",98,"M Naber"
"99",99,"J Stoll"
"100",100,"W Einhäuser"
"101",101,"O Carter"
"102",102,"C Quaia"
"103",103,"B Sheliga"
"104",104,"L Optican"
"105",105,"B Cumming"
"106",106,"M Patten"
"107",107,"A Welchman"
"108",108,"G Coullon"
"109",109,"R Sanchez-Panchuelo"
"110",110,"S Francis"
"111",111,"D Schluppeck"
"112",112,"A Parker"
"113",113,"H Bridge"
"114",114,"C Han"
"115",115,"H Xu"
"116",116,"M Chen"
"117",117,"P Li"
"118",118,"S Zhu"
"119",119,"Z He"
"120",120,"H Lu"
"121",121,"S Stevenson"
"122",122,"A Bora"
"123",123,"M Nilsson"
"124",124,"R Brautaset"
"125",125,"K Srinivasan"
"126",126,"S Grossberg"
"127",127,"A Yazdanbakhsh"
"128",128,"F Hou"
"129",129,"C Huang"
"130",130,"Y Zhou"
"131",131,"Z Lu"
"132",132,"F Allenmark"
"133",133,"J Read"
"134",134,"S Wallis"
"135",135,"M Georgeson"
"136",136,"J Ding"
"137",137,"S Klein"
"138",138,"C Gong"
"139",139,"D Levi"
"140",140,"C Herrera"
"141",141,"C Chubb"
"142",142,"H Shoenhard"
"143",143,"C Duncan"
"144",144,"C Jones"
"145",145,"M Crognale"
"146",146,"A Persichetti"
"147",147,"S Thompson-Schill"
"148",148,"D Brainard"
"149",149,"O Butt"
"150",150,"N Hsu"
"151",151,"G Aguirre"
"152",152,"H Horiguchi"
"153",153,"J Winawer"
"154",154,"R Dougherty"
"155",155,"B Wandell"
"156",156,"A Coia"
"157",157,"C Zhang"
"158",158,"G Francis"
"159",159,"T Sato"
"160",160,"T Nagai"
"161",161,"S Nakauchi"
"162",162,"R Tokunaga"
"163",163,"I Kuriki"
"164",164,"S Shioiri"
"165",165,"B Pearce"
"166",166,"S Crichton"
"167",167,"M Mackiewicz"
"168",168,"G Finlayson"
"169",169,"A Hurlbert"
"170",170,"Y Mizokami"
"171",171,"T Tsukano"
"172",172,"H Yaguchi"
"173",173,"C Fermuller"
"174",174,"H Ji"
"175",175,"G Livitz"
"176",176,"C Cao"
"177",177,"E Mingolla"
"178",178,"J Kim"
"179",179,"E Roth"
"180",180,"K McDermott"
"181",181,"O Masuda"
"182",182,"S Nascimento"
"183",183,"K Schloss"
"184",184,"E Strauss"
"185",185,"S Palmer"
"186",186,"J Bell"
"187",187,"S Allred"
"188",188,"X Zhang"
"189",189,"F Fang"
"190",190,"Y Sun"
"191",191,"S Shevell"
"192",192,"W Wang"
"193",193,"M Heinemann"
"194",194,"R Nelson"
"195",195,"L Parker"
"196",196,"C Lau"
"197",197,"W Griscom"
"198",198,"M Chipman"
"199",199,"A Hartung"
"200",200,"Y Hou"
"201",201,"J McAuley"
"202",202,"M Henry"
"203",203,"T Liu"
"204",204,"R Denison"
"205",205,"A Vu"
"206",206,"D Feinberg"
"207",207,"M Silver"
"208",208,"T Carney"
"209",209,"D Kim"
"210",210,"J Ales"
"211",211,"M Michel"
"212",212,"Y Chen"
"213",213,"W Geisler"
"214",214,"E Seidemann"
"215",215,"T Sprague"
"216",216,"J Serences"
"217",217,"J Mayo"
"218",218,"A DiTomasso"
"219",219,"M Sommer"
"220",220,"M Smith"
"221",221,"B Cooper"
"222",222,"H Sun"
"223",223,"B Lee"
"224",224,"X Kuang"
"225",225,"J Victor"
"226",226,"M Rucci"
"227",227,"J Fischer"
"228",228,"D Whitney"
"229",229,"L Olzak"
"230",230,"J Wagge"
"231",231,"R Thomas"
"232",232,"I Mareschal"
"233",233,"C Clifford"
"234",234,"M Quiroga"
"235",235,"A Morris"
"236",236,"B Krekelberg"
"237",237,"M Schallmo"
"238",238,"S Sponheim"
"239",239,"C Olman"
"240",240,"L Lui"
"241",241,"M Rosa"
"242",242,"C Teufel"
"243",243,"G Davis"
"244",244,"P Fletcher"
"245",245,"D Xing"
"246",246,"Y Shen"
"247",247,"S Burns"
"248",248,"C Yeh"
"249",249,"R Shapley"
"250",250,"W Li"
"251",251,"p zaenen"
"252",252,"r goris"
"253",253,"J Abrams"
"254",254,"M Carrasco"
"255",255,"M Kwon"
"256",256,"C Ramachandra"
"257",257,"B Mel"
"258",258,"B Tjan"
"259",259,"R Wu"
"260",260,"B Wang"
"261",261,"Y Zhuo"
"262",262,"L Chen"
"263",263,"D Ellemberg"
"264",264,"B Richard"
"265",265,"A Johnson"
"266",266,"B Hansen"
"267",267,"D Thengone"
"268",268,"M Conte"
"269",269,"D Hayashi"
"270",270,"I Murakami"
"271",271,"W Kinerk"
"272",272,"M Martorana"
"273",273,"E Wong"
"274",274,"S Waugh"
"275",275,"M Formankiewicz"
"276",276,"M Hairol"
"277",277,"T Saarela"
"278",278,"M Landy"
"279",279,"Z Westrick"
"280",280,"D Lindsey"
"281",281,"A Brown"
"282",282,"P Chow"
"283",283,"A Owen"
"284",284,"T Vladusich"
"285",285,"K Mullen"
"286",286,"M Gheiratmand"
"287",287,"J Medina"
"288",288,"Y Kim"
"289",289,"J Bosten"
"290",290,"D MacLeod"
"291",291,"C Ripamonti"
"292",292,"G Henning"
"293",293,"A Stockman"
"294",294,"N Benson"
"295",295,"S Anstis"
"296",296,"J Peirce"
"297",297,"R Marois"
"298",298,"C Asplund"
"299",299,"S Zughni"
"300",300,"D Fougnie"
"301",301,"J Martin"
"302",302,"R Koenig-Robert"
"303",303,"R VanRullen"
"304",304,"K Sandberg"
"305",305,"M Overgaard"
"306",306,"G Rees"
"307",307,"Q Xu"
"308",308,"Y Jiang"
"309",309,"S Goodhew"
"310",310,"S Ferber"
"311",311,"S Qian"
"312",312,"D Chan"
"313",313,"J Pratt"
"314",314,"M Potter"
"315",315,"B Wyble"
"316",316,"E McCourt"
"317",317,"K Evans"
"318",318,"J Wolfe"
"319",319,"M Vo"
"320",320,"J Williford"
"321",321,"R Heydt"
"322",322,"W Zuiderbaan"
"323",323,"B Harvey"
"324",324,"S Dumoulin"
"325",325,"E Ward"
"326",326,"B Kuhl"
"327",327,"M Chun"
"328",328,"C Mullin"
"329",329,"J Steeves"
"330",330,"M Pratte"
"331",331,"S Ling"
"332",332,"J Swisher"
"333",333,"F Tong"
"334",334,"S Saproo"
"335",335,"H Lau"
"336",336,"J Morales"
"337",337,"D Rahnev"
"338",338,"C Mevorach"
"339",339,"L Shalev"
"340",340,"S Katyal"
"341",341,"C Greene"
"342",342,"E Luther"
"343",343,"D Ress"
"344",344,"A Martin"
"345",345,"R Sokoliuk"
"346",346,"H Rieiro"
"347",347,"M Ledo"
"348",348,"S Martinez-Conde"
"349",349,"S Macknik"
"350",350,"M Persuh"
"351",351,"T Ro"
"352",352,"M Jarick"
"353",353,"K Laidlaw"
"354",354,"V Alispahic"
"355",355,"M Rohde"
"356",356,"M Ernst"
"357",357,"L Ortega"
"358",358,"E Guzman-Martinez"
"359",359,"M Grabowecky"
"360",360,"S Suzuki"
"361",361,"W Roseboom"
"362",362,"T Kawabe"
"363",363,"S Nishida"
"364",364,"F Schuur"
"365",365,"K Kornysheva"
"366",366,"D Nobbs"
"367",367,"P Haggard"
"368",368,"L Maloney"
"369",369,"S Bestmann"
"370",370,"S Tyler"
"371",371,"S Dasgupta"
"372",372,"L Battelli"
"373",373,"S Agosta"
"374",374,"E Grossman"
"375",375,"N Graham"
"376",376,"S Wolfson"
"377",377,"S Herbst"
"378",378,"A Javadi"
"379",379,"G Layher"
"380",380,"H Neumann"
"381",381,"W Marinovic"
"382",382,"D Arnold"
"383",383,"A Bruno"
"384",384,"I Ayhan"
"385",385,"A Johnston"
"386",386,"F Farzin"
"387",387,"A Norcia"
"388",388,"R Sekuler"
"389",389,"E Roudaia"
"390",390,"P Bennett"
"391",391,"P Jalan"
"392",392,"A Sekuler"
"393",393,"E Thunell"
"394",394,"G Plomp"
"395",395,"H Öğmen"
"396",396,"M Herzog"
"397",397,"D Linares"
"398",398,"I Motoyoshi"
"399",399,"Y Haque"
"400",400,"F Wilkinson"
"401",401,"C Or"
"402",402,"H Wilson"
"403",403,"A Schütz"
"404",404,"M Edwards"
"405",405,"R Rideaux"
"406",406,"A Jain"
"407",407,"Q Zaidi"
"408",408,"T Sakai"
"409",409,"G Maus"
"410",410,"R Ivry"
"411",411,"J Zhou"
"412",412,"Z Gao"
"413",413,"N Tang"
"414",414,"M Shen"
"415",415,"F Levillain"
"416",416,"R Yang"
"417",417,"G Cottrell"
"418",418,"R Haefner"
"419",419,"P Berkes"
"420",420,"J Fiser"
"421",421,"I Sofer"
"422",422,"T Serre"
"423",423,"T Ho"
"424",424,"E Ester"
"425",425,"N Abuyo"
"426",426,"S Modir"
"427",427,"V Gardelle"
"428",428,"P Mamassian"
"429",429,"D Kerzel"
"430",430,"J Schönhammer"
"431",431,"P Nho"
"432",432,"J Viswanathan"
"433",433,"J Barton"
"434",434,"B Pearson"
"435",435,"P Bays"
"436",436,"M Husain"
"437",437,"Y Liu"
"438",438,"R Towal"
"439",439,"M Milosavljevic"
"440",440,"C Koch"
"441",441,"M Sharp"
"442",442,"S Barr"
"443",443,"J Gold"
"444",444,"N Foley"
"445",445,"C Peck"
"446",446,"D Jangraw"
"447",447,"J Gottlieb"
"448",448,"M Gong"
"449",449,"S Li"
"450",450,"E Michael"
"451",451,"C Summerfield"
"452",452,"B Dungan"
"453",453,"E Vogel"
"454",454,"S Emrich"
"455",455,"A Riggall"
"456",456,"J LaRocque"
"457",457,"B Postle"
"458",458,"P Ko"
"459",459,"B Duda"
"460",460,"E Hussey"
"461",461,"E Mason"
"462",462,"G Woodman"
"463",463,"B Ally"
"464",464,"M Leavitt"
"465",465,"F Pieper"
"466",466,"A Sachs"
"467",467,"J Martinez-Trujillo"
"468",468,"P Tseng"
"469",469,"T Hsu"
"470",470,"C Chang"
"471",471,"O Tzeng"
"472",472,"D Hung"
"473",473,"C Juan"
"474",474,"J Dubois"
"475",475,"R Adolphs"
"476",476,"M Johnson"
"477",477,"M Machizawa"
"478",478,"C Goh"
"479",479,"J Driver"
"480",480,"A Ash"
"481",481,"S Palmisano"
"482",482,"R Allison"
"483",483,"K Kretch"
"484",484,"J Franchak"
"485",485,"J Brothers"
"486",486,"K Adolph"
"487",487,"A Kiefer"
"488",488,"H Bruggeman"
"489",489,"R Woods"
"490",490,"W Warren"
"491",491,"A Hackney"
"492",492,"M Cinelli"
"493",493,"J Campos"
"494",494,"L Dennome"
"495",495,"L Vassos"
"496",496,"B Fajen"
"497",497,"M Parade"
"498",498,"L Li"
"499",499,"J Cheng"
"500",500,"L Zhang"
"501",501,"Z Page"
"502",502,"H Zhao"
"503",503,"K Rio"
"504",504,"S Bonneaud"
"505",505,"R Weber"
"506",506,"J Thompson"
"507",507,"E Ploran"
"508",508,"J Oshiro"
"509",509,"D Hawkins"
"510",510,"R Parasuraman"
"511",511,"A Fath"
"512",512,"G Bingham"
"513",513,"A Hahn"
"514",514,"A Cragin"
"515",515,"J Pomerantz"
"516",516,"T Freeman"
"517",517,"M Sugovic"
"518",518,"J Witt"
"519",519,"M Zhao"
"520",520,"J Ericson"
"521",521,"C Siagian"
"522",522,"L Itti"
"523",523,"W Street"
"524",524,"C Burns"
"525",525,"F Wang"
"526",526,"D Stipanović"
"527",527,"F Tey"
"528",528,"M Tan"
"529",529,"A Yang"
"530",530,"E Chrastil"
"531",531,"D Lisitsyn"
"532",532,"M Attarha"
"533",533,"C Moore"
"534",534,"U Roeber"
"535",535,"R O'Shea"
"536",536,"H Sohn"
"537",537,"S Lee"
"538",538,"R Blake"
"539",539,"P Miller"
"540",540,"P Grove"
"541",541,"N Malek"
"542",542,"E Kimura"
"543",543,"M Sawayama"
"544",544,"K Goryo"
"545",545,"A Haun"
"546",546,"E Peli"
"547",547,"L McKetton"
"548",548,"K Schneider"
"549",549,"J Mendola"
"550",550,"L Kirsch"
"551",551,"S Wardle"
"552",552,"B Gillam"
"553",553,"I Tsirlin"
"554",554,"L Wilcox"
"555",555,"A Carey"
"556",556,"M Zannoli"
"557",557,"H Ono"
"558",558,"S Narasimhan"
"559",559,"A Solski"
"560",560,"E Harrison"
"561",561,"D Giaschi"
"562",562,"A Raghunandan"
"563",563,"J Andrus"
"564",564,"R Goutcher"
"565",565,"L O'Kane"
"566",566,"G Erlikhman"
"567",567,"T Ghose"
"568",568,"P Kellman"
"569",569,"J Persinger"
"570",570,"R Ni"
"571",571,"P Cisarik"
"572",572,"B Butterfield"
"573",573,"K Zeiner"
"574",574,"M Spitschan"
"575",575,"K Grinkevičiūtė"
"576",576,"J Harris"
"577",577,"W Adams"
"578",578,"E Graf"
"579",579,"J Elder"
"580",580,"J Josephs"
"581",581,"P Spröte"
"582",582,"R Fleming"
"583",583,"Y Shi"
"584",584,"T Kwon"
"585",585,"T Sawada"
"586",586,"Y Li"
"587",587,"Z Pizlo"
"588",588,"M Bloj"
"589",589,"G Harding"
"590",590,"R Vergne"
"591",591,"M Langer"
"592",592,"A Faisman"
"593",593,"B Kunsberg"
"594",594,"S Zucker"
"595",595,"G Mazzilli"
"596",596,"A Schofield"
"597",597,"A Foulkes"
"598",598,"S Rushton"
"599",599,"P Warren"
"600",600,"J Hegdé"
"601",601,"X Chen"
"602",602,"J Zhang"
"603",603,"M Braunstein"
"604",604,"G Andersen"
"605",605,"N Finlayson"
"606",606,"R Remington"
"607",607,"C Blair"
"608",608,"J Goold"
"609",609,"K Killebrew"
"610",610,"G Caplovitz"
"611",611,"R Champion"
"612",612,"G Mancuso"
"613",613,"C Fantoni"
"614",614,"C Caudek"
"615",615,"F Domini"
"616",616,"S Tschechne"
"617",617,"A Thomas"
"618",618,"A Mancino"
"619",619,"H Elnathan"
"620",620,"J Fesi"
"621",621,"K Hwang"
"622",622,"R Gilmore"
"623",623,"D Niehorster"
"624",624,"F Raudies"
"625",625,"J Yan"
"626",626,"B Lorv"
"627",627,"H Li"
"628",628,"K Stroyan"
"629",629,"M Nawrot"
"630",630,"D Yu"
"631",631,"G Luo"
"632",632,"V Holten"
"633",633,"S Donker"
"634",634,"F Verstraten"
"635",635,"M Smagt"
"636",636,"K Maruya"
"637",637,"B Rogers"
"638",638,"C Royden"
"639",639,"D Parsons"
"640",640,"J Travatello"
"641",641,"D Zhang"
"642",642,"Q Cheng"
"643",643,"T Martin"
"644",644,"R Lunau"
"645",645,"C Bundesen"
"646",646,"I Fiebelkorn"
"647",647,"A Snyder"
"648",648,"M Mercier"
"649",649,"J Butler"
"650",650,"S Molholm"
"651",651,"J Foxe"
"652",652,"J Freitas"
"653",653,"B Liverence"
"654",654,"B Scholl"
"655",655,"J Vries"
"656",656,"S Stigchel"
"657",657,"I Hooge"
"658",658,"C Nwosu"
"659",659,"A Hymel"
"660",660,"D Levin"
"661",661,"G Dale"
"662",662,"K Arnell"
"663",663,"M MacLean"
"664",664,"K Cote"
"665",665,"E Over"
"666",666,"C Erkelens"
"667",667,"L Katz"
"668",668,"D Kit"
"669",669,"B Sullivan"
"670",670,"K Snyder"
"671",671,"M Hayhoe"
"672",672,"J Danielson"
"673",673,"M Asher"
"674",674,"I Gilchrist"
"675",675,"T Troscianko"
"676",676,"D Tolhurst"
"677",677,"R Rosenholtz"
"678",678,"J Huang"
"679",679,"L Dugué"
"680",680,"P Marque"
"681",681,"D Jeurissen"
"682",682,"P Roelfsema"
"683",683,"O Baruch"
"684",684,"R Kimchi"
"685",685,"M Goldsmith"
"686",686,"Y Song"
"687",687,"J Liu"
"688",688,"Y Xu"
"689",689,"T Carlson"
"690",690,"A Alink"
"691",691,"D Tovar"
"692",692,"N Kriegeskorte"
"693",693,"A Harel"
"694",694,"D Kravitz"
"695",695,"C Baker"
"696",696,"Z Lin"
"697",697,"S He"
"698",698,"D Pelli"
"699",699,"M Barlow"
"700",700,"H Barlow"
"701",701,"P Isola"
"702",702,"F Cole"
"703",703,"B Freeman"
"704",704,"F Durand"
"705",705,"E Adelson"
"706",706,"M Wijntjes"
"707",707,"S Pont"
"708",708,"C Su"
"709",709,"A Bovik"
"710",710,"L Cormack"
"711",711,"S Sebastian"
"712",712,"J Burge"
"713",713,"J Todd"
"714",714,"E Egan"
"715",715,"K Shibata"
"716",716,"Y Sasaki"
"717",717,"M Kawato"
"718",718,"T Watanabe"
"719",719,"K MacKenzie"
"720",720,"E McDevitt"
"721",721,"S Mednick"
"722",722,"J Mesik"
"723",723,"S Engel"
"724",724,"L Kiorpes"
"725",725,"P Mangal"
"726",726,"L Cong"
"727",727,"C Yu"
"728",728,"V Bejjanki"
"729",729,"C Sims"
"730",730,"C Green"
"731",731,"D Bavelier"
"732",732,"Y Pertzov"
"733",733,"S Joseph"
"734",734,"M Dong"
"735",735,"E Reunis"
"736",736,"M Bays"
"737",737,"Z Roper"
"738",738,"S Vecera"
"739",739,"N Attar"
"740",740,"M Schneps"
"741",741,"M Pomplun"
"742",742,"R Sapkota"
"743",743,"S Pardhan"
"744",744,"I Linde"
"745",745,"N Noori"
"746",746,"M Berryhill"
"747",747,"D Peterson"
"748",748,"E Blumberg"
"749",749,"M Peterson"
"750",750,"Y Higuchi"
"751",751,"H Ogawa"
"752",752,"Y Ueda"
"753",753,"J Saiki"
"754",754,"W Hayward"
"755",755,"H Lee"
"756",756,"J Jung"
"757",757,"D Yi"
"758",758,"J Rhee"
"759",759,"T Konkle"
"760",760,"T Brady"
"761",761,"G Alvarez"
"762",762,"S Cormiea"
"763",763,"J Jacob"
"764",764,"S MonDragon"
"765",765,"B Breitmeyer"
"766",766,"A Belopolsky"
"767",767,"A Garcia"
"768",768,"S Kuai"
"769",769,"R Edden"
"770",770,"M Wilson"
"771",771,"N Davies"
"772",772,"A Peet"
"773",773,"T Arvanitis"
"774",774,"Z Kourtzi"
"775",775,"S Cholewiak"
"776",776,"M Singh"
"777",777,"L Cacciamani"
"778",778,"A Mojica"
"779",779,"J Sanguinetti"
"780",780,"I Pepperberg"
"781",781,"E Salvagio"
"782",782,"J Kominsky"
"783",783,"S Kim"
"784",784,"J Feldman"
"785",785,"B Keane"
"786",786,"D Mikkilineni"
"787",787,"T Papathomas"
"788",788,"S Silverstein"
"789",789,"y huang"
"790",790,"t zhou"
"791",791,"l chen"
"792",792,"P Garrigan"
"793",793,"J Drewes"
"794",794,"G Goren"
"795",795,"E Weismantel"
"796",796,"J Christensen"
"797",797,"D Baker"
"798",798,"T Meese"
"799",799,"H Zhu"
"800",800,"S Bupara"
"801",801,"C Bradley"
"802",802,"K Mikellidou"
"803",803,"P Thompson"
"804",804,"J Hayes"
"805",805,"N Prins"
"806",806,"J Haberman"
"807",807,"F Bacigalupo"
"808",808,"L Renninger"
"809",809,"S Ghahghaei"
"810",810,"B Wolfe"
"811",811,"G Meng"
"812",812,"L Zhaoping"
"813",813,"J Chen"
"814",814,"Q Yu"
"815",815,"Y He"
"816",816,"T Brosch"
"817",817,"J Bernard"
"818",818,"D Coates"
"819",819,"S Chung"
"820",820,"R Li"
"821",821,"M Lev"
"822",822,"U Polat"
"823",823,"M Manassi"
"824",824,"F Hermens"
"825",825,"B Motter"
"826",826,"J Wallace"
"827",827,"W Chaney"
"828",828,"L Liu"
"829",829,"A Clarke"
"830",830,"C Henderson"
"831",831,"J McClelland"
"832",832,"C Pitts"
"833",833,"M Palomares"
"834",834,"S Yeh"
"835",835,"Y Huang"
"836",836,"T Chou"
"837",837,"D Gozli"
"838",838,"K Wilson"
"839",839,"E Ayeroff"
"840",840,"J Gill"
"841",841,"K Fukuda"
"842",842,"C Gamble"
"843",843,"D Somers"
"844",844,"J Suchow"
"845",845,"H Tsubomi"
"846",846,"N Zokaei"
"847",847,"N Gorgoraptis"
"848",848,"J Moyer"
"849",849,"A Payne"
"850",850,"S Hwang"
"851",851,"A Hollingworth"
"852",852,"A Lamsweerde"
"853",853,"M Beck"
"854",854,"E Cramer"
"855",855,"R Rensink"
"856",856,"P Thomas"
"857",857,"M Jackson"
"858",858,"K Pilz"
"859",859,"J Scholz"
"860",860,"C Helduser"
"861",861,"H Park"
"862",862,"A Seiffert"
"863",863,"A Ikkai"
"864",864,"C Ackerman"
"865",865,"S Courtney"
"866",866,"A Yonelinas"
"867",867,"W Zhang"
"868",868,"K Shapiro"
"869",869,"J Elsley"
"870",870,"F Parmentier"
"871",871,"M Maybery"
"872",872,"R Udale"
"873",873,"N Burra"
"874",874,"A Muhlenen"
"875",875,"M Conci"
"876",876,"U Ansorge"
"877",877,"I Fuchs"
"878",878,"H Goschy"
"879",879,"H Müller"
"880",880,"M Zehetleitner"
"881",881,"G Horstmann"
"882",882,"T Graves"
"883",883,"H Egeth"
"884",884,"J Chisholm"
"885",885,"S Manohar"
"886",886,"J Retell"
"887",887,"A Kunde"
"888",888,"M Lein"
"889",889,"P Laurent"
"890",890,"B Anderson"
"891",891,"M Hall"
"892",892,"S Yantis"
"893",893,"F Chua"
"894",894,"T Bi"
"895",895,"Z Liu"
"896",896,"C Striemer"
"897",897,"M Goodale"
"898",898,"S Ribaupierre"
"899",899,"C Miller"
"900",900,"M deBettencourt"
"901",901,"R Lee"
"902",902,"J Cohen"
"903",903,"K Norman"
"904",904,"N Turk-Browne"
"905",905,"M Kanazu"
"906",906,"H Yamashiro"
"907",907,"H Yamamoto"
"908",908,"N Sawamoto"
"909",909,"H Fukuyama"
"910",910,"S Pagano"
"911",911,"V Mazza"
"912",912,"K Moore"
"913",913,"S Cartmell"
"914",914,"M Chaumon"
"915",915,"J Viviano"
"916",916,"K DeSimone"
"917",917,"M Esterman"
"918",918,"S Noonan"
"919",919,"M Rosenberg"
"920",920,"A Elkhetali"
"921",921,"R Vaden"
"922",922,"S Pool"
"923",923,"K Visscher"
"924",924,"N DiQuattro"
"925",925,"J Geng"
"926",926,"R Hetley"
"927",927,"B Dosher"
"928",928,"A Barbot"
"929",929,"B Montagna"
"930",930,"S Yigit-Elliott"
"931",931,"J Palmer"
"932",932,"P Verghese"
"933",933,"A Yashar"
"934",934,"T Makovski"
"935",935,"D Lamy"
"936",936,"H Benoni"
"937",937,"A Zivony"
"938",938,"Y Tsal"
"939",939,"K Swallow"
"940",940,"G Rosenbaum"
"941",941,"A Khan"
"942",942,"G Blohm"
"943",943,"D Munoz"
"944",944,"A Blangero"
"945",945,"M Harwood"
"946",946,"J Wallman"
"947",947,"S Min"
"948",948,"B Xu"
"949",949,"K Mineault"
"950",950,"A Kristjansson"
"951",951,"W Prinzmetal"
"952",952,"K Whiteford"
"953",953,"J Austerweil"
"954",954,"A Landau"
"955",955,"C Brown"
"956",956,"C Davoli"
"957",957,"J Brockmole"
"958",958,"R Vakhrushev"
"959",959,"I Utochkin"
"960",960,"A DiGiacomo"
"961",961,"E Carter"
"962",962,"D Williams"
"963",963,"M Mahler"
"964",964,"J Hodgins"
"965",965,"F Cristino"
"966",966,"C Patterson"
"967",967,"C Leek"
"968",968,"M Giese"
"969",969,"K Festl"
"970",970,"A Christensen"
"971",971,"T Badiudeen"
"972",972,"T Smith"
"973",973,"N Latif"
"974",974,"P Plante"
"975",975,"K Munhall"
"976",976,"M Castelhano"
"977",977,"R Azadi"
"978",978,"A Holcombe"
"979",979,"J Edelman"
"980",980,"L Etezad-Heydari"
"981",981,"H Zhang"
"982",982,"R Morris"
"983",983,"H Huang"
"984",984,"M Plank"
"985",985,"S Gepshtein"
"986",986,"H Poizner"
"987",987,"B Reichelt"
"988",988,"S Kühnel"
"989",989,"H Sheridan"
"990",990,"E Reingold"
"991",991,"J Henderson"
"992",992,"S Luke"
"993",993,"J Jones"
"994",994,"M Kaschak"
"995",995,"R Nako"
"996",996,"A Nuthmann"
"997",997,"T Gliga"
"998",998,"D Nguyen"
"999",999,"J Christiansen"
"1000",1000,"S Kyllingsbæk"
"1001",1001,"E Stewart"
"1002",1002,"A Ma-Wyatt"
"1003",1003,"S Pitzalis"
"1004",1004,"M Sereno"
"1005",1005,"G Committeri"
"1006",1006,"P Fattori"
"1007",1007,"G Galati"
"1008",1008,"A Tosoni"
"1009",1009,"C Galletti"
"1010",1010,"K Anton-Erxleben"
"1011",1011,"S Westendorff"
"1012",1012,"S Treue"
"1013",1013,"A Gail"
"1014",1014,"C Malla"
"1015",1015,"J López-Moliner"
"1016",1016,"J Dessing"
"1017",1017,"M Kokubu"
"1018",1018,"A Abadeh"
"1019",1019,"P Byrne"
"1020",1020,"J Crawford"
"1021",1021,"H Neyedli"
"1022",1022,"E Matin"
"1023",1023,"L Matin"
"1024",1024,"O Kwon"
"1025",1025,"D Knill"
"1026",1026,"T Tracey"
"1027",1027,"A Herlihey"
"1028",1028,"C Campagnoli"
"1029",1029,"R Volcic"
"1030",1030,"O Eloka"
"1031",1031,"V Franz"
"1032",1032,"J Tee"
"1033",1033,"M McCloskey"
"1034",1034,"T Schubert"
"1035",1035,"D Rothlein"
"1036",1036,"B Rapp"
"1037",1037,"J Brandt"
"1038",1038,"X Sheng"
"1039",1039,"M Vansteensel"
"1040",1040,"C Dijkerman"
"1041",1041,"M Zandvoort"
"1042",1042,"C Ferrier"
"1043",1043,"N Petridou"
"1044",1044,"F Leijten"
"1045",1045,"N Ramsey"
"1046",1046,"S Joo"
"1047",1047,"G Boynton"
"1048",1048,"S Murray"
"1049",1049,"J McCarthy"
"1050",1050,"P Kohler"
"1051",1051,"P Tse"
"1052",1052,"M Poletti"
"1053",1053,"D Burr"
"1054",1054,"S Baldassi"
"1055",1055,"M Panichi"
"1056",1056,"M Eckstein"
"1057",1057,"M Szinte"
"1058",1058,"D Jonikaitis"
"1059",1059,"M Rolfs"
"1060",1060,"P Cavanagh"
"1061",1061,"K Mirpour"
"1062",1062,"J Bisley"
"1063",1063,"A Kosovicheva"
"1064",1064,"J Golomb"
"1065",1065,"N Kanwisher"
"1066",1066,"W Harrison"
"1067",1067,"J Mattingley"
"1068",1068,"M Banks"
"1069",1069,"R Held"
"1070",1070,"D Vishwanath"
"1071",1071,"P Hibbard"
"1072",1072,"m valsecchi"
"1073",1073,"B Caziot"
"1074",1074,"B Backus"
"1075",1075,"K Gegenfurtner"
"1076",1076,"M Valsecchi"
"1077",1077,"C Tyler"
"1078",1078,"N Gill"
"1079",1079,"S Nicholas"
"1080",1080,"X Li"
"1081",1081,"A Huang"
"1082",1082,"E Altschuler"
"1083",1083,"A Lugtigheid"
"1084",1084,"I Howard"
"1085",1085,"S Pearce"
"1086",1086,"W Chen"
"1087",1087,"P Howe"
"1088",1088,"N Incledon"
"1089",1089,"D Little"
"1090",1090,"E Mettler"
"1091",1091,"T Horowitz"
"1092",1092,"S Dziura"
"1093",1093,"W Baccus"
"1094",1094,"L Miller"
"1095",1095,"A Saygin"
"1096",1096,"W Bromfield"
"1097",1097,"C Taylor"
"1098",1098,"J Su"
"1099",1099,"J Boxtel"
"1100",1100,"T Sweeny"
"1101",1101,"S Haroz"
"1102",1102,"Y Murofushi"
"1103",1103,"K Ono"
"1104",1104,"M Kitazaki"
"1105",1105,"A Heenan"
"1106",1106,"N Troje"
"1107",1107,"S Lau"
"1108",1108,"E Kim"
"1109",1109,"E Hecker"
"1110",1110,"J Gorman"
"1111",1111,"K Harber"
"1112",1112,"M Shiffrar"
"1113",1113,"K Quigley"
"1114",1114,"J Hammons"
"1115",1115,"M Wenger"
"1116",1116,"L Murray-Kolb"
"1117",1117,"S Venkatramanan"
"1118",1118,"J Haas"
"1119",1119,"R Adams"
"1120",1120,"A Earle"
"1121",1121,"M Courage"
"1122",1122,"L Leone"
"1123",1123,"B Blakeslee"
"1124",1124,"M McCourt"
"1125",1125,"M Sayeur"
"1126",1126,"M McKerral"
"1127",1127,"E Tremblay"
"1128",1128,"P Vannasing"
"1129",1129,"F Lepore"
"1130",1130,"M Lassonde"
"1131",1131,"E Blumenthal"
"1132",1132,"R Bosworth"
"1133",1133,"K Dobkins"
"1134",1134,"A Voyles"
"1135",1135,"E Seemiller"
"1136",1136,"D Teel"
"1137",1137,"E Babinsky"
"1138",1138,"T Roberts"
"1139",1139,"T Candy"
"1140",1140,"T Boyer"
"1141",1141,"T Xu"
"1142",1142,"B Bertenthal"
"1143",1143,"C Vales"
"1144",1144,"L Smith"
"1145",1145,"G Roddy"
"1146",1146,"G Chatterjee"
"1147",1147,"L Germine"
"1148",1148,"A Novick"
"1149",1149,"K Nakayama"
"1150",1150,"J Wilmer"
"1151",1151,"T Lewis"
"1152",1152,"L Betts"
"1153",1153,"T Andrews"
"1154",1154,"A Gouws"
"1155",1155,"E Silson"
"1156",1156,"J Rodgers"
"1157",1157,"H Baseler"
"1158",1158,"A Young"
"1159",1159,"S Hickman"
"1160",1160,"A Morland"
"1161",1161,"X Xu"
"1162",1162,"I Biederman"
"1163",1163,"R Pancaroglu"
"1164",1164,"S Johnston"
"1165",1165,"A Sekunova"
"1166",1166,"T Susilo"
"1167",1167,"L Garrido"
"1168",1168,"R Cook"
"1169",1169,"G Yovel"
"1170",1170,"C Rezlescu"
"1171",1171,"E Shimojo"
"1172",1172,"D Wu"
"1173",1173,"S Shimojo"
"1174",1174,"M Rutherford"
"1175",1175,"J Walsh"
"1176",1176,"K Dufresne"
"1177",1177,"A Couet-Garand"
"1178",1178,"F Shafai"
"1179",1179,"I Oruc"
"1180",1180,"I Blank"
"1181",1181,"L Wolf"
"1182",1182,"G Ravishankar"
"1183",1183,"G Schulz"
"1184",1184,"U Ilg"
"1185",1185,"S Anthony"
"1186",1186,"M Pashkam"
"1187",1187,"J Lai"
"1188",1188,"J Davies-Thompson"
"1189",1189,"A Nestor"
"1190",1190,"N Altieri"
"1191",1191,"M Neumann"
"1192",1192,"A Burton"
"1193",1193,"P Pallett"
"1194",1194,"M Meng"
"1195",1195,"A Giffard"
"1196",1196,"C Benitez-Quiroz"
"1197",1197,"A Martinez"
"1198",1198,"M Vekser"
"1199",1199,"J Butner"
"1200",1200,"K Gagnon"
"1201",1201,"M Geuss"
"1202",1202,"T Malloy"
"1203",1203,"M Kramer"
"1204",1204,"J Stefanucci"
"1205",1205,"H Choo"
"1206",1206,"S Franconeri"
"1207",1207,"J Snow"
"1208",1208,"L Strother"
"1209",1209,"A Coros"
"1210",1210,"J Culham"
"1211",1211,"F Benmussa"
"1212",1212,"J Dornbierer"
"1213",1213,"S Buffat"
"1214",1214,"A Paradis"
"1215",1215,"J Lorenceau"
"1216",1216,"Y Petrov"
"1217",1217,"J Qian"
"1218",1218,"J Nador"
"1219",1219,"D Seibert"
"1220",1220,"D Leeds"
"1221",1221,"J Pyles"
"1222",1222,"M Tarr"
"1223",1223,"K Bettencourt"
"1224",1224,"M Vaziri-Pashkam"
"1225",1225,"D Schlangen"
"1226",1226,"E Barenholtz"
"1227",1227,"S Marat"
"1228",1228,"B Markussen"
"1229",1229,"S Inati"
"1230",1230,"S Marrett"
"1231",1231,"R Laycock"
"1232",1232,"B Alexander"
"1233",1233,"D Crewther"
"1234",1234,"S Crewther"
"1235",1235,"R Cichy"
"1236",1236,"S Bode"
"1237",1237,"P Sterzer"
"1238",1238,"J Haynes"
"1239",1239,"A Cate"
"1240",1240,"T Herron"
"1241",1241,"X Kang"
"1242",1242,"D Woods"
"1243",1243,"P Huang"
"1244",1244,"R Hess"
"1245",1245,"S Drew"
"1246",1246,"A Escobar"
"1247",1247,"C Chase"
"1248",1248,"C Liu"
"1249",1249,"E Castellanos"
"1250",1250,"L Stark"
"1251",1251,"E Borsting"
"1252",1252,"H Beeck"
"1253",1253,"J Kubilius"
"1254",1254,"J Wagemans"
"1255",1255,"W Braet"
"1256",1256,"G Kumar"
"1257",1257,"G Wingren"
"1258",1258,"R Tso"
"1259",1259,"T Au"
"1260",1260,"J Hsiao"
"1261",1261,"E Pechenkova"
"1262",1262,"R Vlasova"
"1263",1263,"Y Berezutskaya"
"1264",1264,"V Sinitsyn"
"1265",1265,"X Morin-Duchesne"
"1266",1266,"D FIset"
"1267",1267,"M Arguin"
"1268",1268,"Y Wong"
"1269",1269,"G Legge"
"1270",1270,"M Giraldo"
"1271",1271,"J Hegarty"
"1272",1272,"L McIntire"
"1273",1273,"A McKinley"
"1274",1274,"C Goodyear"
"1275",1275,"Z Ma"
"1276",1276,"J Flombaum"
"1277",1277,"A Haji-Abolhassani"
"1278",1278,"J Clark"
"1279",1279,"I Mance"
"1280",1280,"A Suben"
"1281",1281,"S Fouquet"
"1282",1282,"N Anderson"
"1283",1283,"W Bischof"
"1284",1284,"J Taylor"
"1285",1285,"S Lin"
"1286",1286,"Y Tan"
"1287",1287,"P Chua"
"1288",1288,"L Tey"
"1289",1289,"C Ang"
"1290",1290,"I Legault"
"1291",1291,"J Faubert"
"1292",1292,"T Knapen"
"1293",1293,"Y Pinto"
"1294",1294,"H Scholte"
"1295",1295,"V Lamme"
"1296",1296,"N Foschi"
"1297",1297,"M Fabri"
"1298",1298,"S Killingsworth"
"1299",1299,"M Naqvi"
"1300",1300,"K Zish"
"1301",1301,"R Planer"
"1302",1302,"D Aks"
"1303",1303,"Z Pylyshyn"
"1304",1304,"K Minakata"
"1305",1305,"Y Sosa"
"1306",1306,"K Linnell"
"1307",1307,"J Scimeca"
"1308",1308,"S Jonathan"
"1309",1309,"S McLean"
"1310",1310,"S Wells"
"1311",1311,"E Postell"
"1312",1312,"M Doran"
"1313",1313,"A Tran"
"1314",1314,"M Skoranski"
"1315",1315,"R Clair"
"1316",1316,"A You"
"1317",1317,"S Adler"
"1318",1318,"L Ronconi"
"1319",1319,"D Basso"
"1320",1320,"S Gori"
"1321",1321,"A Facoetti"
"1322",1322,"C Reid"
"1323",1323,"C Reed"
"1324",1324,"G Park"
"1325",1325,"J Halberda"
"1326",1326,"P Pietroski"
"1327",1327,"T Hunter"
"1328",1328,"D Odic"
"1329",1329,"A Wellwood"
"1330",1330,"J Lidz"
"1331",1331,"W Park"
"1332",1332,"H Im"
"1333",1333,"R Max"
"1334",1334,"L Loschky"
"1335",1335,"R Ringer"
"1336",1336,"A Larson"
"1337",1337,"G Hughes"
"1338",1338,"K Dean"
"1339",1339,"J Weiser"
"1340",1340,"L Flippo"
"1341",1341,"M Neider"
"1342",1342,"A Kramer"
"1343",1343,"F Du"
"1344",1344,"K Zhang"
"1345",1345,"J Rajsic"
"1346",1346,"Y Bi"
"1347",1347,"D Wilson"
"1348",1348,"C Leonard"
"1349",1349,"N Carlisle"
"1350",1350,"L Jefferies"
"1351",1351,"L Gmeindl"
"1352",1352,"D Hayward"
"1353",1353,"J Ristic"
"1354",1354,"A Wutz"
"1355",1355,"D Melcher"
"1356",1356,"C Benwell"
"1357",1357,"M Harvey"
"1358",1358,"S Gardner"
"1359",1359,"G Thut"
"1360",1360,"T Lillicrap"
"1361",1361,"D Standage"
"1362",1362,"R Datta"
"1363",1363,"F Durgin"
"1364",1364,"Z Li"
"1365",1365,"P Guterman"
"1366",1366,"J Zacher"
"1367",1367,"M Oxner"
"1368",1368,"H Chow"
"1369",1369,"C Zhong"
"1370",1370,"L Spillmann"
"1371",1371,"C Tseng"
"1372",1372,"L Likova"
"1373",1373,"M McBeath"
"1374",1374,"Y Naylor"
"1375",1375,"S Arnott"
"1376",1376,"L Thaler"
"1377",1377,"J Milne"
"1378",1378,"D Kish"
"1379",1379,"J Julian"
"1380",1380,"D Dilks"
"1381",1381,"J Cant"
"1382",1382,"M Koningsbruggen"
"1383",1383,"M Peelen"
"1384",1384,"P Downing"
"1385",1385,"R Ganaden"
"1386",1386,"B Guo"
"1387",1387,"A Boguslavsky"
"1388",1388,"J Corbett"
"1389",1389,"P Battaglia"
"1390",1390,"J Hamrick"
"1391",1391,"J Tenenbaum"
"1392",1392,"E Chong"
"1393",1393,"D Shen"
"1394",1394,"D Walther"
"1395",1395,"K Kveraga"
"1396",1396,"J Boshyan"
"1397",1397,"M Hamalainen"
"1398",1398,"N Hadjikhani"
"1399",1399,"M Bar"
"1400",1400,"L Barrett"
"1401",1401,"F Guo"
"1402",1402,"T Preston"
"1403",1403,"B Giesbrecht"
"1404",1404,"B Sayim"
"1405",1405,"J Greenwood"
"1406",1406,"S Rosen"
"1407",1407,"R Millin"
"1408",1408,"P Bao"
"1409",1409,"R Summers"
"1410",1410,"A Baldwin"
"1411",1411,"E Kompaniez"
"1412",1412,"C Abbey"
"1413",1413,"J Boone"
"1414",1414,"M Webster"
"1415",1415,"J Lopez-Moliner"
"1416",1416,"N Daw"
"1417",1417,"R Foster"
"1418",1418,"G Diaz"
"1419",1419,"J Cooper"
"1420",1420,"C Rothkopf"
"1421",1421,"T Hudson"
"1422",1422,"J Saunders"
"1423",1423,"K Hadjidimitrakis"
"1424",1424,"R Breveglieri"
"1425",1425,"F Bertozzi"
"1426",1426,"G Bo'"
"1427",1427,"A Bosco"
"1428",1428,"O Collignon"
"1429",1429,"C Phillips"
"1430",1430,"G Dormal"
"1431",1431,"G Albouy"
"1432",1432,"G Vandewalle"
"1433",1433,"P Voss"
"1434",1434,"C Parise"
"1435",1435,"C Spence"
"1436",1436,"D Mann"
"1437",1437,"J Mossbridge"
"1438",1438,"J Thomas"
"1439",1439,"M Popović"
"1440",1440,"M Lengyel"
"1441",1441,"B Maniscalco"
"1442",1442,"D Evens"
"1443",1443,"T Cassey"
"1444",1444,"J Marshall"
"1445",1445,"R Bogacz"
"1446",1446,"C Ludwig"
"1447",1447,"M Jogan"
"1448",1448,"A Stocker"
"1449",1449,"M Carandini"
"1450",1450,"L Silva"
"1451",1451,"L Busse"
"1452",1452,"S Dakin"
"1453",1453,"J Theeuwes"
"1454",1454,"E Burg"
"1455",1455,"C Hills"
"1456",1456,"K Romano"
"1457",1457,"P Liu"
"1458",1458,"J Ong"
"1459",1459,"A Hashemi"
"1460",1460,"M Pachai"
"1461",1461,"G Belle"
"1462",1462,"P Lefèvre"
"1463",1463,"J Bittner"
"1464",1464,"M Simmons"
"1465",1465,"K Wagner"
"1466",1466,"S Cohen"
"1467",1467,"D Karen"
"1468",1468,"S Hagen"
"1469",1469,"M Lorenzino"
"1470",1470,"T Brandman"
"1471",1471,"R Jones"
"1472",1472,"L Toscani"
"1473",1473,"M Vida"
"1474",1474,"T Menneer"
"1475",1475,"N Mestry"
"1476",1476,"N Donnelly"
"1477",1477,"A Killian"
"1478",1478,"J Guidangen"
"1479",1479,"J Peissig"
"1480",1480,"C Bukach"
"1481",1481,"J Cottle"
"1482",1482,"J Ubiwa"
"1483",1483,"J Miller"
"1484",1484,"R Mercado"
"1485",1485,"J DeGutis"
"1486",1486,"S Cohan"
"1487",1487,"T Busigny"
"1488",1488,"C Jeong"
"1489",1489,"A Fried"
"1490",1490,"M Persike"
"1491",1491,"G Meinhardt"
"1492",1492,"N Xiao"
"1493",1493,"P Quinn"
"1494",1494,"L Ge"
"1495",1495,"K Lee"
"1496",1496,"Z Wang"
"1497",1497,"H Shi"
"1498",1498,"O Pascalis"
"1499",1499,"B Urgen"
"1500",1500,"M Kutas"
"1501",1501,"M Daar"
"1502",1502,"L Sharan"
"1503",1503,"L Sigal"
"1504",1504,"E Hiris"
"1505",1505,"A Mirenzi"
"1506",1506,"J Spencer"
"1507",1507,"B Christensen"
"1508",1508,"Y Wang"
"1509",1509,"D Liu"
"1510",1510,"N Taubert"
"1511",1511,"E Veld"
"1512",1512,"B Gelder"
"1513",1513,"S Theusner"
"1514",1514,"M Lussanet"
"1515",1515,"M Lappe"
"1516",1516,"K Wittinghofer"
"1517",1517,"A Chan"
"1518",1518,"I Bareither"
"1519",1519,"A Villringer"
"1520",1520,"V Riva"
"1521",1521,"C Marino"
"1522",1522,"S Sheremata"
"1523",1523,"G Scerif"
"1524",1524,"R Aslin"
"1525",1525,"M Eimer"
"1526",1526,"B Odegaard"
"1527",1527,"D Wozny"
"1528",1528,"L Shams"
"1529",1529,"A Scharff"
"1530",1530,"F Arcizet"
"1531",1531,"M Pereverzeva"
"1532",1532,"P Binda"
"1533",1533,"N Wagatsuma"
"1534",1534,"T Potjans"
"1535",1535,"M Diesmann"
"1536",1536,"K Sakai"
"1537",1537,"T Fukai"
"1538",1538,"B Angelone"
"1539",1539,"V Coppola"
"1540",1540,"J Moher"
"1541",1541,"J Song"
"1542",1542,"H Sigurdardottir"
"1543",1543,"S Michalak"
"1544",1544,"D Sheinberg"
"1545",1545,"W Pack"
"1546",1546,"J Noel"
"1547",1547,"A Mefford"
"1548",1548,"L Hecht"
"1549",1549,"S Lanthier"
"1550",1550,"C Chapman"
"1551",1551,"E Maloney"
"1552",1552,"J Hutchinson"
"1553",1553,"S Pak"
"1554",1554,"B Guenther"
"1555",1555,"J Brown"
"1556",1556,"J Dannemiller"
"1557",1557,"P Shtern"
"1558",1558,"M Landry"
"1559",1559,"Q Lei"
"1560",1560,"Y Bao"
"1561",1561,"Y Yan"
"1562",1562,"A Chasteen"
"1563",1563,"N White"
"1564",1564,"P Lockwood"
"1565",1565,"E Allen"
"1566",1566,"A Mattarella-Micke"
"1567",1567,"S Beilock"
"1568",1568,"E Yang"
"1569",1569,"M McHugo"
"1570",1570,"M Dukic"
"1571",1571,"D Zald"
"1572",1572,"K Dieter"
"1573",1573,"A Levi"
"1574",1574,"D Tadin"
"1575",1575,"A Doualot"
"1576",1576,"M Simard"
"1577",1577,"S Galarneau"
"1578",1578,"D Saint-Amour"
"1579",1579,"C Paffen"
"1580",1580,"T Nijboer"
"1581",1581,"H Bahmani"
"1582",1582,"N Logothetis"
"1583",1583,"G Keliris"
"1584",1584,"S Cho"
"1585",1585,"X Sun"
"1586",1586,"P Zhang"
"1587",1587,"H Unuma"
"1588",1588,"H Hasegawa"
"1589",1589,"A Oei"
"1590",1590,"M Patterson"
"1591",1591,"C Rongrong"
"1592",1592,"C Jing"
"1593",1593,"A Seitz"
"1594",1594,"V Leclercq"
"1595",1595,"T Hardwicke"
"1596",1596,"A Goldstone"
"1597",1597,"J Harding"
"1598",1598,"M Dexter"
"1599",1599,"B Barakat"
"1600",1600,"C Farkas"
"1601",1601,"J Christian"
"1602",1602,"T Hayes"
"1603",1603,"A Petrov"
"1604",1604,"M Bao"
"1605",1605,"I Kurki"
"1606",1606,"A Priot"
"1607",1607,"C Prablanc"
"1608",1608,"C Roumes"
"1609",1609,"S Wissig"
"1610",1610,"A Kohn"
"1611",1611,"N Stiles"
"1612",1612,"V Chib"
"1613",1613,"A Calabrese"
"1614",1614,"T Ooi"
"1615",1615,"J Xu"
"1616",1616,"M Mei"
"1617",1617,"J Dias"
"1618",1618,"T Cook"
"1619",1619,"L Rosenblum"
"1620",1620,"D Anderson"
"1621",1621,"E Awh"
"1622",1622,"A Reeves"
"1623",1623,"L Quan"
"1624",1624,"H Ogmen"
"1625",1625,"O Ekiz"
"1626",1626,"S Tripathy"
"1627",1627,"H Bedell"
"1628",1628,"R Ly"
"1629",1629,"R Eisinger"
"1630",1630,"W Chu"
"1631",1631,"H Pailian"
"1632",1632,"E Counterman"
"1633",1633,"S Hochstein"
"1634",1634,"V Yakovlev"
"1635",1635,"J Pearson"
"1636",1636,"R Keogh"
"1637",1637,"S Yang"
"1638",1638,"J Gabarretta"
"1639",1639,"M Baresh"
"1640",1640,"S Mitroff"
"1641",1641,"A Biggs"
"1642",1642,"M Cain"
"1643",1643,"E Darling"
"1644",1644,"K Clark"
"1645",1645,"S Adamo"
"1646",1646,"E Dowd"
"1647",1647,"C Cunningham"
"1648",1648,"A Ahumada"
"1649",1649,"A Raj"
"1650",1650,"S Mack"
"1651",1651,"M Bravo"
"1652",1652,"H Farid"
"1653",1653,"J Schmidt"
"1654",1654,"A MacNamara"
"1655",1655,"G Hajcak"
"1656",1656,"G Zelinsky"
"1657",1657,"E Skow"
"1658",1658,"G Solman"
"1659",1659,"D Smilek"
"1660",1660,"A Brennan"
"1661",1661,"J Enns"
"1662",1662,"G Anderson"
"1663",1663,"E Nasiopoulos"
"1664",1664,"L O'Hare"
"1665",1665,"C Wu"
"1666",1666,"E Kowler"
"1667",1667,"R Alexander"
"1668",1668,"H Yang"
"1669",1669,"H Oh"
"1670",1670,"H Leung"
"1671",1671,"J Maxfield"
"1672",1672,"J Bawks"
"1673",1673,"E Pereira"
"1674",1674,"H Godwin"
"1675",1675,"S Liversedge"
"1676",1676,"J Kirkby"
"1677",1677,"K Cornes"
"1678",1678,"M Boardman"
"1679",1679,"L Ming"
"1680",1680,"F Hualing"
"1681",1681,"N Jardine"
"1682",1682,"C Fuda"
"1683",1683,"J Yates"
"1684",1684,"A Huk"
"1685",1685,"J Pillow"
"1686",1686,"J Chuang"
"1687",1687,"X Huang"
"1688",1688,"A Meso"
"1689",1689,"J Rankin"
"1690",1690,"P Kornprobst"
"1691",1691,"O Faugeras"
"1692",1692,"G Masson"
"1693",1693,"L Farber"
"1694",1694,"D Arnoldussen"
"1695",1695,"J Goossens"
"1696",1696,"A Berg"
"1697",1697,"E Burton"
"1698",1698,"J Wattam-Bell"
"1699",1699,"M Nardini"
"1700",1700,"H Takemura"
"1701",1701,"H Ashida"
"1702",1702,"K Amano"
"1703",1703,"A Kitaoka"
"1704",1704,"K Kar"
"1705",1705,"Y Nakajima"
"1706",1706,"K Hara"
"1707",1707,"Y Yotsumoto"
"1708",1708,"F Chavane"
"1709",1709,"A Reynaud"
"1710",1710,"Q Montardy"
"1711",1711,"O Layton"
"1712",1712,"J Stiffler"
"1713",1713,"N Browning"
"1714",1714,"J Wurbs"
"1715",1715,"G Mather"
"1716",1716,"A Pavan"
"1717",1717,"A Contillo"
"1718",1718,"F Pestilli"
"1719",1719,"K Main"
"1720",1720,"J Yeatman"
"1721",1721,"A Mezer"
"1722",1722,"R Martin"
"1723",1723,"S Phipps"
"1724",1724,"L Appelbaum"
"1725",1725,"M Woldorff"
"1726",1726,"A Mittal"
"1727",1727,"R Soundararajan"
"1728",1728,"G Muralidhar"
"1729",1729,"J Ghosh"
"1730",1730,"H Harris"
"1731",1731,"M Gliksberg"
"1732",1732,"D Sagi"
"1733",1733,"D Pamplona"
"1734",1734,"J Triesch"
"1735",1735,"P Sun"
"1736",1736,"G Sperling"
"1737",1737,"R Allard"
"1738",1738,"M Turi"
"1739",1739,"S Thurman"
"1740",1740,"L Choi"
"1741",1741,"J Jonas"
"1742",1742,"L Koessler"
"1743",1743,"M Descoins"
"1744",1744,"S Colnat-Coulbois"
"1745",1745,"M Guye"
"1746",1746,"J Vignal"
"1747",1747,"H Vespignani"
"1748",1748,"L Maillard"
"1749",1749,"E Reshef"
"1750",1750,"A Afraz"
"1751",1751,"J DiCarlo"
"1752",1752,"R Harris"
"1753",1753,"S Podrebarac"
"1754",1754,"R Zwan"
"1755",1755,"S Du"
"1756",1756,"J Kaufmann"
"1757",1757,"L Lanyon"
"1758",1758,"C Purington"
"1759",1759,"L Chang"
"1760",1760,"S Ramsey"
"1761",1761,"J Englund"
"1762",1762,"F Abalti"
"1763",1763,"M Molteni"
"1764",1764,"T Agostini"
"1765",1765,"J Atkinson"
"1766",1766,"O Braddick"
"1767",1767,"B Larsen"
"1768",1768,"J Brand"
"1769",1769,"M Grünau"
"1770",1770,"E Caddigan"
"1771",1771,"L Fei-Fei"
"1772",1772,"D Beck"
"1773",1773,"M Greene"
"1774",1774,"I Kadar"
"1775",1775,"O Ben-Shahar"
"1776",1776,"G Malcolm"
"1777",1777,"P Schyns"
"1778",1778,"T O'Connell"
"1779",1779,"K Seidl"
"1780",1780,"S Kastner"
"1781",1781,"Z Yang"
"1782",1782,"J Clemons"
"1783",1783,"M Bagra"
"1784",1784,"T Austin"
"1785",1785,"S Savarese"
"1786",1786,"J Ledley"
"1787",1787,"B Hart"
"1788",1788,"H Schmidt"
"1789",1789,"I Klein-Harmeyer"
"1790",1790,"C Roth"
"1791",1791,"A Gulick"
"1792",1792,"I Gauthier"
"1793",1793,"M Poncet"
"1794",1794,"L Reddy"
"1795",1795,"M Fabre-Thorpe"
"1796",1796,"R McGugin"
"1797",1797,"J Richler"
"1798",1798,"G Herzmann"
"1799",1799,"M Speegle"
"1800",1800,"M Mack"
"1801",1801,"T Palmeri"
"1802",1802,"M Islam"
"1803",1803,"O Cheung"
"1804",1804,"S Gagnon"
"1805",1805,"M Panichello"
"1806",1806,"L Victoria"
"1807",1807,"S Fogelson"
"1808",1808,"K Miller"
"1809",1809,"R Granger"
"1810",1810,"H Nili"
"1811",1811,"A Walther"
"1812",1812,"K Weiner"
"1813",1813,"K Grill-Spector"
"1814",1814,"R Hammer"
"1815",1815,"V Sloutsky"
"1816",1816,"A Guthormsen"
"1817",1817,"M Ham"
"1818",1818,"B Fearey"
"1819",1819,"L Bettencourt"
"1820",1820,"J George"
"1821",1821,"D Kiernan"
"1822",1822,"M Ray"
"1823",1823,"A Potruff"
"1824",1824,"D Weeks"
"1825",1825,"G Loftus"
"1826",1826,"A Kane"
"1827",1827,"A Wade"
"1828",1828,"S Miellet"
"1829",1829,"N Hoogenboom"
"1830",1830,"K Kessler"
"1831",1831,"U Hasson"
"1832",1832,"D Heeger"
"1833",1833,"J Park"
"1834",1834,"H Kim"
"1835",1835,"D Owens"
"1836",1836,"K Hoffman"
"1837",1837,"T Catania"
"1838",1838,"B Lawrence"
"1839",1839,"C Roussel"
"1840",1840,"F Waszak"
"1841",1841,"J Fulvio"
"1842",1842,"P Schrater"
"1843",1843,"C Kuylen"
"1844",1844,"L Thomas"
"1845",1845,"J Leech"
"1846",1846,"A Wilson"
"1847",1847,"X Zhu"
"1848",1848,"J Tsien"
"1849",1849,"S Truong"
"1850",1850,"D Cappadocia"
"1851",1851,"K Gharavi"
"1852",1852,"M Vesia"
"1853",1853,"X Yan"
"1854",1854,"I Sperandio"
"1855",1855,"R Whitwell"
"1856",1856,"P Chouinard"
"1857",1857,"L Wong"
"1858",1858,"G Manson"
"1859",1859,"B Hadad"
"1860",1860,"G Avidan"
"1861",1861,"T Ganel"
"1862",1862,"A D'Antona"
"1863",1863,"J Perry"
"1864",1864,"A Sherman"
"1865",1865,"A Schweinhart"
"1866",1866,"M Dubinchik"
"1867",1867,"E O'keefe"
"1868",1868,"H Williams"
"1869",1869,"E Essock"
"1870",1870,"M Saad"
"1871",1871,"K Byrne"
"1872",1872,"J Zuercher"
"1873",1873,"A Mokeichev"
"1874",1874,"K Vilankar"
"1875",1875,"J Golden"
"1876",1876,"D Chandler"
"1877",1877,"D Field"
"1878",1878,"J Chang"
"1879",1879,"C Tas"
"1880",1880,"L Marshall"
"1881",1881,"H Magen"
"1882",1882,"B Long"
"1883",1883,"Y Jung"
"1884",1884,"C Dube"
"1885",1885,"A Gorea"
"1886",1886,"J Solomon"
"1887",1887,"K Uchikawa"
"1888",1888,"C Wiebel"
"1889",1889,"Y Tani"
"1890",1890,"T Matsushima"
"1891",1891,"K Koida"
"1892",1892,"R Sharman"
"1893",1893,"P McGraw"
"1894",1894,"A Radonjić"
"1895",1895,"C ArceLopera"
"1896",1896,"K Okajima"
"1897",1897,"Y Wada"
"1898",1898,"T Masuda"
"1899",1899,"R Nishijima"
"1900",1900,"Y Ono"
"1901",1901,"A Muryy"
"1902",1902,"T Kam"
"1903",1903,"D Kersten"
"1904",1904,"K Doerschner"
"1905",1905,"J Ferwerda"
"1906",1906,"S Elliott"
"1907",1907,"D Cao"
"1908",1908,"P Vangorp"
"1909",1909,"X Zhuang"
"1910",1910,"M Cox"
"1911",1911,"M Schmid"
"1912",1912,"A Peters"
"1913",1913,"R Saunders"
"1914",1914,"D Leopold"
"1915",1915,"A Maier"
"1916",1916,"A Meeson"
"1917",1917,"J Wilder"
"1918",1918,"D Ong"
"1919",1919,"A Hayes"
"1920",1920,"G Ben-Yosef"
"1921",1921,"M Mansolf"
"1922",1922,"R Fillinich"
"1923",1923,"A Iancu"
"1924",1924,"G Singh"
"1925",1925,"T Vilis"
"1926",1926,"E Gheorghiu"
"1927",1927,"F Kingdom"
"1928",1928,"B Nguyen"
"1929",1929,"M Inverso"
"1930",1930,"S Clavagnier"
"1931",1931,"V Robol"
"1932",1932,"E Anderson"
"1933",1933,"M Tibber"
"1934",1934,"T Bobin"
"1935",1935,"P Carlin"
"1936",1936,"S Shergill"
"1937",1937,"R Shohara"
"1938",1938,"M Katsumura"
"1939",1939,"S Naito"
"1940",1940,"D Barch"
"1941",1941,"C Carter"
"1942",1942,"I Kovács"
"1943",1943,"A MacDonald"
"1944",1944,"J Ragland"
"1945",1945,"M Strauss"
"1946",1946,"J Patel"
"1947",1947,"B Sheth"
"1948",1948,"Q Tran"
"1949",1949,"E Cooper"
"1950",1950,"A Dobbins"
"1951",1951,"E Taylor"
"1952",1952,"J Wixted"
"1953",1953,"D Todorovic"
"1954",1954,"O Toskovic"
"1955",1955,"K Rand"
"1956",1956,"J Bakdash"
"1957",1957,"S Creem-Regehr"
"1958",1958,"W Gustafson"
"1959",1959,"S Linkenauger"
"1960",1960,"B Mohler"
"1961",1961,"D Proffitt"
"1962",1962,"H Bülthoff"
"1963",1963,"O Masters"
"1964",1964,"B Schmelz"
"1965",1965,"K Leonard-Solis"
"1966",1966,"Z BIAN"
"1967",1967,"G ANDERSEN"
"1968",1968,"M Williams"
"1969",1969,"N Ciborowski"
"1970",1970,"R Wang"
"1971",1971,"B McHugh"
"1972",1972,"Y Fujii"
"1973",1973,"D Bunch"
"1974",1974,"A Hajnal"
"1975",1975,"D Stephens"
"1976",1976,"A Farkas"
"1977",1977,"A Csanadi"
"1978",1978,"C Granrud"
"1979",1979,"M Kavšek"
"1980",1980,"T Li"
"1981",1981,"D Lessard"
"1982",1982,"W Thompson"
"1983",1983,"C Strawser"
"1984",1984,"B Klein"
"1985",1985,"A Speigel"
"1986",1986,"L Zhou"
"1987",1987,"P Shi"
"1988",1988,"C Gratton"
"1989",1989,"K Sreenivasan"
"1990",1990,"M D'Esposito"
"1991",1991,"M Scolari"
"1992",1992,"B Ralph"
"1993",1993,"P Seli"
"1994",1994,"V Cheng"
"1995",1995,"H Gauchou"
"1996",1996,"F Ball"
"1997",1997,"B Bridgeman"
"1998",1998,"C Sterling"
"1999",1999,"S Lo"
"2000",2000,"T Emmanouil"
"2001",2001,"Z Ji"
"2002",2002,"S Brumby"
"2003",2003,"G Kenyon"
"2004",2004,"L Qing"
"2005",2005,"X He"
"2006",2006,"M Jigo"
"2007",2007,"M Becker"
"2008",2008,"R Alzahabi"
"2009",2009,"C Peltier"
"2010",2010,"A Albrecht"
"2011",2011,"Á Ásgeirsson"
"2012",2012,"Á Kristjánsson"
"2013",2013,"J Perrone"
"2014",2014,"R Krauzlis"
"2015",2015,"T Hartmann"
"2016",2016,"A Pascual-Leone"
"2017",2017,"A Lee"
"2018",2018,"J Vangeneugden"
"2019",2019,"C Folk"
"2020",2020,"N Gronau"
"2021",2021,"Y Rosenberg"
"2022",2022,"M Shachar"
"2023",2023,"R Avital"
"2024",2024,"M Nordfang"
"2025",2025,"S Andersen"
"2026",2026,"M Müller"
"2027",2027,"S Hillyard"
"2028",2028,"J Zhao"
"2029",2029,"N Al-Aidroos"
"2030",2030,"T Drew"
"2031",2031,"W Freeman"
"2032",2032,"P Marlow"
"2033",2033,"B Xiao"
"2034",2034,"I Gkioulekas"
"2035",2035,"A Dunn"
"2036",2036,"S Zhao"
"2037",2037,"T Zickler"
"2038",2038,"K Bala"
"2039",2039,"V Paulun"
"2040",2040,"M Giesel"
"2041",2041,"A Werner"
"2042",2042,"L Zebrowski"
"2043",2043,"E Brenner"
"2044",2044,"T Çukur"
"2045",2045,"S Nishimoto"
"2046",2046,"A Huth"
"2047",2047,"J Gallant"
"2048",2048,"V Beck"
"2049",2049,"Y Peng"
"2050",2050,"D Samaras"
"2051",2051,"A Mühlenen"
"2052",2052,"S Pollmann"
"2053",2053,"A Manginelli"
"2054",2054,"F Baumgartner"
"2055",2055,"Y Xuan"
"2056",2056,"X Fu"
"2057",2057,"S Kelley"
"2058",2058,"C Huynh"
"2059",2059,"E Browning"
"2060",2060,"S Creighton"
"2061",2061,"N Nelson"
"2062",2062,"J Russell"
"2063",2063,"J Barker"
"2064",2064,"D Bromfield"
"2065",2065,"A Goode"
"2066",2066,"D Lee"
"2067",2067,"J Baudouin"
"2068",2068,"J Monnot"
"2069",2069,"K Durand"
"2070",2070,"B Schaal"
"2071",2071,"A Blanchard"
"2072",2072,"A Schapell"
"2073",2073,"P Boxer"
"2074",2074,"T Benson"
"2075",2075,"F Cohen"
"2076",2076,"C Hooker"
"2077",2077,"M Horner"
"2078",2078,"R Jack"
"2079",2079,"O Garrod"
"2080",2080,"H Yu"
"2081",2081,"R Caldara"
"2082",2082,"O Kurakova"
"2083",2083,"A Zhegallo"
"2084",2084,"F Poirier"
"2085",2085,"X Gao"
"2086",2086,"C Schulz"
"2087",2087,"L Walther"
"2088",2088,"A Boggan"
"2089",2089,"J Dunlop"
"2090",2090,"D Krawczyk"
"2091",2091,"J Bartlett"
"2092",2092,"V Natu"
"2093",2093,"A O'Toole"
"2094",2094,"A Rice"
"2095",2095,"J Phillips"
"2096",2096,"X An"
"2097",2097,"A Douma"
"2098",2098,"E Moniz"
"2099",2099,"R Bennetts"
"2100",2100,"D Burke"
"2101",2101,"K Brooks"
"2102",2102,"S Lucey"
"2103",2103,"J Saragih"
"2104",2104,"R Robbins"
"2105",2105,"A Liberman"
"2106",2106,"N Yang"
"2107",2107,"L Parr"
"2108",2108,"G Golarai"
"2109",2109,"G Fu"
"2110",2110,"C Hu"
"2111",2111,"B Webster"
"2112",2112,"I Gordon"
"2113",2113,"T Meixner"
"2114",2114,"K Crookes"
"2115",2115,"J Mathison"
"2116",2116,"S Corrow"
"2117",2117,"A Yonas"
"2118",2118,"M Blanke"
"2119",2119,"J Knöll"
"2120",2120,"F Bremmer"
"2121",2121,"D Braun"
"2122",2122,"S Dash"
"2123",2123,"H Wang"
"2124",2124,"J Frey"
"2125",2125,"A Tavassoli"
"2126",2126,"D Ringach"
"2127",2127,"D Glasser"
"2128",2128,"S Heinen"
"2129",2129,"Z Jin"
"2130",2130,"S Watamaniuk"
"2131",2131,"E Santos"
"2132",2132,"N Ross"
"2133",2133,"C Aitkin"
"2134",2134,"A Torres-Garcia"
"2135",2135,"D Souto"
"2136",2136,"M Spering"
"2137",2137,"E Dias"
"2138",2138,"J Sanchez"
"2139",2139,"D Javitt"
"2140",2140,"S Born"
"2141",2141,"M Glaholt"
"2142",2142,"S MacDonald"
"2143",2143,"C Wallin"
"2144",2144,"D Gajewski"
"2145",2145,"J Philbeck"
"2146",2146,"D Foster"
"2147",2147,"M Mould"
"2148",2148,"J Oakley"
"2149",2149,"H Galperin"
"2150",2150,"R Rafal"
"2151",2151,"M Zirnsak"
"2152",2152,"R Kiani"
"2153",2153,"L Michels"
"2154",2154,"T Moore"
"2155",2155,"A Yoonessi"
"2156",2156,"R Zhou"
"2157",2157,"M Boi"
"2158",2158,"E Merriam"
"2159",2159,"S Yuval-Greenberg"
"2160",2160,"J Otero-Millan"
"2161",2161,"C Simoncini"
"2162",2162,"A Montagnini"
"2163",2163,"L Perrinet"
"2164",2164,"M McCamy"
"2165",2165,"Y Yang"
"2166",2166,"X Troncoso"
"2167",2167,"S Baer"
"2168",2168,"S Crook"
"2169",2169,"H Trukenbrod"
"2170",2170,"R Engbert"
"2171",2171,"E Wu"
"2172",2172,"S Gilani"
"2173",2173,"I Amihai"
"2174",2174,"S Yen"
"2175",2175,"W Talbott"
"2176",2176,"J Movellan"
"2177",2177,"A Krügel"
"2178",2178,"R Foerster"
"2179",2179,"E Carbone"
"2180",2180,"H Koesling"
"2181",2181,"W Schneider"
"2182",2182,"L Kogelschatz"
"2183",2183,"C Levitan"
"2184",2184,"Y Ban"
"2185",2185,"E Piazza"
"2186",2186,"M Schram"
"2187",2187,"S Kanaya"
"2188",2188,"W Fujisaki"
"2189",2189,"K Yokosawa"
"2190",2190,"J Schirillo"
"2191",2191,"R Ramachandran"
"2192",2192,"A Bowen"
"2193",2193,"X Zhou"
"2194",2194,"K Petrini"
"2195",2195,"D DeLoss"
"2196",2196,"R Pierce"
"2197",2197,"R Costa"
"2198",2198,"N Medeiros-Ward"
"2199",2199,"N Halper"
"2200",2200,"L Helm"
"2201",2201,"A Maloney"
"2202",2202,"E Harvey"
"2203",2203,"P Sirek"
"2204",2204,"R Stevenson"
"2205",2205,"J Siemann"
"2206",2206,"H Eberly"
"2207",2207,"B Schneider"
"2208",2208,"S Camarata"
"2209",2209,"M Wallace"
"2210",2210,"A Gilman"
"2211",2211,"C Floß"
"2212",2212,"T Schwartz"
"2213",2213,"S Moro"
"2214",2214,"A Ghemraoui"
"2215",2215,"S Parrott"
"2216",2216,"H Ban"
"2217",2217,"C Chen"
"2218",2218,"L Sio"
"2219",2219,"Y Lee"
"2220",2220,"M Aubin"
"2221",2221,"S Zahabi"
"2222",2222,"D Bennett"
"2223",2223,"J Norman"
"2224",2224,"J Cheeseman"
"2225",2225,"H Norman"
"2226",2226,"F Phillips"
"2227",2227,"V Vlajnic"
"2228",2228,"A Zalokostas"
"2229",2229,"E Freud"
"2230",2230,"S Buckingham"
"2231",2231,"S Avery"
"2232",2232,"O Amir"
"2233",2233,"I Serrano-Pedraza"
"2234",2234,"V Sierra-Vázquez"
"2235",2235,"E Daskagianni"
"2236",2236,"S Poltoratski"
"2237",2237,"H Hanif"
"2238",2238,"B Perler"
"2239",2239,"P Kang"
"2240",2240,"C Chao"
"2241",2241,"L Yeh"
"2242",2242,"C Hung"
"2243",2243,"M Bushmakin"
"2244",2244,"T James"
"2245",2245,"M Bieniek"
"2246",2246,"L Frei"
"2247",2247,"G Rousselet"
"2248",2248,"F Perdreau"
"2249",2249,"S Beighley"
"2250",2250,"H Intraub"
"2251",2251,"E Kreindel"
"2252",2252,"C Dickinson"
"2253",2253,"D LaCombe"
"2254",2254,"J Nichols"
"2255",2255,"S Hinnant"
"2256",2256,"E Rickard"
"2257",2257,"X Sternbergh"
"2258",2258,"K Ehinger"
"2259",2259,"C Gottesman"
"2260",2260,"A Siddiqui"
"2261",2261,"B McDunn"
"2262",2262,"R Witherspoon"
"2263",2263,"J Lin"
"2264",2264,"B Hubert-Wallander"
"2265",2265,"J Hendry"
"2266",2266,"T Tsuchiai"
"2267",2267,"K Matsumiya"
"2268",2268,"T Plewan"
"2269",2269,"R Weidner"
"2270",2270,"G Fink"
"2271",2271,"D Linsley"
"2272",2272,"S MacEvoy"
"2273",2273,"T Langlois"
"2274",2274,"J Sammartino"
"2275",2275,"D Parikh"
"2276",2276,"A Torralba"
"2277",2277,"A Oliva"
"2278",2278,"E O'Keefe"
"2279",2279,"M McCardell"
"2280",2280,"S Fuhrman"
"2281",2281,"M Heath"
"2282",2282,"C Holroyd"
"2283",2283,"O Krigolson"
"2284",2284,"J Nguyen"
"2285",2285,"R Isenhower"
"2286",2286,"J Dobias"
"2287",2287,"P Yanovich"
"2288",2288,"J Ravaliya"
"2289",2289,"E Torres"
"2290",2290,"L Tremblay"
"2291",2291,"M Rennebohm"
"2292",2292,"T Woollard"
"2293",2293,"A Kritikos"
"2294",2294,"H Colman"
"2295",2295,"R Robert"
"2296",2296,"L Whitwell"
"2297",2297,"G Buckingham"
"2298",2298,"P Philippe"
"2299",2299,"A Chouinard"
"2300",2300,"J Mikkila"
"2301",2301,"S Fortunato"
"2302",2302,"G Goodale"
"2303",2303,"A Melvyn"
"2304",2304,"L Pfannmüller"
"2305",2305,"M Hegenloh"
"2306",2306,"K Marriott"
"2307",2307,"S Holmes"
"2308",2308,"J Tay"
"2309",2309,"A Mackenzie"
"2310",2310,"M Sin"
"2311",2311,"J Fan"
"2312",2312,"G Bae"
"2313",2313,"A Noyce"
"2314",2314,"W Ma"
"2315",2315,"B Strickland"
"2316",2316,"R Reinhart"
"2317",2317,"R Heitz"
"2318",2318,"B Purcell"
"2319",2319,"P Weigand"
"2320",2320,"J Schall"
"2321",2321,"M Iordan"
"2322",2322,"J Folstein"
"2323",2323,"A Newton"
"2324",2324,"A Connolly"
"2325",2325,"J Haxby"
"2326",2326,"A Caramazza"
"2327",2327,"C Jacques"
"2328",2328,"N Witthoft"
"2329",2329,"B Foster"
"2330",2330,"D Hermes"
"2331",2331,"J Parvizi"
"2332",2332,"C Baldassano"
"2333",2333,"E Aminoff"
"2334",2334,"M Miller"
"2335",2335,"S Grafton"
"2336",2336,"V Wyart"
"2337",2337,"J Scholl"
"2338",2338,"Y Bonneh"
"2339",2339,"Y Adini"
"2340",2340,"M Tsodyks"
"2341",2341,"M Fried"
"2342",2342,"A Arieli"
"2343",2343,"H Long"
"2344",2344,"T Dekker"
"2345",2345,"E Cheung"
"2346",2346,"J Gallivan"
"2347",2347,"J Matthis"
"2348",2348,"W Harmening"
"2349",2349,"A Roorda"
"2350",2350,"L Hallum"
"2351",2351,"J Movshon"
"2352",2352,"I Fine"
"2353",2353,"A Fintzi"
"2354",2354,"E Hintz"
"2355",2355,"G Vates"
"2356",2356,"Z Williams"
"2357",2357,"B Mahon"
"2358",2358,"J Bang"
"2359",2359,"O Khalilzadeh"
"2360",2360,"D Wakeman"
"2361",2361,"M Tamaki"
"2362",2362,"M Hämäläinen"
"2363",2363,"N Chen"
"2364",2364,"M Grueschow"
"2365",2365,"C Ruff"
"2366",2366,"H Imai"
"2367",2367,"A Schlegel"
"2368",2368,"P Alexander"
"2369",2369,"R ZHANG"
"2370",2370,"S Green"
"2371",2371,"A Pouget"
"2372",2372,"N Streeb"
"2373",2373,"B Bays"
"2374",2374,"A Rokem"
"2375",2375,"S Drummond"
"2376",2376,"A Aizenman"
"2377",2377,"S Bond"
"2378",2378,"A Byers"
"2379",2379,"D Carmel"
"2380",2380,"N Gekas"
"2381",2381,"P Seriès"
"2382",2382,"N Matthews"
"2383",2383,"M Vawter"
"2384",2384,"J Kelly"
"2385",2385,"S Szpiro"
"2386",2386,"E Zhang"
"2387",2387,"G Zhang"
"2388",2388,"J Wang"
"2389",2389,"S Luo"
"2390",2390,"K Koehler"
"2391",2391,"E Akbas"
"2392",2392,"I Fründ"
"2393",2393,"F Wichmann"
"2394",2394,"J Macke"
"2395",2395,"M Chirimuuta"
"2396",2396,"K Tsvetanov"
"2397",2397,"S Utz"
"2398",2398,"M Chechlacz"
"2399",2399,"R Kasper"
"2400",2400,"M P"
"2401",2401,"E Eckstein"
"2402",2402,"E Blaser"
"2403",2403,"L Eglington"
"2404",2404,"Z Kaldy"
"2405",2405,"M Hout"
"2406",2406,"M Papesh"
"2407",2407,"X Wan"
"2408",2408,"L Tian"
"2409",2409,"A Lleras"
"2410",2410,"M Dusko"
"2411",2411,"J DeSouza"
"2412",2412,"C Leger"
"2413",2413,"C Firestone"
"2414",2414,"A Greenberg"
"2415",2415,"M Rosen"
"2416",2416,"K Zamora"
"2417",2417,"E Cutrone"
"2418",2418,"S Jeong"
"2419",2419,"L Zhe"
"2420",2420,"A Lustig"
"2421",2421,"D Simons"
"2422",2422,"N Hindy"
"2423",2423,"G Altmann"
"2424",2424,"E Kalenik"
"2425",2425,"L Goldfarb"
"2426",2426,"A Treisman"
"2427",2427,"W Neill"
"2428",2428,"G Seror"
"2429",2429,"K Weber"
"2430",2430,"A Boremanse"
"2431",2431,"E Prieto"
"2432",2432,"J Liu-Shuang"
"2433",2433,"A List"
"2434",2434,"S Bentin"
"2435",2435,"Y Shalev"
"2436",2436,"N Soroker"
"2437",2437,"J Cheal"
"2438",2438,"J Heisz"
"2439",2439,"J Shedden"
"2440",2440,"N Davidenko"
"2441",2441,"M Nguyen"
"2442",2442,"K LaRocque"
"2443",2443,"C Lu"
"2444",2444,"S Anzellotti"
"2445",2445,"S Fairhall"
"2446",2446,"F Ramirez"
"2447",2447,"C Allefeld"
"2448",2448,"P Phillips"
"2449",2449,"L Feng"
"2450",2450,"D Huber"
"2451",2451,"C Rieth"
"2452",2452,"J Tian"
"2453",2453,"N Kloth"
"2454",2454,"D Robertson"
"2455",2455,"K Storrs"
"2456",2456,"B Bacon"
"2457",2457,"C Echavarria"
"2458",2458,"P Hsieh"
"2459",2459,"T Kietzmann"
"2460",2460,"P König"
"2461",2461,"C Thomas"
"2462",2462,"L Walker"
"2463",2463,"C Pierpaoli"
"2464",2464,"P Lovell"
"2465",2465,"R Meiji"
"2466",2466,"T Abe"
"2467",2467,"D Dovencioglu"
"2468",2468,"A Murphy"
"2469",2469,"Z Bian"
"2470",2470,"A Tanguay"
"2471",2471,"J Crisp"
"2472",2472,"B McIntosh"
"2473",2473,"J Ash"
"2474",2474,"J Hughes"
"2475",2475,"L Pickup"
"2476",2476,"A Glennerster"
"2477",2477,"J Vuong"
"2478",2478,"M Ratzlaff"
"2479",2479,"Z Leonard"
"2480",2480,"J Johnson"
"2481",2481,"K Storyan"
"2482",2482,"D Chang"
"2483",2483,"K Porter"
"2484",2484,"C Cavanagh"
"2485",2485,"W Wan"
"2486",2486,"E Dixon"
"2487",2487,"A Shapiro"
"2488",2488,"M Toscani"
"2489",2489,"M Rudd"
"2490",2490,"X Otazu"
"2491",2491,"O Penacchio"
"2492",2492,"L Dempere-Marco"
"2493",2493,"M Olkkonen"
"2494",2494,"S O'Neil"
"2495",2495,"J Mulligan"
"2496",2496,"M McCormick"
"2497",2497,"A Hon"
"2498",2498,"M Maertens"
"2499",2499,"Q Lenoble"
"2500",2500,"H Amieva"
"2501",2501,"S Delord"
"2502",2502,"S Kaneko"
"2503",2503,"K KANARI"
"2504",2504,"H KANEKO"
"2505",2505,"M INAGAMI"
"2506",2506,"S Ivory"
"2507",2507,"A Gilchrist"
"2508",2508,"S Hong"
"2509",2509,"M Kang"
"2510",2510,"B Cao"
"2511",2511,"H Chen"
"2512",2512,"L Huang"
"2513",2513,"H Petry"
"2514",2514,"C Clark"
"2515",2515,"J Day-Brown"
"2516",2516,"R Bolin"
"2517",2517,"M Bickford"
"2518",2518,"I Hayashi"
"2519",2519,"S Wang"
"2520",2520,"A Rose-Henig"
"2521",2521,"O Flynn"
"2522",2522,"H Hock"
"2523",2523,"D Cordeiro"
"2524",2524,"E Wells"
"2525",2525,"A Leber"
"2526",2526,"E Hein"
"2527",2527,"R Hisakata"
"2528",2528,"Y Murai"
"2529",2529,"M Kuwahara"
"2530",2530,"K Brecher"
"2531",2531,"C Paeye"
"2532",2532,"L Madelain"
"2533",2533,"J Guez"
"2534",2534,"T Collins"
"2535",2535,"S Wulff"
"2536",2536,"K Havermann"
"2537",2537,"J Duijnhouwer"
"2538",2538,"R Davies"
"2539",2539,"Y Fang"
"2540",2540,"R Nakashima"
"2541",2541,"M Terao"
"2542",2542,"S Tower-Richardi"
"2543",2543,"S Neggers"
"2544",2544,"S Bosch"
"2545",2545,"F Vitu"
"2546",2546,"J Weiler"
"2547",2547,"C Wang"
"2548",2548,"S Boehnke"
"2549",2549,"E Zimmermann"
"2550",2550,"M Morrone"
"2551",2551,"R Johansson"
"2552",2552,"J Holsanova"
"2553",2553,"M Johansson"
"2554",2554,"R Dewhurst"
"2555",2555,"K Holmqvist"
"2556",2556,"K Tsagkaridis"
"2557",2557,"S Rivera"
"2558",2558,"C Best"
"2559",2559,"H Yim"
"2560",2560,"L Johnson"
"2561",2561,"D Ballard"
"2562",2562,"J Billino"
"2563",2563,"J Hennig"
"2564",2564,"S Buetti"
"2565",2565,"J Brascamp"
"2566",2566,"S Stuit"
"2567",2567,"R Nakayama"
"2568",2568,"T Kusano"
"2569",2569,"M Vergeer"
"2570",2570,"J Brooks"
"2571",2571,"S Gilaie-Dotan"
"2572",2572,"J Kornmeier"
"2573",2573,"M Cohen"
"2574",2574,"D Mendoza-Halliday"
"2575",2575,"R Rademaker"
"2576",2576,"E Cohen"
"2577",2577,"T Vickery"
"2578",2578,"H Koga"
"2579",2579,"R Luria"
"2580",2580,"J Hartshorne"
"2581",2581,"H Kwok"
"2582",2582,"M Harissi-Dagher"
"2583",2583,"A Bertone"
"2584",2584,"M Itz"
"2585",2585,"C Gatenby"
"2586",2586,"J Gore"
"2587",2587,"C Roy"
"2588",2588,"J Wilson"
"2589",2589,"M Ouhnana"
"2590",2590,"K Orsten"
"2591",2591,"A Boswell"
"2592",2592,"B Carter"
"2593",2593,"C Qiu"
"2594",2594,"M Mulligan"
"2595",2595,"D Hipp"
"2596",2596,"A Moser"
"2597",2597,"M O'Connor"
"2598",2598,"P Gerhardstein"
"2599",2599,"V Froyen"
"2600",2600,"O Tanrikulu"
"2601",2601,"V Chicherov"
"2602",2602,"S Guttman"
"2603",2603,"R Hawkins"
"2604",2604,"J Houpt"
"2605",2605,"A Eidels"
"2606",2606,"J Townsend"
"2607",2607,"B Lester"
"2608",2608,"S Reed"
"2609",2609,"D Williamson"
"2610",2610,"P Dassonville"
"2611",2611,"M Melnick"
"2612",2612,"J Lass"
"2613",2613,"M Greenlee"
"2614",2614,"K Rosengarth"
"2615",2615,"M Goldhacker"
"2616",2616,"S Brandl-Rühle"
"2617",2617,"T Plank"
"2618",2618,"E DeYoe"
"2619",2619,"J Mathis"
"2620",2620,"J Ulmer"
"2621",2621,"W Mueller"
"2622",2622,"W Zhu"
"2623",2623,"Y Ma"
"2624",2624,"J Ryu"
"2625",2625,"Y Jo"
"2626",2626,"Q Meng"
"2627",2627,"W Qian"
"2628",2628,"P Ren"
"2629",2629,"N Liu"
"2630",2630,"K Zhou"
"2631",2631,"J Hu"
"2632",2632,"A Roe"
"2633",2633,"E Tapia"
"2634",2634,"Y Hatori"
"2635",2635,"S Holloway"
"2636",2636,"D Holtmann-Rice"
"2637",2637,"N Twarog"
"2638",2638,"M Ishii"
"2639",2639,"S Sato"
"2640",2640,"A Hoover"
"2641",2641,"L Harris"
"2642",2642,"K Kooij"
"2643",2643,"R Beers"
"2644",2644,"W Schot"
"2645",2645,"J Smeets"
"2646",2646,"J Holmin"
"2647",2647,"A Beers"
"2648",2648,"L Pritchett"
"2649",2649,"M Carnevale"
"2650",2650,"K Ishibashi"
"2651",2651,"K Watanabe"
"2652",2652,"S Kita"
"2653",2653,"L Iordanescu"
"2654",2654,"A Pesquita"
"2655",2655,"S Soto-Faraco"
"2656",2656,"J Ritchie"
"2657",2657,"L Choudhary-Smith"
"2658",2658,"E Seckel"
"2659",2659,"V Ramachandran"
"2660",2660,"M Samad"
"2661",2661,"D Peterzell"
"2662",2662,"M Dobricki"
"2663",2663,"S Cunningham"
"2664",2664,"J Weiland"
"2665",2665,"B Barton"
"2666",2666,"A Treister"
"2667",2667,"G Abedi"
"2668",2668,"M Humphrey"
"2669",2669,"S Cramer"
"2670",2670,"A Brewer"
"2671",2671,"A Kelly"
"2672",2672,"O Rosenthal"
"2673",2673,"M Davies"
"2674",2674,"A Davies"
"2675",2675,"R Kludt"
"2676",2676,"G Griffiths"
"2677",2677,"E Feredoes"
"2678",2678,"K Heinen"
"2679",2679,"Z Ernst"
"2680",2680,"B Brisson"
"2681",2681,"N Robitaille"
"2682",2682,"I Fafard"
"2683",2683,"F Makino"
"2684",2684,"J Kawahara"
"2685",2685,"H Sato"
"2686",2686,"D Vatterott"
"2687",2687,"J New"
"2688",2688,"M Stiller"
"2689",2689,"J Lechak"
"2690",2690,"H Liao"
"2691",2691,"E Isham"
"2692",2692,"P Rotshtein"
"2693",2693,"A White"
"2694",2694,"D Blakely"
"2695",2695,"R Landbeck"
"2696",2696,"C Oriet"
"2697",2697,"M Pandey"
"2698",2698,"T Carmel"
"2699",2699,"J Li"
"2700",2700,"K Yanase"
"2701",2701,"G Zhou"
"2702",2702,"Z Cheng"
"2703",2703,"Z Yue"
"2704",2704,"J Foss-Feig"
"2705",2705,"C Cascio"
"2706",2706,"K Schauder"
"2707",2707,"G Nah"
"2708",2708,"J Guy"
"2709",2709,"K Morin"
"2710",2710,"C Habak"
"2711",2711,"L Mottron"
"2712",2712,"K Koldewyn"
"2713",2713,"S Weigelt"
"2714",2714,"B Jackson"
"2715",2715,"E Blackwood"
"2716",2716,"J Blum"
"2717",2717,"S Carruthers"
"2718",2718,"S Nemorin"
"2719",2719,"B Pryor"
"2720",2720,"S Sceneay"
"2721",2721,"S Bevan"
"2722",2722,"R Slikboer"
"2723",2723,"R Millington"
"2724",2724,"C Yasuda"
"2725",2725,"P Jindahra"
"2726",2726,"M Jenkinson"
"2727",2727,"J Barbur"
"2728",2728,"C Kennard"
"2729",2729,"G Plant"
"2730",2730,"F Cendes"
"2731",2731,"A Bock"
"2732",2732,"M Saenz"
"2733",2733,"K Kelly"
"2734",2734,"B Gallie"
"2735",2735,"K Walker"
"2736",2736,"A Komaromy"
"2737",2737,"Z Hussain"
"2738",2738,"B Webb"
"2739",2739,"C Svensson"
"2740",2740,"A Astle"
"2741",2741,"B Barrett"
"2742",2742,"P Knox"
"2743",2743,"S Wijeakumar"
"2744",2744,"A Simmers"
"2745",2745,"U Shahani"
"2746",2746,"B Thompson"
"2747",2747,"R Lo"
"2748",2748,"C Lyons"
"2749",2749,"J Gardiner"
"2750",2750,"M Aroichane"
"2751",2751,"C Said"
"2752",2752,"R Egan"
"2753",2753,"S Jeon"
"2754",2754,"C Law"
"2755",2755,"A Yuan"
"2756",2756,"M Murphy"
"2757",2757,"N Goharpey"
"2758",2758,"J Bridie"
"2759",2759,"D Faragalla"
"2760",2760,"K Fithall"
"2761",2761,"K Hodge"
"2762",2762,"A Hodgson"
"2763",2763,"C Hoystead"
"2764",2764,"Z Koyu"
"2765",2765,"A Shilton"
"2766",2766,"K Tsoutsoulis"
"2767",2767,"C Ucarli"
"2768",2768,"A Perreault"
"2769",2769,"V Bao"
"2770",2770,"G Purushothaman"
"2771",2771,"R Marion"
"2772",2772,"K Li"
"2773",2773,"V Casagrande"
"2774",2774,"C Casanova"
"2775",2775,"M Vanni"
"2776",2776,"R Abbas"
"2777",2777,"S Thomas"
"2778",2778,"H M."
"2779",2779,"R H."
"2780",2780,"R Berman"
"2781",2781,"Y Saalman"
"2782",2782,"D Essen"
"2783",2783,"H Kolster"
"2784",2784,"R Rajimehr"
"2785",2785,"C Connor"
"2786",2786,"A Pasupathy"
"2787",2787,"S Brincat"
"2788",2788,"Y Yamane"
"2789",2789,"M Portillo"
"2790",2790,"M Ahissar"
"2791",2791,"M Morgan"
"2792",2792,"B Dillenburger"
"2793",2793,"S Raphael"
"2794",2794,"K Haak"
"2795",2795,"R Renken"
"2796",2796,"F Cornelissen"
"2797",2797,"J Rowland"
"2798",2798,"M Schira"
"2799",2799,"S Smirnakis"
"2800",2800,"Y Shao"
"2801",2801,"A Papanikolaou"
"2802",2802,"L Lin"
"2803",2803,"A Disney"
"2804",2804,"M Hawken"
"2805",2805,"A Thiele"
"2806",2806,"J Herreo"
"2807",2807,"A Gieselmann"
"2808",2808,"B Noudoost"
"2809",2809,"U Ettinger"
