"","id","label"
"1",1,"D Yang"
"2",2,"M Zhu"
"3",3,"R Hertle"
"4",4,"M Berryhill"
"5",5,"T Chiu"
"6",6,"H Hughes"
"7",7,"D Braun"
"8",8,"N Mennie"
"9",9,"K Gegenfurtner"
"10",10,"C Ponce"
"11",11,"S Lomber"
"12",12,"R Born"
"13",13,"A Montagnini"
"14",14,"M Spering"
"15",15,"G Masson"
"16",16,"K Matsumiya"
"17",17,"S Shioiri"
"18",18,"A Toole"
"19",19,"N Fogt"
"20",20,"R Russell"
"21",21,"P Sinha"
"22",22,"I Bülthoff"
"23",23,"F Newell"
"24",24,"A O'Toole"
"25",25,"P Phillips"
"26",26,"F Jiang"
"27",27,"J Ayyad"
"28",28,"N Pénard"
"29",29,"H Abdi"
"30",30,"D Roark"
"31",31,"E Nakato"
"32",32,"S Kanazawa"
"33",33,"M Yamaguchi"
"34",34,"R Nakata"
"35",35,"Y Osada"
"36",36,"Y Tani"
"37",37,"T Sato"
"38",38,"T Borra"
"39",39,"I Hooge"
"40",40,"F Verstraten"
"41",41,"L Woloszyn"
"42",42,"D Sheinberg"
"43",43,"F Poirier"
"44",44,"H Wilson"
"45",45,"A Grace"
"46",46,"V Izard"
"47",47,"K Shutts"
"48",48,"S Dehaene"
"49",49,"E Spelke"
"50",50,"J Friedenberg"
"51",51,"B Liby"
"52",52,"T Malloy"
"53",53,"G Jensen"
"54",54,"G Kennedy"
"55",55,"H Orbach"
"56",56,"G Loffler"
"57",57,"J Feldman"
"58",58,"M Singh"
"59",59,"L Lin"
"60",60,"G Sperling"
"61",61,"A Hollingworth"
"62",62,"D Sacks"
"63",63,"T Ganel"
"64",64,"C Gonzalez"
"65",65,"K Valyear"
"66",66,"J Culham"
"67",67,"M Goodale"
"68",68,"S Köhler"
"69",69,"R Sussman"
"70",70,"Y Jiang"
"71",71,"J Johnson"
"72",72,"J Spencer"
"73",73,"P Pearson"
"74",74,"L Jakobson"
"75",75,"J Todd"
"76",76,"S Harrison"
"77",77,"R Marois"
"78",78,"T Nilsson"
"79",79,"A McCollough"
"80",80,"E Vogel"
"81",81,"B Wyble"
"82",82,"H Bowman"
"83",83,"A Ikkai"
"84",84,"V Perez"
"85",85,"Y Shen"
"86",86,"T Makovski"
"87",87,"T Carlson"
"88",88,"G Alvarez"
"89",89,"V Niederhoefer"
"90",90,"E Blaser"
"91",91,"Y Ezzyat"
"92",92,"I Olson"
"93",93,"H Lee"
"94",94,"M Mozer"
"95",95,"S Vecera"
"96",96,"J Ahn"
"97",97,"S Jeong"
"98",98,"M Kim"
"99",99,"B Angelone"
"100",100,"M Beck"
"101",101,"K Amante"
"102",102,"K Sikorski"
"103",103,"A Materna"
"104",104,"Y Bonneh"
"105",105,"U Polat"
"106",106,"M Tsodyks"
"107",107,"O Carter"
"108",108,"J Pettigrew"
"109",109,"F Hasler"
"110",110,"G Wallis"
"111",111,"F Vollenweider"
"112",112,"S Chong"
"113",113,"R Blake"
"114",114,"E Ferneyhough"
"115",115,"M Meng"
"116",116,"F Tong"
"117",117,"M Kang"
"118",118,"J Kim"
"119",119,"A Buckthought"
"120",120,"E Kimura"
"121",121,"S Abe"
"122",122,"K Goryo"
"123",123,"T Knapen"
"124",124,"C Paffen"
"125",125,"R Kanai"
"126",126,"R Ee"
"127",127,"P Sterzer"
"128",128,"G Rees"
"129",129,"A Noest"
"130",130,"R Wezel"
"131",131,"S Mitroff"
"132",132,"D Sobel"
"133",133,"A Gopnik"
"134",134,"R Sundareswara"
"135",135,"C Kallie"
"136",136,"P Schrater"
"137",137,"D Yoshino"
"138",138,"Y Sakaguchi"
"139",139,"S Leh"
"140",140,"K Mullen"
"141",141,"A Ptito"
"142",142,"D Simons"
"143",143,"M Ambinder"
"144",144,"X Wan"
"145",145,"G Nevarez"
"146",146,"E Caddigan"
"147",147,"C Moore"
"148",148,"L Lanagan"
"149",149,"A Burmester"
"150",150,"F Taya"
"151",151,"K Mogi"
"152",152,"S Kies"
"153",153,"C Chubb"
"154",154,"C Kempgens"
"155",155,"S Chatterjee"
"156",156,"D Merwine"
"157",157,"N Grzywacz"
"158",158,"H Ishikane"
"159",159,"M Gangi"
"160",160,"S Honda"
"161",161,"S Usui"
"162",162,"M Tachibana"
"163",163,"B Ebisch"
"164",164,"W Barnes"
"165",165,"Y Egenolf"
"166",166,"R Galuske"
"167",167,"B Anderson"
"168",168,"M Harrison"
"169",169,"W Jermakowicz"
"170",170,"X Chen"
"171",171,"I Khaytin"
"172",172,"Z Zhou"
"173",173,"M Bernard"
"174",174,"A Bonds"
"175",175,"V Casagrande"
"176",176,"K Amano"
"177",177,"D Arnold"
"178",178,"A Johnston"
"179",179,"T Takeda"
"180",180,"J Ferwerda"
"181",181,"A Arditi"
"182",182,"H Strasburger"
"183",183,"T Wüstenberg"
"184",184,"S Rigutti"
"185",185,"W Gerbino"
"186",186,"J Sheedy"
"187",187,"S Gowrisankaran"
"188",188,"J Huber"
"189",189,"I Davies"
"190",190,"N Stringer"
"191",191,"C O'Neil"
"192",192,"L McLin"
"193",193,"L Barnes"
"194",194,"B Novar"
"195",195,"G Martinsen"
"196",196,"P Garcia"
"197",197,"F DaSilva"
"198",198,"N Wechsler"
"199",199,"M McBeath"
"200",200,"T Sugar"
"201",201,"E Amazeen"
"202",202,"C Presson"
"203",203,"J Koeneman"
"204",204,"J Souman"
"205",205,"T Freeman"
"206",206,"B Sheliga"
"207",207,"E FitzGibbon"
"208",208,"F Miles"
"209",209,"A Kaminiarz"
"210",210,"M Rohe"
"211",211,"B Krekelberg"
"212",212,"F Bremmer"
"213",213,"M Morrone"
"214",214,"G D'Avossa"
"215",215,"M Tosetti"
"216",216,"D Burr"
"217",217,"A Harris"
"218",218,"K Nakayama"
"219",219,"J Tanaka"
"220",220,"C Piatt"
"221",221,"J Sadr"
"222",222,"M Fabre-Thorpe"
"223",223,"G Rousselet"
"224",224,"M Macé"
"225",225,"S Thorpe"
"226",226,"J Haxby"
"227",227,"R Bryan"
"228",228,"M Gobbini"
"229",229,"A Engell"
"230",230,"C Thomas"
"231",231,"G Avidan"
"232",232,"K Jung"
"233",233,"M Behrmann"
"234",234,"J Fulvio"
"235",235,"L Maloney"
"236",236,"L Sharan"
"237",237,"Y Li"
"238",238,"E Adelson"
"239",239,"M Tappen"
"240",240,"W Freeman"
"241",241,"A Ing"
"242",242,"W Geisler"
"243",243,"M Rucci"
"244",244,"G Desbordes"
"245",245,"R Iovin"
"246",246,"F Santini"
"247",247,"F Hamker"
"248",248,"M Zirnsak"
"249",249,"D Calow"
"250",250,"M Lappe"
"251",251,"P Bennett"
"252",252,"C Taylor"
"253",253,"A Sekuler"
"254",254,"D Whitney"
"255",255,"D Bressler"
"256",256,"M Snodderly"
"257",257,"M Gur"
"258",258,"D Zaksas"
"259",259,"N LaMendola"
"260",260,"T Pasternak"
"261",261,"D Freedman"
"262",262,"J Assad"
"263",263,"B Lee"
"264",264,"B Pesaran"
"265",265,"R Andersen"
"266",266,"J Lorenceau"
"267",267,"S Morel"
"268",268,"A Caclin"
"269",269,"C Tallon-Baudry"
"270",270,"A Smith"
"271",271,"M Wall"
"272",272,"A Lingnau"
"273",273,"H Ashida"
"274",274,"B Thompson"
"275",275,"Z Liu"
"276",276,"C Abbey"
"277",277,"M Eckstein"
"278",278,"J Elder"
"279",279,"Y Morgenstern"
"280",280,"I Oruc"
"281",281,"M Landy"
"282",282,"S Klein"
"283",283,"C Tyler"
"284",284,"A Stockman"
"285",285,"L Sharpe"
"286",286,"M Michaelides"
"287",287,"A Moore"
"288",288,"A Webster"
"289",289,"H Smithson"
"290",290,"V Posina"
"291",291,"G Horwitz"
"292",292,"T Albright"
"293",293,"H Ogmen"
"294",294,"B Breitmeyer"
"295",295,"H Kafaligonul"
"296",296,"S Todd"
"297",297,"L Mardon"
"298",298,"R Ziegler"
"299",299,"J Cass"
"300",300,"D Alais"
"301",301,"I Motoyoshi"
"302",302,"S Min"
"303",303,"K Kim"
"304",304,"B Won"
"305",305,"S Han"
"306",306,"H Kim"
"307",307,"M Chun"
"308",308,"W Chou"
"309",309,"S Yeh"
"310",310,"K Sobel"
"311",311,"M Gerrie"
"312",312,"M Kane"
"313",313,"B Poole"
"314",314,"J Golomb"
"315",315,"L Rhode"
"316",316,"L Baugh"
"317",317,"J Marotta"
"318",318,"D Morales"
"319",319,"S Thompson-Schill"
"320",320,"D Varakin"
"321",321,"D Levin"
"322",322,"J Cohen"
"323",323,"H Bruggeman"
"324",324,"W Warren"
"325",325,"D Rothman"
"326",326,"K Soska"
"327",327,"R Gilmore"
"328",328,"G Diaz"
"329",329,"B Fajen"
"330",330,"A Kalia"
"331",331,"G Legge"
"332",332,"N Giudice"
"333",333,"R Woods"
"334",334,"L Lichtenstein"
"335",335,"A Mandel"
"336",336,"E Peli"
"337",337,"H Zhong"
"338",338,"J Owens"
"339",339,"L Wu"
"340",340,"H Zhao"
"341",341,"Q Liu"
"342",342,"J Campos"
"343",343,"H Sun"
"344",344,"J Philbeck"
"345",345,"S O'Leary"
"346",346,"T Seno"
"347",347,"M Kitazaki"
"348",348,"T Hashimoto"
"349",349,"S Lee"
"350",350,"R Kim"
"351",351,"A Seitz"
"352",352,"L Shams"
"353",353,"V Wassenhove"
"354",354,"Z Hussain"
"355",355,"M Peterson"
"356",356,"W Chu"
"357",357,"Z Lu"
"358",358,"B Dosher"
"359",359,"B Pham"
"360",360,"Y Zhang"
"361",361,"N Matthews"
"362",362,"K Kurosawa"
"363",363,"K Strong"
"364",364,"J Náñez"
"365",365,"S Holloway"
"366",366,"T Watanabe"
"367",367,"A Vavassis"
"368",368,"M Grünau"
"369",369,"G Heckman"
"370",370,"S Engel"
"371",371,"Y Tsushima"
"372",372,"P Jeter"
"373",373,"H Lu"
"374",374,"X Huang"
"375",375,"Y Zhou"
"376",376,"S Mednick"
"377",377,"J Serences"
"378",378,"G Boynton"
"379",379,"E Awh"
"380",380,"S Nishina"
"381",381,"M Kawato"
"382",382,"M Padilla"
"383",383,"A Petrov"
"384",384,"R Li"
"385",385,"A Provost"
"386",386,"J Sung"
"387",387,"J Nguyen"
"388",388,"K Young"
"389",389,"P Hoenig"
"390",390,"D Levi"
"391",391,"Q Haijiang"
"392",392,"B Backus"
"393",393,"E Davis"
"394",394,"K Scott"
"395",395,"K Hailston"
"396",396,"J Pair"
"397",397,"L Hodges"
"398",398,"E Weston"
"399",399,"T Andersen"
"400",400,"P Mamassian"
"401",401,"A Beer"
"402",402,"L Heller"
"403",403,"S Gilman"
"404",404,"K Sripada"
"405",405,"E Helman"
"406",406,"S Watkins"
"407",407,"D Wozny"
"408",408,"T James"
"409",409,"A Kilgour"
"410",410,"P Servos"
"411",411,"R Kitada"
"412",412,"E Huh"
"413",413,"S Lederman"
"414",414,"J Loomis"
"415",415,"H Helbig"
"416",416,"E Ricciardi"
"417",417,"P Pietrini"
"418",418,"M Ernst"
"419",419,"B Wu"
"420",420,"R Klatzky"
"421",421,"D Shelton"
"422",422,"G Stetten"
"423",423,"I Frissen"
"424",424,"M Batson"
"425",425,"R Dyde"
"426",426,"M Jenkin"
"427",427,"H Jenkin"
"428",428,"J Zacher"
"429",429,"L Harris"
"430",430,"G Gingras"
"431",431,"B Rowland"
"432",432,"B Stein"
"433",433,"K Jordan"
"434",434,"E MacLean"
"435",435,"E Brannon"
"436",436,"M Latinus"
"437",437,"M Taylor"
"438",438,"P MacNeilage"
"439",439,"C Levitan"
"440",440,"M Banks"
"441",441,"D McCormick"
"442",442,"T Seizova-Cajic"
"443",443,"B Sachtler"
"444",444,"M Georgeson"
"445",445,"S Jeon"
"446",446,"L Olzak"
"447",447,"J Wagge"
"448",448,"R Thomas"
"449",449,"F Wichmann"
"450",450,"G Henning"
"451",451,"S Sally"
"452",452,"R Gurnsey"
"453",453,"S Govenlock"
"454",454,"I Legault"
"455",455,"R Allard"
"456",456,"J Faubert"
"457",457,"J Baron"
"458",458,"D Pelli"
"459",459,"M Kramer"
"460",460,"T Meese"
"461",461,"D Holmes"
"462",462,"J Solomon"
"463",463,"M Morgan"
"464",464,"S McKee"
"465",465,"A Wade"
"466",466,"Y Petrov"
"467",467,"A Norcia"
"468",468,"T Meigen"
"469",469,"P Hottenroth"
"470",470,"M Conte"
"471",471,"A Ashurova"
"472",472,"L Ponticello"
"473",473,"E Kobylarz"
"474",474,"D Labar"
"475",475,"J Victor"
"476",476,"T Maddess"
"477",477,"Y Nagai"
"478",478,"K Maruya"
"479",479,"Y Nakajima"
"480",480,"F Xavier"
"481",481,"C Baker"
"482",482,"C Mortin"
"483",483,"N Prins"
"484",484,"F Kingdom"
"485",485,"S Dumoulin"
"486",486,"R Hess"
"487",487,"B Hansen"
"488",488,"D Berg"
"489",489,"S Boehnke"
"490",490,"R Marino"
"491",491,"P Baldi"
"492",492,"D Munoz"
"493",493,"L Itti"
"494",494,"A Brauer"
"495",495,"J Dannemiller"
"496",496,"A Koç"
"497",497,"H Öğmen"
"498",498,"H Fehd"
"499",499,"A Seiffert"
"500",500,"J Highsmith"
"501",501,"D Stoebling"
"502",502,"P Gulla"
"503",503,"M Crognale"
"504",504,"A Nishimura"
"505",505,"K Yokosawa"
"506",506,"E Pechenkova"
"507",507,"C Tseng"
"508",508,"T Papathomas"
"509",509,"Z Vidnyanszky"
"510",510,"C Galera"
"511",511,"A Panagopoulos"
"512",512,"M Cavallet"
"513",513,"J Wong"
"514",514,"A Hillstrom"
"515",515,"S Wong-Drew"
"516",516,"Y Yeshurun"
"517",517,"B Montagna"
"518",518,"M Carrasco"
"519",519,"R Rodriguez"
"520",520,"J Gobell"
"521",521,"S Fuller"
"522",522,"T Kuyk"
"523",523,"W Brockmeier"
"524",524,"R Gorsche"
"525",525,"H Zwick"
"526",526,"P Edsall"
"527",527,"L Hare"
"528",528,"J Ness"
"529",529,"Y Mizokami"
"530",530,"S Webster"
"531",531,"M Webster"
"532",532,"P Huang"
"533",533,"S Naito"
"534",534,"Y Hirano"
"535",535,"S Kikuchi"
"536",536,"T Wachtler"
"537",537,"S Klauke"
"538",538,"M Sakurai"
"539",539,"R Xu"
"540",540,"I Fine"
"541",541,"T Nagai"
"542",542,"K Uchikawa"
"543",543,"E Miyahara"
"544",544,"P Hwang"
"545",545,"E Brenner"
"546",546,"J Granzier"
"547",547,"J Smeets"
"548",548,"M Michna"
"549",549,"T Yoshizawa"
"550",550,"A D'Antona"
"551",551,"S Shevell"
"552",552,"P Hsieh"
"553",553,"P Tse"
"554",554,"A Logvinenko"
"555",555,"P Monnier"
"556",556,"L Troup"
"557",557,"T Kawahara"
"558",558,"K Segawa"
"559",559,"L Beattie"
"560",560,"M Boi"
"561",561,"B Pinna"
"562",562,"M Bostic"
"563",563,"R Robilotto"
"564",564,"Q Zaidi"
"565",565,"M Bloj"
"566",566,"A Ruppertsberg"
"567",567,"A Hurlbert"
"568",568,"Y Ling"
"569",569,"X Su"
"570",570,"A Jain"
"571",571,"H Uzochukwu"
"572",572,"H Gerhard"
"573",573,"D Simmons"
"574",574,"D Lindsey"
"575",575,"A Brown"
"576",576,"K Chen"
"577",577,"C Chen"
"578",578,"J Durand"
"579",579,"K Nelissen"
"580",580,"W Vanduffel"
"581",581,"J Norman"
"582",582,"G Orban"
"583",583,"L Kuhlmann"
"584",584,"S Grossberg"
"585",585,"E Mingolla"
"586",586,"A Li"
"587",587,"B Tzen"
"588",588,"A Yadgarova"
"589",589,"J Saunders"
"590",590,"A Schofield"
"591",591,"P Rock"
"592",592,"G Hesse"
"593",593,"T Yates"
"594",594,"A Doorn"
"595",595,"J Koenderink"
"596",596,"S Pont"
"597",597,"P Gerardin"
"598",598,"M Montalembert"
"599",599,"Y Ho"
"600",600,"R Murray"
"601",601,"D Vishwanath"
"602",602,"E Freeman"
"603",603,"J Driver"
"604",604,"A Girshick"
"605",605,"S Khalil"
"606",606,"Z Pizlo"
"607",607,"W Simpson"
"608",608,"U Shahani"
"609",609,"V Manahilov"
"610",610,"H Mitsudo"
"611",611,"B Rogers"
"612",612,"V Goffaux"
"613",613,"B Rossion"
"614",614,"D Fiset"
"615",615,"C Blais"
"616",616,"F Gosselin"
"617",617,"P Schyns"
"618",618,"J Intriligator"
"619",619,"J Kaltreider"
"620",620,"P Steinmetz"
"621",621,"C Gaspar"
"622",622,"N Anderson"
"623",623,"K Curby"
"624",624,"I Gauthier"
"625",625,"R Deaner"
"626",626,"S Shepherd"
"627",627,"J Ristic"
"628",628,"M Platt"
"629",629,"Y Dunham"
"630",630,"M Banaji"
"631",631,"Y Isogaya"
"632",632,"C Simion"
"633",633,"S Shimojo"
"634",634,"G Rhodes"
"635",635,"J Turner"
"636",636,"L Ewing"
"637",637,"K Borrmann"
"638",638,"N Furtado"
"639",639,"A Chaudhuri"
"640",640,"C Habak"
"641",641,"K Kinzler"
"642",642,"R Bosworth"
"643",643,"B Hinga"
"644",644,"S Robbins"
"645",645,"K Dobkins"
"646",646,"J Calvert"
"647",647,"M Bradnam"
"648",648,"D McCulloch"
"649",649,"R Hamilton"
"650",650,"G Dutton"
"651",651,"A Skoczenski"
"652",652,"N Shirai"
"653",653,"V Armstrong"
"654",654,"T Lewis"
"655",655,"D Maurer"
"656",656,"Z Kaldy"
"657",657,"M Kibbe"
"658",658,"E Nawrot"
"659",659,"M Nawrot"
"660",660,"M Palomares"
"661",661,"A Gupta"
"662",662,"B Landau"
"663",663,"H Egeth"
"664",664,"R Adams"
"665",665,"J Drover"
"666",666,"K Penney"
"667",667,"A Earle"
"668",668,"M Courage"
"669",669,"M Baldwin"
"670",670,"I Trolka"
"671",671,"A Carson"
"672",672,"A Rossi"
"673",673,"D Carmel"
"674",674,"N Lavie"
"675",675,"E Cheries"
"676",676,"K Wynn"
"677",677,"B Scholl"
"678",678,"H Choi"
"679",679,"H Scholte"
"680",680,"M Mulckhuyse"
"681",681,"J Tankink"
"682",682,"V Lamme"
"683",683,"C Libedinsky"
"684",684,"M Livingstone"
"685",685,"S Shomstein"
"686",686,"R Kimchi"
"687",687,"S Chu"
"688",688,"J Edelman"
"689",689,"J Feeney"
"690",690,"S Ghorashi"
"691",691,"L Jefferies"
"692",692,"J Enns"
"693",693,"L Reddy"
"694",694,"P Perona"
"695",695,"C Koch"
"696",696,"D Kobayashi"
"697",697,"B Stojanoski"
"698",698,"M Niemeier"
"699",699,"D Walther"
"700",700,"L Fei-Fei"
"701",701,"T Yoshida"
"702",702,"P Cavanagh"
"703",703,"D Andresen"
"704",704,"K Grill-Spector"
"705",705,"D Bennett"
"706",706,"Q Vuong"
"707",707,"L Chuang"
"708",708,"I Thornton"
"709",709,"H Buelthoff"
"710",710,"A Fazl"
"711",711,"W Mou"
"712",712,"W Hayward"
"713",713,"M Zhao"
"714",714,"G Zhou"
"715",715,"C Owen"
"716",716,"R Niimi"
"717",717,"B Balas"
"718",718,"J Peissig"
"719",719,"J Vettel"
"720",720,"M Tarr"
"721",721,"M Nederhouser"
"722",722,"X Yue"
"723",723,"I Biederman"
"724",724,"J Christensen"
"725",725,"N Schwartz"
"726",726,"P McEntire"
"727",727,"I Harris"
"728",728,"C Miniussi"
"729",729,"E Richards"
"730",730,"S Johnson"
"731",731,"T Baker"
"732",732,"J Tse"
"733",733,"P Gerhardstein"
"734",734,"S Adler"
"735",735,"M Lunsford"
"736",736,"B Dillenburger"
"737",737,"C Wehrhahn"
"738",738,"L Gu"
"739",739,"A Roe"
"740",740,"R Ni"
"741",741,"L Chen"
"742",742,"G Andersen"
"743",743,"H Unuma"
"744",744,"H Hasegawa"
"745",745,"P Kellman"
"746",746,"J Hilger"
"747",747,"C Fantoni"
"748",748,"B Keane"
"749",749,"J Perry"
"750",750,"K May"
"751",751,"E Gheorghiu"
"752",752,"M Luca"
"753",753,"F Domini"
"754",754,"C Caudek"
"755",755,"E Scilipoti"
"756",756,"V Weiner"
"757",757,"P Schiller"
"758",758,"J Fernandez"
"759",759,"B Farell"
"760",760,"M Ichikawa"
"761",761,"Y Masakura"
"762",762,"K Mackenzie"
"763",763,"L Wilcox"
"764",764,"M Jovanović"
"765",765,"L Kontsevich"
"766",766,"N Bocheva"
"767",767,"D Ballard"
"768",768,"C Rothkopf"
"769",769,"M Hayhoe"
"770",770,"K Parkins"
"771",771,"N Bruno"
"772",772,"L Giovannini"
"773",773,"A Jacomuzzi"
"774",774,"L Surian"
"775",775,"C Semenza"
"776",776,"A Gorea"
"777",777,"P Cardoso-Leite"
"778",778,"F Waszak"
"779",779,"F Phillips"
"780",780,"B Gaudino"
"781",781,"B Prue"
"782",782,"M Voshell"
"783",783,"J Dionne"
"784",784,"D Henriques"
"785",785,"U Wolfe"
"786",786,"E Amis"
"787",787,"D Purves"
"788",788,"B Boots"
"789",789,"G Scarlatis"
"790",790,"R Greenberg"
"791",791,"J Judy"
"792",792,"M Matsukura"
"793",793,"S Luck"
"794",794,"H Eng"
"795",795,"D Chen"
"796",796,"R Gordon"
"797",797,"M Frankl"
"798",798,"S Vollmer"
"799",799,"M Jackson"
"800",800,"C Wu"
"801",801,"S Langeslag"
"802",802,"D Linden"
"803",803,"J Raymond"
"804",804,"K Moore"
"805",805,"A Chatterjee"
"806",806,"K Page"
"807",807,"M Verfaellie"
"808",808,"J Schmidt"
"809",809,"G Zelinsky"
"810",810,"E Shin"
"811",811,"M Fabiani"
"812",812,"G Gratton"
"813",813,"S Takahama"
"814",814,"M Misaki"
"815",815,"S Miyauchi"
"816",816,"J Saiki"
"817",817,"W Zoest"
"818",818,"A Lleras"
"819",819,"A Kingstone"
"820",820,"H Gauchou"
"821",821,"J Vidal"
"822",822,"K O'Regan"
"823",823,"A Reinecke"
"824",824,"M Rinck"
"825",825,"E Becker"
"826",826,"Z Chen"
"827",827,"C Chan"
"828",828,"K Hosokawa"
"829",829,"L Leibov"
"830",830,"P Bluett"
"831",831,"X Meng"
"832",832,"C Stockert"
"833",833,"L Joyce"
"834",834,"H Mizushina"
"835",835,"H Ono"
"836",836,"T Imura"
"837",837,"Y Otsuka"
"838",838,"M Tomonaga"
"839",839,"A Yagi"
"840",840,"A Levi"
"841",841,"A Sterkin"
"842",842,"R Amiaz"
"843",843,"D Chang"
"844",844,"K Murphy"
"845",845,"D Jones"
"846",846,"J Atkinson"
"847",847,"O Braddick"
"848",848,"M Nardini"
"849",849,"S Anker"
"850",850,"F Cowan"
"851",851,"A Edwards"
"852",852,"M Rutherford"
"853",853,"D Wu"
"854",854,"J Park"
"855",855,"F Bonato"
"856",856,"A Bubka"
"857",857,"S Palmisano"
"858",858,"A Koene"
"859",859,"B Sheth"
"860",860,"M Watanabe"
"861",861,"S Shinohara"
"862",862,"K Evans"
"863",863,"A Treisman"
"864",864,"F Cornelissen"
"865",865,"J Es"
"866",866,"T Vladusich"
"867",867,"J Winawer"
"868",868,"A Gilchrist"
"869",869,"A Radonjic"
"870",870,"K Petrini"
"871",871,"U Kleinholdermann"
"872",872,"V Franz"
"873",873,"S Monaco"
"874",874,"P Fattori"
"875",875,"C Galletti"
"876",876,"G Kroliczak"
"877",877,"D Quinlan"
"878",878,"J Song"
"879",879,"R Whitwell"
"880",880,"B Morrissey"
"881",881,"T Chong"
"882",882,"M Williams"
"883",883,"R Cunnington"
"884",884,"J Mattingley"
"885",885,"L Vaina"
"886",886,"S Soloviev"
"887",887,"T Kasamatsu"
"888",888,"K Imamura"
"889",889,"W Singer"
"890",890,"M Munk"
"891",891,"E Tehovnik"
"892",892,"T Hartmann"
"893",893,"A Saul"
"894",894,"Y Tang"
"895",895,"E Wong"
"896",896,"G DeAngelis"
"897",897,"Y Gu"
"898",898,"D Angelaki"
"899",899,"A Welchman"
"900",900,"J Lam"
"901",901,"D Knill"
"902",902,"V Ivanchenko"
"903",903,"R Jacobs"
"904",904,"J Werner"
"905",905,"D Philipona"
"906",906,"J O'Regan"
"907",907,"R Beer"
"908",908,"A Dinca"
"909",909,"D MacLeod"
"910",910,"M Rudd"
"911",911,"E Vul"
"912",912,"V Dilda"
"913",913,"S Creem-Regehr"
"914",914,"W Thompson"
"915",915,"K Ozkan"
"916",916,"M Braunstein"
"917",917,"T Ooi"
"918",918,"Z He"
"919",919,"B Kunz"
"920",920,"C Erkelens"
"921",921,"X Zhang"
"922",922,"J Ferrera"
"923",923,"D Dakhlallah"
"924",924,"M Popalzai"
"925",925,"J Hirsch"
"926",926,"D Hood"
"927",927,"D Birtles"
"928",928,"S Mills"
"929",929,"J Warshafsky"
"930",930,"J Wattam-Bell"
"931",931,"T Carney"
"932",932,"J Ales"
"933",933,"S Dandekar"
"934",934,"C Namèche"
"935",935,"B Sorger"
"936",936,"R Goebel"
"937",937,"H Meeren"
"938",938,"N Hadjikhani"
"939",939,"S Ahlfors"
"940",940,"M Hämäläinen"
"941",941,"B Gelder"
"942",942,"E Golumbic"
"943",943,"S Bentin"
"944",944,"C Dahl"
"945",945,"N Logothetis"
"946",946,"K Hoffman"
"947",947,"C Carbon"
"948",948,"H Leder"
"949",949,"T Grueter"
"950",950,"M Grueter"
"951",951,"J Weber"
"952",952,"A Lueschow"
"953",953,"B Duchaine"
"954",954,"G Yovel"
"955",955,"C Michel"
"956",956,"O Corneille"
"957",957,"S Park"
"958",958,"J Hyun"
"959",959,"L Symons"
"960",960,"B Roberts"
"961",961,"B Wagar"
"962",962,"D Bub"
"963",963,"O Cheung"
"964",964,"A Rich"
"965",965,"B Hidalgo-Sotelo"
"966",966,"M Kunar"
"967",967,"M Wert"
"968",968,"J Wolfe"
"969",969,"S Flusberg"
"970",970,"E Palmer"
"971",971,"T Horowitz"
"972",972,"S Place"
"973",973,"H Allen"
"974",974,"G Humphreys"
"975",975,"J Hodsoll"
"976",976,"M Neider"
"977",977,"H Yang"
"978",978,"A Tavassoli"
"979",979,"I Linde"
"980",980,"A Bovik"
"981",981,"L Cormack"
"982",982,"P Gallego"
"983",983,"B Gee"
"984",984,"W Merigan"
"985",985,"V Navalpakkam"
"986",986,"W Schoonveld"
"987",987,"T Troscianko"
"988",988,"B Vincent"
"989",989,"I Gilchrist"
"990",990,"R Knight"
"991",991,"O Holland"
"992",992,"G Chan"
"993",993,"P Byrne"
"994",994,"S Becker"
"995",995,"C Dickinson"
"996",996,"D Bensonoff"
"997",997,"H Intraub"
"998",998,"T Dixon"
"999",999,"E Canga"
"1000",1000,"J Noyes"
"1001",1001,"S Nikolov"
"1002",1002,"D Bull"
"1003",1003,"C Canagarajah"
"1004",1004,"S Gillespie"
"1005",1005,"S Gorlin"
"1006",1006,"C Nandakumar"
"1007",1007,"M Greene"
"1008",1008,"A Oliva"
"1009",1009,"J Steeves"
"1010",1010,"J Cant"
"1011",1011,"J Démonet"
"1012",1012,"R Kentridge"
"1013",1013,"C Heywood"
"1014",1014,"T Konkle"
"1015",1015,"A Torralba"
"1016",1016,"C Hunter"
"1017",1017,"S Edelman"
"1018",1018,"E McDaniel"
"1019",1019,"M Potter"
"1020",1020,"M Motes"
"1021",1021,"C Finlay"
"1022",1022,"M Kozhevnikov"
"1023",1023,"S Pas"
"1024",1024,"E Vessel"
"1025",1025,"N Rubin"
"1026",1026,"Y Wang"
"1027",1027,"Q Wang"
"1028",1028,"A Yoonessi"
"1029",1029,"G Appelbaum"
"1030",1030,"V Vildavski"
"1031",1031,"M Pettet"
"1032",1032,"P Dassonville"
"1033",1033,"E Walter"
"1034",1034,"K Lunger"
"1035",1035,"J Gardner"
"1036",1036,"S Palmer"
"1037",1037,"H Kirchner"
"1038",1038,"K Hamburger"
"1039",1039,"B White"
"1040",1040,"D Grave"
"1041",1041,"J Jovancevic"
"1042",1042,"B Sullivan"
"1043",1043,"K Chajka"
"1044",1044,"J Pelz"
"1045",1045,"J Droll"
"1046",1046,"L Renninger"
"1047",1047,"P Verghese"
"1048",1048,"J Coughlan"
"1049",1049,"D Shiu"
"1050",1050,"L Zhaoping"
"1051",1051,"N Guyader"
"1052",1052,"A Reeves"
"1053",1053,"Z Jin"
"1054",1054,"A Richard"
"1055",1055,"P Thiem"
"1056",1056,"E Keller"
"1057",1057,"K Lee"
"1058",1058,"A Caspi"
"1059",1059,"G Hirschberger"
"1060",1060,"T Ein-Dor"
"1061",1061,"A Zivotofsky"
"1062",1062,"J Nelson"
"1063",1063,"G Cottrell"
"1064",1064,"W Yi"
"1065",1065,"M Burke"
"1066",1066,"G Barnes"
"1067",1067,"S Prime"
"1068",1068,"J Crawford"
"1069",1069,"R Carmi"
"1070",1070,"E Fine"
"1071",1071,"S Yurgenson"
"1072",1072,"G Kumar"
"1073",1073,"S Stevenson"
"1074",1074,"A Roorda"
"1075",1075,"U Rajashekar"
"1076",1076,"S Yang"
"1077",1077,"S Heinen"
"1078",1078,"J Geng"
"1079",1079,"C Ruff"
"1080",1080,"M Greenlee"
"1081",1081,"G Frank"
"1082",1082,"O Baumann"
"1083",1083,"G Keith"
"1084",1084,"G Blohm"
"1085",1085,"A Kis"
"1086",1086,"P Mitchell"
"1087",1087,"A Morris"
"1088",1088,"C Chambers"
"1089",1089,"J Rieger"
"1090",1090,"I Bodis-Wollner"
"1091",1091,"M Schoenfeld"
"1092",1092,"H Heinze"
"1093",1093,"G Luo"
"1094",1094,"R Sylvester"
"1095",1095,"J Haynes"
"1096",1096,"A Hsu"
"1097",1097,"I Scofield"
"1098",1098,"J Jolij"
"1099",1099,"C Mevorach"
"1100",1100,"L Shalev"
"1101",1101,"A Valero-Cabre"
"1102",1102,"A Pascual-Leone"
"1103",1103,"B Payne"
"1104",1104,"R Peters"
"1105",1105,"P Bayerl"
"1106",1106,"H Neumann"
"1107",1107,"R Datta"
"1108",1108,"E DeYoe"
"1109",1109,"J Ding"
"1110",1110,"R Srinivasan"
"1111",1111,"A Hall"
"1112",1112,"S Malhotra"
"1113",1113,"J Mellott"
"1114",1114,"C Philippi"
"1115",1115,"J Sparks"
"1116",1116,"M Marron"
"1117",1117,"M Rizzo"
"1118",1118,"W Shim"
"1119",1119,"T Vickery"
"1120",1120,"S Ling"
"1121",1121,"T Liu"
"1122",1122,"Y Pinto"
"1123",1123,"C Olivers"
"1124",1124,"J Theeuwes"
"1125",1125,"A Chatziastros"
"1126",1126,"H Bülthoff"
"1127",1127,"M Phillips"
"1128",1128,"D Smilek"
"1129",1129,"A Frischen"
"1130",1130,"M Reynolds"
"1131",1131,"C Gerritsen"
"1132",1132,"J Eastwood"
"1133",1133,"M Silva"
"1134",1134,"A Cox"
"1135",1135,"R Rajimehr"
"1136",1136,"S Afraz"
"1137",1137,"A Eidels"
"1138",1138,"J Townsend"
"1139",1139,"K McDermott"
"1140",1140,"J Mulligan"
"1141",1141,"G Bebis"
"1142",1142,"Y Tsai"
"1143",1143,"N Gayzur"
"1144",1144,"A Saville"
"1145",1145,"L Langley"
"1146",1146,"A Brewer"
"1147",1147,"M Ben-Shachar"
"1148",1148,"R Dougherty"
"1149",1149,"B Wandell"
"1150",1150,"J Yang"
"1151",1151,"D Ts'o"
"1152",1152,"N Szeverenyi"
"1153",1153,"Y Kim"
"1154",1154,"M Grabowecky"
"1155",1155,"K Paller"
"1156",1156,"S Suzuki"
"1157",1157,"S Pitzalis"
"1158",1158,"M Sereno"
"1159",1159,"G Committeri"
"1160",1160,"G Galati"
"1161",1161,"D Poggel"
"1162",1162,"D Kim"
"1163",1163,"L Toth"
"1164",1164,"G Luppino"
"1165",1165,"G Rizzolatti"
"1166",1166,"M Large"
"1167",1167,"A Kuchinad"
"1168",1168,"A Aldcroft"
"1169",1169,"T Vilis"
"1170",1170,"M Lescroart"
"1171",1171,"K Hayworth"
"1172",1172,"P Radoeva"
"1173",1173,"D Brainard"
"1174",1174,"G Aguirre"
"1175",1175,"X Li"
"1176",1176,"B Mansouri"
"1177",1177,"M Hoffmann"
"1178",1178,"B Lorenz"
"1179",1179,"M Preising"
"1180",1180,"P Seufert"
"1181",1181,"A Dobbins"
"1182",1182,"A Zotov"
"1183",1183,"M Dodd"
"1184",1184,"M Masson"
"1185",1185,"M Dürsteler"
"1186",1186,"R Goutcher"
"1187",1187,"G Mather"
"1188",1188,"P Bulakowski"
"1189",1189,"K Koldewyn"
"1190",1190,"I Murakami"
"1191",1191,"A Kitaoka"
"1192",1192,"Y Yamada"
"1193",1193,"T Kawabe"
"1194",1194,"K Miura"
"1195",1195,"D Nieman"
"1196",1196,"G Caplovitz"
"1197",1197,"R Cai"
"1198",1198,"J Barraza"
"1199",1199,"J Wilson"
"1200",1200,"J Najemnik"
"1201",1201,"J Drewes"
"1202",1202,"P Lovell"
"1203",1203,"D Tolhurst"
"1204",1204,"C Ripamonti"
"1205",1205,"M To"
"1206",1206,"G Punzi"
"1207",1207,"M Michela"
"1208",1208,"M Brady"
"1209",1209,"C Zetzsche"
"1210",1210,"U Nuding"
"1211",1211,"K Schill"
"1212",1212,"M Dastjerdi"
"1213",1213,"D Dong"
"1214",1214,"A Johnson"
"1215",1215,"S Vanni"
"1216",1216,"M Pihlaja"
"1217",1217,"A James"
"1218",1218,"L Henriksson"
"1219",1219,"A Burgess"
"1220",1220,"S Crewther"
"1221",1221,"R Laycock"
"1222",1222,"P Fitzgerald"
"1223",1223,"D Crewther"
"1224",1224,"M Harasawa"
"1225",1225,"A Obata"
"1226",1226,"T Morita"
"1227",1227,"T Ito"
"1228",1228,"T Saito"
"1229",1229,"K Aizawa"
"1230",1230,"M Edwards"
"1231",1231,"M Crane"
"1232",1232,"F Durgin"
"1233",1233,"J Freeman"
"1234",1234,"A Huk"
"1235",1235,"c Lien"
"1236",1236,"J Tong"
"1237",1237,"H Bedell"
"1238",1238,"P Cisarik"
"1239",1239,"S Patel"
"1240",1240,"A Raghunandan"
"1241",1241,"S Gepshtein"
"1242",1242,"I Tyukin"
"1243",1243,"M Kubovy"
"1244",1244,"C Leeuwen"
"1245",1245,"M Pashkam"
"1246",1246,"S Watamaniuk"
"1247",1247,"C Casco"
"1248",1248,"A Grieco"
"1249",1249,"E Giora"
"1250",1250,"C Or"
"1251",1251,"S Khuu"
"1252",1252,"A Hayes"
"1253",1253,"M Viva"
"1254",1254,"M Gori"
"1255",1255,"C Royden"
"1256",1256,"E Connors"
"1257",1257,"M Reed"
"1258",1258,"L Weingarten"
"1259",1259,"T Cunningham"
"1260",1260,"R Sasaki"
"1261",1261,"T Uka"
"1262",1262,"Y Han"
"1263",1263,"L Appelbaum"
"1264",1264,"D Brady"
"1265",1265,"J Swisher"
"1266",1266,"D Somers"
"1267",1267,"L Pereira"
"1268",1268,"R Ranvaud"
"1269",1269,"H Denney"
"1270",1270,"J Brown"
"1271",1271,"G Caserta"
"1272",1272,"A Greenberg"
"1273",1273,"S Yantis"
"1274",1274,"L Hecht"
"1275",1275,"S Lin"
"1276",1276,"J New"
"1277",1277,"L Ivan"
"1278",1278,"M Saenz"
"1279",1279,"J Wede"
"1280",1280,"G Francis"
"1281",1281,"D Weissman"
"1282",1282,"M Woldorff"
"1283",1283,"S Stevens"
"1284",1284,"F Pestilli"
"1285",1285,"J Viera"
"1286",1286,"E Wasserman"
"1287",1287,"O Lazareva"
"1288",1288,"E Barenholtz"
"1289",1289,"M Wiesmann"
"1290",1290,"P Verschure"
"1291",1291,"D Kiper"
"1292",1292,"M Mack"
"1293",1293,"A Wong"
"1294",1294,"T Palmeri"
"1295",1295,"D Remus"
"1296",1296,"I Reppa"
"1297",1297,"C Leek"
"1298",1298,"R Rosenberg"
"1299",1299,"S Carey"
"1300",1300,"L McCall"
"1301",1301,"D Brooks"
"1302",1302,"A Lai"
"1303",1303,"B Mel"
"1304",1304,"T Serre"
"1305",1305,"T Poggio"
"1306",1306,"L Scott"
"1307",1307,"T Curran"
"1308",1308,"R Mruczek"
"1309",1309,"K Kawasaki"
"1310",1310,"N Gronau"
"1311",1311,"M Neta"
"1312",1312,"M Bar"
"1313",1313,"X Jiang"
"1314",1314,"E Bradley"
"1315",1315,"L Rini"
"1316",1316,"T Zeffiro"
"1317",1317,"J VanMeter"
"1318",1318,"M Riesenhuber"
"1319",1319,"A Harel"
"1320",1320,"S Ullman"
"1321",1321,"B Epshtein"
"1322",1322,"A Cate"
"1323",1323,"S Kohler"
"1324",1324,"F Calabro"
"1325",1325,"L Likova"
"1326",1326,"P Gamlin"
"1327",1327,"Y Sakano"
"1328",1328,"R Allison"
"1329",1329,"I Howard"
"1330",1330,"S Sadr"
"1331",1331,"F Visco"
"1332",1332,"M Lages"
"1333",1333,"H Nefs"
"1334",1334,"J Harris"
"1335",1335,"S Artemenkov"
"1336",1336,"T Lee"
"1337",1337,"E Sikoglu"
"1338",1338,"S Beardsley"
"1339",1339,"R Gray"
"1340",1340,"D Regan"
"1341",1341,"L Thaler"
"1342",1342,"E Wiesemann"
"1343",1343,"H Norman"
"1344",1344,"W Craft"
"1345",1345,"J Billino"
"1346",1346,"J Bower"
"1347",1347,"O Brosseau-Lachaine"
"1348",1348,"I Gagnon"
"1349",1349,"R Forget"
"1350",1350,"V Sampath"
"1351",1351,"T Chen"
"1352",1352,"G Purushothaman"
"1353",1353,"H Hock"
"1354",1354,"D Nichols"
"1355",1355,"Y Chai"
"1356",1356,"C Walton"
"1357",1357,"S Yasuoka"
"1358",1358,"S Tanabe"
"1359",1359,"I Fujita"
"1360",1360,"R Tyrrell"
"1361",1361,"C Beck"
"1362",1362,"J Brooks"
"1363",1363,"D Owens"
"1364",1364,"K Schreiber"
"1365",1365,"C Schor"
"1366",1366,"K Schloss"
"1367",1367,"J Qian"
"1368",1368,"M Ishii"
"1369",1369,"Z Tang"
"1370",1370,"H Tamura"
"1371",1371,"T Doi"
"1372",1372,"C Devisme"
"1373",1373,"B Drobe"
"1374",1374,"A Monot"
"1375",1375,"J Droulez"
"1376",1376,"T Sander"
"1377",1377,"G Curio"
"1378",1378,"L Trahms"
"1379",1379,"S Arnott"
"1380",1380,"R Farivar"
"1381",1381,"J Germann"
"1382",1382,"M Petrides"
"1383",1383,"O Blanke"
"1384",1384,"C Bukach"
"1385",1385,"L Garrido"
"1386",1386,"S He"
"1387",1387,"A Chan"
"1388",1388,"M Peelen"
"1389",1389,"P Downing"
"1390",1390,"J Husk"
"1391",1391,"L Betts"
"1392",1392,"K O'Craven"
"1393",1393,"C Jacques"
"1394",1394,"B Schneider"
"1395",1395,"J DeLong"
"1396",1396,"T Busey"
"1397",1397,"A Thomas"
"1398",1398,"R Caldara"
"1399",1399,"M Seghier"
"1400",1400,"L Jeffery"
"1401",1401,"N Kriegeskorte"
"1402",1402,"M Mur"
"1403",1403,"D Ruff"
"1404",1404,"J Bodurka"
"1405",1405,"P Bandettini"
"1406",1406,"L Steede"
"1407",1407,"J Tree"
"1408",1408,"G Hole"
"1409",1409,"O D'Arripe"
"1410",1410,"C Hemond"
"1411",1411,"H Beeck"
"1412",1412,"N Kanwisher"
"1413",1413,"Y Ostrovsky"
"1414",1414,"L Blaha"
"1415",1415,"N Turk-Browne"
"1416",1416,"J Hegdé"
"1417",1417,"S Thompson"
"1418",1418,"D Kersten"
"1419",1419,"M Michel"
"1420",1420,"M Wenger"
"1421",1421,"J Bittner"
"1422",1422,"R Heide"
"1423",1423,"S Koyama"
"1424",1424,"A Midorikawa"
"1425",1425,"A Suzuki"
"1426",1426,"H Hibino"
"1427",1427,"M Kawamura"
"1428",1428,"C Klaiman"
"1429",1429,"R Schultz"
"1430",1430,"K Clements"
"1431",1431,"C Fox"
"1432",1432,"J Barton"
"1433",1433,"M Kaiser"
"1434",1434,"R Grand"
"1435",1435,"A Yazdanbakhsh"
"1436",1436,"S Xian"
"1437",1437,"T Moore"
"1438",1438,"A Falkner"
"1439",1439,"B Krishna"
"1440",1440,"M Goldberg"
"1441",1441,"J Roitman"
"1442",1442,"J Badler"
"1443",1443,"P Garrigan"
"1444",1444,"V Balasubramanian"
"1445",1445,"N Graham"
"1446",1446,"S Wolfson"
"1447",1447,"L Kouhsari"
"1448",1448,"J Larsson"
"1449",1449,"D Heeger"
"1450",1450,"N Tsuchiya"
"1451",1451,"L Gilroy"
"1452",1452,"D Tadin"
"1453",1453,"P Smith"
"1454",1454,"D Kee"
"1455",1455,"T Matsuno"
"1456",1456,"W Cheng"
"1457",1457,"C Chao"
"1458",1458,"J Plantier"
"1459",1459,"J Aubry"
"1460",1460,"F Vienot"
"1461",1461,"G Ossard"
"1462",1462,"C Roumes"
"1463",1463,"T Otte"
"1464",1464,"P Howe"
"1465",1465,"M McCourt"
"1466",1466,"B Blakeslee"
"1467",1467,"H Boyaci"
"1468",1468,"F Fang"
"1469",1469,"S Murray"
"1470",1470,"A Ioannides"
"1471",1471,"L Griffin"
"1472",1472,"S Whyte"
"1473",1473,"J Faasse"
"1474",1474,"J Hillis"
"1475",1475,"J Schirillo"
"1476",1476,"K Doerschner"
"1477",1477,"J Boltianski"
"1478",1478,"A Shapiro"
"1479",1479,"M Albert"
"1480",1480,"S Westland"
"1481",1481,"S Gori"
"1482",1482,"X Troncoso"
"1483",1483,"S Macknik"
"1484",1484,"S Martinez-Conde"
"1485",1485,"A Era"
"1486",1486,"R Aguirre"
"1487",1487,"E Colombo"
"1488",1488,"C Riener"
"1489",1489,"J Witt"
"1490",1490,"J Augustyn"
"1491",1491,"D Proffitt"
"1492",1492,"J Zadra"
"1493",1493,"S Linkegauger"
"1494",1494,"J Stefanucci"
"1495",1495,"S Linkenauger"
"1496",1496,"J Stephanucci"
"1497",1497,"B Mohler"
"1498",1498,"S Kuhl"
"1499",1499,"A Brucker"
"1500",1500,"Z Vucetic"
"1501",1501,"M Doumen"
"1502",1502,"A Kappers"
"1503",1503,"H Takeichi"
"1504",1504,"J Wu"
"1505",1505,"Z Bian"
"1506",1506,"A Yonas"
"1507",1507,"C Granrud"
"1508",1508,"J Grittner"
"1509",1509,"S Bouzit"
"1510",1510,"P Hibbard"
"1511",1511,"V Interrante"
"1512",1512,"L Anderson"
"1513",1513,"B Ries"
"1514",1514,"H Sedgwick"
"1515",1515,"G Tran"
"1516",1516,"C Pagano"
"1517",1517,"M Smart"
"1518",1518,"T Blanding"
"1519",1519,"V Chitrakaran"
"1520",1520,"A Glennerster"
"1521",1521,"D McKean"
"1522",1522,"S Gilson"
"1523",1523,"A Long"
"1524",1524,"A McCoy"
"1525",1525,"B Hayden"
"1526",1526,"H Dean"
"1527",1527,"J Klein"
"1528",1528,"M Bendiksby"
"1529",1529,"T Schmidt"
"1530",1530,"A Seydell"
"1531",1531,"K Sundberg"
"1532",1532,"J Mitchell"
"1533",1533,"J Reynolds"
"1534",1534,"T Herrington"
"1535",1535,"K Armstrong"
"1536",1536,"S Bouvier"
"1537",1537,"K Cardinal"
"1538",1538,"E Harley"
"1539",1539,"J Cosman"
"1540",1540,"L Castro"
"1541",1541,"J Thierman"
"1542",1542,"S Rainville"
"1543",1543,"H Son"
"1544",1544,"H Li"
"1545",1545,"O Yehezkel"
"1546",1546,"M Belkin"
"1547",1547,"D Sagi"
"1548",1548,"M Berg"
"1549",1549,"L Jingling"
"1550",1550,"E Cohen"
"1551",1551,"M Scheessele"
"1552",1552,"O Ben-Shahar"
"1553",1553,"Y Nagasaka"
"1554",1554,"J Flombaum"
"1555",1555,"Z Pylyshyn"
"1556",1556,"C Feria"
"1557",1557,"M Doyle"
"1558",1558,"S Tripathy"
"1559",1559,"J Mounts"
"1560",1560,"B Amos"
"1561",1561,"M Moschetta"
"1562",1562,"E Page"
"1563",1563,"M Tombu"
"1564",1564,"T Drew"
"1565",1565,"H Haladjian"
"1566",1566,"C Montemayor"
"1567",1567,"C Leonard"
"1568",1568,"R Pierson"
"1569",1569,"L Trick"
"1570",1570,"E Orr"
"1571",1571,"M Shuman"
"1572",1572,"J Cantlon"
"1573",1573,"K Pelphrey"
"1574",1574,"H Barth"
"1575",1575,"L Beckmann"
"1576",1576,"J Barnes"
"1577",1577,"N Mahajan"
"1578",1578,"M Blanco"
"1579",1579,"L Santos"
"1580",1580,"L Torres"
"1581",1581,"M Kumar"
"1582",1582,"S Chat"
"1583",1583,"M MacKeben"
"1584",1584,"J Arita"
"1585",1585,"C Howard"
"1586",1586,"A Holcombe"
"1587",1587,"J Lu"
"1588",1588,"D Kravitz"
"1589",1589,"N Yeung"
"1590",1590,"D Fencsik"
"1591",1591,"Y Yotsumoto"
"1592",1592,"Y Sasaki"
"1593",1593,"T Yamamoto"
"1594",1594,"M Kogure"
"1595",1595,"M Sakagami"
"1596",1596,"M Graf"
"1597",1597,"B Reitzner"
"1598",1598,"M Giese"
"1599",1599,"A Casile"
"1600",1600,"W Prinz"
"1601",1601,"J Pyles"
"1602",1602,"J Garcia"
"1603",1603,"D Hoffman"
"1604",1604,"E Grossman"
"1605",1605,"L Omlor"
"1606",1606,"C Roether"
"1607",1607,"S Prasad"
"1608",1608,"M Shiffrar"
"1609",1609,"N Troje"
"1610",1610,"P Szego"
"1611",1611,"L Loschky"
"1612",1612,"A Sethi"
"1613",1613,"T Pydimarri"
"1614",1614,"N Forristal"
"1615",1615,"J Corbeille"
"1616",1616,"K Gibb"
"1617",1617,"D Kaping"
"1618",1618,"T Tzvetanov"
"1619",1619,"S Treue"
"1620",1620,"K Daniels"
"1621",1621,"D Widders"
"1622",1622,"D Yi"
"1623",1623,"R Epstein"
"1624",1624,"J Higgins"
"1625",1625,"A Arman"
"1626",1626,"S Chung"
"1627",1627,"B Tjan"
"1628",1628,"A Nandy"
"1629",1629,"S Cheung"
"1630",1630,"M Carandini"
"1631",1631,"S Shuwairi"
"1632",1632,"M Bravo"
"1633",1633,"H Farid"
"1634",1634,"K Kveraga"
"1635",1635,"J Boshyan"
"1636",1636,"M Riddoch"
"1637",1637,"M Bracewell"
"1638",1638,"S Hong"
"1639",1639,"T Andrews"
"1640",1640,"C Feng"
"1641",1641,"D Baker"
"1642",1642,"L Battelli"
"1643",1643,"R McPeek"
"1644",1644,"N Takahashi"
"1645",1645,"G Woodman"
"1646",1646,"J Schall"
"1647",1647,"Y Kamitani"
"1648",1648,"R Rosenholtz"
"1649",1649,"J Mansfield"
"1650",1650,"H Filippini"
"1651",1651,"H Greenwald"
"1652",1652,"I Tsirlin"
"1653",1653,"J Samonds"
"1654",1654,"B Potetz"
"1655",1655,"K Gigone"
"1656",1656,"M Chaumon"
"1657",1657,"V Drouet"
"1658",1658,"H Ogawa"
"1659",1659,"K Watanabe"
"1660",1660,"I Rasmussen"
"1661",1661,"M Becker"
"1662",1662,"A Scharff"
"1663",1663,"A Hickok"
"1664",1664,"C Walthew"
"1665",1665,"C Matthews"
"1666",1666,"J Brascamp"
"1667",1667,"A Berg"
"1668",1668,"P Costello"
"1669",1669,"Z Vidnyánszky"
"1670",1670,"J Pearson"
"1671",1671,"J Boxtel"
"1672",1672,"A Kamphuisen"
"1673",1673,"J Xu"
"1674",1674,"T Shinozaki"
"1675",1675,"Y Miyawaki"
"1676",1676,"Y Su"
"1677",1677,"H Watanabe"
"1678",1678,"A Parker"
"1679",1679,"S Hancock"
"1680",1680,"R Deichmann"
"1681",1681,"J Franchak"
"1682",1682,"J Hutchison"
"1683",1683,"L Brown"
"1684",1684,"E Wilson"
"1685",1685,"P Gribble"
"1686",1686,"E Chang"
"1687",1687,"E Cooke"
"1688",1688,"K James"
"1689",1689,"S Thakur"
"1690",1690,"A Hanson"
"1691",1691,"G Bingham"
"1692",1692,"B Bridgeman"
"1693",1693,"S Macramalla"
"1694",1694,"J Pola"
"1695",1695,"T Dyar"
"1696",1696,"L Thomas"
"1697",1697,"S Balk"
"1698",1698,"J Steele"
"1699",1699,"W Spearman"
"1700",1700,"A Duchowski"
"1701",1701,"T Watson"
"1702",1702,"C Clifford"
"1703",1703,"N Witthoft"
"1704",1704,"F Moradi"
"1705",1705,"G Yourganov"
"1706",1706,"S Barrett"
"1707",1707,"L Chomiak"
"1708",1708,"A Gray"
"1709",1709,"D Highhill"
"1710",1710,"V Blanz"
"1711",1711,"M Yasuda"
"1712",1712,"K Ijichi"
"1713",1713,"J Ryu"
"1714",1714,"J Murray"
"1715",1715,"C Yan"
"1716",1716,"E Jaquet"
"1717",1717,"M Versace"
"1718",1718,"P Pilly"
"1719",1719,"J Jehee"
"1720",1720,"S Roth"
"1721",1721,"S Nirenberg"
"1722",1722,"A Jacobs"
"1723",1723,"G Fridman"
"1724",1724,"P Latham"
"1725",1725,"R Douglas"
"1726",1726,"N Alam"
"1727",1727,"G Prusky"
"1728",1728,"C Yu"
"1729",1729,"J Zhang"
"1730",1730,"S Kuai"
"1731",1731,"F Fudan"
"1732",1732,"L Liu"
"1733",1733,"D Yu"
"1734",1734,"D Cao"
"1735",1735,"A Zele"
"1736",1736,"J Pokorny"
"1737",1737,"T Tayama"
"1738",1738,"C Cantor"
"1739",1739,"E Delipetkos"
"1740",1740,"W Makous"
"1741",1741,"D Bavelier"
"1742",1742,"B Xuan"
"1743",1743,"D Zhang"
"1744",1744,"D Swift"
"1745",1745,"F Ono"
"1746",1746,"J Kawahara"
"1747",1747,"T McKeeff"
"1748",1748,"T Visser"
"1749",1749,"B Giesbrecht"
"1750",1750,"J Sy"
"1751",1751,"P Craston"
"1752",1752,"H Choo"
"1753",1753,"F Chua"
"1754",1754,"J Ng"
"1755",1755,"A Ariga"
"1756",1756,"H Dhaliwal"
"1757",1757,"W Vogels"
"1758",1758,"S Johnston"
"1759",1759,"K Shapiro"
"1760",1760,"T Kumada"
"1761",1761,"A Landau"
"1762",1762,"C LaBouff"
"1763",1763,"L Robertson"
"1764",1764,"E Martin"
"1765",1765,"Y Wong"
"1766",1766,"P Dux"
"1767",1767,"A Wiggett"
"1768",1768,"S Das"
"1769",1769,"M Lazarewicz"
"1770",1770,"R Wilson"
"1771",1771,"L Finkel"
"1772",1772,"E Hiris"
"1773",1773,"S Szabo"
"1774",1774,"P McAleer"
"1775",1775,"L McKay"
"1776",1776,"J Piggot"
"1777",1777,"F Pollick"
"1778",1778,"J Mackie"
"1779",1779,"J Piggott"
"1780",1780,"K Fujimoto"
"1781",1781,"S Oh"
"1782",1782,"B Bahrami"
"1783",1783,"V Walsh"
"1784",1784,"R Champion"
"1785",1785,"S Hammett"
"1786",1786,"P Thompson"
"1787",1787,"S Collier"
"1788",1788,"A Cobo-Lewis"
"1789",1789,"J Greenwood"
"1790",1790,"D Liu"
"1791",1791,"A Martin"
"1792",1792,"L Issolio"
"1793",1793,"L O'Kane"
"1794",1794,"S Rushton"
"1795",1795,"P Duke"
"1796",1796,"T Tversky"
"1797",1797,"W Wojtach"
"1798",1798,"K Sung"
"1799",1799,"D Vreven"
"1800",1800,"T Petersik"
"1801",1801,"J Schrauth"
"1802",1802,"M Smagt"
"1803",1803,"A Arya"
"1804",1804,"C Heveran"
"1805",1805,"B Detweiler-Bedell"
"1806",1806,"L Koch"
"1807",1807,"R Hefter"
"1808",1808,"N Matsuzaki"
"1809",1809,"J Spencer-Smith"
"1810",1810,"M Honma"
"1811",1811,"M Tamietto"
"1812",1812,"G Geminiani"
"1813",1813,"J Stock"
"1814",1814,"A Nestor"
"1815",1815,"J Richler"
"1816",1816,"M Walker"
"1817",1817,"T Vetter"
"1818",1818,"N Davidenko"
"1819",1819,"U Weidenbacher"
"1820",1820,"P Bronstad"
"1821",1821,"J Langlois"
"1822",1822,"A Martinez"
"1823",1823,"D Wilbraham"
"1824",1824,"C Kim"
"1825",1825,"J Carriere"
"1826",1826,"M Dixon"
"1827",1827,"P Merikle"
"1828",1828,"A Schroeder"
"1829",1829,"R Rensink"
"1830",1830,"H Neth"
"1831",1831,"C Myers"
"1832",1832,"W Gray"
"1833",1833,"A Leber"
"1834",1834,"Y Gabari"
"1835",1835,"T Brady"
"1836",1836,"J Junge"
"1837",1837,"P Ko"
"1838",1838,"S Butcher"
"1839",1839,"M Trujillo"
"1840",1840,"A Yuille"
"1841",1841,"S Nishida"
"1842",1842,"D Badcock"
"1843",1843,"J Lappin"
"1844",1844,"J Nyquist"
"1845",1845,"H Uke"
"1846",1846,"S Offen"
"1847",1847,"D Schluppeck"
"1848",1848,"Y Xu"
"1849",1849,"M Kawasaki"
"1850",1850,"J Okuda"
"1851",1851,"F Russo"
"1852",1852,"A Stella"
"1853",1853,"D Spinelli"
"1854",1854,"S Hillyard"
"1855",1855,"C Olman"
"1856",1856,"S Inati"
"1857",1857,"L Lesmes"
"1858",1858,"N Tran"
"1859",1859,"J George"
"1860",1860,"X Yao"
"1861",1861,"L Huang"
"1862",1862,"H Pashler"
"1863",1863,"S Franconeri"
"1864",1864,"R Chakravarthi"
"1865",1865,"M Nieuwenstein"
