"","id","label"
"1",1,"A Byers"
"2",2,"J Serences"
"3",3,"C D'Lauro"
"4",4,"Y Xu"
"5",5,"R Kass"
"6",6,"M Tarr"
"7",7,"M Bartolucci"
"8",8,"A Smith"
"9",9,"T Ditye"
"10",10,"R Kanai"
"11",11,"B Bahrami"
"12",12,"N Muggleton"
"13",13,"G Rees"
"14",14,"V Walsh"
"15",15,"M Grueschow"
"16",16,"T Kahnt"
"17",17,"O Speck"
"18",18,"J Haynes"
"19",19,"T Huang"
"20",20,"T Watanabe"
"21",21,"J Julian"
"22",22,"D Dilks"
"23",23,"E Peli"
"24",24,"N Kanwisher"
"25",25,"F Hou"
"26",26,"C Huang"
"27",27,"L Tao"
"28",28,"L Feng"
"29",29,"Y Zhou"
"30",30,"Z Lu"
"31",31,"K Srihasam"
"32",32,"M Livingstone"
"33",33,"S Kuai"
"34",34,"Z Kourtzi"
"35",35,"M Bao"
"36",36,"S Engel"
"37",37,"L Symons"
"38",38,"R Weston"
"39",39,"S Olin"
"40",40,"H Tahir"
"41",41,"J Tong"
"42",42,"C Cantor"
"43",43,"C Schor"
"44",44,"P Winkler"
"45",45,"K McDermott"
"46",46,"G Caplovitz"
"47",47,"M Webster"
"48",48,"J Schroeder"
"49",49,"L Appelbaum"
"50",50,"M Cain"
"51",51,"S Mitroff"
"52",52,"C Law"
"53",53,"B Backus"
"54",54,"B Caziot"
"55",55,"E Scilipoti"
"56",56,"H Choi"
"57",57,"K Brewster"
"58",58,"J Smirl"
"59",59,"K Bourns"
"60",60,"F Colino"
"61",61,"P Ainslie"
"62",62,"G Binsted"
"63",63,"N Chen"
"64",64,"F Fang"
"65",65,"J Bower"
"66",66,"G Andersen"
"67",67,"M Herzog"
"68",68,"T Otto"
"69",69,"H Ögmen"
"70",70,"D DeLoss"
"71",71,"R Wang"
"72",72,"L Cong"
"73",73,"C Yu"
"74",74,"J Meyer"
"75",75,"A Petrov"
"76",76,"J Zhang"
"77",77,"S Klein"
"78",78,"D Levi"
"79",79,"M Phan"
"80",80,"R Ni"
"81",81,"K Thai"
"82",82,"P Kellman"
"83",83,"C Dantec"
"84",84,"A Seitz"
"85",85,"E Melton"
"86",86,"A Garcia"
"87",87,"D Dovencioglu"
"88",88,"A Schofield"
"89",89,"A Welchman"
"90",90,"J Kelly"
"91",91,"N Matthews"
"92",92,"Y Nakamura"
"93",93,"T Nagai"
"94",94,"M Kitazaki"
"95",95,"K Koida"
"96",96,"S Nakauchi"
"97",97,"J Song"
"98",98,"P Bédard"
"99",99,"G Ben-Yosef"
"100",100,"O Ben-Shahar"
"101",101,"P Dassonville"
"102",102,"B Lester"
"103",103,"E Gheorghiu"
"104",104,"F Kingdom"
"105",105,"J Feldman"
"106",106,"M Singh"
"107",107,"V Froyen"
"108",108,"S Kim"
"109",109,"D Linares"
"110",110,"I Motoyoshi"
"111",111,"K Maruya"
"112",112,"S Nishida"
"113",113,"J Solomon"
"114",114,"M Morgan"
"115",115,"C Chubb"
"116",116,"H Ogmen"
"117",117,"M Aydin"
"118",118,"X An"
"119",119,"Y Pan"
"120",120,"J Yin"
"121",121,"X Zhang"
"122",122,"H Gong"
"123",123,"Y Yang"
"124",124,"W Wang"
"125",125,"J Wilder"
"126",126,"G Erlikhman"
"127",127,"T Ghose"
"128",128,"B Keane"
"129",129,"S Silverstein"
"130",130,"R Sharman"
"131",131,"J Peirce"
"132",132,"T Schmidt"
"133",133,"A Seydell"
"134",134,"M Schallmo"
"135",135,"S Sponheim"
"136",136,"C Olman"
"137",137,"M Persike"
"138",138,"G Meinhardt"
"139",139,"M Patel"
"140",140,"B Hadad"
"141",141,"D Maurer"
"142",142,"T Lewis"
"143",143,"T Ooi"
"144",144,"Y Su"
"145",145,"Z He"
"146",146,"M Katsumura"
"147",147,"R Shohara"
"148",148,"S Naito"
"149",149,"S Guidi"
"150",150,"S Roncato"
"151",151,"O Parlangeli"
"152",152,"Q Chen"
"153",153,"L Li"
"154",154,"L Wang"
"155",155,"E Tapia"
"156",156,"B Breitmeyer"
"157",157,"J Jacob"
"158",158,"D Barch"
"159",159,"C Carter"
"160",160,"J Gold"
"161",161,"I Kovács"
"162",162,"A MacDonald"
"163",163,"D Ragland"
"164",164,"M Strauss"
"165",165,"M Dambacher"
"166",166,"M Rolfs"
"167",167,"P Cavanagh"
"168",168,"M Juni"
"169",169,"T Gureckis"
"170",170,"L Maloney"
"171",171,"S Reed"
"172",172,"A Greenberg"
"173",173,"M Behrmann"
"174",174,"D Benedetti"
"175",175,"F Cello"
"176",176,"R Agostini"
"177",177,"G Punzi"
"178",178,"M Viva"
"179",179,"N Benson"
"180",180,"O Butt"
"181",181,"R Datta"
"182",182,"D Brainard"
"183",183,"G Aguirre"
"184",184,"M Lassonde"
"185",185,"D Bastien"
"186",186,"A Gallagher"
"187",187,"J Tremblay"
"188",188,"P Vannasing"
"189",189,"F Lepore"
"190",190,"M Lev"
"191",191,"U Polat"
"192",192,"C Wright"
"193",193,"E Shamshiri"
"194",194,"M Wang"
"195",195,"C Wu"
"196",196,"C Chen"
"197",197,"S Zucker"
"198",198,"M Lawlor"
"199",199,"D Holtmann-Rice"
"200",200,"H Ko"
"201",201,"N Zhang"
"202",202,"R Heydt"
"203",203,"P Hibbeler"
"204",204,"L Olzak"
"205",205,"J Braun"
"206",206,"L Barghout"
"207",207,"H Winter"
"208",208,"Y Riegal"
"209",209,"J Corbett"
"210",210,"T Serre"
"211",211,"I Hayashi"
"212",212,"H Toyoshima"
"213",213,"T Yamanoi"
"214",214,"K Vancleef"
"215",215,"T Putzeys"
"216",216,"B Machilsen"
"217",217,"J Wagemans"
"218",218,"A Stupina"
"219",219,"P Emert"
"220",220,"J Pomerantz"
"221",221,"D Tam"
"222",222,"B Levinthal"
"223",223,"S Franconeri"
"224",224,"A Raj"
"225",225,"R Rosenholtz"
"226",226,"B Balas"
"227",227,"M Ouhnana"
"228",228,"J Bell"
"229",229,"R Rensink"
"230",230,"A Clements-Stephens"
"231",231,"A Shelton"
"232",232,"D He"
"233",233,"F Schmidt"
"234",234,"S Joo"
"235",235,"G Boynton"
"236",236,"S Murray"
"237",237,"H Unuma"
"238",238,"H Hasegawa"
"239",239,"C Kempgens"
"240",240,"T Schade"
"241",241,"G Loffler"
"242",242,"H Orbach"
"243",243,"L Strother"
"244",244,"P Mathuranath"
"245",245,"C Lavell"
"246",246,"A Aldcroft"
"247",247,"M Goodale"
"248",248,"T Vilis"
"249",249,"A Cate"
"250",250,"X Kang"
"251",251,"T Herron"
"252",252,"D Woods"
"253",253,"K Denisova"
"254",254,"X Su"
"255",255,"P Garrigan"
"256",256,"A Mojica"
"257",257,"M Peterson"
"258",258,"N Kogo"
"259",259,"E Hein"
"260",260,"J McCarthy"
"261",261,"E Salvagio"
"262",262,"R Kimchi"
"263",263,"P Schiller"
"264",264,"N Anderson"
"265",265,"T Vickery"
"266",266,"M Chun"
"267",267,"E Sparck"
"268",268,"L Morgan"
"269",269,"R Epstein"
"270",270,"A Stigliani"
"271",271,"S MacEvoy"
"272",272,"D Varakin"
"273",273,"C Wiebel"
"274",274,"M Valsecchi"
"275",275,"K Gegenfurtner"
"276",276,"G Malcolm"
"277",277,"A Nuthmann"
"278",278,"P Schyns"
"279",279,"I Kadar"
"280",280,"K Evans"
"281",281,"J Wolfe"
"282",282,"E Caddigan"
"283",283,"L Fei-Fei"
"284",284,"D Beck"
"285",285,"A Johnson"
"286",286,"T Sanocki"
"287",287,"N Sulman"
"288",288,"G Kharkwal"
"289",289,"K Stromswold"
"290",290,"T Pegors"
"291",291,"D Mitchell"
"292",292,"R Cusack"
"293",293,"B Hansen"
"294",294,"D Ellemberg"
"295",295,"A Harel"
"296",296,"D Kravitz"
"297",297,"C Baker"
"298",298,"C Cavezian"
"299",299,"I Gaudry"
"300",300,"A Viret"
"301",301,"O Coubard"
"302",302,"C Peyrin"
"303",303,"C Vignal"
"304",304,"O Gout"
"305",305,"S Chokron"
"306",306,"B Musel"
"307",307,"C Giavarini"
"308",308,"A Chauvin"
"309",309,"N Guyader"
"310",310,"C Baldassano"
"311",311,"M Iordan"
"312",312,"J Josephs"
"313",313,"E Graf"
"314",314,"W Adams"
"315",315,"N Gronau"
"316",316,"M Shachar"
"317",317,"Y Rosenberg"
"318",318,"A Siddiqui"
"319",319,"J Brown"
"320",320,"B Guenther"
"321",321,"S Narang"
"322",322,"B Strickland"
"323",323,"F Keil"
"324",324,"C Gottesman"
"325",325,"K Kveraga"
"326",326,"J Boshyan"
"327",327,"R Adams"
"328",328,"M Bar"
"329",329,"J Mote"
"330",330,"L Barrett"
"331",331,"A Larson"
"332",332,"C Wallace"
"333",333,"M McQuade"
"334",334,"C Badke"
"335",335,"L Loschky"
"336",336,"M Gong"
"337",337,"Y Xuan"
"338",338,"X Fu"
"339",339,"C Dickinson"
"340",340,"D Crane"
"341",341,"J Munn"
"342",342,"R Powell"
"343",343,"L Stephens"
"344",344,"J Todd"
"345",345,"H Chu"
"346",346,"G Besson"
"347",347,"M Ceccaldi"
"348",348,"M Cooke"
"349",349,"E Barbeau"
"350",350,"W Park"
"351",351,"S Chong"
"352",352,"L Mudrik"
"353",353,"A Breska"
"354",354,"D Lamy"
"355",355,"L Deouell"
"356",356,"E Ester"
"357",357,"D Klee"
"358",358,"E Awh"
"359",359,"M Kwon"
"360",360,"A Nandy"
"361",361,"B Tjan"
"362",362,"J Bernard"
"363",363,"D Coates"
"364",364,"S Chung"
"365",365,"S Rosen"
"366",366,"R Chakravarthi"
"367",367,"D Pelli"
"368",368,"S Patel"
"369",369,"S Yeh"
"370",370,"S He"
"371",371,"Y Wong"
"372",372,"I Gauthier"
"373",373,"J Abrams"
"374",374,"A Nizam"
"375",375,"M Carrasco"
"376",376,"M Formankiewicz"
"377",377,"S Waugh"
"378",378,"A Chima"
"379",379,"F Fortenbaugh"
"380",380,"S Sanghvi"
"381",381,"M Silver"
"382",382,"L Robertson"
"383",383,"A Raninen"
"384",384,"R Nasanen"
"385",385,"J Wallace"
"386",386,"J Polczyk-Przybyla"
"387",387,"E Anderson"
"388",388,"S Dakin"
"389",389,"D Schwarzkopf"
"390",390,"J Greenwood"
"391",391,"J Chen"
"392",392,"Y He"
"393",393,"M Chiu"
"394",394,"L Lesmes"
"395",395,"T Wallis"
"396",396,"P Bex"
"397",397,"B Sayim"
"398",398,"K Shin"
"399",399,"S Zahabi"
"400",400,"M Arguin"
"401",401,"E Arsenault"
"402",402,"A Haun"
"403",403,"J Reynolds"
"404",404,"T Sharpee"
"405",405,"A Schweinhart"
"406",406,"Y Kim"
"407",407,"E Essock"
"408",408,"J Victor"
"409",409,"D Thengone"
"410",410,"M Conte"
"411",411,"R Goris"
"412",412,"F Wichmann"
"413",413,"J Heinzle"
"414",414,"K Kay"
"415",415,"J Winawer"
"416",416,"A Mezer"
"417",417,"B Wandell"
"418",418,"A Kosovicheva"
"419",419,"A Landau"
"420",420,"D Xing"
"421",421,"C Yeh"
"422",422,"S Burns"
"423",423,"R Shapley"
"424",424,"C Ludwig"
"425",425,"R Davies"
"426",426,"K May"
"427",427,"L Zhaoping"
"428",428,"H Wang"
"429",429,"M Landy"
"430",430,"D Heeger"
"431",431,"A Yazdanbakhsh"
"432",432,"O Layton"
"433",433,"E Mingolla"
"434",434,"N Prins"
"435",435,"I Serrano-Pedraza"
"436",436,"J Grady"
"437",437,"J Read"
"438",438,"R Millin"
"439",439,"L Farber"
"440",440,"A Sekuler"
"441",441,"P Bennett"
"442",442,"R Owens"
"443",443,"J Dickinson"
"444",444,"D Badcock"
"445",445,"W Kinerk"
"446",446,"E Wong"
"447",447,"K Mikellidou"
"448",448,"P Thompson"
"449",449,"M Manassi"
"450",450,"K Shinohara"
"451",451,"K Fukuda"
"452",452,"K Uchikawa"
"453",453,"Q Weng"
"454",454,"D Kersten"
"455",455,"N Ahmad"
"456",456,"C Su"
"457",457,"A Bovik"
"458",458,"L Cormack"
"459",459,"W Geisler"
"460",460,"J Perry"
"461",461,"B McCann"
"462",462,"M Hayhoe"
"463",463,"J Barron"
"464",464,"J Malik"
"465",465,"B Richard"
"466",466,"A Rauschecker"
"467",467,"J Parvizi"
"468",468,"D Ress"
"469",469,"C Greene"
"470",470,"S Dumoulin"
"471",471,"B Harvey"
"472",472,"L Hallum"
"473",473,"J Movshon"
"474",474,"F Perini"
"475",475,"L Cattaneo"
"476",476,"J Schwarzbach"
"477",477,"J Fischer"
"478",478,"J Shankey"
"479",479,"D Whitney"
"480",480,"M Michel"
"481",481,"M Tibber"
"482",482,"J Brand"
"483",483,"C Oriet"
"484",484,"B Carter"
"485",485,"P Smith"
"486",486,"M Palomares"
"487",487,"C Pitts"
"488",488,"A Albrecht"
"489",489,"B Scholl"
"490",490,"S Poltoratski"
"491",491,"Y Petrov"
"492",492,"J Nador"
"493",493,"J Qian"
"494",494,"E Brenner"
"495",495,"A Holcombe"
"496",496,"A Gorea"
"497",497,"D Rider"
"498",498,"A Moscatelli"
"499",499,"F Lacquaniti"
"500",500,"D Arnold"
"501",501,"K Yarrow"
"502",502,"S Durant"
"503",503,"W Roseboom"
"504",504,"W Curran"
"505",505,"C Benton"
"506",506,"Y Jiang"
"507",507,"I Ayhan"
"508",508,"A Bruno"
"509",509,"A Johnston"
"510",510,"J Knöll"
"511",511,"F Bremmer"
"512",512,"A Schütz"
"513",513,"R Cook"
"514",514,"A Lai"
"515",515,"L Ortega"
"516",516,"E Guzman-Martinez"
"517",517,"M Grabowecky"
"518",518,"S Suzuki"
"519",519,"M Carrozzo"
"520",520,"G Cicchini"
"521",521,"R Arrighi"
"522",522,"L Cecchetti"
"523",523,"M Giusti"
"524",524,"D Burr"
"525",525,"T Achler"
"526",526,"M Ham"
"527",527,"S Barr"
"528",528,"J George"
"529",529,"J McCarley"
"530",530,"G Kenyon"
"531",531,"L Bettencourt"
"532",532,"M Persuh"
"533",533,"T Ro"
"534",534,"J Duijnhouwer"
"535",535,"B Krekelberg"
"536",536,"E Self"
"537",537,"M Ichikawa"
"538",538,"Y Masakura"
"539",539,"H Rieiro"
"540",540,"S Martinez-Conde"
"541",541,"J Pardo-Vazquez"
"542",542,"A Danielson"
"543",543,"S Macknik"
"544",544,"H Horiguchi"
"545",545,"R Dougherty"
"546",546,"D Fougnie"
"547",547,"G Alvarez"
"548",548,"M Johnson"
"549",549,"J Higgins"
"550",550,"K Norman"
"551",551,"P Sederberg"
"552",552,"A Vicente-Grabovetsky"
"553",553,"B Kuhl"
"554",554,"W Bainbridge"
"555",555,"D Mendoza"
"556",556,"J Martinez-Trujillo"
"557",557,"C Sims"
"558",558,"R Jacobs"
"559",559,"D Knill"
"560",560,"S Thorpe"
"561",561,"V Salmela"
"562",562,"M Lähde"
"563",563,"J Saarinen"
"564",564,"S Emrich"
"565",565,"S Ferber"
"566",566,"D Anderson"
"567",567,"M Cohen"
"568",568,"K Nakayama"
"569",569,"T Konkle"
"570",570,"W Zhang"
"571",571,"S Luck"
"572",572,"M Williams"
"573",573,"S Hong"
"574",574,"G Woodman"
"575",575,"A Vlassova"
"576",576,"J Pearson"
"577",577,"J Halberda"
"578",578,"T Shimomura"
"579",579,"T Kumada"
"580",580,"J Flombaum"
"581",581,"G Bae"
"582",582,"R Najima"
"583",583,"B Dosher"
"584",584,"W Chu"
"585",585,"M Patterson"
"586",586,"W Low"
"587",587,"H Pailian"
"588",588,"E Allen"
"589",589,"A Mattarella-Micke"
"590",590,"S Shevell"
"591",591,"S Beilock"
"592",592,"M Machizawa"
"593",593,"C Goh"
"594",594,"J Driver"
"595",595,"P Bays"
"596",596,"E Wu"
"597",597,"M Husain"
"598",598,"H Tsubomi"
"599",599,"E Vogel"
"600",600,"L Gmeindl"
"601",601,"L Jefferies"
"602",602,"S Yantis"
"603",603,"H Im"
"604",604,"N Zokaei"
"605",605,"N Gorgoraptis"
"606",606,"D Archer"
"607",607,"J Geng"
"608",608,"E Ayeroff"
"609",609,"J Munneke"
"610",610,"A Belopolsky"
"611",611,"J Theeuwes"
"612",612,"M Leavitt"
"613",613,"M Schneiderman"
"614",614,"J Huang"
"615",615,"R Sekuler"
"616",616,"L Blalock"
"617",617,"B Clegg"
"618",618,"J Cha"
"619",619,"E Joo"
"620",620,"K Seo"
"621",621,"S Park"
"622",622,"J Han"
"623",623,"J Hyun"
"624",624,"G Herzmann"
"625",625,"V Willenbockel"
"626",626,"J Tanaka"
"627",627,"T Curran"
"628",628,"D Kim"
"629",629,"I Mance"
"630",630,"M Becker"
"631",631,"T Liu"
"632",632,"A McCollough"
"633",633,"V Nemes"
"634",634,"D Whitaker"
"635",635,"J Heron"
"636",636,"D McKeefry"
"637",637,"J Rhee"
"638",638,"T Brady"
"639",639,"C Slesar"
"640",640,"A Mack"
"641",641,"J Clarke"
"642",642,"M Erol"
"643",643,"S Brumby"
"644",644,"Z Ji"
"645",645,"K Sanbonmatsu"
"646",646,"P Isola"
"647",647,"J Xiao"
"648",648,"A Torralba"
"649",649,"A Oliva"
"650",650,"I Linde"
"651",651,"M Moher"
"652",652,"L Feigenson"
"653",653,"O Roth"
"654",654,"D Odic"
"655",655,"A Lamsweerde"
"656",656,"M Beck"
"657",657,"R Luria"
"658",658,"D Hyde"
"659",659,"E Spelke"
"660",660,"J Ericson"
"661",661,"S Utz"
"662",662,"G Humphreys"
"663",663,"J McCleery"
"664",664,"T Avraham"
"665",665,"Y Yeshurun"
"666",666,"M Lindenbaum"
"667",667,"S Fiske"
"668",668,"N Carlisle"
"669",669,"J Moher"
"670",670,"H Egeth"
"671",671,"M Vo"
"672",672,"I Scofield"
"673",673,"T Horowitz"
"674",674,"A Rich"
"675",675,"D Fencsik"
"676",676,"L Wendel"
"677",677,"J Hulleman"
"678",678,"E McWilliams"
"679",679,"S Weber"
"680",680,"A Saygin"
"681",681,"L Chan"
"682",682,"W Hayward"
"683",683,"K Ishibashi"
"684",684,"S Kita"
"685",685,"J Bai"
"686",686,"X Weng"
"687",687,"R Witherspoon"
"688",688,"D Wilson"
"689",689,"M Castelhano"
"690",690,"V Beck"
"691",691,"A Hollingworth"
"692",692,"M Conci"
"693",693,"H Müller"
"694",694,"E Palmer"
"695",695,"G Meng"
"696",696,"E Reavis"
"697",697,"S Frank"
"698",698,"M Zhao"
"699",699,"M Greenlee"
"700",700,"P Tse"
"701",701,"K Orsten"
"702",702,"M Portillo"
"703",703,"A Yashar"
"704",704,"T Töllner"
"705",705,"D Rangelov"
"706",706,"M Stroud"
"707",707,"E Kaplan"
"708",708,"T Menneer"
"709",709,"K Cave"
"710",710,"N Donnelly"
"711",711,"M Calleja"
"712",712,"M Coltheart"
"713",713,"C Fuda"
"714",714,"S Adler"
"715",715,"E Pereira"
"716",716,"R Alexander"
"717",717,"G Zelinsky"
"718",718,"S Zhang"
"719",719,"S Mack"
"720",720,"M Eckstein"
"721",721,"C Williams"
"722",722,"A Pollatsek"
"723",723,"E Reichle"
"724",724,"M Lohrenz"
"725",725,"V Bauhoff"
"726",726,"M Huff"
"727",727,"S Schwan"
"728",728,"A Young"
"729",729,"A Palanica"
"730",730,"R Itier"
"731",731,"R Alzahabi"
"732",732,"S Jelinek"
"733",733,"D Brooks"
"734",734,"J Dai"
"735",735,"D Sheinberg"
"736",736,"K Price"
"737",737,"M Neider"
"738",738,"A Chavaillaz"
"739",739,"E Reijnen"
"740",740,"M Zehetleitner"
"741",741,"J Krummenacher"
"742",742,"A Sherman"
"743",743,"M Greene"
"744",744,"J Doon"
"745",745,"D Getty"
"746",746,"C Cunningham"
"747",747,"T Drew"
"748",748,"L Lanagan-Leitzel"
"749",749,"J Dunsmoor"
"750",750,"K LaBar"
"751",751,"L Dugué"
"752",752,"P Marque"
"753",753,"R VanRullen"
"754",754,"G Pobric"
"755",755,"K Mirpour"
"756",756,"J Bisley"
"757",757,"S Torbaghan"
"758",758,"D Yazdi"
"759",759,"F Guo"
"760",760,"T Preston"
"761",761,"B Giesbrecht"
"762",762,"J Schmidt"
"763",763,"A MacNamara"
"764",764,"G Hajcak"
"765",765,"R Kasper"
"766",766,"J Sato-Reinhold"
"767",767,"S Grafton"
"768",768,"R Vogels"
"769",769,"A Kohn"
"770",770,"K Grill-Spector"
"771",771,"S Gotts"
"772",772,"C Teng"
"773",773,"P Series"
"774",774,"G Sotiropoulos"
"775",775,"D Sagi"
"776",776,"H Harris"
"777",777,"M Giese"
"778",778,"M Shiffrar"
"779",779,"B Gelder"
"780",780,"T Flash"
"781",781,"H Lau"
"782",782,"B He"
"783",783,"A Kleinschmidt"
"784",784,"D Rahnev"
"785",785,"J Fulvio"
"786",786,"P Schrater"
"787",787,"J Yuen"
"788",788,"L Muckli"
"789",789,"P Vetter"
"790",790,"F Smith"
"791",791,"E Kowler"
"792",792,"C Aitkin"
"793",793,"E Santos"
"794",794,"D Crawford"
"795",795,"G Blohm"
"796",796,"R Yakushijin"
"797",797,"D Tadin"
"798",798,"X Huang"
"799",799,"T Albright"
"800",800,"G Stoner"
"801",801,"E Dickinson"
"802",802,"A McKendrick"
"803",803,"A Ma-Wyatt"
"804",804,"S Cropper"
"805",805,"C Pack"
"806",806,"K Amano"
"807",807,"M Edwards"
"808",808,"A Rider"
"809",809,"P Scarfe"
"810",810,"T Movshon"
"811",811,"J Demb"
"812",812,"G Field"
"813",813,"J Neitz"
"814",814,"C Tyler"
"815",815,"Y Liu"
"816",816,"H Ban"
"817",817,"J Blundell"
"818",818,"P Lovell"
"819",819,"M Bloj"
"820",820,"J Harris"
"821",821,"S Cholewiak"
"822",822,"R Fleming"
"823",823,"F Phillips"
"824",824,"E Egan"
"825",825,"R Volcic"
"826",826,"C Fantoni"
"827",827,"C Caudek"
"828",828,"F Domini"
"829",829,"F Cole"
"830",830,"F Durand"
"831",831,"B Freeman"
"832",832,"E Adelson"
"833",833,"C Massot"
"834",834,"C Filangieri"
"835",835,"A Li"
"836",836,"T Papathomas"
"837",837,"J Ash"
"838",838,"J Hughes"
"839",839,"Q Zaidi"
"840",840,"G Mazzilli"
"841",841,"D Todorovic"
"842",842,"K Kooij"
"843",843,"S Pas"
"844",844,"J Saunders"
"845",845,"Y Lee"
"846",846,"Y Shi"
"847",847,"T Sawada"
"848",848,"Y Li"
"849",849,"Z Pizlo"
"850",850,"E Seckel"
"851",851,"A Huang"
"852",852,"X Li"
"853",853,"A Hon"
"854",854,"V Ramachandran"
"855",855,"E Altschuler"
"856",856,"B Rogers"
"857",857,"P Battaglia"
"858",858,"J Hamrick"
"859",859,"J Tenenbaum"
"860",860,"A Jain"
"861",861,"A Yoonessi"
"862",862,"K Stroyan"
"863",863,"M Nawrot"
"864",864,"X Yang"
"865",865,"Z Liu"
"866",866,"E Cooper"
"867",867,"E Piazza"
"868",868,"M Banks"
"869",869,"A Doorn"
"870",870,"H Ridder"
"871",871,"M Leyssen"
"872",872,"J Koenderink"
"873",873,"H Nefs"
"874",874,"A Glennerster"
"875",875,"S Gilson"
"876",876,"A Fitzgibbon"
"877",877,"M Leyrer"
"878",878,"S Linkenauger"
"879",879,"H Bülthoff"
"880",880,"U Kloos"
"881",881,"B Mohler"
"882",882,"J Snow"
"883",883,"C Pettypiece"
"884",884,"T McAdam"
"885",885,"A McLean"
"886",886,"P Stroman"
"887",887,"J Culham"
"888",888,"T Kwon"
"889",889,"M Yi"
"890",890,"L Latecki"
"891",891,"N Cohen"
"892",892,"D Gajewski"
"893",893,"N Dameshghi"
"894",894,"J Philbeck"
"895",895,"M Geuss"
"896",896,"G Allen"
"897",897,"J Stefanucci"
"898",898,"S Creem-Regehr"
"899",899,"W Thompson"
"900",900,"F Durgin"
"901",901,"Z Li"
"902",902,"K Gagnon"
"903",903,"M Tarampi"
"904",904,"M Peyton"
"905",905,"L Pickup"
"906",906,"K Rand"
"907",907,"M Sugovic"
"908",908,"J Witt"
"909",909,"D Blakely"
"910",910,"T Wright"
"911",911,"W Boot"
"912",912,"J Brockmole"
"913",913,"N Burra"
"914",914,"D Kerzel"
"915",915,"J Chisholm"
"916",916,"A Kingstone"
"917",917,"F Chua"
"918",918,"H Liao"
"919",919,"M Sunny"
"920",920,"A Muhlenen"
"921",921,"D Vatterott"
"922",922,"S Vecera"
"923",923,"S Weiss"
"924",924,"S Shomstein"
"925",925,"R Sawaki"
"926",926,"D Schreij"
"927",927,"C Olivers"
"928",928,"J Schonhammer"
"929",929,"E Wells"
"930",930,"A Leber"
"931",931,"E Kuta"
"932",932,"A Biggs"
"933",933,"R Kreager"
"934",934,"B Gibson"
"935",935,"J Lechak"
"936",936,"J Jones"
"937",937,"H Allen"
"938",938,"T Ledgeway"
"939",939,"N Kelly"
"940",940,"C Hutchinson"
"941",941,"J Gaspar"
"942",942,"J Crowell"
"943",943,"H Kaczmarski"
"944",944,"A Kramer"
"945",945,"J Kawahara"
"946",946,"H Sato"
"947",947,"I Takenaka"
"948",948,"D Jonikaitis"
"949",949,"M Päpper"
"950",950,"H Deubel"
"951",951,"T Carlson"
"952",952,"H Cho"
"953",953,"J Turret"
"954",954,"A Scharff"
"955",955,"J Palmer"
"956",956,"C Moore"
"957",957,"P Scalf"
"958",958,"H Kang"
"959",959,"J Reed-Jones"
"960",960,"R Reed-Jones"
"961",961,"M Hollands"
"962",962,"A Blanchard"
"963",963,"S Huang"
"964",964,"H Chung"
"965",965,"Y Chang"
"966",966,"C Joseph"
"967",967,"B Kennedy"
"968",968,"S Most"
"969",969,"E Kreindel"
"970",970,"A Haberkamp"
"971",971,"K Niederprüm"
"972",972,"C Nwosu"
"973",973,"E Smith"
"974",974,"L Factor"
"975",975,"K Burnett"
"976",976,"G d'Avossa"
"977",977,"A Sapir"
"978",978,"A Barbot"
"979",979,"M Druker"
"980",980,"B Anderson"
"981",981,"S Han"
"982",982,"R Marois"
"983",983,"S Anstis"
"984",984,"J Snyder"
"985",985,"V Holec"
"986",986,"K Kihara"
"987",987,"W Prinzmetal"
"988",988,"A Rokem"
"989",989,"B Urgen"
"990",990,"D Hagler"
"991",991,"I Dombrowe"
"992",992,"M Donk"
"993",993,"H Wright"
"994",994,"J Wong"
"995",995,"M Rosenberg"
"996",996,"S Noonan"
"997",997,"J DeGutis"
"998",998,"M Esterman"
"999",999,"K Pilz"
"1000",1000,"A Roggeveen"
"1001",1001,"S Creighton"
"1002",1002,"J Mossbridge"
"1003",1003,"M Scolari"
"1004",1004,"K Herrmann"
"1005",1005,"D Bridwell"
"1006",1006,"E Hecker"
"1007",1007,"R Srinivasan"
"1008",1008,"D Painter"
"1009",1009,"S Travis"
"1010",1010,"P Dux"
"1011",1011,"J Mattingley"
"1012",1012,"S Kyllingsæk"
"1013",1013,"J Sy"
"1014",1014,"E Bilger"
"1015",1015,"Q Li"
"1016",1016,"J Saiki"
"1017",1017,"J Lin"
"1018",1018,"B Hubert-Wallander"
"1019",1019,"A Lustig"
"1020",1020,"A Mokeichev"
"1021",1021,"W Neill"
"1022",1022,"G Seror"
"1023",1023,"S Rappaport"
"1024",1024,"M Riddoch"
"1025",1025,"B Roller"
"1026",1026,"P Grewal"
"1027",1027,"J Viswanathan"
"1028",1028,"J Barton"
"1029",1029,"R Nakashima"
"1030",1030,"K Yokosawa"
"1031",1031,"H Choo"
"1032",1032,"G Dale"
"1033",1033,"K Arnell"
"1034",1034,"I Donovan"
"1035",1035,"J Pratt"
"1036",1036,"T Emmanouil"
"1037",1037,"P Avigan"
"1038",1038,"T Ho"
"1039",1039,"S Brown"
"1040",1040,"S Killingsworth"
"1041",1041,"A Franklin"
"1042",1042,"D Levin"
"1043",1043,"A White"
"1044",1044,"D Simons"
"1045",1045,"P Hsieh"
"1046",1046,"J Colas"
"1047",1047,"M Kuvaldina"
"1048",1048,"K Dobson"
"1049",1049,"T Murakoshi"
"1050",1050,"Y Osada"
"1051",1051,"S Goodhew"
"1052",1052,"T Visser"
"1053",1053,"O Lipp"
"1054",1054,"J Baek"
"1055",1055,"Y Zhao"
"1056",1056,"B Maniscalco"
"1057",1057,"N Foley"
"1058",1058,"S Grossberg"
"1059",1059,"K Koehler"
"1060",1060,"A Borji"
"1061",1061,"D Sihite"
"1062",1062,"L Itti"
"1063",1063,"R Krauzlis"
"1064",1064,"A Zenon"
"1065",1065,"E Burg"
"1066",1066,"F Katsuki"
"1067",1067,"C Constantinidis"
"1068",1068,"P Fries"
"1069",1069,"G Purushothaman"
"1070",1070,"R Marion"
"1071",1071,"S Walston"
"1072",1072,"K Li"
"1073",1073,"D Yampolsky"
"1074",1074,"V Casagrande"
"1075",1075,"J Carlin"
"1076",1076,"H Imai"
"1077",1077,"Y Sasaki"
"1078",1078,"N Al-Aidroos"
"1079",1079,"C Said"
"1080",1080,"N Turk-Browne"
"1081",1081,"N Demeyere"
"1082",1082,"P Rotshtein"
"1083",1083,"P Kohler"
"1084",1084,"A Beer"
"1085",1085,"J Gill"
"1086",1086,"A Martin"
"1087",1087,"S McMains"
"1088",1088,"S Kastner"
"1089",1089,"F Arcizet"
"1090",1090,"C Charpentier"
"1091",1091,"A Noyce"
"1092",1092,"M Wenger"
"1093",1093,"L Murray-Kolb"
"1094",1094,"J Hammons"
"1095",1095,"S Venkatramanan"
"1096",1096,"J Haas"
"1097",1097,"T Takahashi"
"1098",1098,"T Takeda"
"1099",1099,"S Jeong"
"1100",1100,"Q Vuong"
"1101",1101,"K Mayer"
"1102",1102,"M Toba"
"1103",1103,"R Migliaccio"
"1104",1104,"M Schotten"
"1105",1105,"P Pradat-Diehl"
"1106",1106,"C Loeper-Jeny"
"1107",1107,"P Bartolomeo"
"1108",1108,"E Runeson"
"1109",1109,"C Wang"
"1110",1110,"S Boehnke"
"1111",1111,"B White"
"1112",1112,"D Munoz"
"1113",1113,"F Baumgartner"
"1114",1114,"M Hanke"
"1115",1115,"F Geringswald"
"1116",1116,"S Pollmann"
"1117",1117,"D Baldauf"
"1118",1118,"M Young"
"1119",1119,"R Heitz"
"1120",1120,"B Purcell"
"1121",1121,"J Schall"
"1122",1122,"K Mathewson"
"1123",1123,"M Fabiani"
"1124",1124,"G Gratton"
"1125",1125,"M H"
"1126",1126,"K Das"
"1127",1127,"J Elliott"
"1128",1128,"E Roth"
"1129",1129,"C Duncan"
"1130",1130,"M Crognale"
"1131",1131,"B Stojanoski"
"1132",1132,"M Niemeier"
"1133",1133,"L Chanes"
"1134",1134,"A Chica"
"1135",1135,"A Valero-Cabré"
"1136",1136,"H Haladjian"
"1137",1137,"A Griffith"
"1138",1138,"Z Pylyshyn"
"1139",1139,"Y Kashiwase"
"1140",1140,"K Matsumiya"
"1141",1141,"I Kuriki"
"1142",1142,"S Shioiri"
"1143",1143,"J O'Brien"
"1144",1144,"J Edwards"
"1145",1145,"N Maxfield"
"1146",1146,"S Karidas"
"1147",1147,"V Williams"
"1148",1148,"J Lister"
"1149",1149,"K Wieczorek"
"1150",1150,"C Gaspar"
"1151",1151,"C Pernet"
"1152",1152,"G Rousselet"
"1153",1153,"Y Hou"
"1154",1154,"K Clark"
"1155",1155,"R Adcock"
"1156",1156,"M Ross"
"1157",1157,"L Lanyon"
"1158",1158,"D Manoach"
"1159",1159,"K Schmack"
"1160",1160,"A Gomez"
"1161",1161,"M Rothkirch"
"1162",1162,"P Sterzer"
"1163",1163,"M Sharp"
"1164",1164,"L Drummond"
"1165",1165,"K Medford"
"1166",1166,"M Sugarman"
"1167",1167,"C Green"
"1168",1168,"E Klobusicky"
"1169",1169,"D Bavelier"
"1170",1170,"K Minakata"
"1171",1171,"Y Sosa"
"1172",1172,"M McCourt"
"1173",1173,"S Parrott"
"1174",1174,"K Turner"
"1175",1175,"H Yang"
"1176",1176,"A Veenemans"
"1177",1177,"T Gao"
"1178",1178,"J New"
"1179",1179,"A Abolhassani"
"1180",1180,"J Clark"
"1181",1181,"M Harasawa"
"1182",1182,"H Ishikane"
"1183",1183,"F Papenmeier"
"1184",1184,"H Meyerhoff"
"1185",1185,"G Jahn"
"1186",1186,"P Verghese"
"1187",1187,"A Wade"
"1188",1188,"R Hetley"
"1189",1189,"B Liverence"
"1190",1190,"L Kahn"
"1191",1191,"Y Tsal"
"1192",1192,"H Benoni"
"1193",1193,"J Ahn"
"1194",1194,"A Lleras"
"1195",1195,"T Miconi"
"1196",1196,"A Flevaris"
"1197",1197,"S Bentin"
"1198",1198,"P Binda"
"1199",1199,"M Morrone"
"1200",1200,"K Anton-Erxleben"
"1201",1201,"A DiGiacomo"
"1202",1202,"D Gozli"
"1203",1203,"G West"
"1204",1204,"S Jonathan"
"1205",1205,"J Scimeca"
"1206",1206,"C Mevorach"
"1207",1207,"N Parks"
"1208",1208,"M Windsor"
"1209",1209,"G Anderson"
"1210",1210,"D Heinke"
"1211",1211,"A Kristjansson"
"1212",1212,"R Blake"
"1213",1213,"J Brascamp"
"1214",1214,"K Swallow"
"1215",1215,"T Makovski"
"1216",1216,"W Harrison"
"1217",1217,"R Remington"
"1218",1218,"A Ikkai"
"1219",1219,"S Dandekar"
"1220",1220,"C Curtis"
"1221",1221,"K Bettencourt"
"1222",1222,"J Rajsic"
"1223",1223,"Z Roper"
"1224",1224,"J Cosman"
"1225",1225,"J Mordkoff"
"1226",1226,"Y Bi"
"1227",1227,"S Born"
"1228",1228,"J Schönhammer"
"1229",1229,"D Valadao"
"1230",1230,"M Hurwitz"
"1231",1231,"J Danckert"
"1232",1232,"K Dukewich"
"1233",1233,"J Enns"
"1234",1234,"S Theobald"
"1235",1235,"A Chasteen"
"1236",1236,"C Harman"
"1237",1237,"D Aks"
"1238",1238,"A Petersen"
"1239",1239,"S Vangkilde"
"1240",1240,"Y Tseng"
"1241",1241,"J Glaser"
"1242",1242,"C Leonard"
"1243",1243,"E Vul"
"1244",1244,"A Tkaczyk"
"1245",1245,"C Meza"
"1246",1246,"T Martin"
"1247",1247,"A Hymel"
"1248",1248,"S Tyler"
"1249",1249,"S Dasgupta"
"1250",1250,"L Battelli"
"1251",1251,"E Grossman"
"1252",1252,"T Sørensen"
"1253",1253,"C Bundesen"
"1254",1254,"W Marinovic"
"1255",1255,"B Cottereau"
"1256",1256,"J Ales"
"1257",1257,"A Norcia"
"1258",1258,"J Roth"
"1259",1259,"S Helseth"
"1260",1260,"W Qian"
"1261",1261,"K Zhou"
"1262",1262,"L Chen"
"1263",1263,"M Stolte"
"1264",1264,"N Lavie"
"1265",1265,"M Potter"
"1266",1266,"B Wyble"
"1267",1267,"E McCourt"
"1268",1268,"D Stofleth"
"1269",1269,"L Alley"
"1270",1270,"V Rathakrishnan"
"1271",1271,"H Kourtev"
"1272",1272,"A Kuegel"
"1273",1273,"C Blaxton"
"1274",1274,"H Fehd"
"1275",1275,"A Seiffert"
"1276",1276,"O Elfanagely"
"1277",1277,"P Zenon"
"1278",1278,"C Feria"
"1279",1279,"W Chen"
"1280",1280,"M Levine"
"1281",1281,"N Medeiros-Ward"
"1282",1282,"J Seegmiller"
"1283",1283,"J Watson"
"1284",1284,"D Strayer"
"1285",1285,"N Jardine"
"1286",1286,"L Thomas"
"1287",1287,"H Kanaya"
"1288",1288,"T Sato"
"1289",1289,"E Mettler"
"1290",1290,"I Legault"
"1291",1291,"R Allard"
"1292",1292,"J Faubert"
"1293",1293,"R Clair"
"1294",1294,"T Thompson"
"1295",1295,"M Waskom"
"1296",1296,"J Gabrieli"
"1297",1297,"I Thornton"
"1298",1298,"K David"
"1299",1299,"G Phillip"
"1300",1300,"H David"
"1301",1301,"J Burge"
"1302",1302,"F Allenmark"
"1303",1303,"C Casanova"
"1304",1304,"A Naderiyanha"
"1305",1305,"M Vanni"
"1306",1306,"C Lunghi"
"1307",1307,"C Morrone"
"1308",1308,"D Carmel"
"1309",1309,"K Sandberg"
"1310",1310,"G Barnes"
"1311",1311,"M Overgaard"
"1312",1312,"A Chopin"
"1313",1313,"P Mamassian"
"1314",1314,"A List"
"1315",1315,"Y Baek"
"1316",1316,"O Cha"
"1317",1317,"S ChulChong"
"1318",1318,"M Georgeson"
"1319",1319,"E Kompaniez"
"1320",1320,"A Dye"
"1321",1321,"L Sawides"
"1322",1322,"S Marcos"
"1323",1323,"S Lehky"
"1324",1324,"N Malek"
"1325",1325,"Z Nadasdy"
"1326",1326,"B Kantor"
"1327",1327,"E Kimura"
"1328",1328,"S Abe"
"1329",1329,"K Goryo"
"1330",1330,"R Denison"
"1331",1331,"S Stuit"
"1332",1332,"C Paffen"
"1333",1333,"M Smagt"
"1334",1334,"F Verstraten"
"1335",1335,"C Raio"
"1336",1336,"E Phelps"
"1337",1337,"T Stein"
"1338",1338,"M Hebart"
"1339",1339,"Y Wang"
"1340",1340,"R Hessels"
"1341",1341,"S Stigchel"
"1342",1342,"M Lages"
"1343",1343,"K Jaworska"
"1344",1344,"D Bressler"
"1345",1345,"K Saleem"
"1346",1346,"M Mishkin"
"1347",1347,"J Sio"
"1348",1348,"A Wang"
"1349",1349,"M Kang"
"1350",1350,"E Ward"
"1351",1351,"G Lupyan"
"1352",1352,"A Lugtigheid"
"1353",1353,"J Kim"
"1354",1354,"T Shibata"
"1355",1355,"D Hoffman"
"1356",1356,"C Vienne"
"1357",1357,"L Blondé"
"1358",1358,"D Doyen"
"1359",1359,"K Zeiner"
"1360",1360,"M Spitschan"
"1361",1361,"M Ishii"
"1362",1362,"R Igarashi"
"1363",1363,"M Sato"
"1364",1364,"S Crouzet"
"1365",1365,"T Stemmler"
"1366",1366,"M Capps"
"1367",1367,"M Fahle"
"1368",1368,"P Cisarik"
"1369",1369,"E Kindy"
"1370",1370,"W Li"
"1371",1371,"T Hudson"
"1372",1372,"L Matin"
"1373",1373,"H Yoo"
"1374",1374,"A Reichow"
"1375",1375,"G Erickson"
"1376",1376,"A Murphy"
"1377",1377,"A Muryy"
"1378",1378,"C Mierlo"
"1379",1379,"D Chang"
"1380",1380,"M Patten"
"1381",1381,"S Lyu"
"1382",1382,"G Sperling"
"1383",1383,"I Tsirlin"
"1384",1384,"R Allison"
"1385",1385,"L Wilcox"
"1386",1386,"D Stransky"
"1387",1387,"B Gillam"
"1388",1388,"P Marlow"
"1389",1389,"B Farell"
"1390",1390,"J Fernandez"
"1391",1391,"A Robinson"
"1392",1392,"D MacLeod"
"1393",1393,"S Pont"
"1394",1394,"M Toscani"
"1395",1395,"S Nascimento"
"1396",1396,"S Clery"
"1397",1397,"C Parraga"
"1398",1398,"J Roca-Vila"
"1399",1399,"M Vanrell"
"1400",1400,"O Masuda"
"1401",1401,"J Linhares"
"1402",1402,"P Felgueiras"
"1403",1403,"S Fogelson"
"1404",1404,"Y Nakajima"
"1405",1405,"G Francis"
"1406",1406,"T Fukase"
"1407",1407,"K Horiuchi"
"1408",1408,"R Tokunaga"
"1409",1409,"M Giesel"
"1410",1410,"D Foster"
"1411",1411,"I Marín-Franch"
"1412",1412,"K Gunther"
"1413",1413,"R Dalhaus"
"1414",1414,"M Jansen"
"1415",1415,"S Elliott"
"1416",1416,"D Cao"
"1417",1417,"A Reeves"
"1418",1418,"R Grayhem"
"1419",1419,"B Blakeslee"
"1420",1420,"B Cao"
"1421",1421,"S Ivory"
"1422",1422,"A Radonjic"
"1423",1423,"A Gilchrist"
"1424",1424,"S Kaneko"
"1425",1425,"I Murakami"
"1426",1426,"M Sawayama"
"1427",1427,"J Schirillo"
"1428",1428,"M Riddle"
"1429",1429,"A Shapiro"
"1430",1430,"E Dixon"
"1431",1431,"S Burn"
"1432",1432,"D Graham"
"1433",1433,"M Meng"
"1434",1434,"M Rudd"
"1435",1435,"I Kerrigan"
"1436",1436,"A ShuaiChang"
"1437",1437,"S Allred"
"1438",1438,"J Bosten"
"1439",1439,"Y Morgenstern"
"1440",1440,"R Murray"
"1441",1441,"R Ennis"
"1442",1442,"B Lee"
"1443",1443,"F Tong"
"1444",1444,"D Lindsey"
"1445",1445,"A Brown"
"1446",1446,"M Wood"
"1447",1447,"A Gambino"
"1448",1448,"E Brining"
"1449",1449,"J Granzier"
"1450",1450,"C Imai"
"1451",1451,"S Tajima"
"1452",1452,"K Aihara"
"1453",1453,"H Suzuki"
"1454",1454,"E Kanematsu"
"1455",1455,"Y Mizokami"
"1456",1456,"C Kamesaki"
"1457",1457,"H Yaguchi"
"1458",1458,"A Owen"
"1459",1459,"G Jordan"
"1460",1460,"Y Ling"
"1461",1461,"A Hurlbert"
"1462",1462,"C Taylor"
"1463",1463,"A Clifford"
"1464",1464,"K Schloss"
"1465",1465,"S Palmer"
"1466",1466,"A Al-Rasheed"
"1467",1467,"J Alvarez"
"1468",1468,"W Griscom"
"1469",1469,"T Langlois"
"1470",1470,"T Tsang"
"1471",1471,"D Levitin"
"1472",1472,"E Strauss"
"1473",1473,"B Alvarez"
"1474",1474,"C Lau"
"1475",1475,"A Yoshioka"
"1476",1476,"H Yamamoto"
"1477",1477,"M Olkkonen"
"1478",1478,"M Kim"
"1479",1479,"M Wolff"
"1480",1480,"M Vurro"
"1481",1481,"L Sharan"
"1482",1482,"K Kelly"
"1483",1483,"K DeSimone"
"1484",1484,"K Schneider"
"1485",1485,"J Steeves"
"1486",1486,"E Babinsky"
"1487",1487,"T Candy"
"1488",1488,"V Tailor"
"1489",1489,"A Simmers"
"1490",1490,"J Sloper"
"1491",1491,"G Rubin"
"1492",1492,"J Zhou"
"1493",1493,"S Jeon"
"1494",1494,"P Knox"
"1495",1495,"L Gray"
"1496",1496,"A Globa"
"1497",1497,"B Mansouri"
"1498",1498,"P Pearson"
"1499",1499,"S Narasimhan"
"1500",1500,"E Harrison"
"1501",1501,"D Giaschi"
"1502",1502,"S Song"
"1503",1503,"J Church"
"1504",1504,"J Drover"
"1505",1505,"M Courage"
"1506",1506,"L Burakowski"
"1507",1507,"E Vessel"
"1508",1508,"S Johnson"
"1509",1509,"L Krogh"
"1510",1510,"J Dudek"
"1511",1511,"G Tsui"
"1512",1512,"D Chow"
"1513",1513,"C Tseng"
"1514",1514,"C Granrud"
"1515",1515,"S Corrow"
"1516",1516,"A Gilchrest"
"1517",1517,"J Mathison"
"1518",1518,"A Yonas"
"1519",1519,"M Adamo"
"1520",1520,"F Haist"
"1521",1521,"J Lee"
"1522",1522,"D Birtles"
"1523",1523,"J Wattam-Bell"
"1524",1524,"J Atkinson"
"1525",1525,"O Braddick"
"1526",1526,"L Betts"
"1527",1527,"E Nawrot"
"1528",1528,"J Livingood"
"1529",1529,"J Wenner"
"1530",1530,"A Tsuruhara"
"1531",1531,"H Kaneko"
"1532",1532,"S Kanazawa"
"1533",1533,"Y Otsuka"
"1534",1534,"N Shirai"
"1535",1535,"M Yamaguchi"
"1536",1536,"D Poulter"
"1537",1537,"C Purcell"
"1538",1538,"J Wann"
"1539",1539,"S Chien"
"1540",1540,"Y Lin"
"1541",1541,"Z Hussain"
"1542",1542,"B Webb"
"1543",1543,"A Astle"
"1544",1544,"P McGraw"
"1545",1545,"G Zhang"
"1546",1546,"P Sinha"
"1547",1547,"S Gorlin"
"1548",1548,"T Gandhi"
"1549",1549,"M Cicchini"
"1550",1550,"M Consonni"
"1551",1551,"F Bocca"
"1552",1552,"S Mascheretti"
"1553",1553,"P Scifo"
"1554",1554,"C Marino"
"1555",1555,"D Perani"
"1556",1556,"C Loveridge"
"1557",1557,"A Kourkoulou"
"1558",1558,"S Leekam"
"1559",1559,"C Robertson"
"1560",1560,"C Thomas"
"1561",1561,"G Wallace"
"1562",1562,"S Baron-Cohen"
"1563",1563,"X Xu"
"1564",1564,"M Lescroart"
"1565",1565,"I Biederman"
"1566",1566,"L Shalev"
"1567",1567,"Y Ashkenazy"
"1568",1568,"Y Dody"
"1569",1569,"M Gilad"
"1570",1570,"T Kolodny"
"1571",1571,"M Pharchi"
"1572",1572,"J Englund"
"1573",1573,"K Webster"
"1574",1574,"J Battista"
"1575",1575,"J Detre"
"1576",1576,"B Cucchiara"
"1577",1577,"K Wilmut"
"1578",1578,"D Crewther"
"1579",1579,"S Crewther"
"1580",1580,"J Christiansen"
"1581",1581,"T Habekost"
"1582",1582,"L Pedersen"
"1583",1583,"R Almeida"
"1584",1584,"M Maybery"
"1585",1585,"J Badcock"
"1586",1586,"R Bedford"
"1587",1587,"E Pellicano"
"1588",1588,"K Begus"
"1589",1589,"D Mareschal"
"1590",1590,"M Nardini"
"1591",1591,"A Gharib"
"1592",1592,"D Mier"
"1593",1593,"R Adolphs"
"1594",1594,"S Shimojo"
"1595",1595,"J Spencer"
"1596",1596,"B Christensen"
"1597",1597,"H Hadley"
"1598",1598,"L Scott"
"1599",1599,"H Ichikawa"
"1600",1600,"M Kobayashi"
"1601",1601,"R Kakigi"
"1602",1602,"E Nakato"
"1603",1603,"J Mian"
"1604",1604,"C Mondloch"
"1605",1605,"L Vingilis-Jaremko"
"1606",1606,"D Feinberg"
"1607",1607,"M Vida"
"1608",1608,"R Heide"
"1609",1609,"R Gilmore"
"1610",1610,"D Elbich"
"1611",1611,"W Yamashita"
"1612",1612,"K Dobkins"
"1613",1613,"V Sampath"
"1614",1614,"L Short"
"1615",1615,"S Barrett"
"1616",1616,"K Hermetet"
"1617",1617,"A O'Toole"
"1618",1618,"C Song"
"1619",1619,"S Anker"
"1620",1620,"M Rutherford"
"1621",1621,"F Cowan"
"1622",1622,"D Edwards"
"1623",1623,"M Groppo"
"1624",1624,"K MacKenzie"
"1625",1625,"R Aslin"
"1626",1626,"J Fiser"
"1627",1627,"F Farzin"
"1628",1628,"C Hou"
"1629",1629,"B Rossion"
"1630",1630,"K Lee"
"1631",1631,"J Stiles"
"1632",1632,"M Rosenthal"
"1633",1633,"K Patel"
"1634",1634,"D Molnar"
"1635",1635,"L Leone"
"1636",1636,"R Karas"
"1637",1637,"A Weymouth"
"1638",1638,"J Norman"
"1639",1639,"J Holmin"
"1640",1640,"A Beers"
"1641",1641,"A Frost"
"1642",1642,"E Roudaia"
"1643",1643,"L Tsotsos"
"1644",1644,"P Tseng"
"1645",1645,"I Cameron"
"1646",1646,"R Pierce"
"1647",1647,"Z Bian"
"1648",1648,"R Coats"
"1649",1649,"W Snapp-Childs"
"1650",1650,"A Wilson"
"1651",1651,"G Bingham"
"1652",1652,"K Wilson"
"1653",1653,"M Noda"
"1654",1654,"V Brienza"
"1655",1655,"Y Bonneh"
"1656",1656,"Y Adini"
"1657",1657,"M Fried"
"1658",1658,"A Arieli"
"1659",1659,"E Risko"
"1660",1660,"J Cui"
"1661",1661,"J Otero-Millan"
"1662",1662,"M King"
"1663",1663,"T Xu"
"1664",1664,"S Taya"
"1665",1665,"D Windridge"
"1666",1666,"J Kittler"
"1667",1667,"M Osman"
"1668",1668,"T Smith"
"1669",1669,"P Mital"
"1670",1670,"N Noori"
"1671",1671,"H Huang"
"1672",1672,"A Yu"
"1673",1673,"M Dodd"
"1674",1674,"M Mills"
"1675",1675,"M Kvissberg"
"1676",1676,"F Ostendorf"
"1677",1677,"F Roehrbein"
"1678",1678,"R CoenCagli"
"1679",1679,"O Schwartz"
"1680",1680,"M Matsukura"
"1681",1681,"M Hilchey"
"1682",1682,"R Klein"
"1683",1683,"S Morand"
"1684",1684,"L Vizioli"
"1685",1685,"M Harvey"
"1686",1686,"M Grosbras"
"1687",1687,"R Caldara"
"1688",1688,"C Cheng"
"1689",1689,"L Collimore"
"1690",1690,"D Paré"
"1691",1691,"S Desa"
"1692",1692,"S Joordens"
"1693",1693,"K Hanlon"
"1694",1694,"B Gohar"
"1695",1695,"A Chiang"
"1696",1696,"D Berg"
"1697",1697,"J Drewes"
"1698",1698,"A Montagnini"
"1699",1699,"G Masson"
"1700",1700,"Z Hafed"
"1701",1701,"L Lovejoy"
"1702",1702,"T Collins"
"1703",1703,"J Wallman"
"1704",1704,"M Pashkam"
"1705",1705,"A Ahumada"
"1706",1706,"K Billington"
"1707",1707,"J Kaiwi"
"1708",1708,"T Hayes"
"1709",1709,"R Dewhurst"
"1710",1710,"J Jarodzka"
"1711",1711,"K Holmqvist"
"1712",1712,"T Foulsham"
"1713",1713,"M Nyström"
"1714",1714,"R Andersson"
"1715",1715,"J Mulligan"
"1716",1716,"P Ivanov"
"1717",1717,"T Blanche"
"1718",1718,"M Mould"
"1719",1719,"J Oakley"
"1720",1720,"J Wulff"
"1721",1721,"M Saylor"
"1722",1722,"A Sciutti"
"1723",1723,"F Nori"
"1724",1724,"M Jacono"
"1725",1725,"G Metta"
"1726",1726,"G Sandini"
"1727",1727,"L Fadiga"
"1728",1728,"D Lam"
"1729",1729,"L Tarita-Nistor"
"1730",1730,"M Brent"
"1731",1731,"M Steinbach"
"1732",1732,"E González"
"1733",1733,"B Olk"
"1734",1734,"Y Jin"
"1735",1735,"S Gilani"
"1736",1736,"S Yen"
"1737",1737,"D Kuribayashi"
"1738",1738,"H Ikeyama"
"1739",1739,"M Honma"
"1740",1740,"Y Tanaka"
"1741",1741,"A Calabrese"
"1742",1742,"C Aguilar"
"1743",1743,"L Hoffart"
"1744",1744,"G Faure"
"1745",1745,"J Conrath"
"1746",1746,"E Castet"
"1747",1747,"S Lin"
"1748",1748,"L Abel"
"1749",1749,"S Watt"
"1750",1750,"M Dorr"
"1751",1751,"B Wolfe"
"1752",1752,"C Tas"
"1753",1753,"S Tower-Richardi"
"1754",1754,"J Golomb"
"1755",1755,"M Szinte"
"1756",1756,"S Correia"
"1757",1757,"F Hamker"
"1758",1758,"A Ziesche"
"1759",1759,"J Pola"
"1760",1760,"B Sheliga"
"1761",1761,"C Quaia"
"1762",1762,"L Optican"
"1763",1763,"E FitzGibbon"
"1764",1764,"L Tsoi"
"1765",1765,"S Koopman"
"1766",1766,"J Wilmer"
"1767",1767,"S Heinen"
"1768",1768,"S Yang"
"1769",1769,"J Ford"
"1770",1770,"F Lossin"
"1771",1771,"B Dunkley"
"1772",1772,"T Freeman"
"1773",1773,"S Muthukumaraswamy"
"1774",1774,"K Singh"
"1775",1775,"K Debono"
"1776",1776,"A Bogadhi"
"1777",1777,"P MacNeilage"
"1778",1778,"B Vlaskamp"
"1779",1779,"R Kumbhani"
"1780",1780,"M Spering"
"1781",1781,"M Panichi"
"1782",1782,"S Baldassi"
"1783",1783,"C Morvan"
"1784",1784,"M Zirnsak"
"1785",1785,"K Xu"
"1786",1786,"B Noudoost"
"1787",1787,"T Moore"
"1788",1788,"E Zimmermann"
"1789",1789,"S Mathôt"
"1790",1790,"S Casteau"
"1791",1791,"F Vitu"
"1792",1792,"I Arend"
"1793",1793,"M Koningsbruggen"
"1794",1794,"R Rafal"
"1795",1795,"A Serra"
"1796",1796,"R Leigh"
"1797",1797,"X Troncoso"
"1798",1798,"S Katyal"
"1799",1799,"M Kapoor"
"1800",1800,"D Liston"
"1801",1801,"L Stone"
"1802",1802,"M Heath"
"1803",1803,"J Weiler"
"1804",1804,"K Marriott"
"1805",1805,"T Welsh"
"1806",1806,"S Holmes"
"1807",1807,"A Mulla"
"1808",1808,"M Braun"
"1809",1809,"B Quetard"
"1810",1810,"M Christian"
"1811",1811,"M Chanceaux"
"1812",1812,"L Bendahman"
"1813",1813,"J Grainger"
"1814",1814,"A Brilhault"
"1815",1815,"M Mathey"
"1816",1816,"N Jolmes"
"1817",1817,"C Gonzalez"
"1818",1818,"M Mon-Williams"
"1819",1819,"M Burke"
"1820",1820,"R Foerster"
"1821",1821,"E Carbone"
"1822",1822,"H Koesling"
"1823",1823,"W Schneider"
"1824",1824,"R Harms"
"1825",1825,"L Renninger"
"1826",1826,"M Poletti"
"1827",1827,"M Rucci"
"1828",1828,"D Wismeijer"
"1829",1829,"X Kuang"
"1830",1830,"A Casile"
"1831",1831,"C Cherici"
"1832",1832,"C Listorti"
"1833",1833,"S Ajina"
"1834",1834,"S Getov"
"1835",1835,"L Stewart"
"1836",1836,"A Todorov"
"1837",1837,"R Jack"
"1838",1838,"O Garrod"
"1839",1839,"H Yu"
"1840",1840,"D Perrett"
"1841",1841,"D Re"
"1842",1842,"R Whitehead"
"1843",1843,"I Stephen"
"1844",1844,"D Xiao"
"1845",1845,"I Gordon"
"1846",1846,"M Pierce"
"1847",1847,"M Bartlett"
"1848",1848,"G Wallis"
"1849",1849,"S Cloete"
"1850",1850,"C Coelho"
"1851",1851,"L Blaha"
"1852",1852,"N Silbert"
"1853",1853,"J Townsend"
"1854",1854,"J Taubert"
"1855",1855,"L Parr"
"1856",1856,"G Belle"
"1857",1857,"T Busigny"
"1858",1858,"A Hosein"
"1859",1859,"B Jemel"
"1860",1860,"P Lefère"
"1861",1861,"S Quadflieg"
"1862",1862,"M Platt"
"1863",1863,"K King"
"1864",1864,"R Ziegler"
"1865",1865,"G Chatterjee"
"1866",1866,"R Palermo"
"1867",1867,"D Rivolta"
"1868",1868,"C Wilson"
"1869",1869,"L Jeffery"
"1870",1870,"R Pancaroglu"
"1871",1871,"S Johnston"
"1872",1872,"A Sekunova"
"1873",1873,"B Duchaine"
"1874",1874,"C Rezlescu"
"1875",1875,"D Pitcher"
"1876",1876,"N Whitty"
"1877",1877,"A Leib"
"1878",1878,"A Puri"
"1879",1879,"N Witthoft"
"1880",1880,"M Nguyen"
"1881",1881,"G Golarai"
"1882",1882,"A Liberman"
"1883",1883,"S Cohan"
"1884",1884,"R Mercado"
"1885",1885,"K Dalrymple"
"1886",1886,"A Gray"
"1887",1887,"B Perler"
"1888",1888,"E Birmingham"
"1889",1889,"W Bischof"
"1890",1890,"J Marotta"
"1891",1891,"K Locheed"
"1892",1892,"H Dennett"
"1893",1893,"E McKone"
"1894",1894,"T Susilo"
"1895",1895,"A Diamond"
"1896",1896,"B Jurs"
"1897",1897,"A Burkhardt"
"1898",1898,"G Rhodes"
"1899",1899,"T Busey"
"1900",1900,"M Lai"
"1901",1901,"I Oruc"
"1902",1902,"M Black"
"1903",1903,"L Parkinson"
"1904",1904,"D Ross"
"1905",1905,"M Deroche"
"1906",1906,"T Palmeri"
"1907",1907,"M Tillman"
"1908",1908,"K Halen"
"1909",1909,"J Su"
"1910",1910,"A Heering"
"1911",1911,"C Or"
"1912",1912,"H Wilson"
"1913",1913,"L Garrido"
"1914",1914,"J Cant"
"1915",1915,"G Barragan-Jason"
"1916",1916,"F Lachat"
"1917",1917,"S Flusberg"
"1918",1918,"N Davidenko"
"1919",1919,"J Phillips"
"1920",1920,"J Dunlop"
"1921",1921,"S Weimer"
"1922",1922,"V Natu"
"1923",1923,"I Bulthoff"
"1924",1924,"S Shrimpton"
"1925",1925,"R Bennetts"
"1926",1926,"R Robbins"
"1927",1927,"D Burke"
"1928",1928,"K Brooks"
"1929",1929,"S Lucey"
"1930",1930,"J Saragih"
"1931",1931,"P Pallett"
"1932",1932,"M Horner"
"1933",1933,"A Lassalle"
"1934",1934,"D Stjepanovic"
"1935",1935,"M Bellgrove"
"1936",1936,"B Won"
"1937",1937,"D Yu"
"1938",1938,"A Chai"
"1939",1939,"K Kaulard"
"1940",1940,"A Cruz"
"1941",1941,"H Bulthoff"
"1942",1942,"J Schultz"
"1943",1943,"B Stienen"
"1944",1944,"K Schindler"
"1945",1945,"H Xu"
"1946",1946,"L Montaser-Kouhsari"
"1947",1947,"P Liu"
"1948",1948,"M Dosani"
"1949",1949,"I Oruç"
"1950",1950,"T Brandman"
"1951",1951,"G Yovel"
"1952",1952,"V Goffaux"
"1953",1953,"J vanZon"
"1954",1954,"D Hestermann"
"1955",1955,"C Schiltz"
"1956",1956,"L Zuxiang"
"1957",1957,"W Ruijie"
"1958",1958,"Z Zhentao"
"1959",1959,"S Liang"
"1960",1960,"G Selig"
"1961",1961,"D Lisitsyn"
"1962",1962,"A Little"
"1963",1963,"P Hancock"
"1964",1964,"S O'Neil"
"1965",1965,"R Laguesse"
"1966",1966,"T James"
"1967",1967,"M Bushmakin"
"1968",1968,"H Stanton"
"1969",1969,"E Danielson"
"1970",1970,"M Pachai"
"1971",1971,"K Laidlaw"
"1972",1972,"E Strong"
"1973",1973,"R Russell"
"1974",1974,"L Germine"
"1975",1975,"C Cheimets"
"1976",1976,"J Lao"
"1977",1977,"K Crookes"
"1978",1978,"S Favelle"
"1979",1979,"S Harrison"
"1980",1980,"J Richler"
"1981",1981,"M Mack"
"1982",1982,"R Lee"
"1983",1983,"I Bülthoff"
"1984",1984,"R Armann"
"1985",1985,"C Wallraven"
"1986",1986,"S Miellet"
"1987",1987,"R Fusco"
"1988",1988,"K Koldewyn"
"1989",1989,"S Weigelt"
"1990",1990,"K Semmelmann"
"1991",1991,"E Shimojo"
"1992",1992,"C Saegusa"
"1993",1993,"J Intoy"
"1994",1994,"R Stoyanova"
"1995",1995,"M Ewbank"
"1996",1996,"A Calder"
"1997",1997,"A Porcheron"
"1998",1998,"E Mauger"
"1999",1999,"F Morizot"
"2000",2000,"J Shen"
"2001",2001,"V Axelrod"
"2002",2002,"B Sadeh"
"2003",2003,"T Goldberg"
"2004",2004,"C Avni"
"2005",2005,"M Pelleg"
"2006",2006,"S Nasr"
"2007",2007,"R Tootell"
"2008",2008,"R Henson"
"2009",2009,"J Rowe"
"2010",2010,"A Nestor"
"2011",2011,"D Plaut"
"2012",2012,"S Verosky"
"2013",2013,"E Prieto"
"2014",2014,"A Boremanse"
"2015",2015,"M Ramon"
"2016",2016,"J Liu"
"2017",2017,"S Caharel"
"2018",2018,"J Davies-Thompson"
"2019",2019,"T Andrews"
"2020",2020,"K Newling"
"2021",2021,"H Baseler"
"2022",2022,"M Burton"
"2023",2023,"R Jenkins"
"2024",2024,"D Kahn"
"2025",2025,"D Remus"
"2026",2026,"D Nemrodov"
"2027",2027,"R Saxe"
"2028",2028,"J Pyles"
"2029",2029,"T Verstynen"
"2030",2030,"C Jacques"
"2031",2031,"K Collet"
"2032",2032,"S Oever"
"2033",2033,"L Cacciamani"
"2034",2034,"Y Zerouali"
"2035",2035,"Y Konar"
"2036",2036,"J Gors"
"2037",2037,"M Martello"
"2038",2038,"T Meixner"
"2039",2039,"D Smilek"
"2040",2040,"G Iarocci"
"2041",2041,"A Braun"
"2042",2042,"I Jarudi"
"2043",2043,"S Gilad-Gutnick"
"2044",2044,"E Harmatz"
"2045",2045,"D Perera"
"2046",2046,"K Curby"
"2047",2047,"M Toseeb"
"2048",2048,"D Keeble"
"2049",2049,"E Bryant"
"2050",2050,"J Esins"
"2051",2051,"Z Gao"
"2052",2052,"H Griffin"
"2053",2053,"P McOwan"
"2054",2054,"C Reed"
"2055",2055,"M Garber"
"2056",2056,"J Thompson"
"2057",2057,"E Ploran"
"2058",2058,"B Xu"
"2059",2059,"T Atsumi"
"2060",2060,"Y Nagasaka"
"2061",2061,"J Jastorff"
"2062",2062,"I Popivanov"
"2063",2063,"H Kolster"
"2064",2064,"W Vanduffel"
"2065",2065,"G Orban"
"2066",2066,"F Pollick"
"2067",2067,"W Steel"
"2068",2068,"H Tan"
"2069",2069,"L Piwek"
"2070",2070,"F Crabbe"
"2071",2071,"U Ahlstrom"
"2072",2072,"M Lussanet"
"2073",2073,"M Lappe"
"2074",2074,"J Parkinson"
"2075",2075,"W Prinz"
"2076",2076,"D Saunders"
"2077",2077,"N Troje"
"2078",2078,"S Gilaie-Dotan"
"2079",2079,"S Thurman"
"2080",2080,"J Garcia"
"2081",2081,"S Agosta"
"2082",2082,"M Kaemmerer"
"2083",2083,"M Mahler"
"2084",2084,"K Sok"
"2085",2085,"J Hodgins"
"2086",2086,"M Davis"
"2087",2087,"J Thomas"
"2088",2088,"K Ono"
"2089",2089,"J Boxtel"
"2090",2090,"H Lu"
"2091",2091,"G Diaz"
"2092",2092,"B Fajen"
"2093",2093,"M Jogan"
"2094",2094,"A Stocker"
"2095",2095,"R Hisakata"
"2096",2096,"M Terao"
"2097",2097,"H Hogendoorn"
"2098",2098,"A Lee"
"2099",2099,"Z Lin"
"2100",2100,"M Ratzlaff"
"2101",2101,"Z Leonard"
"2102",2102,"N Bocheva"
"2103",2103,"L Bojilov"
"2104",2104,"F Rocchi"
"2105",2105,"H Hock"
"2106",2106,"G Schoner"
"2107",2107,"P Zhang"
"2108",2108,"T Czuba"
"2109",2109,"A Huk"
"2110",2110,"V Cardin"
"2111",2111,"R Sherrington"
"2112",2112,"L Hemsworth"
"2113",2113,"J Fesi"
"2114",2114,"A Thomas"
"2115",2115,"K Hwang"
"2116",2116,"P Warren"
"2117",2117,"S Rushton"
"2118",2118,"A Foulkes"
"2119",2119,"N Browning"
"2120",2120,"S Tschechne"
"2121",2121,"H Neumann"
"2122",2122,"L Issen"
"2123",2123,"K Huxlin"
"2124",2124,"M Ogiya"
"2125",2125,"J Léveillé"
"2126",2126,"E Myers"
"2127",2127,"A Coningham"
"2128",2128,"R Rae-Hodgson"
"2129",2129,"D Glasser"
"2130",2130,"F Calabro"
"2131",2131,"L Vaina"
"2132",2132,"K Rana"
"2133",2133,"F Buonanno"
"2134",2134,"M Hamalainen"
"2135",2135,"H Galperin"
"2136",2136,"A Dobbins"
"2137",2137,"L Bryant"
"2138",2138,"A Zotov"
"2139",2139,"F Levillain"
"2140",2140,"L Bonatti"
"2141",2141,"E Chong"
"2142",2142,"W Shim"
"2143",2143,"S Pannasch"
"2144",2144,"D Selden"
"2145",2145,"B Velichkovsky"
"2146",2146,"B Bridgeman"
"2147",2147,"A Doerrfeld"
"2148",2148,"A Jazi"
"2149",2149,"P Pantelis"
"2150",2150,"P Ringstad"
"2151",2151,"K Sanik"
"2152",2152,"A Weinstein"
"2153",2153,"J Suchow"
"2154",2154,"G Maus"
"2155",2155,"J Li"
"2156",2156,"N Wurnitsch"
"2157",2157,"P Bulakowski"
"2158",2158,"M Braunstein"
"2159",2159,"H Takemura"
"2160",2160,"T Chaminade"
"2161",2161,"H Ishuguro"
"2162",2162,"C Frith"
"2163",2163,"T Sweeny"
"2164",2164,"S Haroz"
"2165",2165,"A Christensen"
"2166",2166,"W Ilg"
"2167",2167,"H Kimura"
"2168",2168,"J Joukes"
"2169",2169,"G Maehara"
"2170",2170,"R Hess"
"2171",2171,"J Hayes"
"2172",2172,"Y Tai"
"2173",2173,"S Jang"
"2174",2174,"J Sheedy"
"2175",2175,"C Simoncini"
"2176",2176,"L Perrinet"
"2177",2177,"M Lacroix"
"2178",2178,"F Raudies"
"2179",2179,"C Shooner"
"2180",2180,"M Wexler"
"2181",2181,"M Grünau"
"2182",2182,"S Sparapani"
"2183",2183,"R Bastien"
"2184",2184,"T Fukiage"
"2185",2185,"S Gabbard"
"2186",2186,"S Watamaniuk"
"2187",2187,"J Gaudio"
"2188",2188,"T Barnes"
"2189",2189,"T Bloomfield"
"2190",2190,"O Wright"
"2191",2191,"K Kar"
"2192",2192,"C Klink"
"2193",2193,"M Lankheet"
"2194",2194,"R Wezel"
"2195",2195,"J Perrone"
"2196",2196,"A Beckett"
"2197",2197,"S Francis"
"2198",2198,"D Schluppeck"
"2199",2199,"T Donner"
"2200",2200,"R Zhang"
"2201",2201,"J Dubois"
"2202",2202,"C Koch"
"2203",2203,"Z Tan"
"2204",2204,"A Churchland"
"2205",2205,"J Bales"
"2206",2206,"S Zughni"
"2207",2207,"M Dubois"
"2208",2208,"D Poeppel"
"2209",2209,"M Saenz"
"2210",2210,"W Zwaag"
"2211",2211,"J Marques"
"2212",2212,"R Frackowiak"
"2213",2213,"S Clarke"
"2214",2214,"S Costa"
"2215",2215,"J DeSouza"
"2216",2216,"A Kucyi"
"2217",2217,"L Pynn"
"2218",2218,"C Jobst"
"2219",2219,"P Noto"
"2220",2220,"G Keith"
"2221",2221,"U Wolfe"
"2222",2222,"G Legge"
"2223",2223,"A Kalia"
"2224",2224,"M Gori"
"2225",2225,"M Kibbe"
"2226",2226,"B Hu"
"2227",2227,"G Sipe"
"2228",2228,"K Dieter"
"2229",2229,"D Peterzell"
"2230",2230,"B Krause"
"2231",2231,"C Miller"
"2232",2232,"S Kanaya"
"2233",2233,"T Ishiwata"
"2234",2234,"V Billock"
"2235",2235,"B Tsou"
"2236",2236,"N Altieri"
"2237",2237,"M Zannoli"
"2238",2238,"J Cass"
"2239",2239,"D Alais"
"2240",2240,"L Tremblay"
"2241",2241,"A Kennedy"
"2242",2242,"A Nath"
"2243",2243,"S Teng"
"2244",2244,"X Zhou"
"2245",2245,"X Chen"
"2246",2246,"D Mann"
"2247",2247,"S Love"
"2248",2248,"A Cheng"
"2249",2249,"K Petrini"
"2250",2250,"K Dhandhania"
"2251",2251,"R Thomas"
"2252",2252,"C Fiacconi"
"2253",2253,"E Harvey"
"2254",2254,"S Moro"
"2255",2255,"M Ide"
"2256",2256,"C Cabrera"
"2257",2257,"F Yang"
"2258",2258,"S Li"
"2259",2259,"M Popovic"
"2260",2260,"P Berkes"
"2261",2261,"M Lengyel"
"2262",2262,"S Barthelmé"
"2263",2263,"S Nishina"
"2264",2264,"K Shibata"
"2265",2265,"J Bang"
"2266",2266,"G Zaric"
"2267",2267,"J Náñez"
"2268",2268,"M Melnick"
"2269",2269,"M Siegel"
"2270",2270,"R Pedersini"
"2271",2271,"S Bracci"
"2272",2272,"C Cavina-Pratesi"
"2273",2273,"M Ietswaart"
"2274",2274,"A Caramazza"
"2275",2275,"M Peelen"
"2276",2276,"Y Halchenko"
"2277",2277,"J Haxby"
"2278",2278,"R Granger"
"2279",2279,"D Walther"
"2280",2280,"S Bouvier"
"2281",2281,"M Poncet"
"2282",2282,"L Reddy"
"2283",2283,"M Fabre-Thorpe"
"2284",2284,"L Saint-Aubert"
"2285",2285,"F Rémy"
"2286",2286,"N Bacon-Macé"
"2287",2287,"N Vayssière"
"2288",2288,"A Connolly"
"2289",2289,"Y Wu"
"2290",2290,"J Guntupalli"
"2291",2291,"M Simon"
"2292",2292,"A Arslan"
"2293",2293,"J Singer"
"2294",2294,"M Cauchoix"
"2295",2295,"J Madsen"
"2296",2296,"G Kreiman"
"2297",2297,"M Brodeur"
"2298",2298,"G Dion-Lessard"
"2299",2299,"M Chauret"
"2300",2300,"E Dionne-Dostie"
"2301",2301,"T Montreuil"
"2302",2302,"M Lepage"
"2303",2303,"J Folstein"
"2304",2304,"W Gerbino"
"2305",2305,"E Mattaloni"
"2306",2306,"M Hartendorp"
"2307",2307,"A Postma"
"2308",2308,"C Henderson"
"2309",2309,"J McClelland"
"2310",2310,"B Kempster"
"2311",2311,"H Sun"
"2312",2312,"R Gordon"
"2313",2313,"K Torfs"
"2314",2314,"S Panis"
"2315",2315,"R Yao"
"2316",2316,"S Yoo"
"2317",2317,"H Banno"
"2318",2318,"L Suttle"
"2319",2319,"F Soto"
"2320",2320,"E Wasserman"
"2321",2321,"L Sha"
"2322",2322,"R Hammer"
"2323",2323,"O Amir"
"2324",2324,"S Mednick"
"2325",2325,"E McDevitt"
"2326",2326,"M Brady"
"2327",2327,"D Wu"
"2328",2328,"C Camerer"
"2329",2329,"M Mattar"
"2330",2330,"L Magis-Weinberg"
"2331",2331,"K Ehinger"
"2332",2332,"N Twarog"
"2333",2333,"M Tappen"
"2334",2334,"N Horn"
"2335",2335,"P Kang"
"2336",2336,"C Buia"
"2337",2337,"K Tillman"
"2338",2338,"W Schnebelen"
"2339",2339,"S Lebrecht"
"2340",2340,"D Leeds"
"2341",2341,"D Seibert"
"2342",2342,"O Cheung"
"2343",2343,"C Sheldon"
"2344",2344,"M Abegg"
"2345",2345,"C Juan"
"2346",2346,"E Chan"
"2347",2347,"O Baumann"
"2348",2348,"X Du"
"2349",2349,"E Barenholtz"
"2350",2350,"E Daskagianni"
"2351",2351,"M Bravo"
"2352",2352,"H Farid"
"2353",2353,"O Baruch"
"2354",2354,"M Goldsmith"
"2355",2355,"A Cross"
"2356",2356,"T Lourenco"
"2357",2357,"R Laycock"
"2358",2358,"R Dyde"
"2359",2359,"L Harris"
"2360",2360,"A Watson"
"2361",2361,"N Paz"
"2362",2362,"C Tran"
"2363",2363,"S Larsen"
"2364",2364,"I Sofer"
"2365",2365,"D Weinshall"
"2366",2366,"A Wong"
"2367",2367,"C Bukach"
"2368",2368,"W Yuen"
"2369",2369,"S Leung"
"2370",2370,"E Greenspon"
"2371",2371,"L Liu"
"2372",2372,"S Lee"
"2373",2373,"P Bao"
"2374",2374,"D Pantazis"
"2375",2375,"M Davidson"
"2376",2376,"O Felsovalyi"
"2377",2377,"A Trongnetrpunya"
"2378",2378,"X Wang"
"2379",2379,"T Thesen"
"2380",2380,"J Haberman"
"2381",2381,"R Koenig-Robert"
"2382",2382,"R Mruczek"
"2383",2383,"I Loga"
"2384",2384,"C Konen"
"2385",2385,"M Bieniek"
"2386",2386,"Y Hatori"
"2387",2387,"K Sakai"
"2388",2388,"C Tan"
"2389",2389,"T Poggio"
"2390",2390,"D Wyatte"
"2391",2391,"R O'Reilly"
"2392",2392,"C Mullin"
"2393",2393,"L Bourdev"
"2394",2394,"S Maji"
"2395",2395,"N Kriegeskorte"
"2396",2396,"H Nili"
"2397",2397,"C Kanan"
"2398",2398,"G Cottrell"
"2399",2399,"L He"
"2400",2400,"T Zhou"
"2401",2401,"Y Zhuo"
"2402",2402,"L Pierce"
"2403",2403,"G Kountouriotis"
"2404",2404,"N Merat"
"2405",2405,"P Gardner"
"2406",2406,"R Wilkie"
"2407",2407,"M Parade"
"2408",2408,"J Matthis"
"2409",2409,"K Rio"
"2410",2410,"W Warren"
"2411",2411,"G Tao"
"2412",2412,"R Weber"
"2413",2413,"T Yoshizawa"
"2414",2414,"Y Uruno"
"2415",2415,"T Kawahara"
"2416",2416,"H Zhao"
"2417",2417,"D Lessard"
"2418",2418,"J Teves"
"2419",2419,"D Niehorster"
"2420",2420,"B Nguyen"
"2421",2421,"J Cheng"
"2422",2422,"J Billington"
"2423",2423,"D Field"
"2424",2424,"T Bochsler"
"2425",2425,"C Kallie"
"2426",2426,"R Gage"
"2427",2427,"M Chen"
"2428",2428,"A Hackney"
"2429",2429,"M Cinelli"
"2430",2430,"H Harrison"
"2431",2431,"Y Kawashima"
"2432",2432,"K Yamamoto"
"2433",2433,"K Kiya"
"2434",2434,"R Raw"
"2435",2435,"D Owens"
"2436",2436,"A Nalbandian"
"2437",2437,"J Lawrence"
"2438",2438,"T Herlihey"
"2439",2439,"C Charron"
"2440",2440,"C Authié"
"2441",2441,"D Mestre"
"2442",2442,"M Aytekin"
"2443",2443,"N Barnes"
"2444",2444,"P Lieby"
"2445",2445,"H Dennet"
"2446",2446,"J Walker"
"2447",2447,"C McCarthy"
"2448",2448,"N Liu"
"2449",2449,"C Chang"
"2450",2450,"C Siagian"
"2451",2451,"E Chrastil"
"2452",2452,"M Stiels"
"2453",2453,"H Frenz"
"2454",2454,"J Loomis"
"2455",2455,"M Gould"
"2456",2456,"S Helman"
"2457",2457,"B Sullivan"
"2458",2458,"C Rothkopf"
"2459",2459,"D Ballard"
"2460",2460,"E Twedt"
"2461",2461,"T Banton"
"2462",2462,"E Gross"
"2463",2463,"J Zadra"
"2464",2464,"D Proffitt"
"2465",2465,"S Qian"
"2466",2466,"R Abrams"
"2467",2467,"A Schlegel"
"2468",2468,"W Sinnott-Armstrong"
"2469",2469,"T Wheatley"
"2470",2470,"A Roskies"
"2471",2471,"M Vernet"
"2472",2472,"S Bashir"
"2473",2473,"E Robertson"
"2474",2474,"A Pascual-Leone"
"2475",2475,"R Sokoliuk"
"2476",2476,"A Khan"
"2477",2477,"L Pisella"
"2478",2478,"D Henriques"
"2479",2479,"L Thaler"
"2480",2480,"A Butler"
"2481",2481,"K James"
"2482",2482,"I Flatters"
"2483",2483,"P Culmer"
"2484",2484,"A Weightman"
"2485",2485,"P Mon-Williams"
"2486",2486,"D Rosenbaum"
"2487",2487,"C Davoli"
"2488",2488,"V Vo"
"2489",2489,"A Ning"
"2490",2490,"A Bhattacharjee"
"2491",2491,"C Malla"
"2492",2492,"J López-Moliner"
"2493",2493,"A Rossiter"
"2494",2494,"E Brierley"
"2495",2495,"R Lawton"
"2496",2496,"D Narain"
"2497",2497,"R Beers"
"2498",2498,"J Smeets"
"2499",2499,"A Jarvstad"
"2500",2500,"U Hahn"
"2501",2501,"S Rossit"
"2502",2502,"A Mclean"
"2503",2503,"H Zhang"
"2504",2504,"N Daw"
"2505",2505,"T Beck"
"2506",2506,"C Wilke"
"2507",2507,"B Wirxel"
"2508",2508,"D Endres"
"2509",2509,"A Lindner"
"2510",2510,"A Cooper"
"2511",2511,"C Sterling"
"2512",2512,"M Bacon"
"2513",2513,"P Possidente"
"2514",2514,"J Grosbois"
"2515",2515,"D Cheng"
"2516",2516,"E Casserly"
"2517",2517,"T Ganel"
"2518",2518,"E Freud"
"2519",2519,"E Chazut"
"2520",2520,"D Algom"
"2521",2521,"T Zink"
"2522",2522,"R McGlinchey"
"2523",2523,"W Milberg"
"2524",2524,"L Smuskowitz"
"2525",2525,"R Abdollahi"
"2526",2526,"S Prime"
"2527",2527,"P Radulescu"
"2528",2528,"J Adam"
"2529",2529,"M Fisher"
"2530",2530,"U Kleinholdermann"
"2531",2531,"V Franz"
"2532",2532,"Z Ontiveros"
"2533",2533,"N Mejia"
"2534",2534,"P Liebenson"
"2535",2535,"A Lagos"
"2536",2536,"J Pan"
"2537",2537,"R Johnson"
"2538",2538,"L Becker"
"2539",2539,"T Carney"
"2540",2540,"S Ringbauer"
"2541",2541,"P Jeter"
"2542",2542,"J Zhao"
"2543",2543,"N Ngo"
"2544",2544,"R McKendrick"
"2545",2545,"C Mouri"
"2546",2546,"A Chaudhuri"
"2547",2547,"S Fuller"
"2548",2548,"D Lewis"
"2549",2549,"A Schapiro"
"2550",2550,"L Kustner"
"2551",2551,"E Dechter"
"2552",2552,"V Ed"
"2553",2553,"O Kwon"
"2554",2554,"J Swisher"
"2555",2555,"J Jehee"
"2556",2556,"S Ling"
"2557",2557,"D Kang"
"2558",2558,"C Liu"
"2559",2559,"L Chang"
"2560",2560,"E Takahashi"
"2561",2561,"Y Tsai"
"2562",2562,"R Ratcliff"
"2563",2563,"G Orbán"
"2564",2564,"L Likova"
"2565",2565,"M Mei"
"2566",2566,"S Nicholas"
"2567",2567,"J Dobres"
"2568",2568,"A Berard"
"2569",2569,"F Nelli"
"2570",2570,"M Wesner"
