"","id","label"
"1",1,"J Saunders"
"2",2,"D Knill"
"3",3,"G Andersen"
"4",4,"S Hahn"
"5",5,"A Saidpour"
"6",6,"J Crowell"
"7",7,"J Todd"
"8",8,"G Bingham"
"9",9,"F Durgin"
"10",10,"L Fox"
"11",11,"R Kane"
"12",12,"T Ooi"
"13",13,"K May"
"14",14,"P Gunther"
"15",15,"Z He"
"16",16,"A Glennerster"
"17",17,"M Hansard"
"18",18,"A Fitzgibbon"
"19",19,"S Mitroff"
"20",20,"D Simons"
"21",21,"M Beck"
"22",22,"D Levin"
"23",23,"E Vogel"
"24",24,"S Luck"
"25",25,"B Angelone"
"26",26,"J Wayand"
"27",27,"M Silverman"
"28",28,"A Mack"
"29",29,"I Murakami"
"30",30,"K Watanabe"
"31",31,"R Nijhawan"
"32",32,"S Shimojo"
"33",33,"D Eagleman"
"34",34,"T Sejnowski"
"35",35,"G Stoet"
"36",36,"L Snyder"
"37",37,"A Rossi"
"38",38,"N Bichot"
"39",39,"R Desimone"
"40",40,"L Ungerleider"
"41",41,"N Priebe"
"42",42,"C Cassanello"
"43",43,"S Lisberger"
"44",44,"J Droll"
"45",45,"J Bisley"
"46",46,"T Pasternak"
"47",47,"L Bilodeau"
"48",48,"P Cavanagh"
"49",49,"A Lindner"
"50",50,"T Haarmeier"
"51",51,"P Thier"
"52",52,"C Anderson"
"53",53,"C Wu"
"54",54,"K Dobkins"
"55",55,"C Aslin"
"56",56,"R Blake"
"57",57,"M Chun"
"58",58,"J Slemmer"
"59",59,"N Kirkham"
"60",60,"S Johnson"
"61",61,"S Mednick"
"62",62,"D Luskin"
"63",63,"J Cantero"
"64",64,"M Atienza"
"65",65,"K Nakayama"
"66",66,"R Stickgold"
"67",67,"Z Liu"
"68",68,"H Lu"
"69",69,"N Qian"
"70",70,"C Abbey"
"71",71,"M Eckstein"
"72",72,"S Shimozaki"
"73",73,"S Koyama"
"74",74,"A Harner"
"75",75,"T Watanabe"
"76",76,"G Sa'ry"
"77",77,"X Xu"
"78",78,"Y Shostak"
"79",79,"D Royal"
"80",80,"J Schall"
"81",81,"V Casagrande"
"82",82,"P Roelfsema"
"83",83,"H Spekreijse"
"84",84,"V Lamme"
"85",85,"K Zipser"
"86",86,"G Boynton"
"87",87,"J Touryan"
"88",88,"B Lau"
"89",89,"Y Dan"
"90",90,"M Smith"
"91",91,"W Bair"
"92",92,"J Cavanaugh"
"93",93,"J Movshon"
"94",94,"S Yen"
"95",95,"C Gray"
"96",96,"N Rubin"
"97",97,"N Albert"
"98",98,"E Vessel"
"99",99,"I Biederman"
"100",100,"K Lee"
"101",101,"S Subramaniam"
"102",102,"J Koenderink"
"103",103,"A Doorn"
"104",104,"A Kappers"
"105",105,"A Oomes"
"106",106,"C Sauer"
"107",107,"M Braunstein"
"108",108,"Z Bian"
"109",109,"P Sinha"
"110",110,"A Torralba"
"111",111,"R Fleming"
"112",112,"R Dror"
"113",113,"E Adelson"
"114",114,"S Zdravkovic"
"115",115,"A Gilchrist"
"116",116,"F Gosselin"
"117",117,"L Bonnar"
"118",118,"L Paul"
"119",119,"P Schyns"
"120",120,"A Koning"
"121",121,"R Lier"
"122",122,"R Lotto"
"123",123,"D Purves"
"124",124,"M Herzog"
"125",125,"M Fahle"
"126",126,"S Grossberg"
"127",127,"J Hill"
"128",128,"R Murray"
"129",129,"P Bennett"
"130",130,"A Sekuler"
"131",131,"Y Kamitani"
"132",132,"S Chong"
"133",133,"A Treisman"
"134",134,"D Palomo"
"135",135,"S Suzuki"
"136",136,"M Grabowecky"
"137",137,"L Hurvich"
"138",138,"S Shady"
"139",139,"D MacLeod"
"140",140,"A Brown"
"141",141,"D Lindsey"
"142",142,"B Lotto"
"143",143,"T Troscianko"
"144",144,"A Parraga"
"145",145,"D Tolhurst"
"146",146,"P Longere"
"147",147,"J Kraft"
"148",148,"D Brainard"
"149",149,"I Fine"
"150",150,"G Buchsbaum"
"151",151,"D Tailor"
"152",152,"M Caywood"
"153",153,"B Willmore"
"154",154,"T Palmeri"
"155",155,"R Marois"
"156",156,"W Whetsell"
"157",157,"V Ramachandran"
"158",158,"E Hubbard"
"159",159,"D Poggel"
"160",160,"E Kasten"
"161",161,"E Mueller-Oehring"
"162",162,"B Sabel"
"163",163,"A Lleras"
"164",164,"C Moore"
"165",165,"Y Yeshurun"
"166",166,"L Levy"
"167",167,"G Michael"
"168",168,"M Boucart"
"169",169,"J Degreef"
"170",170,"D Leys"
"171",171,"Z Chen"
"172",172,"R Siegel"
"173",173,"R Phinney"
"174",174,"J Turner"
"175",175,"G Jando"
"176",176,"M Carrasco"
"177",177,"F Loula"
"178",178,"D Levi"
"179",179,"S Klein"
"180",180,"S Hariharan"
"181",181,"C Talgar"
"182",182,"P Atchley"
"183",183,"J Grobe"
"184",184,"L Fields"
"185",185,"E Cameron"
"186",186,"J Tai"
"187",187,"P Williams"
"188",188,"P Paul"
"189",189,"D Giaschi"
"190",190,"R Cline"
"191",191,"K Schneider"
"192",192,"D Bavelier"
"193",193,"P Tse"
"194",194,"D Sheinberg"
"195",195,"N Logothetis"
"196",196,"N Tsuchiya"
"197",197,"G Rees"
"198",198,"J Braun"
"199",199,"C Koch"
"200",200,"W Sohn"
"201",201,"Z Vidnyanszky"
"202",202,"E Blaser"
"203",203,"T Papathomas"
"204",204,"D Alais"
"205",205,"S Tsujimura"
"206",206,"Q Zaidi"
"207",207,"A Vecchio"
"208",208,"M Grunau"
"209",209,"J Faubert"
"210",210,"A Rezec"
"211",211,"A Reeves"
"212",212,"S DeCaro"
"213",213,"C Nilson"
"214",214,"K Joneleit"
"215",215,"R Smith"
"216",216,"D Hoffman"
"217",217,"M Nederhouser"
"218",218,"M Mangini"
"219",219,"L Hunt"
"220",220,"C Bassi"
"221",221,"M Young"
"222",222,"E Wasserman"
"223",223,"D Pins"
"224",224,"M Meyer"
"225",225,"F Jack"
"226",226,"M Bravo"
"227",227,"H Farid"
"228",228,"J Wagemans"
"229",229,"S Panis"
"230",230,"J Winter"
"231",231,"H Beeck"
"232",232,"M Graf"
"233",233,"V Coltheart"
"234",234,"S Mondy"
"235",235,"J Moore"
"236",236,"M MacKeben"
"237",237,"P Zaenen"
"238",238,"R Vogels"
"239",239,"Y Takarae"
"240",240,"G Woodman"
"241",241,"S Franconeri"
"242",242,"R Rauschenberger"
"243",243,"S Yantis"
"244",244,"V Maljkovic"
"245",245,"J McCarley"
"246",246,"A Kramer"
"247",247,"C Scialfa"
"248",248,"A Colcombe"
"249",249,"A Leber"
"250",250,"H Egeth"
"251",251,"T Horowitz"
"252",252,"I Thornton"
"253",253,"A Seiffert"
"254",254,"C Folk"
"255",255,"R Remington"
"256",256,"J Lachter"
"257",257,"E Ruthruff"
"258",258,"J Palix"
"259",259,"I Viaud-Delmon"
"260",260,"C Michel"
"261",261,"U Leonards"
"262",262,"L Kontsevich"
"263",263,"A Kristjansson"
"264",264,"D Wang"
"265",265,"B Sheth"
"266",266,"K Yokoi"
"267",267,"K Uchikawa"
"268",268,"N Donnelly"
"269",269,"A Parton"
"270",270,"M Usher"
"271",271,"E Davis"
"272",272,"T Shikano"
"273",273,"S Peterson"
"274",274,"R Keyes"
"275",275,"C Shook"
"276",276,"R Carlson"
"277",277,"S Shomstein"
"278",278,"S Baldassi"
"279",279,"P Verghese"
"280",280,"S Butcher"
"281",281,"A Oliva"
"282",282,"J Wolfe"
"283",283,"Y Ostrovsky"
"284",284,"H Arsenio"
"285",285,"T Sanocki"
"286",286,"E Sellers"
"287",287,"J Mittelstadt"
"288",288,"Y Xu"
"289",289,"R Rensink"
"290",290,"R Cai"
"291",291,"J Schlag"
"292",292,"R Landman"
"293",293,"J Barton"
"294",294,"F Tong"
"295",295,"S Engel"
"296",296,"G Kreiman"
"297",297,"I Fried"
"298",298,"R Gray"
"299",299,"P Vishton"
"300",300,"A Tokuda"
"301",301,"J Cutting"
"302",302,"M Kearns"
"303",303,"W Warren"
"304",304,"M Tarr"
"305",305,"A Duchon"
"306",306,"D Cunningham"
"307",307,"B Kreher"
"308",308,"M Heyde"
"309",309,"H Buelthoff"
"310",310,"W Readinger"
"311",311,"A Chatziastros"
"312",312,"M Harrison"
"313",313,"J Hall"
"314",314,"J Philbeck"
"315",315,"M Grosjean"
"316",316,"J Mordkoff"
"317",317,"T Cohn"
"318",318,"J Han"
"319",319,"K Van"
"320",320,"S Creem"
"321",321,"M Flückiger"
"322",322,"B Baumberger"
"323",323,"A Kopinska"
"324",324,"L Harris"
"325",325,"M Sibigtroth"
"326",326,"M Banks"
"327",327,"J Maonsson"
"328",328,"I Kovacs"
"329",329,"A Lukacs"
"330",330,"A Feher"
"331",331,"M Racsmany"
"332",332,"C Pleh"
"333",333,"W Beaudot"
"334",334,"A Popple"
"335",335,"Z Li"
"336",336,"A Li"
"337",337,"I Motoyoshi"
"338",338,"S Nishida"
"339",339,"T Maddess"
"340",340,"Y Nagai"
"341",341,"J Wilson"
"342",342,"E Switkes"
"343",343,"R Valois"
"344",344,"S Rainville"
"345",345,"W Makous"
"346",346,"A Fuzz"
"347",347,"C Benton"
"348",348,"A Johnston"
"349",349,"P McOwan"
"350",350,"N Scott-Samuel"
"351",351,"R Hess"
"352",352,"J Hupé"
"353",353,"M Lankheet"
"354",354,"H Ashida"
"355",355,"N Yamagishi"
"356",356,"T Meese"
"357",357,"S Anderson"
"358",358,"F Verstraten"
"359",359,"R Wezel"
"360",360,"J Lappin"
"361",361,"D Tadin"
"362",362,"B Gaddy"
"363",363,"S Punzel"
"364",364,"A Yonas"
"365",365,"P Schacter"
"366",366,"I Mukai"
"367",367,"H Hibino"
"368",368,"K Yu"
"369",369,"W Craft"
"370",370,"O Thomas"
"371",371,"B Cumming"
"372",372,"A Parker"
"373",373,"S Zucker"
"374",374,"H Ono"
"375",375,"A Mapp"
"376",376,"I Howard"
"377",377,"C Erkelens"
"378",378,"R Ee"
"379",379,"H Bridge"
"380",380,"K Sobel"
"381",381,"N Ito"
"382",382,"T Sato"
"383",383,"W Adams"
"384",384,"P Mamassian"
"385",385,"F Wichmann"
"386",386,"B Willems"
"387",387,"P Rosas"
"388",388,"L Wilcox"
"389",389,"P Duke"
"390",390,"J Hillis"
"391",391,"B Backus"
"392",392,"M Nolt"
"393",393,"J Forte"
"394",394,"J Peirce"
"395",395,"P Lennie"
"396",396,"L Likova"
"397",397,"C Tyler"
"398",398,"S Lee"
"399",399,"L Stelmach"
"400",400,"B Fajen"
"401",401,"D Belcher"
"402",402,"J Wann"
"403",403,"D Swapp"
"404",404,"P Foo"
"405",405,"B Riecke"
"406",406,"H Bülthoff"
"407",407,"B Stankiewicz"
"408",408,"G Legge"
"409",409,"E Schlicht"
"410",410,"R Dolomount"
"411",411,"S Shankar"
"412",412,"C Ellard"
"413",413,"M Wexler"
"414",414,"I Lamouret"
"415",415,"F Panerai"
"416",416,"J Droulez"
"417",417,"B Bridgeman"
"418",418,"P Thiem"
"419",419,"M McBeath"
"420",420,"T Sugar"
"421",421,"D Shaffer"
"422",422,"J Culham"
"423",423,"J DeSouza"
"424",424,"S Woodward"
"425",425,"Z Kourtzi"
"426",426,"J Gati"
"427",427,"R Menon"
"428",428,"M Goodale"
"429",429,"L Matin"
"430",430,"W Li"
"431",431,"T Hudson"
"432",432,"J Hirsch"
"433",433,"P Neri"
"434",434,"D Heeger"
"435",435,"D Pelli"
"436",436,"M Martelli"
"437",437,"N Majaj"
"438",438,"D Wu"
"439",439,"F Maeda"
"440",440,"K Miller"
"441",441,"A Kayser"
"442",442,"H Brown"
"443",443,"J Allison"
"444",444,"J Samonds"
"445",445,"A Bonds"
"446",446,"X Huang"
"447",447,"S Blau"
"448",448,"M Paradiso"
"449",449,"D Kersten"
"450",450,"P Schrater"
"451",451,"D Somers"
"452",452,"N Kanwisher"
"453",453,"B Ramsden"
"454",454,"C Hung"
"455",455,"A Roe"
"456",456,"J Kawahara"
"457",457,"J Mounts"
"458",458,"B Gavett"
"459",459,"M Buffan"
"460",460,"R VanRullen"
"461",461,"J Saiki"
"462",462,"K Frieder"
"463",463,"C Gottesman"
"464",464,"S Gronlund"
"465",465,"S Most"
"466",466,"E Clifford"
"467",467,"M Dishon-Berkovits"
"468",468,"H Deubel"
"469",469,"B Wesenick"
"470",470,"W Schneider"
"471",471,"E Barenholtz"
"472",472,"J Feldman"
"473",473,"M Lawson"
"474",474,"S Crewther"
"475",475,"P Kiely"
"476",476,"D Crewther"
"477",477,"K Yokosawa"
"478",478,"Y Chiba"
"479",479,"P Khayat"
"480",480,"C Eccelpoel"
"481",481,"K Verfaillie"
"482",482,"J May"
"483",483,"M Flanagan"
"484",484,"T Dobie"
"485",485,"F Visco"
"486",486,"S Stevenson"
"487",487,"H Bedell"
"488",488,"E McSorley"
"489",489,"J Findlay"
"490",490,"W Medendorp"
"491",491,"D Tweed"
"492",492,"J Crawford"
"493",493,"D Liston"
"494",494,"R Krauzlis"
"495",495,"F Germeys"
"496",496,"P Graef"
"497",497,"L Carlson"
"498",498,"E Covell"
"499",499,"T Warapius"
"500",500,"S McFadden"
"501",501,"B Shields"
"502",502,"K Rounsley"
"503",503,"D Aks"
"504",504,"G Zelinsky"
"505",505,"J Sprott"
"506",506,"V Gysen"
"507",507,"P Grove"
"508",508,"H Kaneko"
"509",509,"M Niemeier"
"510",510,"A Dickinson"
"511",511,"J Calton"
"512",512,"J Mulligan"
"513",513,"Y Osada"
"514",514,"Y Nagasaka"
"515",515,"Y Chen"
"516",516,"P Holzman"
"517",517,"J Edelman"
"518",518,"D Melcher"
"519",519,"C Clifford"
"520",520,"D Quinlan"
"521",521,"T Carlson"
"522",522,"S He"
"523",523,"S Gepshtein"
"524",524,"M Kubovy"
"525",525,"D Nichols"
"526",526,"H Hock"
"527",527,"S Kamiya"
"528",528,"T Mihashi"
"529",529,"S Shioiri"
"530",530,"H Yaguchi"
"531",531,"L Gilroy"
"532",532,"L Cormack"
"533",533,"G Geiger"
"534",534,"M Lorusso"
"535",535,"S Pesenti"
"536",536,"A Facoetti"
"537",537,"C Cattaneo"
"538",538,"J Lettvin"
"539",539,"Y Sakano"
"540",540,"W Hairston"
"541",541,"M Wallace"
"542",542,"B Stein"
"543",543,"J Vaughan"
"544",544,"J Schirillo"
"545",545,"N Bruno"
"546",546,"P Bernardis"
"547",547,"V Franz"
"548",548,"D McConnell"
"549",549,"G Grudic"
"550",550,"V Kumar"
"551",551,"P Thompson"
"552",552,"A Dunn"
"553",553,"B Hartung"
"554",554,"N Dill"
"555",555,"P Schiller"
"556",556,"E Tehovnik"
"557",557,"M Sommer"
"558",558,"R Wurtz"
"559",559,"J Wallman"
"560",560,"A Khan"
"561",561,"R Yun"
"562",562,"M Hayhoe"
"563",563,"P Aivar"
"564",564,"R Mruczek"
"565",565,"C Chizk"
"566",566,"D Burr"
"567",567,"J Ross"
"568",568,"M Morrone"
"569",569,"B Beutter"
"570",570,"L Stone"
"571",571,"A Murthy"
"572",572,"K Thompson"
"573",573,"J Connolly"
"574",574,"M Goldberg"
"575",575,"B Gillam"
"576",576,"M Pianta"
"577",577,"B Bacon"
"578",578,"S Prince"
"579",579,"G DeAngelis"
"580",580,"T Uka"
"581",581,"F Qiu"
"582",582,"K Endo"
"583",583,"R Heydt"
"584",584,"J Krauskopf"
"585",585,"P Janssen"
"586",586,"Y Liu"
"587",587,"G Orban"
"588",588,"M Singh"
"589",589,"J Kadt"
"590",590,"B Anderson"
"591",591,"P Beall"
"592",592,"A Herbert"
"593",593,"G Pourtois"
"594",594,"R Rouw"
"595",595,"B Gelder"
"596",596,"I Buelthoff"
"597",597,"F Newell"
"598",598,"R Nagayama"
"599",599,"M Miyatani"
"600",600,"T Toshima"
"601",601,"C Simion"
"602",602,"C Scheier"
"603",603,"E Shimojo"
"604",604,"H Hill"
"605",605,"H Shigemasu"
"606",606,"S Ando"
"607",607,"M Pusch"
"608",608,"J Loomis"
"609",609,"M Palomares"
"610",610,"N Leigh"
"611",611,"P Ekman"
"612",612,"J Buschmann"
"613",613,"N Troje"
"614",614,"K James"
"615",615,"G Humphrey"
"616",616,"T Vilis"
"617",617,"B Corrie"
"618",618,"C Fulton"
"619",619,"R Peters"
"620",620,"F Gabbiani"
"621",621,"J Sadr"
"622",622,"A Dawson"
"623",623,"F Cutzu"
"624",624,"K Thoresz"
"625",625,"F Phillips"
"626",626,"M Voshell"
"627",627,"A Jacobs"
"628",628,"L Walker"
"629",629,"J Malik"
"630",630,"K Macuga"
"631",631,"D Regan"
"632",632,"J Brooks"
"633",633,"D Owens"
"634",634,"R Wilkie"
"635",635,"A Pelah"
"636",636,"A Thurrell"
"637",637,"C Royden"
"638",638,"J Malo"
"639",639,"J Gutierrez"
"640",640,"I Epifanio"
"641",641,"R Gilmore"
"642",642,"M Stine"
"643",643,"K Smith"
"644",644,"K Venkatesh"
"645",645,"M Kehn"
"646",646,"D Klass"
"647",647,"C Peh"
"648",648,"V Cornilleau-Pérès"
"649",649,"L Cheong"
"650",650,"P DeLucia"
"651",651,"M Kaiser"
"652",652,"A Garcia"
"653",653,"B Sweet"
"654",654,"H Ando"
"655",655,"H Zhong"
"656",656,"V Cornilleau-Peres"
"657",657,"M Yeow"
"658",658,"B Dyre"
"659",659,"F Morrow"
"660",660,"J Richman"
"661",661,"D Zikovitz"
"662",662,"M Jenkin"
"663",663,"I Berndt"
"664",664,"E Wascher"
"665",665,"K Goetz"
"666",666,"H Büelthoff"
"667",667,"J Danckert"
"668",668,"N Sharif"
"669",669,"C Caudek"
"670",670,"F Domini"
"671",671,"L Tai"
"672",672,"Z Yang"
"673",673,"N Bocheva"
"674",674,"Q Vuong"
"675",675,"J Chen"
"676",676,"P Skirko"
"677",677,"C Strumpf"
"678",678,"A O'Toole"
"679",679,"D Leopold"
"680",680,"T Vetter"
"681",681,"V Blanz"
"682",682,"J Tanaka"
"683",683,"A Porterfield"
"684",684,"P Martini"
"685",685,"E McKone"
"686",686,"C Liu"
"687",687,"J Lalonde"
"688",688,"A Chaudhuri"
"689",689,"Y Cheng"
"690",690,"B Rossion"
"691",691,"B Knappmeyer"
"692",692,"J Liu"
"693",693,"A Harris"
"694",694,"P Downing"
"695",695,"B Zenger-Landolt"
"696",696,"P Costello"
"697",697,"J Zhuang"
"698",698,"X Hu"
"699",699,"M Saenz"
"700",700,"G Buracas"
"701",701,"H Supèr"
"702",702,"H Scholte"
"703",703,"G Alvarez"
"704",704,"J Jovicich"
"705",705,"L Chang"
"706",706,"T Ernst"
"707",707,"S Hochstein"
"708",708,"M Ahissar"
"709",709,"F Pollick"
"710",710,"V Lestou"
"711",711,"J Ryu"
"712",712,"S Cho"
"713",713,"K Fujimoto"
"714",714,"A Yagi"
"715",715,"H Paterson"
"716",716,"M Giese"
"717",717,"D Jokisch"
"718",718,"P Midford"
"719",719,"M Hyle"
"720",720,"J Raggio"
"721",721,"H Miller"
"722",722,"F Owens"
"723",723,"E Grossman"
"724",724,"M Crognale"
"725",725,"T Takeuchi"
"726",726,"K Valois"
"727",727,"J Hardy"
"728",728,"C Wehrhahn"
"729",729,"H Teufel"
"730",730,"P Hauf"
"731",731,"V Sarris"
"732",732,"M Arlt"
"733",733,"D Arnold"
"734",734,"P Wenderoth"
"735",735,"A Ahumada"
"736",736,"W Krebs"
"737",737,"G Malkoc"
"738",738,"W Alexander"
"739",739,"M Webster"
"740",740,"I Mareschal"
"741",741,"T Uchida"
"742",742,"C Park"
"743",743,"G Schoner"
"744",744,"F Pei"
"745",745,"M Pettet"
"746",746,"A Norcia"
"747",747,"B Pinna"
"748",748,"S Anstis"
"749",749,"D Macleod"
"750",750,"A Wyatt"
"751",751,"J Grossmann"
"752",752,"A Dobbins"
"753",753,"M Disch"
"754",754,"E Hiris"
"755",755,"D Nieman"
"756",756,"E Palmer"
"757",757,"P Kellman"
"758",758,"Y Bonneh"
"759",759,"B Wu"
"760",760,"S Guttman"
"761",761,"M Schulz"
"762",762,"M Rudd"
"763",763,"R Fendrich"
"764",764,"P Corballis"
"765",765,"B Schott"
"766",766,"T Kasai"
"767",767,"T Morotomi"
"768",768,"M Farr"
"769",769,"A O'Connor"
"770",770,"J Kim"
"771",771,"M Peterson"
"772",772,"A Holcombe"
"773",773,"J Norman"
"774",774,"T Wit"
"775",775,"S Pas"
"776",776,"B Rokers"
"777",777,"F Fang"
"778",778,"H Pan"
"779",779,"B Bly"
"780",780,"C Casanova"
"781",781,"D Dumbrava"
"782",782,"K Krug"
"783",783,"J Lorenceau"
"784",784,"P Baudot"
"785",785,"P Series"
"786",786,"S Georges"
"787",787,"M Pananceau"
"788",788,"Y Frégnac"
"789",789,"A Kohn"
"790",790,"L Chukoskie"
"791",791,"Z Williams"
"792",792,"E Eskandar"
"793",793,"J Elfar"
"794",794,"J Assad"
"795",795,"S McKee"
"796",796,"M Smagt"
"797",797,"T Albright"
"798",798,"G Stoner"
"799",799,"L Battelli"
"800",800,"E Fine"
"801",801,"B Tjan"
"802",802,"S Chung"
"803",803,"L Gool"
"804",804,"A Turina"
"805",805,"T Tuytelaars"
"806",806,"N DiPietro"
"807",807,"S Bouret"
"808",808,"A Cate"
"809",809,"P Perona"
"810",810,"M Weber"
"811",811,"M Welling"
"812",812,"A Rodriguez"
"813",813,"F Bonato"
"814",814,"J Cataliotti"
"815",815,"L Paula-Pereira"
"816",816,"T Agostini"
"817",817,"D Daris"
"818",818,"A Galmonte"
"819",819,"D Zavagno"
"820",820,"G Caputo"
"821",821,"S Nundy"
"822",822,"A Shimpi"
"823",823,"M Albert"
"824",824,"E Economou"
"825",825,"J Meng"
"826",826,"J Amati"
"827",827,"J Elder"
"828",828,"R Robilotto"
"829",829,"B Khang"
"830",830,"A Krukowski"
"831",831,"D Ress"
"832",832,"K Hoddinott"
"833",833,"G Henning"
"834",834,"N Hill"
"835",835,"A Gorea"
"836",836,"D Sagi"
"837",837,"M Georgeson"
"838",838,"V Billock"
"839",839,"P Havig"
"840",840,"B Tsou"
"841",841,"S Webster"
"842",842,"J Fiser"
"843",843,"P Bex"
"844",844,"L Spillmann"
"845",845,"W Ehrenstein"
"846",846,"N Toyofuku"
"847",847,"T Carney"
"848",848,"C Yu"
"849",849,"D Lyon"
"850",850,"J Kaas"
"851",851,"A James"
"852",852,"O Schwartz"
"853",853,"E Simoncelli"
"854",854,"A Skoczenski"
"855",855,"A Nelson"
"856",856,"H Surti"
"857",857,"Y Petrov"
"858",858,"Y Sakaguchi"
"859",859,"S Khan"
"860",860,"K Johnston"
"861",861,"B Timney"
"862",862,"J Thaung"
"863",863,"Z Popovic"
"864",864,"M Abrahamsson"
"865",865,"R Sayres"
"866",866,"K Nihei"
"867",867,"T Imada"
"868",868,"R Beer"
"869",869,"J Bremner"
"870",870,"A Slater"
"871",871,"U Mason"
"872",872,"K Foster"
"873",873,"M Landy"
"874",874,"C Fantoni"
"875",875,"W Gerbino"
"876",876,"C Zabai"
"877",877,"F Sgorbissa"
"878",878,"J Triesch"
"879",879,"D Ballard"
"880",880,"R Jacobs"
"881",881,"J Seyama"
"882",882,"V Annan"
"883",883,"J Náñez"
"884",884,"Y Sasaki"
"885",885,"R Aslin"
"886",886,"W Freeman"
"887",887,"E Pasztor"
"888",888,"M Fabre-Thorpe"
"889",889,"S Thorpe"
"890",890,"C Arndt"
"891",891,"J Hache"
"892",892,"J Choplin"
"893",893,"J Huttenlocher"
"894",894,"M Bar"
"895",895,"C Vaitsou"
"896",896,"D Schacter"
"897",897,"K Grill-Spector"
"898",898,"S Lehar"
"899",899,"B Scholl"
"900",900,"P Tremoulet"
"901",901,"L Shams"
"902",902,"T Berger"
"903",903,"M Ernst"
"904",904,"T James"
"905",905,"P Servos"
