"","id","label"
"1",1,"W Zoest"
"2",2,"M Donk"
"3",3,"J Droll"
"4",4,"B Pham"
"5",5,"C Abbey"
"6",6,"M Eckstein"
"7",7,"D Melcher"
"8",8,"A Johnston"
"9",9,"A Stocker"
"10",10,"E Simoncelli"
"11",11,"R Allard"
"12",12,"J Faubert"
"13",13,"J Hedges"
"14",14,"L Bowns"
"15",15,"H Barlow"
"16",16,"S Watamaniuk"
"17",17,"S Heinen"
"18",18,"Y Bonneh"
"19",19,"A Cooperman"
"20",20,"D Sagi"
"21",21,"M Morgan"
"22",22,"J Solomon"
"23",23,"A D'Antona"
"24",24,"S Shevell"
"25",25,"P Verghese"
"26",26,"J Coughlan"
"27",27,"S Park"
"28",28,"S Lee"
"29",29,"M Herzog"
"30",30,"V Duangudom"
"31",31,"G Francis"
"32",32,"F Scharnowski"
"33",33,"J Rüter"
"34",34,"F Hermens"
"35",35,"J Jolij"
"36",36,"T Kammer"
"37",37,"P Guterman"
"38",38,"R Allison"
"39",39,"S Rushton"
"40",40,"M Grünau"
"41",41,"R Zhou"
"42",42,"B Kunz"
"43",43,"S Creem-Regehr"
"44",44,"W Thompson"
"45",45,"D Cowie"
"46",46,"J Atkinson"
"47",47,"O Braddick"
"48",48,"J Cohen"
"49",49,"W Warren"
"50",50,"M Cinelli"
"51",51,"B Rogers"
"52",52,"K Young"
"53",53,"S Tootell"
"54",54,"S Onimaru"
"55",55,"H Shigemasu"
"56",56,"M Kitazaki"
"57",57,"J Katayama"
"58",58,"N Komori"
"59",59,"S Itakura"
"60",60,"J Hanssens"
"61",61,"R Post"
"62",62,"J Campos"
"63",63,"P Freitas"
"64",64,"E Turner"
"65",65,"M Wong"
"66",66,"H Sun"
"67",67,"C Baker"
"68",68,"M Williams"
"69",69,"L Reddy"
"70",70,"L Wald"
"71",71,"G Wiggins"
"72",72,"B Dickerson"
"73",73,"C Triantafyllou"
"74",74,"N Kanwisher"
"75",75,"I Biederman"
"76",76,"M Lescroart"
"77",77,"K Hayworth"
"78",78,"E Louie"
"79",79,"D Bressler"
"80",80,"D Whitney"
"81",81,"T McKeeff"
"82",82,"F Tong"
"83",83,"I Gauthier"
"84",84,"B Muriel"
"85",85,"T Simon"
"86",86,"K Holle"
"87",87,"J Pyles"
"88",88,"J Garcia"
"89",89,"E Grossman"
"90",90,"R Robbins"
"91",91,"D Maurer"
"92",92,"T Lewis"
"93",93,"H Suh"
"94",94,"K Grill-Spector"
"95",95,"J Vinberg"
"96",96,"Q Vuong"
"97",97,"M Graf"
"98",98,"Y Lerner"
"99",99,"B Epshtein"
"100",100,"S Ullman"
"101",101,"R Malach"
"102",102,"A Miskiewicz"
"103",103,"S Buffat"
"104",104,"A Paradis"
"105",105,"J Lorenceau"
"106",106,"G Kreiman"
"107",107,"T Serre"
"108",108,"T Poggio"
"109",109,"R Niimi"
"110",110,"K Yokosawa"
"111",111,"R Beer"
"112",112,"E Krizay"
"113",113,"D MacLeod"
"114",114,"O Joubert"
"115",115,"D Fize"
"116",116,"G Rousselet"
"117",117,"M Fabre-Thorpe"
"118",118,"M Mei"
"119",119,"S Leat"
"120",120,"S MacEvoy"
"121",121,"R Epstein"
"122",122,"W Parker"
"123",123,"J Higgins"
"124",124,"A Feiler"
"125",125,"G Aguirre"
"126",126,"T Konkle"
"127",127,"A Oliva"
"128",128,"T Brady"
"129",129,"L Loschky"
"130",130,"D Simons"
"131",131,"S Smerchek"
"132",132,"E Matz"
"133",133,"B Bilyeu"
"134",134,"L Artman"
"135",135,"C Gottesman"
"136",136,"G Chan"
"137",137,"Y Chang"
"138",138,"M Bravo"
"139",139,"H Farid"
"140",140,"X Chen"
"141",141,"G Zelinsky"
"142",142,"M Neider"
"143",143,"S Brotzen"
"144",144,"S Ghorashi"
"145",145,"V Lollo"
"146",146,"E Skow"
"147",147,"M Peterson"
"148",148,"J Kawahara"
"149",149,"M Beck"
"150",150,"J Trafton"
"151",151,"E Walter"
"152",152,"P Dassonville"
"153",153,"W Boot"
"154",154,"A Kramer"
"155",155,"G Lupyan"
"156",156,"K Sobel"
"157",157,"M Pickard"
"158",158,"S Amster"
"159",159,"A Nagy"
"160",160,"J Hartshorne"
"161",161,"T Vickery"
"162",162,"Y Jiang"
"163",163,"K Steelman"
"164",164,"J McCarley"
"165",165,"C Gerritsen"
"166",166,"A Frischen"
"167",167,"D Smilek"
"168",168,"A Blake"
"169",169,"J Eastwood"
"170",170,"G Shroff"
"171",171,"J Nelsen"
"172",172,"G Reilly"
"173",173,"K Dickerson"
"174",174,"P Gerhardstein"
"175",175,"M Neppi-Modona"
"176",176,"L Strother"
"177",177,"S Shomstein"
"178",178,"M Behrmann"
"179",179,"D Kravitz"
"180",180,"J Hoffman"
"181",181,"M Doran"
"182",182,"J Reiss"
"183",183,"A Albrecht"
"184",184,"A List"
"185",185,"L Robertson"
"186",186,"A Richard"
"187",187,"S Vecera"
"188",188,"A Hollingworth"
"189",189,"I Reppa"
"190",190,"D Fougnie"
"191",191,"M Ho"
"192",192,"S Yeh"
"193",193,"B Stojanoski"
"194",194,"N Al-aidroos"
"195",195,"J Pratt"
"196",196,"M Niemeier"
"197",197,"M Boyd"
"198",198,"B Guenther"
"199",199,"J Brown"
"200",200,"A Roggeveen"
"201",201,"L Ward"
"202",202,"Y Pinto"
"203",203,"C Olivers"
"204",204,"J Theeuwes"
"205",205,"M Mulckhuyse"
"206",206,"D Talsma"
"207",207,"J Benjamins"
"208",208,"H Hogendoorn"
"209",209,"I Hooge"
"210",210,"F Verstraten"
"211",211,"A Hillstrom"
"212",212,"J Wong"
"213",213,"J Lin"
"214",214,"S Franconeri"
"215",215,"J Enns"
"216",216,"G Yovel"
"217",217,"I Bartal"
"218",218,"T Andrews"
"219",219,"M Ewbank"
"220",220,"K Ishibashi"
"221",221,"S Kita"
"222",222,"K Pilz"
"223",223,"H Bülthoff"
"224",224,"R Armann"
"225",225,"I Buelthoff"
"226",226,"I Bülthoff"
"227",227,"C Michel"
"228",228,"B Rossion"
"229",229,"W Hayward"
"230",230,"J Chiao"
"231",231,"N Elms"
"232",232,"C Mondloch"
"233",233,"D Fiset"
"234",234,"B Wagar"
"235",235,"J Tanaka"
"236",236,"F Gosselin"
"237",237,"D Bub"
"238",238,"M Ng"
"239",239,"G Boynton"
"240",240,"I Fine"
"241",241,"R Nakata"
"242",242,"Y Osada"
"243",243,"D Bridge"
"244",244,"Z Li"
"245",245,"M Tsao"
"246",246,"N Bowman"
"247",247,"J Sy"
"248",248,"B Giesbrecht"
"249",249,"J O'Brien"
"250",250,"J Raymond"
"251",251,"Y Isogaya"
"252",252,"K Maruya"
"253",253,"Y Nakajima"
"254",254,"Y Tani"
"255",255,"T Sato"
"256",256,"Y Otsuka"
"257",257,"S Kanazawa"
"258",258,"M Yamaguchi"
"259",259,"H Abdi"
"260",260,"A O'Toole"
"261",261,"E Nakato"
"262",262,"A Midorikawa"
"263",263,"R Kakigi"
"264",264,"O Savina"
"265",265,"A Bergeron"
"266",266,"D Guitton"
"267",267,"M Poletti"
"268",268,"M Rucci"
"269",269,"T Tanner"
"270",270,"R Fleming"
"271",271,"K Dalrymple"
"272",272,"W Bischof"
"273",273,"D Cameron"
"274",274,"J Barton"
"275",275,"A Kingstone"
"276",276,"J Heisz"
"277",277,"D Shore"
"278",278,"J Pospisil"
"279",279,"K Rutan"
"280",280,"J Schirillo"
"281",281,"J Pelz"
"282",282,"C Rothkopf"
"283",283,"C DeAngelis"
"284",284,"D Wismeijer"
"285",285,"R Ee"
"286",286,"C Erkelens"
"287",287,"D Ballard"
"288",288,"S Thorpe"
"289",289,"S Crouzet"
"290",290,"H Kirchner"
"291",291,"J Tse"
"292",292,"T Baker"
"293",293,"S Adler"
"294",294,"L Madelain"
"295",295,"L Champrenaut"
"296",296,"A Chauvin"
"297",297,"D Apthorp"
"298",298,"D Alais"
"299",299,"P Wenderoth"
"300",300,"M Pashkam"
"301",301,"P Cavanagh"
"302",302,"M Bhavaraju"
"303",303,"E Mingolla"
"304",304,"M Ruiz-Ruiz"
"305",305,"J Martinez-Trujillo"
"306",306,"J Greenwood"
"307",307,"M Edwards"
"308",308,"V Armstrong"
"309",309,"M Disch"
"310",310,"K Valois"
"311",311,"Y Yamada"
"312",312,"K Miura"
"313",313,"R Li"
"314",314,"U Polat"
"315",315,"D Bavelier"
"316",316,"C Green"
"317",317,"A Pouget"
"318",318,"P Isola"
"319",319,"N Turk-Browne"
"320",320,"B Scholl"
"321",321,"S Nishina"
"322",322,"A Seitz"
"323",323,"M Kawato"
"324",324,"T Watanabe"
"325",325,"Y Yotsumoto"
"326",326,"Y Sasaki"
"327",327,"M Wenger"
"328",328,"C Kapelewski"
"329",329,"J Eroh"
"330",330,"R Ni"
"331",331,"G Andersen"
"332",332,"P Gerván"
"333",333,"I Kovács"
"334",334,"A Giordano"
"335",335,"M Carrasco"
"336",336,"A Rosenbaum"
"337",337,"N Sulman"
"338",338,"T Sanocki"
"339",339,"E Kimura"
"340",340,"S Abe"
"341",341,"K Goryo"
"342",342,"T Knapen"
"343",343,"J Pearson"
"344",344,"R Blake"
"345",345,"L Dam"
"346",346,"R Mulder"
"347",347,"A Noest"
"348",348,"J Brascamp"
"349",349,"B Berg"
"350",350,"J Boxtel"
"351",351,"J Norman"
"352",352,"H Norman"
"353",353,"K Pattison"
"354",354,"M Taylor"
"355",355,"K Goforth"
"356",356,"C Paffen"
"357",357,"M Naber"
"358",358,"C Clifford"
"359",359,"M Silver"
"360",360,"N Logothetis"
"361",361,"Y Su"
"362",362,"T Ooi"
"363",363,"Z He"
"364",364,"E Bogaert"
"365",365,"J Xu"
"366",366,"T Wallis"
"367",367,"D Arnold"
"368",368,"M Winterbottom"
"369",369,"R Patterson"
"370",370,"B Pierce"
"371",371,"E Yang"
"372",372,"D Zald"
"373",373,"Q Haijiang"
"374",374,"B Backus"
"375",375,"J Burge"
"376",376,"A Girshick"
"377",377,"M Banks"
"378",378,"H Greenwald"
"379",379,"D Knill"
"380",380,"M Ishii"
"381",381,"M Todo"
"382",382,"K Yamashita"
"383",383,"J Gardner"
"384",384,"S Palmer"
"385",385,"G McCormack"
"386",386,"T Lowe"
"387",387,"L Deng"
"388",388,"K Kooij"
"389",389,"S Pas"
"390",390,"H Lu"
"391",391,"A Roe"
"392",392,"E Meirovithz"
"393",393,"U Werner-Reiss"
"394",394,"I Ayzenshtat"
"395",395,"G Saban"
"396",396,"H Slovin"
"397",397,"J Tong"
"398",398,"B Zhang"
"399",399,"J Zheng"
"400",400,"E Smith"
"401",401,"Y Chino"
"402",402,"P Kaskan"
"403",403,"M Baldwin"
"404",404,"J Kaas"
"405",405,"K Kay"
"406",406,"T Naselaris"
"407",407,"J Gallant"
"408",408,"J Schumacher"
"409",409,"C Olman"
"410",410,"T Masquelier"
"411",411,"L Lui"
"412",412,"A Dobiecki"
"413",413,"J Bourne"
"414",414,"M Rosa"
"415",415,"B Bridgeman"
"416",416,"P Jeter"
"417",417,"B Dosher"
"418",418,"S Liu"
"419",419,"D Kim"
"420",420,"S Shimojo"
"421",421,"C Yu"
"422",422,"S Klein"
"423",423,"D Levi"
"424",424,"C Looser"
"425",425,"B Hu"
"426",426,"M Luca"
"427",427,"M Ernst"
"428",428,"B Balas"
"429",429,"P Sinha"
"430",430,"K MacKenzie"
"431",431,"R Murray"
"432",432,"L Wilcox"
"433",433,"A Li"
"434",434,"Q Zaidi"
"435",435,"C Tailby"
"436",436,"N Majaj"
"437",437,"T Movshon"
"438",438,"J Movshon"
"439",439,"D Tadin"
"440",440,"K Grdinovac"
"441",441,"B Hubert-Wallander"
"442",442,"M Spering"
"443",443,"K Gegenfurtner"
"444",444,"C Royden"
"445",445,"M Holloway"
"446",446,"P MacNeilage"
"447",447,"J Butler"
"448",448,"H Buelthoff"
"449",449,"L Appelbaum"
"450",450,"V Vildavski"
"451",451,"M Pettet"
"452",452,"A Wade"
"453",453,"A Norcia"
"454",454,"S Manchin"
"455",455,"R Tootell"
"456",456,"K Devaney"
"457",457,"G Postelnicu"
"458",458,"L Ungerleider"
"459",459,"J Singer"
"460",460,"D Sheinberg"
"461",461,"E Meyers"
"462",462,"C Hung"
"463",463,"D Freedman"
"464",464,"E Miller"
"465",465,"R Rajimehr"
"466",466,"W Vanduffel"
"467",467,"R Rouw"
"468",468,"S Scholte"
"469",469,"B Anderson"
"470",470,"J Cass"
"471",471,"J O'Vari"
"472",472,"M Maertens"
"473",473,"R Shapley"
"474",474,"J Fulvio"
"475",475,"M Singh"
"476",476,"L Maloney"
"477",477,"S McMains"
"478",478,"S Kastner"
"479",479,"K May"
"480",480,"R Hess"
"481",481,"A Horsager"
"482",482,"D Baldauf"
"483",483,"H Deubel"
"484",484,"J Franchak"
"485",485,"K Adolph"
"486",486,"R Wilkie"
"487",487,"K Robertshaw"
"488",488,"J Wann"
"489",489,"M McBeath"
"490",490,"T Sugar"
"491",491,"A Paranjape"
"492",492,"I Dolgov"
"493",493,"W Wang"
"494",494,"K Chajka"
"495",495,"E Vecellio"
"496",496,"M Hayhoe"
"497",497,"B Gillam"
"498",498,"B Stankiewicz"
"499",499,"J Pitts"
"500",500,"M Ramon"
"501",501,"C Schiltz"
"502",502,"C Jacques"
"503",503,"S Afraz"
"504",504,"S Dakin"
"505",505,"D Omigie"
"506",506,"M Meng"
"507",507,"T Cherian"
"508",508,"S Gabrieli"
"509",509,"J Gabrieli"
"510",510,"S Oh"
"511",511,"M Shiffrar"
"512",512,"Y Xu"
"513",513,"M Chun"
"514",514,"G Alvarez"
"515",515,"P Chen"
"516",516,"J Modrkoff"
"517",517,"E Palmer"
"518",518,"M Wert"
"519",519,"T Horowitz"
"520",520,"J Wolfe"
"521",521,"L Itti"
"522",522,"M Yoshida"
"523",523,"D Berg"
"524",524,"T Ikeda"
"525",525,"R Kato"
"526",526,"K Takaura"
"527",527,"T Isa"
"528",528,"C Rasche"
"529",529,"J Monteon"
"530",530,"H Wang"
"531",531,"J Crawford"
"532",532,"S Stevenson"
"533",533,"G Kumar"
"534",534,"A Roorda"
"535",535,"S Stigchel"
"536",536,"E Roy"
"537",537,"I Oruc"
"538",538,"C Ludwig"
"539",539,"I Gilchrist"
"540",540,"S Gowani"
"541",541,"M Levin"
"542",542,"C Fox"
"543",543,"J Park"
"544",544,"D Kerzel"
"545",545,"B Ulmann"
"546",546,"G Diaz"
"547",547,"F Phillips"
"548",548,"B Fajen"
"549",549,"V Interrante"
"550",550,"B Ries"
"551",551,"E O'Rourke"
"552",552,"L Gray"
"553",553,"J Lindquist"
"554",554,"L Anderson"
"555",555,"B Khomut"
"556",556,"M Lappe"
"557",557,"M Jenkin"
"558",558,"L Harris"
"559",559,"M Severson"
"560",560,"E Uc"
"561",561,"J Sparks"
"562",562,"M Rizzo"
"563",563,"D Field"
"564",564,"J Wood"
"565",565,"A Chaparro"
"566",566,"T Carberry"
"567",567,"B Chu"
"568",568,"C Sims"
"569",569,"H Bruggeman"
"570",570,"W Zosh"
"571",571,"C Todd"
"572",572,"D Birchfield"
"573",573,"H Thornburg"
"574",574,"C Ellard"
"575",575,"L Wagar"
"576",576,"M Eller"
"577",577,"N Bruno"
"578",578,"P Bernardis"
"579",579,"G Binsted"
"580",580,"C Ehresman"
"581",581,"M Heath"
"582",582,"D Saucier"
"583",583,"V Franz"
"584",584,"C Hesse"
"585",585,"S Kollath"
"586",586,"J Anderson"
"587",587,"G Bingham"
"588",588,"D Grave"
"589",589,"E Brenner"
"590",590,"J Smeets"
"591",591,"L Tremblay"
"592",592,"S Ishak"
"593",593,"S Watt"
"594",594,"B Keefe"
"595",595,"P Hibbard"
"596",596,"A Khan"
"597",597,"G Blohm"
"598",598,"L Ren"
"599",599,"C Cramer"
"600",600,"L Thaler"
"601",601,"J Todd"
"602",602,"S Wu"
"603",603,"M DalMartello"
"604",604,"B Wu"
"605",605,"R Klatzky"
"606",606,"D Shelton"
"607",607,"G Stetten"
"608",608,"U Wolfe"
"609",609,"J Gray"
"610",610,"A Seydell"
"611",611,"B McCann"
"612",612,"J Trommershäuser"
"613",613,"T Hudson"
"614",614,"X Li"
"615",615,"Z Lu"
"616",616,"B Tjan"
"617",617,"W Chu"
"618",618,"A Torralbo"
"619",619,"D Beck"
"620",620,"J Yang"
"621",621,"D Ts'o"
"622",622,"X Zhang"
"623",623,"J Ferrera"
"624",624,"D Hood"
"625",625,"J Hirsch"
"626",626,"S Ling"
"627",627,"T Liu"
"628",628,"J Serences"
"629",629,"V Ciaramitaro"
"630",630,"A Gee"
"631",631,"A Ipata"
"632",632,"M Goldberg"
"633",633,"A Landau"
"634",634,"M Esterman"
"635",635,"W Prinzmetal"
"636",636,"T Verstynen"
"637",637,"L Shalev"
"638",638,"C Mevorach"
"639",639,"H Allen"
"640",640,"G Humphreys"
"641",641,"F Chua"
"642",642,"M Ismail"
"643",643,"M Pitts"
"644",644,"J Nerger"
"645",645,"C Stalmaster"
"646",646,"J Bolduc-Teasdale"
"647",647,"M Beaupré"
"648",648,"N Robitaille"
"649",649,"M McKerral"
"650",650,"S Boehnke"
"651",651,"P Baldi"
"652",652,"D Munoz"
"653",653,"M Dranias"
"654",654,"D Bullock"
"655",655,"S Grossberg"
"656",656,"C Dickinson"
"657",657,"H Intraub"
"658",658,"K Michod"
"659",659,"M Castelhano"
"660",660,"A Pollatsek"
"661",661,"K Rayner"
"662",662,"A Torralba"
"663",663,"R Fergus"
"664",664,"W Freeman"
"665",665,"Y Fortis-Santiago"
"666",666,"J Fiser"
"667",667,"M Smagt"
"668",668,"T Nijboer"
"669",669,"H Ogmen"
"670",670,"M Aydin"
"671",671,"S Markovic"
"672",672,"A Radonjic"
"673",673,"X Yue"
"674",674,"E Vessel"
"675",675,"W Li"
"676",676,"L Matin"
"677",677,"T Dixon"
"678",678,"E Canga"
"679",679,"S Nikolov"
"680",680,"T Troscianko"
"681",681,"J Noyes"
"682",682,"D Bull"
"683",683,"N Canagarajah"
"684",684,"G Loffler"
"685",685,"D Bennett"
"686",686,"G Gordon"
"687",687,"B Pinna"
"688",688,"N Roach"
"689",689,"B Webb"
"690",690,"P McGraw"
"691",691,"C Tyler"
"692",692,"C Kao"
"693",693,"C Chen"
"694",694,"T Sawada"
"695",695,"Z Pizlo"
"696",696,"S Guidi"
"697",697,"J Peirce"
"698",698,"F Wilkinson"
"699",699,"S Shahjahan"
"700",700,"H Wilson"
"701",701,"J Haushofer"
"702",702,"C Kempgens"
"703",703,"H Orbach"
"704",704,"J Bittner"
"705",705,"B Sullivan"
"706",706,"R Heide"
"707",707,"R Gilmore"
"708",708,"M Walsh"
"709",709,"J Cantlon"
"710",710,"M Libertus"
"711",711,"E Brannon"
"712",712,"K Pelphrey"
"713",713,"M Gori"
"714",714,"M Viva"
"715",715,"G Sandini"
"716",716,"D Burr"
"717",717,"L Murray-Kolb"
"718",718,"J Lee"
"719",719,"R Kruk"
"720",720,"N Taylor"
"721",721,"L Jakobson"
"722",722,"J Zosh"
"723",723,"L Feigenson"
"724",724,"J Halberda"
"725",725,"D Boutin"
"726",726,"D Ellemberg"
"727",727,"R Carmi"
"728",728,"P Tseng"
"729",729,"I Cameron"
"730",730,"J Fischer"
"731",731,"S Leh"
"732",732,"M Chakravarty"
"733",733,"A Ptito"
"734",734,"P Radoeva"
"735",735,"G Iaria"
"736",736,"S Robbins"
"737",737,"M Petrides"
"738",738,"K Hansen"
"739",739,"J Hodsoll"
"740",740,"A Amor"
"741",741,"E Vaucher"
"742",742,"Y Masuda"
"743",743,"S Nakadomari"
"744",744,"S Dumoulin"
"745",745,"S Cheung"
"746",746,"A Furuta"
"747",747,"K Kitahara"
"748",748,"B Wandell"
"749",749,"J Pinto"
"750",750,"K Hornby"
"751",751,"D Jones"
"752",752,"K Murphy"
"753",753,"A James"
"754",754,"X Goh"
"755",755,"S Vanni"
"756",756,"T Erlenmeyer"
"757",757,"J Ales"
"758",758,"T Carney"
"759",759,"S Allred"
"760",760,"D Brainard"
"761",761,"H Boyaci"
"762",762,"F Fang"
"763",763,"S Murray"
"764",764,"D Kersten"
"765",765,"K Hamburger"
"766",766,"A Shapiro"
"767",767,"A Robinson"
"768",768,"P Hammon"
"769",769,"V Sa"
"770",770,"J Salant"
"771",771,"S Thomas"
"772",772,"T Fukuya"
"773",773,"K Uchikawa"
"774",774,"E Anderson"
"775",775,"G Rees"
"776",776,"H Horiguchi"
"777",777,"K Asakawa"
"778",778,"T Abe"
"779",779,"S Kan"
"780",780,"M Misaki"
"781",781,"S Miyauchi"
"782",782,"K Murray"
"783",783,"M Pereverzeva"
"784",784,"R Marino"
"785",785,"R Levy"
"786",786,"P Lovell"
"787",787,"D Tolhurst"
"788",788,"M To"
"789",789,"J Brooks"
"790",790,"R Tyrrell"
"791",791,"B Stephens"
"792",792,"A Martin"
"793",793,"B Manger"
"794",794,"N Klein"
"795",795,"P Tyler"
"796",796,"Y Miller"
"797",797,"A Hilpert"
"798",798,"A Haun"
"799",799,"E Essock"
"800",800,"P Huang"
"801",801,"S Govenlock"
"802",802,"P Bennett"
"803",803,"A Sekuler"
"804",804,"M Kramer"
"805",805,"L Olzak"
"806",806,"I Kurki"
"807",807,"A Hyvärinen"
"808",808,"J Saarinen"
"809",809,"J Gold"
"810",810,"B Conrey"
"811",811,"A Eidels"
"812",812,"V Manahilov"
"813",813,"J Calvert"
"814",814,"W Simpson"
"815",815,"J Medina"
"816",816,"T Meese"
"817",817,"K Mullen"
"818",818,"T Saarela"
"819",819,"R Aguirre"
"820",820,"J Barraza"
"821",821,"E Colombo"
"822",822,"M Katkov"
"823",823,"M Tsodyks"
"824",824,"S Joo"
"825",825,"S Chong"
"826",826,"T Czuba"
"827",827,"S Wolfson"
"828",828,"N Graham"
"829",829,"D McGovern"
"830",830,"K Simmons"
"831",831,"F Durgin"
"832",832,"K McDermott"
"833",833,"S Sharma"
"834",834,"M Webster"
"835",835,"C Ziemer"
"836",836,"J Plumert"
"837",837,"J Cremer"
"838",838,"J Kearney"
"839",839,"S Haber"
"840",840,"N Ballardini"
"841",841,"P Smith"
"842",842,"L McLin"
"843",843,"L Barnes"
"844",844,"E Vul"
"845",845,"E Shubel"
"846",846,"E Gheorghiu"
"847",847,"F Kingdom"
"848",848,"I Legault"
"849",849,"A Zotov"
"850",850,"J Grossmann"
"851",851,"A Dobbins"
"852",852,"D Wu"
"853",853,"N Halelamien"
"854",854,"F Hoeft"
"855",855,"J Wede"
"856",856,"D VanHorn"
"857",857,"R Weil"
"858",858,"J Kilner"
"859",859,"J Haynes"
"860",860,"V Wykes"
"861",861,"D Richters"
"862",862,"R Eskew"
"863",863,"J Hong"
"864",864,"M Akagi"
"865",865,"T Imura"
"866",866,"M Tomonaga"
"867",867,"S Nadeem"
"868",868,"K Ozkan"
"869",869,"M Braunstein"
"870",870,"J Stefanucci"
"871",871,"J Storbeck"
"872",872,"A Doorn"
"873",873,"J Koenderink"
"874",874,"A Kappers"
"875",875,"M Doumen"
"876",876,"M Riley"
"877",877,"K Kelly"
"878",878,"T Martin"
"879",879,"K Huxlin"
"880",880,"M Suzuki"
"881",881,"K Uehira"
"882",882,"J Witt"
"883",883,"S Linkenauger"
"884",884,"J Bakdash"
"885",885,"D Proffitt"
"886",886,"J Zettel"
"887",887,"T Vilis"
"888",888,"J Culham"
"889",889,"D Crawford"
"890",890,"M Vesia"
"891",891,"D Henriques"
"892",892,"X Yan"
"893",893,"L Sergio"
"894",894,"A Karnik"
"895",895,"B Heider"
"896",896,"R Siegel"
"897",897,"P Fattori"
"898",898,"R Breveglieri"
"899",899,"N Marzocchi"
"900",900,"D Filippini"
"901",901,"C Galletti"
"902",902,"J Song"
"903",903,"R McPeek"
"904",904,"N Takahashi"
"905",905,"T Chong"
"906",906,"R Cunnington"
"907",907,"J Mattingley"
"908",908,"C Broderick"
"909",909,"D Striemer"
"910",910,"S Sparling"
"911",911,"K Murtha"
"912",912,"J Corbett"
"913",913,"D Stewart"
"914",914,"J Danckert"
"915",915,"R Dyde"
"916",916,"F Filimon"
"917",917,"J Nelson"
"918",918,"M Sereno"
"919",919,"P Grove"
"920",920,"K Sakurai"
"921",921,"L Iordanescu"
"922",922,"M Grabowecky"
"923",923,"S Suzuki"
"924",924,"R Kim"
"925",925,"L Shams"
"926",926,"M Schutz"
"927",927,"M Kubovy"
"928",928,"S Serwe"
"929",929,"K Drewing"
"930",930,"L Stephen"
"931",931,"K Andrej"
"932",932,"E Graf"
"933",933,"W Adams"
"934",934,"S Bouzit"
"935",935,"P O'Herron"
"936",936,"R Heydt"
"937",937,"L Likova"
"938",938,"R Rosenholtz"
"939",939,"N Twarog"
"940",940,"M Wattenberg"
"941",941,"Y Ostrovsky"
"942",942,"J Wulff"
"943",943,"J DeSouza"
"944",944,"K Shen"
"945",945,"M Paré"
"946",946,"P Tse"
"947",947,"F Baumgartner"
"948",948,"M Greenlee"
"949",949,"F Hamker"
"950",950,"M Zirnsak"
"951",951,"J Mulligan"
"952",952,"B White"
"953",953,"J George"
"954",954,"X Yao"
"955",955,"S Harrison"
"956",956,"Y Kamitani"
"957",957,"J Dewey"
"958",958,"W Geisler"
"959",959,"D Albrecht"
"960",960,"A Crane"
"961",961,"W Jermakowicz"
"962",962,"I Khaytin"
"963",963,"C Madison"
"964",964,"Z Zhou"
"965",965,"M Bernard"
"966",966,"A Bonds"
"967",967,"V Casagrande"
"968",968,"S Yen"
"969",969,"J Baker"
"970",970,"C Gray"
"971",971,"A Yazdanbakhsh"
"972",972,"M Livingstone"
"973",973,"S Teng"
"974",974,"J Cant"
"975",975,"S Arnott"
"976",976,"M Goodale"
"977",977,"J Freeman"
"978",978,"D Pelli"
"979",979,"S Gorlin"
"980",980,"J Sharma"
"981",981,"H Sugihara"
"982",982,"M Sur"
"983",983,"C Konen"
"984",984,"Z Liu"
"985",985,"G Wallis"
"986",986,"N Williams"
"987",987,"T McKeef"
"988",988,"A Ahumada"
"989",989,"L Scharff"
"990",990,"A Holcombe"
"991",991,"P Bex"
"992",992,"R Watt"
"993",993,"A Nandy"
"994",994,"K Tillman"
"995",995,"M Su"
"996",996,"T Berger"
"997",997,"D Liston"
"998",998,"R Krauzlis"
"999",999,"A Falkner"
"1000",1000,"B Krishna"
"1001",1001,"C Hussar"
"1002",1002,"T Pasternak"
"1003",1003,"F Qiu"
"1004",1004,"L Thomas"
"1005",1005,"A Lleras"
"1006",1006,"S Most"
"1007",1007,"J Jungé"
"1008",1008,"T Gersch"
"1009",1009,"E Kowler"
"1010",1010,"B Schnitzer"
"1011",1011,"M Berryhill"
"1012",1012,"I Olson"
"1013",1013,"H Zhang"
"1014",1014,"Y Xuan"
"1015",1015,"X Fu"
"1016",1016,"E Awh"
"1017",1017,"B Barton"
"1018",1018,"E Vogel"
"1019",1019,"I Rasmussen"
"1020",1020,"J Fecteau"
"1021",1021,"P Thompson"
"1022",1022,"G Papadopoulou"
"1023",1023,"E Vassilou"
"1024",1024,"M Falconbridge"
"1025",1025,"S Engel"
"1026",1026,"M Chaumon"
"1027",1027,"V Drouet"
"1028",1028,"D Schwartz"
"1029",1029,"C Tallon-Baudry"
"1030",1030,"M Kwon"
"1031",1031,"A Cheong"
"1032",1032,"G Legge"
"1033",1033,"S He"
"1034",1034,"C Or"
"1035",1035,"J Elder"
"1036",1036,"C Chubb"
"1037",1037,"M Landy"
"1038",1038,"S Chung"
"1039",1039,"L Hsu"
"1040",1040,"P Kramer"
"1041",1041,"P Kang"
"1042",1042,"R St.Clair"
"1043",1043,"S Hong"
"1044",1044,"A Pastukhov"
"1045",1045,"J Braun"
"1046",1046,"A Shpiro"
"1047",1047,"R Moreno-Bote"
"1048",1048,"J Rinzel"
"1049",1049,"N Rubin"
"1050",1050,"S Veser"
"1051",1051,"U Roeber"
"1052",1052,"E Schröger"
"1053",1053,"R Bannerman"
"1054",1054,"M Milders"
"1055",1055,"B Gelder"
"1056",1056,"A Sahraie"
"1057",1057,"O Carter"
"1058",1058,"D Devyatko"
"1059",1059,"A Bruno"
"1060",1060,"J Lopez-Moliner"
"1061",1061,"D Linares"
"1062",1062,"B Spehar"
"1063",1063,"P Mamassian"
"1064",1064,"A Gorea"
"1065",1065,"A Nowik"
"1066",1066,"P Ja'kowski"
"1067",1067,"F Ono"
"1068",1068,"K Chen"
"1069",1069,"H You"
"1070",1070,"M Terao"
"1071",1071,"J Watanabe"
"1072",1072,"A Yagi"
"1073",1073,"S Nishida"
"1074",1074,"K Langley"
"1075",1075,"J Fahrenfort"
"1076",1076,"H Scholte"
"1077",1077,"V Lamme"
"1078",1078,"A Clarke"
"1079",1079,"S Rainville"
"1080",1080,"Y El-Shamayleh"
"1081",1081,"A Kohn"
"1082",1082,"L Kiorpes"
"1083",1083,"C Stockdale"
"1084",1084,"T Ledgeway"
"1085",1085,"C Aaen-Stockdale"
"1086",1086,"M Aghdaee"
"1087",1087,"A Huk"
"1088",1088,"C Magnussen"
"1089",1089,"K Amano"
"1090",1090,"D Badcock"
"1091",1091,"L Stevens"
"1092",1092,"Y Chai"
"1093",1093,"B Farell"
"1094",1094,"A Meso"
"1095",1095,"J Zanker"
"1096",1096,"S Durant"
"1097",1097,"M Michna"
"1098",1098,"A Montagnini"
"1099",1099,"L Perrinet"
"1100",1100,"G Masson"
"1101",1101,"V Sampath"
"1102",1102,"G Stoner"
"1103",1103,"K Dobkins"
"1104",1104,"J Bower"
"1105",1105,"P Cardoso-Leite"
"1106",1106,"S Lin"
"1107",1107,"C Wu"
"1108",1108,"B Mohler"
"1109",1109,"M Nardini"
"1110",1110,"T Ahmed"
"1111",1111,"E Swain"
"1112",1112,"P Bulakowski"
"1113",1113,"M Nguyen"
"1114",1114,"J Foley"
"1115",1115,"A Seiffert"
"1116",1116,"G Buckingham"
"1117",1117,"D Carey"
"1118",1118,"L Brown"
"1119",1119,"E Wilson"
"1120",1120,"P Gribble"
"1121",1121,"K Oka"
"1122",1122,"T Miura"
"1123",1123,"A Woods"
"1124",1124,"J Philbeck"
"1125",1125,"L Sally"
"1126",1126,"W Jessica"
"1127",1127,"B Jonathon"
"1128",1128,"P Dennis"
"1129",1129,"J Zadra"
"1130",1130,"S Gaal"
"1131",1131,"K Ridderinkhof"
"1132",1132,"W Wildenberg"
"1133",1133,"T Schmidt"
"1134",1134,"N Vath"
"1135",1135,"H Gomi"
"1136",1136,"T Kimura"
"1137",1137,"K Eastman"
"1138",1138,"K Valyear"
"1139",1139,"J Almeida"
"1140",1140,"B Mahon"
"1141",1141,"A Caramazza"
"1142",1142,"S Stevens"
"1143",1143,"K Heinen"
"1144",1144,"C Ruff"
"1145",1145,"S Bestmann"
"1146",1146,"F Blankenburg"
"1147",1147,"J Driver"
"1148",1148,"B Schenkluhn"
"1149",1149,"O Bjoertomt"
"1150",1150,"V Walsh"
"1151",1151,"C Chambers"
"1152",1152,"M Sarri"
"1153",1153,"E Ester"
"1154",1154,"I Korjoukov"
"1155",1155,"P Roelfsema"
"1156",1156,"F Poirier"
"1157",1157,"M Arguin"
"1158",1158,"W Chou"
"1159",1159,"A Puri"
"1160",1160,"C Ranganath"
"1161",1161,"G West"
"1162",1162,"B Ben-David"
"1163",1163,"K Halvorson"
"1164",1164,"E Hazeltine"
"1165",1165,"J Mounts"
"1166",1166,"M Scolari"
"1167",1167,"A Kohnen"
"1168",1168,"J Still"
"1169",1169,"V Dark"
"1170",1170,"D Parkhurst"
"1171",1171,"R Marois"
"1172",1172,"U Weger"
"1173",1173,"E Hein"
"1174",1174,"C Moore"
"1175",1175,"T VanVleet"
"1176",1176,"Y Ho"
"1177",1177,"I Motoyoshi"
"1178",1178,"T Nishizawa"
"1179",1179,"M Bloj"
"1180",1180,"D Connah"
"1181",1181,"G Finlayson"
"1182",1182,"K Ohla"
"1183",1183,"T Gruber"
"1184",1184,"M Müller"
"1185",1185,"T Hansen"
"1186",1186,"S Naito"
"1187",1187,"N Kato"
"1188",1188,"Y Lin"
"1189",1189,"S Belmore"
"1190",1190,"K Doerschner"
"1191",1191,"H Gerhard"
"1192",1192,"R Khan"
"1193",1193,"M Olkkonen"
"1194",1194,"E Fonteneau"
"1195",1195,"J Davidoff"
"1196",1196,"K Schloss"
"1197",1197,"D Simmons"
"1198",1198,"K Asher"
"1199",1199,"T Cooke"
"1200",1200,"C Wallraven"
"1201",1201,"M Potter"
"1202",1202,"R Pandav"
"1203",1203,"B Wyble"
"1204",1204,"T Menneer"
"1205",1205,"M Auckland"
"1206",1206,"N Donnelly"
"1207",1207,"K Cave"
"1208",1208,"C Ngo"
"1209",1209,"L Gantz"
"1210",1210,"R Harwerth"
"1211",1211,"C Thurston"
"1212",1212,"A Vavassis"
"1213",1213,"M Michel"
"1214",1214,"R Jacobs"
"1215",1215,"C Huang"
"1216",1216,"Y Zhou"
"1217",1217,"L McKay"
"1218",1218,"P McAleer"
"1219",1219,"F Pollick"
"1220",1220,"R Marszalek"
"1221",1221,"E Hiris"
"1222",1222,"H Leech"
"1223",1223,"G White"
"1224",1224,"S Thurman"
"1225",1225,"A Hunt"
"1226",1226,"F Halper"
"1227",1227,"P Szego"
"1228",1228,"M Rutherford"
"1229",1229,"D Chang"
"1230",1230,"N Troje"
"1231",1231,"D Saunders"
"1232",1232,"J Suchan"
"1233",1233,"A Halevina"
"1234",1234,"K Williamson"
"1235",1235,"B Thompson"
"1236",1236,"B Hansen"
"1237",1237,"A Piotrowski"
"1238",1238,"A Freire"
"1239",1239,"M Kaiser"
"1240",1240,"L Battelli"
"1241",1241,"I Thornton"
"1242",1242,"K Olson"
"1243",1243,"E Wickelgren"
"1244",1244,"S Fitzhugh"
"1245",1245,"T Shipley"
"1246",1246,"P Marshall"
"1247",1247,"A Saygin"
"1248",1248,"I Everdell"
"1249",1249,"H Marsh"
"1250",1250,"M Yurick"
"1251",1251,"K Munhall"
"1252",1252,"M Pare"
"1253",1253,"J Hsiao"
"1254",1254,"G Cottrell"
"1255",1255,"F Berisha"
"1256",1256,"P McOwan"
"1257",1257,"C Paras"
"1258",1258,"S Webster"
"1259",1259,"M Nagai"
"1260",1260,"C Gaspar"
"1261",1261,"D Carbone"
"1262",1262,"M Nara"
"1263",1263,"H Ishii"
"1264",1264,"T Kumada"
"1265",1265,"I Fortin"
"1266",1266,"P Schyns"
"1267",1267,"Y Konar"
"1268",1268,"A Heering"
"1269",1269,"C Turati"
"1270",1270,"F Simion"
"1271",1271,"P Pallett"
"1272",1272,"S Johnston"
"1273",1273,"K Shapiro"
"1274",1274,"O Cheung"
"1275",1275,"J Richler"
"1276",1276,"T Palmeri"
"1277",1277,"M Mack"
"1278",1278,"E Twedt"
"1279",1279,"N Schwartz"
"1280",1280,"S Chang"
"1281",1281,"M Crawford"
"1282",1282,"A Sekunova"
"1283",1283,"P Costello"
"1284",1284,"C Éthier-Majcher"
"1285",1285,"C Blais"
"1286",1286,"Y Coello"
"1287",1287,"A Bartolo"
"1288",1288,"A Weisbecker"
"1289",1289,"S Crewther"
"1290",1290,"R Laycock"
"1291",1291,"P Fitzgerald"
"1292",1292,"D Crewther"
"1293",1293,"L Glezer"
"1294",1294,"X Jiang"
"1295",1295,"M Riesenhuber"
"1296",1296,"D Yu"
"1297",1297,"D Gerold"
"1298",1298,"H Park"
"1299",1299,"J Bernard"
"1300",1300,"A Scherlen"
"1301",1301,"F Vitu-Thibault"
"1302",1302,"E Castet"
"1303",1303,"S Song"
"1304",1304,"J Ferwerda"
"1305",1305,"B Rehon"
"1306",1306,"T Lawton"
"1307",1307,"F Florer"
"1308",1308,"J Lampkin"
"1309",1309,"E Lawrence"
"1310",1310,"V Pardieu"
"1311",1311,"K Lu"
"1312",1312,"J Jovancevic"
"1313",1313,"G Sterns"
"1314",1314,"V Arena"
"1315",1315,"A Finlay"
"1316",1316,"B Thurin"
"1317",1317,"B Woll"
"1318",1318,"D Poggel"
"1319",1319,"B Treutwein"
"1320",1320,"B Sabel"
"1321",1321,"H Strasburger"
"1322",1322,"J Castronovo"
"1323",1323,"X Seron"
"1324",1324,"F Farzin"
"1325",1325,"R Hagerman"
"1326",1326,"S Rivera"
"1327",1327,"J Carriere"
"1328",1328,"K Malcolmson"
"1329",1329,"D Kwan"
"1330",1330,"M Reynolds"
"1331",1331,"L Vaux"
"1332",1332,"R Adams"
"1333",1333,"J Drover"
"1334",1334,"M Courage"
"1335",1335,"E Shin"
"1336",1336,"X Wan"
"1337",1337,"M Fabiani"
"1338",1338,"G Gratton"
"1339",1339,"B Levinthal"
"1340",1340,"H Chu"
"1341",1341,"Y Tsushima"
"1342",1342,"A White"
"1343",1343,"L Langley"
"1344",1344,"N Gayzur"
"1345",1345,"A Vivas"
"1346",1346,"L Fuentes"
"1347",1347,"A Saville"
"1348",1348,"K Stavros"
"1349",1349,"D Birtles"
"1350",1350,"J Wattam-Bell"
"1351",1351,"A Wilkinson"
"1352",1352,"R Bosworth"
"1353",1353,"J McCleery"
"1354",1354,"M Palomares"
"1355",1355,"B Landau"
"1356",1356,"H Egeth"
"1357",1357,"A Yonas"
"1358",1358,"C Granrud"
"1359",1359,"M Le"
"1360",1360,"K Forsyth"
"1361",1361,"J Yoon"
"1362",1362,"J Winawer"
"1363",1363,"N Wittoft"
"1364",1364,"E Markman"
"1365",1365,"M Giese"
"1366",1366,"M Gleicher"
"1367",1367,"J Vangeneugden"
"1368",1368,"R Vogels"
"1369",1369,"C Roether"
"1370",1370,"L Omlor"
"1371",1371,"J Smith"
"1372",1372,"E Knight"
"1373",1373,"M Albert"
"1374",1374,"A Gilchrist"
"1375",1375,"M Rudd"
"1376",1376,"D Attewell"
"1377",1377,"R Baddeley"
"1378",1378,"D Lindsey"
"1379",1379,"A Brown"
"1380",1380,"F Jäkel"
"1381",1381,"A Brouwer"
"1382",1382,"P Battaglia"
"1383",1383,"P Schrater"
"1384",1384,"M Veerman"
"1385",1385,"C Chapman"
"1386",1386,"S Rossit"
"1387",1387,"R McIntosh"
"1388",1388,"S Butler"
"1389",1389,"M Harvey"
"1390",1390,"K Nakayama"
"1391",1391,"M Finkbeiner"
"1392",1392,"E McKone"
"1393",1393,"F Jiang"
"1394",1394,"V Blanz"
"1395",1395,"A Harris"
"1396",1396,"R Jack"
"1397",1397,"C Scheepers"
"1398",1398,"R Caldara"
"1399",1399,"D Droucker"
"1400",1400,"B Schneider"
"1401",1401,"J DeLong"
"1402",1402,"D Wyatte"
"1403",1403,"K James"
"1404",1404,"T Busey"
"1405",1405,"J Golomb"
"1406",1406,"J Mazer"
"1407",1407,"M Adamo"
"1408",1408,"C Pun"
"1409",1409,"S Ferber"
"1410",1410,"T Drew"
"1411",1411,"M Tombu"
"1412",1412,"W Shim"
"1413",1413,"T Handy"
"1414",1414,"J Comerford"
"1415",1415,"F Thorn"
"1416",1416,"E Garland"
"1417",1417,"Z Zhang"
"1418",1418,"C Schor"
"1419",1419,"L Renninger"
"1420",1420,"S Barthelmé"
"1421",1421,"H Galperin"
"1422",1422,"E Gregory"
"1423",1423,"M McCloskey"
"1424",1424,"N Matthews"
"1425",1425,"K Cox"
"1426",1426,"A Caspi"
"1427",1427,"M McMahon"
"1428",1428,"R Iovin"
"1429",1429,"F Santini"
"1430",1430,"Y Kim"
"1431",1431,"L Liu"
"1432",1432,"J Zhang"
"1433",1433,"Y Petrov"
"1434",1434,"A Popple"
"1435",1435,"S McKee"
"1436",1436,"K Cha"
"1437",1437,"A Sterkin"
"1438",1438,"O Yehezkel"
"1439",1439,"H Im"
"1440",1440,"I Pepperberg"
"1441",1441,"J Vicinay"
"1442",1442,"P Dux"
"1443",1443,"C Asplund"
"1444",1444,"B Keane"
"1445",1445,"P Kellman"
"1446",1446,"C Elwell"
"1447",1447,"E Roudaia"
"1448",1448,"M Hamel"
"1449",1449,"J Dannemiller"
"1450",1450,"B Dillenburger"
"1451",1451,"H Lee"
"1452",1452,"H Unuma"
"1453",1453,"H Hasegawa"
"1454",1454,"R Nelson"
"1455",1455,"J Thierman"
"1456",1456,"P Penna"
"1457",1457,"S Hawley"
"1458",1458,"J Feldman"
"1459",1459,"S Shah"
"1460",1460,"A Flevaris"
"1461",1461,"S Bentin"
"1462",1462,"L Troup"
"1463",1463,"B Draper"
"1464",1464,"E Catellier"
"1465",1465,"A Burkhardt"
"1466",1466,"J Husk"
"1467",1467,"M Sergi"
"1468",1468,"T Gora"
"1469",1469,"L Ge"
"1470",1470,"Z Wang"
"1471",1471,"J Tian"
"1472",1472,"L Carver"
"1473",1473,"K Lee"
"1474",1474,"R Farivar"
"1475",1475,"J Hegdé"
"1476",1476,"S Thompson"
"1477",1477,"V Goffaux"
"1478",1478,"B Sorger"
"1479",1479,"R Goebel"
"1480",1480,"L Dricot"
"1481",1481,"J Steeves"
"1482",1482,"H Goltz"
"1483",1483,"J Peters"
"1484",1484,"A Milner"
"1485",1485,"E Mayer"
"1486",1486,"R Russell"
"1487",1487,"B Duchaine"
"1488",1488,"C Waite"
"1489",1489,"R Hefter"
"1490",1490,"I Aharon"
"1491",1491,"C Conway"
"1492",1492,"B Jones"
"1493",1493,"A Little"
"1494",1494,"L DeBruine"
"1495",1495,"J Wilder"
"1496",1496,"W Schoonveld"
"1497",1497,"Z Jin"
"1498",1498,"A Reeves"
"1499",1499,"C Masciocchi"
"1500",1500,"D Souto"
"1501",1501,"C Kaul"
"1502",1502,"N Lavie"
"1503",1503,"H Knapp"
"1504",1504,"T Carlson"
"1505",1505,"R VanRullen"
"1506",1506,"L Jingling"
"1507",1507,"L Zhaoping"
"1508",1508,"J Boyer"
"1509",1509,"J Highsmith"
"1510",1510,"Z Santiago"
"1511",1511,"M Crognale"
"1512",1512,"N Busch"
"1513",1513,"I Fruend"
"1514",1514,"C Herrmann"
"1515",1515,"M Becker"
"1516",1516,"S Vera"
"1517",1517,"M Ichikawa"
"1518",1518,"D Loach"
"1519",1519,"I Harris"
"1520",1520,"D Wilson"
"1521",1521,"K Muir"
"1522",1522,"I Reeves"
"1523",1523,"Z Kaldy"
"1524",1524,"E Blaser"
"1525",1525,"S Mitroff"
"1526",1526,"S Wang"
"1527",1527,"M Ambinder"
"1528",1528,"P Pearson"
"1529",1529,"S Smart"
"1530",1530,"N Carlisle"
"1531",1531,"D Levin"
"1532",1532,"S Emrich"
"1533",1533,"N Al-Aidroos"
"1534",1534,"B Angelone"
"1535",1535,"K Amante"
"1536",1536,"K Sikorski"
"1537",1537,"D Klimas"
"1538",1538,"J Delvenne"
"1539",1539,"A Cleeremans"
"1540",1540,"C Laloyaux"
"1541",1541,"T Makovski"
"1542",1542,"H Gauchou"
"1543",1543,"A Wykowska"
"1544",1544,"A Schubö"
"1545",1545,"K O'Regan"
"1546",1546,"P Ko"
"1547",1547,"A Kondo"
"1548",1548,"J Saiki"
"1549",1549,"B Vasquez"
"1550",1550,"M Snodderly"
"1551",1551,"R Hammond"
"1552",1552,"J Stringham"
"1553",1553,"B Wooten"
"1554",1554,"Y Sun"
"1555",1555,"S Gabree"
"1556",1556,"M Giesel"
"1557",1557,"W Cheng"
"1558",1558,"F Devinck"
"1559",1559,"N Ridgway"
"1560",1560,"M MacLeod"
"1561",1561,"P Monnier"
"1562",1562,"E Reijnen"
"1563",1563,"A Rich"
"1564",1564,"S Han"
"1565",1565,"M Kim"
"1566",1566,"S Tokuda"
"1567",1567,"N Morris"
"1568",1568,"K Fukuda"
"1569",1569,"J Ahn"
"1570",1570,"H Yang"
"1571",1571,"J McBride"
"1572",1572,"U Leonards"
"1573",1573,"T Yoshida"
"1574",1574,"K Yokoi"
"1575",1575,"Y Miyazaki"
"1576",1576,"H Wake"
"1577",1577,"T Wake"
"1578",1578,"S Narasimhan"
"1579",1579,"S Tripathy"
"1580",1580,"B Barrett"
"1581",1581,"J Junge"
"1582",1582,"C Ball"
"1583",1583,"H Rutherford"
"1584",1584,"N Westoby"
"1585",1585,"C Friesen"
"1586",1586,"E Kauffman"
"1587",1587,"R Graham"
"1588",1588,"L Jefferies"
"1589",1589,"E Eich"
"1590",1590,"M Dodd"
"1591",1591,"T Kelley"
"1592",1592,"S Yantis"
"1593",1593,"B Cassidy"
"1594",1594,"S Sheremata"
"1595",1595,"D Somers"
"1596",1596,"T Vleet"
"1597",1597,"J DeGutis"
"1598",1598,"W Tan"
"1599",1599,"C Leonard"
"1600",1600,"P Vetter"
"1601",1601,"B Bahrami"
"1602",1602,"B Butterworth"
"1603",1603,"H Godwin"
"1604",1604,"S Helman"
"1605",1605,"M Fleck"
"1606",1606,"M Kunar"
"1607",1607,"B Hidalgo-Sotelo"
"1608",1608,"D Fencsik"
"1609",1609,"S Place"
"1610",1610,"S Flusberg"
"1611",1611,"B Keehn"
"1612",1612,"C Connolly"
"1613",1613,"R Joseph"
"1614",1614,"M Stroud"
"1615",1615,"Y Tsai"
"1616",1616,"J Schmidt"
"1617",1617,"J Najemnik"
"1618",1618,"J Xing"
"1619",1619,"C Ling"
"1620",1620,"B Gee"
"1621",1621,"W Merigan"
"1622",1622,"H Ahmad"
"1623",1623,"M VanWert"
"1624",1624,"R Sara"
"1625",1625,"F Carlo"
"1626",1626,"W Gerbino"
"1627",1627,"J Intriligator"
"1628",1628,"H Tibboel"
"1629",1629,"C Takahashi"
"1630",1630,"Y Yeshurun"
"1631",1631,"T Avraham"
"1632",1632,"M Lindenbaum"
"1633",1633,"C Morvan"
"1634",1634,"J Droulez"
"1635",1635,"M Wexler"
"1636",1636,"K Matsumiya"
"1637",1637,"S Shioiri"
"1638",1638,"K Polychronopoulos"
"1639",1639,"A Ariga"
"1640",1640,"K Watanabe"
"1641",1641,"S Prime"
"1642",1642,"A Kis"
"1643",1643,"Y Noguchi"
"1644",1644,"J Pola"
"1645",1645,"J Churan"
"1646",1646,"C Pack"
"1647",1647,"S Vollmer"
"1648",1648,"R Gordon"
"1649",1649,"A Schütz"
"1650",1650,"D Braun"
"1651",1651,"A Inokuma"
"1652",1652,"W Sohn"
"1653",1653,"R Deas"
"1654",1654,"R Hayashi"
"1655",1655,"H Tabata"
"1656",1656,"K Kawano"
"1657",1657,"A Shipiro"
"1658",1658,"M Nawrot"
"1659",1659,"L Joyce"
"1660",1660,"P Ogden"
"1661",1661,"G Brouwer"
"1662",1662,"S Gillispie"
"1663",1663,"P Finn"
"1664",1664,"N Shirai"
"1665",1665,"Y Hattori"
"1666",1666,"D Giaschi"
"1667",1667,"A Zwicker"
"1668",1668,"S Young"
"1669",1669,"B Lee"
"1670",1670,"B Bjornson"
"1671",1671,"Y Miyawaki"
"1672",1672,"S Artemenkov"
"1673",1673,"J Yan"
"1674",1674,"L Zhou"
"1675",1675,"C Xie"
"1676",1676,"L Trutoiu"
"1677",1677,"J Rieser"
"1678",1678,"D Morse"
"1679",1679,"M Gérin-Lajoie"
"1680",1680,"J Owens"
"1681",1681,"B Schnapp"
"1682",1682,"R Wang"
"1683",1683,"J Crowell"
"1684",1684,"H Zhong"
"1685",1685,"M Harrison"
"1686",1686,"J Fry"
"1687",1687,"J Nolan"
"1688",1688,"N Mourkoussis"
"1689",1689,"F Rivera"
"1690",1690,"K Mania"
"1691",1691,"R Hawkes"
"1692",1692,"M Treder"
"1693",1693,"P Helm"
"1694",1694,"E Caddigan"
"1695",1695,"D Walther"
"1696",1696,"J Birgiolas"
"1697",1697,"J Weissman"
"1698",1698,"L Fei-Fei"
"1699",1699,"C Glielmi"
"1700",1700,"X Hu"
"1701",1701,"R Schuchard"
"1702",1702,"M Saenz"
"1703",1703,"L Lewis"
"1704",1704,"A Huth"
"1705",1705,"C Koch"
"1706",1706,"B Beston"
"1707",1707,"C Hofsten"
"1708",1708,"P Nyström"
"1709",1709,"A Sperling"
"1710",1710,"F Manis"
"1711",1711,"M Seidenberg"
"1712",1712,"D Peterzell"
"1713",1713,"R Cone"
"1714",1714,"C Carter"
"1715",1715,"J Epler-Ortega"
"1716",1716,"A Harmell"
"1717",1717,"D Velez"
"1718",1718,"K Parkes"
"1719",1719,"V Ramachandran"
"1720",1720,"J McQuaid"
"1721",1721,"M Jazayeri"
"1722",1722,"A Movshon"
"1723",1723,"J Perrone"
"1724",1724,"N Spotswood"
"1725",1725,"P Hsieh"
"1726",1726,"G Caplovitz"
"1727",1727,"J New"
"1728",1728,"J Wallace"
"1729",1729,"N Scott-Samuel"
"1730",1730,"A Smith"
"1731",1731,"C Kim"
"1732",1732,"J Larsson"
"1733",1733,"K Schneider"
"1734",1734,"J Snow"
"1735",1735,"R Rafal"
"1736",1736,"C Striemer"
"1737",1737,"Z Vidnyánszky"
"1738",1738,"V Gál"
"1739",1739,"I Kóbor"
"1740",1740,"L Kozák"
"1741",1741,"D Carmel"
"1742",1742,"D Wollschläger"
"1743",1743,"D Leonard"
"1744",1744,"H Hofer"
"1745",1745,"D Williams"
"1746",1746,"J Goodrich"
"1747",1747,"A Stockman"
"1748",1748,"H Jägle"
"1749",1749,"M Pirzer"
"1750",1750,"L Sharpe"
"1751",1751,"R Grayhem"
"1752",1752,"N Censor"
"1753",1753,"L Blaha"
"1754",1754,"Z Hussain"
"1755",1755,"E Barenholtz"
"1756",1756,"M Tarr"
"1757",1757,"G Orbán"
"1758",1758,"R Aslin"
"1759",1759,"M Lengyel"
"1760",1760,"D Chen"
"1761",1761,"S Anstis"
"1762",1762,"R Kanai"
"1763",1763,"A Berg"
"1764",1764,"R Sundareswara"
"1765",1765,"M Vergeer"
"1766",1766,"R Lier"
"1767",1767,"B Vlaskamp"
"1768",1768,"J Hillis"
"1769",1769,"K Schreiber"
"1770",1770,"A Kristjansson"
"1771",1771,"P Saker"
"1772",1772,"A Leber"
"1773",1773,"M Nieuwenstein"
"1774",1774,"B Coffey"
"1775",1775,"S Shimozaki"
"1776",1776,"J Qian"
"1777",1777,"H Bedell"
"1778",1778,"T Borra"
"1779",1779,"B Iliescu"
"1780",1780,"C Devisme"
"1781",1781,"B Drobe"
"1782",1782,"A Monot"
"1783",1783,"G Girauret"
"1784",1784,"J Harris"
"1785",1785,"A Anderson"
"1786",1786,"R Held"
"1787",1787,"D Hoffman"
"1788",1788,"T Ikemiyagi"
"1789",1789,"S Li"
"1790",1790,"B Motter"
"1791",1791,"Y Liu"
"1792",1792,"L Cormack"
"1793",1793,"A Bovik"
"1794",1794,"J Seshadri"
"1795",1795,"V Lakshminarayanan"
"1796",1796,"E Wong"
"1797",1797,"J Cristensen"
"1798",1798,"Y Tamada"
"1799",1799,"M Sato"
"1800",1800,"S Nakamizo"
"1801",1801,"M Kondo"
"1802",1802,"C Fantoni"
"1803",1803,"J Wilmer"
"1804",1804,"R Cai"
"1805",1805,"J Federspiel"
"1806",1806,"K Priest"
"1807",1807,"M Zenz"
"1808",1808,"Y Li"
"1809",1809,"K Soska"
"1810",1810,"S Johnson"
"1811",1811,"C Crabtree"
"1812",1812,"R Shah"
"1813",1813,"F Domini"
"1814",1814,"K Hosokawa"
"1815",1815,"Y Lee"
"1816",1816,"M Lind"
"1817",1817,"X Meng"
"1818",1818,"S Shuwairi"
"1819",1819,"J DeLoache"
"1820",1820,"D Vishwanath"
"1821",1821,"Z Bian"
"1822",1822,"A Tsaur"
"1823",1823,"M Chen"
"1824",1824,"R Babu"
"1825",1825,"E Irving"
"1826",1826,"C Rothmayr"
"1827",1827,"O Baumann"
"1828",1828,"R Rutschmann"
"1829",1829,"T Endestad"
"1830",1830,"S Magnussen"
"1831",1831,"L Montaser-Kouhsari"
"1832",1832,"V Perez"
"1833",1833,"H Miyatsuji"
"1834",1834,"R Oliver"
"1835",1835,"A Baek"
"1836",1836,"S Thompson-Schill"
"1837",1837,"W Zhang"
"1838",1838,"S Luck"
"1839",1839,"Y Tanaka"
"1840",1840,"B Sheth"
"1841",1841,"M Khan"
"1842",1842,"S Mednick"
"1843",1843,"J Kanady"
"1844",1844,"K Resovsky"
"1845",1845,"S Drummond"
"1846",1846,"P Martini"
"1847",1847,"V Maljkovic"
"1848",1848,"G Huebner"
"1849",1849,"B Gohlke"
"1850",1850,"A McCollough"
"1851",1851,"C Oriet"
"1852",1852,"M Jeffrey"
"1853",1853,"H Clemo"
"1854",1854,"G Sharma"
"1855",1855,"B Allman"
"1856",1856,"A Meredith"
"1857",1857,"K Evans"
"1858",1858,"A Treisman"
"1859",1859,"E Hahler"
"1860",1860,"R Doti"
"1861",1861,"E Lugo"
"1862",1862,"A Hall"
"1863",1863,"J Mellott"
"1864",1864,"S Lomber"
"1865",1865,"A Jain"
"1866",1866,"S Sally"
"1867",1867,"T Papathomas"
"1868",1868,"C Levitan"
"1869",1869,"S Love"
"1870",1870,"C Waadeland"
"1871",1871,"D Rocchesso"
"1872",1872,"F Avanzini"
"1873",1873,"S Dahl"
"1874",1874,"D McCormick"
"1875",1875,"S McCrea"
"1876",1876,"M Russell"
"1877",1877,"K Petrini"
"1878",1878,"G Plomp"
"1879",1879,"S Gepshtein"
"1880",1880,"C Leeuwen"
"1881",1881,"M Batson"
"1882",1882,"A Beer"
"1883",1883,"Y Chen"
"1884",1884,"A Thomas"
"1885",1885,"K Lawler"
"1886",1886,"K Ijichi"
"1887",1887,"D Kaping"
"1888",1888,"C Morawetz"
"1889",1889,"J Baudewig"
"1890",1890,"S Treue"
"1891",1891,"P Dechent"
"1892",1892,"A Butler"
"1893",1893,"N Davidenko"
"1894",1894,"N Witthoft"
"1895",1895,"V Natu"
"1896",1896,"K Mueller"
"1897",1897,"J Haberman"
"1898",1898,"Y Chiu"
"1899",1899,"A Holub"
"1900",1900,"P Perona"
"1901",1901,"J Taubert"
"1902",1902,"D Burke"
"1903",1903,"S Favelle"
"1904",1904,"D Wilbraham"
"1905",1905,"A Martinez"
"1906",1906,"J Christensen"
"1907",1907,"M Chan"
"1908",1908,"J Flombaum"
"1909",1909,"A Todor"
"1910",1910,"B Won"
"1911",1911,"K Bettencourt"
"1912",1912,"J Ericson"
"1913",1913,"J Nyquist"
"1914",1914,"J Lappin"
"1915",1915,"H Haladjian"
"1916",1916,"Z Pylyshyn"
"1917",1917,"R Niebergall"
"1918",1918,"A Fazl"
"1919",1919,"T Ghose"
"1920",1920,"E Salvagio"
"1921",1921,"J Kim"
"1922",1922,"N Zhang"
"1923",1923,"M Vandenbroucke"
"1924",1924,"H Engeland"
"1925",1925,"C Kemner"
"1926",1926,"B Sayim"
"1927",1927,"G Westheimer"
"1928",1928,"J Chen"
"1929",1929,"G Ben-Yosef"
"1930",1930,"O Ben-Shahar"
"1931",1931,"S Pont"
"1932",1932,"W Richards"
"1933",1933,"M Portillo"
"1934",1934,"J Pomerantz"
"1935",1935,"B Montagna"
"1936",1936,"R Chakravarthi"
"1937",1937,"M Holden"
"1938",1938,"N Newcombe"
"1939",1939,"T Otto"
"1940",1940,"T Gao"
"1941",1941,"G Newman"
"1942",1942,"H Choi"
"1943",1943,"K Wynn"
"1944",1944,"T Bochsler"
"1945",1945,"Y Araragi"
"1946",1946,"H Ito"
"1947",1947,"S Sunaga"
"1948",1948,"J Bell"
"1949",1949,"I Marleau"
"1950",1950,"G Desmarais"
"1951",1951,"M Dixon"
"1952",1952,"N Kriegeskorte"
"1953",1953,"M Mur"
"1954",1954,"D Ruff"
"1955",1955,"R Kiani"
"1956",1956,"J Bodurka"
"1957",1957,"P Bandettini"
"1958",1958,"J Dykes"
"1959",1959,"B Novar"
"1960",1960,"D Kee"
"1961",1961,"P Garcia"
"1962",1962,"G Padmanabhan"
"1963",1963,"M Brady"
"1964",1964,"J Ruppel"
"1965",1965,"A Stubbs"
"1966",1966,"C Stubbs"
"1967",1967,"L Best"
"1968",1968,"L Smith"
"1969",1969,"W Tao"
"1970",1970,"P Wang"
"1971",1971,"A Gutherie"
"1972",1972,"A Moore"
"1973",1973,"E Shimojo"
"1974",1974,"L Lebon"
"1975",1975,"S Schleim"
"1976",1976,"C Leek"
"1977",1977,"S Barrett"
"1978",1978,"L Richards"
"1979",1979,"J Bennett"
"1980",1980,"M Honma"
"1981",1981,"J Cheal"
"1982",1982,"L Garrido"
"1983",1983,"J Cuerva"
"1984",1984,"J Raymomd"
"1985",1985,"T Shalek"
"1986",1986,"K LaBar"
"1987",1987,"G Malcolm"
"1988",1988,"L Lanyon"
"1989",1989,"D Neth"
"1990",1990,"S Roy"
"1991",1991,"C Roy"
"1992",1992,"C Ethier-Majcher"
"1993",1993,"P Belin"
"1994",1994,"C Benton"
"1995",1995,"A Clark"
"1996",1996,"R Cooper"
"1997",1997,"I Penton-Voak"
"1998",1998,"M Yasuda"
"1999",1999,"L Elazary"
"2000",2000,"I Laurent"
"2001",2001,"V Navalpakkam"
"2002",2002,"R Peters"
"2003",2003,"N Bruce"
"2004",2004,"J Tsotsos"
"2005",2005,"E Simine"
"2006",2006,"A Rodriguez-Sanchez"
"2007",2007,"S Denham"
"2008",2008,"D Gao"
"2009",2009,"N Vasconcelos"
"2010",2010,"F Pestilli"
"2011",2011,"J Palmer"
"2012",2012,"H Bowman"
"2013",2013,"H Liao"
"2014",2014,"B Vincent"
"2015",2015,"C McKenzie"
"2016",2016,"T Sejnowski"
"2017",2017,"A Johnson"
"2018",2018,"P Bao"
"2019",2019,"B Olshausen"
"2020",2020,"C Cadieu"
"2021",2021,"E Adelson"
"2022",2022,"L Sharan"
"2023",2023,"E Cohen"
"2024",2024,"N Prins"
"2025",2025,"R Gurnsey"
"2026",2026,"C Potechin"
"2027",2027,"C Casco"
"2028",2028,"G Campana"
"2029",2029,"C Chiao"
"2030",2030,"R Hanlon"
"2031",2031,"S Kies"
"2032",2032,"C Fermuller"
"2033",2033,"H Ji"
"2034",2034,"S Targher"
"2035",2035,"S Gori"
"2036",2036,"R Pedersini"
"2037",2037,"E Giora"
"2038",2038,"P Howe"
"2039",2039,"H Sagreiya"
"2040",2040,"R Hisakata"
"2041",2041,"I Murakami"
"2042",2042,"A Kitaoka"
"2043",2043,"M Dürsteler"
"2044",2044,"G Maus"
"2045",2045,"R Nijhawan"
"2046",2046,"H Stogbauer"
"2047",2047,"V Wassenhove"
"2048",2048,"T Stephens"
"2049",2049,"Z Vidnyanszky"
"2050",2050,"R Shannon"
"2051",2051,"C Curio"
"2052",2052,"M Breidt"
"2053",2053,"M Kleiner"
"2054",2054,"L Petro"
"2055",2055,"M Smith"
"2056",2056,"M Frank"
"2057",2057,"H Fehd"
"2058",2058,"J Jovancevic-Misic"
