"","id","label"
"1",1,"E Woller"
"2",2,"W Barnes"
"3",3,"B Payne"
"4",4,"S Lomber"
"5",5,"J Raymond"
"6",6,"N Tavasolli"
"7",7,"M Fenske"
"8",8,"K Schmidt"
"9",9,"R Galuske"
"10",10,"J Maciokas"
"11",11,"L Svec"
"12",12,"M Crognale"
"13",13,"F Loula"
"14",14,"M Carrasco"
"15",15,"E Hubbard"
"16",16,"N Krishnan"
"17",17,"V Ramachandran"
"18",18,"F Hamker"
"19",19,"R VanRullen"
"20",20,"A Giersch"
"21",21,"G Humphreys"
"22",22,"B Jung-Stallmann"
"23",23,"C Olivers"
"24",24,"E Fine"
"25",25,"A Reeves"
"26",26,"E Festa-Martino"
"27",27,"A Gindes"
"28",28,"W Heindel"
"29",29,"D Fernandez-Duque"
"30",30,"S Black"
"31",31,"J Brown"
"32",32,"B Breitmeyer"
"33",33,"J Hand"
"34",34,"F Browning"
"35",35,"B Breitmeryer"
"36",36,"K Leighty"
"37",37,"C Williamson"
"38",38,"E Awh"
"39",39,"M Matsukura"
"40",40,"J Serences"
"41",41,"J Cavanaugh"
"42",42,"R Wurtz"
"43",43,"M Cruadhlaoich"
"44",44,"A Roe"
"45",45,"H Orbach"
"46",46,"R Henderson"
"47",47,"M Baker"
"48",48,"H Ogmen"
"49",49,"L Montaser"
"50",50,"R Rajimehr"
"51",51,"S Afraz"
"52",52,"H Esteky"
"53",53,"J May"
"54",54,"K Tsiappoutas"
"55",55,"M Flanagan"
"56",56,"S Haase"
"57",57,"G Fisk"
"58",58,"C Dodds"
"59",59,"L Machado"
"60",60,"R Rafal"
"61",61,"T Ro"
"62",62,"V Scavetta"
"63",63,"D Jones"
"64",64,"D Mitchell"
"65",65,"K Murphy"
"66",66,"T Lewis"
"67",67,"D Ellemberg"
"68",68,"D Maurer"
"69",69,"B Lee"
"70",70,"H Brent"
"71",71,"A Levin"
"72",72,"D Wu"
"73",73,"S Shimojo"
"74",74,"S Shioiri"
"75",75,"K Yamamoto"
"76",76,"H Yaguchi"
"77",77,"T Hubbard"
"78",78,"M Motes"
"79",79,"C Cantor"
"80",80,"C Schor"
"81",81,"R Cai"
"82",82,"P Cavanagh"
"83",83,"B Tjan"
"84",84,"S Chung"
"85",85,"G Legge"
"86",86,"T Lawton"
"87",87,"F Florer"
"88",88,"A Preston"
"89",89,"S Crewther"
"90",90,"P Kiely"
"91",91,"R Laycock"
"92",92,"D Crewther"
"93",93,"H Strasberger"
"94",94,"T Uka"
"95",95,"G DeAngelis"
"96",96,"J Perrone"
"97",97,"R Krauzlis"
"98",98,"J Perge"
"99",99,"B Borghuis"
"100",100,"J Duijnhouwer"
"101",101,"M Lankheet"
"102",102,"R Wezel"
"103",103,"W Zosh"
"104",104,"Q Vuong"
"105",105,"M Tarr"
"106",106,"V Thoma"
"107",107,"J Davidoff"
"108",108,"J Pani"
"109",109,"J Chariker"
"110",110,"T Dawson"
"111",111,"T Kimura"
"112",112,"T Miura"
"113",113,"K Shinohara"
"114",114,"T James"
"115",115,"G Humphrey"
"116",116,"J Gati"
"117",117,"R Menon"
"118",118,"M Goodale"
"119",119,"K James"
"120",120,"A Herbert"
"121",121,"R Nodsle"
"122",122,"C Williford"
"123",123,"A Cate"
"124",124,"M Behrmann"
"125",125,"I Boutet"
"126",126,"P Reeve"
"127",127,"A Chaudhuri"
"128",128,"D Bennett"
"129",129,"A Yonas"
"130",130,"H Bruggeman"
"131",131,"J Konczak"
"132",132,"D Westwood"
"133",133,"J Philbeck"
"134",134,"R Kwok"
"135",135,"O Braddick"
"136",136,"A Dunn"
"137",137,"P Thompson"
"138",138,"P Dassonville"
"139",139,"J Bala"
"140",140,"S Creem-Regehr"
"141",141,"A Gooch"
"142",142,"W Thompson"
"143",143,"C Chubb"
"144",144,"C Wright"
"145",145,"S Anderson"
"146",146,"P Kim"
"147",147,"H Ashida"
"148",148,"J Andre"
"149",149,"S Rogers"
"150",150,"P Vishton"
"151",151,"J Coulston"
"152",152,"H Zwick"
"153",153,"B Stuck"
"154",154,"S Ruiz"
"155",155,"B Lund"
"156",156,"D Yi"
"157",157,"M Chun"
"158",158,"D Poggel"
"159",159,"E Müller-Oehring"
"160",160,"E Kasten"
"161",161,"U Bunzenthal"
"162",162,"B Sabel"
"163",163,"L Notman"
"164",164,"P Sowden"
"165",165,"S Mednick"
"166",166,"N Pathak"
"167",167,"K Nakayama"
"168",168,"R Stickgold"
"169",169,"Z Lu"
"170",170,"B Dosher"
"171",171,"J Lu"
"172",172,"C Kung"
"173",173,"B Rossion"
"174",174,"P Kozma"
"175",175,"I Kovács"
"176",176,"Á Fehér"
"177",177,"S Koyama"
"178",178,"A Harner"
"179",179,"T Watanabe"
"180",180,"W Kao"
"181",181,"S Beardsley"
"182",182,"L Vaina"
"183",183,"B Hiles"
"184",184,"N Intrator"
"185",185,"S Edelman"
"186",186,"C Furmanski"
"187",187,"S Engel"
"188",188,"D Cousineau"
"189",189,"W Chu"
"190",190,"D Zavagno"
"191",191,"G Swaminathan"
"192",192,"S Grossberg"
"193",193,"W Sohn"
"194",194,"E Blaser"
"195",195,"Z Vidnyánszky"
"196",196,"T Papathomas"
"197",197,"M Singh"
"198",198,"M Scheessele"
"199",199,"Z Pizlo"
"200",200,"I Oruc"
"201",201,"L Maloney"
"202",202,"M Landy"
"203",203,"J Farley"
"204",204,"H Norman"
"205",205,"Y Lee"
"206",206,"D Stockton"
"207",207,"J Lappin"
"208",208,"K MacKenzie"
"209",209,"L Wilcox"
"210",210,"M Abramovitz"
"211",211,"B Liu"
"212",212,"J Todd"
"213",213,"J Koenderink"
"214",214,"A Doorn"
"215",215,"A Kappers"
"216",216,"S Pas"
"217",217,"S Pont"
"218",218,"F Kandil"
"219",219,"M Fahle"
"220",220,"A Holcombe"
"221",221,"R Fleming"
"222",222,"A Williams"
"223",223,"B Anderson"
"224",224,"E Börjesson"
"225",225,"L Poom"
"226",226,"Z Vidnyanszky"
"227",227,"J Berzhanskaya"
"228",228,"J Beck"
"229",229,"E Mingolla"
"230",230,"A Bertone"
"231",231,"J Faubert"
"232",232,"B Bertenthal"
"233",233,"E Berends"
"234",234,"Z Zhang"
"235",235,"Y Tanaka"
"236",236,"J Amati"
"237",237,"J Elder"
"238",238,"W Adams"
"239",239,"P Mamassian"
"240",240,"X Xu"
"241",241,"W Bosking"
"242",242,"G Sáry"
"243",243,"M Jones"
"244",244,"D Royal"
"245",245,"J Stefansic"
"246",246,"D Shima"
"247",247,"D Fitzpatrick"
"248",248,"V Casagrande"
"249",249,"A Seitz"
"250",250,"S Schultz"
"251",251,"V Prete"
"252",252,"S Panzeri"
"253",253,"T Owaki"
"254",254,"T Takeda"
"255",255,"A Laverghetta"
"256",256,"T Shimizu"
"257",257,"Z Zhu"
"258",258,"K Lin"
"259",259,"T Kasamatsu"
"260",260,"I Kagan"
"261",261,"M Gur"
"262",262,"D Max"
"263",263,"T Hansen"
"264",264,"H Neumann"
"265",265,"R Gockeln"
"266",266,"S Riegert"
"267",267,"I Tutschke"
"268",268,"R Winter"
"269",269,"J Dorn"
"270",270,"D Ringach"
"271",271,"I Conner"
"272",272,"S Sharma"
"273",273,"J Mendola"
"274",274,"D Chelvanayagam"
"275",275,"D Hu"
"276",276,"T Vidyasagar"
"277",277,"F Kingdom"
"278",278,"R Kasrai"
"279",279,"A Li"
"280",280,"Q Zaidi"
"281",281,"A Oomes"
"282",282,"C Madison"
"283",283,"D Kersten"
"284",284,"M Morgan"
"285",285,"V Diehl"
"286",286,"K Spang"
"287",287,"W Vanduffel"
"288",288,"D Fize"
"289",289,"H Peuskens"
"290",290,"K Denys"
"291",291,"S Sunaert"
"292",292,"G Orban"
"293",293,"M Lages"
"294",294,"E Graf"
"295",295,"S Suzuki"
"296",296,"W Merigan"
"297",297,"A Pasupathy"
"298",298,"C Connor"
"299",299,"R Hess"
"300",300,"T Ledgeway"
"301",301,"Z Kourtzi"
"302",302,"H Bülthoff"
"303",303,"M Erb"
"304",304,"W Grodd"
"305",305,"D Adams"
"306",306,"J Horton"
"307",307,"F Mechler"
"308",308,"V MIT"
"309",309,"J Sharma"
"310",310,"E Miller"
"311",311,"M Sur"
"312",312,"M Livingstone"
"313",313,"B Conway"
"314",314,"B Zenger-Landolt"
"315",315,"D Heeger"
"316",316,"R Duncan"
"317",317,"G Boynton"
"318",318,"B Olshausen"
"319",319,"J McDermott"
"320",320,"W Geisler"
"321",321,"R Diehl"
"322",322,"J Victor"
"323",323,"C Hardy"
"324",324,"M Conte"
"325",325,"C Olman"
"326",326,"P Schrater"
"327",327,"E Wong"
"328",328,"D Levi"
"329",329,"B Barrett"
"330",330,"I Pacey"
"331",331,"A Simmers"
"332",332,"P Bex"
"333",333,"K Wolf"
"334",334,"A Hurlbert"
"335",335,"R Arsdel"
"336",336,"M Loop"
"337",337,"T Uchida"
"338",338,"K Uchikawa"
"339",339,"T Reiner"
"340",340,"M Webster"
"341",341,"H Smithson"
"342",342,"A Shapiro"
"343",343,"L Baldwin"
"344",344,"S Patel"
"345",345,"H Bedell"
"346",346,"G Malkoc"
"347",347,"P Kay"
"348",348,"A Logvinenko"
"349",349,"S Hutchinson"
"350",350,"I Kuriki"
"351",351,"B Khang"
"352",352,"V Edwards"
"353",353,"J Hogben"
"354",354,"B Dillenburger"
"355",355,"C Wehrhahn"
"356",356,"P Delahunt"
"357",357,"D Brainard"
"358",358,"C Gerth"
"359",359,"J Werner"
"360",360,"I Buckelmuller"
"361",361,"K Cardinal"
"362",362,"D KiperInst"
"363",363,"M Bloj"
"364",364,"K Wolfe"
"365",365,"V Billock"
"366",366,"B Tsou"
"367",367,"A Welchman"
"368",368,"J Harris"
"369",369,"N Wada"
"370",370,"M Grünau"
"371",371,"E Tehovnik"
"372",372,"W Slocum"
"373",373,"P Schiller"
"374",374,"M Silva"
"375",375,"M Bradshaw"
"376",376,"J Groeger"
"377",377,"S Shorter-Jacobi"
"378",378,"A Murthy"
"379",379,"K Thompson"
"380",380,"J Schall"
"381",381,"V Dragoi"
"382",382,"E MIller"
"383",383,"M Rizzo"
"384",384,"J Moon"
"385",385,"M Wilkinson"
"386",386,"K Bateman"
"387",387,"J Jermeland"
"388",388,"T Schnell"
"389",389,"M Peterson"
"390",390,"A Kramer"
"391",391,"J Park"
"392",392,"M Schlag-Rey"
"393",393,"J Schlag"
"394",394,"A Noritake"
"395",395,"A Yagi"
"396",396,"D Nieman"
"397",397,"R Hayashi"
"398",398,"R Andersen"
"399",399,"J Naji"
"400",400,"T Freeman"
"401",401,"H Mizushina"
"402",402,"M Maruyama"
"403",403,"T Kobayashi"
"404",404,"T Katsura"
"405",405,"S Kuriki"
"406",406,"L Loschky"
"407",407,"G McConkie"
"408",408,"J Yang"
"409",409,"M Miller"
"410",410,"D Liston"
"411",411,"C Carello"
"412",412,"K Kveraga"
"413",413,"L Boucher"
"414",414,"H Hughes"
"415",415,"M Kaiser"
"416",416,"M Lappe"
"417",417,"J Haushofer"
"418",418,"G Kendall"
"419",419,"A Tolias"
"420",420,"Z Hafed"
"421",421,"J Clark"
"422",422,"S Garbade"
"423",423,"H Deubel"
"424",424,"M Fujita"
"425",425,"A Amagai"
"426",426,"L Chukoskie"
"427",427,"J Movshon"
"428",428,"M Berryhill"
"429",429,"F Miles"
"430",430,"G Masson"
"431",431,"D Yang"
"432",432,"D Amso"
"433",433,"J Slemmer"
"434",434,"S Johnson"
"435",435,"D Zur"
"436",436,"S Ullman"
"437",437,"M Westover"
"438",438,"C Anderson"
"439",439,"D Essen"
"440",440,"F Thorn"
"441",441,"S Thorn"
"442",442,"J He"
"443",443,"R Held"
"444",444,"J Gwiazda"
"445",445,"H Petry"
"446",446,"H Lu"
"447",447,"W Makous"
"448",448,"Z Yuan"
"449",449,"P Reinach"
"450",450,"H Sun"
"451",451,"J Yuan"
"452",452,"C Yu"
"453",453,"S Klein"
"454",454,"W Simpson"
"455",455,"K Findlay"
"456",456,"V Manahilov"
"457",457,"P Verghese"
"458",458,"Y Tani"
"459",459,"T Sato"
"460",460,"C Talgar"
"461",461,"B Stephens"
"462",462,"J Dannemiller"
"463",463,"A Skoczenski"
"464",464,"A Soffer"
"465",465,"J Samonds"
"466",466,"J Allison"
"467",467,"H Brown"
"468",468,"A Bonds"
"469",469,"S Sally"
"470",470,"R Gurnsey"
"471",471,"F J.A.M."
"472",472,"Y Sakaguchi"
"473",473,"M Rudd"
"474",474,"I Zemach"
"475",475,"J Rovamo"
"476",476,"D Melmoth."
"477",477,"D Purves"
"478",478,"Z Yang"
"479",479,"E Ozgen"
"480",480,"P Schyns"
"481",481,"L Olzak"
"482",482,"P Laurinen"
"483",483,"J McAnany"
"484",484,"M Levine"
"485",485,"I Mareschal"
"486",486,"R Shapley"
"487",487,"S Mancini"
"488",488,"K Langley"
"489",489,"T Atherton"
"490",490,"K Johnston"
"491",491,"B Timney"
"492",492,"D Leung"
"493",493,"S Khan"
"494",494,"J Hardy"
"495",495,"K Valois"
"496",496,"J Ball"
"497",497,"C Gaspar"
"498",498,"P Bennett"
"499",499,"A Sekuler"
"500",500,"G Francis"
"501",501,"F Felisberti"
"502",502,"A Leykin"
"503",503,"F Cutzu"
"504",504,"C Clifford"
"505",505,"B Spehar"
"506",506,"S Solomon"
"507",507,"P Martin"
"508",508,"S Chong"
"509",509,"A Treisman"
"510",510,"C Chen"
"511",511,"C Tyler"
"512",512,"T Carney"
"513",513,"T Hill"
"514",514,"A Marathe"
"515",515,"A Sy"
"516",516,"E Lin"
"517",517,"C Bredfeldt"
"518",518,"L Bonnar"
"519",519,"F Gosselin"
"520",520,"A Anzai"
"521",521,"X Peng"
"522",522,"J Hegde"
"523",523,"N Anderson"
"524",524,"H Allen"
"525",525,"S Dakin"
"526",526,"B Mansouri"
"527",527,"M Dixon"
"528",528,"K Myles"
"529",529,"D Smilek"
"530",530,"M Zanna"
"531",531,"P Merikle"
"532",532,"S Rainville"
"533",533,"I Motoyoshi"
"534",534,"M Ichikawa"
"535",535,"A Huk"
"536",536,"J Palmer"
"537",537,"M Shadlen"
"538",538,"G Henning"
"539",539,"F Wichmann"
"540",540,"C Bird"
"541",541,"S Heinrich"
"542",542,"A Aertsen"
"543",543,"M Bach"
"544",544,"D Eagleman"
"545",545,"J Jacobson"
"546",546,"T Sejnowski"
"547",547,"T Cohn"
"548",548,"K Nguyen"
"549",549,"R Blake"
"550",550,"S Lee"
"551",551,"X Zabulis"
"552",552,"B Backus"
"553",553,"C Potechin"
"554",554,"F Sezikeye"
"555",555,"S Hinds"
"556",556,"N Prins"
"557",557,"M Suganuma"
"558",558,"K Yokosawa"
"559",559,"C Leonard"
"560",560,"Z Pylyshyn"
"561",561,"E Cohen"
"562",562,"J Dennis"
"563",563,"H Ogawa"
"564",564,"V Annan"
"565",565,"J Triesch"
"566",566,"B Sullivan"
"567",567,"M Hayhoe"
"568",568,"D Ballard"
"569",569,"R Rensink"
"570",570,"R Marois"
"571",571,"C Moore"
"572",572,"A Lleras"
"573",573,"B Scholl"
"574",574,"J Feldman"
"575",575,"F Li"
"576",576,"C Koch"
"577",577,"P Perona"
"578",578,"A Hollingworth"
"579",579,"J Henderson"
"580",580,"J DiMase"
"581",581,"A Oliva"
"582",582,"J Wolfe"
"583",583,"C Christou"
"584",584,"I Thornton"
"585",585,"R Epstein"
"586",586,"K Graham"
"587",587,"N Kanwisher"
"588",588,"P Downing"
"589",589,"L Walker"
"590",590,"J Malik"
"591",591,"G Sperling"
"592",592,"S Lyu"
"593",593,"H Kim"
"594",594,"L Cormack"
"595",595,"S Stevenson"
"596",596,"D Lindsey"
"597",597,"A Brown"
"598",598,"D Burr"
"599",599,"J Ross"
"600",600,"W Mok"
"601",601,"D Melcher"
"602",602,"C Morrone"
"603",603,"J Enns"
"604",604,"L Paul"
"605",605,"D Arnold"
"606",606,"P Butcher"
"607",607,"J Brockmole"
"608",608,"R Wang"
"609",609,"D Irwin"
"610",610,"M Becker"
"611",611,"H Pashler"
"612",612,"E Vogel"
"613",613,"G Woodman"
"614",614,"S Luck"
"615",615,"B Angelone"
"616",616,"D Levin"
"617",617,"B Schmidt"
"618",618,"S Vecera"
"619",619,"G Alvarez"
"620",620,"B Motter"
"621",621,"E Rolls"
"622",622,"N Aggelopoulos"
"623",623,"F Zheng"
"624",624,"L Battelli"
"625",625,"J Riddoch"
"626",626,"Y Bonneh"
"627",627,"M Pavlovskaya"
"628",628,"N Soroker"
"629",629,"H Lee"
"630",630,"D Owens"
"631",631,"S Cheung"
"632",632,"W Beaudot"
"633",633,"K Mullen"
"634",634,"L Scharff"
"635",635,"A Ahumada"
"636",636,"S Baldassi"
"637",637,"P Tse"
"638",638,"M Smith"
"639",639,"M Augath"
"640",640,"T Trinath"
"641",641,"N Logothetis"
"642",642,"J Read"
"643",643,"B Cumming"
"644",644,"A Parker"
"645",645,"T Maeda"
"646",646,"S Tachi"
"647",647,"M Albert"
"648",648,"S McKee"
"649",649,"A Norcia"
"650",650,"D Vreven"
"651",651,"T Yoshida"
"652",652,"N Osaka"
"653",653,"P Wilken"
"654",654,"J Mattingley"
"655",655,"J Saiki"
"656",656,"A Reinecke"
"657",657,"S Watt"
"658",658,"M Banks"
"659",659,"M Ernst"
"660",660,"J Zumer"
"661",661,"S Watamaniuk"
"662",662,"J Oss"
"663",663,"J Schlerf"
"664",664,"F Domini"
"665",665,"P Rosas"
"666",666,"J Wagemans"
"667",667,"F Norman"
"668",668,"P Hecke"
"669",669,"M Nawrot"
"670",670,"N Bell"
"671",671,"D Agarwal."
"672",672,"S Murray"
"673",673,"D Woods"
"674",674,"H Li"
"675",675,"E Kim"
"676",676,"V Interrante"
"677",677,"G Gorla"
"678",678,"S Kim"
"679",679,"H Hagh-Shenas"
"680",680,"G Sapiro"
"681",681,"A Fuzz"
"682",682,"R Emerson"
"683",683,"W Vaughn"
"684",684,"R Champion"
"685",685,"D Simmons"
"686",686,"H Boyaci"
"687",687,"B Bacon"
"688",688,"M Atherton"
"689",689,"H Amiri"
"690",690,"J Zhuang"
"691",691,"X Hu"
"692",692,"S He"
"693",693,"L Zhao"
"694",694,"B Farell"
"695",695,"A Zalevski"
"696",696,"N Hill"
"697",697,"A Whitaker"
"698",698,"S Pardhan"
"699",699,"J Wallace"
"700",700,"F Visco"
"701",701,"M Yanagisawa"
"702",702,"S Li"
"703",703,"A Dobbins"
"704",704,"B Sweet"
"705",705,"P Howe"
"706",706,"J Hillis"
"707",707,"T Ghose"
"708",708,"J Ding"
"709",709,"A Buckthought"
"710",710,"L Stelmach"
"711",711,"K Brooks"
"712",712,"L Stone"
"713",713,"K Elliot"
"714",714,"G Luffman"
"715",715,"J Wood"
"716",716,"M Woolf"
"717",717,"J Owens"
"718",718,"M Giese"
"719",719,"T Shipley"
"720",720,"M Shiffrar"
"721",721,"J Pinto"
"722",722,"K Parke"
"723",723,"H Paterson"
"724",724,"F Pollick"
"725",725,"A Ude"
"726",726,"K Fujimoto"
"727",727,"A Jacobs"
"728",728,"E Hiris"
"729",729,"M Cowan"
"730",730,"J Harrison"
"731",731,"B Fisher"
"732",732,"K Booth"
"733",733,"E Grossman"
"734",734,"L Cohen"
"735",735,"J Xing"
"736",736,"S Shimozaki"
"737",737,"M Eckstein"
"738",738,"C Abbey"
"739",739,"C Sauer"
"740",740,"G Andersen"
"741",741,"A Saidpour"
"742",742,"P Santiago"
"743",743,"A Chouchourelou"
"744",744,"K Danatzko"
"745",745,"R Dagan"
"746",746,"P DeLucia"
"747",747,"T Clarke"
"748",748,"S Hampson"
"749",749,"D Stanley"
"750",750,"N Rubin"
"751",751,"L Spillmann"
"752",752,"W Ehrenstein"
"753",753,"B Pinna"
"754",754,"Y Kamitani"
"755",755,"S Guttman"
"756",756,"P Kellman"
"757",757,"P Garrigan"
"758",758,"N Chung"
"759",759,"M Bross"
"760",760,"L Barghout"
"761",761,"S Palmer"
"762",762,"J Bhattacharya"
"763",763,"H Petsche"
"764",764,"S Zdravkovic"
"765",765,"A Gilchrist"
"766",766,"R Robilotto"
"767",767,"J Mcdonald"
"768",768,"Y Tadmor"
"769",769,"Z Liu"
"770",770,"L Issolio"
"771",771,"E Colombo"
"772",772,"A Derrington"
"773",773,"F Long"
"774",774,"P Duke"
"775",775,"S Chien"
"776",776,"K Bronson-Castain"
"777",777,"J Cataliotti"
"778",778,"F Bonato"
"779",779,"T Yoshizawa"
"780",780,"M Hawken"
"781",781,"R Watson"
"782",782,"D DiLenardo"
"783",783,"F Verstraten"
"784",784,"D Alais"
"785",785,"S Tsujimura"
"786",786,"T Takeuchi"
"787",787,"N Takahashi"
"788",788,"G Stoner"
"789",789,"M Smagt"
"790",790,"R Snowden"
"791",791,"E Kavanagh"
"792",792,"Y Sasaki"
"793",793,"I Murakami"
"794",794,"R Tootell"
"795",795,"S Nishida"
"796",796,"A Ruppertsberg"
"797",797,"S Wuerger"
"798",798,"M Bertamini"
"799",799,"C Paffen"
"800",800,"R Kanai"
"801",801,"S Ohtsuka"
"802",802,"D Nichols"
"803",803,"H Hock"
"804",804,"J Najemnik"
"805",805,"D Knill"
"806",806,"J Saunders"
"807",807,"N Matthews"
"808",808,"K Maruya"
"809",809,"J Li"
"810",810,"S Yeh"
"811",811,"D Hung"
"812",812,"T Kubodera"
"813",813,"L Gilroy"
"814",814,"P Hibbard"
"815",815,"V Tuck"
"816",816,"J Wilmer"
"817",817,"S Gepshtein"
"818",818,"C Levitan"
"819",819,"F Qiu"
"820",820,"T Macuda"
"821",821,"R Heydt"
"822",822,"D Matza-Brown"
"823",823,"L Shams"
"824",824,"S Thompson"
"825",825,"J Allman"
"826",826,"Y Cheng"
"827",827,"D Lampignano"
"828",828,"K Thoresz"
"829",829,"P Lipson"
"830",830,"P Sinha"
"831",831,"M Bar"
"832",832,"E Aminoff"
"833",833,"D Tadin"
"834",834,"C Pack"
"835",835,"R Born"
"836",836,"N Rust"
"837",837,"E Simoncelli"
"838",838,"J Ditterich"
"839",839,"M Mazurek"
"840",840,"N Majaj"
"841",841,"A Kohn"
"842",842,"W Bair"
"843",843,"T Pasternak"
"844",844,"D Zaksas"
"845",845,"B Fajen"
"846",846,"N Beem"
"847",847,"W Warren"
"848",848,"P Foo"
"849",849,"R Abdul-Salaam"
"850",850,"B Riecke"
"851",851,"M Heyde"
"852",852,"C Ellard"
"853",853,"L Thompson"
"854",854,"D Lyon"
"855",855,"J Kaas"
"856",856,"A Hudson"
"857",857,"S Kalik"
"858",858,"N Schiff"
"859",859,"K Purpura"
"860",860,"L Franco"
"861",861,"S Martinez-Conde"
"862",862,"X Troncoso"
"863",863,"S Macknik"
"864",864,"D Ress"
"865",865,"D Giaschi"
"866",866,"B Bjornson"
"867",867,"J Jan"
"868",868,"M Tata"
"869",869,"S Young"
"870",870,"C Lyons"
"871",871,"W Good"
"872",872,"P Wong"
"873",873,"F Durgin"
"874",874,"M Kearns"
"875",875,"P Fink"
"876",876,"J Wann"
"877",877,"R Wilkie"
"878",878,"A Brouwer"
"879",879,"E Brenner"
"880",880,"J Smeets"
"881",881,"M McBeath"
"882",882,"T Sugar"
"883",883,"S Morgan"
"884",884,"C Oberle"
"885",885,"K Mundhra"
"886",886,"A Suluh"
"887",887,"K Watanabe"
"888",888,"J Solomon"
"889",889,"S Shomstein"
"890",890,"S Yantis"
"891",891,"K Shapiro"
"892",892,"F Schmitz"
"893",893,"S Martens"
"894",894,"K Mueller"
"895",895,"D Loach"
"896",896,"E Akyürek"
"897",897,"B Hommel"
"898",898,"A Schnitzler"
"899",899,"K Schneider"
"900",900,"D Bavelier"
"901",901,"L Reddy"
"902",902,"M Raffi"
"903",903,"R Siegel"
"904",904,"M Proulx"
"905",905,"H Egeth"
"906",906,"T Murakoshi"
"907",907,"Y Osada"
"908",908,"S Most"
"909",909,"V Denti"
"910",910,"D Spinelli"
"911",911,"M Meng"
"912",912,"F Tong"
"913",913,"L Lesmes"
"914",914,"Y Ho"
"915",915,"Y Hibi"
"916",916,"J Geng"
"917",917,"E Freeman"
"918",918,"J Driver"
"919",919,"D Sagi"
"920",920,"L Fournier"
"921",921,"K Brown"
"922",922,"R Winters"
"923",923,"U Feintuch"
"924",924,"A Cohen"
"925",925,"J Davenport"
"926",926,"M Potter"
"927",927,"Y Chiba"
"928",928,"B McElree"
"929",929,"A Giordano"
"930",930,"R Ee"
"931",931,"C Erkelens"
"932",932,"K Sobel"
"933",933,"J Hupé"
"934",934,"R Lotto"
"935",935,"T Andrews"
"936",936,"Z He"
"937",937,"T Ooi"
"938",938,"J Grossmann"
"939",939,"X Chen"
"940",940,"S Zucker"
"941",941,"O Shahar"
"942",942,"P Warren"
"943",943,"M Berg"
"944",944,"J Schirillo"
"945",945,"M Kubovy"
"946",946,"S Brandt"
"947",947,"B Terwey"
"948",948,"E Grant"
"949",949,"J Kim"
"950",950,"F Sgorbissa"
"951",951,"W Gerbino"
"952",952,"J Pomerantz"
"953",953,"A Agrawal"
"954",954,"M Portillo"
"955",955,"F Poirier"
"956",956,"B Frost"
"957",957,"M Palomares"
"958",958,"E Palmer"
"959",959,"E Oyama"
"960",960,"H Ando"
"961",961,"J Lorenceau"
"962",962,"P Seriés"
"963",963,"K Ryota"
"964",964,"J Hulleman"
"965",965,"C Fantoni"
"966",966,"R Elias"
"967",967,"J DeWinter"
"968",968,"S Panis"
"969",969,"T Padovani"
"970",970,"D Kiper"
"971",971,"A Byrne"
"972",972,"C Altmann"
"973",973,"E Vessel"
"974",974,"I Biederman"
"975",975,"L Velisavljevic"
"976",976,"A Torralba"
"977",977,"J Steeves"
"978",978,"J Culham"
"979",979,"T Sanocki"
"980",980,"K Swartz"
"981",981,"E Sellers"
"982",982,"C Nilson"
"983",983,"D Hoffman"
"984",984,"M Niemeier"
"985",985,"J Crawford"
"986",986,"D Tweed"
"987",987,"B Hansen"
"988",988,"J DeFord"
"989",989,"M Sinai"
"990",990,"E Essock"
"991",991,"C Zhou"
"992",992,"G Holt"
"993",993,"B Mel"
"994",994,"M Beck"
"995",995,"T Zhang"
"996",996,"K Britten"
"997",997,"J Sumnall"
"998",998,"R Gilmore"
"999",999,"R Post"
"1000",1000,"R Welch"
"1001",1001,"J Teague"
"1002",1002,"J Lindholm"
"1003",1003,"A Scharine"
"1004",1004,"S Chaudhry"
"1005",1005,"B Pierce"
"1006",1006,"P Jaekl"
"1007",1007,"R Allison"
"1008",1008,"L Harris"
"1009",1009,"H Jenkin"
"1010",1010,"M Jenkin"
"1011",1011,"J Zacher"
"1012",1012,"D Zikovitz"
"1013",1013,"B Dyre"
"1014",1014,"K Kludt"
"1015",1015,"J Cronly-Dillon"
"1016",1016,"K Persaud"
"1017",1017,"R Gregory"
"1018",1018,"J Wu"
"1019",1019,"B Wu"
"1020",1020,"M Voshell"
"1021",1021,"F Phillips"
"1022",1022,"W Readinger"
"1023",1023,"D O'Connor"
"1024",1024,"E Matsushima"
"1025",1025,"N Ribeiro-Filho"
"1026",1026,"B Gomes"
"1027",1027,"J Silva"
"1028",1028,"W Li"
"1029",1029,"L Matin"
"1030",1030,"J Kawahara"
"1031",1031,"C Gottesman"
"1032",1032,"F James"
"1033",1033,"N Giudice"
"1034",1034,"S Mason"
"1035",1035,"G Giraudet"
"1036",1036,"C Roumes"
"1037",1037,"C Fox"
"1038",1038,"L Vandenbeld"
"1039",1039,"R Rosenholtz"
"1040",1040,"A Nagy"
"1041",1041,"A Popple"
"1042",1042,"Y Petrov"
"1043",1043,"E Põder"
"1044",1044,"A Panagopoulos"
"1045",1045,"Z Li"
"1046",1046,"D Lee"
"1047",1047,"S Quessy"
"1048",1048,"D Lamy"
"1049",1049,"A Leber"
"1050",1050,"T Imaruoka"
"1051",1051,"S Miyauchi"
"1052",1052,"M Hyle"
"1053",1053,"N Vasan"
"1054",1054,"S Butcher"
"1055",1055,"A Gellatly"
"1056",1056,"G Cole"
"1057",1057,"R Houtkamp"
"1058",1058,"H Spekreijse"
"1059",1059,"P Roelfsema"
"1060",1060,"B Goolsby"
"1061",1061,"K Frieder"
"1062",1062,"C Dickinson"
"1063",1063,"G Zelinsky"
"1064",1064,"E Davis"
"1065",1065,"R Michel"
"1066",1066,"T Shikano"
"1067",1067,"K Sathian"
"1068",1068,"G Patel"
"1069",1069,"B Beutter"
"1070",1070,"J Krauskopf"
"1071",1071,"T Wachtler"
"1072",1072,"S Rotter"
"1073",1073,"R Hertel"
"1074",1074,"D Beer"
"1075",1075,"S Anstis"
"1076",1076,"D MacLeod"
"1077",1077,"A Werner"
"1078",1078,"L Sharpe"
"1079",1079,"Y Emori"
"1080",1080,"T Toyooka"
"1081",1081,"K Yokoi"
"1082",1082,"A Brewer"
"1083",1083,"A Wade"
"1084",1084,"B Wandell"
"1085",1085,"B Hartung"
"1086",1086,"S Maloney"
"1087",1087,"S Hersh"
"1088",1088,"A Johnston"
"1089",1089,"J"
"1090",1090,"I Mukai"
"1091",1091,"H Hibino"
"1092",1092,"J Fiser"
"1093",1093,"R Aslin"
"1094",1094,"J Gold"
"1095",1095,"I Fine"
"1096",1096,"R Jacobs"
"1097",1097,"J Marotta"
"1098",1098,"M Harel"
"1099",1099,"U Hasson"
"1100",1100,"J Rivest"
"1101",1101,"M Moscovitch"
"1102",1102,"D Kaping"
"1103",1103,"A Bilson"
"1104",1104,"C O'Donnell"
"1105",1105,"H Wilson"
"1106",1106,"F Wilkinson"
"1107",1107,"G Loffler"
"1108",1108,"E McKone"
"1109",1109,"N Sprague"
"1110",1110,"A Ma-Wyatt"
"1111",1111,"M Morrone"
"1112",1112,"C Simion"
"1113",1113,"C Scheier"
"1114",1114,"E Shimojo"
"1115",1115,"S Yang"
"1116",1116,"J Edelman"
"1117",1117,"M Cherkasova"
"1118",1118,"R McPeek"
"1119",1119,"E Keller"
"1120",1120,"J Mulligan"
"1121",1121,"A Lindner"
"1122",1122,"U Ilg"
"1123",1123,"S Heinen"
"1124",1124,"Y Kim"
"1125",1125,"J DeSouza"
"1126",1126,"S Everling"
"1127",1127,"J Miller"
"1128",1128,"C Bockisch"
"1129",1129,"D Godwin"
"1130",1130,"N Kurukulasuriya"
"1131",1131,"W Carden"
"1132",1132,"J Mu"
"1133",1133,"M Hoffmann"
"1134",1134,"A Morland"
"1135",1135,"A Moore"
"1136",1136,"D Tolhurst"
"1137",1137,"C Hung"
"1138",1138,"B Ramsden"
"1139",1139,"A Smith"
"1140",1140,"K Singh"
"1141",1141,"W Grind"
"1142",1142,"P Sumner"
"1143",1143,"T Adamjee"
"1144",1144,"J Mollon"
"1145",1145,"T Liu"
"1146",1146,"S Slotnick"
"1147",1147,"M Saenz"
"1148",1148,"G Buracas"
"1149",1149,"D Parkhurst"
"1150",1150,"E Niebur"
"1151",1151,"S Franconeri"
"1152",1152,"D Simons"
"1153",1153,"Y Yeshurun"
"1154",1154,"L Levy"
"1155",1155,"G Marom"
"1156",1156,"T Watson"
"1157",1157,"T Susi"
"1158",1158,"J Burdette"
"1159",1159,"P Laurienti"
"1160",1160,"M Anes"
"1161",1161,"H Sprunger"
"1162",1162,"M Heilala"
"1163",1163,"G Yovel"
"1164",1164,"K Paller"
"1165",1165,"J Levy"
"1166",1166,"A Yip"
"1167",1167,"C Vinette"
"1168",1168,"K Doerschner"
"1169",1169,"T Tanskanen"
"1170",1170,"R Näsänen"
"1171",1171,"T Montez"
"1172",1172,"J Päällysaho"
"1173",1173,"R Hari"
"1174",1174,"S Snow"
"1175",1175,"G Lannen"
"1176",1176,"A O'Toole"
"1177",1177,"H Abdi"
"1178",1178,"A Schwaninger"
"1179",1179,"S Collishaw"
"1180",1180,"J Lobmaier"
"1181",1181,"Y Nagasaka"
"1182",1182,"D Roark"
"1183",1183,"J Murray"
"1184",1184,"P McMullen"
"1185",1185,"K Matsumiya"
"1186",1186,"M Martelli"
"1187",1187,"D Pelli"
"1188",1188,"M Mangini"
"1189",1189,"C Hong"
"1190",1190,"H Seetzen"
"1191",1191,"A Burton"
"1192",1192,"J Liu"
"1193",1193,"A Harris"
"1194",1194,"B Knappmeyer"
"1195",1195,"N Etcoff"
"1196",1196,"T Kelley"
"1197",1197,"A Hsu"
"1198",1198,"L Robertson"
"1199",1199,"R Ivry"
"1200",1200,"V Goffaux"
"1201",1201,"B Jemel"
"1202",1202,"C Jacques"
"1203",1203,"I Gauthier"
"1204",1204,"J Tanaka"
"1205",1205,"F Fang"
"1206",1206,"B Gelder"
"1207",1207,"G Pourtois"
"1208",1208,"M Dal"
"1209",1209,"I Bülthoff"
"1210",1210,"L Betts"
"1211",1211,"L Bono"
"1212",1212,"G Yarbrough"
"1213",1213,"T Leng"
"1214",1214,"M Tofield"
"1215",1215,"A Thurrell"
"1216",1216,"A Pelah"
"1217",1217,"J Campos"
"1218",1218,"K Strode"
"1219",1219,"N Jones"
"1220",1220,"M Berry"
"1221",1221,"D Alfred"
"1222",1222,"T Carberry"
"1223",1223,"R Lehman"
"1224",1224,"M Kitazaki"
"1225",1225,"T Yoshino"
"1226",1226,"C Kallie"
"1227",1227,"M Jacobs"
"1228",1228,"P Jonathon"
"1229",1229,"M Harrison"
"1230",1230,"L Fox"
"1231",1231,"H Frenz"
"1232",1232,"A Chatziastros"
"1233",1233,"H Buelthoff"
"1234",1234,"M Harasawa"
"1235",1235,"C Habak"
"1236",1236,"R Goutcher"
"1237",1237,"H Falkenberg"
"1238",1238,"S Durant"
"1239",1239,"M Luca"
"1240",1240,"C Caudek"
"1241",1241,"A Vecchio"
"1242",1242,"W Curran"
"1243",1243,"A Cobo-Lewis"
"1244",1244,"L Bowns"
"1245",1245,"C Benton"
"1246",1246,"P Bayerl"
"1247",1247,"J Barraza"
"1248",1248,"N Grzywacz"
"1249",1249,"K Amano"
"1250",1250,"B Rogers"
"1251",1251,"Z Pappas"
"1252",1252,"A Mack"
"1253",1253,"M Hofbauer"
"1254",1254,"G Meyer"
"1255",1255,"M Sibigtroth"
"1256",1256,"P MacNeilage"
"1257",1257,"B Sheth"
"1258",1258,"T Kayahara"
"1259",1259,"M Kobayashi"
"1260",1260,"A Girshick"
"1261",1261,"R Cooper"
"1262",1262,"G Geiger"
"1263",1263,"C Cattaneo"
"1264",1264,"R Galli"
"1265",1265,"U Pozzoli"
"1266",1266,"M Lorusso"
"1267",1267,"A Facoetti"
"1268",1268,"S Pesenti"
"1269",1269,"M Molteni"
"1270",1270,"T Dobie"
"1271",1271,"W Dunlap"
"1272",1272,"M Blancaneaux"
"1273",1273,"H Mitsumatsu"
"1274",1274,"J Winter"
"1275",1275,"N Toyofuku"
"1276",1276,"T Nguyen"
"1277",1277,"A Wong"
"1278",1278,"T McKeeff"
"1279",1279,"J Solberg"
"1280",1280,"R Russell"
"1281",1281,"R Rauschenberger"
"1282",1282,"F Mosca"
"1283",1283,"N Bruno"
"1284",1284,"M Schulz"
"1285",1285,"J Peissig"
"1286",1286,"M Young"
"1287",1287,"E Wasserman"
"1288",1288,"Y Ostrovsky"
"1289",1289,"L Likova"
"1290",1290,"N Kirkham"
"1291",1291,"D Richardson"
"1292",1292,"J Rosekrans"
"1293",1293,"G Kayaert"
"1294",1294,"R Vogels"
"1295",1295,"T Kasai"
"1296",1296,"T Kumada"
"1297",1297,"J Johnson"
"1298",1298,"M Graf"
"1299",1299,"C Collin"
"1300",1300,"T Carlson"
"1301",1301,"R Behizadeh"
"1302",1302,"E Barenholtz"
"1303",1303,"C Vaitsou"
"1304",1304,"D Schacter"
"1305",1305,"M Lee"
"1306",1306,"A Plooy"
"1307",1307,"S Danckert"
"1308",1308,"J Brooks"
"1309",1309,"H Farid"
"1310",1310,"E Adelson"
"1311",1311,"D Cunningham"
"1312",1312,"A Graf"
"1313",1313,"C Howe"
"1314",1314,"X Ren"
"1315",1315,"M Herzog"
"1316",1316,"M Grabowecky"
"1317",1317,"M Bravo"
"1318",1318,"M Brady"
"1319",1319,"S Rushton"
"1320",1320,"J Kelly"
"1321",1321,"A Beall"
"1322",1322,"J Loomis"
"1323",1323,"C Feria"
"1324",1324,"M Braunstein"
"1325",1325,"R Cuijpers"
"1326",1326,"D Grave"
"1327",1327,"P Bernardis"
"1328",1328,"V Franz"
"1329",1329,"D Whitney"
"1330",1330,"J Mazer"
"1331",1331,"J Gallant"
"1332",1332,"N Bichot"
"1333",1333,"A Rossi"
"1334",1334,"L Ungerleider"
"1335",1335,"R Desimone"
"1336",1336,"V Maljkovic"
"1337",1337,"P Chang"
"1338",1338,"U Rajashekar"
"1339",1339,"A Bovik"
"1340",1340,"T Horowitz"
"1341",1341,"H Arsenio"
"1342",1342,"M Spivey"
"1343",1343,"M Tyler"
"1344",1344,"J Gobell"
"1345",1345,"C Tseng"
"1346",1346,"C Royden"
"1347",1347,"D Conti"
"1348",1348,"S Tripathy"
"1349",1349,"H Ito"
"1350",1350,"J Sadr"
"1351",1351,"B Fatke"
"1352",1352,"C Massay"
"1353",1353,"J Spencer-Smith"
"1354",1354,"Ä Innes-Ker"
"1355",1355,"J Townsend"
"1356",1356,"M Nederhouser"
"1357",1357,"O Elgavi-Hershler"
"1358",1358,"S Hochstein"
