"","id","label"
"1",1,"S Fuller"
"2",2,"M Carrasco"
"3",3,"P Chen"
"4",4,"J Mordkoff"
"5",5,"C Moore"
"6",6,"W Zhang"
"7",7,"S Luck"
"8",8,"L Lanagan"
"9",9,"E Fine"
"10",10,"E Blaser"
"11",11,"Z Kaldy"
"12",12,"K Eddy"
"13",13,"M Pomplun"
"14",14,"M Wiediger"
"15",15,"L Fournier"
"16",16,"V Navalpakkam"
"17",17,"S Telang"
"18",18,"L Itti"
"19",19,"S Franconeri"
"20",20,"G Alvarez"
"21",21,"J Enns"
"22",22,"A Ariga"
"23",23,"K Yokosawa"
"24",24,"J McCarley"
"25",25,"J Mounts"
"26",26,"M Hillimire"
"27",27,"H Chao"
"28",28,"T Yang"
"29",29,"E Olds"
"30",30,"A Weber"
"31",31,"M Tombu"
"32",32,"J Tsotsos"
"33",33,"L Thomas"
"34",34,"M Ambinder"
"35",35,"B Hsieh"
"36",36,"B Levinthal"
"37",37,"J Crowell"
"38",38,"D Irwin"
"39",39,"A Kramer"
"40",40,"A Lleras"
"41",41,"D Simons"
"42",42,"R Wang"
"43",43,"L Jefferies"
"44",44,"V Lollo"
"45",45,"S Schuch"
"46",46,"S Tipper"
"47",47,"M Sakurai"
"48",48,"K Mullen"
"49",49,"E Johnson"
"50",50,"T Tucker"
"51",51,"D Fitzpatrick"
"52",52,"A Montesanto"
"53",53,"M Penna"
"54",54,"G Tascini"
"55",55,"Y Lin"
"56",56,"C Chen"
"57",57,"K Cardinal"
"58",58,"S Engel"
"59",59,"R Baraas"
"60",60,"D Foster"
"61",61,"K Amano"
"62",62,"S Nascimento"
"63",63,"J Liu"
"64",64,"B Wandell"
"65",65,"L Jakobson"
"66",66,"P Pearson"
"67",67,"B Robertson"
"68",68,"Y Aloimonos"
"69",69,"C Fermuller"
"70",70,"M Nakano"
"71",71,"S Tanabe"
"72",72,"Y Mori"
"73",73,"B Ikegami"
"74",74,"I Fujita"
"75",75,"M Pereverzeva"
"76",76,"D Teller"
"77",77,"Y Kim"
"78",78,"M Grabowecky"
"79",79,"K Paller"
"80",80,"S Suzuki"
"81",81,"L Hecht"
"82",82,"S Vecera"
"83",83,"J Nelson"
"84",84,"H Denney"
"85",85,"J Brown"
"86",86,"G Blanc"
"87",87,"G Stoner"
"88",88,"J Lu"
"89",89,"R Yakupov"
"90",90,"C Lozar"
"91",91,"L Chang"
"92",92,"T Ernst"
"93",93,"M Niemeier"
"94",94,"B Stojanoski"
"95",95,"D Kravitz"
"96",96,"M Behrmann"
"97",97,"A Richard"
"98",98,"A Hollingworth"
"99",99,"W Chou"
"100",100,"S Yeh"
"101",101,"C Owens"
"102",102,"B Spehar"
"103",103,"I Reppa"
"104",104,"C Leek"
"105",105,"D Walther"
"106",106,"T Serre"
"107",107,"T Poggio"
"108",108,"C Koch"
"109",109,"J Wong"
"110",110,"A Hillstrom"
"111",111,"Y Chai"
"112",112,"S Mitroff"
"113",113,"E Cheries"
"114",114,"B Scholl"
"115",115,"K Wynn"
"116",116,"J Roitman"
"117",117,"E Brannon"
"118",118,"M Platt"
"119",119,"S Chong"
"120",120,"R Blake"
"121",121,"A Yazdanbakhsh"
"122",122,"S Grossberg"
"123",123,"D Alais"
"124",124,"A Parker"
"125",125,"A Buckthought"
"126",126,"H Wilson"
"127",127,"J Brascamp"
"128",128,"A Noest"
"129",129,"A Berg"
"130",130,"C Abbey"
"131",131,"B Pham"
"132",132,"S Shimozaki"
"133",133,"M Eckstein"
"134",134,"B Balas"
"135",135,"P Sinha"
"136",136,"S Mednick"
"137",137,"S Drummond"
"138",138,"A Arman"
"139",139,"G Boynton"
"140",140,"M Ben-Shachar"
"141",141,"R Dougherty"
"142",142,"G Deutsch"
"143",143,"P Potanina"
"144",144,"J Fiser"
"145",145,"M Roser"
"146",146,"R Aslin"
"147",147,"M Gazzaniga"
"148",148,"H Beeck"
"149",149,"C Baker"
"150",150,"S Rindler"
"151",151,"N Kanwisher"
"152",152,"J Gold"
"153",153,"S Cook"
"154",154,"D Tadin"
"155",155,"N Troje"
"156",156,"C Westhoff"
"157",157,"L Likova"
"158",158,"C Tyler"
"159",159,"S Anstis"
"160",160,"H Ito"
"161",161,"C Benton"
"162",162,"J O'Brien"
"163",163,"B Friedrich"
"164",164,"P Mamassian"
"165",165,"Z Kourtzi"
"166",166,"A Vatakis"
"167",167,"B Krekelberg"
"168",168,"C Green"
"169",169,"D Bavelier"
"170",170,"C Lefebvre"
"171",171,"A Seitz"
"172",172,"T Watanabe"
"173",173,"P Jolicoeur"
"174",174,"E Vogel"
"175",175,"A McCollough"
"176",176,"J Fair"
"177",177,"G Woodman"
"178",178,"N Turk-Browne"
"179",179,"J Junge"
"180",180,"G Humphreys"
"181",181,"D Watson"
"182",182,"A Robinson"
"183",183,"A Manzi"
"184",184,"J Triesch"
"185",185,"S Park"
"186",186,"M Kim"
"187",187,"M Chun"
"188",188,"L Gilroy"
"189",189,"S Kim"
"190",190,"S Lee"
"191",191,"M Kitazaki"
"192",192,"K Mase"
"193",193,"M Meng"
"194",194,"F Tong"
"195",195,"T Ooi"
"196",196,"Z He"
"197",197,"Y Su"
"198",198,"C Paffen"
"199",199,"S Pas"
"200",200,"F Verstraten"
"201",201,"J Beintema"
"202",202,"A Oleksiak"
"203",203,"R Wezel"
"204",204,"B Breitmeyer"
"205",205,"H Ogmen"
"206",206,"A Koc"
"207",207,"G Rees"
"208",208,"J Haynes"
"209",209,"S Hong"
"210",210,"S Shevell"
"211",211,"N Duponsel"
"212",212,"O Overbury"
"213",213,"A Maier"
"214",214,"M Wilke"
"215",215,"N Logothetis"
"216",216,"D Leopold"
"217",217,"D Crewther"
"218",218,"A Panayiotou"
"219",219,"F Fang"
"220",220,"S He"
"221",221,"L Gibson"
"222",222,"J Sadr"
"223",223,"K Nakayama"
"224",224,"H Ikeda"
"225",225,"K Watanabe"
"226",226,"E Zyborowicz"
"227",227,"J Pinto"
"228",228,"S Balk"
"229",229,"T Carpenter"
"230",230,"J Brooks"
"231",231,"J Rubinstein"
"232",232,"R Tyrrell"
"233",233,"A Freire"
"234",234,"D Maurer"
"235",235,"T Lewis"
"236",236,"J Garcia"
"237",237,"E Grossman"
"238",238,"E Hiris"
"239",239,"C Cramer"
"240",240,"H Lu"
"241",241,"A Yuille"
"242",242,"Z Liu"
"243",243,"V Stara"
"244",244,"M Boi"
"245",245,"S Oh"
"246",246,"M Shiffrar"
"247",247,"R Sigala"
"248",248,"M Giese"
"249",249,"S Place"
"250",250,"J Wolfe"
"251",251,"D Fencsik"
"252",252,"T Horowitz"
"253",253,"S Klieger"
"254",254,"J Mitchell"
"255",255,"K Sundberg"
"256",256,"J Reynolds"
"257",257,"J Reilly"
"258",258,"Z Pylyshyn"
"259",259,"C King"
"260",260,"J Rein"
"261",261,"T Yoshida"
"262",262,"S Shioiri"
"263",263,"S Johnson"
"264",264,"C Curtis"
"265",265,"S Shuwairi"
"266",266,"J Benjamins"
"267",267,"M Smagt"
"268",268,"E Freeman"
"269",269,"R Schwarzlose"
"270",270,"G Yovel"
"271",271,"M Mangini"
"272",272,"B Duchaine"
"273",273,"K Dingle"
"274",274,"J Chiao"
"275",275,"H Kenser"
"276",276,"N Ambady"
"277",277,"R Caldara"
"278",278,"M Smith"
"279",279,"J Han"
"280",280,"C Michel"
"281",281,"M McCotter"
"282",282,"C Chung"
"283",283,"P Schyns"
"284",284,"L Yoon"
"285",285,"M Honma"
"286",286,"Y Osada"
"287",287,"K Irwin"
"288",288,"B Jones"
"289",289,"L DeBruine"
"290",290,"J Williams"
"291",291,"M Mon-Williams"
"292",292,"P McGinty"
"293",293,"Y Otsuka"
"294",294,"S Kanazawa"
"295",295,"M Yamaguchi"
"296",296,"A O'Toole"
"297",297,"H Abdi"
"298",298,"S White"
"299",299,"S Lomber"
"300",300,"P Cornwell"
"301",301,"C Oriet"
"302",302,"M Dasara"
"303",303,"P Penna"
"304",304,"B Pinna"
"305",305,"S Chuang"
"306",306,"R Rensink"
"307",307,"J Comerford"
"308",308,"F Thorn"
"309",309,"B Bodkin"
"310",310,"R Gurnsey"
"311",311,"G Pagé"
"312",312,"J McAnany"
"313",313,"M Levine"
"314",314,"E Miyahara"
"315",315,"A Klerer"
"316",316,"K Muna"
"317",317,"P Hwang"
"318",318,"K Kline"
"319",319,"A Holcombe"
"320",320,"D Eagleman"
"321",321,"P Wenderoth"
"322",322,"K Hamburger"
"323",323,"L Spillmann"
"324",324,"G Chan"
"325",325,"L Zavodni"
"326",326,"J Campos"
"327",327,"Y Kok"
"328",328,"H Sun"
"329",329,"M Huff"
"330",330,"B Garsoffky"
"331",331,"S Schwan"
"332",332,"Z Bian"
"333",333,"M Braunstein"
"334",334,"G Andersen"
"335",335,"T Sanocki"
"336",336,"C Gottesman"
"337",337,"J Davenport"
"338",338,"M Castelhano"
"339",339,"J Henderson"
"340",340,"A Torralba"
"341",341,"A Oliva"
"342",342,"M Greene"
"343",343,"V Maljkovic"
"344",344,"P Martini"
"345",345,"J DiMase"
"346",346,"K Michod"
"347",347,"T Drew"
"348",348,"M Kikuchi"
"349",349,"K Sakai"
"350",350,"Y Hirai"
"351",351,"D Smilek"
"352",352,"T Leeuwen"
"353",353,"E Birmingham"
"354",354,"M Toufaniasl"
"355",355,"A Kingstone"
"356",356,"C Hunter"
"357",357,"A Warlaumont"
"358",358,"S Edelman"
"359",359,"C Tailby"
"360",360,"S Solomon"
"361",361,"N Dhruv"
"362",362,"N Majaj"
"363",363,"P Lennie"
"364",364,"X Huang"
"365",365,"T Albright"
"366",366,"B Willmore"
"367",367,"R Prenger"
"368",368,"J Gallant"
"369",369,"N Rust"
"370",370,"E Simoncelli"
"371",371,"J Movshon"
"372",372,"A Benucci"
"373",373,"R Frazor"
"374",374,"M Carandini"
"375",375,"W Bair"
"376",376,"J Vinberg"
"377",377,"K Grill-Spector"
"378",378,"D Gajewski"
"379",379,"M Bar"
"380",380,"E Aminoff"
"381",381,"J Boshyan"
"382",382,"M Fenske"
"383",383,"N Gronauo"
"384",384,"K Kassam"
"385",385,"A Ghuman"
"386",386,"H Boshyan"
"387",387,"M Nederhouser"
"388",388,"I Biederman"
"389",389,"J Davidoff"
"390",390,"X Yue"
"391",391,"G Kayaert"
"392",392,"R Vogels"
"393",393,"D Kim"
"394",394,"K Kawasaki"
"395",395,"D Sheinberg"
"396",396,"V Bonnardel"
"397",397,"N Pitchford"
"398",398,"D Cao"
"399",399,"S Dumoulin"
"400",400,"K McMahon"
"401",401,"M Bryant"
"402",402,"G Zubicaray"
"403",403,"R Hess"
"404",404,"A Shapiro"
"405",405,"A Bompas"
"406",406,"J O'Regan"
"407",407,"P Monnier"
"408",408,"E Young"
"409",409,"A Gee"
"410",410,"A Ipata"
"411",411,"J Bisley"
"412",412,"M Goldberg"
"413",413,"A McCoy"
"414",414,"J Jovancevic"
"415",415,"B Sullivan"
"416",416,"M Hayhoe"
"417",417,"M Histed"
"418",418,"E Miller"
"419",419,"M Nezhad"
"420",420,"A Motamed"
"421",421,"B Tjan"
"422",422,"I Arend"
"423",423,"S Johnston"
"424",424,"K Shapiro"
"425",425,"N Roberts"
"426",426,"A Zhaman"
"427",427,"S Ghorashi"
"428",428,"S Crewther"
"429",429,"J Meadows"
"430",430,"D Loach"
"431",431,"M Nieuwenstein"
"432",432,"P Dux"
"433",433,"V Coltheart"
"434",434,"J Kawahara"
"435",435,"Y Gabari"
"436",436,"F Richer"
"437",437,"S Marti"
"438",438,"V Paradis"
"439",439,"M Thibeault"
"440",440,"E Martin"
"441",441,"Y Tsushima"
"442",442,"B Wyble"
"443",443,"H Bowman"
"444",444,"A Brouwer"
"445",445,"V Franz"
"446",446,"D Kerzel"
"447",447,"K Gegenfurtner"
"448",448,"H Kaneko"
"449",449,"M Fischer"
"450",450,"J Prinz"
"451",451,"K Lotz"
"452",452,"F Feloiu"
"453",453,"J Marotta"
"454",454,"S Black"
"455",455,"J Crawford"
"456",456,"B Heider"
"457",457,"K Ahrens"
"458",458,"R Siegel"
"459",459,"Y Lee"
"460",460,"G Bingham"
"461",461,"J Norman"
"462",462,"C Crabtree"
"463",463,"A Mulroue"
"464",464,"S Wu"
"465",465,"L Maloney"
"466",466,"M Martello"
"467",467,"H Tassinari"
"468",468,"M Landy"
"469",469,"T Hudson"
"470",470,"J Trommershauser"
"471",471,"S Obhi"
"472",472,"M Goodale"
"473",473,"Y Tani"
"474",474,"Y Nakajima"
"475",475,"K Maruya"
"476",476,"T Sato"
"477",477,"A Ma-Wyatt"
"478",478,"S McKee"
"479",479,"S Collier"
"480",480,"A Cobo-Lewis"
"481",481,"C Morvan"
"482",482,"M Wexler"
"483",483,"R Rajimehr"
"484",484,"A Schlack"
"485",485,"J Souman"
"486",486,"T Freeman"
"487",487,"J Tong"
"488",488,"M Aydin"
"489",489,"H Bedell"
"490",490,"T Lien"
"491",491,"P Cisarik"
"492",492,"S Patel"
"493",493,"A Shrivastava"
"494",494,"J Pelz"
"495",495,"R Mruczek"
"496",496,"C Royden"
"497",497,"E Connors"
"498",498,"K Mahoney"
"499",499,"Y Yeshurun"
"500",500,"R Goutcher"
"501",501,"G Loffler"
"502",502,"J Greenwood"
"503",503,"M Edwards"
"504",504,"H Kanaya"
"505",505,"K MacKenzie"
"506",506,"L Wilcox"
"507",507,"S Posey"
"508",508,"S Watamaniuk"
"509",509,"C Khin"
"510",510,"R Carlow"
"511",511,"D Nguyen-Tri"
"512",512,"J Faubert"
"513",513,"W Curran"
"514",514,"L O'Kane"
"515",515,"W Sohn"
"516",516,"A Seiffert"
"517",517,"Y Kamitani"
"518",518,"J Lindholm"
"519",519,"C Tai"
"520",520,"L McLin"
"521",521,"F Previc"
"522",522,"L Barnes"
"523",523,"S Dziuban"
"524",524,"G Hengst"
"525",525,"T Kuyk"
"526",526,"W Kosnik"
"527",527,"P Smith"
"528",528,"D Kee"
"529",529,"B Novar"
"530",530,"G Polhamus"
"531",531,"E Stavrou"
"532",532,"J Wood"
"533",533,"D Battistutta"
"534",534,"S Lo"
"535",535,"A Haun"
"536",536,"B Hansen"
"537",537,"E Essock"
"538",538,"R Hauck"
"539",539,"S Gustas"
"540",540,"M Leary"
"541",541,"J Lappin"
"542",542,"J Nyquist"
"543",543,"D Poggel"
"544",544,"H Strasburger"
"545",545,"M MacKeben"
"546",546,"J Gobell"
"547",547,"D Stanley"
"548",548,"B Montagna"
"549",549,"F Pestilli"
"550",550,"R Faludi"
"551",551,"J Avakov"
"552",552,"C Marisa"
"553",553,"M Paul"
"554",554,"A Hayes"
"555",555,"A Nishimura"
"556",556,"L Kouhsari"
"557",557,"J Hong"
"558",558,"T Papathomas"
"559",559,"Z Vidnyánszky"
"560",560,"V Ciaramitaro"
"561",561,"S Arnott"
"562",562,"B Stephens"
"563",563,"D Slack"
"564",564,"C Chubb"
"565",565,"I Mareschal"
"566",566,"S Dakin"
"567",567,"P Bex"
"568",568,"E Cameron"
"569",569,"E Poder"
"570",570,"Y Wang"
"571",571,"C Liu"
"572",572,"J Solomon"
"573",573,"M Morgan"
"574",574,"J Foley"
"575",575,"S Varadharajan"
"576",576,"C Koh"
"577",577,"M Farias"
"578",578,"S Sukumar"
"579",579,"S Waugh"
"580",580,"I Oruc"
"581",581,"D Pelli"
"582",582,"J Leaper"
"583",583,"A Sahraie"
"584",584,"P McGeorge"
"585",585,"D Carey"
"586",586,"P Huang"
"587",587,"F Kingdom"
"588",588,"R Kothari"
"589",589,"K Mahon"
"590",590,"A Kingdon"
"591",591,"D Ellemberg"
"592",592,"J Malpeli"
"593",593,"I Kang"
"594",594,"R Reem"
"595",595,"A Kaczmarowski"
"596",596,"J Aspell"
"597",597,"O Braddick"
"598",598,"J Atkinson"
"599",599,"J Wattam-Bell"
"600",600,"H Bridge"
"601",601,"H Payne"
"602",602,"P Sowden"
"603",603,"A Myers"
"604",604,"S Menees"
"605",605,"M Bach"
"606",606,"I Howard"
"607",607,"V Nguyen"
"608",608,"B Cheung"
"609",609,"R Dyde"
"610",610,"M Jenkin"
"611",611,"L Harris"
"612",612,"J Stefanucci"
"613",613,"D Proffitt"
"614",614,"G Clore"
"615",615,"C Riener"
"616",616,"J Witt"
"617",617,"V Dilda"
"618",618,"S Creem-Regehr"
"619",619,"W Thompson"
"620",620,"A Glennerster"
"621",621,"S Gilson"
"622",622,"L Tcheang"
"623",623,"S Schnall"
"624",624,"J Augustyn"
"625",625,"J Wu"
"626",626,"B Wu"
"627",627,"R Klatzky"
"628",628,"J Park"
"629",629,"S Shimojo"
"630",630,"J Schlag"
"631",631,"D Arnold"
"632",632,"A Johnston"
"633",633,"E Brenner"
"634",634,"J Smeets"
"635",635,"C Cantor"
"636",636,"C Schor"
"637",637,"J Lopez-Moliner"
"638",638,"D Linares"
"639",639,"K Yokoi"
"640",640,"D Grave"
"641",641,"N Anderson"
"642",642,"C Habak"
"643",643,"F Wilkinson"
"644",644,"J Felius"
"645",645,"C Clifford"
"646",646,"E Weston"
"647",647,"D Kalar"
"648",648,"P Garrigan"
"649",649,"P Kellman"
"650",650,"H Li"
"651",651,"E Cohen"
"652",652,"M Singh"
"653",653,"A Eidels"
"654",654,"J Townsend"
"655",655,"R Niimi"
"656",656,"M Peterson"
"657",657,"E Skow"
"658",658,"C Rasche"
"659",659,"Y El-Shamayleh"
"660",660,"L Kiorpes"
"661",661,"F Gosselin"
"662",662,"Y Bonneh"
"663",663,"D Sagi"
"664",664,"A Cooperman"
"665",665,"P Hsieh"
"666",666,"G Caplovitz"
"667",667,"P Tse"
"668",668,"D Whitney"
"669",669,"Y Petrov"
"670",670,"S Dang"
"671",671,"L Zhaoping"
"672",672,"V Manahilov"
"673",673,"W Simpson"
"674",674,"J Calvert"
"675",675,"Z Wang"
"676",676,"S Durant"
"677",677,"A Giordano"
"678",678,"B McElree"
"679",679,"J Ivanoff"
"680",680,"P Branning"
"681",681,"R Marois"
"682",682,"C Tseng"
"683",683,"G Sperling"
"684",684,"J Palmer"
"685",685,"M McKinley"
"686",686,"M Mazurek"
"687",687,"M Shadlen"
"688",688,"G Ghose"
"689",689,"P Walsh"
"690",690,"R VanRullen"
"691",691,"L Reddy"
"692",692,"P Wilken"
"693",693,"R Quian-Quiroga"
"694",694,"I Fried"
"695",695,"A Gilchrist"
"696",696,"A Radonjic"
"697",697,"V Ramachandran"
"698",698,"M Iglesias"
"699",699,"M McCourt"
"700",700,"B Blakeslee"
"701",701,"W Pasieka"
"702",702,"M Tarr"
"703",703,"M Luca"
"704",704,"W Zosh"
"705",705,"J Cant"
"706",706,"S Elliott"
"707",707,"M Webster"
"708",708,"M Georgeson"
"709",709,"L Hsu"
"710",710,"P Kramer"
"711",711,"D MacLeod"
"712",712,"R Beer"
"713",713,"B Rogers"
"714",714,"K Müller"
"715",715,"M Ernst"
"716",716,"J Harris"
"717",717,"V Drga"
"718",718,"T Doi"
"719",719,"K Umeda"
"720",720,"J Read"
"721",721,"B Cumming"
"722",722,"F Visco"
"723",723,"S Stevenson"
"724",724,"L Zhao"
"725",725,"B Farell"
"726",726,"R Meyerson"
"727",727,"M Banks"
"728",728,"D Vreven"
"729",729,"C Akai"
"730",730,"R Hoskinson"
"731",731,"B Fisher"
"732",732,"J Dill"
"733",733,"K Fukuda"
"734",734,"B Gillam"
"735",735,"M Pianta"
"736",736,"T Seizova-Cajic"
"737",737,"K Brooks"
"738",738,"H Sedgwick"
"739",739,"R Shah"
"740",740,"Z Zhang"
"741",741,"I Kuriki"
"742",742,"L Svec"
"743",743,"S Elliot"
"744",744,"J Highsmith"
"745",745,"T Brunstetter"
"746",746,"M Crognale"
"747",747,"A Lewis"
"748",748,"E Ozgen"
"749",749,"I Davies"
"750",750,"J Kraft"
"751",751,"A Reeves"
"752",752,"K Uchikawa"
"753",753,"C Nakajima"
"754",754,"K Segawa"
"755",755,"E Ortega"
"756",756,"B Mel"
"757",757,"Y Ouyang"
"758",758,"I Zemach"
"759",759,"M Pitts"
"760",760,"V Volbrecht"
"761",761,"L Troup"
"762",762,"J Nerger"
"763",763,"M Dakin"
"764",764,"A Yoonessi"
"765",765,"K Cunningham"
"766",766,"S Nishida"
"767",767,"J Watanabe"
"768",768,"P Kay"
"769",769,"V Billock"
"770",770,"D Beer"
"771",771,"J Wortman"
"772",772,"G Horwitz"
"773",773,"C Thomas"
"774",774,"R Kimchi"
"775",775,"N Minshew"
"776",776,"J Mendola"
"777",777,"I Conner"
"778",778,"T Ro"
"779",779,"S Harrison"
"780",780,"J Boyer"
"781",781,"K Greene"
"782",782,"C Treventhan"
"783",783,"C Trevethan"
"784",784,"L Weiskrantz"
"785",785,"J Spencer"
"786",786,"A Landau"
"787",787,"H Aviezer"
"788",788,"L Robertson"
"789",789,"N Soroker"
"790",790,"Y Sacher"
"791",791,"S Bentin"
"792",792,"J Wann"
"793",793,"D Field"
"794",794,"D Milner"
"795",795,"H Allen"
"796",796,"C Ho"
"797",797,"D Giaschi"
"798",798,"R Sireteanu"
"799",799,"C Bäumer"
"800",800,"C Sârbu"
"801",801,"M Bradnam"
"802",802,"R Hamilton"
"803",803,"D McCulloch"
"804",804,"A Mackay"
"805",805,"G Dutton"
"806",806,"T Wit"
"807",807,"W Schlooz"
"808",808,"W Hulstijn"
"809",809,"R Lier"
"810",810,"W Wittich"
"811",811,"M Kapusta"
"812",812,"M Palomares"
"813",813,"B Landau"
"814",814,"H Egeth"
"815",815,"S Cheung"
"816",816,"R Schuchard"
"817",817,"Y Tai"
"818",818,"G Legge"
"819",819,"X Hu"
"820",820,"K Lusk"
"821",821,"A Corn"
"822",822,"J McCleery"
"823",823,"E Allman"
"824",824,"K Burner"
"825",825,"L Carver"
"826",826,"K Dobkins"
"827",827,"H Zwick"
"828",828,"B Stuck"
"829",829,"P Edsall"
"830",830,"E Wood"
"831",831,"R Cheramie"
"832",832,"J Sankovich"
"833",833,"H Zhong"
"834",834,"M Harrison"
"835",835,"W Warren"
"836",836,"J Andre"
"837",837,"K Losier"
"838",838,"R Heiser"
"839",839,"A MeGehee"
"840",840,"C Campbell"
"841",841,"C Hsiao"
"842",842,"B Mohler"
"843",843,"H Falkenberg"
"844",844,"J Philbeck"
"845",845,"P Willemsen"
"846",846,"M Colton"
"847",847,"J Owens"
"848",848,"H Bruggeman"
"849",849,"J Cohen"
"850",850,"L Li"
"851",851,"B Sweet"
"852",852,"L Stone"
"853",853,"K Macuga"
"854",854,"A Beall"
"855",855,"J Loomis"
"856",856,"R Smith"
"857",857,"J Kelly"
"858",858,"D Elder"
"859",859,"E Mingolla"
"860",860,"A Enriquez"
"861",861,"R Ni"
"862",862,"J Bower"
"863",863,"G Diaz"
"864",864,"B Fajen"
"865",865,"T Seno"
"866",866,"R Allard"
"867",867,"J Hanssens"
"868",868,"A Tsuruhara"
"869",869,"R Wilkie"
"870",870,"W Epstein"
"871",871,"H Amiri"
"872",872,"P Schrater"
"873",873,"N Bocheva"
"874",874,"J Mao"
"875",875,"N Shirai"
"876",876,"J Wurfel"
"877",877,"M Padilla"
"878",878,"N Grzywacz"
"879",879,"T Imura"
"880",880,"M Tomonaga"
"881",881,"A Yagi"
"882",882,"P DeLucia"
"883",883,"H Mitsudo"
"884",884,"H Ono"
"885",885,"E Schaffer"
"886",886,"F Durgin"
"887",887,"A Welchman"
"888",888,"S Maier"
"889",889,"H Buelthoff"
"890",890,"B Dyre"
"891",891,"W Schaudt"
"892",892,"R Lew"
"893",893,"R Gray"
"894",894,"B Castaneda"
"895",895,"R Sieffert"
"896",896,"D Regan"
"897",897,"P Battaglia"
"898",898,"D Kersten"
"899",899,"M Lages"
"900",900,"J Cantlon"
"901",901,"L Chan"
"902",902,"W Hayward"
"903",903,"C Fantoni"
"904",904,"J Hilger"
"905",905,"W Gerbino"
"906",906,"J Kim"
"907",907,"M Vandenbroucke"
"908",908,"H Scholte"
"909",909,"C Kemner"
"910",910,"V Lamme"
"911",911,"X Ren"
"912",912,"C Fowlkes"
"913",913,"J Malik"
"914",914,"M Scheessele"
"915",915,"D Guthrie"
"916",916,"D Gottschalk"
"917",917,"A Wilson"
"918",918,"D Collins"
"919",919,"M Berg"
"920",920,"K Spanos"
"921",921,"M Kubovy"
"922",922,"J Tse"
"923",923,"P Gerhardstein"
"924",924,"C Slesar"
"925",925,"A Mack"
"926",926,"M Portillo"
"927",927,"J Pomerantz"
"928",928,"L Strother"
"929",929,"L Feigenson"
"930",930,"S Carey"
"931",931,"E Meyers"
"932",932,"Y Ostrovsky"
"933",933,"C Gonzalez"
"934",934,"T Ganel"
"935",935,"R Post"
"936",936,"C Coker"
"937",937,"Z Pappas"
"938",938,"D Shelton"
"939",939,"G Stetten"
"940",940,"S Pardhan"
"941",941,"C Gonzalez-Alvarez"
"942",942,"W Li"
"943",943,"L Matin"
"944",944,"A Singhal"
"945",945,"E Chinellato"
"946",946,"J Culham"
"947",947,"A Winkler"
"948",948,"C Wright"
"949",949,"H Gomi"
"950",950,"N Abekawa"
"951",951,"L Henderson"
"952",952,"C Ruff"
"953",953,"F Blankenburg"
"954",954,"O Bjoertomt"
"955",955,"S Bestmann"
"956",956,"O Josephs"
"957",957,"R Deichmann"
"958",958,"J Driver"
"959",959,"I Fine"
"960",960,"R Freda"
"961",961,"S Greenwald"
"962",962,"A Horsager"
"963",963,"M Pishoy"
"964",964,"W Richard"
"965",965,"C Valerie"
"966",966,"W James"
"967",967,"G Robert"
"968",968,"H Mark"
"969",969,"J Pezaris"
"970",970,"R Reid"
"971",971,"J Jolij"
"972",972,"E Sutter"
"973",973,"K Schneider"
"974",974,"S Kastner"
"975",975,"V Mante"
"976",976,"V Bonin"
"977",977,"W Geisler"
"978",978,"D Ballard"
"979",979,"C Rothkopf"
"980",980,"M Rucci"
"981",981,"A Casile"
"982",982,"L Sharan"
"983",983,"Y Li"
"984",984,"E Adelson"
"985",985,"F Wichmann"
"986",986,"P Rosas"
"987",987,"C Jacques"
"988",988,"B Rossion"
"989",989,"I Gauthier"
"990",990,"O Cheung"
"991",991,"I Bülthoff"
"992",992,"F Newell"
"993",993,"F Jiang"
"994",994,"V Blanz"
"995",995,"M Rutherford"
"996",996,"M Chattha"
"997",997,"D Quinlan"
"998",998,"N Mennie"
"999",999,"N Stupak"
"1000",1000,"J Song"
"1001",1001,"O Spencer"
"1002",1002,"G DeAngelis"
"1003",1003,"Y Gu"
"1004",1004,"D Angelaki"
"1005",1005,"M Reynolds"
"1006",1006,"A Frischen"
"1007",1007,"C Gerritsen"
"1008",1008,"J Eastwood"
"1009",1009,"M Tuller"
"1010",1010,"F Moradi"
"1011",1011,"H Rutherford"
"1012",1012,"B Goolsby"
"1013",1013,"J Raymond"
"1014",1014,"R Klein"
"1015",1015,"N Westoby"
"1016",1016,"M Silverman"
"1017",1017,"J Lam"
"1018",1018,"M Safier"
"1019",1019,"L Delfiner"
"1020",1020,"E Stern"
"1021",1021,"D Silbersweig"
"1022",1022,"R Deaner"
"1023",1023,"S Shepherd"
"1024",1024,"S Takahama"
"1025",1025,"T Kumada"
"1026",1026,"J Saiki"
"1027",1027,"P Bach"
"1028",1028,"J Dressel"
"1029",1029,"P Atchley"
"1030",1030,"S Kies"
"1031",1031,"B Backus"
"1032",1032,"J Hillis"
"1033",1033,"J Frumkin"
"1034",1034,"J Saunders"
"1035",1035,"C Mierlo"
"1036",1036,"B Hu"
"1037",1037,"D Knill"
"1038",1038,"C Brown"
"1039",1039,"A Girshick"
"1040",1040,"C Caudek"
"1041",1041,"F Domini"
"1042",1042,"B Jarrahi"
"1043",1043,"R Vinner"
"1044",1044,"E Kimura"
"1045",1045,"Y Zhang"
"1046",1046,"P Schiller"
"1047",1047,"V Weiner"
"1048",1048,"W Slocum"
"1049",1049,"R Sussman"
"1050",1050,"Y Jiang"
"1051",1051,"M Becker"
"1052",1052,"A Sims"
"1053",1053,"L Holm"
"1054",1054,"T Mäntylä"
"1055",1055,"M Kunar"
"1056",1056,"M Terao"
"1057",1057,"H Ogawa"
"1058",1058,"M Neider"
"1059",1059,"G Zelinsky"
"1060",1060,"L King"
"1061",1061,"W Shim"
"1062",1062,"M Beck"
"1063",1063,"W Boot"
"1064",1064,"M Vomela"
"1065",1065,"H Neth"
"1066",1066,"W Gray"
"1067",1067,"C Myers"
"1068",1068,"Y Yotsumoto"
"1069",1069,"M Kahana"
"1070",1070,"R Sekuler"
"1071",1071,"H Morgan"
"1072",1072,"D Varakin"
"1073",1073,"D Levin"
"1074",1074,"R Rauschenberger"
"1075",1075,"H Chu"
"1076",1076,"F Ono"
"1077",1077,"J Hyun"
"1078",1078,"J Johnson"
"1079",1079,"J Xing"
"1080",1080,"L Bailey"
"1081",1081,"S MacEvoy"
"1082",1082,"D Hood"
"1083",1083,"Q Ghadiali"
"1084",1084,"J Zhang"
"1085",1085,"C Lee"
"1086",1086,"X Zhang"
"1087",1087,"B Zhang"
"1088",1088,"J Zheng"
"1089",1089,"I Watanabe"
"1090",1090,"H Bi"
"1091",1091,"E Smith"
"1092",1092,"Y Chino"
"1093",1093,"D Lyon"
"1094",1094,"J Nassi"
"1095",1095,"E Callaway"
"1096",1096,"E Schmeisser"
"1097",1097,"R Vann"
"1098",1098,"A Williams"
"1099",1099,"T Meigen"
"1100",1100,"M Krämer"
"1101",1101,"N Fogt"
"1102",1102,"T Bornhorst"
"1103",1103,"T Hernandez"
"1104",1104,"C Levitan"
"1105",1105,"N Kenner"
"1106",1106,"P MacNeilage"
"1107",1107,"J Mulligan"
"1108",1108,"L Cormack"
"1109",1109,"S Broskey"
"1110",1110,"A Raghunandan"
"1111",1111,"J Frazier"
"1112",1112,"S Poonja"
"1113",1113,"A Roorda"
"1114",1114,"D Sacks"
"1115",1115,"P Satgunam"
"1116",1116,"M Chitkara"
"1117",1117,"D Shiu"
"1118",1118,"J Edelman"
"1119",1119,"C Simion"
"1120",1120,"S Tachi"
"1121",1121,"A Pearson"
"1122",1122,"B Beutter"
"1123",1123,"J Toscano"
"1124",1124,"M Fallah"
"1125",1125,"S Yurgenson"
"1126",1126,"C Hall-Haro"
"1127",1127,"M Frank"
"1128",1128,"R Adams"
"1129",1129,"E White"
"1130",1130,"J Drover"
"1131",1131,"A Earle"
"1132",1132,"M Courage"
"1133",1133,"P Laurinen"
"1134",1134,"L Olzak"
"1135",1135,"T Saarela"
"1136",1136,"M Katkov"
"1137",1137,"T Gan"
"1138",1138,"M Tsodyks"
"1139",1139,"W Makous"
"1140",1140,"L Kontsevich"
"1141",1141,"L Lesmes"
"1142",1142,"S Jeon"
"1143",1143,"Z Lu"
"1144",1144,"B Dosher"
"1145",1145,"J Cass"
"1146",1146,"R Arrighi"
"1147",1147,"G Heckman"
"1148",1148,"E Harley"
"1149",1149,"S Bouvier"
"1150",1150,"V Carr"
"1151",1151,"P Garcia"
"1152",1152,"N Prins"
"1153",1153,"I Legault"
"1154",1154,"F Poirier"
"1155",1155,"G Kennedy"
"1156",1156,"H Orbach"
"1157",1157,"P Lovell"
"1158",1158,"J Fulvio"
"1159",1159,"S Rainville"
"1160",1160,"G Yourganov"
"1161",1161,"A Skoczenski"
"1162",1162,"E Gramzow"
"1163",1163,"T Baker"
"1164",1164,"S Adler"
"1165",1165,"J Victor"
"1166",1166,"M Conte"
"1167",1167,"F Sezikeye"
"1168",1168,"S Gabree"
"1169",1169,"Y Morgenstern"
"1170",1170,"J Elder"
"1171",1171,"S Klein"
"1172",1172,"A Chauvin"
"1173",1173,"K Worsley"
"1174",1174,"M Arguin"
"1175",1175,"M Nagai"
"1176",1176,"P Bennett"
"1177",1177,"A Sekuler"
"1178",1178,"C Taylor"
"1179",1179,"O Créach"
"1180",1180,"A Ahumada"
"1181",1181,"B Beard"
"1182",1182,"K Jones"
"1183",1183,"U Polat"
"1184",1184,"O Yehezkel"
"1185",1185,"M Belkin"
"1186",1186,"G Rousselet"
"1187",1187,"P Corballis"
"1188",1188,"N Parks"
"1189",1189,"M Holder"
"1190",1190,"H Ashida"
"1191",1191,"A Smith"
"1192",1192,"D Birtles"
"1193",1193,"J Winawer"
"1194",1194,"N Witthoft"
"1195",1195,"A Huk"
"1196",1196,"L Boroditsky"
"1197",1197,"A Saygin"
"1198",1198,"M Sereno"
"1199",1199,"M Jazayeri"
"1200",1200,"D Zaksas"
"1201",1201,"N LaMendola"
"1202",1202,"T Pasternak"
"1203",1203,"B Anderson"
"1204",1204,"G Han"
"1205",1205,"M Herzog"
"1206",1206,"S Palmer"
"1207",1207,"R Nelson"
"1208",1208,"R Heydt"
"1209",1209,"R Pierson"
"1210",1210,"C Zhou"
"1211",1211,"T Otto"
"1212",1212,"S Amster"
"1213",1213,"A Nagy"
"1214",1214,"A Muhlenen"
"1215",1215,"M Rempel"
"1216",1216,"L Lovejoy"
"1217",1217,"L Chukoskie"
"1218",1218,"R Krauzlis"
"1219",1219,"B Gibson"
"1220",1220,"T Bryant"
"1221",1221,"S Chu"
"1222",1222,"M Milders"
"1223",1223,"J Murray"
"1224",1224,"M Niedeggen"
"1225",1225,"D Bemis"
"1226",1226,"M Huang"
"1227",1227,"M Kibbe"
"1228",1228,"A Kristjansson"
"1229",1229,"W Schoonveld"
"1230",1230,"M Matsukura"
"1231",1231,"H Ji"
"1232",1232,"D Vishwanath"
"1233",1233,"E Wiesemann"
"1234",1234,"C Granrud"
"1235",1235,"H Haynes"
"1236",1236,"A Juhl"
"1237",1237,"C Miller"
"1238",1238,"C Sandbach"
"1239",1239,"Z Pizlo"
"1240",1240,"F Phillips"
"1241",1241,"M Casella"
"1242",1242,"B Gaudino"
"1243",1243,"A Schofield"
"1244",1244,"G Hesse"
"1245",1245,"A Doorn"
"1246",1246,"H Ridder"
"1247",1247,"J Koenderink"
"1248",1248,"R Fleming"
"1249",1249,"H Bülthoff"
"1250",1250,"U Weiderbacher"
"1251",1251,"B Pierre"
"1252",1252,"H Neumann"
"1253",1253,"V Interrante"
"1254",1254,"L Anderson"
"1255",1255,"B Ries"
"1256",1256,"M Albert"
"1257",1257,"A Wong"
"1258",1258,"T Palmeri"
"1259",1259,"J Tanaka"
"1260",1260,"K Curby"
"1261",1261,"C Schiltz"
"1262",1262,"C Bukach"
"1263",1263,"D Bub"
"1264",1264,"G Rhodes"
"1265",1265,"C Winkler"
"1266",1266,"A Schwaninger"
"1267",1267,"J Singer"
"1268",1268,"C Kim"
"1269",1269,"S Moon"
"1270",1270,"H Jeon"
"1271",1271,"W Pope"
"1272",1272,"P Villablanca"
"1273",1273,"A Harris"
"1274",1274,"V Goffaux"
"1275",1275,"C Kung"
"1276",1276,"C Ellis"
"1277",1277,"T Carlson"
"1278",1278,"M Grol"
"1279",1279,"H Suh"
"1280",1280,"D Fougnie"
"1281",1281,"J Todd"
"1282",1282,"U Cartwright-Finch"
"1283",1283,"N Lavie"
"1284",1284,"H Apfelbaum"
"1285",1285,"D Apfelbaum"
"1286",1286,"R Woods"
"1287",1287,"E Peli"
"1288",1288,"R Carmi"
"1289",1289,"E Becic"
"1290",1290,"T Kubose"
"1291",1291,"D Wiegmann"
"1292",1292,"J Jewell"
"1293",1293,"Y Shen"
"1294",1294,"C Laloyaux"
"1295",1295,"A Cleeremans"
"1296",1296,"B Angelone"
"1297",1297,"X Montfort"
"1298",1298,"P Greef"
"1299",1299,"D Bouwhuis"
"1300",1300,"J Massin"
"1301",1301,"R Henderson"
"1302",1302,"F Gilchrist"
"1303",1303,"A Conway"
"1304",1304,"A Kappers"
"1305",1305,"S Pont"
"1306",1306,"L Issolio"
"1307",1307,"E Colombo"
"1308",1308,"I Kurki"
"1309",1309,"A Hyvärinen"
"1310",1310,"M Rudd"
"1311",1311,"A Heredia"
"1312",1312,"M Livingstone"
"1313",1313,"P Howe"
"1314",1314,"H Son"
"1315",1315,"A Soranzo"
"1316",1316,"M Langer"
"1317",1317,"D Gipsman"
"1318",1318,"S Gori"
"1319",1319,"Y Ho"
"1320",1320,"I Motoyoshi"
"1321",1321,"B Dillenburger"
"1322",1322,"C Wehrhahn"
"1323",1323,"S Hochstein"
"1324",1324,"A Barlasov"
"1325",1325,"M Weinstein"
"1326",1326,"J Werner"
"1327",1327,"J Barraza"
"1328",1328,"V Chen"
"1329",1329,"L Fang"
"1330",1330,"B Liu"
"1331",1331,"R Sylvester"
"1332",1332,"Z Hafed"
"1333",1333,"D Liston"
"1334",1334,"C Cassanello"
"1335",1335,"V Ferrera"
"1336",1336,"R McPeek"
"1337",1337,"M Bendiksby"
"1338",1338,"A Pasupathy"
"1339",1339,"J Wilmer"
"1340",1340,"B White"
"1341",1341,"M Cain"
"1342",1342,"F Polli"
"1343",1343,"J Barton"
"1344",1344,"D Manoach"
"1345",1345,"I Kojo"
"1346",1346,"J Simola"
"1347",1347,"J Häkkinen"
"1348",1348,"Y Kodaka"
"1349",1349,"B Sheliga"
"1350",1350,"E FitzGibbon"
"1351",1351,"F Miles"
"1352",1352,"S Bharadwaj"
"1353",1353,"S Heinen"
"1354",1354,"M Stritzke"
"1355",1355,"F Santini"
"1356",1356,"G Redner"
"1357",1357,"R Iovin"
"1358",1358,"C Ripamonti"
"1359",1359,"D Tolhurst"
"1360",1360,"G Lovell"
"1361",1361,"T Troscianko"
"1362",1362,"G Shalev"
"1363",1363,"M Paradiso"
"1364",1364,"D Chang"
"1365",1365,"R Stone"
"1366",1366,"D Chandler"
"1367",1367,"R Raj"
"1368",1368,"A Bovik"
"1369",1369,"J Drewes"
"1370",1370,"D Fiset"
"1371",1371,"C Ethier"
"1372",1372,"K Tadros"
"1373",1373,"Y Liu"
"1374",1374,"S Han"
"1375",1375,"M Rach"
"1376",1376,"F Verdú"
"1377",1377,"R Balboa"
"1378",1378,"T Takeuchi"
"1379",1379,"K Valois"
"1380",1380,"H Saito"
"1381",1381,"Y Xu"
"1382",1382,"R Oliver"
"1383",1383,"E Geiger"
"1384",1384,"B Lewandowski"
"1385",1385,"S Thompson-Schill"
"1386",1386,"H Eng"
"1387",1387,"D Chen"
"1388",1388,"K Sledge"
"1389",1389,"I Olson"
"1390",1390,"J Flombaum"
"1391",1391,"N Noles"
"1392",1392,"J Gosney"
"1393",1393,"G Lipes"
"1394",1394,"P Lin"
"1395",1395,"J Droll"
"1396",1396,"H Gauchou"
"1397",1397,"J M."
"1398",1398,"C Tallon-Baudry"
"1399",1399,"J Delvenne"
"1400",1400,"M Jackson"
"1401",1401,"M Kawasaki"
"1402",1402,"M Watanabe"
"1403",1403,"C Leonard"
"1404",1404,"K Drewing"
"1405",1405,"J Trommershaeuser"
"1406",1406,"B McCann"
"1407",1407,"E Schlicht"
"1408",1408,"J Fernandez-Ruiz"
"1409",1409,"H Goltz"
"1410",1410,"J DeSouza"
"1411",1411,"T Vilis"
"1412",1412,"F Filimon"
"1413",1413,"P Fattori"
"1414",1414,"R Breveglieri"
"1415",1415,"N Marzocchi"
"1416",1416,"P Laura"
"1417",1417,"C Galletti"
"1418",1418,"X Jiang"
"1419",1419,"T Zeffiro"
"1420",1420,"J VanMeter"
"1421",1421,"M Riesenhuber"
"1422",1422,"G Avidan"
"1423",1423,"G Golarai"
"1424",1424,"D Ghahremani"
"1425",1425,"J Gabrieli"
"1426",1426,"T Busey"
"1427",1427,"J Vanderkolk"
"1428",1428,"R Grand"
"1429",1429,"M Kaiser"
"1430",1430,"E Awh"
"1431",1431,"U Mayr"
"1432",1432,"A Kohnen"
"1433",1433,"P Cavanagh"
"1434",1434,"J Hopf"
"1435",1435,"K Boelmans"
"1436",1436,"M Schoenfeld"
"1437",1437,"N Boehler"
"1438",1438,"J Rieger"
"1439",1439,"H Heinze"
"1440",1440,"J Halberda"
"1441",1441,"M Nawrot"
"1442",1442,"C Stockert"
"1443",1443,"L Ren"
"1444",1444,"A Khan"
"1445",1445,"N Bruno"
"1446",1446,"A Jacomuzzi"
"1447",1447,"R Bello"
"1448",1448,"A Anna"
"1449",1449,"U Beierholm"
"1450",1450,"S Quartz"
"1451",1451,"L Shams"
"1452",1452,"O Baumann"
"1453",1453,"M Greenlee"
"1454",1454,"M Schutz"
"1455",1455,"R Allison"
"1456",1456,"T Macuda"
"1457",1457,"S Jennings"
"1458",1458,"P Thomas"
"1459",1459,"P Guterman"
"1460",1460,"G Craig"
"1461",1461,"D Bressler"
"1462",1462,"R Cai"
"1463",1463,"H Choi"
"1464",1464,"C Magnussen"
"1465",1465,"G Gordon"
"1466",1466,"D Nichols"
"1467",1467,"H Hock"
"1468",1468,"Y Yamada"
"1469",1469,"T Kawabe"
"1470",1470,"K Miura"
"1471",1471,"P Bayerl"
"1472",1472,"U Budnik"
"1473",1473,"O Speck"
"1474",1474,"C Kaller"
"1475",1475,"J Hennig"
"1476",1476,"C Sahm"
"1477",1477,"V Armstrong"
"1478",1478,"L Kozak"
"1479",1479,"E Formisano"
"1480",1480,"W Backes"
"1481",1481,"J Teixeira"
"1482",1482,"J Xavier"
"1483",1483,"R Goebel"
"1484",1484,"M Castelo-Branco"
"1485",1485,"H Lee"
"1486",1486,"J Jang"
"1487",1487,"J McDonald"
"1488",1488,"C Anderson"
"1489",1489,"Z Yang"
"1490",1490,"D Purves"
"1491",1491,"C Cadieu"
"1492",1492,"M Kouh"
"1493",1493,"M Michel"
"1494",1494,"R Jacobs"
"1495",1495,"M Baldo"
"1496",1496,"C Zetzsche"
"1497",1497,"U Nuding"
"1498",1498,"K Schill"
"1499",1499,"Z Zhou"
"1500",1500,"J Samonds"
"1501",1501,"M Bernard"
"1502",1502,"A Bonds"
"1503",1503,"J Alford"
"1504",1504,"R Marrocco"
"1505",1505,"H Dean"
"1506",1506,"M Chaumon"
"1507",1507,"J Vidal"
"1508",1508,"L Hugueville"
"1509",1509,"A Bolbecker"
"1510",1510,"C Lim"
"1511",1511,"J Li"
"1512",1512,"V Traverso"
"1513",1513,"A Orchard"
"1514",1514,"C Christadoss"
"1515",1515,"J Brahmbhatt"
"1516",1516,"K Beck"
"1517",1517,"J Fleet"
"1518",1518,"K Carlson"
"1519",1519,"C Hoyt"
"1520",1520,"M Collins"
"1521",1521,"A Swan"
"1522",1522,"G Wasserman"
"1523",1523,"J Ferrera"
"1524",1524,"J Hirsch"
"1525",1525,"O Carter"
"1526",1526,"D Burr"
"1527",1527,"J Pettigrew"
"1528",1528,"F Vollenweider"
"1529",1529,"L Battelli"
"1530",1530,"D Schomer"
"1531",1531,"T Vickery"
"1532",1532,"S Ling"
"1533",1533,"L Canto-Pereira"
"1534",1534,"M Rocha"
"1535",1535,"R Ranvaud"
"1536",1536,"A Gorea"
"1537",1537,"T Koike"
"1538",1538,"S Shomstein"
"1539",1539,"J Dannemiller"
"1540",1540,"R Peters"
"1541",1541,"A Iyer"
"1542",1542,"N Ziegler"
"1543",1543,"J Wallman"
"1544",1544,"L Madelain"
"1545",1545,"J Martinez-Trujillo"
"1546",1546,"L Jie"
"1547",1547,"J Clark"
"1548",1548,"J Najemnik"
"1549",1549,"E Shneor"
"1550",1550,"C Dickinson"
"1551",1551,"X Chen"
"1552",1552,"S Brennan"
"1553",1553,"K McArthur"
"1554",1554,"K Juergen"
"1555",1555,"B W"
"1556",1556,"B Michael"
"1557",1557,"J Pearson"
"1558",1558,"L Dam"
"1559",1559,"R Ee"
"1560",1560,"R Kanai"
"1561",1561,"K White"
"1562",1562,"K Huxlin"
"1563",1563,"L Notman"
"1564",1564,"P Jeter"
"1565",1565,"A Petrov"
"1566",1566,"B Thompson"
"1567",1567,"J Suchow"
"1568",1568,"J Nanez"
"1569",1569,"S Holloway"
"1570",1570,"N Yamagishi"
"1571",1571,"B Werner"
"1572",1572,"M Kawato"
"1573",1573,"T Otte"
"1574",1574,"F Brüning"
"1575",1575,"A Mader"
"1576",1576,"S Magnussen"
"1577",1577,"Y Sasaki"
"1578",1578,"M Yokota"
"1579",1579,"Y Yokota"
"1580",1580,"D Wu"
"1581",1581,"F Devinck"
"1582",1582,"P Delahunt"
"1583",1583,"J Hardy"
"1584",1584,"C Hindi-Attar"
"1585",1585,"F Leinenkugel"
"1586",1586,"P Verghese"
"1587",1587,"P Mihaylov"
"1588",1588,"N Strang"
"1589",1589,"T Hayakawa"
"1590",1590,"Y Tanaka"
"1591",1591,"S Miyauchi"
"1592",1592,"M Misaki"
"1593",1593,"T Tashiro"
"1594",1594,"A Judelman"
"1595",1595,"F Calabro"
"1596",1596,"S Beardsley"
"1597",1597,"L Vaina"
"1598",1598,"S Artemenkov"
"1599",1599,"T Cohn"
"1600",1600,"K Hosokawa"
"1601",1601,"S Ohtsuka"
"1602",1602,"A Yonas"
"1603",1603,"L Zimmerman"
"1604",1604,"H Seo"
"1605",1605,"A Alexander"
"1606",1606,"A Olinick"
"1607",1607,"S Polley"
"1608",1608,"M McBeath"
"1609",1609,"I Dolgov"
"1610",1610,"T Sugar"
"1611",1611,"Y Sakano"
"1612",1612,"P Thibodeau"
"1613",1613,"D Gromko"
"1614",1614,"L Santos"
"1615",1615,"J Barnes"
"1616",1616,"N Mahajan"
"1617",1617,"W Phillips"
"1618",1618,"M Shankar"
"1619",1619,"A Fazl"
"1620",1620,"K Hayworth"
"1621",1621,"D Andresen"
"1622",1622,"S Murray"
"1623",1623,"H Boyaci"
"1624",1624,"E Leek"
"1625",1625,"I Harris"
"1626",1626,"J Bakdash"
"1627",1627,"L Brown"
"1628",1628,"G Kroliczak"
"1629",1629,"B Halpert"
"1630",1630,"N Dunphy"
"1631",1631,"L Evans"
"1632",1632,"S Klostermann"
"1633",1633,"H Helbig"
"1634",1634,"J May"
"1635",1635,"M Flanagan"
"1636",1636,"G Foss"
"1637",1637,"P Simoneaux"
"1638",1638,"T Dobie"
"1639",1639,"K Takahashi"
"1640",1640,"A Violentyev"
"1641",1641,"H Norman"
"1642",1642,"M Herrmann"
"1643",1643,"S Azoulai"
"1644",1644,"E Klier"
"1645",1645,"B Hess"
"1646",1646,"C Bodelon"
"1647",1647,"A D'Antona"
"1648",1648,"S Wolfson"
"1649",1649,"N Graham"
"1650",1650,"F Scharnowski"
"1651",1651,"G Francis"
"1652",1652,"Y Cho"
"1653",1653,"F Hermens"
"1654",1654,"G Luksys"
"1655",1655,"W Gerstner"
"1656",1656,"Y Mizokami"
"1657",1657,"A Lakhani"
"1658",1658,"C Stetson"
"1659",1659,"D Carmel"
"1660",1660,"X Cui"
"1661",1661,"P Montague"
"1662",1662,"A Brown"
"1663",1663,"D Lindsey"
"1664",1664,"J Miracle"
"1665",1665,"A Norcia"
"1666",1666,"C Hou"
"1667",1667,"R Wildes"
"1668",1668,"D Lakra"
"1669",1669,"R Spengler"
"1670",1670,"C Parraga"
"1671",1671,"J Burge"
"1672",1672,"J Schlerf"
"1673",1673,"S Georgieva"
"1674",1674,"R Peeters"
"1675",1675,"G Orban"
"1676",1676,"P Baldi"
"1677",1677,"R Rosenholtz"
"1678",1678,"Z Jin"
"1679",1679,"B Xiao"
"1680",1680,"P Kanyuk"
"1681",1681,"D Brainard"
"1682",1682,"A Johnson"
"1683",1683,"A Olmos"
"1684",1684,"T Hansen"
"1685",1685,"K Doerschner"
"1686",1686,"A Hurlbert"
"1687",1687,"Y Ling"
"1688",1688,"S Most"
"1689",1689,"R Astur"
"1690",1690,"A Sampanes"
"1691",1691,"B Bridgeman"
"1692",1692,"D Slichter"
"1693",1693,"S Martinez-Conde"
"1694",1694,"G Nevarez"
"1695",1695,"E Caddigan"
"1696",1696,"M Potter"
"1697",1697,"L Fox"
"1698",1698,"M Bravo"
"1699",1699,"H Farid"
"1700",1700,"J Forte"
"1701",1701,"M Ishii"
"1702",1702,"Z Tang"
"1703",1703,"H Tamura"
"1704",1704,"T Meese"
"1705",1705,"D Baker"
"1706",1706,"I Vedamurthy"
"1707",1707,"C Suttle"
"1708",1708,"J Alexander"
"1709",1709,"L Asper"
"1710",1710,"R Kanagaraj"
"1711",1711,"F Florer"
"1712",1712,"V Salvano-Pardieu"
"1713",1713,"J Lampkin"
"1714",1714,"D Yu"
"1715",1715,"S Chung"
"1716",1716,"A Caspi"
"1717",1717,"A Zivotofsky"
"1718",1718,"M Su"
"1719",1719,"T Berger"
"1720",1720,"M Martelli"
"1721",1721,"S Guo"
"1722",1722,"K Tillman"
"1723",1723,"M Kwon"
"1724",1724,"B Dubbels"
"1725",1725,"A Sperling"
"1726",1726,"F Manis"
"1727",1727,"M Seidenberg"
"1728",1728,"G Geiger"
"1729",1729,"M Shovman"
"1730",1730,"M Ahissar"
"1731",1731,"F Daniel"
"1732",1732,"C Alan"
"1733",1733,"D Nicolas"
"1734",1734,"B Caroline"
"1735",1735,"A Martin"
"1736",1736,"G Frederic"
"1737",1737,"L Scharff"
"1738",1738,"C Yu"
"1739",1739,"S Kuai"
"1740",1740,"L Liu"
"1741",1741,"J Jacobson"
"1742",1742,"T Sejnowski"
"1743",1743,"L Tammero"
"1744",1744,"Z Hussain"
"1745",1745,"J Husk"
"1746",1746,"C Gaspar"
"1747",1747,"E McKone"
"1748",1748,"R Robbins"
"1749",1749,"R Anderson"
"1750",1750,"E Eger"
"1751",1751,"S Schweinberger"
"1752",1752,"R Dolan"
"1753",1753,"R Henson"
"1754",1754,"M Gobbini"
"1755",1755,"C Gentili"
"1756",1756,"P Pietrini"
"1757",1757,"E Ricciardi"
"1758",1758,"M Guazzelli"
"1759",1759,"J Haxby"
"1760",1760,"M Peelen"
"1761",1761,"P Downing"
"1762",1762,"T Watson"
"1763",1763,"A Holub"
"1764",1764,"M Everingham"
"1765",1765,"A Zisserman"
"1766",1766,"P Perona"
"1767",1767,"M Mermillod"
"1768",1768,"D Alleysson"
"1769",1769,"L Bert"
"1770",1770,"N Guyader"
"1771",1771,"C Marendaz"
"1772",1772,"C Collin"
"1773",1773,"B O'Byrne"
"1774",1774,"L Wang"
"1775",1775,"K Mueller"
"1776",1776,"L Jeffery"
"1777",1777,"M Therrien"
"1778",1778,"M Yasuda"
"1779",1779,"K Bedard"
"1780",1780,"D Kaping"
"1781",1781,"G Kovács"
"1782",1782,"M Zimmer"
"1783",1783,"I Harza"
"1784",1784,"É Bankó"
"1785",1785,"A Antal"
"1786",1786,"J Berzhanskaya"
"1787",1787,"L Bukowski"
"1788",1788,"A Caclin"
"1789",1789,"J Lorenceau"
"1790",1790,"C Lalanne"
"1791",1791,"E Sikoglu"
"1792",1792,"A Zwicker"
"1793",1793,"E Morya"
"1794",1794,"G Savelsbergh"
"1795",1795,"F Ferlazzo"
"1796",1796,"K Baek"
"1797",1797,"P Sajda"
"1798",1798,"D Dong"
"1799",1799,"Y Ohtani"
"1800",1800,"N Goda"
"1801",1801,"Y Ejima"
"1802",1802,"T Takeda"
"1803",1803,"J Rowland"
"1804",1804,"A Velisar"
"1805",1805,"A Wade"
"1806",1806,"P Sarkheil"
"1807",1807,"J Jastorff"
"1808",1808,"V Edwards"
"1809",1809,"S Young"
"1810",1810,"B Bjornson"
"1811",1811,"S Tsermentseli"
"1812",1812,"N Gronau"
"1813",1813,"M Neta"
"1814",1814,"S Heinrich"
"1815",1815,"G Zhou"
"1816",1816,"S Buffat"
"1817",1817,"C Roumes"
"1818",1818,"J Christensen"
"1819",1819,"T Brady"
"1820",1820,"D Levi"
"1821",1821,"R Li"
"1822",1822,"N Dupuis-Roy"
"1823",1823,"H Qi"
"1824",1824,"D Marshall"
"1825",1825,"S Koyama"
"1826",1826,"M Wenger"
"1827",1827,"R Bhatt"
"1828",1828,"G Carpenter"
"1829",1829,"T Sawada"
"1830",1830,"W Chu"
"1831",1831,"O Rosenthal"
"1832",1832,"P Abdarbashi"
"1833",1833,"Y Chen"
"1834",1834,"K Evans"
"1835",1835,"A Treisman"
"1836",1836,"M Ichikawa"
"1837",1837,"Y Masakura"
"1838",1838,"A Koene"
"1839",1839,"W Fujisaki"
"1840",1840,"D McCormick"
"1841",1841,"J Schirillo"
"1842",1842,"A Mays"
"1843",1843,"K Turano"
"1844",1844,"S Chaudhury"
"1845",1845,"J Bertz"
"1846",1846,"B Conrey"
"1847",1847,"S Watkins"
"1848",1848,"A Beer"
"1849",1849,"B Röder"
"1850",1850,"M Doucet"
"1851",1851,"F Bergeron"
"1852",1852,"F Lepore"
"1853",1853,"K Jordan"
"1854",1854,"A Ghazanfar"
"1855",1855,"J Wielaard"
"1856",1856,"A James"
"1857",1857,"X Goh"
"1858",1858,"L Henriksson"
"1859",1859,"S Vanni"
"1860",1860,"N Bomberger"
"1861",1861,"E Schwartz"
"1862",1862,"J Ales"
"1863",1863,"T Carney"
"1864",1864,"S Dandekar"
"1865",1865,"H Awater"
"1866",1866,"J Kerlin"
"1867",1867,"R Wagner"
"1868",1868,"J Polimeni"
"1869",1869,"M Schira"
"1870",1870,"O Hinds"
"1871",1871,"M Balasubramanian"
"1872",1872,"A Kouwe"
"1873",1873,"L Wald"
"1874",1874,"A Dale"
"1875",1875,"B Fischl"
"1876",1876,"W Lee"
"1877",1877,"A Harner"
"1878",1878,"D Dilks"
"1879",1879,"M McCloskey"
"1880",1880,"L Renier"
"1881",1881,"O Collignon"
"1882",1882,"C Poirier"
"1883",1883,"D Tranduy"
"1884",1884,"A Vanlierde"
"1885",1885,"A Bol"
"1886",1886,"C Veraart"
"1887",1887,"A Volder"
"1888",1888,"J Haushofer"
"1889",1889,"M Ducros"
"1890",1890,"K Ugurbil"
"1891",1891,"M Samco"
"1892",1892,"D Kiper"
"1893",1893,"B Motter"
"1894",1894,"L Trujillo"
"1895",1895,"J Allen"
"1896",1896,"N Rubin"
"1897",1897,"S Liu"
"1898",1898,"A Chatterjee"
"1899",1899,"K Page"
"1900",1900,"M Verfaellie"
"1901",1901,"B Drescher"
"1902",1902,"C Morrone"
"1903",1903,"R John"
"1904",1904,"J Hérault"
"1905",1905,"K Barbaro"
"1906",1906,"L Renninger"
"1907",1907,"J Coughlan"
"1908",1908,"C Ludwig"
"1909",1909,"I Gilchrist"
"1910",1910,"E McSorley"
"1911",1911,"R Baddeley"
"1912",1912,"J Grinband"
"1913",1913,"L Appelbaum"
"1914",1914,"A Stocker"
"1915",1915,"P Thompson"
"1916",1916,"M Hadjigeorgieva"
"1917",1917,"S Jang"
"1918",1918,"F Pollick"
"1919",1919,"A Chouchourelou"
"1920",1920,"T Matsuka"
"1921",1921,"M Kozhevnikov"
"1922",1922,"C Hanson"
"1923",1923,"D Jokisch"
"1924",1924,"I Daum"
"1925",1925,"B Koch"
"1926",1926,"M Schwarz"
"1927",1927,"H Knapp"
"1928",1928,"D Corina"
"1929",1929,"P McAleer"
"1930",1930,"H Paterson"
"1931",1931,"B Mazzarino"
"1932",1932,"Y Ma"
"1933",1933,"J Tsao"
"1934",1934,"M Nixon"
"1935",1935,"N Sebanz"
"1936",1936,"K Johnson"
"1937",1937,"S Prasad"
"1938",1938,"F Loula"
"1939",1939,"C Roether"
"1940",1940,"K Sung"
"1941",1941,"A Leber"
"1942",1942,"S Flusberg"
"1943",1943,"E Davis"
"1944",1944,"K Main"
"1945",1945,"K Hailston"
"1946",1946,"K May"
"1947",1947,"J Nam"
"1948",1948,"J Cha"
"1949",1949,"J Shive"
"1950",1950,"B Vlaskamp"
"1951",1951,"I Hooge"
"1952",1952,"A Koning"
"1953",1953,"N Toyofuku"
"1954",1954,"T Schatzki"
"1955",1955,"G Newman"
"1956",1956,"J Fahrenfort"
"1957",1957,"S Scholte"
"1958",1958,"S Butcher"
"1959",1959,"C Gomez"
"1960",1960,"S Guttman"
"1961",1961,"I Sligte"
"1962",1962,"T Ghose"
"1963",1963,"G Lai"
"1964",1964,"A Akin"
"1965",1965,"F Chan"
"1966",1966,"A Patel"
"1967",1967,"E Barenholtz"
"1968",1968,"J Feldman"
"1969",1969,"I Kovács"
"1970",1970,"H Supèr"
"1971",1971,"P Bronstad"
"1972",1972,"J Langlois"
"1973",1973,"M Nishimura"
"1974",1974,"C Mondloch"
"1975",1975,"N Davidenko"
"1976",1976,"M Ramscar"
"1977",1977,"R Russell"
"1978",1978,"K Zilberberg"
"1979",1979,"K Chockalingam"
"1980",1980,"J Dinon"
"1981",1981,"M Boucart"
"1982",1982,"Y Isogaya"
"1983",1983,"N Matsuzaki"
"1984",1984,"K Pilz"
"1985",1985,"I Thornton"
"1986",1986,"É McCabe"
"1987",1987,"J Fernandez"
"1988",1988,"M Frankl"
"1989",1989,"L Kuhlmann"
"1990",1990,"L Thaler"
"1991",1991,"A Shavit"
"1992",1992,"R Chakravarthi"
"1993",1993,"J Geng"
"1994",1994,"P Merritt"
"1995",1995,"E Hirshman"
"1996",1996,"W Wharton"
"1997",1997,"J Devlin"
"1998",1998,"B Stangl"
"1999",1999,"S Bennett"
"2000",2000,"L Hawkins"
