"","id","label"
"1",1,"D Eagleman"
"2",2,"M Cai"
"3",3,"C Stetson"
"4",4,"C Morrone"
"5",5,"M Buehner"
"6",6,"S Rushton"
"7",7,"J Kennedy"
"8",8,"D Linares"
"9",9,"A White"
"10",10,"A Holcombe"
"11",11,"D Hood"
"12",12,"D Dacey"
"13",13,"P Martin"
"14",14,"U Grunert"
"15",15,"S Lee"
"16",16,"P Jusuf"
"17",17,"A Roorda"
"18",18,"M Frank"
"19",19,"D Burr"
"20",20,"G Alvarez"
"21",21,"S Franconeri"
"22",22,"D Barner"
"23",23,"J Halberda"
"24",24,"H Ogmen"
"25",25,"M Herzog"
"26",26,"D Crawford"
"27",27,"S Prime"
"28",28,"D Melcher"
"29",29,"P Cavanagh"
"30",30,"M Szinte"
"31",31,"S Nishida"
"32",32,"M Terao"
"33",33,"J Watanabe"
"34",34,"M Boi"
"35",35,"J Victor"
"36",36,"S Nirenberg"
"37",37,"D Contreras"
"38",38,"C Connor"
"39",39,"J Schall"
"40",40,"K Knoblauch"
"41",41,"D Foster"
"42",42,"K Zychaluk"
"43",43,"J Macke"
"44",44,"F Wichmann"
"45",45,"W Kienzle"
"46",46,"B Schölkopf"
"47",47,"M Franz"
"48",48,"L Maloney"
"49",49,"M Ernst"
"50",50,"M Luca"
"51",51,"B Backus"
"52",52,"L Jennings"
"53",53,"J Norman"
"54",54,"J Swindle"
"55",55,"E Mullins"
"56",56,"A Beers"
"57",57,"A Johnson"
"58",58,"R Gurnsey"
"59",59,"E Runeson"
"60",60,"H Boyaci"
"61",61,"J McLaughlin"
"62",62,"L Osterhout"
"63",63,"S Murray"
"64",64,"K Doerschner"
"65",65,"R Foster"
"66",66,"C Fantoni"
"67",67,"F Domini"
"68",68,"C Caudek"
"69",69,"S Fuller"
"70",70,"L Dam"
"71",71,"R Meade"
"72",72,"Q Haijiang"
"73",73,"D Wismeijer"
"74",74,"R vanEe"
"75",75,"C Erkelens"
"76",76,"M Wexler"
"77",77,"X Yang"
"78",78,"Z Liu"
"79",79,"M Banks"
"80",80,"B Vlaskamp"
"81",81,"B Alvarez"
"82",82,"L Robertson"
"83",83,"R Fleming"
"84",84,"M Singh"
"85",85,"A Seydell"
"86",86,"D Knill"
"87",87,"J Trommershäuser"
"88",88,"M Nardini"
"89",89,"R Bedford"
"90",90,"D Mareschal"
"91",91,"P Thompson"
"92",92,"K Mikellidou"
"93",93,"D Zang"
"94",94,"D Kersten"
"95",95,"P Schrater"
"96",96,"J O'Shea"
"97",97,"M Agrawala"
"98",98,"J Todd"
"99",99,"K Guckes"
"100",100,"E Egan"
"101",101,"A Yazdanbakhsh"
"102",102,"S Nishina"
"103",103,"T Watanabe"
"104",104,"A Tsuruhara"
"105",105,"T Sawada"
"106",106,"S Kanazawa"
"107",107,"M Yamaguchi"
"108",108,"A Yonas"
"109",109,"C Filangieri"
"110",110,"A Li"
"111",111,"D Todorovic"
"112",112,"A Schofield"
"113",113,"P Rock"
"114",114,"P Sun"
"115",115,"M Georgeson"
"116",116,"C Nandakumar"
"117",117,"A Torralba"
"118",118,"J Malik"
"119",119,"Y Lee"
"120",120,"F Phillips"
"121",121,"H Norman"
"122",122,"T McBride"
"123",123,"S Mayo"
"124",124,"A Ferrie"
"125",125,"S Davis"
"126",126,"C Mingione"
"127",127,"J Ericson"
"128",128,"M Montalembert"
"129",129,"P Mamassian"
"130",130,"Y Morgenstern"
"131",131,"R Murray"
"132",132,"K Kooij"
"133",133,"S Pas"
"134",134,"Y Li"
"135",135,"C Granrud"
"136",136,"W Merriman"
"137",137,"Z Moore"
"138",138,"Z Bian"
"139",139,"G Andersen"
"140",140,"J Witt"
"141",141,"T Dorsch"
"142",142,"C Leek"
"143",143,"M Roberts"
"144",144,"I Reppa"
"145",145,"A Pegna"
"146",146,"S Gilson"
"147",147,"A Fitzgibbon"
"148",148,"A Glennerster"
"149",149,"E Svarverud"
"150",150,"E Twedt"
"151",151,"C Hawkins"
"152",152,"D Proffitt"
"153",153,"P Arnold"
"154",154,"T Lloyd-Jones"
"155",155,"A Hajnal"
"156",156,"F Durgin"
"157",157,"L Zhu"
"158",158,"Z He"
"159",159,"T Ooi"
"160",160,"A Shavit"
"161",161,"W Li"
"162",162,"L Matin"
"163",163,"B Garrison"
"164",164,"C Ellard"
"165",165,"A Ruff"
"166",166,"Z Li"
"167",167,"C Mevorach"
"168",168,"H Allen"
"169",169,"J Hodsoll"
"170",170,"L Shalev"
"171",171,"G Humphreys"
"172",172,"I Davidesco"
"173",173,"G Goelman"
"174",174,"C Olivers"
"175",175,"E Burg"
"176",176,"D Talsma"
"177",177,"A Bronkhorst"
"178",178,"J Theeuwes"
"179",179,"L Appelbaum"
"180",180,"W Chen"
"181",181,"K Meyerhoff"
"182",182,"L Davis"
"183",183,"R Won"
"184",184,"M Woldorff"
"185",185,"S Katyal"
"186",186,"S Zughni"
"187",187,"A Huk"
"188",188,"D Ress"
"189",189,"D Crewther"
"190",190,"A Sutherland"
"191",191,"H Payne"
"192",192,"L Jingling"
"193",193,"Y Lin"
"194",194,"C Tsai"
"195",195,"W Huang"
"196",196,"J Bultitude"
"197",197,"R Rafal"
"198",198,"A List"
"199",199,"K Shapiro"
"200",200,"Z Fan"
"201",201,"S Muthukumaraswamy"
"202",202,"K Singh"
"203",203,"J Bittner"
"204",204,"M Wenger"
"205",205,"R Heide"
"206",206,"D Fitousi"
"207",207,"J Mitchell"
"208",208,"K Sundberg"
"209",209,"J Reynolds"
"210",210,"M Esterman"
"211",211,"Y Chiu"
"212",212,"L Gmeindl"
"213",213,"S Courtney"
"214",214,"S Yantis"
"215",215,"J Jehee"
"216",216,"D Brady"
"217",217,"F Tong"
"218",218,"S McMains"
"219",219,"S Kastner"
"220",220,"C Asplund"
"221",221,"A Snyder"
"222",222,"C Gilbert"
"223",223,"R Marois"
"224",224,"M Jarick"
"225",225,"C Hawco"
"226",226,"T Ferretti"
"227",227,"M Dixon"
"228",228,"A Le"
"229",229,"M Keough"
"230",230,"B Stojanoski"
"231",231,"M Niemeier"
"232",232,"A Roe"
"233",233,"S Yang"
"234",234,"H Tanigawa"
"235",235,"J Ristic"
"236",236,"B Giesbrecht"
"237",237,"A Landau"
"238",238,"W Prinzmetal"
"239",239,"M Silver"
"240",240,"A Leber"
"241",241,"J Fischer"
"242",242,"D Whitney"
"243",243,"F Chua"
"244",244,"K Moore"
"245",245,"A Lai"
"246",246,"M O'Moore"
"247",247,"P Chen"
"248",248,"D Weissman"
"249",249,"M Nordfang"
"250",250,"S Kyllingsbæk"
"251",251,"C Bundesen"
"252",252,"J Geng"
"253",253,"N DiQuattro"
"254",254,"K Fukuda"
"255",255,"E Vogel"
"256",256,"J Chisholm"
"257",257,"C Hickey"
"258",258,"A Kingstone"
"259",259,"J Moher"
"260",260,"H Egeth"
"261",261,"J Cosman"
"262",262,"S Vecera"
"263",263,"J Grose-Fifer"
"264",264,"S Hoover"
"265",265,"A Rodrigues"
"266",266,"T Zottoli"
"267",267,"R Ha"
"268",268,"A Muhlenen"
"269",269,"M Conci"
"270",270,"C Mullin"
"271",271,"K Kelly"
"272",272,"J Steeves"
"273",273,"S Shomstein"
"274",274,"S Mayer-Brown"
"275",275,"L Jefferies"
"276",276,"J Enns"
"277",277,"V Lollo"
"278",278,"P Dux"
"279",279,"J Boxtel"
"280",280,"C Koch"
"281",281,"R Kanai"
"282",282,"C Tseng"
"283",283,"S Wang"
"284",284,"V Walsh"
"285",285,"D Carmel"
"286",286,"M Carrasco"
"287",287,"M Eckstein"
"288",288,"C Abbey"
"289",289,"E Ferneyhough"
"290",290,"D Stanley"
"291",291,"E Phelps"
"292",292,"I Mareschal"
"293",293,"J Solomon"
"294",294,"M Morgan"
"295",295,"J Mordkoff"
"296",296,"B Olk"
"297",297,"Y Yeshurun"
"298",298,"M Keetels"
"299",299,"J Vroomen"
"300",300,"J Abrams"
"301",301,"A Barbot"
"302",302,"A Rokem"
"303",303,"D Garg"
"304",304,"P Squire"
"305",305,"P Greenwood"
"306",306,"R Parasuraman"
"307",307,"D Elwan"
"308",308,"S Holtz"
"309",309,"H Duong"
"310",310,"C Mander"
"311",311,"J Elder"
"312",312,"J Keillor"
"313",313,"Y Hou"
"314",314,"J Saiki"
"315",315,"M Fukuchi"
"316",316,"N Tsuchiya"
"317",317,"A Lustig"
"318",318,"A Torralbo"
"319",319,"D Beck"
"320",320,"M Johnson"
"321",321,"M Fallah"
"322",322,"H Jordan"
"323",323,"J Brooks"
"324",324,"A Flevaris"
"325",325,"F Fortenbaugh"
"326",326,"T VanVleet"
"327",327,"A Albrecht"
"328",328,"K Schendel"
"329",329,"A Fazl"
"330",330,"E Mingolla"
"331",331,"R Sekuler"
"332",332,"D Mendoza"
"333",333,"C Kaul"
"334",334,"J Martinez-Trujillo"
"335",335,"A Roggeveen"
"336",336,"K Pilz"
"337",337,"P Bennett"
"338",338,"A Sekuler"
"339",339,"X Zhuang"
"340",340,"T Papathomas"
"341",341,"T Liu"
"342",342,"I Mance"
"343",343,"L Drummond"
"344",344,"J Gill"
"345",345,"M Zinni"
"346",346,"A Martinez"
"347",347,"S Hillyard"
"348",348,"G Boynton"
"349",349,"J Lin"
"350",350,"S Ghorashi"
"351",351,"C Leonard"
"352",352,"K Kihara"
"353",353,"J Kawahara"
"354",354,"Y Takeda"
"355",355,"K Clark"
"356",356,"M Fleck"
"357",357,"S Mitroff"
"358",358,"V Walsch"
"359",359,"S Nielsen"
"360",360,"A Petersen"
"361",361,"T Andersen"
"362",362,"D Rahnev"
"363",363,"B Maniscalco"
"364",364,"E Huang"
"365",365,"H Lau"
"366",366,"D Engelhardt"
"367",367,"S Most"
"368",368,"J Reiss"
"369",369,"J Hoffman"
"370",370,"M Doran"
"371",371,"L Wang"
"372",372,"E Livesey"
"373",373,"I Harris"
"374",374,"J Harris"
"375",375,"C Folk"
"376",376,"J Elliott"
"377",377,"A Lleras"
"378",378,"H Chen"
"379",379,"B Levinthal"
"380",380,"B Rosenau"
"381",381,"T Kelley"
"382",382,"N Lavie"
"383",383,"J Ahn"
"384",384,"S Offen"
"385",385,"J Gardner"
"386",386,"D Schluppeck"
"387",387,"D Heeger"
"388",388,"S Johnston"
"389",389,"D Linden"
"390",390,"W Vogels"
"391",391,"J Huang"
"392",392,"Y Pinto"
"393",393,"T Horowitz"
"394",394,"J Wolfe"
"395",395,"T Drew"
"396",396,"H Chang"
"397",397,"Y Cao"
"398",398,"S Grossberg"
"399",399,"N Al-Aidroos"
"400",400,"J Pratt"
"401",401,"P Scalf"
"402",402,"A Yashar"
"403",403,"D Lamy"
"404",404,"C Benito"
"405",405,"J Raymond"
"406",406,"A Nobre"
"407",407,"G Fleming"
"408",408,"S Sheremata"
"409",409,"D Somers"
"410",410,"G Solman"
"411",411,"D Smilek"
"412",412,"J Eastwood"
"413",413,"N Carlisle"
"414",414,"G Woodman"
"415",415,"L Blalock"
"416",416,"B Clegg"
"417",417,"E Richards"
"418",418,"K Swallow"
"419",419,"T Makovski"
"420",420,"Y Jiang"
"421",421,"D Wilson"
"422",422,"C Charbonneau"
"423",423,"J O'Brien"
"424",424,"H Rutherford"
"425",425,"A Ferrey"
"426",426,"E Blagrove"
"427",427,"D Watson"
"428",428,"G Davis"
"429",429,"B Gibson"
"430",430,"E Wegbreit"
"431",431,"M Jung-Beeman"
"432",432,"M Fenske"
"433",433,"J Alberton"
"434",434,"M Vinski"
"435",435,"M Pistchik"
"436",436,"J Sy"
"437",437,"J Roth"
"438",438,"Y Tseng"
"439",439,"C Li"
"440",440,"X Chen"
"441",441,"J Tsotsos"
"442",442,"S Chennu"
"443",443,"P Craston"
"444",444,"B Wyble"
"445",445,"H Bowman"
"446",446,"S Liu"
"447",447,"B Dosher"
"448",448,"Z Lu"
"449",449,"A Jain"
"450",450,"D Barratt"
"451",451,"A Lovett"
"452",452,"K Forbus"
"453",453,"L Itti"
"454",454,"K Snyder"
"455",455,"B Sullivan"
"456",456,"R Revia"
"457",457,"M Hayhoe"
"458",458,"T Mundhenk"
"459",459,"W Einhäuser"
"460",460,"J Delvenne"
"461",461,"J Castronovo"
"462",462,"N Demeyere"
"463",463,"R Arrighi"
"464",464,"W Neill"
"465",465,"G Seror"
"466",466,"P O'Connor"
"467",467,"T Garaas"
"468",468,"M Pomplun"
"469",469,"T Murakoshi"
"470",470,"Y Osada"
"471",471,"S Maeda"
"472",472,"A Nagy"
"473",473,"S Watamaniuk"
"474",474,"J Olejarczyk"
"475",475,"M Potter"
"476",476,"N Matthews"
"477",477,"J Kelly"
"478",478,"K Steelman-Allen"
"479",479,"J McCarley"
"480",480,"J Mounts"
"481",481,"L Reddy"
"482",482,"R VanRullen"
"483",483,"N Kanwisher"
"484",484,"Z Lin"
"485",485,"S He"
"486",486,"F Pestilli"
"487",487,"B Montagna"
"488",488,"K Herrmann"
"489",489,"D Bressler"
"490",490,"K Shin"
"491",491,"S Chong"
"492",492,"I Tchernikov"
"493",493,"S Bentin"
"494",494,"B Breitmeyer"
"495",495,"E Tapia"
"496",496,"E Broyles"
"497",497,"B Guenther"
"498",498,"S Narang"
"499",499,"A Siddiqui"
"500",500,"J Brown"
"501",501,"B Lester"
"502",502,"P Dassonville"
"503",503,"H Benoni"
"504",504,"Y Tsal"
"505",505,"S Drew"
"506",506,"C Chubb"
"507",507,"G Sperling"
"508",508,"C Gottesman"
"509",509,"A Williams"
"510",510,"B Ip"
"511",511,"H Bridge"
"512",512,"A Parker"
"513",513,"T Otto"
"514",514,"H Ögmen"
"515",515,"M Cavallet"
"516",516,"C Galera"
"517",517,"M Grunau"
"518",518,"A Panagopoulos"
"519",519,"E Leão"
"520",520,"M Adamo"
"521",521,"C Pun"
"522",522,"S Ferber"
"523",523,"E Pechenkova"
"524",524,"M Cain"
"525",525,"A Shimamura"
"526",526,"A Marino"
"527",527,"J Golomb"
"528",528,"M Chun"
"529",529,"J Mazer"
"530",530,"P Howe"
"531",531,"M Cohen"
"532",532,"H Fehd"
"533",533,"A Seiffert"
"534",534,"M Huff"
"535",535,"H Meyerhoff"
"536",536,"G Jahn"
"537",537,"L Thomas"
"538",538,"N Jardine"
"539",539,"P Ko"
"540",540,"R St.Clair"
"541",541,"H Haladjian"
"542",542,"Z Pylyshyn"
"543",543,"A Kugel"
"544",544,"J Christensen"
"545",545,"D Aks"
"546",546,"A Hakkinen"
"547",547,"S Ellner"
"548",548,"J Flombaum"
"549",549,"B Scholl"
"550",550,"C Feria"
"551",551,"B Keane"
"552",552,"E Mettler"
"553",553,"P Kellman"
"554",554,"J New"
"555",555,"S Vangkilde"
"556",556,"D Baldauf"
"557",557,"L Gantz"
"558",558,"H Bedell"
"559",559,"M Pitts"
"560",560,"J Brewer"
"561",561,"A Maier"
"562",562,"C Aura"
"563",563,"D Leopold"
"564",564,"F Allenmark"
"565",565,"J Read"
"566",566,"J Brascamp"
"567",567,"R Ee"
"568",568,"O Yehezkel"
"569",569,"A Sterkin"
"570",570,"U Polat"
"571",571,"R Pierce"
"572",572,"L O'Kane"
"573",573,"P Hibbard"
"574",574,"R Goutcher"
"575",575,"L Minini"
"576",576,"A Buckthought"
"577",577,"J Mendola"
"578",578,"L Hsu"
"579",579,"S Yeh"
"580",580,"Y Tien"
"581",581,"C Lin"
"582",582,"D Stransky"
"583",583,"L Wilcox"
"584",584,"K Schneider"
"585",585,"H Shigemasu"
"586",586,"M Yoshida"
"587",587,"M Kitazaki"
"588",588,"M Jong"
"589",589,"J Ding"
"590",590,"S Klein"
"591",591,"D Levi"
"592",592,"C Klink"
"593",593,"A Noest"
"594",594,"R Wezel"
"595",595,"D Ireland"
"596",596,"B Bakkum"
"597",597,"R Donati"
"598",598,"I Tsirlin"
"599",599,"R Allison"
"600",600,"C Burton"
"601",601,"A Bartholomew"
"602",602,"C Crabtree"
"603",603,"A Craft"
"604",604,"Y Lerner"
"605",605,"N Rubin"
"606",606,"I Serrano-Pedraza"
"607",607,"G Phillipson"
"608",608,"K MacKenzie"
"609",609,"S Watt"
"610",610,"K Chajka"
"611",611,"J Wilmer"
"612",612,"M Pageau"
"613",613,"D Guise"
"614",614,"D Saint-Amour"
"615",615,"M Spering"
"616",616,"C Paffen"
"617",617,"B Rogers"
"618",618,"Y Bonneh"
"619",619,"D Sagi"
"620",620,"A Cooperman"
"621",621,"T Donner"
"622",622,"M Fried"
"623",623,"A Arieli"
"624",624,"G Roumeliotis"
"625",625,"D Jones"
"626",626,"K Murphy"
"627",627,"P Zhang"
"628",628,"S Engel"
"629",629,"C Rios"
"630",630,"B He"
"631",631,"D Baker"
"632",632,"E Graf"
"633",633,"S Stuit"
"634",634,"F Verstraten"
"635",635,"W Adams"
"636",636,"T Knapen"
"637",637,"P Costello"
"638",638,"A Engebretson"
"639",639,"M Taylor"
"640",640,"C Lokken"
"641",641,"B Zinszer"
"642",642,"R Phinney"
"643",643,"C Huang"
"644",644,"J Zhou"
"645",645,"L Feng"
"646",646,"Y Zhou"
"647",647,"S Kim"
"648",648,"A Chopin"
"649",649,"R Shannon"
"650",650,"E Bernat"
"651",651,"C Patrick"
"652",652,"M Naber"
"653",653,"P Kang"
"654",654,"S Shevell"
"655",655,"Y Chai"
"656",656,"D Alais"
"657",657,"D Anderson"
"658",658,"C Moore"
"659",659,"Y Su"
"660",660,"O Leng"
"661",661,"J Xu"
"662",662,"S Leh"
"663",663,"A Ptito"
"664",664,"M Schönwiesner"
"665",665,"M Chakravarty"
"666",666,"K Mullen"
"667",667,"J Christiansen"
"668",668,"A D'Antona"
"669",669,"E Miyahara"
"670",670,"G Francis"
"671",671,"G Gingras"
"672",672,"A Komaromy"
"673",673,"B Tseng"
"674",674,"J Alexander"
"675",675,"V Chiodo"
"676",676,"W Hauswirth"
"677",677,"G Acland"
"678",678,"G Aguirre"
"679",679,"D Brainard"
"680",680,"C Duncan"
"681",681,"E Roth"
"682",682,"Y Mizokami"
"683",683,"M Crognale"
"684",684,"K Siwinska"
"685",685,"I Juricevic"
"686",686,"M Webster"
"687",687,"S Inverso"
"688",688,"X Goh"
"689",689,"A James"
"690",690,"C Chu"
"691",691,"C Hung"
"692",692,"J Medina"
"693",693,"G Whittaker"
"694",694,"H Nguyen"
"695",695,"S Stevenson"
"696",696,"B Sheth"
"697",697,"C Feitosa-Santana"
"698",698,"Y Sun"
"699",699,"S O'Neil"
"700",700,"K McDermott"
"701",701,"J Werner"
"702",702,"H Komine"
"703",703,"K Shinomori"
"704",704,"S Nakauchi"
"705",705,"T Sanocki"
"706",706,"N Sulman"
"707",707,"M Bloj"
"708",708,"D Connah"
"709",709,"G Finlayson"
"710",710,"B Darling"
"711",711,"J Ferwerda"
"712",712,"H Yaguchi"
"713",713,"J Yang"
"714",714,"I Kuriki"
"715",715,"K Halen"
"716",716,"A Meyers"
"717",717,"P Winkler"
"718",718,"A Reeves"
"719",719,"R Grayhem"
"720",720,"A Hurlbert"
"721",721,"I Pietta"
"722",722,"M Vurro"
"723",723,"Y Ling"
"724",724,"M Olkkonen"
"725",725,"C Witzel"
"726",726,"T Hansen"
"727",727,"K Gegenfurtner"
"728",728,"R Poggesi"
"729",729,"K Schloss"
"730",730,"S Palmer"
"731",731,"M Barker-Benfield"
"732",732,"E Allen"
"733",733,"S Beilock"
"734",734,"W Fushikida"
"735",735,"K Yokosawa"
"736",736,"R Knight"
"737",737,"E Knight"
"738",738,"E Altschuler"
"739",739,"A Huang"
"740",740,"A Hon"
"741",741,"G Hackett"
"742",742,"D Lindsey"
"743",743,"A Brown"
"744",744,"D VanHorn"
"745",745,"C Nothelfer"
"746",746,"M Pedersen"
"747",747,"J Hardeberg"
"748",748,"A Logvinenko"
"749",749,"R Tokunaga"
"750",750,"S Allred"
"751",751,"V Troiani"
"752",752,"L Lohnas"
"753",753,"L Jiang"
"754",754,"A Radonjic"
"755",755,"A Gilchrist"
"756",756,"S Luka"
"757",757,"B Cao"
"758",758,"B Khang"
"759",759,"B Anderson"
"760",760,"T Putzeys"
"761",761,"R Goris"
"762",762,"J Wagemans"
"763",763,"M Bethge"
"764",764,"B Bahrami"
"765",765,"G Rees"
"766",766,"M Persuh"
"767",767,"T Ro"
"768",768,"F Sezikeye"
"769",769,"S Ivory"
"770",770,"A Shapiro"
"771",771,"P Barrionuevo"
"772",772,"E Colombo"
"773",773,"L Issolio"
"774",774,"J Schirillo"
"775",775,"R Friedhoff"
"776",776,"B Xiao"
"777",777,"M Rudd"
"778",778,"F Kingdom"
"779",779,"G Livitz"
"780",780,"R Eskew"
"781",781,"S Wuerger"
"782",782,"L Parkes"
"783",783,"J Marsman"
"784",784,"D Oxley"
"785",785,"Y Goulermas"
"786",786,"G Brouwer"
"787",787,"R Rambeau"
"788",788,"H Shamp"
"789",789,"C Riebe"
"790",790,"S DiPaola"
"791",791,"G West"
"792",792,"T Welsh"
"793",793,"A Anderson"
"794",794,"J Otero-Millan"
"795",795,"R Leigh"
"796",796,"A Serra"
"797",797,"X Troncoso"
"798",798,"S Macknik"
"799",799,"S Martinez-Conde"
"800",800,"C Egan"
"801",801,"A Willis"
"802",802,"J Wincenciak"
"803",803,"P Tseng"
"804",804,"I Cameron"
"805",805,"D Munoz"
"806",806,"R Zhou"
"807",807,"M Grünau"
"808",808,"F Ostendorf"
"809",809,"D Liebermann"
"810",810,"C Ploner"
"811",811,"H Liao"
"812",812,"J Park"
"813",813,"E Shimojo"
"814",814,"J Ishizaki"
"815",815,"S Shimojo"
"816",816,"D Kelly"
"817",817,"S Miellet"
"818",818,"R Caldara"
"819",819,"E Luca"
"820",820,"K Foreman"
"821",821,"M Koningsbruggen"
"822",822,"P Downing"
"823",823,"O Savina"
"824",824,"D Guitton"
"825",825,"K Sullivan"
"826",826,"J Edelman"
"827",827,"R Itier"
"828",828,"J Ryan"
"829",829,"S Morand"
"830",830,"M Grosbras"
"831",831,"M Harvey"
"832",832,"D Pai"
"833",833,"Q Wei"
"834",834,"D Owens"
"835",835,"J Stevenson"
"836",836,"A Osborn"
"837",837,"J Geer"
"838",838,"T Holmes"
"839",839,"J Zanker"
"840",840,"M Abegg"
"841",841,"J Barton"
"842",842,"S Heinen"
"843",843,"J Ford"
"844",844,"M Milosavljevic"
"845",845,"V Navalpakkam"
"846",846,"A Rangel"
"847",847,"M Cui"
"848",848,"G Orbán"
"849",849,"M Lengyel"
"850",850,"J Fiser"
"851",851,"C Wu"
"852",852,"B Schnitzer"
"853",853,"E Kowler"
"854",854,"Z Pizlo"
"855",855,"M Tong"
"856",856,"C Kanan"
"857",857,"L Zhang"
"858",858,"G Cottrell"
"859",859,"L Dang"
"860",860,"L Renninger"
"861",861,"D Fletcher"
"862",862,"B Sheliga"
"863",863,"E FitzGibbon"
"864",864,"F Miles"
"865",865,"V Doyon-Cadieux"
"866",866,"C Stamoulos"
"867",867,"B White"
"868",868,"S Boehnke"
"869",869,"R Marino"
"870",870,"M Tibber"
"871",871,"D Melmoth"
"872",872,"S Grant"
"873",873,"E Zimmermann"
"874",874,"M Lappe"
"875",875,"M Schneps"
"876",876,"L Rose"
"877",877,"M Yokota"
"878",878,"Y Yokota"
"879",879,"M Greenlee"
"880",880,"S Blurton"
"881",881,"M Raabe"
"882",882,"P Binda"
"883",883,"J Knöll"
"884",884,"F Bremmer"
"885",885,"M Morrone"
"886",886,"M Michel"
"887",887,"W Geisler"
"888",888,"S Stigchel"
"889",889,"T Nijboer"
"890",890,"D Bergsma"
"891",891,"A Kaminiarz"
"892",892,"K Königs"
"893",893,"J Patrick"
"894",894,"M Sommer"
"895",895,"F Maij"
"896",896,"E Brenner"
"897",897,"J Smeets"
"898",898,"M Poletti"
"899",899,"M Rucci"
"900",900,"P Tse"
"901",901,"Z Zhang"
"902",902,"C Cantor"
"903",903,"C Schor"
"904",904,"H Yoo"
"905",905,"A Reichow"
"906",906,"G Erickson"
"907",907,"K Citek"
"908",908,"D Liston"
"909",909,"L Stone"
"910",910,"C Cheng"
"911",911,"L Collimore"
"912",912,"D Paré"
"913",913,"S Desa"
"914",914,"S Joordens"
"915",915,"A Hollingworth"
"916",916,"S Luck"
"917",917,"P Mitchell"
"918",918,"C Howard"
"919",919,"I Gilchrist"
"920",920,"T Troscianko"
"921",921,"A Behera"
"922",922,"D Hogg"
"923",923,"M Rolfs"
"924",924,"M Vo"
"925",925,"J Henderson"
"926",926,"C Yu"
"927",927,"L Smith"
"928",928,"A Pereira"
"929",929,"S Matthrews"
"930",930,"H Shen"
"931",931,"C Ludwig"
"932",932,"S Farrell"
"933",933,"L Ellis"
"934",934,"P Perona"
"935",935,"J Pelz"
"936",936,"J Purington"
"937",937,"A Herbert"
"938",938,"B Richard"
"939",939,"D Ellemberg"
"940",940,"S Naito"
"941",941,"K Kobayashi"
"942",942,"C Turgeon"
"943",943,"S Pannasch"
"944",944,"A Schütz"
"945",945,"D Braun"
"946",946,"K Mergenthaler"
"947",947,"R Engbert"
"948",948,"P Etchells"
"949",949,"C Benton"
"950",950,"M Burke"
"951",951,"G Barnes"
"952",952,"H Ko"
"953",953,"Z Jin"
"954",954,"M Grabowecky"
"955",955,"E Guzman-Martinez"
"956",956,"P Leung"
"957",957,"S Suzuki"
"958",958,"A Khan"
"959",959,"A Blangero"
"960",960,"Y Rossetti"
"961",961,"R Salemme"
"962",962,"J Luaute"
"963",963,"H Deubel"
"964",964,"W Schneider"
"965",965,"G Rode"
"966",966,"L Pisella"
"967",967,"B Velichkovsky"
"968",968,"R Volcic"
"969",969,"H Trukenbrod"
"970",970,"C Cellini"
"971",971,"J Jovancevic"
"972",972,"M Glaholt"
"973",973,"E Reingold"
"974",974,"C Bradley"
"975",975,"B Geisler"
"976",976,"M Höfler"
"977",977,"C Körner"
"978",978,"G Luo"
"979",979,"E Peli"
"980",980,"C Morvan"
"981",981,"T Rastgardani"
"982",982,"V Lau"
"983",983,"T Foulsham"
"984",984,"E Walker"
"985",985,"K Konnova"
"986",986,"L Issen"
"987",987,"A Afraz"
"988",988,"T Susilo"
"989",989,"E McKone"
"990",990,"M Edwards"
"991",991,"M Martello"
"992",992,"J Susskind"
"993",993,"M Ellamil"
"994",994,"A Ghuman"
"995",995,"J McDaniel"
"996",996,"A Martin"
"997",997,"I Oruc"
"998",998,"X Guo"
"999",999,"M Meng"
"1000",1000,"T Cherian"
"1001",1001,"P Sinha"
"1002",1002,"K Park"
"1003",1003,"S Jo"
"1004",1004,"E Joo"
"1005",1005,"M Lee"
"1006",1006,"S Hong"
"1007",1007,"G Yovel"
"1008",1008,"K Halsband"
"1009",1009,"Y Goshen"
"1010",1010,"J Zhang"
"1011",1011,"Y Song"
"1012",1012,"J Liu"
"1013",1013,"T Pelc"
"1014",1014,"I Lubetzky"
"1015",1015,"X Xu"
"1016",1016,"X Yue"
"1017",1017,"I Biederman"
"1018",1018,"J Kim"
"1019",1019,"M Lescroart"
"1020",1020,"J Goh"
"1021",1021,"A Suzuki"
"1022",1022,"D Park"
"1023",1023,"M Ramon"
"1024",1024,"L Dricot"
"1025",1025,"R Goebel"
"1026",1026,"B Rossion"
"1027",1027,"B Hansen"
"1028",1028,"B Thompson"
"1029",1029,"R Hess"
"1030",1030,"K Weiner"
"1031",1031,"R Sayres"
"1032",1032,"J Vinberg"
"1033",1033,"K Grill-Spector"
"1034",1034,"H Rosen"
"1035",1035,"V Morash"
"1036",1036,"A Owlia"
"1037",1037,"S Roy"
"1038",1038,"N Gosselin"
"1039",1039,"F Gosselin"
"1040",1040,"I Peretz"
"1041",1041,"C Said"
"1042",1042,"K Norman"
"1043",1043,"J Haxby"
"1044",1044,"A Todorov"
"1045",1045,"R Cowell"
"1046",1046,"S All"
"1047",1047,"D Little"
"1048",1048,"T Susmaras"
"1049",1049,"S Berten"
"1050",1050,"B Essex"
"1051",1051,"K Lathrop"
"1052",1052,"S Silverstein"
"1053",1053,"Y Otsuka"
"1054",1054,"I Motoyoshi"
"1055",1055,"M Kobayashi"
"1056",1056,"H Hill"
"1057",1057,"A Heering"
"1058",1058,"C Liedekerke"
"1059",1059,"M Deboni"
"1060",1060,"A Wheeler"
"1061",1061,"K Lee"
"1062",1062,"B Balas"
"1063",1063,"B Stoesz"
"1064",1064,"L Jakobson"
"1065",1065,"M Nishimura"
"1066",1066,"J Doyle"
"1067",1067,"M Behrmann"
"1068",1068,"F Jiang"
"1069",1069,"V Blanz"
"1070",1070,"D Longfield"
"1071",1071,"K Thomson"
"1072",1072,"C Mondloch"
"1073",1073,"L Lanyon"
"1074",1074,"M Scheel"
"1075",1075,"C Fox"
"1076",1076,"G Iaria"
"1077",1077,"E Nakato"
"1078",1078,"R Kakigi"
"1079",1079,"M Paleja"
"1080",1080,"C Grady"
"1081",1081,"M Moscovitch"
"1082",1082,"L Garrido"
"1083",1083,"N Furl"
"1084",1084,"R Tavashmi"
"1085",1085,"J Driver"
"1086",1086,"R Dolan"
"1087",1087,"B Duchaine"
"1088",1088,"J Spencer"
"1089",1089,"J King"
"1090",1090,"B Christensen"
"1091",1091,"A Grbavec"
"1092",1092,"G Chatterjee"
"1093",1093,"R Russell"
"1094",1094,"K Nakayama"
"1095",1095,"M Willis"
"1096",1096,"R Palermo"
"1097",1097,"D Burke"
"1098",1098,"F Moradi"
"1099",1099,"R Adolphs"
"1100",1100,"M Baggott"
"1101",1101,"G Galloway"
"1102",1102,"H Pournajafi-Nazarloo"
"1103",1103,"C Carter"
"1104",1104,"R Didier"
"1105",1105,"M Jang"
"1106",1106,"J Coyle"
"1107",1107,"J Mendelson"
"1108",1108,"A Dziuk"
"1109",1109,"J Haberman"
"1110",1110,"C Roy"
"1111",1111,"V Taschereau-Dumouchel"
"1112",1112,"D Fiset"
"1113",1113,"P Rainville"
"1114",1114,"R Graham"
"1115",1115,"J Harlow"
"1116",1116,"R Mendez"
"1117",1117,"S Butler"
"1118",1118,"J Tanaka"
"1119",1119,"M Kaiser"
"1120",1120,"R Grand"
"1121",1121,"E Birmingham"
"1122",1122,"M Cerf"
"1123",1123,"T Sweeny"
"1124",1124,"K Paller"
"1125",1125,"Z Hammal"
"1126",1126,"I Fortin"
"1127",1127,"M Zhao"
"1128",1128,"W Hayward"
"1129",1129,"N Williams"
"1130",1130,"I Gauthier"
"1131",1131,"L Short"
"1132",1132,"P Talvitie"
"1133",1133,"I Büthoff"
"1134",1134,"T Wolf"
"1135",1135,"I Thornton"
"1136",1136,"O Cheung"
"1137",1137,"G Rhodes"
"1138",1138,"X Zhou"
"1139",1139,"L Germine"
"1140",1140,"L Vizioli"
"1141",1141,"G Rousselet"
"1142",1142,"C Blais"
"1143",1143,"M Arguin"
"1144",1144,"D Bub"
"1145",1145,"M Williams"
"1146",1146,"C Chabris"
"1147",1147,"K Curby"
"1148",1148,"K Johnson"
"1149",1149,"A Tyson"
"1150",1150,"G Anzures"
"1151",1151,"L Ge"
"1152",1152,"Z Wang"
"1153",1153,"S Itakura"
"1154",1154,"C Carbon"
"1155",1155,"J Wu"
"1156",1156,"H Xu"
"1157",1157,"P Dayan"
"1158",1158,"N Qian"
"1159",1159,"M Vida"
"1160",1160,"L Troup"
"1161",1161,"A Alcorn"
"1162",1162,"M Rhodes"
"1163",1163,"A Sensenig"
"1164",1164,"R Robbins"
"1165",1165,"P Heck"
"1166",1166,"H Dennett"
"1167",1167,"A Hatry"
"1168",1168,"D Wilbraham"
"1169",1169,"J Murray"
"1170",1170,"M Judge"
"1171",1171,"A Skinner"
"1172",1172,"C Paras"
"1173",1173,"J Collins"
"1174",1174,"C Bukach"
"1175",1175,"F Fang"
"1176",1176,"J Chen"
"1177",1177,"H Yang"
"1178",1178,"C Or"
"1179",1179,"H Wilson"
"1180",1180,"I Linde"
"1181",1181,"T Watson"
"1182",1182,"M Daar"
"1183",1183,"D Pitcher"
"1184",1184,"K Martha"
"1185",1185,"L Pierce"
"1186",1186,"S Gilaie-Dotan"
"1187",1187,"H Gelbard-Sagiv"
"1188",1188,"R Malach"
"1189",1189,"C Jacques"
"1190",1190,"V Willenbockel"
"1191",1191,"F Lepore"
"1192",1192,"N Schwartz"
"1193",1193,"N Pinto"
"1194",1194,"M Moulson"
"1195",1195,"G Belle"
"1196",1196,"P Graef"
"1197",1197,"K Verfaillie"
"1198",1198,"T Busigny"
"1199",1199,"D Kuefner"
"1200",1200,"M Peterson"
"1201",1201,"J Richler"
"1202",1202,"S Phillips"
"1203",1203,"J Husk"
"1204",1204,"C Pernet"
"1205",1205,"C Gaspar"
"1206",1206,"S Thorpe"
"1207",1207,"S Crouzet"
"1208",1208,"M Macé"
"1209",1209,"N Bacon-Macé"
"1210",1210,"M Fabre-Thorpe"
"1211",1211,"V Goffaux"
"1212",1212,"J Peters"
"1213",1213,"C Schiltz"
"1214",1214,"B Jansma"
"1215",1215,"S Caharel"
"1216",1216,"A Brennan"
"1217",1217,"A Harris"
"1218",1218,"L Betts"
"1219",1219,"D Nichols"
"1220",1220,"J Peissig"
"1221",1221,"T Goode"
"1222",1222,"P Smith"
"1223",1223,"T Menneer"
"1224",1224,"N Silbert"
"1225",1225,"K Cornes"
"1226",1226,"J Townsend"
"1227",1227,"N Donnelly"
"1228",1228,"R Nakata"
"1229",1229,"N Mestry"
"1230",1230,"R McCarthy"
"1231",1231,"S Joubert"
"1232",1232,"O Felician"
"1233",1233,"M Ceccaldi"
"1234",1234,"T James"
"1235",1235,"E Huh"
"1236",1236,"A Sekunova"
"1237",1237,"Y Konar"
"1238",1238,"M Anes"
"1239",1239,"N Grosso"
"1240",1240,"D Dubuc"
"1241",1241,"D Varakin"
"1242",1242,"L Loschky"
"1243",1243,"W Ong"
"1244",1244,"N Hooshvar"
"1245",1245,"J Bisley"
"1246",1246,"G Huebner"
"1247",1247,"J Wille"
"1248",1248,"N Ihssen"
"1249",1249,"M Smagt"
"1250",1250,"K Gerrits"
"1251",1251,"S Mednick"
"1252",1252,"D Cai"
"1253",1253,"T Rayani"
"1254",1254,"P Lenkic"
"1255",1255,"J Johnson"
"1256",1256,"V Simmering"
"1257",1257,"B Adelaide"
"1258",1258,"A Nyssen"
"1259",1259,"X Qi"
"1260",1260,"T Meyer"
"1261",1261,"C Constantinidis"
"1262",1262,"M Jensen"
"1263",1263,"D Simons"
"1264",1264,"J Hyun"
"1265",1265,"L Huang"
"1266",1266,"S Emrich"
"1267",1267,"S Harrison"
"1268",1268,"A Tuerk"
"1269",1269,"L Feigenson"
"1270",1270,"T Konkle"
"1271",1271,"T Brady"
"1272",1272,"A Oliva"
"1273",1273,"N Turk-Browne"
"1274",1274,"H Korn"
"1275",1275,"D Fencsik"
"1276",1276,"J Heaton"
"1277",1277,"P Pouget"
"1278",1278,"L Boucher"
"1279",1279,"T Sørensen"
"1280",1280,"N Ashby"
"1281",1281,"D Fougnie"
"1282",1282,"A Umemoto"
"1283",1283,"E Ester"
"1284",1284,"E Awh"
"1285",1285,"H Lai"
"1286",1286,"S Chien"
"1287",1287,"W Kuo"
"1288",1288,"M Scolari"
"1289",1289,"J Serences"
"1290",1290,"N Robitaille"
"1291",1291,"S Grimault"
"1292",1292,"D Cheyne"
"1293",1293,"P Jolicoeur"
"1294",1294,"R Sapkota"
"1295",1295,"S Pardhan"
"1296",1296,"I Sligte"
"1297",1297,"H Scholte"
"1298",1298,"V Lamme"
"1299",1299,"E Shin"
"1300",1300,"M Fabiani"
"1301",1301,"G Gratton"
"1302",1302,"A Gilman"
"1303",1303,"C Ware"
"1304",1304,"S Han"
"1305",1305,"E Blaser"
"1306",1306,"Z Kaldy"
"1307",1307,"M Biondi"
"1308",1308,"G Roddy"
"1309",1309,"N Troje"
"1310",1310,"M Giese"
"1311",1311,"I Arend"
"1312",1312,"C Roether"
"1313",1313,"R Kramer"
"1314",1314,"R Ward"
"1315",1315,"G Diaz"
"1316",1316,"B Fajen"
"1317",1317,"D Ehlinger"
"1318",1318,"S Hariyama"
"1319",1319,"Y Inoue"
"1320",1320,"Y Zhang"
"1321",1321,"A Safford"
"1322",1322,"E Hussey"
"1323",1323,"J Thompson"
"1324",1324,"M Thirkettle"
"1325",1325,"N Scott-Samuel"
"1326",1326,"A Christensen"
"1327",1327,"W Ilg"
"1328",1328,"H Karnath"
"1329",1329,"W Baccus"
"1330",1330,"O Mozgova"
"1331",1331,"S Jackson"
"1332",1332,"R Blake"
"1333",1333,"H Lu"
"1334",1334,"A Lee"
"1335",1335,"T Serre"
"1336",1336,"I Legault"
"1337",1337,"J Faubert"
"1338",1338,"S Thurman"
"1339",1339,"E Grossman"
"1340",1340,"J Luu"
"1341",1341,"M Rutherford"
"1342",1342,"J Graving"
"1343",1343,"R Tyrrell"
"1344",1344,"S Balk"
"1345",1345,"J Mendel"
"1346",1346,"N Braly"
"1347",1347,"L Sinakhonerath"
"1348",1348,"L O'Hara"
"1349",1349,"T Czuba"
"1350",1350,"K Guillet"
"1351",1351,"L Cormack"
"1352",1352,"B Rokers"
"1353",1353,"H Nefs"
"1354",1354,"L O'Hare"
"1355",1355,"C Royden"
"1356",1356,"M Holloway"
"1357",1357,"L Lefebvre"
"1358",1358,"G Muckle"
"1359",1359,"S Jacobson"
"1360",1360,"J Jacobson"
"1361",1361,"C Bastien"
"1362",1362,"I Howard"
"1363",1363,"C Grafton"
"1364",1364,"J Saunders"
"1365",1365,"D Niehorster"
"1366",1366,"P Warren"
"1367",1367,"M Lages"
"1368",1368,"S Heron"
"1369",1369,"M Nawrot"
"1370",1370,"L Joyce"
"1371",1371,"K Stroyan"
"1372",1372,"S Gillespie"
"1373",1373,"M Braunstein"
"1374",1374,"C Tyler"
"1375",1375,"L Likova"
"1376",1376,"S Nicholas"
"1377",1377,"A Norcia"
"1378",1378,"C Hou"
"1379",1379,"A Johnston"
"1380",1380,"D Kane"
"1381",1381,"P Bex"
"1382",1382,"S Dakin"
"1383",1383,"A Seitz"
"1384",1384,"P Pilly"
"1385",1385,"C Pack"
"1386",1386,"G Maus"
"1387",1387,"S Hutton"
"1388",1388,"R Nijhawan"
"1389",1389,"J Ward"
"1390",1390,"D Tadin"
"1391",1391,"J Silvanto"
"1392",1392,"A Pascual-Leone"
"1393",1393,"L Battelli"
"1394",1394,"D Giaschi"
"1395",1395,"R Cheema"
"1396",1396,"C Ho"
"1397",1397,"B Vanderbyl"
"1398",1398,"D Kim"
"1399",1399,"A Yau"
"1400",1400,"J Secen"
"1401",1401,"P Kohler"
"1402",1402,"G Caplovitz"
"1403",1403,"J Bower"
"1404",1404,"B Zheng"
"1405",1405,"J Andersen"
"1406",1406,"E Gheorghiu"
"1407",1407,"R Varshney"
"1408",1408,"A Meso"
"1409",1409,"A Shaw"
"1410",1410,"S Durant"
"1411",1411,"L Tsotsos"
"1412",1412,"W Curran"
"1413",1413,"A Rider"
"1414",1414,"P Scarfe"
"1415",1415,"E Hein"
"1416",1416,"C Cassanello"
"1417",1417,"D Badcock"
"1418",1418,"C Perry"
"1419",1419,"B Hu"
"1420",1420,"L Bowns"
"1421",1421,"J Perrone"
"1422",1422,"R Krauzlis"
"1423",1423,"K Mayer"
"1424",1424,"Q Vuong"
"1425",1425,"T Martin"
"1426",1426,"A Das"
"1427",1427,"K Huxlin"
"1428",1428,"S Nishimoto"
"1429",1429,"A Vu"
"1430",1430,"J Gallant"
"1431",1431,"L Leo"
"1432",1432,"L Lui"
"1433",1433,"M Marc"
"1434",1434,"A Mancarella"
"1435",1435,"T Pasternak"
"1436",1436,"J Fesi"
"1437",1437,"M Yannes"
"1438",1438,"R Gilmore"
"1439",1439,"J Churan"
"1440",1440,"F Khawaja"
"1441",1441,"J Tsui"
"1442",1442,"W Jermakowicz"
"1443",1443,"R Marion"
"1444",1444,"I Khaytin"
"1445",1445,"Z Zhou"
"1446",1446,"M Bernard"
"1447",1447,"A Bonds"
"1448",1448,"V Casagrande"
"1449",1449,"S Holloway"
"1450",1450,"I Dolgov"
"1451",1451,"M McBeath"
"1452",1452,"B Gallie"
"1453",1453,"Y Kim"
"1454",1454,"D Glasser"
"1455",1455,"K Dieter"
"1456",1456,"P Baker"
"1457",1457,"W Bair"
"1458",1458,"A Smith"
"1459",1459,"M Wall"
"1460",1460,"K Thilo"
"1461",1461,"T Gao"
"1462",1462,"G McCarthy"
"1463",1463,"W Sohn"
"1464",1464,"S Gepshtein"
"1465",1465,"L Lesmes"
"1466",1466,"T Albright"
"1467",1467,"P Gamlin"
"1468",1468,"M Ward"
"1469",1469,"M Bolding"
"1470",1470,"G Campana"
"1471",1471,"C Casco"
"1472",1472,"A Pavan"
"1473",1473,"M Manassi"
"1474",1474,"D Chang"
"1475",1475,"S Hidaka"
"1476",1476,"M Nagai"
"1477",1477,"J Gyoba"
"1478",1478,"J Tong"
"1479",1479,"R Hisakata"
"1480",1480,"I Murakami"
"1481",1481,"J Gobell"
"1482",1482,"T Hubbard"
"1483",1483,"M Lange"
"1484",1484,"M Chappell"
"1485",1485,"E Roudaia"
"1486",1486,"P Fattori"
"1487",1487,"A Bosco"
"1488",1488,"R Breveglieri"
"1489",1489,"N Marzocchi"
"1490",1490,"C Galletti"
"1491",1491,"Y Ueda"
"1492",1492,"K Wagner"
"1493",1493,"K Dobkins"
"1494",1494,"R Dyde"
"1495",1495,"M Jenkin"
"1496",1496,"H Jenkin"
"1497",1497,"J Zacher"
"1498",1498,"L Harris"
"1499",1499,"P MacNeilage"
"1500",1500,"D Angelaki"
"1501",1501,"R Held"
"1502",1502,"S Cheng"
"1503",1503,"S Churchill"
"1504",1504,"R LiKamWa"
"1505",1505,"S Nelson"
"1506",1506,"M Gori"
"1507",1507,"G Sandini"
"1508",1508,"R Yao"
"1509",1509,"D Peterzell"
"1510",1510,"S Serwe"
"1511",1511,"K Körding"
"1512",1512,"E Arabzadeh"
"1513",1513,"C Clifford"
"1514",1514,"J Burge"
"1515",1515,"C Takahashi"
"1516",1516,"J Diedrichsen"
"1517",1517,"V Harrar"
"1518",1518,"I Frissen"
"1519",1519,"M Rohde"
"1520",1520,"L Brown"
"1521",1521,"R Doole"
"1522",1522,"N Malfait"
"1523",1523,"B Riecke"
"1524",1524,"D Feuereissen"
"1525",1525,"J Rieser"
"1526",1526,"R Friedman"
"1527",1527,"B Dillenburger"
"1528",1528,"P Kaskan"
"1529",1529,"J Kaas"
"1530",1530,"B Kunz"
"1531",1531,"J Lauritzen"
"1532",1532,"W Thompson"
"1533",1533,"S Creem-Regehr"
"1534",1534,"E Hiris"
"1535",1535,"C Lewis"
"1536",1536,"Z Ernst"
"1537",1537,"S Donohue"
"1538",1538,"R Stevenson"
"1539",1539,"R VanDerKlok"
"1540",1540,"Y Sosa"
"1541",1541,"A Clarke"
"1542",1542,"M McCourt"
"1543",1543,"P Grove"
"1544",1544,"J Ashton"
"1545",1545,"Y Kawachi"
"1546",1546,"K Sakurai"
"1547",1547,"K Jordan"
"1548",1548,"J Thomas"
"1549",1549,"M Shiffrar"
"1550",1550,"L Ortega-Torres"
"1551",1551,"J Mossbridge"
"1552",1552,"C Éthier-Majcher"
"1553",1553,"A Hoover"
"1554",1554,"L Iordanescu"
"1555",1555,"M Tian"
"1556",1556,"Y Bu"
"1557",1557,"V Cardin"
"1558",1558,"D Dilks"
"1559",1559,"C Baker"
"1560",1560,"H Baseler"
"1561",1561,"A Gouws"
"1562",1562,"M Crossland"
"1563",1563,"A Tufail"
"1564",1564,"G Rubin"
"1565",1565,"C Racey"
"1566",1566,"A Morland"
"1567",1567,"S Dumoulin"
"1568",1568,"B Wandell"
"1569",1569,"W Shim"
"1570",1570,"J Webster"
"1571",1571,"P Bao"
"1572",1572,"B Tjan"
"1573",1573,"N Busch"
"1574",1574,"J Dubois"
"1575",1575,"N Rust"
"1576",1576,"J DiCarlo"
"1577",1577,"R Kumbhani"
"1578",1578,"N Majaj"
"1579",1579,"G Saber"
"1580",1580,"J Movshon"
"1581",1581,"A Stocker"
"1582",1582,"C Tailby"
"1583",1583,"E Simoncelli"
"1584",1584,"P Kara"
"1585",1585,"J Boyd"
"1586",1586,"G Chen"
"1587",1587,"F Mechler"
"1588",1588,"I Ohiorhenuan"
"1589",1589,"A Schmid"
"1590",1590,"K Purpura"
"1591",1591,"P Laurent"
"1592",1592,"R Alexandre"
"1593",1593,"C Frédéric"
"1594",1594,"M Guillaume"
"1595",1595,"G Geoffrey"
"1596",1596,"H Ian"
"1597",1597,"S Yen"
"1598",1598,"J Baker"
"1599",1599,"J Lachaux"
"1600",1600,"C Gray"
"1601",1601,"G Purushothaman"
"1602",1602,"A Reynaud"
"1603",1603,"G Masson"
"1604",1604,"F Chavane"
"1605",1605,"C Yeh"
"1606",1606,"D Xing"
"1607",1607,"R Shapley"
"1608",1608,"Y El-Shamayleh"
"1609",1609,"N Dhruv"
"1610",1610,"P Williams"
"1611",1611,"A Henrie"
"1612",1612,"A Zomet"
"1613",1613,"M Lev"
"1614",1614,"A Rosenberg"
"1615",1615,"T Husson"
"1616",1616,"N Issa"
"1617",1617,"N Logothetis"
"1618",1618,"W Lin"
"1619",1619,"S Klingenhoefer"
"1620",1620,"M Wittenberg"
"1621",1621,"T Wachtler"
"1622",1622,"J Cohen"
"1623",1623,"R Heitz"
"1624",1624,"J Lauder"
"1625",1625,"N Hoogenboom"
"1626",1626,"P Azzopardi"
"1627",1627,"H Hock"
"1628",1628,"L Lin"
"1629",1629,"B Barton"
"1630",1630,"D Asher"
"1631",1631,"C Herrera"
"1632",1632,"A Brewer"
"1633",1633,"E Rounis"
"1634",1634,"J Rothwell"
"1635",1635,"R Passingham"
"1636",1636,"K Mathewson"
"1637",1637,"M Wokke"
"1638",1638,"J Winawer"
"1639",1639,"K Amano"
"1640",1640,"C Perez"
"1641",1641,"C Cavézian"
"1642",1642,"C Peyrin"
"1643",1643,"F Andersson"
"1644",1644,"G Doucet"
"1645",1645,"O Gout"
"1646",1646,"S Chokron"
"1647",1647,"M Vanni"
"1648",1648,"M Villeneuve"
"1649",1649,"M Bickford"
"1650",1650,"H Petry"
"1651",1651,"C Casanova"
"1652",1652,"S Das"
"1653",1653,"R Oliver"
"1654",1654,"B Avants"
"1655",1655,"P Radoeva"
"1656",1656,"J Gee"
"1657",1657,"S Ling"
"1658",1658,"J Pearson"
"1659",1659,"C Olman"
"1660",1660,"J Schumacher"
"1661",1661,"D Liu"
"1662",1662,"A Chan"
"1663",1663,"D Kravitz"
"1664",1664,"S Truong"
"1665",1665,"M Mur"
"1666",1666,"M Meys"
"1667",1667,"J Bodurka"
"1668",1668,"P Bandettini"
"1669",1669,"N Kriegeskorte"
"1670",1670,"S MacEvoy"
"1671",1671,"R Epstein"
"1672",1672,"N Tsuchyia"
"1673",1673,"T Poggio"
"1674",1674,"S Gorlin"
"1675",1675,"J Sharma"
"1676",1676,"H Sugihara"
"1677",1677,"M Sur"
"1678",1678,"L Sharan"
"1679",1679,"R Rosenholtz"
"1680",1680,"E Adelson"
"1681",1681,"D Berry"
"1682",1682,"H Barlow"
"1683",1683,"L Velisavljevic"
"1684",1684,"R Chakravarthi"
"1685",1685,"K Tillman"
"1686",1686,"D Pelli"
"1687",1687,"J Markowitz"
"1688",1688,"H Sun"
"1689",1689,"R Gordon"
"1690",1690,"K Hayworth"
"1691",1691,"A Wong"
"1692",1692,"T Palmeri"
"1693",1693,"J Gore"
"1694",1694,"O Joubert"
"1695",1695,"M Ruiz"
"1696",1696,"D Fize"
"1697",1697,"G Richard"
"1698",1698,"C Jouffrais"
"1699",1699,"E Vul"
"1700",1700,"D Lashkari"
"1701",1701,"P Golland"
"1702",1702,"P Hsieh"
"1703",1703,"K Das"
"1704",1704,"S Zhang"
"1705",1705,"E Barenholtz"
"1706",1706,"G Lupyan"
"1707",1707,"S Thompson-Schill"
"1708",1708,"D Swingley"
"1709",1709,"D Drucker"
"1710",1710,"P Rotshtein"
"1711",1711,"M Funes"
"1712",1712,"A Hillstrom"
"1713",1713,"M Tull"
"1714",1714,"H Scholey"
"1715",1715,"M Cheng"
"1716",1716,"C Cheb"
"1717",1717,"C Yang"
"1718",1718,"Y Yeh"
"1719",1719,"O Amir"
"1720",1720,"L Goldfarb"
"1721",1721,"A Treisman"
"1722",1722,"K Seymour"
"1723",1723,"A Bartels"
"1724",1724,"M Corballis"
"1725",1725,"T Stephens"
"1726",1726,"J Corbett"
"1727",1727,"D Yu"
"1728",1728,"G Wagoner"
"1729",1729,"G Legge"
"1730",1730,"S Chung"
"1731",1731,"T Lawton"
"1732",1732,"K Tadros"
"1733",1733,"T Bochsler"
"1734",1734,"J Bernard"
"1735",1735,"F Prado"
"1736",1736,"A Montagnini"
"1737",1737,"E Castet"
"1738",1738,"T Brandwood"
"1739",1739,"C Charron"
"1740",1740,"J Wann"
"1741",1741,"J Billington"
"1742",1742,"D Field"
"1743",1743,"R Wilkie"
"1744",1744,"H Bruggeman"
"1745",1745,"W Warren"
"1746",1746,"D Acuna"
"1747",1747,"B Purcell"
"1748",1748,"G Logan"
"1749",1749,"P Cardoso-Leite"
"1750",1750,"A Gorea"
"1751",1751,"J Parkinson"
"1752",1752,"B Dyson"
"1753",1753,"B Khurana"
"1754",1754,"T Baker"
"1755",1755,"R Candy"
"1756",1756,"C Green"
"1757",1757,"C Benson"
"1758",1758,"S Paul"
"1759",1759,"M Mon-Williams"
"1760",1760,"S Sheehan"
"1761",1761,"A Wilson"
"1762",1762,"G Bingham"
"1763",1763,"M Katkov"
"1764",1764,"I Zak"
"1765",1765,"P Martini"
"1766",1766,"F Schlaghecken"
"1767",1767,"S Tatam"
"1768",1768,"J Anderson"
"1769",1769,"M Levine"
"1770",1770,"J McAnany"
"1771",1771,"E Matin"
"1772",1772,"T Sanders"
"1773",1773,"B Capp"
"1774",1774,"J Mulligan"
"1775",1775,"D Yovanovich"
"1776",1776,"M Bao"
"1777",1777,"M Kwon"
"1778",1778,"T Vickery"
"1779",1779,"E Huber"
"1780",1780,"I Fine"
"1781",1781,"T Carney"
"1782",1782,"H Liu"
"1783",1783,"C Chen"
"1784",1784,"Q Gong"
"1785",1785,"X Weng"
"1786",1786,"N Censor"
"1787",1787,"E Tartaglia"
"1788",1788,"L Bamert"
"1789",1789,"F Mast"
"1790",1790,"H Choi"
"1791",1791,"L Baideme"
"1792",1792,"A Giordano"
"1793",1793,"J Nanez"
"1794",1794,"M Kawato"
"1795",1795,"R Li"
"1796",1796,"V Bejjanki"
"1797",1797,"A Pouget"
"1798",1798,"D Bavelier"
"1799",1799,"Y Yotsumoto"
"1800",1800,"R Ni"
"1801",1801,"L Chang"
"1802",1802,"Y Sasaki"
"1803",1803,"R Weil"
"1804",1804,"C Ruff"
"1805",1805,"B Seymour"
"1806",1806,"G Flandin"
"1807",1807,"W Chu"
"1808",1808,"R Aslin"
"1809",1809,"L Yang"
"1810",1810,"N Prins"
"1811",1811,"K Streeter"
"1812",1812,"S Ringbauer"
"1813",1813,"F Raudies"
"1814",1814,"H Neumann"
"1815",1815,"L Xiao"
"1816",1816,"Y Wong"
"1817",1817,"J Folstein"
"1818",1818,"J Green"
"1819",1819,"D Kinka"
"1820",1820,"A Glick"
"1821",1821,"W Snapp-Childs"
"1822",1822,"Z Hussain"
"1823",1823,"J Dobres"
"1824",1824,"T Hayes"
"1825",1825,"A Petrov"
"1826",1826,"N Horn"
"1827",1827,"J Bell"
"1828",1828,"Y Yamazaki"
"1829",1829,"J Peirce"
"1830",1830,"D McGovern"
"1831",1831,"S Hancock"
"1832",1832,"S Bouvier"
"1833",1833,"P Garrigan"
"1834",1834,"S Lacey"
"1835",1835,"C Schinstine"
"1836",1836,"K Denisova"
"1837",1837,"J Feldman"
"1838",1838,"X Su"
"1839",1839,"N Suresh"
"1840",1840,"Y Ostrovsky"
"1841",1841,"K Choi"
"1842",1842,"T Gandhi"
"1843",1843,"K Dent"
"1844",1844,"W Kerr"
"1845",1845,"L Henriksson"
"1846",1846,"A Hyvärinen"
"1847",1847,"S Vanni"
"1848",1848,"J Ales"
"1849",1849,"M Palomares"
"1850",1850,"R Heydt"
"1851",1851,"N Zhang"
"1852",1852,"I Kovács"
"1853",1853,"J Dannemiller"
"1854",1854,"M Hamel"
"1855",1855,"K May"
"1856",1856,"H Unuma"
"1857",1857,"H Hasegawa"
"1858",1858,"K Feltner"
"1859",1859,"L Kiorpes"
"1860",1860,"B Hadad"
"1861",1861,"D Maurer"
"1862",1862,"T Lewis"
"1863",1863,"T Tanner"
"1864",1864,"T Ghose"
"1865",1865,"D Stubbs"
"1866",1866,"S Gori"
"1867",1867,"C Stubbs"
"1868",1868,"M Viva"
"1869",1869,"G Punzi"
"1870",1870,"S Kuai"
"1871",1871,"J Fulvio"
"1872",1872,"K Ozkan"
"1873",1873,"Q Zhu"
"1874",1874,"A McCollough"
"1875",1875,"R Ly"
"1876",1876,"H Im"
"1877",1877,"L Spillmann"
"1878",1878,"H Frey"
"1879",1879,"J Foxe"
"1880",1880,"M Maertens"
"1881",1881,"S Pollmann"
"1882",1882,"T Harp"
"1883",1883,"A Mühlenen"
"1884",1884,"G Ben-Yosef"
"1885",1885,"O Ben-Shahar"
"1886",1886,"S Rainville"
"1887",1887,"R Betzler"
"1888",1888,"M Christiansen"
"1889",1889,"S Cheadle"
"1890",1890,"M Usher"
"1891",1891,"A Kraft"
"1892",1892,"C Grimsen"
"1893",1893,"S Kehrer"
"1894",1894,"A Lipfert"
"1895",1895,"M Koehnlein"
"1896",1896,"M Fahle"
"1897",1897,"S Brandt"
"1898",1898,"T Zawislo"
"1899",1899,"K Spang"
"1900",1900,"M Albert"
"1901",1901,"L Hecht"
"1902",1902,"A Yoonessi"
"1903",1903,"P O'Herron"
"1904",1904,"A Mojica"
"1905",1905,"E Salvagio"
"1906",1906,"R Kimchi"
"1907",1907,"H Choo"
"1908",1908,"B Chai"
"1909",1909,"E Caddigan"
"1910",1910,"D Walther"
"1911",1911,"L Fei-Fei"
"1912",1912,"H Banno"
"1913",1913,"D Jankovic"
"1914",1914,"S Markovic"
"1915",1915,"M Becker"
"1916",1916,"M Roytman"
"1917",1917,"E Boloix"
"1918",1918,"M Greene"
"1919",1919,"S Park"
"1920",1920,"M Beck"
"1921",1921,"B Martin"
"1922",1922,"E Smitherman"
"1923",1923,"L Gaschen"
"1924",1924,"A Fintzi"
"1925",1925,"A Bjerg"
"1926",1926,"K Ellis"
"1927",1927,"T Freeman"
"1928",1928,"S Hilburn"
"1929",1929,"A Larson"
"1930",1930,"K Michod"
"1931",1931,"H Intraub"
"1932",1932,"A Hwang"
"1933",1933,"H Wang"
"1934",1934,"E Vessel"
"1935",1935,"G Starr"
"1936",1936,"J Kong"
"1937",1937,"G Kim"
"1938",1938,"D Yi"
"1939",1939,"H Bae"
"1940",1940,"K Kim"
"1941",1941,"J Rhim"
"1942",1942,"K Evans"
"1943",1943,"E Cooper"
"1944",1944,"M Cauchoix"
"1945",1945,"M Boucart"
"1946",1946,"F Naili"
"1947",1947,"S Defoort"
"1948",1948,"M Smith"
"1949",1949,"E Ward"
"1950",1950,"L Barghout"
"1951",1951,"W Pollock"
"1952",1952,"S Smerchek"
"1953",1953,"J Kubilius"
"1954",1954,"E Spelke"
"1955",1955,"J Hays"
"1956",1956,"A Efros"
"1957",1957,"G Henning"
"1958",1958,"S Wolfson"
"1959",1959,"S Pan"
"1960",1960,"G Wable"
"1961",1961,"N Graham"
"1962",1962,"H Vasudevan"
"1963",1963,"N Halelamien"
"1964",1964,"R Allard"
"1965",1965,"V Lefebvre"
"1966",1966,"K Langley"
"1967",1967,"S Mandegary"
"1968",1968,"A Cheong"
"1969",1969,"J Fields"
"1970",1970,"C Henry"
"1971",1971,"M Landy"
"1972",1972,"D Abdul-Malak"
"1973",1973,"N Wurnitsch"
"1974",1974,"T Livne"
"1975",1975,"J Greenwood"
"1976",1976,"L Sawides"
"1977",1977,"S Ravikumar"
"1978",1978,"L Thibos"
"1979",1979,"A Bradley"
"1980",1980,"S Marcos"
"1981",1981,"P Ho"
"1982",1982,"S Cheung"
"1983",1983,"A Raj"
"1984",1984,"J Cham"
"1985",1985,"J Forte"
"1986",1986,"M Nicholls"
"1987",1987,"M Hervatin"
"1988",1988,"E Rashal"
"1989",1989,"F Aedo-Jury"
"1990",1990,"D Pins"
"1991",1991,"A Veenemans"
"1992",1992,"L Montaser-Kouhsari"
"1993",1993,"S Rosen"
"1994",1994,"S Jeon"
"1995",1995,"J Hamid"
"1996",1996,"A Nandy"
"1997",1997,"P Bulakowski"
"1998",1998,"R Post"
"1999",1999,"B Henning"
"2000",2000,"A Haun"
"2001",2001,"E Essock"
"2002",2002,"P Hibbeler"
"2003",2003,"L Olzak"
"2004",2004,"P Huang"
"2005",2005,"S Waugh"
"2006",2006,"S Lalor"
"2007",2007,"M Hairol"
"2008",2008,"S Barthelmé"
"2009",2009,"G Srinivasan"
"2010",2010,"E Wong"
"2011",2011,"J Kryder"
"2012",2012,"T Saarela"
"2013",2013,"T Wickens"
"2014",2014,"S Cholewiak"
"2015",2015,"H Galperin"
"2016",2016,"L Scharff"
"2017",2017,"A Ahumada"
"2018",2018,"R Adams"
"2019",2019,"A Earle"
"2020",2020,"M Courage"
"2021",2021,"S Gage"
"2022",2022,"J Noyes"
"2023",2023,"M Groen"
"2024",2024,"D Poggel"
"2025",2025,"J Rizzo"
"2026",2026,"L Toth"
"2027",2027,"S Song"
"2028",2028,"M Tarampi"
"2029",2029,"Y Baek"
"2030",2030,"O Cha"
"2031",2031,"E Yang"
"2032",2032,"J Ackermann"
"2033",2033,"M Formankiewicz"
"2034",2034,"C Tucker"
"2035",2035,"J Siderov"
"2036",2036,"A Patel"
"2037",2037,"E Rislove"
"2038",2038,"F Poirier"
"2039",2039,"V Singh"
"2040",2040,"J Deng"
"2041",2041,"K Li"
"2042",2042,"M To"
"2043",2043,"P Lovell"
"2044",2044,"D Tolhurst"
"2045",2045,"S Gebreab"
"2046",2046,"A Smeulders"
"2047",2047,"L Nakano"
"2048",2048,"T Takeuchi"
"2049",2049,"A Girshick"
"2050",2050,"E Arsenault"
"2051",2051,"J George"
"2052",2052,"G Padmanabhan"
"2053",2053,"M Brady"
"2054",2054,"B McCann"
"2055",2055,"L Land"
"2056",2056,"A Wilkins"
"2057",2057,"C Vishton"
"2058",2058,"G Hoff"
"2059",2059,"C Rothkopf"
"2060",2060,"T Weisswange"
"2061",2061,"J Triesch"
"2062",2062,"C Ramachandra"
"2063",2063,"B Behabadi"
"2064",2064,"R Jain"
"2065",2065,"B Mel"
"2066",2066,"S Lin"
"2067",2067,"A Yang"
"2068",2068,"J Ong"
"2069",2069,"G Nah"
"2070",2070,"L Lee"
"2071",2071,"D Tan"
"2072",2072,"G Desmarais"
"2073",2073,"K Myles"
"2074",2074,"S Greenwald"
"2075",2075,"A Horsager"
"2076",2076,"M Humayun"
"2077",2077,"R Greenberg"
"2078",2078,"M McMahon"
"2079",2079,"G Maehara"
"2080",2080,"B Mansouri"
"2081",2081,"X Li"
"2082",2082,"A Richard"
"2083",2083,"C Aaen-Stockdale"
"2084",2084,"N Simic"
"2085",2085,"J Rovet"
"2086",2086,"M Mei"
"2087",2087,"H Koh"
"2088",2088,"E Milne"
"2089",2089,"N Taylor"
"2090",2090,"A Guindon"
"2091",2091,"L Farber"
"2092",2092,"H Hsu"
"2093",2093,"J Hanck"
"2094",2094,"A Bertone"
"2095",2095,"A Perreault"
"2096",2096,"K Cornish"
"2097",2097,"F Farzin"
"2098",2098,"S Rivera"
"2099",2099,"S Sakai"
"2100",2100,"E Gregory"
"2101",2101,"N Trzcinski"
"2102",2102,"B Landau"
"2103",2103,"S Govenlock"
"2104",2104,"K Williams"
"2105",2105,"J Pinto"
"2106",2106,"D Irwin"
"2107",2107,"S Elliott"
"2108",2108,"C Fiacconi"
"2109",2109,"M Malania"
"2110",2110,"F Devinck"
"2111",2111,"J Hardy"
"2112",2112,"P Delahunt"
"2113",2113,"N Morris"
"2114",2114,"D Downs"
"2115",2115,"A Chaparro"
"2116",2116,"M Augustin"
"2117",2117,"H Fuchs"
"2118",2118,"B Defranceschi"
"2119",2119,"F Hutzler"
"2120",2120,"T Sprague"
"2121",2121,"M Sinitsyna"
"2122",2122,"I Ayhan"
"2123",2123,"A Bruno"
"2124",2124,"L Ortega"
"2125",2125,"F Marino"
"2126",2126,"V Pariyadath"
"2127",2127,"M Jazayeri"
"2128",2128,"M Shadlen"
"2129",2129,"L Renzi"
"2130",2130,"B Wooten"
"2131",2131,"B Hammond"
"2132",2132,"D Wood"
"2133",2133,"M Goodale"
"2134",2134,"J Marotta"
"2135",2135,"L Desanghere"
"2136",2136,"B Meek"
"2137",2137,"L Baugh"
"2138",2138,"J Lawrence"
"2139",2139,"K Locheed"
"2140",2140,"P Shelton"
"2141",2141,"E Siegel"
"2142",2142,"P Walker"
"2143",2143,"J Stefanucci"
"2144",2144,"D Cappadocia"
"2145",2145,"D Henriques"
"2146",2146,"A Sedda"
"2147",2147,"S Monaco"
"2148",2148,"G Bottini"
"2149",2149,"N Daw"
"2150",2150,"U Kleinholdermann"
"2151",2151,"V Franz"
"2152",2152,"M Heath"
"2153",2153,"A Maraj"
"2154",2154,"G Binsted"
"2155",2155,"C Glaser"
"2156",2156,"J Locklin"
"2157",2157,"J Danckert"
"2158",2158,"F Colino"
"2159",2159,"J Grosbois"
"2160",2160,"G Buckingham"
"2161",2161,"H Gerhard"
"2162",2162,"W Uta"
"2163",2163,"F Fleischer"
"2164",2164,"A Casile"
"2165",2165,"A Jarvstad"
"2166",2166,"U Hahn"
"2167",2167,"J Li"
"2168",2168,"J Diamond"
"2169",2169,"L Tremblay"
"2170",2170,"A Woods"
"2171",2171,"J Philbeck"
"2172",2172,"K Chelette"
"2173",2173,"M Mennemeier"
"2174",2174,"R Skinner"
"2175",2175,"E Garcia-Rill"
"2176",2176,"D Chichka"
"2177",2177,"S Potolicchio"
"2178",2178,"M Geuss"
"2179",2179,"K Ohtsu"
"2180",2180,"N Yamamoto"
"2181",2181,"E Sun"
"2182",2182,"B Fortenberry"
"2183",2183,"A Gorchetchnikov"
"2184",2184,"L Li"
"2185",2185,"D Cowie"
"2186",2186,"A Peters"
"2187",2187,"B Day"
"2188",2188,"M Cinelli"
"2189",2189,"S Manescu"
"2190",2190,"R Sadi"
"2191",2191,"E Chrastil"
"2192",2192,"K Barton"
"2193",2193,"B Bodenheimer"
"2194",2194,"B Williams"
"2195",2195,"P Peng"
"2196",2196,"T McNamara"
"2197",2197,"G Petit"
"2198",2198,"J Owens"
"2199",2199,"A Kalia"
"2200",2200,"J Hanssens"
"2201",2201,"M Moulin"
"2202",2202,"J Faubet"
"2203",2203,"J Cant"
"2204",2204,"K Kao"
"2205",2205,"T Huang"
"2206",2206,"L Ko"
"2207",2207,"D Hung"
"2208",2208,"E Chang"
"2209",2209,"J López-Moliner"
"2210",2210,"S Louw"
"2211",2211,"D Poulter"
"2212",2212,"C Purcell"
"2213",2213,"K Wilmut"
"2214",2214,"M Luyat"
"2215",2215,"D Guardia"
"2216",2216,"G Lafargue"
"2217",2217,"P Thomas"
"2218",2218,"P Guterman"
"2219",2219,"S Jennings"
"2220",2220,"G Craig"
"2221",2221,"A Parush"
"2222",2222,"M Gauthier"
"2223",2223,"T Macuda"
"2224",2224,"D Wu"
"2225",2225,"T Carlson"
"2226",2226,"A Sciutti"
"2227",2227,"F Nori"
"2228",2228,"G Metta"
"2229",2229,"T Pozzo"
"2230",2230,"J Matthis"
"2231",2231,"C Cramer"
"2232",2232,"J Campos"
"2233",2233,"J Butler"
"2234",2234,"H Buelthoff"
"2235",2235,"O Layton"
"2236",2236,"A Senkfor"
"2237",2237,"G Narasimham"
"2238",2238,"P Capucilli"
"2239",2239,"A Erdemir"
"2240",2240,"L Wolk"
"2241",2241,"R Coats"
"2242",2242,"G Blohm"
"2243",2243,"W Gaetz"
"2244",2244,"H Goltz"
"2245",2245,"J DeSouza"
"2246",2246,"S Bells"
"2247",2247,"J Crawford"
"2248",2248,"J deGrosbois"
"2249",2249,"O Krigolson"
"2250",2250,"L Thaler"
"2251",2251,"J Gallivan"
"2252",2252,"C Chapman"
"2253",2253,"J Milne"
"2254",2254,"J Culham"
"2255",2255,"D Narain"
"2256",2256,"O Kwon"
"2257",2257,"J Shelton"
"2258",2258,"O Braddick"
"2259",2259,"H Gillespie-Gallery"
"2260",2260,"E Babinsky"
"2261",2261,"J Atkinson"
"2262",2262,"M Hegenloh"
"2263",2263,"M Zehetleitner"
"2264",2264,"H Mueller"
"2265",2265,"B Rodríguez-Herreros"
"2266",2266,"D Grave"
"2267",2267,"A Karnik"
"2268",2268,"B Heider"
"2269",2269,"R Siegel"
"2270",2270,"T Hudson"
"2271",2271,"A Greene"
"2272",2272,"C Striemer"
"2273",2273,"R McIntosh"
"2274",2274,"L Szymanek"
"2275",2275,"S Rossit"
"2276",2276,"T Ganel"
"2277",2277,"E Chajut"
"2278",2278,"D Algom"
"2279",2279,"R Doobay"
"2280",2280,"H Zhang"
"2281",2281,"S Wu"
"2282",2282,"B Bridgeman"
"2283",2283,"M Watson"
"2284",2284,"H Godwin"
"2285",2285,"K Cave"
"2286",2286,"V Cutler"
"2287",2287,"H Chu"
"2288",2288,"K Joseph"
"2289",2289,"E Reijnen"
"2290",2290,"R Pedersini"
"2291",2291,"Y Kuzmova"
"2292",2292,"T Osugi"
"2293",2293,"T Kumada"
"2294",2294,"E Olds"
"2295",2295,"T Graham"
"2296",2296,"J Jones"
"2297",2297,"W Saoud"
"2298",2298,"J Drewes"
"2299",2299,"J Trommershaeuser"
"2300",2300,"J Gomez-Cuerva"
"2301",2301,"F Baluch"
"2302",2302,"M Kunar"
"2303",2303,"M Stroud"
"2304",2304,"J Schmidt"
"2305",2305,"G Zelinsky"
"2306",2306,"R Alexander"
"2307",2307,"V Beck"
"2308",2308,"P Verghese"
"2309",2309,"W Ma"
"2310",2310,"J Beck"
"2311",2311,"C Tan"
"2312",2312,"S Chikkerur"
"2313",2313,"W Schoonveld"
"2314",2314,"J Edler"
"2315",2315,"P Monnier"
"2316",2316,"A Puri"
"2317",2317,"S Chan"
"2318",2318,"M Bravo"
"2319",2319,"H Farid"
"2320",2320,"K Ehinger"
"2321",2321,"B Hidalgo-Sotelo"
"2322",2322,"L Chan"
"2323",2323,"J Hulleman"
"2324",2324,"R Almeida"
"2325",2325,"J Dickinson"
"2326",2326,"M Maybery"
"2327",2327,"J Badcock"
"2328",2328,"S Shimozaki"
"2329",2329,"R Saunders"
"2330",2330,"E Bryant"
"2331",2331,"M Pashkam"
"2332",2332,"A Luo"
"2333",2333,"L Parra"
"2334",2334,"P Sajda"
"2335",2335,"J Vries"
"2336",2336,"I Hooge"
"2337",2337,"M Kibbe"
"2338",2338,"L McIlreavy"
"2339",2339,"L Lanagan-Leitzel"
"2340",2340,"E Palmer"
"2341",2341,"C Brown"
"2342",2342,"C Bates"
"2343",2343,"T Clausner"
"2344",2344,"Y Shen"
"2345",2345,"S Mack"
