"","id","label"
"1",1,"L Li"
"2",2,"D Niehorster"
"3",3,"W Warren"
"4",4,"B Bolte"
"5",5,"P Wieland"
"6",6,"M Lappe"
"7",7,"N Boeddeker"
"8",8,"A Moscatelli"
"9",9,"M Ernst"
"10",10,"J Matthis"
"11",11,"S Barton"
"12",12,"B Fajen"
"13",13,"S Bonneaud"
"14",14,"M Tong"
"15",15,"M Hayhoe"
"16",16,"K Nakayama"
"17",17,"S Cormiea"
"18",18,"M Pashkam"
"19",19,"J Tan"
"20",20,"P Hsieh"
"21",21,"V Wyart"
"22",22,"N Myers"
"23",23,"C Summerfield"
"24",24,"H Supèr"
"25",25,"J Marco"
"26",26,"L Zapata"
"27",27,"J"
"28",28,"M Puig"
"29",29,"J Zhao"
"30",30,"N Turk-Browne"
"31",31,"Y Luo"
"32",32,"M Conci"
"33",33,"H Müller"
"34",34,"L Liu"
"35",35,"C Pack"
"36",36,"M Morrone"
"37",37,"L Biagi"
"38",38,"S Crespi"
"39",39,"M Tosetti"
"40",40,"J Dmochowski"
"41",41,"A Norcia"
"42",42,"R Tilford"
"43",43,"R Nijhawan"
"44",44,"E Walker"
"45",45,"W Ma"
"46",46,"S Tschechne"
"47",47,"H Neumann"
"48",48,"R Allard"
"49",49,"J Faubert"
"50",50,"A White"
"51",51,"M Rolfs"
"52",52,"M Carrasco"
"53",53,"V Störmer"
"54",54,"G Alvarez"
"55",55,"E Ward"
"56",56,"M Chun"
"57",57,"S Andersen"
"58",58,"S Hillyard"
"59",59,"A Clarke"
"60",60,"M Dziemianko"
"61",61,"F Keller"
"62",62,"A Kristjansson"
"63",63,"O Johannesson"
"64",64,"I Thornton"
"65",65,"G Malcolm"
"66",66,"S Shomstein"
"67",67,"F Yang"
"68",68,"J Flombaum"
"69",69,"K Sobel"
"70",70,"A Puri"
"71",71,"J Norman"
"72",72,"J Cheeseman"
"73",73,"M Baxter"
"74",74,"K Thomason"
"75",75,"O Adkins"
"76",76,"C Rogers"
"77",77,"M Schurgin"
"78",78,"Z Reagh"
"79",79,"M Yassa"
"80",80,"N Gronau"
"81",81,"M Shachar"
"82",82,"A Maxcey"
"83",83,"G Woodman"
"84",84,"F Perdreau"
"85",85,"P Cavanagh"
"86",86,"M Shen"
"87",87,"Q Gao"
"88",88,"N Tang"
"89",89,"R Shui"
"90",90,"S Chen"
"91",91,"Z Gao"
"92",92,"T Coleman"
"93",93,"R Skiba"
"94",94,"A Carroll"
"95",95,"S Turek"
"96",96,"M Berryhill"
"97",97,"J Snow"
"98",98,"K Antonelli"
"99",99,"E Kang"
"100",100,"C Williams"
"101",101,"R Sawaki"
"102",102,"J Raymond"
"103",103,"B Wang"
"104",104,"Z Wang"
"105",105,"A Lamsweerde"
"106",106,"J Johnson"
"107",107,"I Mance"
"108",108,"K Adam"
"109",109,"K Fukuda"
"110",110,"E Vogel"
"111",111,"Y Jiang"
"112",112,"C Capistrano"
"113",113,"B Palm"
"114",114,"K Eo"
"115",115,"O Cha"
"116",116,"Y Jung"
"117",117,"S Chong"
"118",118,"N Alp"
"119",119,"N Kogo"
"120",120,"G Vanbelle"
"121",121,"J Wagemans"
"122",122,"B Rossion"
"123",123,"L Cacciamani"
"124",124,"P Scalf"
"125",125,"M Peterson"
"126",126,"R Cichy"
"127",127,"D Pantazis"
"128",128,"M Coutanche"
"129",129,"S Solomon"
"130",130,"S Thompson-Schill"
"131",131,"C Moutsiana"
"132",132,"R Soliman"
"133",133,"L de-Wit"
"134",134,"M Sereno"
"135",135,"G Plant"
"136",136,"D Schwarzkopf"
"137",137,"J Sanguinetti"
"138",138,"L Trujillo"
"139",139,"D Schnyer"
"140",140,"J Allen"
"141",141,"M Vanegas-Arroyave"
"142",142,"A Blangero"
"143",143,"S Kelly"
"144",144,"B Sheth"
"145",145,"R Young"
"146",146,"S Holloway"
"147",147,"M McBeath"
"148",148,"F Mauro"
"149",149,"A Raffone"
"150",150,"R VanRullen"
"151",151,"L Lazzouni"
"152",152,"D Saint-Amour"
"153",153,"B Keane"
"154",154,"S Kastner"
"155",155,"D Paterno"
"156",156,"G Erlikhman"
"157",157,"S Silverstein"
"158",158,"C Cabrera"
"159",159,"Z Lu"
"160",160,"B Dosher"
"161",161,"X Wei"
"162",162,"A Stocker"
"163",163,"R Le"
"164",164,"D Mely"
"165",165,"T Serre"
"166",166,"V Froyen"
"167",167,"E Stoettinger"
"168",168,"N Sepahvand"
"169",169,"N Quehl"
"170",170,"J Danckert"
"171",171,"B Anderson"
"172",172,"G Caplovitz"
"173",173,"P Kellman"
"174",174,"Ö Tanrıkulu"
"175",175,"L Ma"
"176",176,"J Feldman"
"177",177,"M Singh"
"178",178,"E Gheorghiu"
"179",179,"J Bell"
"180",180,"F Kingdom"
"181",181,"M Pitts"
"182",182,"A Martinez"
"183",183,"W Harrison"
"184",184,"P Bex"
"185",185,"Y Li"
"186",186,"S Li"
"187",187,"T Kwon"
"188",188,"M Scheessele"
"189",189,"A Michaux"
"190",190,"Z Pizlo"
"191",191,"Y Hatori"
"192",192,"T Mashita"
"193",193,"K Sakai"
"194",194,"S Pas"
"195",195,"S Pont"
"196",196,"E Dalmaijer"
"197",197,"I Hooge"
"198",198,"L Xia"
"199",199,"I Heynderickx"
"200",200,"B Han"
"201",201,"K Kanari"
"202",202,"H Kaneko"
"203",203,"M Pereverzeva"
"204",204,"S Murray"
"205",205,"M Withouck"
"206",206,"K Smet"
"207",207,"W Ryckaert"
"208",208,"J Wattez"
"209",209,"G Deconinck"
"210",210,"P Hanselaer"
"211",211,"S Hong"
"212",212,"M Kang"
"213",213,"M Toscani"
"214",214,"M Valsecchi"
"215",215,"K Gegenfurtner"
"216",216,"M Rudd"
"217",217,"A Gilchrist"
"218",218,"S Ivory"
"219",219,"H Ban"
"220",220,"H Yamamoto"
"221",221,"D Kane"
"222",222,"M Bertalmio"
"223",223,"A Vargas"
"224",224,"P Johnson"
"225",225,"J Kim"
"226",226,"D Hoffman"
"227",227,"M Bertalmío"
"228",228,"A Coia"
"229",229,"K Flake"
"230",230,"S Arn"
"231",231,"G Amsrala"
"232",232,"M Crognale"
"233",233,"Y Kim"
"234",234,"T DeLawyer"
"235",235,"S Buck"
"236",236,"C Myers"
"237",237,"N Jardine"
"238",238,"J Houpt"
"239",239,"A Howes"
"240",240,"R Lewis"
"241",241,"H Sheridan"
"242",242,"E Reingold"
"243",243,"T Suzuki"
"244",244,"Y Schelske"
"245",245,"T Ghose"
"246",246,"S Utz"
"247",247,"C Carbon"
"248",248,"T Barakat"
"249",249,"D Cappadocia"
"250",250,"K Gharavi"
"251",251,"M Fallah"
"252",252,"J Crawford"
"253",253,"R Foerster"
"254",254,"W Schneider"
"255",255,"J DeSimone"
"256",256,"G Aber"
"257",257,"M Heath"
"258",258,"C Gillen"
"259",259,"J Diamond"
"260",260,"J Weiler"
"261",261,"C Hassall"
"262",262,"O Krigolson"
"263",263,"S Yeung"
"264",264,"C Rubino"
"265",265,"J Viswanathan"
"266",266,"J Barton"
"267",267,"M Mills"
"268",268,"S Stigchel"
"269",269,"M Dodd"
"270",270,"P Noto"
"271",271,"J Chartrand"
"272",272,"G Levkov"
"273",273,"J DeSouza"
"274",274,"S Mathe"
"275",275,"C Sminchisescu"
"276",276,"B Lester"
"277",277,"S Vecera"
"278",278,"M Rizzo"
"279",279,"L Cantrell"
"280",280,"R Veale"
"281",281,"L Smith"
"282",282,"J Maxwell"
"283",283,"J Taylor"
"284",284,"J Pratt"
"285",285,"P Lockwood"
"286",286,"C Mann"
"287",287,"V Benson"
"288",288,"N Donnelly"
"289",289,"W Ridder"
"290",290,"E Borsting"
"291",291,"P Yoshinaga"
"292",292,"H Ha"
"293",293,"S Ridder"
"294",294,"T Breuel"
"295",295,"C Shen"
"296",296,"D Kong"
"297",297,"S Wang"
"298",298,"Q Zhao"
"299",299,"M McCamy"
"300",300,"J Otero-Millan"
"301",301,"L Stasi"
"302",302,"S Macknik"
"303",303,"S Martinez-Conde"
"304",304,"N Mostofi"
"305",305,"M Boi"
"306",306,"M Rucci"
"307",307,"C Simoncini"
"308",308,"A Montagnini"
"309",309,"L Perrinet"
"310",310,"G Masson"
"311",311,"D Sen"
"312",312,"M Kankanhalli"
"313",313,"Z Yang"
"314",314,"F Costela"
"315",315,"X Troncoso"
"316",316,"A Najafian"
"317",317,"S Martinez"
"318",318,"R Cabestrero"
"319",319,"F Ríos"
"320",320,"A Catena"
"321",321,"P Quirós"
"322",322,"J Lopez"
"323",323,"C Saez"
"324",324,"G Kumar"
"325",325,"S Chung"
"326",326,"H Mazyar"
"327",327,"B Tjan"
"328",328,"S Spotorno"
"329",329,"J Arizpe"
"330",330,"D Kravitz"
"331",331,"E Bilger"
"332",332,"C Baker"
"333",333,"S Anzellotti"
"334",334,"A Caramazza"
"335",335,"B Deen"
"336",336,"N Kanwisher"
"337",337,"R Saxe"
"338",338,"M Mattar"
"339",339,"D Kahn"
"340",340,"G Aguirre"
"341",341,"T Wen"
"342",342,"C Kung"
"343",343,"Q Zhu"
"344",344,"W Vanduffel"
"345",345,"J Liu"
"346",346,"X Jiang"
"347",347,"P Zheng"
"348",348,"K Lee"
"349",349,"L Solomon-Harris"
"350",350,"J Steeves"
"351",351,"T Kietzmann"
"352",352,"S Ling"
"353",353,"S Poltoratski"
"354",354,"P König"
"355",355,"R Blake"
"356",356,"F Tong"
"357",357,"T Brandman"
"358",358,"G Yovel"
"359",359,"A Saville"
"360",360,"C Huynh"
"361",361,"B Balas"
"362",362,"R Itier"
"363",363,"K Neath"
"364",364,"N Dupuis-Roy"
"365",365,"D Fiset"
"366",366,"K Dufresne"
"367",367,"F Gosselin"
"368",368,"A Hashemi"
"369",369,"M Pachai"
"370",370,"P Bennett"
"371",371,"A Sekuler"
"372",372,"J Liu-Shuang"
"373",373,"J Ales"
"374",374,"A Boremanse"
"375",375,"E Alonso-Prieto"
"376",376,"J Martin"
"377",377,"M Riesenhuber"
"378",378,"S Thorpe"
"379",379,"C Wu"
"380",380,"C Chen"
"381",381,"M Nardini"
"382",382,"K Begus"
"383",383,"D Mareschal"
"384",384,"K Storrs"
"385",385,"D Arnold"
"386",386,"M Zannoli"
"387",387,"R Albert"
"388",388,"A Bulbul"
"389",389,"R Narain"
"390",390,"J O'Brien"
"391",391,"M Banks"
"392",392,"M Langer"
"393",393,"R Siciliano"
"394",394,"M Ishii"
"395",395,"D Gajewski"
"396",396,"S Mihelič"
"397",397,"C Wallin"
"398",398,"J Philbeck"
"399",399,"C Kuylen"
"400",400,"L Thomas"
"401",401,"J Vuong"
"402",402,"L Pickup"
"403",403,"A Glennerster"
"404",404,"M Williams"
"405",405,"F Durgin"
"406",406,"J Dobias"
"407",407,"A Sarwate"
"408",408,"T Papathomas"
"409",409,"I Sperandio"
"410",410,"J Chen"
"411",411,"M Goodale"
"412",412,"B Gillam"
"413",413,"B Klein"
"414",414,"Z Li"
"415",415,"D Frank"
"416",416,"W Li"
"417",417,"E Matin"
"418",418,"L Matin"
"419",419,"A Reeves"
"420",420,"Q Lei"
"421",421,"A Wang"
"422",422,"Q Chen"
"423",423,"M Zhang"
"424",424,"J Hutchinson"
"425",425,"N Horn"
"426",426,"A Petrov"
"427",427,"J Baek"
"428",428,"L Lesmes"
"429",429,"R Berg"
"430",430,"G Bae"
"431",431,"M Olkkonen"
"432",432,"S Allred"
"433",433,"C Wilson"
"434",434,"G Swan"
"435",435,"B Wyble"
"436",436,"A Allon"
"437",437,"R Luria"
"438",438,"H Balaban"
"439",439,"W Bainbridge"
"440",440,"A Oliva"
"441",441,"M Cappiello"
"442",442,"W Xie"
"443",443,"W Zhang"
"444",444,"G Gurariy"
"445",445,"D Peterson"
"446",446,"C Miller"
"447",447,"N Ihssen"
"448",448,"D Linden"
"449",449,"K Shapiro"
"450",450,"S Lee"
"451",451,"D Mendoza-Halliday"
"452",452,"S Torres"
"453",453,"J Martinez-Trujillo"
"454",454,"J Saiki"
"455",455,"I Sligte"
"456",456,"A Leij"
"457",457,"H Scholte"
"458",458,"S Wijeakumar"
"459",459,"V Magnotta"
"460",460,"A Buss"
"461",461,"J Spencer"
"462",462,"A Heinz"
"463",463,"J Duncan"
"464",464,"J Royer"
"465",465,"G Forest"
"466",466,"L Linden"
"467",467,"F Vitu"
"468",468,"L Björnstrom"
"469",469,"C Hills"
"470",470,"H Hanif"
"471",471,"E Ahlen"
"472",472,"C Sheldon"
"473",473,"R Pancaroglu"
"474",474,"J Davies-Thompson"
"475",475,"T Muayqil"
"476",476,"L Strother"
"477",477,"A Coros"
"478",478,"T Vilis"
"479",479,"Q Weng"
"480",480,"H Zhou"
"481",481,"L Wang"
"482",482,"S He"
"483",483,"T Liu"
"484",484,"J Hsiao"
"485",485,"R Tso"
"486",486,"C Leung"
"487",487,"T Au"
"488",488,"L Cong"
"489",489,"C Yu"
"490",490,"J Dobres"
"491",491,"N Chahine"
"492",492,"B Reimer"
"493",493,"D Gould"
"494",494,"B Mehler"
"495",495,"B Pugh"
"496",496,"S Arredondo"
"497",497,"M Cohen"
"498",498,"T Konkle"
"499",499,"M Henry"
"500",500,"A Stigliani"
"501",501,"K Weiner"
"502",502,"K Grill-Spector"
"503",503,"J Culham"
"504",504,"S Shuwairi"
"505",505,"R Bainbridge"
"506",506,"G Murphy"
"507",507,"R Rajalingham"
"508",508,"K Schmidt"
"509",509,"J DiCarlo"
"510",510,"M Poncet"
"511",511,"R Chakravarthi"
"512",512,"M Fabre-Thorpe"
"513",513,"M Islam"
"514",514,"T Sanocki"
"515",515,"A Hill"
"516",516,"C Bohil"
"517",517,"A Wismer"
"518",518,"J Touryan"
"519",519,"A Marathe"
"520",520,"A Ries"
"521",521,"J Niemeyer"
"522",522,"M Paradiso"
"523",523,"C Cherici"
"524",524,"M Aytekin"
"525",525,"M Poletti"
"526",526,"Q Zaidi"
"527",527,"R Ennis"
"528",528,"D"
"529",529,"B Lee"
"530",530,"S Luke"
"531",531,"T Smith"
"532",532,"J Schmidt"
"533",533,"J Henderson"
"534",534,"S Mathôt"
"535",535,"G Jonathan"
"536",536,"I Biederman"
"537",537,"X Xu"
"538",538,"M Shah"
"539",539,"E Chiovetto"
"540",540,"C Curio"
"541",541,"D Endres"
"542",542,"M Giese"
"543",543,"R Kimchi"
"544",544,"M Behrmann"
"545",545,"G Avidan"
"546",546,"R Amishav"
"547",547,"B Haas"
"548",548,"I Alvarez"
"549",549,"L Henriksson"
"550",550,"N Kriegeskorte"
"551",551,"G Rees"
"552",552,"J Webster"
"553",553,"I Fine"
"554",554,"A Madipakkam"
"555",555,"M Rothkirch"
"556",556,"E Rehn"
"557",557,"P Sterzer"
"558",558,"C Wallraven"
"559",559,"A Shin"
"560",560,"F Biessmann"
"561",561,"M Manassi"
"562",562,"V Chicherov"
"563",563,"M Herzog"
"564",564,"S Keshvari"
"565",565,"R Rosenholtz"
"566",566,"L Walker"
"567",567,"S Ghahghaei"
"568",568,"M Wijntjes"
"569",569,"M Melnick"
"570",570,"K Dieter"
"571",571,"D Tadin"
"572",572,"M Schallmo"
"573",573,"S Brancel"
"574",574,"A Grant"
"575",575,"C Olman"
"576",576,"C Paeye"
"577",577,"A Schütz"
"578",578,"R Alexander"
"579",579,"G Zelinsky"
"580",580,"E Caddigan"
"581",581,"B Giesbrecht"
"582",582,"M Eckstein"
"583",583,"M Donk"
"584",584,"M Hout"
"585",585,"S Walenchok"
"586",586,"S Goldinger"
"587",587,"J Wolfe"
"588",588,"C Janssen"
"589",589,"P Verghese"
"590",590,"T Candy"
"591",591,"E Babinsky"
"592",592,"T Roberts"
"593",593,"V Manh"
"594",594,"K Dobkins"
"595",595,"E Blumenthal"
"596",596,"M McIntire"
"597",597,"S McDonald"
"598",598,"H Bergen"
"599",599,"E Fava"
"600",600,"L Scott"
"601",601,"F Raudies"
"602",602,"R Gilmore"
"603",603,"S Rivera"
"604",604,"V Sloutsky"
"605",605,"M Livingstone"
"606",606,"J Vincent"
"607",607,"T Savage"
"608",608,"K Srihasam"
"609",609,"A Voyles"
"610",610,"L Kiorpes"
"611",611,"Z Zupan"
"612",612,"E Blagrove"
"613",613,"D Watson"
"614",614,"M Kwon"
"615",615,"S Luck"
"616",616,"L Oakes"
"617",617,"O Amir"
"618",618,"J Billino"
"619",619,"K Drewing"
"620",620,"A Brielmann"
"621",621,"M Stolarova"
"622",622,"A Groth"
"623",623,"S Guillory"
"624",624,"E Blaser"
"625",625,"Z Kaldy"
"626",626,"Y Chen"
"627",627,"T Lewis"
"628",628,"D Shore"
"629",629,"D Maurer"
"630",630,"J Ghloum"
"631",631,"L Gibson"
"632",632,"M Watson"
"633",633,"K Akins"
"634",634,"L Chen"
"635",635,"J Enns"
"636",636,"J Werker"
"637",637,"X Ding"
"638",638,"G Fu"
"639",639,"S Jayaraman"
"640",640,"Z BIAN"
"641",641,"G ANDERSEN"
"642",642,"M Biba"
"643",643,"J Barbur"
"644",644,"C Fantoni"
"645",645,"W Gerbino"
"646",646,"E Milani"
"647",647,"F Domini"
"648",648,"M Slugocki"
"649",649,"A Bratch"
"650",650,"A Srinath"
"651",651,"S Barr"
"652",652,"W Bromfield"
"653",653,"J Gold"
"654",654,"C Teufel"
"655",655,"N Subramaniam"
"656",656,"V Dobler"
"657",657,"I Goodyer"
"658",658,"P Fletcher"
"659",659,"B Scholl"
"660",660,"K Sakurai"
"661",661,"P Garrigan"
"662",662,"K Binns"
"663",663,"R Moses"
"664",664,"A Ayars"
"665",665,"A Mojica"
"666",666,"M Burrola"
"667",667,"K Mura"
"668",668,"J Lass"
"669",669,"E Salvagio"
"670",670,"R Gomez"
"671",671,"I Fründ"
"672",672,"J Elder"
"673",673,"S Kwon"
"674",674,"T Albright"
"675",675,"S Gepshtein"
"676",676,"W Park"
"677",677,"K Kurematsu"
"678",678,"S Matsuoka"
"679",679,"T Kawabe"
"680",680,"K Maruya"
"681",681,"S Nishida"
"682",682,"M Edwards"
"683",683,"K Ransley"
"684",684,"S Goodhew"
"685",685,"P Miller"
"686",686,"R Nakayama"
"687",687,"I Motoyoshi"
"688",688,"T Sato"
"689",689,"P Hsu"
"690",690,"W Cunningham"
"691",691,"A Zivony"
"692",692,"D Lamy"
"693",693,"M Bach"
"694",694,"L Gérard"
"695",695,"P Cisarik"
"696",696,"G Fickett"
"697",697,"M Ichikawa"
"698",698,"Y Masakura"
"699",699,"J Cali"
"700",700,"A Sekular"
"701",701,"C Blair"
"702",702,"V Adamson"
"703",703,"T Donlon"
"704",704,"S Corrow"
"705",705,"A Yonas"
"706",706,"J Fulvio"
"707",707,"M Rosen"
"708",708,"B Rokers"
"709",709,"H Clark"
"710",710,"J Perrone"
"711",711,"J Holmin"
"712",712,"M Nawrot"
"713",713,"J Smith"
"714",714,"Y Cheong"
"715",715,"J Rogers"
"716",716,"N Davidenko"
"717",717,"J Kominsky"
"718",718,"B Strickland"
"719",719,"F Keil"
"720",720,"Z Ma"
"721",721,"M McCloskey"
"722",722,"P Pretto"
"723",723,"A Nesti"
"724",724,"S Nooij"
"725",725,"M Losert"
"726",726,"H Bülthoff"
"727",727,"R Rideaux"
"728",728,"A Shapiro"
"729",729,"W Kistler"
"730",730,"J Piponnier"
"731",731,"R Forget"
"732",732,"I Gagnon"
"733",733,"M Mckerral"
"734",734,"J Giguère"
"735",735,"S Yoshimoto"
"736",736,"M Uchida-Ota"
"737",737,"K Okajima"
"738",738,"T Takeuchi"
"739",739,"T Gawne"
"740",740,"A Dobbins"
"741",741,"F Amthor"
"742",742,"S Kaderali"
"743",743,"A Reynaud"
"744",744,"K Mullen"
"745",745,"A Familiar"
"746",746,"E Chong"
"747",747,"W Shim"
"748",748,"N Chen"
"749",749,"P Cai"
"750",750,"F Fang"
"751",751,"S Ajina"
"752",752,"C Kennard"
"753",753,"H Bridge"
"754",754,"X Huang"
"755",755,"J Xiao"
"756",756,"T McDougall"
"757",757,"J Dickinson"
"758",758,"D Badcock"
"759",759,"I Kuriki"
"760",760,"H Xie"
"761",761,"R Tokunaga"
"762",762,"K Matsumiya"
"763",763,"S Shioiri"
"764",764,"K Momose"
"765",765,"A Yakovleva"
"766",766,"F Pei"
"767",767,"S Joo"
"768",768,"A Huk"
"769",769,"J Lorenceau"
"770",770,"C Aissani"
"771",771,"J Martinerie"
"772",772,"L Cherif"
"773",773,"A Paradis"
"774",774,"C Qiu"
"775",775,"D Kersten"
"776",776,"A Levine"
"777",777,"S Billawa"
"778",778,"L Bridge"
"779",779,"S Clausen"
"780",780,"M Hymers"
"781",781,"H Baseler"
"782",782,"S Red"
"783",783,"A"
"784",784,"A Sereno"
"785",785,"A Tomassini"
"786",786,"M Jacono"
"787",787,"G Sandini"
"788",788,"D Spinelli"
"789",789,"C Morrone"
"790",790,"A Sherman"
"791",791,"D Brang"
"792",792,"C Noble"
"793",793,"M Grabowecky"
"794",794,"W Horton"
"795",795,"V Towle"
"796",796,"J Tao"
"797",797,"S Suzuki"
"798",798,"P Fattori"
"799",799,"K Hadjidimitrakis"
"800",800,"F Bertozzi"
"801",801,"R Breveglieri"
"802",802,"C Galletti"
"803",803,"D Cheng"
"804",804,"K Fjeld"
"805",805,"G Binsted"
"806",806,"E Wager"
"807",807,"G Humphreys"
"808",808,"L Przybylski"
"809",809,"S Bidula"
"810",810,"M"
"811",811,"G Kroliczak"
"812",812,"K Macuga"
"813",813,"S Frey"
"814",814,"M Pawlak"
"815",815,"S Jahfari"
"816",816,"L Waldorp"
"817",817,"K Ridderinkhof"
"818",818,"A Chan"
"819",819,"J Flindall"
"820",820,"K Stone"
"821",821,"C Gonzalez"
"822",822,"T Sollfrank"
"823",823,"D Hart"
"824",824,"R Goodsell"
"825",825,"J Foster"
"826",826,"A Kübler"
"827",827,"T Tan"
"828",828,"B DeCorte"
"829",829,"M Beck"
"830",830,"Y Hong"
"831",831,"Gwinn"
"832",832,"A Leber"
"833",833,"M Kitazaki"
"834",834,"Y Murofushi"
"835",835,"J Kawahara"
"836",836,"G Horstmann"
"837",837,"R Gwinn"
"838",838,"C Barras"
"839",839,"D Kerzel"
"840",840,"C Folk"
"841",841,"A Berenato"
"842",842,"S Sato"
"843",843,"A Li"
"844",844,"M Florendo"
"845",845,"L Miller"
"846",846,"A Saygin"
"847",847,"J Theeuwes"
"848",848,"L Schmidt"
"849",849,"A Belopolsky"
"850",850,"T Graves"
"851",851,"H Pailian"
"852",852,"H Egeth"
"853",853,"M Becker"
"854",854,"S Ravizza"
"855",855,"C Peltier"
"856",856,"J Lewis"
"857",857,"M Neider"
"858",858,"N DiQuattro"
"859",859,"J Geng"
"860",860,"Y Qi"
"861",861,"F"
"862",862,"X Li"
"863",863,"K Zhang"
"864",864,"W Boot"
"865",865,"R Sall"
"866",866,"T Wright"
"867",867,"Y Bao"
"868",868,"M Allen"
"869",869,"J Smallwood"
"870",870,"A Gough"
"871",871,"J Zhou"
"872",872,"Z Livshin"
"873",873,"B Milliken"
"874",874,"M Mahadevan"
"875",875,"H Bedell"
"876",876,"S Stevenson"
"877",877,"T Osugi"
"878",878,"I Murakami"
"879",879,"B Olk"
"880",880,"A Petca"
"881",881,"A Wilhelm"
"882",882,"C Haskell"
"883",883,"A Sali"
"884",884,"S Yantis"
"885",885,"K Song"
"886",886,"H Luo"
"887",887,"K Kihara"
"888",888,"H Kondo"
"889",889,"S Tyler"
"890",890,"C Chubb"
"891",891,"E Grossman"
"892",892,"P Yuan"
"893",893,"Y Wang"
"894",894,"R Max"
"895",895,"Y Tsal"
"896",896,"X Zhang"
"897",897,"Q Xu"
"898",898,"C Tseng"
"899",899,"H Chow"
"900",900,"R Lunau"
"901",901,"C Bundesen"
"902",902,"C Angeloni"
"903",903,"J Sy"
"904",904,"A Clement"
"905",905,"N Matthews"
"906",906,"J Sackur"
"907",907,"D Zarebski"
"908",908,"M Dutat"
"909",909,"N Dienes"
"910",910,"L Trick"
"911",911,"C Lyu"
"912",912,"A Makin"
"913",913,"M Bertamini"
"914",914,"J New"
"915",915,"E Han"
"916",916,"A Holcombe"
"917",917,"W Chen"
"918",918,"C Stothart"
"919",919,"D Simons"
"920",920,"A Beyko"
"921",921,"D Aks"
"922",922,"N Singh"
"923",923,"M Naqvi"
"924",924,"S Mohan"
"925",925,"V Patel"
"926",926,"P Zenon"
"927",927,"C Emeana"
"928",928,"H Canuto"
"929",929,"Z Pylyshyn"
"930",930,"J Ericson"
"931",931,"R Goldstein"
"932",932,"C Perico"
"933",933,"D Tullo"
"934",934,"K Perrotti"
"935",935,"A Bertone"
"936",936,"T Vicente"
"937",937,"Y Xu"
"938",938,"S Franconeri"
"939",939,"L Choi"
"940",940,"J You"
"941",941,"A Bovik"
"942",942,"L Kauffmann"
"943",943,"A Chauvin"
"944",944,"N Guyader"
"945",945,"S Ramanoël"
"946",946,"C Peyrin"
"947",947,"P Sareen"
"948",948,"K Ehinger"
"949",949,"M Toneva"
"950",950,"E Aminoff"
"951",951,"A Gupta"
"952",952,"M Tarr"
"953",953,"J Julian"
"954",954,"A Keinath"
"955",955,"I Muzzio"
"956",956,"R Epstein"
"957",957,"D Samaras"
"958",958,"H Trukenbrod"
"959",959,"R Engbert"
"960",960,"S Palmer"
"961",961,"Y Hara"
"962",962,"W Griscom"
"963",963,"E Fox"
"964",964,"F Mohd-Zaid"
"965",965,"J Bittner"
"966",966,"C Wang"
"967",967,"L Shi"
"968",968,"H Yang"
"969",969,"X Bai"
"970",970,"H Sun"
"971",971,"E Pereira"
"972",972,"Y Liu"
"973",973,"M Castelhano"
"974",974,"P Chua"
"975",975,"K Kwok"
"976",976,"J Arató"
"977",977,"J Fiser"
"978",978,"A Larson"
"979",979,"H Tebbe"
"980",980,"L Loschky"
"981",981,"C Valuch"
"982",982,"U Ansorge"
"983",983,"J Hays"
"984",984,"B Huybers"
"985",985,"A Varakin"
"986",986,"P Bao"
"987",987,"S Engel"
"988",988,"C Purington"
"989",989,"C Lunghi"
"990",990,"U Emir"
"991",991,"D Burr"
"992",992,"S Yuval-Greenberg"
"993",993,"D Heeger"
"994",994,"B Metzger"
"995",995,"K Mathewson"
"996",996,"E Tapia"
"997",997,"K Low"
"998",998,"E Maclin"
"999",999,"M Fabiani"
"1000",1000,"G Gratton"
"1001",1001,"D Beck"
"1002",1002,"A Pastukhov"
"1003",1003,"A Lissner"
"1004",1004,"J Braun"
"1005",1005,"V Holten"
"1006",1006,"S Stuit"
"1007",1007,"M Smagt"
"1008",1008,"S Donker"
"1009",1009,"F Verstraten"
"1010",1010,"J Menendez"
"1011",1011,"T Lew"
"1012",1012,"E Vul"
"1013",1013,"B Liverence"
"1014",1014,"C Olivers"
"1015",1015,"D Moorselaar"
"1016",1016,"M Libertus"
"1017",1017,"L Feigenson"
"1018",1018,"J Halberda"
"1019",1019,"J Suchow"
"1020",1020,"R Murray"
"1021",1021,"L Pritchett"
"1022",1022,"D Coates"
"1023",1023,"D Apthorp"
"1024",1024,"M Morgan"
"1025",1025,"D MacLeod"
"1026",1026,"J Victor"
"1027",1027,"X Kuang"
"1028",1028,"M Pratte"
"1029",1029,"p zhang"
"1030",1030,"w wen"
"1031",1031,"x sun"
"1032",1032,"s he"
"1033",1033,"S Cakal"
"1034",1034,"D Kim"
"1035",1035,"Y Sasaki"
"1036",1036,"T Watanabe"
"1037",1037,"M Senoussi"
"1038",1038,"I Berry"
"1039",1039,"L Reddy"
"1040",1040,"M Wexler"
"1041",1041,"P Mamassian"
"1042",1042,"E Fast"
"1043",1043,"K Haak"
"1044",1044,"M Bao"
"1045",1045,"B Dong"
"1046",1046,"K McDermott"
"1047",1047,"N Tenhundfeld"
"1048",1048,"J Witt"
"1049",1049,"M Barnett-Cowan"
"1050",1050,"G Buckingham"
"1051",1051,"J Saunders"
"1052",1052,"Z Chen"
"1053",1053,"C Campagnoli"
"1054",1054,"C Gamble"
"1055",1055,"J Song"
"1056",1056,"G Huffman"
"1057",1057,"D Gozli"
"1058",1058,"K Beben"
"1059",1059,"L Brown"
"1060",1060,"N Alomawi"
"1061",1061,"X"
"1062",1062,"C Bozzacchi"
"1063",1063,"R Volcic"
"1064",1064,"K Fiehler"
"1065",1065,"C Wolf"
"1066",1066,"M Klinghammer"
"1067",1067,"G Blohm"
"1068",1068,"R Cañal-Bruland"
"1069",1069,"L Balch"
"1070",1070,"L Niesert"
"1071",1071,"V Crainic"
"1072",1072,"J Grosbois"
"1073",1073,"T Lung"
"1074",1074,"A Bhattacharjee"
"1075",1075,"L Tremblay"
"1076",1076,"C Malla"
"1077",1077,"J López-Moliner"
"1078",1078,"G Diaz"
"1079",1079,"T Keane"
"1080",1080,"V Kalampratsidou"
"1081",1081,"E Torres"
"1082",1082,"D Manzone"
"1083",1083,"G Manson"
"1084",1084,"T Loria"
"1085",1085,"S Rossit"
"1086",1086,"C Walker"
"1087",1087,"K Merritt"
"1088",1088,"R Whitwell"
"1089",1089,"P Chouinard"
"1090",1090,"R Hinrichs"
"1091",1091,"J Babendure"
"1092",1092,"D Aguilar-Lleyda"
"1093",1093,"E Tubau"
"1094",1094,"E Yoxon"
"1095",1095,"T Welsh"
"1096",1096,"H Meyerhoff"
"1097",1097,"L Thaler"
"1098",1098,"R Wilson"
"1099",1099,"B Gee"
"1100",1100,"Y Takeshima"
"1101",1101,"J Gyoba"
"1102",1102,"P Regener"
"1103",1103,"S Love"
"1104",1104,"K Petrini"
"1105",1105,"F Pollick"
"1106",1106,"Y Chan"
"1107",1107,"M Pianta"
"1108",1108,"A McKendrick"
"1109",1109,"V Ciaramitaro"
"1110",1110,"R Goodman"
"1111",1111,"C Parise"
"1112",1112,"D Alais"
"1113",1113,"C Bainbridge"
"1114",1114,"L Zweig"
"1115",1115,"T Langlois"
"1116",1116,"J Peterson"
"1117",1117,"C Graulty"
"1118",1118,"O Papaioannou"
"1119",1119,"P Bauer"
"1120",1120,"E Canseco-Gonzalez"
"1121",1121,"I Buijing"
"1122",1122,"N Stoep"
"1123",1123,"J Batten"
"1124",1124,"R Bedford"
"1125",1125,"J Dias"
"1126",1126,"T Cook"
"1127",1127,"J Dorsi"
"1128",1128,"D Simmons"
"1129",1129,"L Rosenblum"
"1130",1130,"A Waterman"
"1131",1131,"B Hansen"
"1132",1132,"P Decker"
"1133",1133,"R Weinstein"
"1134",1134,"S Lanphier"
"1135",1135,"D Peng"
"1136",1136,"S Prime"
"1137",1137,"C Paffen"
"1138",1138,"T Nijboer"
"1139",1139,"D Arias"
"1140",1140,"M Simard"
"1141",1141,"M Garnier"
"1142",1142,"J Hupé"
"1143",1143,"M Guidetti"
"1144",1144,"J McCarthy"
"1145",1145,"L Barnes"
"1146",1146,"B Alvarez"
"1147",1147,"A Schmid"
"1148",1148,"S Cho"
"1149",1149,"J Ferwerda"
"1150",1150,"A Fores"
"1151",1151,"I Tastl"
"1152",1152,"J Recker"
"1153",1153,"S Hansmann-Roth"
"1154",1154,"T Matsumoto"
"1155",1155,"K Uchikawa"
"1156",1156,"A Welchman"
"1157",1157,"J Assen"
"1158",1158,"V Paulun"
"1159",1159,"R Fleming"
"1160",1160,"M Sawayama"
"1161",1161,"E Baumgartner"
"1162",1162,"C Wiebel"
"1163",1163,"C ArceLopera"
"1164",1164,"T Igarashi"
"1165",1165,"D Holtmann-Rice"
"1166",1166,"S Zucker"
"1167",1167,"T Vladusich"
"1168",1168,"M McDonnell"
"1169",1169,"Z Milojevic"
"1170",1170,"F Schiller"
"1171",1171,"H Öğmen"
"1172",1172,"S Tripathy"
"1173",1173,"S Shafiullah"
"1174",1174,"M Cox"
"1175",1175,"A Pawar"
"1176",1176,"D Liston"
"1177",1177,"L Stone"
"1178",1178,"O Kwon"
"1179",1179,"D Knill"
"1180",1180,"M Khoei"
"1181",1181,"D Glasser"
"1182",1182,"A Silva"
"1183",1183,"Z Liu"
"1184",1184,"É Tlapale"
"1185",1185,"H Ruda"
"1186",1186,"G Riesen"
"1187",1187,"E Mingolla"
"1188",1188,"M Seifert"
"1189",1189,"H Hock"
"1190",1190,"B Sheliga"
"1191",1191,"C Quaia"
"1192",1192,"E FitzGibbon"
"1193",1193,"B Cumming"
"1194",1194,"R Hisakata"
"1195",1195,"A Johnston"
"1196",1196,"S Kaneko"
"1197",1197,"C Lemon"
"1198",1198,"G Andersen"
"1199",1199,"T Freeman"
"1200",1200,"A Thomas"
"1201",1201,"D Harada"
"1202",1202,"M Kamachi"
"1203",1203,"M Parade"
"1204",1204,"K Beykirch"
"1205",1205,"O Layton"
"1206",1206,"S Kuang"
"1207",1207,"J Shi"
"1208",1208,"T Zhang"
"1209",1209,"L Madelain"
"1210",1210,"A Meso"
"1211",1211,"C Bourrelly"
"1212",1212,"J Quinet"
"1213",1213,"L Goffart"
"1214",1214,"J Mulligan"
"1215",1215,"S Heinen"
"1216",1216,"E Potapchuk"
"1217",1217,"S Watamaniuk"
"1218",1218,"E Santos"
"1219",1219,"M Wesner"
"1220",1220,"E Currie"
"1221",1221,"M Richards"
"1222",1222,"K Oinonen"
"1223",1223,"Á Ásgeirsson"
"1224",1224,"Á Kristjánsson"
"1225",1225,"K Einarsdóttir"
"1226",1226,"A Ghazizadeh"
"1227",1227,"O Hikosaka"
"1228",1228,"M MacLean"
"1229",1229,"S Marx"
"1230",1230,"W Einhauser"
"1231",1231,"C Nielsen"
"1232",1232,"A Petersen"
"1233",1233,"Z Roper"
"1234",1234,"J Vaidya"
"1235",1235,"I Wiegand"
"1236",1236,"M Dyrholm"
"1237",1237,"T Vickery"
"1238",1238,"K Friedman"
"1239",1239,"R Bristol"
"1240",1240,"M Faulkner"
"1241",1241,"J Rilee"
"1242",1242,"C Marvel"
"1243",1243,"H Wyland"
"1244",1244,"J Mounts"
"1245",1245,"M Hilimire"
"1246",1246,"J Everaert"
"1247",1247,"J Fan"
"1248",1248,"E Koster"
"1249",1249,"N Petro"
"1250",1250,"V Miskovic"
"1251",1251,"A Keil"
"1252",1252,"Y Ueda"
"1253",1253,"M Nunoi"
"1254",1254,"K Ichimura"
"1255",1255,"Y Shirasuna"
"1256",1256,"M Fujino"
"1257",1257,"B Kakusa"
"1258",1258,"J Herman"
"1259",1259,"R Krauzlis"
"1260",1260,"A Bollimunta"
"1261",1261,"F Arcizet"
"1262",1262,"B White"
"1263",1263,"D Berg"
"1264",1264,"T Ikeda"
"1265",1265,"R Levy"
"1266",1266,"L Itti"
"1267",1267,"D Munoz"
"1268",1268,"J Cosman"
"1269",1269,"J Schall"
"1270",1270,"S Tremblay"
"1271",1271,"F Pieper"
"1272",1272,"A Sachs"
"1273",1273,"S Kyllingsbæk"
"1274",1274,"G Sperling"
"1275",1275,"A Hsu"
"1276",1276,"J Tsotsos"
"1277",1277,"Y Kotseruba"
"1278",1278,"L Zhaoping"
"1279",1279,"M Giammarco"
"1280",1280,"S Thomson"
"1281",1281,"S Watter"
"1282",1282,"J Elliott"
"1283",1283,"T Bullock"
"1284",1284,"I Caspersen"
"1285",1285,"S Vangkilde"
"1286",1286,"L Kelkjær"
"1287",1287,"K Plessen"
"1288",1288,"T Habekost"
"1289",1289,"R Ringer"
"1290",1290,"A Johnson"
"1291",1291,"A Kramer"
"1292",1292,"M Israel"
"1293",1293,"A Cohen"
"1294",1294,"W Street"
"1295",1295,"J Gaspar"
"1296",1296,"M Windsor"
"1297",1297,"R Carbonari"
"1298",1298,"H Kaczmarski"
"1299",1299,"H Cecotti"
"1300",1300,"E Nguyen"
"1301",1301,"P Goodbourn"
"1302",1302,"K Swallow"
"1303",1303,"V Liu"
"1304",1304,"J Forte"
"1305",1305,"L Cocchi"
"1306",1306,"D Sewell"
"1307",1307,"O Carter"
"1308",1308,"C Poth"
"1309",1309,"S Yeh"
"1310",1310,"T Lane"
"1311",1311,"T Lin"
"1312",1312,"C Kuo"
"1313",1313,"C Teng"
"1314",1314,"M Roberts"
"1315",1315,"R Cymerman"
"1316",1316,"R Smith"
"1317",1317,"B McCulloch"
"1318",1318,"M Esterman"
"1319",1319,"L Germine"
"1320",1320,"J Wilmer"
"1321",1321,"J DeGutis"
"1322",1322,"J Plummer"
"1323",1323,"R Ni"
"1324",1324,"S Forster"
"1325",1325,"N Lavie"
"1326",1326,"N Berggren"
"1327",1327,"T Blonievsky"
"1328",1328,"N Derakshan"
"1329",1329,"B Dube"
"1330",1330,"K Arnell"
"1331",1331,"C Mondloch"
"1332",1332,"L Battelli"
"1333",1333,"S Agosta"
"1334",1334,"P Martini"
"1335",1335,"Y Gliksman"
"1336",1336,"A Henik"
"1337",1337,"S Naparstek"
"1338",1338,"Z Safadi"
"1339",1339,"L Lichtenstein-Vidne"
"1340",1340,"G Kim"
"1341",1341,"J Hyun"
"1342",1342,"G Dale"
"1343",1343,"D Varakin"
"1344",1344,"T Holmes"
"1345",1345,"A Lowenhoff"
"1346",1346,"J Ward"
"1347",1347,"H Thair"
"1348",1348,"E Nikolaidou"
"1349",1349,"M Vida"
"1350",1350,"M Banissy"
"1351",1351,"B Duchaine"
"1352",1352,"T Susilo"
"1353",1353,"C Rezlescu"
"1354",1354,"A Romanska"
"1355",1355,"L Jeffery"
"1356",1356,"S Petrovski"
"1357",1357,"G Rhodes"
"1358",1358,"M Neumann"
"1359",1359,"R Ng"
"1360",1360,"R Palermo"
"1361",1361,"A Khosla"
"1362",1362,"A Torralba"
"1363",1363,"S Peykarjou"
"1364",1364,"S Pauen"
"1365",1365,"S Hoehl"
"1366",1366,"M Dzhelyova"
"1367",1367,"C Hahn"
"1368",1368,"P Phillips"
"1369",1369,"A O'Toole"
"1370",1370,"M Daar"
"1371",1371,"H Wilson"
"1372",1372,"H Hadley"
"1373",1373,"C Pickron"
"1374",1374,"N Abudarham"
"1375",1375,"R Cook"
"1376",1376,"C Aichelburg"
"1377",1377,"P Shah"
"1378",1378,"N Xiao"
"1379",1379,"P Quinn"
"1380",1380,"Q Wang"
"1381",1381,"E Joosten"
"1382",1382,"C Tonsager"
"1383",1383,"C Kao-Wei"
"1384",1384,"J Richler"
"1385",1385,"I Gauthier"
"1386",1386,"W Xiao"
"1387",1387,"Y Sun"
"1388",1388,"G Chan"
"1389",1389,"O Pascalis"
"1390",1390,"F Damon"
"1391",1391,"M Oxner"
"1392",1392,"W Hayward"
"1393",1393,"D Ross"
"1394",1394,"J Mathison"
"1395",1395,"S Creighton"
"1396",1396,"M Spence"
"1397",1397,"T Retter"
"1398",1398,"S Sun"
"1399",1399,"S Ferber"
"1400",1400,"D Piepers"
"1401",1401,"C Stevens"
"1402",1402,"D Burke"
"1403",1403,"R Robbins"
"1404",1404,"E Zimmermann"
"1405",1405,"R Weidner"
"1406",1406,"G Fink"
"1407",1407,"B Wolfe"
"1408",1408,"D Whitney"
"1409",1409,"M Szinte"
"1410",1410,"D Jonikaitis"
"1411",1411,"H Deubel"
"1412",1412,"S Klingenhoefer"
"1413",1413,"T Hartmann"
"1414",1414,"R Born"
"1415",1415,"F Bremmer"
"1416",1416,"S Born"
"1417",1417,"M Matziridi"
"1418",1418,"E Brenner"
"1419",1419,"J Smeets"
"1420",1420,"A Wutz"
"1421",1421,"E Muschter"
"1422",1422,"M Koningsbruggen"
"1423",1423,"D Melcher"
"1424",1424,"T Carlson"
"1425",1425,"S"
"1426",1426,"T Lee"
"1427",1427,"C"
"1428",1428,"G Papandreou"
"1429",1429,"A Yuille"
"1430",1430,"N Benson"
"1431",1431,"O Butt"
"1432",1432,"J Williford"
"1433",1433,"R Heydt"
"1434",1434,"M Schmid"
"1435",1435,"A Peters"
"1436",1436,"R Saunders"
"1437",1437,"D Leopold"
"1438",1438,"A Maier"
"1439",1439,"A Stockman"
"1440",1440,"C Ripamonti"
"1441",1441,"S Tsujimura"
"1442",1442,"N Hamazono"
"1443",1443,"M Spitschan"
"1444",1444,"L Luu"
"1445",1445,"R Datta"
"1446",1446,"D Brainard"
"1447",1447,"S Tajima"
"1448",1448,"K Koida"
"1449",1449,"C Tajima"
"1450",1450,"K Aihara"
"1451",1451,"H Suzuki"
"1452",1452,"H Komatsu"
"1453",1453,"D Ruff"
"1454",1454,"A Werner"
"1455",1455,"B Pearce"
"1456",1456,"A Radonjić"
"1457",1457,"H Dubin"
"1458",1458,"N Cottaris"
"1459",1459,"M Mackiewicz"
"1460",1460,"G Finlayson"
"1461",1461,"A Hurlbert"
"1462",1462,"A Afraz"
"1463",1463,"E Boyden"
"1464",1464,"J Taubert"
"1465",1465,"G Belle"
"1466",1466,"R Vogels"
"1467",1467,"J Gomez"
"1468",1468,"F Pestilli"
"1469",1469,"G Golarai"
"1470",1470,"N Witthoft"
"1471",1471,"A Liberman"
"1472",1472,"J Yoon"
"1473",1473,"Z Saygin"
"1474",1474,"A Nestor"
"1475",1475,"D Plaut"
"1476",1476,"L Maillard"
"1477",1477,"J Jonas"
"1478",1478,"G Hossu"
"1479",1479,"H Brissart"
"1480",1480,"C Jacques"
"1481",1481,"D Loftus"
"1482",1482,"K Shibata"
"1483",1483,"M Kawato"
"1484",1484,"J Zhang"
"1485",1485,"K Webster"
"1486",1486,"J Clarke"
"1487",1487,"A Mack"
"1488",1488,"T Ro"
"1489",1489,"J Olejarczyk"
"1490",1490,"W Brixius"
"1491",1491,"A Raidvee"
"1492",1492,"J Allik"
"1493",1493,"B Angelone"
"1494",1494,"J Marcoux"
"1495",1495,"K Boland"
"1496",1496,"C Rorden"
"1497",1497,"P Patel"
"1498",1498,"L Sharan"
"1499",1499,"M Tan"
"1500",1500,"E Taylor"
"1501",1501,"A Gouws"
"1502",1502,"M Uesaki"
"1503",1503,"J Rodgers"
"1504",1504,"A Morland"
"1505",1505,"L Guadron"
"1506",1506,"W Chaney"
"1507",1507,"J Fischer"
"1508",1508,"G Maus"
"1509",1509,"T Lawton"
"1510",1510,"J Conway"
"1511",1511,"S Edland"
"1512",1512,"C Huber-Huber"
"1513",1513,"A Grubert"
"1514",1514,"M Eimer"
"1515",1515,"S Banerjee"
"1516",1516,"H Frey"
"1517",1517,"K Morie"
"1518",1518,"S Molholm"
"1519",1519,"J Foxe"
"1520",1520,"J Carlin"
"1521",1521,"J Gardner"
"1522",1522,"N Busch"
"1523",1523,"S Nastase"
"1524",1524,"A Connolly"
"1525",1525,"N Oosterhof"
"1526",1526,"Y Halchenko"
"1527",1527,"J Gors"
"1528",1528,"M Gobbini"
"1529",1529,"J Haxby"
"1530",1530,"J Grinband"
"1531",1531,"T Teichert"
"1532",1532,"V Ferrera"
"1533",1533,"J Hirsch"
"1534",1534,"M Gannon"
"1535",1535,"D Currey"
"1536",1536,"N Parks"
"1537",1537,"C Mevorach"
"1538",1538,"L Shalevl"
"1539",1539,"M Aly"
"1540",1540,"B Sadeh"
"1541",1541,"A Ward"
"1542",1542,"E Gerber"
"1543",1543,"L Deouell"
"1544",1544,"R Knight"
"1545",1545,"M Scolari"
"1546",1546,"M Rosenberg"
"1547",1547,"E Finn"
"1548",1548,"R Constable"
"1549",1549,"J He"
"1550",1550,"C Ang"
"1551",1551,"A Miller"
"1552",1552,"V Maddali"
"1553",1553,"S Itthipuripat"
"1554",1554,"E Ester"
"1555",1555,"S Deering"
"1556",1556,"J Serences"
"1557",1557,"R Reinhart"
"1558",1558,"N Weinbach"
"1559",1559,"F Du"
"1560",1560,"Y Yin"
"1561",1561,"B Lawrence"
"1562",1562,"B Dungan"
"1563",1563,"L Alon"
"1564",1564,"N Shalev"
"1565",1565,"T Carmel"
"1566",1566,"N Carlisle"
"1567",1567,"N Al-Aidroos"
"1568",1568,"A Paoletti"
"1569",1569,"E Guild"
"1570",1570,"W Kendall"
"1571",1571,"K Chan"
"1572",1572,"A Kingstone"
"1573",1573,"S Sebastian"
"1574",1574,"J Abrams"
"1575",1575,"W Geisler"
"1576",1576,"D Ghadiyaram"
"1577",1577,"E Cooper"
"1578",1578,"T Wiegand"
"1579",1579,"H Sato"
"1580",1580,"C Su"
"1581",1581,"L Cormack"
"1582",1582,"X Zhu"
"1583",1583,"J Nussbaum"
"1584",1584,"J Zanker"
"1585",1585,"A Kalpadakis-Smith"
"1586",1586,"S Durant"
"1587",1587,"S Rizvi"
"1588",1588,"M Conte"
"1589",1589,"D Thengone"
"1590",1590,"C Striemer"
"1591",1591,"P Nath"
"1592",1592,"K Russell"
"1593",1593,"Z Westrick"
"1594",1594,"M Landy"
"1595",1595,"M Cavanaugh"
"1596",1596,"R Zhang"
"1597",1597,"A Das"
"1598",1598,"K Huxlin"
"1599",1599,"J Mesik"
"1600",1600,"K Snyder"
"1601",1601,"T Tyson"
"1602",1602,"A Ma-Wyatt"
"1603",1603,"D Fletcher"
"1604",1604,"S Pan"
"1605",1605,"S Modir"
"1606",1606,"T Rickard"
"1607",1607,"C Gambacorta"
"1608",1608,"I Vedamurthy"
"1609",1609,"M Nahum"
"1610",1610,"J Bayliss"
"1611",1611,"D Bavelier"
"1612",1612,"D Levi"
"1613",1613,"M Greenlee"
"1614",1614,"K Rosengarth"
"1615",1615,"C Schmalhofer"
"1616",1616,"M Goldhacker"
"1617",1617,"S Brandl-Rühle"
"1618",1618,"T Plank"
"1619",1619,"R Bar"
"1620",1620,"J Deveau"
"1621",1621,"D Ozer"
"1622",1622,"A Seitz"
"1623",1623,"L Gruss"
"1624",1624,"M Bradley"
"1625",1625,"L Likova"
"1626",1626,"S Nicholas"
"1627",1627,"V Bao"
"1628",1628,"V Doobay"
"1629",1629,"L Mottron"
"1630",1630,"O Collignon"
"1631",1631,"S Censi"
"1632",1632,"J Guy"
"1633",1633,"B Hadad"
"1634",1634,"C Manning"
"1635",1635,"S Dakin"
"1636",1636,"M Tibber"
"1637",1637,"T Charman"
"1638",1638,"E Pellicano"
"1639",1639,"K Koldewyn"
"1640",1640,"L Ronconi"
"1641",1641,"S Gori"
"1642",1642,"M Devita"
"1643",1643,"M Molteni"
"1644",1644,"A Facoetti"
"1645",1645,"F Shafai"
"1646",1646,"K Armstrong"
"1647",1647,"G Iarocci"
"1648",1648,"I Oruc"
"1649",1649,"H Smith"
"1650",1650,"A Gharib"
"1651",1651,"R Adolphs"
"1652",1652,"S Shimojo"
"1653",1653,"E Shimojo"
"1654",1654,"D Wu"
"1655",1655,"J Walsh"
"1656",1656,"M Rutherford"
"1657",1657,"L Shalev"
"1658",1658,"A Baisa"
"1659",1659,"A Vaskevich"
"1660",1660,"D Mohaban"
"1661",1661,"B Files"
"1662",1662,"F Baluch"
"1663",1663,"K BARANTON"
"1664",1664,"T NGUYEN"
"1665",1665,"M YOSHIDA"
"1666",1666,"G GIRAUDET"
"1667",1667,"R Kumbhani"
"1668",1668,"N Majaj"
"1669",1669,"L Hallum"
"1670",1670,"C Shooner"
"1671",1671,"C Ziemba"
"1672",1672,"J Movshon"
"1673",1673,"M Piano"
"1674",1674,"A Simmers"
"1675",1675,"S Noah"
"1676",1676,"S Franceschini"
"1677",1677,"M Ruffino"
"1678",1678,"M Sali"
"1679",1679,"S Clavagnier"
"1680",1680,"S Dumoulin"
"1681",1681,"R Hess"
"1682",1682,"A Heering"
"1683",1683,"K Kelly"
"1684",1684,"K Tcherassen"
"1685",1685,"B Gallie"
"1686",1686,"O Braddick"
"1687",1687,"J Atkinson"
"1688",1688,"M Andrew"
"1689",1689,"C Montague-Johnson"
"1690",1690,"J Lee"
"1691",1691,"J Wattam-Bell"
"1692",1692,"J Parr"
"1693",1693,"P Sullivan"
"1694",1694,"K Meier"
"1695",1695,"G Qiao"
"1696",1696,"L Wilcox"
"1697",1697,"D Giaschi"
"1698",1698,"H Harris"
"1699",1699,"R Egan"
"1700",1700,"N Minshew"
"1701",1701,"Y Bonneh"
"1702",1702,"D Sagi"
"1703",1703,"T Sweeny"
"1704",1704,"N Wurnitsch"
"1705",1705,"S Bridgers"
"1706",1706,"A Gopnik"
"1707",1707,"S Dhawan"
"1708",1708,"C Hou"
"1709",1709,"K Yee-Joon"
"1710",1710,"A Barbot"
"1711",1711,"Y Huang"
"1712",1712,"E John-Salltink"
"1713",1713,"M Barth"
"1714",1714,"H Lau"
"1715",1715,"F Lange"
"1716",1716,"S Zhong"
"1717",1717,"W Kruijne"
"1718",1718,"M Meeter"
"1719",1719,"C Li"
"1720",1720,"M Aivar"
"1721",1721,"D Kit"
"1722",1722,"S Frank"
"1723",1723,"E Reavis"
"1724",1724,"P Tse"
"1725",1725,"E Gunseli"
"1726",1726,"M Iordan"
"1727",1727,"A Joulin"
"1728",1728,"L Fei-Fei"
"1729",1729,"R Rajimehr"
"1730",1730,"S Kornblith"
"1731",1731,"R Desimone"
"1732",1732,"M Lescroart"
"1733",1733,"S Nishimoto"
"1734",1734,"J Gallant"
"1735",1735,"K Kay"
"1736",1736,"M Nguyen"
"1737",1737,"K LaRocque"
"1738",1738,"M Smith"
"1739",1739,"E Adelson"
"1740",1740,"P Isola"
"1741",1741,"M Szaniawski"
"1742",1742,"J Mazzarella"
"1743",1743,"S Cholewiak"
"1744",1744,"F Phillips"
"1745",1745,"B Kunsberg"
"1746",1746,"E Egan"
"1747",1747,"C Kallie"
"1748",1748,"J Todd"
"1749",1749,"P Yan"
"1750",1750,"H Shigemasu"
"1751",1751,"K Sanik"
"1752",1752,"S Kim"
"1753",1753,"S Sarwar"
"1754",1754,"P Docter"
"1755",1755,"C Erkelens"
"1756",1756,"C Massot"
"1757",1757,"A Jain"
"1758",1758,"A Buckthought"
"1759",1759,"A Yoonessi"
"1760",1760,"J Pyles"
"1761",1761,"A Calloway"
"1762",1762,"D Dövencioğlu"
"1763",1763,"O Ben-Shahar"
"1764",1764,"K Doerschner"
"1765",1765,"K Stroyan"
"1766",1766,"R Azadi"
"1767",1767,"M Harwood"
"1768",1768,"C Cassanello"
"1769",1769,"S Ohl"
"1770",1770,"B Dillenburger"
"1771",1771,"A Khan"
"1772",1772,"G Maiello"
"1773",1773,"W Choi"
"1774",1774,"M Kvissberg"
"1775",1775,"R Marino"
"1776",1776,"A Sajad"
"1777",1777,"H Wang"
"1778",1778,"X Yan"
"1779",1779,"D Crawford"
"1780",1780,"J Vries"
"1781",1781,"D MASSENDARI"
"1782",1782,"C TANDONNET"
"1783",1783,"E CASTET"
"1784",1784,"F VITU"
"1785",1785,"D Morrow-Jones"
"1786",1786,"R Heitz"
"1787",1787,"X Tian"
"1788",1788,"Z Hafed"
"1789",1789,"S Casteau"
"1790",1790,"D Massendari"
"1791",1791,"W Hahn"
"1792",1792,"E Barenholtz"
"1793",1793,"J Wilder"
"1794",1794,"C Aitkin"
"1795",1795,"K Choe"
"1796",1796,"F Mulvey"
"1797",1797,"R Zemblys"
"1798",1798,"L Larsson"
"1799",1799,"K Holmqvist"
"1800",1800,"J Gautier"
"1801",1801,"O Meur"
"1802",1802,"S Waugh"
"1803",1803,"E Marinoiu"
"1804",1804,"D Papava"
"1805",1805,"G Duran"
"1806",1806,"T Foulsham"
"1807",1807,"R Grenfell-Essam"
"1808",1808,"J Hutson"
"1809",1809,"J Magliano"
"1810",1810,"A Borji"
"1811",1811,"H Adeli"
"1812",1812,"B Sullivan"
"1813",1813,"G Yourganov"
"1814",1814,"M Berman"
"1815",1815,"M Segraves"
"1816",1816,"S Caddigan"
"1817",1817,"R Kuo"
"1818",1818,"K Kording"
"1819",1819,"M Fried"
"1820",1820,"A Arieli"
"1821",1821,"U Polat"
"1822",1822,"J Bernard"
"1823",1823,"A Nandy"
"1824",1824,"D He"
"1825",1825,"J Anderson"
"1826",1826,"E Cameron"
"1827",1827,"J McAnany"
"1828",1828,"M Levine"
"1829",1829,"M Hairol"
"1830",1830,"N Abd-Latif"
"1831",1831,"P Woi"
"1832",1832,"N Ahmad-Rashaidi"
"1833",1833,"S Kaur"
"1834",1834,"H Shen"
"1835",1835,"D Mannion"
"1836",1836,"C Gaspar"
"1837",1837,"Z Zhu"
"1838",1838,"J Nador"
"1839",1839,"Y Petrov"
"1840",1840,"A Pavan"
"1841",1841,"M Gall"
"1842",1842,"S Tkacz-Domb"
"1843",1843,"E Rashal"
"1844",1844,"Y Yeshurun"
"1845",1845,"A Coy"
"1846",1846,"M Luczak"
"1847",1847,"D Yu"
"1848",1848,"J Husk"
"1849",1849,"Y Xiong"
"1850",1850,"Y Wong"
"1851",1851,"A Wong"
"1852",1852,"Y Lin"
"1853",1853,"C Aguilar"
"1854",1854,"E Castet"
"1855",1855,"O Yehezkel"
"1856",1856,"A Sterkin"
"1857",1857,"M Lev"
"1858",1858,"V Varikuti"
"1859",1859,"J Siderov"
"1860",1860,"E Osuobeni"
"1861",1861,"M Formankiewicz"
"1862",1862,"F Yildirim"
"1863",1863,"F Cornelissen"
"1864",1864,"H Chen"
"1865",1865,"X Zhuang"
"1866",1866,"D Cao"
"1867",1867,"J Pokorny"
"1868",1868,"X Fan"
"1869",1869,"P McCarthy"
"1870",1870,"D Weiß"
"1871",1871,"Y Mizokami"
"1872",1872,"A Akahori"
"1873",1873,"H Yaguchi"
"1874",1874,"M Kim"
"1875",1875,"K Ng"
"1876",1876,"L Maloney"
"1877",1877,"L Shen"
"1878",1878,"R Takeya"
"1879",1879,"T Kasai"
"1880",1880,"A Flevaris"
"1881",1881,"B Hazan"
"1882",1882,"D Kurylo"
"1883",1883,"Z Baran"
"1884",1884,"X Zhao"
"1885",1885,"S Giovagnoli"
"1886",1886,"M Benassi"
"1887",1887,"K Hellgren"
"1888",1888,"L Forsman"
"1889",1889,"R Bolzani"
"1890",1890,"M Ouhnana"
"1891",1891,"S Scheid"
"1892",1892,"M Kubovy"
"1893",1893,"D Tam"
"1894",1894,"J Corbett"
"1895",1895,"S Guttman"
"1896",1896,"Y Baek"
"1897",1897,"X Gao"
"1898",1898,"M Ramon"
"1899",1899,"A Hillstrom"
"1900",1900,"G Dalton"
"1901",1901,"L Hope"
"1902",1902,"J Sauer"
"1903",1903,"N Burton"
"1904",1904,"L"
"1905",1905,"A Calder"
"1906",1906,"A Campbell"
"1907",1907,"J Tanaka"
"1908",1908,"S Laurence"
"1909",1909,"V Ratcliffe"
"1910",1910,"G Hole"
"1911",1911,"D Reby"
"1912",1912,"K Crookes"
"1913",1913,"L Ewing"
"1914",1914,"J Guildenhuys"
"1915",1915,"S Pond"
"1916",1916,"A Harel"
"1917",1917,"A Gulick"
"1918",1918,"P Wang"
"1919",1919,"B Cipollini"
"1920",1920,"A Omigbodun"
"1921",1921,"G Cottrell"
"1922",1922,"K Ryan"
"1923",1923,"H Chung"
"1924",1924,"A Mac"
"1925",1925,"K Tregillus"
"1926",1926,"M Webster"
"1927",1927,"F Biotti"
"1928",1928,"S Xu"
"1929",1929,"D Heinke"
"1930",1930,"F Allenmark"
"1931",1931,"K Moutsopoulou"
"1932",1932,"F Waszak"
"1933",1933,"N Ross"
"1934",1934,"V Brattan"
"1935",1935,"D Baker"
"1936",1936,"S Tipper"
"1937",1937,"J Nguyen"
"1938",1938,"J Ravaliya"
"1939",1939,"U Majmudar"
"1940",1940,"M Bulloch"
"1941",1941,"J Marotta"
"1942",1942,"K Landwehr"
"1943",1943,"J Christensen"
"1944",1944,"M Lengyel"
"1945",1945,"L Dam"
"1946",1946,"T Beck"
"1947",1947,"A Lindner"
"1948",1948,"A Lee"
"1949",1949,"V Gardelle"
"1950",1950,"S Liu"
"1951",1951,"P Middlebrooks"
"1952",1952,"B Zandbelt"
"1953",1953,"T Palmeri"
"1954",1954,"G Logan"
"1955",1955,"D Mann"
"1956",1956,"J Kamp"
"1957",1957,"C Press"
"1958",1958,"E Berlot"
"1959",1959,"G Bird"
"1960",1960,"R Ivry"
"1961",1961,"A Saulton"
"1962",1962,"T Dodds"
"1963",1963,"H Buelthoff"
"1964",1964,"S Rosa"
"1965",1965,"K Smith"
"1966",1966,"E Dechter"
"1967",1967,"J Tenenbaum"
"1968",1968,"D Owens"
"1969",1969,"J Benedict"
"1970",1970,"C Campoli"
"1971",1971,"P Bédard"
"1972",1972,"K Evans"
"1973",1973,"A Baddeley"
"1974",1974,"A Delorme"
"1975",1975,"D Fougnie"
"1976",1976,"T Brady"
"1977",1977,"F Wick"
"1978",1978,"L Saura"
"1979",1979,"M Pomplun"
"1980",1980,"D Vito"
"1981",1981,"A Ferrey"
"1982",1982,"K McArthur"
"1983",1983,"M Fenske"
"1984",1984,"M Erol"
"1985",1985,"J Bert"
"1986",1986,"M Shukla"
"1987",1987,"J Jacob"
"1988",1988,"B Breitmeyer"
"1989",1989,"M Trevino"
"1990",1990,"M Patterson"
"1991",1991,"M Sim"
"1992",1992,"S Kanjlia"
"1993",1993,"D Landy"
"1994",1994,"L Crawford"
"1995",1995,"A Presson"
"1996",1996,"A Riggall"
"1997",1997,"B Postle"
"1998",1998,"M Goldzieher"
"1999",1999,"I Harris"
"2000",2000,"C Hagmann"
"2001",2001,"M Potter"
"2002",2002,"C Mullin"
"2003",2003,"N Rijsbergen"
"2004",2004,"P"
"2005",2005,"A Shafer-Skelton"
"2006",2006,"M Vo"
"2007",2007,"W Zhu"
"2008",2008,"J Drewes"
"2009",2009,"M Lowe"
"2010",2010,"J Cant"
"2011",2011,"K Seidl-Rathkopf"
"2012",2012,"M Peelen"
"2013",2013,"C Gottesman"
"2014",2014,"B McDunn"
"2015",2015,"J Brown"
"2016",2016,"R Hale"
"2017",2017,"M Comishen"
"2018",2018,"D Zhou"
"2019",2019,"K Radassao"
"2020",2020,"M Iarocci"
"2021",2021,"C Teeter"
"2022",2022,"M Attarha"
"2023",2023,"C Moore"
"2024",2024,"S Castañón"
"2025",2025,"S Cheadle"
"2026",2026,"K Tsetsos"
"2027",2027,"N Tiurina"
"2028",2028,"I Utochkin"
"2029",2029,"A Gura"
"2030",2030,"R Wang"
"2031",2031,"A Filipowicz"
"2032",2032,"D Valadao"
"2033",2033,"K Killebrew"
"2034",2034,"K Wood"
"2035",2035,"A Kosovicheva"
"2036",2036,"A Leib"
"2037",2037,"I Groen"
"2038",2038,"S Ghebreab"
"2039",2039,"V Lamme"
"2040",2040,"S Scholte"
"2041",2041,"S Rashford"
"2042",2042,"Y Bai"
"2043",2043,"K Chang"
"2044",2044,"C Firestone"
"2045",2045,"D Mély"
"2046",2046,"M McGill"
"2047",2047,"Y Guo"
"2048",2048,"R Mruczek"
"2049",2049,"V Ekroll"
"2050",2050,"T Scherzer"
"2051",2051,"P Spröte"
"2052",2052,"N Twarog"
"2053",2053,"D Anderson"
"2054",2054,"E Awh"
"2055",2055,"Q Yu"
"2056",2056,"J Lewis-Peacock"
"2057",2057,"J Cohen"
"2058",2058,"K Norman"
"2059",2059,"K Bettencourt"
"2060",2060,"M Rohde"
"2061",2061,"A Milner"
"2062",2062,"C Cavina-Pratesi"
"2063",2063,"M Barat"
"2064",2064,"C Byrne"
"2065",2065,"J O'Rielly"
"2066",2066,"R Pucek"
"2067",2067,"A Kane"
"2068",2068,"B Long"
"2069",2069,"Z Oliver"
"2070",2070,"A Pegna"
"2071",2071,"C Leek"
"2072",2072,"I Charest"
"2073",2073,"S Parker"
"2074",2074,"D Reichert"
"2075",2075,"J Ritchie"
"2076",2076,"D Tovar"
"2077",2077,"H Hong"
"2078",2078,"E Solomon"
"2079",2079,"D Yamins"
"2080",2080,"X Gong"
"2081",2081,"N Finlayson"
"2082",2082,"P Grove"
"2083",2083,"L Blaha"
"2084",2084,"S Boettcher"
"2085",2085,"B Liaño"
"2086",2086,"T Drew"
"2087",2087,"M Quirós"
"2088",2088,"M Nordfang"
"2089",2089,"M Cain"
"2090",2090,"K Dent"
"2091",2091,"M Yurevich"
"2092",2092,"A Hess"
"2093",2093,"J Chang"
"2094",2094,"C Cunningham"
"2095",2095,"S Haroz"
"2096",2096,"W Prinzmetal"
"2097",2097,"S Hemsteger"
"2098",2098,"J Rajsic"
"2099",2099,"D Wilson"
"2100",2100,"C Romero"
"2101",2101,"E Self"
"2102",2102,"N Siva"
"2103",2103,"H Huffman"
"2104",2104,"A Chaparro"
"2105",2105,"E Palmer"
"2106",2106,"S Pollmann"
"2107",2107,"W Zinke"
"2108",2108,"F Baumgartner"
"2109",2109,"F Geringswald"
"2110",2110,"M Hanke"
"2111",2111,"T Horowitz"
"2112",2112,"M NAGAHATA"
"2113",2113,"M HARASAWA"
"2114",2114,"H ISHIKANE"
"2115",2115,"H Chang"
"2116",2116,"D Cronin"
"2117",2117,"A Lleras"
"2118",2118,"S Buetti"
"2119",2119,"R Dubey"
"2120",2120,"C Soon"
"2121",2121,"L Dugué"
"2122",2122,"D McLelland"
"2123",2123,"M Lajous"
"2124",2124,"H Im"
"2125",2125,"B Jedynak"
"2126",2126,"A Madison"
"2127",2127,"J Maxfield"
"2128",2128,"T Brosch"
"2129",2129,"P Roelfsema"
"2130",2130,"E Zhang"
"2131",2131,"R Hoffing"
"2132",2132,"L Grzeczkowski"
"2133",2133,"E Tartaglia"
"2134",2134,"F Mast"
"2135",2135,"R Achtman"
"2136",2136,"R Fenton"
"2137",2137,"B FitzGerald"
"2138",2138,"L Welch"
"2139",2139,"A Yashar"
"2140",2140,"Y Hu"
"2141",2141,"M Machizawa"
"2142",2142,"R Patey"
"2143",2143,"Q Tan"
"2144",2144,"B Bays"
"2145",2145,"K Visscher"
"2146",2146,"C Dantec"
"2147",2147,"N Hindy"
"2148",2148,"F Ng"
"2149",2149,"E Karuza"
"2150",2150,"L Emberson"
"2151",2151,"M Roser"
"2152",2152,"M Gazzaniga"
"2153",2153,"D Cole"
"2154",2154,"R Aslin"
"2155",2155,"R Nenert"
"2156",2156,"D DeCarlo"
"2157",2157,"R Chen"
"2158",2158,"L Ross"
"2159",2159,"J Ding"
"2160",2160,"E Wiecek"
"2161",2161,"S Huang"
"2162",2162,"L Cai"
"2163",2163,"I Huang"
"2164",2164,"B Backus"
"2165",2165,"K Gray"
"2166",2166,"G Vilidaitė"
"2167",2167,"R Kitching"
"2168",2168,"K Wailes-Newson"
"2169",2169,"D Wang"
"2170",2170,"L Libenson"
"2171",2171,"M Gheiratmand"
"2172",2172,"J Christiansen"
"2173",2173,"A D'Antona"
"2174",2174,"S Shevell"
"2175",2175,"K Brecher"
"2176",2176,"B Cao"
"2177",2177,"A Yazdanbakhsh"
"2178",2178,"C Ng"
"2179",2179,"Y Morgenstern"
"2180",2180,"D Purves"
"2181",2181,"A Chopin"
"2182",2182,"N Goncalves"
"2183",2183,"R Sanchez-Panchuelo"
"2184",2184,"S Francis"
"2185",2185,"D Schluppeck"
"2186",2186,"P Guan"
"2187",2187,"J Harris"
"2188",2188,"N Thomson"
"2189",2189,"D Hunter"
"2190",2190,"P Hibbard"
"2191",2191,"L Optican"
"2192",2192,"A Berg"
"2193",2193,"D Arnoldussen"
"2194",2194,"B Farell"
"2195",2195,"I Tsirlin"
"2196",2196,"R Allison"
"2197",2197,"L Deas"
"2198",2198,"A Yasuoka"
"2199",2199,"V Billock"
"2200",2200,"B Conway"
"2201",2201,"G Gagin"
"2202",2202,"K Bohon"
"2203",2203,"A Butensky"
"2204",2204,"M Gates"
"2205",2205,"R Lafer-Sousa"
"2206",2206,"R Pulumo"
"2207",2207,"C Stoughton"
"2208",2208,"S Swanbeck"
"2209",2209,"J Qu"
"2210",2210,"D Yampolsky"
"2211",2211,"G Purushothaman"
"2212",2212,"V Casagrande"
"2213",2213,"D Chang"
"2214",2214,"B Thompson"
"2215",2215,"D Crewther"
"2216",2216,"A Kell"
"2217",2217,"A Takahashi"
"2218",2218,"J Feather"
"2219",2219,"D Xing"
"2220",2220,"A Ouni"
"2221",2221,"H Sahmoud"
"2222",2222,"J Gordon"
"2223",2223,"R Shapley"
"2224",2224,"K Koller"
"2225",2225,"P Mullins"
"2226",2226,"R Rafal"
"2227",2227,"J Vanston"
"2228",2228,"R Eskew"
"2229",2229,"T Shepard"
"2230",2230,"B Jennings"
"2231",2231,"E Kimura"
"2232",2232,"N Stepien"
"2233",2233,"W Wang"
"2234",2234,"M Persuh"
"2235",2235,"T Emmanouil"
"2236",2236,"R Stanikūnas"
"2237",2237,"A Švegžda"
"2238",2238,"V Kulbokaitė"
"2239",2239,"R Bliumas"
"2240",2240,"A Daugirdienė"
"2241",2241,"J MacInnes"
"2242",2242,"H Amelia"
"2243",2243,"D Michael"
"2244",2244,"J Schumacher"
"2245",2245,"J Hillis"
"2246",2246,"R Shannon"
"2247",2247,"J Derlofske"
"2248",2248,"D Lamb"
"2249",2249,"A Lathrop"
"2250",2250,"J Thielen"
"2251",2251,"B Stankiewicz"
"2252",2252,"D Lindsey"
"2253",2253,"A Brown"
"2254",2254,"C Apicella"
"2255",2255,"B McMahan"
"2256",2256,"M Stone"
"2257",2257,"M Malfatti"
"2258",2258,"K Schloss"
"2259",2259,"L Albertazzi"
"2260",2260,"G Fuller"
"2261",2261,"L Fademrecht"
"2262",2262,"I Bülthoff"
"2263",2263,"L Fedorov"
"2264",2264,"J Vangeneugden"
"2265",2265,"J Cook"
"2266",2266,"X Lu"
"2267",2267,"B Urgen"
"2268",2268,"W Khoe"
"2269",2269,"S Dasgupta"
"2270",2270,"R Srinivasan"
"2271",2271,"N Kim"
"2272",2272,"S Jang"
"2273",2273,"M Furlan"
"2274",2274,"N Peatfield"
"2275",2275,"A Heenan"
"2276",2276,"N Troje"
"2277",2277,"R Kaiser"
"2278",2278,"C Medeiros"
"2279",2279,"M Wanderley"
"2280",2280,"M Schönwiesner"
"2281",2281,"S Kenny"
"2282",2282,"D Carmel"
"2283",2283,"C Benton"
"2284",2284,"M Thirkettle"
"2285",2285,"N Scott-Samuel"
"2286",2286,"C Song"
"2287",2287,"B Kemenade"
"2288",2288,"B Bahrami"
"2289",2289,"S Thurman"
"2290",2290,"H Lu"
"2291",2291,"B Buren"
"2292",2292,"S Weech"
"2293",2293,"A You"
"2294",2294,"S Adler"
"2295",2295,"H Honjo"
"2296",2296,"K Ichiro"
"2297",2297,"T Sprague"
"2298",2298,"M Ramamurthy"
"2299",2299,"S Jabar"
"2300",2300,"J Golomb"
"2301",2301,"W Neill"
"2302",2302,"A Kleinsmith"
"2303",2303,"A Michal"
"2304",2304,"C Wloka"
"2305",2305,"N Frosst"
"2306",2306,"A Chasteen"
"2307",2307,"K Martin"
"2308",2308,"H chen"
"2309",2309,"T Feldmann-Wüstefeld"
"2310",2310,"A Schubö"
"2311",2311,"T Moehler"
"2312",2312,"D Chan"
"2313",2313,"W Bush"
"2314",2314,"F Chua"
"2315",2315,"S Jackson"
"2316",2316,"E Cutrone"
"2317",2317,"T Stein"
"2318",2318,"J Pomerantz"
"2319",2319,"B Quiang"
"2320",2320,"A Austin"
"2321",2321,"K Orsten"
"2322",2322,"C Nothelfer"
"2323",2323,"A Treisman"
"2324",2324,"V Beck"
"2325",2325,"A Hollingworth"
"2326",2326,"C Eymond"
"2327",2327,"T Collins"
"2328",2328,"M Jiang"
"2329",2329,"J Xu"
"2330",2330,"A Noyce"
"2331",2331,"R Sekuler"
"2332",2332,"J Moyer"
"2333",2333,"M Bulatova"
"2334",2334,"D Albers"
"2335",2335,"M Correll"
"2336",2336,"M Gleicher"
"2337",2337,"S Lin"
"2338",2338,"R Nako"
"2339",2339,"G Harrison"
"2340",2340,"R Yu"
"2341",2341,"A Greenberg"
"2342",2342,"D Hayes"
"2343",2343,"A Roggeveen"
"2344",2344,"K Pilz"
"2345",2345,"D Kaiser"
"2346",2346,"A Fiedler"
"2347",2347,"N Roque"
"2348",2348,"A Collegio"
"2349",2349,"S Kakpovi"
"2350",2350,"A Whitman"
"2351",2351,"B Carter"
"2352",2352,"S Jeong"
"2353",2353,"H Kobayashi"
"2354",2354,"T Yoshida"
"2355",2355,"R Wu"
"2356",2356,"J Band"
"2357",2357,"G Scerif"
"2358",2358,"G McDonnell"
"2359",2359,"J Grubaugh"
"2360",2360,"B Bahle"
"2361",2361,"E Reijnen"
"2362",2362,"J Hoffmann"
"2363",2363,"Y Higuchi"
"2364",2364,"M Bravo"
"2365",2365,"H Farid"
"2366",2366,"T O'Connell"
"2367",2367,"C Baldassano"
"2368",2368,"D Berman"
"2369",2369,"D Walther"
"2370",2370,"S MacEvoy"
"2371",2371,"D Linsley"
"2372",2372,"S Rafique"
"2373",2373,"S Ramanoel"
"2374",2374,"C Pichat"
"2375",2375,"M Dojat"
"2376",2376,"L Vizioli"
"2377",2377,"L Petro"
"2378",2378,"L Muckli"
"2379",2379,"T Hartley"
"2380",2380,"T Andrews"
"2381",2381,"R Ince"
"2382",2382,"S Panzeri"
"2383",2383,"P Schyns"
"2384",2384,"A Serger"
"2385",2385,"J Lao"
"2386",2386,"R Caldara"
"2387",2387,"M Vincent"
"2388",2388,"H Tang"
"2389",2389,"L Mavica"
"2390",2390,"C Bailey"
"2391",2391,"L Fraser"
"2392",2392,"B Makooie"
"2393",2393,"L Harris"
"2394",2394,"S Reed"
"2395",2395,"M Farley"
"2396",2396,"P Dassonville"
"2397",2397,"W Adams"
"2398",2398,"I Kerrigan"
"2399",2399,"E Graf"
"2400",2400,"S Kamiya"
"2401",2401,"K Choi"
"2402",2402,"B Rowland"
"2403",2403,"R Miller"
"2404",2404,"B Stein"
"2405",2405,"R Jao"
"2406",2406,"K James"
"2407",2407,"T James"
"2408",2408,"D Ress"
"2409",2409,"M Beauchamp"
"2410",2410,"H Lee"
"2411",2411,"H Beeck"
"2412",2412,"F Jiang"
"2413",2413,"G Stecker"
"2414",2414,"J Plass"
"2415",2415,"A Bryant"
"2416",2416,"Z Taich"
"2417",2417,"V Ramachandran"
"2418",2418,"S Parrott"
"2419",2419,"M Huntington"
"2420",2420,"J Burge"
"2421",2421,"B McCann"
"2422",2422,"W Sprague"
"2423",2423,"J Durand"
"2424",2424,"F Cristino"
"2425",2425,"L Davitt"
"2426",2426,"H Rettie"
"2427",2427,"N Qian"
"2428",2428,"J Garcia"
"2429",2429,"K Kaye"
"2430",2430,"D Williams"
"2431",2431,"D Baldauf"
"2432",2432,"S Han"
"2433",2433,"Y Zhao"
"2434",2434,"J Yeatman"
"2435",2435,"A Rokem"
"2436",2436,"H Takemura"
"2437",2437,"B Wandell"
"2438",2438,"H Choo"
"2439",2439,"D Shen"
"2440",2440,"I Sofer"
"2441",2441,"S Crouzet"
"2442",2442,"M Kumar"
"2443",2443,"K Federmeier"
"2444",2444,"E Josephs"
"2445",2445,"D Draschkow"
"2446",2446,"M Greene"
"2447",2447,"S Marchette"
"2448",2448,"L Vass"
"2449",2449,"J Ryan"
"2450",2450,"B Hubert-Wallander"
"2451",2451,"G Boynton"
"2452",2452,"B Harvey"
"2453",2453,"N Petridou"
"2454",2454,"S Garcia"
"2455",2455,"L Cruz"
"2456",2456,"G Rubin"
"2457",2457,"S Moro"
"2458",2458,"L McKetton"
"2459",2459,"Z Dai"
"2460",2460,"M Kohrman"
"2461",2461,"E Huber"
"2462",2462,"J Thomas"
"2463",2463,"P Jaekl"
"2464",2464,"J Chromý"
"2465",2465,"J Alderete"
"2466",2466,"M Hahn"
"2467",2467,"M Cai"
"2468",2468,"D Eagleman"
"2469",2469,"A Cravo"
"2470",2470,"K Santos"
"2471",2471,"M Reyes"
"2472",2472,"M Caetano"
"2473",2473,"P Claessens"
"2474",2474,"T Hayes"
"2475",2475,"P Sederberg"
"2476",2476,"B Siefke"
"2477",2477,"E Rowland"
"2478",2478,"L Beattie"
"2479",2479,"W Curran"
"2480",2480,"K Latimer"
"2481",2481,"J Retell"
"2482",2482,"M Wiener"
"2483",2483,"J Thompson"
"2484",2484,"R Sengupta"
"2485",2485,"S Bapiraju"
"2486",2486,"P Basu"
"2487",2487,"Y Hashimoto"
"2488",2488,"Y Yotsumoto"
"2489",2489,"A Shukla"
"2490",2490,"A Rodriguez"
"2491",2491,"C Tran"
"2492",2492,"Y Cai"
"2493",2493,"S Lu"
"2494",2494,"R Gallagher"
"2495",2495,"K Yarrow"
"2496",2496,"M Inyutina"
"2497",2497,"Z Hussain"
"2498",2498,"A Levi"
"2499",2499,"D Shaked"
"2500",2500,"J Jeschke"
"2501",2501,"K Jia"
"2502",2502,"X Xue"
"2503",2503,"K Ludwig"
"2504",2504,"S Gilaie-Dotan"
"2505",2505,"S Voss"
"2506",2506,"G Hesselmann"
"2507",2507,"A Byers"
"2508",2508,"I Donovan"
"2509",2509,"S Szpiro"
"2510",2510,"S Cohen"
"2511",2511,"C Tortarolo"
"2512",2512,"M Wenger"
"2513",2513,"S Rhoten"
"2514",2514,"M Panichello"
"2515",2515,"Y Shen"
"2516",2516,"P Tino"
"2517",2517,"Z Kourtzi"
"2518",2518,"J Lupo"
"2519",2519,"D DeLoss"
"2520",2520,"Y He"
"2521",2521,"G Legge"
"2522",2522,"R Doron"
"2523",2523,"Y Levy"
"2524",2524,"L Levian"
"2525",2525,"R Pokroy"
"2526",2526,"B Gordon"
"2527",2527,"K Jovanov"
"2528",2528,"P Clifton"
"2529",2529,"A Mazalek"
"2530",2530,"M Nitsche"
"2531",2531,"E McDevitt"
"2532",2532,"L Whitehurst"
"2533",2533,"K Duggan"
"2534",2534,"S Mednick"
"2535",2535,"N Prins"
"2536",2536,"A Ahumada"
"2537",2537,"B Adelstein"
"2538",2538,"A Watson"
"2539",2539,"B Beutter"
"2540",2540,"G Guerara-Flores"
"2541",2541,"M Juni"
"2542",2542,"S Morgan"
"2543",2543,"E Dickinson"
"2544",2544,"L O'Hare"
"2545",2545,"D Todorović"
"2546",2546,"P Huang"
"2547",2547,"J Qian"
"2548",2548,"E Doi"
"2549",2549,"M Lewicki"
"2550",2550,"T Sawada"
"2551",2551,"H Godwin"
"2552",2552,"T Menneer"
"2553",2553,"S Liversedge"
"2554",2554,"K Cave"
"2555",2555,"N Holliman"
"2556",2556,"A Aizenman"
"2557",2557,"D Georgian-Smith"
"2558",2558,"E Kompaniez"
"2559",2559,"C Abbey"
"2560",2560,"J Boone"
"2561",2561,"C Fuda"
"2562",2562,"N Attar"
"2563",2563,"S Pin"
"2564",2564,"M Overgaard"
"2565",2565,"B Won"
"2566",2566,"H Hayward"
"2567",2567,"J Godwin"
"2568",2568,"M Michael"
"2569",2569,"C Hout"
"2570",2570,"S Mandal"
"2571",2571,"E Chiu"
"2572",2572,"M Spivey"
"2573",2573,"M Weaver"
"2574",2574,"D Paoletti"
"2575",2575,"W Zoest"
"2576",2576,"M Alonzo"
"2577",2577,"C Riggs"
"2578",2578,"R Redden"
"2579",2579,"M Hilchey"
"2580",2580,"R Klein"
"2581",2581,"A Cajar"
"2582",2582,"J Laubrock"
"2583",2583,"S Pannasch"
"2584",2584,"C Qian"
"2585",2585,"B Bridgeman"
"2586",2586,"C Little"
"2587",2587,"S Aydin"
"2588",2588,"M Adeleye"
"2589",2589,"A Chima"
"2590",2590,"T Chuk"
"2591",2591,"A Luo"
"2592",2592,"H Greene"
"2593",2593,"B Dauphin"
"2594",2594,"C Curtis"
"2595",2595,"G Saber"
"2596",2596,"E Prado"
"2597",2597,"M Young"
"2598",2598,"B Neggers"
"2599",2599,"C Tyler"
"2600",2600,"M Lisi"
"2601",2601,"B Baltaretu"
"2602",2602,"B Dunkley"
"2603",2603,"D Aagten-Murphy"
"2604",2604,"M Duyck"
"2605",2605,"L Kovalenko"
"2606",2606,"P Malik"
"2607",2607,"J Dessing"
"2608",2608,"B Parsons"
"2609",2609,"M Puntiroli"
"2610",2610,"Y Porat"
"2611",2611,"T Orlov"
"2612",2612,"A Mckyton"
"2613",2613,"E Zohary"
"2614",2614,"C Tas"
"2615",2615,"H Krüger"
"2616",2616,"Y Yabe"
"2617",2617,"J Skerswetat"
"2618",2618,"J Stanley"
"2619",2619,"A Beers"
"2620",2620,"J Zou"
"2621",2621,"P Zhang"
"2622",2622,"S Katyal"
"2623",2623,"J Kornmeier"
"2624",2624,"R Wörner"
"2625",2625,"M Shimizu"
"2626",2626,"M Ng"
"2627",2627,"J Mendola"
"2628",2628,"J Fesi"
"2629",2629,"M Shimono"
"2630",2630,"K Niki"
"2631",2631,"R Denison"
"2632",2632,"J Sheynin"
"2633",2633,"M Silver"
"2634",2634,"N Malek"
"2635",2635,"A Gao"
"2636",2636,"D Messinger"
"2637",2637,"K Tabbane"
"2638",2638,"R Joober"
"2639",2639,"S Hung"
"2640",2640,"P Moors"
"2641",2641,"T Heyman"
"2642",2642,"M Lee"
"2643",2643,"C Kim"
"2644",2644,"D Etchegaray"
"2645",2645,"L Ortega"
"2646",2646,"G Palafox"
"2647",2647,"E Guzman-Martinez"
"2648",2648,"M Vergeer"
"2649",2649,"R Ee"
"2650",2650,"J Su"
"2651",2651,"J Boxtel"
"2652",2652,"S Gayet"
"2653",2653,"J Brascamp"
"2654",2654,"Y Shin"
"2655",2655,"K Ohkubo"
"2656",2656,"T Pegors"
"2657",2657,"P Bryan"
"2658",2658,"G Shyi"
"2659",2659,"J Lin"
"2660",2660,"N Sugden"
"2661",2661,"L Wei"
"2662",2662,"A Kusec"
"2663",2663,"M Moulson"
"2664",2664,"B Galmar"
"2665",2665,"N Kloth"
"2666",2666,"S Shields"
"2667",2667,"M Zhao"
"2668",2668,"X Zhou"
"2669",2669,"L Vingilis-Jaremko"
"2670",2670,"K Jaworska"
"2671",2671,"G Rousselet"
"2672",2672,"L Short"
"2673",2673,"H Chan"
"2674",2674,"A Hackland"
"2675",2675,"L Baker"
"2676",2676,"D Levin"
"2677",2677,"Z Zuo"
"2678",2678,"A Chang"
"2679",2679,"T Gao"
"2680",2680,"C Sutherland"
"2681",2681,"J Oldmeadow"
"2682",2682,"A Young"
"2683",2683,"X Yu"
"2684",2684,"J Peissig"
"2685",2685,"C Dillon"
"2686",2686,"C Saavedra"
"2687",2687,"C Bukach"
"2688",2688,"O Paquin"
"2689",2689,"M Jalbert"
"2690",2690,"C Blais"
"2691",2691,"S Lafortune"
"2692",2692,"K Robinson"
"2693",2693,"J Tardif"
"2694",2694,"S Anthony"
"2695",2695,"W Scheirer"
"2696",2696,"D Gill"
"2697",2697,"R Jack"
"2698",2698,"S Whitaker"
"2699",2699,"L MacKenzie"
"2700",2700,"M Hill"
"2701",2701,"H Liao"
"2702",2702,"M Kashino"
"2703",2703,"B Harland"
"2704",2704,"S Hagen"
"2705",2705,"Q Vuong"
"2706",2706,"T Curran"
"2707",2707,"D Schlangen"
"2708",2708,"G Ben-Yosef"
"2709",2709,"L Assif"
"2710",2710,"D Harari"
"2711",2711,"E Fetaya"
"2712",2712,"S Ullman"
"2713",2713,"J Qi"
"2714",2714,"S Herald"
"2715",2715,"T Mintz"
"2716",2716,"B Nordhjem"
"2717",2717,"C Petrozzelli"
"2718",2718,"N Gravel"
"2719",2719,"R Renken"
"2720",2720,"M Bushmakin"
"2721",2721,"V Zachariou"
"2722",2722,"N Christine"
"2723",2723,"L Ungerleider"
"2724",2724,"H Rainey"
"2725",2725,"F Nagle"
"2726",2726,"P McOwan"
"2727",2727,"C Kupitz"
"2728",2728,"C Thiemann"
"2729",2729,"Z Lin"
"2730",2730,"D Leeds"
"2731",2731,"Y Yang"
"2732",2732,"C Jew"
"2733",2733,"R Kass"
"2734",2734,"M Tian"
"2735",2735,"T Makin"
"2736",2736,"Y Zhang"
"2737",2737,"J Bednar"
"2738",2738,"A Ziskind"
"2739",2739,"O Hénaff"
"2740",2740,"Y LeCun"
"2741",2741,"D Pelli"
"2742",2742,"F Ball"
"2743",2743,"M Grotheer"
"2744",2744,"G Kovács"
"2745",2745,"G Ward"
"2746",2746,"B Xiao"
"2747",2747,"B Walter"
"2748",2748,"I Gkioukelas"
"2749",2749,"T Zickler"
"2750",2750,"K Bala"
"2751",2751,"P Marlow"
"2752",2752,"G Kucukoglu"
"2753",2753,"S Kanazawa"
"2754",2754,"M Yamaguchi"
"2755",2755,"B Xu"
"2756",2756,"J Haberman"
"2757",2757,"A Guha"
"2758",2758,"A Jereen"
"2759",2759,"N Akshoomoff"
"2760",2760,"E Newman"
"2761",2761,"H Girard"
"2762",2762,"A Dale"
"2763",2763,"T Jernigan"
"2764",2764,"J Magnotti"
"2765",2765,"M Udawatta"
"2766",2766,"R Shah"
"2767",2767,"P Scarfe"
"2768",2768,"K Petrie"
"2769",2769,"S Anstis"
"2770",2770,"A Ho"
"2771",2771,"H Boal"
"2772",2772,"J Kerlin"
"2773",2773,"S Hanslmayr"
"2774",2774,"R Giacopo"
"2775",2775,"E Livesey"
"2776",2776,"R Shoval"
"2777",2777,"B Eitam"
"2778",2778,"K He"
"2779",2779,"K Wei"
"2780",2780,"W Baccus"
"2781",2781,"S Dziura"
"2782",2782,"J Bevitt"
"2783",2783,"A Caradonna"
"2784",2784,"C Foster"
"2785",2785,"N Burgess"
"2786",2786,"K Yokosawa"
"2787",2787,"M Shoda"
"2788",2788,"Y Barhomi"
"2789",2789,"A Yanke"
"2790",2790,"Y Saito"
"2791",2791,"A Barnas"
"2792",2792,"B Kunz"
"2793",2793,"H Zhao"
"2794",2794,"H Tsuda"
"2795",2795,"K Rio"
"2796",2796,"B Nguyen"
"2797",2797,"S Maidenbaum"
"2798",2798,"Chebat"
"2799",2799,"S Levy-Tzedek"
"2800",2800,"A Amedi"
"2801",2801,"D Chen"
"2802",2802,"R So"
"2803",2803,"A Hajnal"
"2804",2804,"J Wagman"
"2805",2805,"D Bunch"
"2806",2806,"J Doyon"
"2807",2807,"D McConnell"
"2808",2808,"M Schill"
"2809",2809,"I Ayhan"
"2810",2810,"E Doyle"
"2811",2811,"S Pak"
"2812",2812,"D Smith"
"2813",2813,"L Davies"
"2814",2814,"J Keebler"
"2815",2815,"L Caplette"
"2816",2816,"G West"
"2817",2817,"B Wicker"
"2818",2818,"M Gomot"
"2819",2819,"L Vale"
"2820",2820,"M Hatfield"
"2821",2821,"S Park"
"2822",2822,"H Ogmen"
"2823",2823,"B Noory"
"2824",2824,"G Doucet"
"2825",2825,"N Kleene"
"2826",2826,"M Michel"
"2827",2827,"S Sheremata"
"2828",2828,"Z Klyszejko"
"2829",2829,"M Rahmati"
"2830",2830,"D Sutterer"
"2831",2831,"Y Park"
"2832",2832,"R Rademaker"
"2833",2833,"F Gozenman"
"2834",2834,"R Tanoue"
"2835",2835,"T Metoyer"
"2836",2836,"F McNab"
"2837",2837,"J Ahmad"
"2838",2838,"D Mistry"
"2839",2839,"A Nobre"
"2840",2840,"H Park"
"2841",2841,"T Sørensen"
"2842",2842,"C Staugaard"
"2843",2843,"T Flack"
"2844",2844,"R Harris"
"2845",2845,"I Delis"
"2846",2846,"O Garrod"
"2847",2847,"S McNair"
"2848",2848,"S Du"
"2849",2849,"P Pallett"
"2850",2850,"N Hedger"
"2851",2851,"M Garner"
"2852",2852,"P Liu"
"2853",2853,"H Xu"
"2854",2854,"N Nelson"
"2855",2855,"B Heptonstall"
"2856",2856,"M Thorpe"
"2857",2857,"A Janik"
"2858",2858,"D Pitcher"
"2859",2859,"M Sormaz"
"2860",2860,"F Smith"
"2861",2861,"D Mitchell"
"2862",2862,"S Greening"
"2863",2863,"A Leleu"
"2864",2864,"C Demily"
"2865",2865,"N Franck"
"2866",2866,"K Durand"
"2867",2867,"J Baudouin"
"2868",2868,"B Schaal"
"2869",2869,"N DOLLION"
"2870",2870,"J BAUDOUIN"
"2871",2871,"K DURAND"
"2872",2872,"B SCHAAL"
"2873",2873,"S O'Neil"
"2874",2874,"I Serrano-Pedraza"
"2875",2875,"V Romero-Ferreiro"
"2876",2876,"J Read"
"2877",2877,"T Diéguez-Risco"
"2878",2878,"A Bagney-Lifante"
"2879",2879,"M Caballero-González"
"2880",2880,"J Rodríguez-Torresano"
"2881",2881,"R Rodríguez-Jiménez"
"2882",2882,"A Deschênes"
"2883",2883,"C Daudelin-Peltier"
"2884",2884,"Y Marcoux"
"2885",2885,"H Forget"
"2886",2886,"C Casanova"
"2887",2887,"J Lai"
"2888",2888,"S Thomas"
"2889",2889,"B Cooper"
"2890",2890,"R Bergen"
"2891",2891,"J Jehee"
"2892",2892,"P Binda"
"2893",2893,"C Huh"
"2894",2894,"E Yang"
"2895",2895,"K Mikellidou"
"2896",2896,"P Thompson"
"2897",2897,"L Olzak"
"2898",2898,"M Gong"
"2899",2899,"M Joshi"
"2900",2900,"S Jeon"
"2901",2901,"M Mercer"
"2902",2902,"G"
"2903",2903,"P Sheppard"
"2904",2904,"N Schneider-Garces"
"2905",2905,"A Chiarelli"
"2906",2906,"C Tan"
"2907",2907,"T Kong"
"2908",2908,"C Burton"
"2909",2909,"M Fletcher"
"2910",2910,"B Zimmerman"
"2911",2911,"B Sutton"
"2912",2912,"A Baldwin"
"2913",2913,"E Cifuentes"
"2914",2914,"M Fishman"
"2915",2915,"G Cicchini"
"2916",2916,"G Anobile"
"2917",2917,"C Conlin"
"2918",2918,"J Solomon"
"2919",2919,"J Kraft"
"2920",2920,"M Katkov"
"2921",2921,"G Schmidtmann"
"2922",2922,"Y Tang"
"2923",2923,"Y Zhou"
"2924",2924,"P Kohler"
"2925",2925,"D Hermes"
"2926",2926,"J Winawer"
"2927",2927,"S Cohan"
"2928",2928,"K Dalrymple"
"2929",2929,"V Wright"
"2930",2930,"J Tree"
"2931",2931,"J Esins"
"2932",2932,"J Schultz"
"2933",2933,"N Mestry"
"2934",2934,"R McCarthy"
"2935",2935,"E Dundas"
"2936",2936,"Y Gabay"
"2937",2937,"R Brewer"
"2938",2938,"A Coüet-Garand"
"2939",2939,"C Or"
"2940",2940,"D Halliday"
"2941",2941,"S MacDonald"
"2942",2942,"S Scherf"
"2943",2943,"C Bradley"
"2944",2944,"W Einhäuser"
"2945",2945,"B Hart"
"2946",2946,"M Dorr"
"2947",2947,"T Wallis"
"2948",2948,"N Mennie"
"2949",2949,"N Zulkifli"
"2950",2950,"M Mahadzir"
"2951",2951,"A Miflah"
"2952",2952,"J Babcock"
"2953",2953,"W Friewald"
"2954",2954,"J Collins"
"2955",2955,"I Olson"
"2956",2956,"M Tanzer"
"2957",2957,"E O'Neil"
"2958",2958,"S Köhler"
"2959",2959,"J Peirce"
"2960",2960,"A Pasupathy"
"2961",2961,"G Loffler"
"2962",2962,"A Bock"
"2963",2963,"M Saenz"
"2964",2964,"R Millington"
"2965",2965,"J Little"
"2966",2966,"K Watkins"
"2967",2967,"C Thomas"
"2968",2968,"D Elbich"
"2969",2969,"D Essen"
"2970",2970,"N Barraclough"
"2971",2971,"C Becchio"
"2972",2972,"S Streuber"
"2973",2973,"F Fleischer"
"2974",2974,"V Caggiano"
"2975",2975,"J Pomper"
"2976",2976,"P Thier"
"2977",2977,"T Naselaris"
"2978",2978,"M Gerven"
"2979",2979,"J Freeman"
"2980",2980,"E Simoncelli"
