"","id","label"
"1",1,"R Wilkie"
"2",2,"D Poulter"
"3",3,"J Wann"
"4",4,"K Macuga"
"5",5,"J Loomis"
"6",6,"A Beall"
"7",7,"J Saunders"
"8",8,"J Jovancevic"
"9",9,"M Hayhoe"
"10",10,"B Sullivan"
"11",11,"R Epstein"
"12",12,"J Higgins"
"13",13,"J Muller"
"14",14,"M Philiastides"
"15",15,"W Newsome"
"16",16,"C Clarke"
"17",17,"M Paradiso"
"18",18,"G Ghose"
"19",19,"J Maunsell"
"20",20,"S Chong"
"21",21,"S Kastner"
"22",22,"A Treisman"
"23",23,"S Azoulai"
"24",24,"E Hubbard"
"25",25,"V Ramachandran"
"26",26,"D Dao"
"27",27,"Z Lu"
"28",28,"B Dosher"
"29",29,"V Mante"
"30",30,"M Carandini"
"31",31,"A Saul"
"32",32,"A Humphrey"
"33",33,"P Carras"
"34",34,"S Dumoulin"
"35",35,"S Dakin"
"36",36,"R Hess"
"37",37,"J Bisley"
"38",38,"M Goldberg"
"39",39,"A Shmuel"
"40",40,"M Augath"
"41",41,"A Oeltermann"
"42",42,"J Pauls"
"43",43,"N Logothetis"
"44",44,"J Samonds"
"45",45,"H Brown"
"46",46,"A Bonds"
"47",47,"A Girshick"
"48",48,"D Vishwanath"
"49",49,"M Banks"
"50",50,"T Ooi"
"51",51,"Z He"
"52",52,"P Willemsen"
"53",53,"M Colton"
"54",54,"S Creem-Regehr"
"55",55,"W Thompson"
"56",56,"J Wu"
"57",57,"G Bingham"
"58",58,"M Mon-Williams"
"59",59,"A Mapp"
"60",60,"M Khokhotva"
"61",61,"H Ono"
"62",62,"C Ruff"
"63",63,"J Driver"
"64",64,"J Wolfe"
"65",65,"B Scholl"
"66",66,"L Feigenson"
"67",67,"J Enns"
"68",68,"C Oriet"
"69",69,"R VanRullen"
"70",70,"G Alvarez"
"71",71,"P Cavanagh"
"72",72,"T Lewis"
"73",73,"D Ellemberg"
"74",74,"D Maurer"
"75",75,"J Guillemot"
"76",76,"F Lepore"
"77",77,"V Armstrong"
"78",78,"V Bhagirath"
"79",79,"J Atkinson"
"80",80,"J Wattam-Bell"
"81",81,"O Braddick"
"82",82,"D Birtles"
"83",83,"A Barnett"
"84",84,"D Cowie"
"85",85,"N Wada"
"86",86,"G Lacroix"
"87",87,"M Grünau"
"88",88,"E Borokhovski"
"89",89,"I Constantinescu"
"90",90,"R Almeida"
"91",91,"R Gurnsey"
"92",92,"N Segalowitz"
"93",93,"L Lewis"
"94",94,"I Fine"
"95",95,"K Dobkins"
"96",96,"I Kovács"
"97",97,"G Kovács"
"98",98,"Á Fehér"
"99",99,"S Rainville"
"100",100,"H Wilson"
"101",101,"J Aspell"
"102",102,"Z Liu"
"103",103,"H Lu"
"104",104,"C Aguilar"
"105",105,"M Landy"
"106",106,"R Goutcher"
"107",107,"J Trommershauser"
"108",108,"L Maloney"
"109",109,"P Mamassian"
"110",110,"D Purves"
"111",111,"C Howe"
"112",112,"D Andresen"
"113",113,"K Grill-Spector"
"114",114,"P Tse"
"115",115,"S Martinez-Conde"
"116",116,"A Schlegel"
"117",117,"S Macknik"
"118",118,"D Whitney"
"119",119,"H Goltz"
"120",120,"M Goodale"
"121",121,"J Haynes"
"122",122,"G Rees"
"123",123,"F Tong"
"124",124,"D Wu"
"125",125,"S Shimojo"
"126",126,"R Frazor"
"127",127,"W Geisler"
"128",128,"D Levi"
"129",129,"S Klein"
"130",130,"I Chen"
"131",131,"C Taylor"
"132",132,"P Bennett"
"133",133,"A Sekuler"
"134",134,"A Watson"
"135",135,"A Ahumada"
"136",136,"D MacLeod"
"137",137,"J Judson"
"138",138,"G Sperling"
"139",139,"A Hsu"
"140",140,"S Hong"
"141",141,"S Shevell"
"142",142,"D Lindsey"
"143",143,"A Brown"
"144",144,"J Hardy"
"145",145,"C Frederick"
"146",146,"P Kay"
"147",147,"J Werner"
"148",148,"J Hillis"
"149",149,"D Brainard"
"150",150,"A Werner"
"151",151,"C Paffen"
"152",152,"D Tadin"
"153",153,"S Pas"
"154",154,"M Smagt"
"155",155,"J Lappin"
"156",156,"F Verstraten"
"157",157,"K Watanabe"
"158",158,"Y Paik"
"159",159,"R Blake"
"160",160,"N Tsuchiya"
"161",161,"C Koch"
"162",162,"S Suzuki"
"163",163,"M Grabowecky"
"164",164,"M Meng"
"165",165,"M Puts"
"166",166,"J Pokorny"
"167",167,"V Smith"
"168",168,"U Polat"
"169",169,"D Sagi"
"170",170,"Y Song"
"171",171,"C Baker"
"172",172,"M Carrasco"
"173",173,"S Ling"
"174",174,"J Gobel"
"175",175,"S Fuller"
"176",176,"S Read"
"177",177,"S Delord"
"178",178,"F Devinck"
"179",179,"K Knoblauch"
"180",180,"S Guttman"
"181",181,"L Gilroy"
"182",182,"R Kanai"
"183",183,"K Sundberg"
"184",184,"M Fallah"
"185",185,"J Reynolds"
"186",186,"C Cantor"
"187",187,"C Schor"
"188",188,"B Bridgeman"
"189",189,"V DiLollo"
"190",190,"A Muehlenen"
"191",191,"H Ogmen"
"192",192,"B Breitmeyer"
"193",193,"S Todd"
"194",194,"L Mardon"
"195",195,"J Todd"
"196",196,"L Thaler"
"197",197,"T Dijkstra"
"198",198,"J Koenderink"
"199",199,"A Kappers"
"200",200,"T Dijsktra"
"201",201,"F Domini"
"202",202,"C Caudek"
"203",203,"B Khang"
"204",204,"I Biederman"
"205",205,"G Kayaert"
"206",206,"R Vogels"
"207",207,"J Martinez-Trujillo"
"208",208,"J Hopf"
"209",209,"S Treue"
"210",210,"R Wildes"
"211",211,"E Simine"
"212",212,"H Heinze"
"213",213,"J Tsotsos"
"214",214,"B Krekelberg"
"215",215,"R Wezel"
"216",216,"T Albright"
"217",217,"P Thompson"
"218",218,"S Hammett"
"219",219,"M Bhavaraju"
"220",220,"E Mingolla"
"221",221,"B Backus"
"222",222,"I Oruc"
"223",223,"G Campana"
"224",224,"V Walsh"
"225",225,"C Casco"
"226",226,"A Cowey"
"227",227,"T James"
"228",228,"I Gauthier"
"229",229,"N Knouf"
"230",230,"L Wald"
"231",231,"K Kwong"
"232",232,"T Benner"
"233",233,"B Fischl"
"234",234,"N Kanwisher"
"235",235,"H Beeck"
"236",236,"C Tyler"
"237",237,"L Likova"
"238",238,"A Wade"
"239",239,"F Fang"
"240",240,"S He"
"241",241,"O Lazareva"
"242",242,"M Young"
"243",243,"E Wasserman"
"244",244,"J Peissig"
"245",245,"K Kawasaki"
"246",246,"D Sheinberg"
"247",247,"S Hochstein"
"248",248,"A Barlasov"
"249",249,"O Hershler"
"250",250,"A Nitzan"
"251",251,"S Shneor"
"252",252,"J Christensen"
"253",253,"J Liu"
"254",254,"J Jovicich"
"255",255,"M Mangini"
"256",256,"K Hayworth"
"257",257,"K Johnston"
"258",258,"S Everling"
"259",259,"K Ford"
"260",260,"G Goltz"
"261",261,"M Greenlee"
"262",262,"J Oeyzurt"
"263",263,"I Vallines"
"264",264,"R Rutschmann"
"265",265,"R Hayashi"
"266",266,"R Andersen"
"267",267,"C Simion"
"268",268,"J Watanabe"
"269",269,"A Noritake"
"270",270,"T Maeda"
"271",271,"S Tachi"
"272",272,"S Nishida"
"273",273,"A Norcia"
"274",274,"V Vildavski"
"275",275,"M Pettet"
"276",276,"I Mareschal"
"277",277,"P Bex"
"278",278,"C Benton"
"279",279,"i Curran"
"280",280,"A Huk"
"281",281,"M Shadlen"
"282",282,"M Land"
"283",283,"J Connolly"
"284",284,"J Cant"
"285",285,"D Munoz"
"286",286,"C Erkelens"
"287",287,"D Braun"
"288",288,"L Pracejus"
"289",289,"K Gegenfurtner"
"290",290,"M Lipps"
"291",291,"J Pelz"
"292",292,"S Watamaniuk"
"293",293,"A Velisar"
"294",294,"J Badler"
"295",295,"S Heinen"
"296",296,"G Jacobs"
"297",297,"R Shapley"
"298",298,"R Fleming"
"299",299,"E Adelson"
"300",300,"H Buelthoff"
"301",301,"H Jensen"
"302",302,"C Ripamonti"
"303",303,"M Bloj"
"304",304,"S Greenwald"
"305",305,"H Boyaci"
"306",306,"S Pont"
"307",307,"A Doorn"
"308",308,"Y Li"
"309",309,"L Sharan"
"310",310,"K Köteles"
"311",311,"G Orban"
"312",312,"T Sanocki"
"313",313,"V Maljkovic"
"314",314,"P Martini"
"315",315,"H Farid"
"316",316,"J Brockmole"
"317",317,"J Henderson"
"318",318,"Y Festman"
"319",319,"J Braun"
"320",320,"K Evans"
"321",321,"H Kirchner"
"322",322,"D Kerzel"
"323",323,"S Thorpe"
"324",324,"G Golarai"
"325",325,"D Ghahremani"
"326",326,"J Eberhardt"
"327",327,"G Gabrieli"
"328",328,"M Ng"
"329",329,"V Ciaramitaro"
"330",330,"G Boynton"
"331",331,"G Yovel"
"332",332,"C Schiltz"
"333",333,"R Caldara"
"334",334,"B Sorger"
"335",335,"R Goebel"
"336",336,"E Mayer"
"337",337,"B Rossion"
"338",338,"T Ganel"
"339",339,"K Valyear"
"340",340,"Y Goshen-Gottstein"
"341",341,"G Loffler"
"342",342,"F Wilkinson"
"343",343,"G Yourganov"
"344",344,"D Arnold"
"345",345,"A Johnston"
"346",346,"G Meyer"
"347",347,"F Roehrbein"
"348",348,"S Wuerger"
"349",349,"C Zetzsche"
"350",350,"I Buelthoff"
"351",351,"F Newell"
"352",352,"S Gepshtein"
"353",353,"J Burge"
"354",354,"M Ernst"
"355",355,"G Buracas"
"356",356,"P MacNeilage"
"357",357,"D Berger"
"358",358,"H Greenwald"
"359",359,"D Knill"
"360",360,"P Schrater"
"361",361,"E Flister"
"362",362,"E Schlicht"
"363",363,"C Sloane"
"364",364,"P Fattori"
"365",365,"R Breveglieri"
"366",366,"D Kutz"
"367",367,"N Marzocchi"
"368",368,"C Galletti"
"369",369,"J Saiki"
"370",370,"H Miyatsuji"
"371",371,"S Luck"
"372",372,"W Zhang"
"373",373,"P Wilken"
"374",374,"W Ma"
"375",375,"I Olson"
"376",376,"Y Jiang"
"377",377,"K Sledge"
"378",378,"J Droll"
"379",379,"J Triesch"
"380",380,"A Gorea"
"381",381,"F Waszak"
"382",382,"G Króliczak"
"383",383,"P Heard"
"384",384,"R Gregory"
"385",385,"A Brouwer"
"386",386,"J Smeets"
"387",387,"E Brenner"
"388",388,"N Mennie"
"389",389,"K Gorgos"
"390",390,"J Semrau"
"391",391,"M McBeath"
"392",392,"T Sugar"
"393",393,"Z Wang"
"394",394,"A Li"
"395",395,"Q Zaidi"
"396",396,"F Kingdom"
"397",397,"K Hammamji"
"398",398,"S Rangwala"
"399",399,"A Gilchrist"
"400",400,"B Balas"
"401",401,"M Jameson"
"402",402,"P Sinha"
"403",403,"I Kuriki"
"404",404,"A Berg"
"405",405,"J Beintema"
"406",406,"B Vlaskamp"
"407",407,"I Hooge"
"408",408,"E Loon"
"409",409,"G Woodman"
"410",410,"D Yi"
"411",411,"M Chun"
"412",412,"J Schall"
"413",413,"M Eckstein"
"414",414,"A Caspi"
"415",415,"B Beutter"
"416",416,"B Pham"
"417",417,"S Baldassi"
"418",418,"D Burr"
"419",419,"N Megna"
"420",420,"P Verghese"
"421",421,"A Ma-Wyatt"
"422",422,"M Peterson"
"423",423,"M Beck"
"424",424,"M Vomela"
"425",425,"C Bredfeldt"
"426",426,"B Cumming"
"427",427,"H Nienborg"
"428",428,"H Bridge"
"429",429,"A Parker"
"430",430,"B Rogers"
"431",431,"M Ambler"
"432",432,"E Berends"
"433",433,"B Liu"
"434",434,"H Rose"
"435",435,"H Sedgwick"
"436",436,"B Gillam"
"437",437,"R Shah"
"438",438,"R Rosenholtz"
"439",439,"A Hollingworth"
"440",440,"R Rensink"
"441",441,"R Rauschenberger"
"442",442,"A Lleras"
"443",443,"P Series"
"444",444,"P Latham"
"445",445,"A Pouget"
"446",446,"J Victor"
"447",447,"M Repucci"
"448",448,"F Mechler"
"449",449,"C McAdams"
"450",450,"R Reid"
"451",451,"W Freiwald"
"452",452,"D Tsao"
"453",453,"R Tootell"
"454",454,"M Livingstone"
"455",455,"S Krishna"
"456",456,"Y Kamitani"
"457",457,"A Grieco"
"458",458,"G Fuggetta"
"459",459,"A Leung"
"460",460,"J Fiser"
"461",461,"R Aslin"
"462",462,"Y Ostrovsky"
"463",463,"A Andalman"
"464",464,"L Vaina"
"465",465,"S Soloviev"
"466",466,"F Buonanno"
"467",467,"A Buckthought"
"468",468,"L Stelmach"
"469",469,"S Palmer"
"470",470,"J Read"
"471",471,"P Grove"
"472",472,"K Brooks"
"473",473,"B Anderson"
"474",474,"Y Miyawaki"
"475",475,"T Sugihara"
"476",476,"F Qiu"
"477",477,"R Heydt"
"478",478,"M Large"
"479",479,"A Aldcroft"
"480",480,"A Kuchinad"
"481",481,"T Vilis"
"482",482,"R Houtkamp"
"483",483,"P Roelfsema"
"484",484,"J Brooks"
"485",485,"S Mitroff"
"486",486,"M Nawrot"
"487",487,"M Frankl"
"488",488,"C Stockert"
"489",489,"J Mendola"
"490",490,"S Chan"
"491",491,"A Roy"
"492",492,"I Conner"
"493",493,"T Scwartz"
"494",494,"J Odom"
"495",495,"C Trevethan"
"496",496,"A Sahraie"
"497",497,"L Weiskrantz"
"498",498,"S Bouvier"
"499",499,"S Engel"
"500",500,"L Betts"
"501",501,"S Cropper"
"502",502,"K Chen"
"503",503,"B Sheliga"
"504",504,"E FitzGibbon"
"505",505,"F Miles"
"506",506,"C Anderson"
"507",507,"L Williams"
"508",508,"S Anstis"
"509",509,"D Macleod"
"510",510,"A Cate"
"511",511,"M Behrmann"
"512",512,"M Giese"
"513",513,"R Sigala"
"514",514,"C Wallraven"
"515",515,"D Leopold"
"516",516,"B Duchaine"
"517",517,"E Butterworth"
"518",518,"K Nakayama"
"519",519,"S Fox"
"520",520,"T McKeeff"
"521",521,"S Gilad"
"522",522,"C Westhoff"
"523",523,"N Troje"
"524",524,"A Jacobs"
"525",525,"M Shiffrar"
"526",526,"F Loula"
"527",527,"S Prasad"
"528",528,"S Morgan"
"529",529,"A Casile"
"530",530,"J Solomon"
"531",531,"M Morgan"
"532",532,"M Gur"
"533",533,"I Kagan"
"534",534,"M Snodderly"
"535",535,"N Dhruv"
"536",536,"S Solomon"
"537",537,"J Peirce"
"538",538,"J Kunken"
"539",539,"H Sun"
"540",540,"B Lee"
"541",541,"K Johnson"
"542",542,"A Chouchourelou"
"543",543,"J Pinto"
"544",544,"P McAleer"
"545",545,"B Mazzarino"
"546",546,"G Volpe"
"547",547,"A Camurri"
"548",548,"H Patterson"
"549",549,"F Pollick"
"550",550,"H Jordan"
"551",551,"G Stoner"
"552",552,"H Paterson"
"553",553,"M Kitazaki"
"554",554,"Y Inoue"
"555",555,"E Hiris"
"556",556,"A Krebeck"
"557",557,"J Edmonds"
"558",558,"A Stout"
"559",559,"A Freire"
"560",560,"Q Vuong"
"561",561,"A Hof"
"562",562,"I Thornton"
"563",563,"D Jokisch"
"564",564,"I Daum"
"565",565,"M Hadjigeorgieva"
"566",566,"S Jang"
"567",567,"S Park"
"568",568,"W Jung"
"569",569,"C Chung"
"570",570,"E Grossman"
"571",571,"L Battelli"
"572",572,"A Leone"
"573",573,"C Kim"
"574",574,"W Halfwerk"
"575",575,"E Graf"
"576",576,"K Sobel"
"577",577,"T Raissian"
"578",578,"K White"
"579",579,"W Makous"
"580",580,"D Carmel"
"581",581,"E Freeman"
"582",582,"N Lavie"
"583",583,"J Grossmann"
"584",584,"A Dobbins"
"585",585,"T Shinozaki"
"586",586,"T Takeda"
"587",587,"J Kornmeier"
"588",588,"B Michael"
"589",589,"Z Nadasdy"
"590",590,"M Saenz"
"591",591,"L Liu"
"592",592,"H Gauthier"
"593",593,"J Hal"
"594",594,"B Tjan"
"595",595,"C Lee"
"596",596,"A Motamed"
"597",597,"J Hirsch"
"598",598,"T Egne"
"599",599,"D Khalil"
"600",600,"G Lai"
"601",601,"A Patel"
"602",602,"J Brascamp"
"603",603,"R Ee"
"604",604,"H Morgan"
"605",605,"M Paul"
"606",606,"S Tipper"
"607",607,"H Chao"
"608",608,"Y Yeh"
"609",609,"X Zhou"
"610",610,"H Chu"
"611",611,"Q Chen"
"612",612,"X Li"
"613",613,"J DiMase"
"614",614,"J Junge"
"615",615,"M Ambinder"
"616",616,"D Simons"
"617",617,"A Leber"
"618",618,"D Widders"
"619",619,"H Dean"
"620",620,"M Platt"
"621",621,"S Yeh"
"622",622,"S Lin"
"623",623,"J Lu"
"624",624,"N Program"
"625",625,"L Itti"
"626",626,"Y Xu"
"627",627,"A Seiffert"
"628",628,"J Hyun"
"629",629,"D Bemis"
"630",630,"S Franconeri"
"631",631,"A Marino"
"632",632,"R Kimchi"
"633",633,"A Cohen-Savransky"
"634",634,"L Kontsevich"
"635",635,"B Zhang"
"636",636,"I Maruko"
"637",637,"H Bi"
"638",638,"I Watanabe"
"639",639,"J Zheng"
"640",640,"E Smith"
"641",641,"Y Chino"
"642",642,"B Moore"
"643",643,"H Alitto"
"644",644,"W Usrey"
"645",645,"M Kraus"
"646",646,"A Roe"
"647",647,"D Graham"
"648",648,"D Chandler"
"649",649,"D Field"
"650",650,"C McGill"
"651",651,"B Ersoy"
"652",652,"M Rucci"
"653",653,"I Khaytin"
"654",654,"X Xu"
"655",655,"C Collins"
"656",656,"P Kaskan"
"657",657,"D Shima"
"658",658,"J Kaas"
"659",659,"V Casagrande"
"660",660,"A Harner"
"661",661,"T Watanabe"
"662",662,"S Yen"
"663",663,"J Baker"
"664",664,"J Lachaux"
"665",665,"C Gray"
"666",666,"U Nuding"
"667",667,"K Schil"
"668",668,"M Wu"
"669",669,"K Schneider"
"670",670,"M Richter"
"671",671,"H Bruggeman"
"672",672,"J Rieser"
"673",673,"H Pic"
"674",674,"V Endress"
"675",675,"M Pesavento"
"676",676,"J Schlag"
"677",677,"H Qi"
"678",678,"J Marotta"
"679",679,"G Keith"
"680",680,"J Crawford"
"681",681,"R Rajimehr"
"682",682,"S Mednick"
"683",683,"E Blaser"
"684",684,"L Raymond"
"685",685,"W Adams"
"686",686,"V Ivanchenko"
"687",687,"R Jacobs"
"688",688,"B Doshe"
"689",689,"S Liebe"
"690",690,"J Gold"
"691",691,"T Busey"
"692",692,"B O'Donnell"
"693",693,"J Song"
"694",694,"J Husk"
"695",695,"D Silverman"
"696",696,"L Welch"
"697",697,"B Werner"
"698",698,"N Yamagishi"
"699",699,"A Seitz"
"700",700,"N Goda"
"701",701,"S Sheremata"
"702",702,"M Kawato"
"703",703,"F Gosselin"
"704",704,"N Dupuis-Roy"
"705",705,"Z Hussain"
"706",706,"C Yu"
"707",707,"S Kuac"
"708",708,"J Zhang"
"709",709,"P Garrigan"
"710",710,"P Kellman"
"711",711,"A Petrov"
"712",712,"C Rasche"
"713",713,"M Wenger"
"714",714,"L Griffin"
"715",715,"J Ferwerda"
"716",716,"A Chean"
"717",717,"P Smith"
"718",718,"J Taboada"
"719",719,"A Furuta"
"720",720,"S Nakadomari"
"721",721,"J Krauskopf"
"722",722,"Z Pizlo"
"723",723,"J Allebach"
"724",724,"R Eskew"
"725",725,"Q Wang"
"726",726,"D Richters"
"727",727,"S Khan"
"728",728,"S Pattanaik"
"729",729,"K Neriani"
"730",730,"A Nagy"
"731",731,"A Brewer"
"732",732,"B Wandell"
"733",733,"A Robson"
"734",734,"G Holder"
"735",735,"J Moreland"
"736",736,"J Kulikowski"
"737",737,"A Reeves"
"738",738,"K Amano"
"739",739,"D Foster"
"740",740,"K Doerschner"
"741",741,"I Zemach"
"742",742,"D Teller"
"743",743,"B Goolsby"
"744",744,"X Xian"
"745",745,"Y Yamauchi"
"746",746,"K Uchikawa"
"747",747,"K Yokoi"
"748",748,"J Comerford"
"749",749,"B Bodkin"
"750",750,"F Thorn"
"751",751,"G Malkoc"
"752",752,"B Sheth"
"753",753,"J Granzier"
"754",754,"F Cornelissen"
"755",755,"P Delahunt"
"756",756,"L Spillman"
"757",757,"J Najemnik"
"758",758,"J Perry"
"759",759,"M Neider"
"760",760,"G Zelinsky"
"761",761,"D Levin"
"762",762,"A Torralba"
"763",763,"A Oliva"
"764",764,"M Castelhano"
"765",765,"T Menneer"
"766",766,"D Barrett"
"767",767,"L Phillips"
"768",768,"N Donnelly"
"769",769,"K Cave"
"770",770,"B Drescher"
"771",771,"K Michod"
"772",772,"T Horowitz"
"773",773,"A Belopolsky"
"774",774,"A Kramer"
"775",775,"J Theeuwes"
"776",776,"S Ghorashi"
"777",777,"D Smilek"
"778",778,"V Lollo"
"779",779,"A Logvinenko"
"780",780,"R Robilotto"
"781",781,"M Rudd"
"782",782,"D Popa"
"783",783,"R Lotto"
"784",784,"M Pereverzeva"
"785",785,"K Gunther"
"786",786,"A Shapiro"
"787",787,"M Shear-Heyman"
"788",788,"M Milanak"
"789",789,"J Charles"
"790",790,"A Leaver"
"791",791,"L Belano"
"792",792,"B Blakeslee"
"793",793,"W Pasieka"
"794",794,"M McCourt"
"795",795,"J Schirillo"
"796",796,"J Cooley"
"797",797,"T Barra"
"798",798,"B Gibson"
"799",799,"P Schyns"
"800",800,"K Shapiro"
"801",801,"T Drew"
"802",802,"H Orbach"
"803",803,"M Jackson"
"804",804,"R Henderson"
"805",805,"O Kehemetswe"
"806",806,"M Kunar"
"807",807,"M Nieuwenstein"
"808",808,"D Fougnie"
"809",809,"R Marois"
"810",810,"K Arnell"
"811",811,"K Killman"
"812",812,"D Fijavz"
"813",813,"J Kawahara"
"814",814,"Y Yamada"
"815",815,"S Narasimhan"
"816",816,"S Tripathy"
"817",817,"B Barrett"
"818",818,"B Keane"
"819",819,"Z Pylyshyn"
"820",820,"S Klieger"
"821",821,"N Bullot"
"822",822,"J Droulez"
"823",823,"C Morvan"
"824",824,"J Halberda"
"825",825,"R Birnkrant"
"826",826,"L Tran"
"827",827,"D Fencsik"
"828",828,"A Pastukhov"
"829",829,"M Suganuma"
"830",830,"K Yokosawa"
"831",831,"S Kliege"
"832",832,"J Wolf"
"833",833,"A Black"
"834",834,"L Valdes"
"835",835,"L Hines"
"836",836,"W Neill"
"837",837,"Z Bian"
"838",838,"M Braunstein"
"839",839,"G Andersen"
"840",840,"B Mohler"
"841",841,"P Dassonville"
"842",842,"W Elizabeth"
"843",843,"C Feria"
"844",844,"G Chan"
"845",845,"J Campos"
"846",846,"B Chiong"
"847",847,"L Matin"
"848",848,"W Li"
"849",849,"J Bertz"
"850",850,"L Harris"
"851",851,"M Jenkin"
"852",852,"R Dyde"
"853",853,"H Jenkin"
"854",854,"R Messing"
"855",855,"F Durgin"
"856",856,"A Shavit"
"857",857,"D Semanek"
"858",858,"S Sadr"
"859",859,"M Matsukura"
"860",860,"S Vecera"
"861",861,"M Lages"
"862",862,"A Paul"
"863",863,"A Kristjansson"
"864",864,"J Delvenne"
"865",865,"R Bruyer"
"866",866,"D Morales"
"867",867,"H Pashler"
"868",868,"A Carpenter"
"869",869,"S Thompson-Schill"
"870",870,"A Boduroglu"
"871",871,"P Shah"
"872",872,"K O'Hearn"
"873",873,"B Landau"
"874",874,"S Courtney"
"875",875,"J Hoffman"
"876",876,"J Raymond"
"877",877,"P Lin"
"878",878,"A Kumar"
"879",879,"T Vickery"
"880",880,"F Ono"
"881",881,"W Merigan"
"882",882,"B Gee"
"883",883,"L Thomas"
"884",884,"D Irwin"
"885",885,"T Yoshida"
"886",886,"A Yamaguchi"
"887",887,"T Wak"
"888",888,"S McKee"
"889",889,"C Rachel"
"890",890,"S Ross"
"891",891,"C Hakim"
"892",892,"R Cuijpers"
"893",893,"J Culham"
"894",894,"A Stiglick"
"895",895,"R Coats"
"896",896,"R Sundareswara"
"897",897,"S Wu"
"898",898,"P Trzcinka"
"899",899,"M Aicken"
"900",900,"J Williams"
"901",901,"M Pavlovskaya"
"902",902,"M Greene"
"903",903,"R Russell"
"904",904,"M Nederhouser"
"905",905,"A Johnson"
"906",906,"M Tarr"
"907",907,"Y Cheng"
"908",908,"I Fortin"
"909",909,"É McCabe"
"910",910,"A O'Toole"
"911",911,"J Ayyad"
"912",912,"R Franklin"
"913",913,"S Goswami"
"914",914,"A Wu"
"915",915,"D Roark"
"916",916,"H Abdi"
"917",917,"D Saumier"
"918",918,"M Arguin"
"919",919,"C Michel"
"920",920,"R Robbins"
"921",921,"E McKone"
"922",922,"R Nakata"
"923",923,"Y Osada"
"924",924,"B Khurana"
"925",925,"G Hole"
"926",926,"C Jacques"
"927",927,"M Paque"
"928",928,"B Gooch"
"929",929,"J Lee"
"930",930,"E Reinhard"
"931",931,"C Collin"
"932",932,"C Martin"
"933",933,"X Yue"
"934",934,"C Gaspar"
"935",935,"S Barrett"
"936",936,"P Kalocsai"
"937",937,"N Davidenko"
"938",938,"E Morris"
"939",939,"T Serre"
"940",940,"T Poggio"
"941",941,"C Paras"
"942",942,"D Kaping"
"943",943,"M Webster"
"944",944,"A Chan"
"945",945,"P Downing"
"946",946,"Y Yeshurun"
"947",947,"G Liu"
"948",948,"F Maratos"
"949",949,"S Anderson"
"950",950,"Y Sirotin"
"951",951,"S Steenrod"
"952",952,"R Faludi"
"953",953,"K Ishimatsu"
"954",954,"T Kumada"
"955",955,"R Kaneko"
"956",956,"T Miura"
"957",957,"J McCarley"
"958",958,"J Mounts"
"959",959,"A Hartman"
"960",960,"S Butcher"
"961",961,"E Cameron"
"962",962,"B Bartow"
"963",963,"S Takei"
"964",964,"T Takeuchi"
"965",965,"S Shimozaki"
"966",966,"B Olk"
"967",967,"A Kingstone"
"968",968,"S Pardhan"
"969",969,"K Tiippana"
"970",970,"R Näsänen"
"971",971,"M Bhudia"
"972",972,"L Huang"
"973",973,"C Galera"
"974",974,"A Panagopoulos"
"975",975,"B Conway"
"976",976,"K Sakai"
"977",977,"M Ogiya"
"978",978,"G Francis"
"979",979,"V Nguyen"
"980",980,"I Howard"
"981",981,"R Allison"
"982",982,"M Ishii"
"983",983,"S Watt"
"984",984,"K Akeley"
"985",985,"Y Watanabe"
"986",986,"M Tomita"
"987",987,"K Harasawa"
"988",988,"M Usui"
"989",989,"S Shioiri"
"990",990,"H Yaguchi"
"991",991,"M Luca"
"992",992,"H Tassinari"
"993",993,"K MacKenzie"
"994",994,"L Wilcox"
"995",995,"Y Jin"
"996",996,"J Yoon"
"997",997,"H Li"
"998",998,"T Papathomas"
"999",999,"Z Vidnyánszky"
"1000",1000,"X Zhuang"
"1001",1001,"D Vreven"
"1002",1002,"L Kuhlmann"
"1003",1003,"S Grossberg"
"1004",1004,"H Nefs"
"1005",1005,"H Zhong"
"1006",1006,"A Yazdanbakhsh"
"1007",1007,"F Norman"
"1008",1008,"A Clayton"
"1009",1009,"S Thompson"
"1010",1010,"C Shular"
"1011",1011,"A Marie"
"1012",1012,"A Yonas"
"1013",1013,"T Tsamda"
"1014",1014,"A Alexander"
"1015",1015,"J Mao"
"1016",1016,"C DeBose"
"1017",1017,"Y Liu"
"1018",1018,"J Wede"
"1019",1019,"J Ericson"
"1020",1020,"J Shive"
"1021",1021,"W Schoonveld"
"1022",1022,"T Otte"
"1023",1023,"L Spillmann"
"1024",1024,"A Holcombe"
"1025",1025,"S Mitten"
"1026",1026,"L Kozak"
"1027",1027,"M Castelo-Branco"
"1028",1028,"L O'Kane"
"1029",1029,"M Fry"
"1030",1030,"S Moore"
"1031",1031,"A Bilson"
"1032",1032,"Y Mizokami"
"1033",1033,"K Valois"
"1034",1034,"D Eagleman"
"1035",1035,"N Anderson"
"1036",1036,"K Murphy"
"1037",1037,"D Jones"
"1038",1038,"Y Seok"
"1039",1039,"L Paul"
"1040",1040,"S Philippe"
"1041",1041,"R Meyerson"
"1042",1042,"D Santella"
"1043",1043,"F Moradi"
"1044",1044,"C Stetson"
"1045",1045,"M Wheelock"
"1046",1046,"B Timney"
"1047",1047,"M Ogawa"
"1048",1048,"K Matsubara"
"1049",1049,"D Poggel"
"1050",1050,"B Treutwein"
"1051",1051,"C Calmanti"
"1052",1052,"H Strasburger"
"1053",1053,"L Charles"
"1054",1054,"G Righi"
"1055",1055,"P Dux"
"1056",1056,"I Harris"
"1057",1057,"D Pelli"
"1058",1058,"M Martelli"
"1059",1059,"N Majaj"
"1060",1060,"C He"
"1061",1061,"S Chung"
"1062",1062,"N Schwartz"
"1063",1063,"M Graf"
"1064",1064,"C Dahl"
"1065",1065,"M Erb"
"1066",1066,"W Grodd"
"1067",1067,"K James"
"1068",1068,"M J."
"1069",1069,"D Westwood"
"1070",1070,"N Sherif"
"1071",1071,"D Remus"
"1072",1072,"M Jason"
"1073",1073,"M Levine"
"1074",1074,"J Taylor"
"1075",1075,"W Heindel"
"1076",1076,"E Richards"
"1077",1077,"L Demiglio"
"1078",1078,"J Wagemans"
"1079",1079,"A Chun-Nang"
"1080",1080,"T Curran"
"1081",1081,"B Woroch"
"1082",1082,"A Arditi"
"1083",1083,"R Tyrrell"
"1084",1084,"L Gugerty"
"1085",1085,"T Aten"
"1086",1086,"A Edmonds"
"1087",1087,"D Fiset"
"1088",1088,"C Blais"
"1089",1089,"E McCabe"
"1090",1090,"G Diaz"
"1091",1091,"F Phillips"
"1092",1092,"P Franco"
"1093",1093,"C Talgar"
"1094",1094,"B Caroline"
"1095",1095,"F Daniel"
"1096",1096,"J Pierre"
"1097",1097,"Y Chen"
"1098",1098,"F Florer"
"1099",1099,"V Salvano-Pardieu"
"1100",1100,"A Hermann"
"1101",1101,"B Hansen"
"1102",1102,"E Essock"
"1103",1103,"A Haun"
"1104",1104,"Z Yang"
"1105",1105,"T Ledgeway"
"1106",1106,"E Fine"
"1107",1107,"V Manahilov"
"1108",1108,"J Calvert"
"1109",1109,"W Simpson"
"1110",1110,"D Parker"
"1111",1111,"S Wolfson"
"1112",1112,"N Graham"
"1113",1113,"O Slinin"
"1114",1114,"M Brady"
"1115",1115,"G Legge"
"1116",1116,"D Kersten"
"1117",1117,"I Motoyoshi"
"1118",1118,"N Toyofuku"
"1119",1119,"T Carney"
"1120",1120,"J Nam"
"1121",1121,"Y Morgenstern"
"1122",1122,"J Elder"
"1123",1123,"Y Hou"
"1124",1124,"K Vallam"
"1125",1125,"C Tailby"
"1126",1126,"A Metha"
"1127",1127,"J Larsson"
"1128",1128,"D Heeger"
"1129",1129,"C Olman"
"1130",1130,"K Ugurbil"
"1131",1131,"J Page"
"1132",1132,"J Highsmith"
"1133",1133,"M Crognale"
"1134",1134,"H Allen"
"1135",1135,"W Curran"
"1136",1136,"A Grunewald"
"1137",1137,"A Arens"
"1138",1138,"B Friedrich"
"1139",1139,"Y Nakajima"
"1140",1140,"T Sato"
"1141",1141,"D Nichols"
"1142",1142,"H Hock"
"1143",1143,"D Nguyen-Tri"
"1144",1144,"J Faubert"
"1145",1145,"A Rezec"
"1146",1146,"S Nihida"
"1147",1147,"W Gerbino"
"1148",1148,"N Matthews"
"1149",1149,"J Allen"
"1150",1150,"A Raghunandan"
"1151",1151,"S Stevenson"
"1152",1152,"M Dal"
"1153",1153,"C Sahm"
"1154",1154,"A Schlack"
"1155",1155,"M Meyer"
"1156",1156,"T Shipley"
"1157",1157,"C Eshelman-Haynes"
"1158",1158,"M Maguire"
"1159",1159,"J Brumberg"
"1160",1160,"S Collier"
"1161",1161,"A Cobo-Lewis"
"1162",1162,"N Thibodeau"
"1163",1163,"W Gaetz"
"1164",1164,"D Cheyne"
"1165",1165,"I Murakami"
"1166",1166,"M Wexler"
"1167",1167,"S Heinrich"
"1168",1168,"A Renkl"
"1169",1169,"M Bach"
"1170",1170,"J Wilmer"
"1171",1171,"K Brecher"
"1172",1172,"S Gorlin"
"1173",1173,"E Frechette"
"1174",1174,"M Grivich"
"1175",1175,"R Kalmar"
"1176",1176,"A Litke"
"1177",1177,"D Petrusca"
"1178",1178,"A Sher"
"1179",1179,"E Chichilnisky"
"1180",1180,"H Choi"
"1181",1181,"M Nagai"
"1182",1182,"J Berzhanskaya"
"1183",1183,"H Bedell"
"1184",1184,"L Nguyen"
"1185",1185,"S Patel"
"1186",1186,"W Shim"
"1187",1187,"G Rotman"
"1188",1188,"R Beers"
"1189",1189,"K Maruya"
"1190",1190,"M Baldo"
"1191",1191,"A Cravo"
"1192",1192,"M Chappell"
"1193",1193,"T Hine"
"1194",1194,"C Acworth"
"1195",1195,"D Hardwick"
"1196",1196,"M Ichikawa"
"1197",1197,"Y Masakura"
"1198",1198,"L Fang"
"1199",1199,"B Farell"
"1200",1200,"S Li"
"1201",1201,"Y Petrov"
"1202",1202,"H Lee"
"1203",1203,"K Fukuda"
"1204",1204,"H Kaneko"
"1205",1205,"K Matsumiya"
"1206",1206,"S Hariharan"
"1207",1207,"K Umeda"
"1208",1208,"S Tanabe"
"1209",1209,"I Fujita"
"1210",1210,"S Lee"
"1211",1211,"Z Zhang"
"1212",1212,"R Stone"
"1213",1213,"D Matza-Brown"
"1214",1214,"K Schreiber"
"1215",1215,"P Duke"
"1216",1216,"M Edwards"
"1217",1217,"Y Cao"
"1218",1218,"D Mansfield"
"1219",1219,"U Shahani"
"1220",1220,"D McCulloch"
"1221",1221,"M Holmes"
"1222",1222,"K Soksa"
"1223",1223,"R Gilmore"
"1224",1224,"M Dahlin"
"1225",1225,"O Brosseau-Lachaine"
"1226",1226,"C Casanova"
"1227",1227,"K Soska"
"1228",1228,"H Falkenberg"
"1229",1229,"A Rodriguez-Sanchez"
"1230",1230,"A Enriquez"
"1231",1231,"Y Lin"
"1232",1232,"A Saidpour"
"1233",1233,"A Judd"
"1234",1234,"J Sim"
"1235",1235,"J Cho"
"1236",1236,"A Muhlenen"
"1237",1237,"J Duijnhouwer"
"1238",1238,"H Amiri"
"1239",1239,"M Langer"
"1240",1240,"R Mann"
"1241",1241,"N Bocheva"
"1242",1242,"T Cohn"
"1243",1243,"K Tang"
"1244",1244,"A Wong"
"1245",1245,"R Ni"
"1246",1246,"J Barton"
"1247",1247,"C Oberle"
"1248",1248,"A Snyder"
"1249",1249,"H Fehd"
"1250",1250,"S Kastne"
"1251",1251,"D Lyon"
"1252",1252,"J Sharma"
"1253",1253,"J Schummers"
"1254",1254,"M Sur"
"1255",1255,"J Kerlin"
"1256",1256,"D Royal"
"1257",1257,"G Sáry"
"1258",1258,"E Phelps"
"1259",1259,"B Holmes"
"1260",1260,"M Bendiksby"
"1261",1261,"A Jarman"
"1262",1262,"R Deaner"
"1263",1263,"P Corballis"
"1264",1264,"N Parks"
"1265",1265,"B McElree"
"1266",1266,"P Chen"
"1267",1267,"J Mordkoff"
"1268",1268,"J Gobell"
"1269",1269,"M Milders"
"1270",1270,"M Niedeggen"
"1271",1271,"A Amlani"
"1272",1272,"C Green"
"1273",1273,"D Bavelier"
"1274",1274,"J Harrison"
"1275",1275,"M Panne"
"1276",1276,"J Arrington"
"1277",1277,"D Varakin"
"1278",1278,"C Hsiao"
"1279",1279,"J Li"
"1280",1280,"C Hu"
"1281",1281,"C Ludwig"
"1282",1282,"I Gilchrist"
"1283",1283,"E McSorley"
"1284",1284,"M Smith"
"1285",1285,"S Subramaniam"
"1286",1286,"S Shorter-Jacobi"
"1287",1287,"L Gottlob"
"1288",1288,"R Goldstein"
"1289",1289,"E Peli"
"1290",1290,"S Lerner"
"1291",1291,"G Luo"
"1292",1292,"L Madelain"
"1293",1293,"M Harwood"
"1294",1294,"R Krauzlis"
"1295",1295,"J Wallman"
"1296",1296,"A Khan"
"1297",1297,"S Gopinath"
"1298",1298,"F Visco"
"1299",1299,"C Bellebaum"
"1300",1300,"L Lunenberger"
"1301",1301,"B Koch"
"1302",1302,"M Schwarz"
"1303",1303,"K Hoffmann"
"1304",1304,"M Spering"
"1305",1305,"D Neumann"
"1306",1306,"M Hawken"
"1307",1307,"P Cisarik"
"1308",1308,"S Kasthurirangan"
"1309",1309,"J Mulligan"
"1310",1310,"L Cormack"
"1311",1311,"S Yang"
"1312",1312,"G Simpson"
"1313",1313,"M Dastjerdi"
"1314",1314,"D Dong"
"1315",1315,"T Weyand"
"1316",1316,"B Payne"
"1317",1317,"J Rao"
"1318",1318,"M Rolfs"
"1319",1319,"R Engbert"
"1320",1320,"R Kliegl"
"1321",1321,"K Rosander"
"1322",1322,"C Hofsten"
"1323",1323,"S Shepherd"
"1324",1324,"D Schmitt"
"1325",1325,"G Kennedy"
"1326",1326,"A Cohen"
"1327",1327,"R Shiffrin"
"1328",1328,"F Poirier"
"1329",1329,"E Cohen"
"1330",1330,"M Singh"
"1331",1331,"J Fulvio"
"1332",1332,"A Nishimura"
"1333",1333,"C Habak"
"1334",1334,"M Fukushima"
"1335",1335,"Y Wang"
"1336",1336,"P Kozma"
"1337",1337,"E Wilson"
"1338",1338,"S Artemenkov"
"1339",1339,"J Swettenham"
"1340",1340,"T Holliday"
"1341",1341,"L Stone"
"1342",1342,"N Kenner"
"1343",1343,"E Palmer"
"1344",1344,"H Ogawa"
"1345",1345,"Y Takeda"
"1346",1346,"P Orenbaun"
"1347",1347,"M Sng"
"1348",1348,"J Snyder"
"1349",1349,"T Young"
"1350",1350,"S Amster"
"1351",1351,"C Dickinson"
"1352",1352,"X Chen"
"1353",1353,"M Becker"
"1354",1354,"S Vera"
"1355",1355,"P Monnier"
"1356",1356,"A Vavassis"
"1357",1357,"A Ariga"
"1358",1358,"Z Li"
"1359",1359,"V Navalpakkam"
"1360",1360,"J Rebesco"
"1361",1361,"R Niimi"
"1362",1362,"M Conte"
"1363",1363,"J Winawer"
"1364",1364,"N Witthoft"
"1365",1365,"L Boroditsky"
"1366",1366,"P Fuhr"
"1367",1367,"J Elliott"
"1368",1368,"B Duncan-Wood"
"1369",1369,"K McKibbin"
"1370",1370,"T Kuyk"
"1371",1371,"J Hong"
"1372",1372,"R Kashi"
"1373",1373,"W Sohn"
"1374",1374,"M Watanabe"
"1375",1375,"F Maeda"
"1376",1376,"L Shams"
"1377",1377,"A Violentyev"
"1378",1378,"A Ecker"
"1379",1379,"L Heller"
"1380",1380,"A Saygin"
"1381",1381,"S Wilson"
"1382",1382,"V Sa"
"1383",1383,"G Geiger"
"1384",1384,"C Cattaneo"
"1385",1385,"R Galli"
"1386",1386,"U Pozzoli"
"1387",1387,"M Lorusso"
"1388",1388,"A Facoetti"
"1389",1389,"M Molteni"
"1390",1390,"P Neil"
"1391",1391,"A Chawla"
"1392",1392,"J Bhattacharya"
"1393",1393,"R Sekuler"
"1394",1394,"V Wong"
"1395",1395,"A Jacomuzzi"
"1396",1396,"N Bruno"
"1397",1397,"J Ellenor"
"1398",1398,"U Wolfe"
"1399",1399,"A Bachman"
"1400",1400,"E Pinnow"
"1401",1401,"Y Gu"
"1402",1402,"D Angelaki"
"1403",1403,"G DeAngelis"
"1404",1404,"H Barth"
"1405",1405,"J Lipton"
"1406",1406,"E Spelke"
"1407",1407,"K Reinke"
"1408",1408,"G Schwindt"
"1409",1409,"K O'Craven"
"1410",1410,"E Festa-Martino"
"1411",1411,"C Ebesutani"
"1412",1412,"D Stanley"
"1413",1413,"N Rubin"
"1414",1414,"C Chubb"
"1415",1415,"D Bindman"
"1416",1416,"G Sperlin"
"1417",1417,"C Chen"
"1418",1418,"H Chang"
"1419",1419,"C Liu"
"1420",1420,"H Han"
"1421",1421,"B Roshia"
"1422",1422,"L Hsu"
"1423",1423,"M Mack"
"1424",1424,"M Scheessele"
"1425",1425,"J Corbett"
"1426",1426,"K Lai"
"1427",1427,"B Rokers"
"1428",1428,"A Yuille"
"1429",1429,"E Skow-Grant"
"1430",1430,"C Fanton"
"1431",1431,"R Sussman"
"1432",1432,"E Craft"
"1433",1433,"H Schuetze"
"1434",1434,"E Niebur"
"1435",1435,"J Flombaum"
"1436",1436,"J Singer"
"1437",1437,"R Hass"
"1438",1438,"B Dillenburger"
"1439",1439,"R Walker"
"1440",1440,"P Haggard"
"1441",1441,"F Hamker"
"1442",1442,"M Zirnsak"
"1443",1443,"M Lappe"
"1444",1444,"B Tatler"
"1445",1445,"R Baddeley"
"1446",1446,"T Freeman"
"1447",1447,"G Desbordes"
"1448",1448,"C Myers"
"1449",1449,"W Gray"
"1450",1450,"M Schoelles"
"1451",1451,"J Nelson"
"1452",1452,"G Cottrell"
"1453",1453,"J Movellan"
"1454",1454,"M Sereno"
"1455",1455,"S Prime"
"1456",1456,"M Niemeier"
"1457",1457,"L Renninger"
"1458",1458,"J Malik"
"1459",1459,"P Seufert"
"1460",1460,"M Hoffmann"
"1461",1461,"F Santini"
"1462",1462,"J Watts"
"1463",1463,"L Lovejoy"
"1464",1464,"G Fowler"
"1465",1465,"S Johnson"
"1466",1466,"D Amso"
"1467",1467,"J Slemmer"
"1468",1468,"G Gredebäck"
"1469",1469,"H Grönqvist"
"1470",1470,"P Nyström"
"1471",1471,"A Roggeveen"
"1472",1472,"L Ward"
"1473",1473,"R Allard"
"1474",1474,"M Doucet"
"1475",1475,"G Frédéric"
"1476",1476,"L Maryse"
"1477",1477,"L Franco"
"1478",1478,"A Raghuram"
"1479",1479,"V Lakshminarayanan"
"1480",1480,"S Hahn"
"1481",1481,"A Bertone"
"1482",1482,"A Issa"
"1483",1483,"S Issa"
"1484",1484,"C Granrud"
"1485",1485,"M Granrud"
"1486",1486,"M Silverman"
"1487",1487,"O Tuescher"
"1488",1488,"H Pan"
"1489",1489,"D Zimmerman"
"1490",1490,"X Protopopescu"
"1491",1491,"M Goldstein"
"1492",1492,"E Stern"
"1493",1493,"D Silbersweig"
"1494",1494,"A Holm"
"1495",1495,"J Päällysaho"
"1496",1496,"M Letonsaari"
"1497",1497,"E Sankila"
"1498",1498,"M Sainio"
"1499",1499,"A Simmers"
"1500",1500,"Y Bonneh"
"1501",1501,"R Sireteanu"
"1502",1502,"C Bäumer"
"1503",1503,"C Sarbu"
"1504",1504,"S Tsujimura"
"1505",1505,"A Popple"
"1506",1506,"B Mansouri"
"1507",1507,"T Lawton"
"1508",1508,"J Gnadt"
"1509",1509,"D Carasig"
"1510",1510,"E Ramcharan"
"1511",1511,"M Bookbinder"
"1512",1512,"K Paul"
"1513",1513,"J Neuse"
"1514",1514,"S Madigan"
"1515",1515,"C Ogbonna"
"1516",1516,"M Palomares"
"1517",1517,"H Egeth"
"1518",1518,"R Sheffield"
"1519",1519,"M Rizzo"
"1520",1520,"I Kellison"
"1521",1521,"G Scarlatis"
"1522",1522,"R Greenberg"
"1523",1523,"G Ng"
"1524",1524,"J Judy"
"1525",1525,"H Ojanpää"
"1526",1526,"A Kaukiainen"
"1527",1527,"K Muller"
"1528",1528,"M Mäntyjärvi"
"1529",1529,"H Zwick"
"1530",1530,"J Brown"
"1531",1531,"C DiCarlo"
"1532",1532,"D Lund"
"1533",1533,"B Stuck"
"1534",1534,"R Adams"
"1535",1535,"M Courage"
"1536",1536,"T Mihashi"
"1537",1537,"J Kelly"
"1538",1538,"Y Hirohara"
"1539",1539,"T Kuroda"
"1540",1540,"N Maeda"
"1541",1541,"T Fujikado"
"1542",1542,"L Olzak"
"1543",1543,"S Gabree"
"1544",1544,"P Laurinen"
"1545",1545,"J Xing"
"1546",1546,"Y Zheng"
"1547",1547,"P Gunvant"
"1548",1548,"M Garcia-Perez"
"1549",1549,"R Giorgi"
"1550",1550,"R Woods"
"1551",1551,"T Saarela"
"1552",1552,"P Huang"
"1553",1553,"F Long"
"1554",1554,"G Maehara"
"1555",1555,"K Goryo"
"1556",1556,"J Forte"
"1557",1557,"C Clifford"
"1558",1558,"S Sukumar"
"1559",1559,"S Waugh"
"1560",1560,"S Koyama"
"1561",1561,"J Nanez"
"1562",1562,"A Pascual-Leone"
"1563",1563,"M Ferreira"
"1564",1564,"Y Kim"
"1565",1565,"K Muthu"
"1566",1566,"K Paller"
"1567",1567,"D Kalar"
"1568",1568,"T Wickens"
"1569",1569,"J Hilger"
"1570",1570,"S Chaudhury"
"1571",1571,"L Hao"
"1572",1572,"K Turano"
"1573",1573,"H Pick"
"1574",1574,"S Rushton"
"1575",1575,"M Bradshaw"
"1576",1576,"J Schulte-Pelkum"
"1577",1577,"J Hicks"
"1578",1578,"F Bonato"
"1579",1579,"A Bubka"
"1580",1580,"H Ando"
"1581",1581,"M Sugimoto"
"1582",1582,"M Flanagan"
"1583",1583,"J May"
"1584",1584,"T Dobie"
"1585",1585,"J Owens"
"1586",1586,"W Warren"
"1587",1587,"K Gigone"
"1588",1588,"E Schaffer"
"1589",1589,"D Ballard"
"1590",1590,"N Sprague"
"1591",1591,"A Robinson"
"1592",1592,"C Royden"
"1593",1593,"J Cahill"
"1594",1594,"D Conti"
"1595",1595,"A Chardenon"
"1596",1596,"J Barabas"
"1597",1597,"S O'Leary"
"1598",1598,"L Fox"
"1599",1599,"T Hudson"
"1600",1600,"P DiZio"
"1601",1601,"J Lackner"
"1602",1602,"J Dickson"
"1603",1603,"B Fajen"
"1604",1604,"T Frank"
"1605",1605,"R Isenhower"
"1606",1606,"N Klein"
"1607",1607,"J Addison"
"1608",1608,"W Hanchar"
"1609",1609,"M Devaney"
"1610",1610,"A Mandel"
"1611",1611,"S Palmisano"
"1612",1612,"N Hudson"
"1613",1613,"H Denney"
"1614",1614,"E Olds"
"1615",1615,"A Weber"
"1616",1616,"E Cheries"
"1617",1617,"L Santos"
"1618",1618,"D Melcher"
"1619",1619,"L Montaser"
"1620",1620,"M Bravo"
"1621",1621,"M Tuller"
"1622",1622,"K Tsiappoutas"
"1623",1623,"R Abrams"
"1624",1624,"S Christ"
"1625",1625,"M Fenske"
"1626",1626,"N Westoby"
"1627",1627,"Z Madon"
"1628",1628,"C Velde"
"1629",1629,"J Nardo"
"1630",1630,"J Godfrey"
"1631",1631,"M Grunau"
"1632",1632,"J New"
"1633",1633,"T German"
"1634",1634,"J Rossini"
"1635",1635,"A Bayliss"
"1636",1636,"G Pellegrino"
"1637",1637,"A Frischen"
"1638",1638,"P Bernardis"
"1639",1639,"P Knox"
"1640",1640,"D Grave"
"1641",1641,"M Biegstraaten"
"1642",1642,"R Post"
"1643",1643,"R Welch"
"1644",1644,"K Olson"
"1645",1645,"J Pavlovic-King"
"1646",1646,"B Christensen"
"1647",1647,"V Franz"
"1648",1648,"C Pagano"
"1649",1649,"J Huber"
"1650",1650,"N Stringer"
"1651",1651,"I Davies"
"1652",1652,"R Gray"
"1653",1653,"G Geri"
"1654",1654,"S Akhtar"
"1655",1655,"C Covas"
"1656",1656,"R Nijhawan"
"1657",1657,"J Grinband"
"1658",1658,"V Ferrera"
"1659",1659,"L Livingstone"
"1660",1660,"A Ruppertsberg"
"1661",1661,"M Bertamini"
"1662",1662,"J Martinovic"
"1663",1663,"A Zwicker"
"1664",1664,"D Giaschi"
"1665",1665,"M Del"
"1666",1666,"M Gori"
"1667",1667,"P Velasco-Perez"
"1668",1668,"S Beardsley"
"1669",1669,"R Hetley"
"1670",1670,"F Calabro"
"1671",1671,"B Pinna"
"1672",1672,"C Fantoni"
"1673",1673,"C Pack"
"1674",1674,"R Born"
"1675",1675,"S Menees"
"1676",1676,"J Lowenfeld"
"1677",1677,"L Bukowski"
"1678",1678,"A Huisman"
"1679",1679,"R Watson"
"1680",1680,"L Fei-Fei"
"1681",1681,"A Iyer"
"1682",1682,"P Perona"
"1683",1683,"R Carmi"
"1684",1684,"M Silva"
"1685",1685,"J Groeger"
"1686",1686,"J Davenport"
"1687",1687,"M Potter"
"1688",1688,"C Gottesman"
"1689",1689,"C DiCola"
"1690",1690,"H Intraub"
"1691",1691,"C Wetherhold"
"1692",1692,"S Stoehs"
"1693",1693,"X Wan"
"1694",1694,"V Goffaux"
"1695",1695,"A Mouraux"
"1696",1696,"J Clifford"
"1697",1697,"A Peeper"
"1698",1698,"M Shrestha"
"1699",1699,"C Laloyaux"
"1700",1700,"A Olmos"
"1701",1701,"P Irawan"
"1702",1702,"S Marschner"
"1703",1703,"J Solberg"
"1704",1704,"L Loschky"
"1705",1705,"G Nevarez"
"1706",1706,"K Wootton"
"1707",1707,"J Sharp"
"1708",1708,"E Vessel"
"1709",1709,"M Cohen"
"1710",1710,"R Berman"
"1711",1711,"L Heiser"
"1712",1712,"R Saunders"
"1713",1713,"C Colby"
"1714",1714,"Y Su"
"1715",1715,"T Leng"
"1716",1716,"N Giudice"
"1717",1717,"B Riecke"
"1718",1718,"M Avraamides"
"1719",1719,"M Heyde"
"1720",1720,"P Foo"
"1721",1721,"M Harrison"
"1722",1722,"A Duchon"
"1723",1723,"P Warren"
"1724",1724,"B Stankiewicz"
"1725",1725,"M McCabe"
"1726",1726,"A Cassandra"
"1727",1727,"S Nundy"
"1728",1728,"A Antal"
"1729",1729,"M Simas"
"1730",1730,"M Dinu"
"1731",1731,"N Santos"
"1732",1732,"H Cartaxo"
"1733",1733,"R Nogueira"
"1734",1734,"R Lima"
"1735",1735,"R Silva"
"1736",1736,"A Harris"
"1737",1737,"E Rosen"
"1738",1738,"M Riesenhuber"
"1739",1739,"F Jiang"
"1740",1740,"J Haxby"
"1741",1741,"D Goren"
"1742",1742,"J Swisher"
"1743",1743,"C Brooking"
"1744",1744,"D Somers"
"1745",1745,"R Grand"
"1746",1746,"J Tanaka"
"1747",1747,"C Mondloch"
"1748",1748,"G Pellicori"
"1749",1749,"C Grady"
"1750",1750,"L Reddy"
"1751",1751,"M Honma"
"1752",1752,"L Symons"
"1753",1753,"M Jassal"
"1754",1754,"V Chung"
"1755",1755,"A Kingston"
"1756",1756,"J Bailenson"
"1757",1757,"G Rousselet"
"1758",1758,"J Sadr"
