"","id","label"
"1",1,"C Vullings"
"2",2,"L Madelain"
"3",3,"J Batten"
"4",4,"T Smith"
"5",5,"B Parsons"
"6",6,"D Giomo"
"7",7,"D Bueti"
"8",8,"E Stewart"
"9",9,"A Schütz"
"10",10,"T Nissens"
"11",11,"K Fiehler"
"12",12,"M Ngan"
"13",13,"N Hanning"
"14",14,"H Deubel"
"15",15,"S Kwon"
"16",16,"M Rolfs"
"17",17,"J Mitchell"
"18",18,"A Goettker"
"19",19,"D Braun"
"20",20,"K Gegenfurtner"
"21",21,"J Paul"
"22",22,"R Reeve"
"23",23,"J Forte"
"24",24,"Z Zhao"
"25",25,"N Mostofi"
"26",26,"J Victor"
"27",27,"M Rucci"
"28",28,"S Watamaniuk"
"29",29,"J Badler"
"30",30,"S Heinen"
"31",31,"E Joosten"
"32",32,"T Collins"
"33",33,"S Atputharaj"
"34",34,"D Cappadocia"
"35",35,"J Crawford"
"36",36,"V Bharmauria"
"37",37,"A Sajad"
"38",38,"X Yan"
"39",39,"H Wang"
"40",40,"J Chandra"
"41",41,"A Krügel"
"42",42,"R Engbert"
"43",43,"M Harwood"
"44",44,"A Blangero"
"45",45,"A Grubert"
"46",46,"M Eimer"
"47",47,"J Lewis"
"48",48,"D Sarno"
"49",49,"A Mishler"
"50",50,"A Hess"
"51",51,"C Bohil"
"52",52,"A Kramer"
"53",53,"M Neider"
"54",54,"C Wu"
"55",55,"J Wolfe"
"56",56,"S Upadhyayula"
"57",57,"J Flombaum"
"58",58,"D Tullo"
"59",59,"J Faubert"
"60",60,"A Bertone"
"61",61,"E Roudaia"
"62",62,"M Labrèche"
"63",63,"D Bernardin"
"64",64,"A Khan"
"65",65,"A Ahuja"
"66",66,"D Sheinberg"
"67",67,"R Ringer"
"68",68,"Z Throneburg"
"69",69,"B Belvill"
"70",70,"A Craig"
"71",71,"S Albert"
"72",72,"N Bartel"
"73",73,"A Cook"
"74",74,"L Loschky"
"75",75,"S Choe"
"76",76,"J Moon"
"77",77,"O Kwon"
"78",78,"A Fernandez"
"79",79,"R Denison"
"80",80,"M Carrasco"
"81",81,"I Hochmitz"
"82",82,"M Lauffs"
"83",83,"M Herzog"
"84",84,"Y Yeshurun"
"85",85,"M Landry"
"86",86,"J Castanheira"
"87",87,"A Raz"
"88",88,"L Ramirez"
"89",89,"S Ling"
"90",90,"N Shalev"
"91",91,"A Nobre"
"92",92,"K Solis"
"93",93,"A Loon"
"94",94,"S Los"
"95",95,"C Olivers"
"96",96,"S Yuval-Greenberg"
"97",97,"M Kramer"
"98",98,"D Kravitz"
"99",99,"S Mitroff"
"100",100,"J Bai"
"101",101,"W Warren"
"102",102,"T Wirth"
"103",103,"G Dachner"
"104",104,"B Baxter"
"105",105,"A Kadambi"
"106",106,"H Lu"
"107",107,"A Muryy"
"108",108,"A Glennerster"
"109",109,"H Zhao"
"110",110,"D Straub"
"111",111,"C Rothkopf"
"112",112,"S Savage"
"113",113,"L Zhang"
"114",114,"G Swan"
"115",115,"D Pepo"
"116",116,"A Bowers"
"117",117,"M Shahin"
"118",118,"J Albert"
"119",119,"J Herrmann"
"120",120,"W Sun"
"121",121,"Z Zhu"
"122",122,"J Chen"
"123",123,"G Zhai"
"124",124,"M Landy"
"125",125,"L Li"
"126",126,"J Fan"
"127",127,"R Hawkins"
"128",128,"M Wu"
"129",129,"N Goodman"
"130",130,"E Gaffin-Cahn"
"131",131,"S Locke"
"132",132,"N Hosseinizaveh"
"133",133,"P Mamassian"
"134",134,"a bertana"
"135",135,"R Bergen"
"136",136,"J Jehee"
"137",137,"D Rahnev"
"138",138,"J Bang"
"139",139,"M Shekhar"
"140",140,"D Pascucci"
"141",141,"G Mancuso"
"142",142,"E Santandrea"
"143",143,"C Libera"
"144",144,"G Plomp"
"145",145,"L Chelazzi"
"146",146,"I Large"
"147",147,"J Smeets"
"148",148,"E Brenner"
"149",149,"T Dekker"
"150",150,"N Rungratsameetaweeman"
"151",151,"S Itthipuripat"
"152",152,"A Salazar"
"153",153,"J Serences"
"154",154,"Z Roth"
"155",155,"D Heeger"
"156",156,"E Merriam"
"157",157,"R Heydt"
"158",158,"S Zhu"
"159",159,"F Schmidt"
"160",160,"F Phillips"
"161",161,"R Fleming"
"162",162,"Z Sun"
"163",163,"C Firestone"
"164",164,"B Anderson"
"165",165,"K Tan"
"166",166,"P Marlow"
"167",167,"J Do"
"168",168,"K Eo"
"169",169,"O James"
"170",170,"S Son"
"171",171,"J Lee"
"172",172,"Y Kim"
"173",173,"B Başkurt"
"174",174,"A Clarke"
"175",175,"K Muller"
"176",176,"J Matthis"
"177",177,"K Bonnen"
"178",178,"L Cormack"
"179",179,"M Hayhoe"
"180",180,"K Killebrew"
"181",181,"G Caplovitz"
"182",182,"G Sperling"
"183",183,"P Sun"
"184",184,"C Parise"
"185",185,"M Ernst"
"186",186,"P Kohler"
"187",187,"W Meredith"
"188",188,"A Norcia"
"189",189,"J Perrone"
"190",190,"M Rezk"
"191",191,"S Cattoir"
"192",192,"C Battal"
"193",193,"O Collignon"
"194",194,"J Fulvio"
"195",195,"B Rokers"
"196",196,"X Xie"
"197",197,"L Liu"
"198",198,"C Yu"
"199",199,"z pan"
"200",200,"Y Zhao"
"201",201,"B Dosher"
"202",202,"Z Lu"
"203",203,"N Matthews"
"204",204,"L Welch"
"205",205,"E Festa"
"206",206,"P Banks"
"207",207,"R Gutoskie"
"208",208,"A Sekuler"
"209",209,"P Bennett"
"210",210,"T Jacques"
"211",211,"A Seitz"
"212",212,"A Rosenberg"
"213",213,"A Sunkara"
"214",214,"H Jiang"
"215",215,"T Chang"
"216",216,"B Kim"
"217",217,"K Sabel"
"218",218,"S Jacquot"
"219",219,"A Dinges"
"220",220,"B Travers"
"221",221,"P Kellman"
"222",222,"E Mettler"
"223",223,"C Bufford"
"224",224,"A Barbot"
"225",225,"M Melnick"
"226",226,"M Cavanaugh"
"227",227,"A Das"
"228",228,"K Huxlin"
"229",229,"B Bankson"
"230",230,"E Silson"
"231",231,"M Ward"
"232",232,"R Richardson"
"233",233,"C Baker"
"234",234,"A Ghuman"
"235",235,"M Sliwinska"
"236",236,"D Pitcher"
"237",237,"M Harrison"
"238",238,"L Strother"
"239",239,"Z Zhou"
"240",240,"G Quek"
"241",241,"B Rossion"
"242",242,"J Liu"
"243",243,"C Or"
"244",244,"K Dobs"
"245",245,"L Isik"
"246",246,"D Pantazis"
"247",247,"N Kanwisher"
"248",248,"K Petras"
"249",249,"C Jacobs"
"250",250,"S Oever"
"251",251,"V Goffaux"
"252",252,"D Osher"
"253",253,"J Fuller-Deets"
"254",254,"B Conway"
"255",255,"A Steel"
"256",256,"C Foster"
"257",257,"M Zhao"
"258",258,"A Bartels"
"259",259,"I Bülthoff"
"260",260,"e saad"
"261",261,"J Arizpe"
"262",262,"M Esterman"
"263",263,"J DeGutis"
"264",264,"J Dai"
"265",265,"S Scherf"
"266",266,"G Shyi"
"267",267,"P Cheng"
"268",268,"B Chen"
"269",269,"T Huang"
"270",270,"A Kuo"
"271",271,"Y Lee"
"272",272,"T Roberts"
"273",273,"J Cant"
"274",274,"A Nestor"
"275",275,"L Kliger"
"276",276,"G Yovel"
"277",277,"M Rosenke"
"278",278,"N Davidenko"
"279",279,"K Grill-Spector"
"280",280,"K Weiner"
"281",281,"E Noyes"
"282",282,"Y Colon"
"283",283,"M Hill"
"284",284,"C Parde"
"285",285,"C Castillo"
"286",286,"S Sankaranarayanan"
"287",287,"A O'Toole"
"288",288,"S Hosseini"
"289",289,"F Soto"
"290",290,"I Kotlewska"
"291",291,"M Castello"
"292",292,"A Nowicka"
"293",293,"M Gobbini"
"294",294,"M Meltzer"
"295",295,"A Nair"
"296",296,"J Quinonez"
"297",297,"J Bartlett"
"298",298,"M Ramon"
"299",299,"N Sokhn"
"300",300,"J Lao"
"301",301,"R Caldara"
"302",302,"S Mousavi"
"303",303,"M Chen"
"304",304,"I Oruc"
"305",305,"N Nichiporuk"
"306",306,"K Knoblauch"
"307",307,"C Abbatecola"
"308",308,"S Shevell"
"309",309,"M Malaspina"
"310",310,"R Daini"
"311",311,"J Barton"
"312",312,"J Kaufmann"
"313",313,"S Vogt"
"314",314,"S Schweinberger"
"315",315,"F Damon"
"316",316,"Z Li"
"317",317,"Y Yan"
"318",318,"W Li"
"319",319,"K Guo"
"320",320,"P Quinn"
"321",321,"O Pascalis"
"322",322,"D Méary"
"323",323,"C Blais"
"324",324,"A Estéphan"
"325",325,"M N'Zie"
"326",326,"M Plouffe-Demers"
"327",327,"Y Zhang"
"328",328,"D Sun"
"329",329,"D Fiset"
"330",330,"J Haensel"
"331",331,"M Danvers"
"332",332,"M Ishikawa"
"333",333,"S Itakura"
"334",334,"A Senju"
"335",335,"J Cavazos"
"336",336,"R Srinivasan"
"337",337,"A Martinez"
"338",338,"C Saumure"
"339",339,"S Cormier"
"340",340,"Z Ye"
"341",341,"M Kunz"
"342",342,"M Demers"
"343",343,"J Brascamp"
"344",344,"C Qian"
"345",345,"A Mareschi"
"346",346,"E Gorbunova"
"347",347,"K Kozlov"
"348",348,"L Huszar"
"349",349,"D Huber"
"350",350,"S Recht"
"351",351,"V Gardelle"
"352",352,"J New"
"353",353,"N Kaiser"
"354",354,"M Conci"
"355",355,"Q Nie"
"356",356,"H Müller"
"357",357,"S Chen"
"358",358,"M Erol"
"359",359,"A Mack"
"360",360,"J Clarke"
"361",361,"O Freedman"
"362",362,"M Walker"
"363",363,"C Shikuma"
"364",364,"S Sinnett"
"365",365,"J Eayrs"
"366",366,"N Lavie"
"367",367,"N Roque"
"368",368,"W Boot"
"369",369,"K Clark"
"370",370,"M Maddocks"
"371",371,"C Charbonneau"
"372",372,"H Furumoto-Deshaies"
"373",373,"I Trinczer"
"374",374,"L Shalev"
"375",375,"Z Pounder"
"376",376,"J Jacob"
"377",377,"C Loveday"
"378",378,"T Towell"
"379",379,"J Silvanto"
"380",380,"A Abu-Akel"
"381",381,"J Ramain"
"382",382,"C Mohr"
"383",383,"B Pitchford"
"384",384,"K Arnell"
"385",385,"S Pugh"
"386",386,"T Menneer"
"387",387,"D Taunton"
"388",388,"M Garner"
"389",389,"N Donnelly"
"390",390,"J Wang"
"391",391,"P Antonenko"
"392",392,"E Fieldman"
"393",393,"A Fieldman"
"394",394,"J Zhao"
"395",395,"Y Luo"
"396",396,"B Bio"
"397",397,"T Webb"
"398",398,"M Graziano"
"399",399,"S Shimojo"
"400",400,"Y Lin"
"401",401,"W Liang"
"402",402,"R Sekuler"
"403",403,"Y Sun"
"404",404,"T Hickey"
"405",405,"H Reguly"
"406",406,"M Nagy"
"407",407,"J Fiser"
"408",408,"A Hayashi"
"409",409,"K Yokosawa"
"410",410,"A Sinclair"
"411",411,"A Wickenhauser"
"412",412,"C Wanasundara"
"413",413,"S Prime"
"414",414,"D Alais"
"415",415,"U Folgueiras"
"416",416,"J Leung"
"417",417,"P FNU"
"418",418,"M Park"
"419",419,"C Kim"
"420",420,"H Meyerhoff"
"421",421,"S Suzuki"
"422",422,"M Tsantani"
"423",423,"N Kriegeskorte"
"424",424,"C McGettigan"
"425",425,"L Garrido"
"426",426,"N Perez"
"427",427,"M Kleiman"
"428",428,"E Barenholtz"
"429",429,"M McBeath"
"430",430,"R Krynen"
"431",431,"K Patten"
"432",432,"S Gory"
"433",433,"L Kwakye"
"434",434,"K Hirabayashi"
"435",435,"Z Barnes-Scott"
"436",436,"S Papadakis"
"437",437,"K Konishi"
"438",438,"R Nakashima"
"439",439,"P Samermit"
"440",440,"J Saal"
"441",441,"J Collins"
"442",442,"S Boettcher"
"443",443,"F Ede"
"444",444,"J Borders"
"445",445,"B Noesen"
"446",446,"A Harel"
"447",447,"A Braun"
"448",448,"T Sweeny"
"449",449,"M Epstein"
"450",450,"T Emmanouil"
"451",451,"J Gomez"
"452",452,"M Barnett"
"453",453,"M Graumann"
"454",454,"C Ciuffi"
"455",455,"R Cichy"
"456",456,"L Guo"
"457",457,"A Stafford"
"458",458,"S Courtney"
"459",459,"J Fischer"
"460",460,"D Kaiser"
"461",461,"M Moeskops"
"462",462,"M Manassi"
"463",463,"Y Murai"
"464",464,"D Whitney"
"465",465,"H Beeck"
"466",466,"F Martens"
"467",467,"J Ritchie"
"468",468,"C Smith"
"469",469,"K Federmeier"
"470",470,"K Takahashi"
"471",471,"Y Yotsumoto"
"472",472,"L Wang"
"473",473,"F Baumgartner"
"474",474,"M Hanke"
"475",475,"S Pollmann"
"476",476,"R Wang"
"477",477,"Y Xu"
"478",478,"D Achoui"
"479",479,"A Cleeremans"
"480",480,"A Agrawal"
"481",481,"Hari"
"482",482,"S Arun"
"483",483,"A Lee"
"484",484,"B Armstrong"
"485",485,"S Mansfield"
"486",486,"T West"
"487",487,"Z Dean"
"488",488,"T Shepard"
"489",489,"D Yu"
"490",490,"S Vinci-Booher"
"491",491,"N Sehgal"
"492",492,"K James"
"493",493,"M Boring"
"494",494,"M Richardson"
"495",495,"J Fiez"
"496",496,"A White"
"497",497,"J Palmer"
"498",498,"G Boynton"
"499",499,"Y Xiong"
"500",500,"C Qiao"
"501",501,"G Legge"
"502",502,"E Watson"
"503",503,"E Reierson"
"504",504,"S Takao"
"505",505,"K Watanabe"
"506",506,"A Volfart"
"507",507,"L Maillard"
"508",508,"A Yamanashi"
"509",509,"K Donnelly"
"510",510,"A Brielmann"
"511",511,"D Pelli"
"512",512,"D Addleman"
"513",513,"S Li"
"514",514,"A Bratch"
"515",515,"D Kersten"
"516",516,"J Halberda"
"517",517,"P Scalf"
"518",518,"A Richardson"
"519",519,"S Gayet"
"520",520,"M Peelen"
"521",521,"W Fang"
"522",522,"S Ravizza"
"523",523,"T Liu"
"524",524,"H Lee"
"525",525,"D Yi"
"526",526,"R Remington"
"527",527,"Y Jiang"
"528",528,"R Redden"
"529",529,"A Hurst"
"530",530,"R Klein"
"531",531,"M Petty"
"532",532,"C Moore"
"533",533,"R Rosenholtz"
"534",534,"J Song"
"535",535,"H Sun"
"536",536,"A Zivony"
"537",537,"A Allon"
"538",538,"R Luria"
"539",539,"D Lamy"
"540",540,"G Edwards"
"541",541,"F Contò"
"542",542,"L Bucci"
"543",543,"L Battelli"
"544",544,"S Tkacz-Domb"
"545",545,"D Moorselaar"
"546",546,"H Slagter"
"547",547,"V Vo"
"548",548,"A Wong-Kee-You"
"549",549,"S Adler"
"550",550,"T Thawai"
"551",551,"S Teeravarunyou"
"552",552,"G Woodman"
"553",553,"D Baumeler"
"554",554,"S Born"
"555",555,"D Ayres"
"556",556,"B Haas"
"557",557,"A Iakovidis"
"558",558,"D Schwarzkopf"
"559",559,"G Harrison"
"560",560,"E Shaul"
"561",561,"P Aucoin"
"562",562,"J Poppenk"
"563",563,"D Wilson"
"564",564,"M Hilchey"
"565",565,"M Mills"
"566",566,"J Pratt"
"567",567,"d abeles"
"568",568,"R Amit"
"569",569,"c robertson"
"570",570,"j mentch"
"571",571,"n kanwisher"
"572",572,"T Arango"
"573",573,"P Bex"
"574",574,"N Bergmann"
"575",575,"D Koch"
"576",576,"A Schubö"
"577",577,"S Saltzmann"
"578",578,"K Moen"
"579",579,"L Butler"
"580",580,"J Ramanujam"
"581",581,"A Cohen"
"582",582,"S Greening"
"583",583,"M Beck"
"584",584,"K Malakhova"
"585",585,"E Shelepin"
"586",586,"M Shehata"
"587",587,"S Elnagar"
"588",588,"S Yasunaga"
"589",589,"S Nakauchi"
"590",590,"J Pan"
"591",591,"H Li"
"592",592,"I Naveh"
"593",593,"Y Porat"
"594",594,"E Zohary"
"595",595,"G Senturk"
"596",596,"W Hahn"
"597",597,"H Schütt"
"598",598,"L Rothkegel"
"599",599,"H Trukenbrod"
"600",600,"F Wichmann"
"601",601,"A Montagnini"
"602",602,"A Benini"
"603",603,"M Viva"
"604",604,"K Lowe"
"605",605,"T Reppert"
"606",606,"J Schall"
"607",607,"E Barach"
"608",608,"H Sheridan"
"609",609,"S Agauas"
"610",610,"L Thomas"
"611",611,"K Maturi"
"612",612,"A Kleinsmith"
"613",613,"R Krauzlis"
"614",614,"A Bogadhi"
"615",615,"L Katz"
"616",616,"A Bollimunta"
"617",617,"J Foster"
"618",618,"E Bsales"
"619",619,"E Awh"
"620",620,"T Feldmann-Wüstefeld"
"621",621,"R Reeder"
"622",622,"J Theeuwes"
"623",623,"B Wang"
"624",624,"J Driel"
"625",625,"J Taylor"
"626",626,"M Vaziri-Pashkam"
"627",627,"S Teng"
"628",628,"A Oliva"
"629",629,"T Savage"
"630",630,"I Fine"
"631",631,"F Jiang"
"632",632,"M Nardini"
"633",633,"J Negen"
"634",634,"L Wen"
"635",635,"L Thaler"
"636",636,"S Hofstetter"
"637",637,"W Zuiderbaan"
"638",638,"S Dumoulin"
"639",639,"A Amedi"
"640",640,"E Cesanek"
"641",641,"F Domini"
"642",642,"M Samad"
"643",643,"S Keller"
"644",644,"M Luca"
"645",645,"T Katus"
"646",646,"J Taubert"
"647",647,"S Wardle"
"648",648,"M Flessert"
"649",649,"B Basile"
"650",650,"E Koele"
"651",651,"C James"
"652",652,"E Murray"
"653",653,"L Ungerleider"
"654",654,"F Kamps"
"655",655,"E Morris"
"656",656,"D Dilks"
"657",657,"A Campbell"
"658",658,"J Tanaka"
"659",659,"E Collins"
"660",660,"A Robinson"
"661",661,"M Behrmann"
"662",662,"T Flack"
"663",663,"R Harris"
"664",664,"A Young"
"665",665,"T Andrews"
"666",666,"D Baldauf"
"667",667,"E Vries"
"668",668,"B Prinzmetal"
"669",669,"K Amano"
"670",670,"A Persichetti"
"671",671,"M Castelhano"
"672",672,"S Fernandes"
"673",673,"D Walther"
"674",674,"D Berman"
"675",675,"J Golomb"
"676",676,"T Brandman"
"677",677,"L Welbourne"
"678",678,"B Giesbrecht"
"679",679,"M Eckstein"
"680",680,"B Zhou"
"681",681,"D Bau"
"682",682,"A Torralba"
"683",683,"Z Isherwood"
"684",684,"C Clifford"
"685",685,"M Schira"
"686",686,"B Spehar"
"687",687,"M Gong"
"688",688,"C Mine"
"689",689,"J Saiki"
"690",690,"J Raymond"
"691",691,"K Garner"
"692",692,"M Becker"
"693",693,"E Chantland"
"694",694,"D Rothlein"
"695",695,"A Kim"
"696",696,"H Kim"
"697",697,"N Nanavaty"
"698",698,"V Mathur"
"699",699,"D Dodgson"
"700",700,"M Boylan"
"701",701,"M Kelly"
"702",702,"A Keil"
"703",703,"N Thomas"
"704",704,"E Aniulis"
"705",705,"P Ramesh"
"706",706,"L Kiorpes"
"707",707,"M Grubb"
"708",708,"D Butler"
"709",709,"M Jigo"
"710",710,"J Jia"
"711",711,"F Fang"
"712",712,"H Luo"
"713",713,"M Ryoo"
"714",714,"C Burlingham"
"715",715,"V Störmer"
"716",716,"J McDonald"
"717",717,"S Hillyard"
"718",718,"J Pauszek"
"719",719,"B Gibson"
"720",720,"K Kim"
"721",721,"S Chong"
"722",722,"D Tonin"
"723",723,"R Pawling"
"724",724,"K Leyden"
"725",725,"F Smith"
"726",726,"S Rossit"
"727",727,"J Doyon"
"728",728,"J Clark"
"729",729,"T Surber"
"730",730,"A Hajnal"
"731",731,"A Wang"
"732",732,"M Tarr"
"733",733,"m tymoski"
"734",734,"J Witt"
"735",735,"E Laitin"
"736",736,"M Tymoski"
"737",737,"N Tenhunfeld"
"738",738,"N Fitzgerald"
"739",739,"N Tenhundfeld"
"740",740,"H Wu"
"741",741,"D Holler"
"742",742,"S Fabbri"
"743",743,"J Snow"
"744",744,"M Gomez"
"745",745,"M Webster"
"746",746,"M Amry"
"747",747,"C White"
"748",748,"D McClellan"
"749",749,"D Varakin"
"750",750,"J Touryan"
"751",751,"D Slayback"
"752",752,"A Ries"
"753",753,"C Vater"
"754",754,"A Klostermann"
"755",755,"E Hossner"
"756",756,"N Shelchkova"
"757",757,"M Poletti"
"758",758,"A Meermeier"
"759",759,"M Lappe"
"760",760,"D Koh"
"761",761,"A Bayat"
"762",762,"A Nand"
"763",763,"M Pomplun"
"764",764,"S Jia"
"765",765,"K Meier"
"766",766,"D Giaschi"
"767",767,"M Spering"
"768",768,"A Huckauf"
"769",769,"A Belopolsky"
"770",770,"J Leeuwen"
"771",771,"R Schweitzer"
"772",772,"T Watson"
"773",773,"T Balsdon"
"774",774,"A Park"
"775",775,"A Metha"
"776",776,"P Bedggood"
"777",777,"A Anderson"
"778",778,"X Zhang"
"779",779,"C Hübner"
"780",780,"S Stigchel"
"781",781,"N Stoep"
"782",782,"M Schut"
"783",783,"G Tomou"
"784",784,"L Grzeczkowski"
"785",785,"M Szinte"
"786",786,"A Aizenman"
"787",787,"D Levi"
"788",788,"P Verghese"
"789",789,"S Agaoglu"
"790",790,"A Kosovicheva"
"791",791,"O Hawlader"
"792",792,"S Kim"
"793",793,"R Goldstein"
"794",794,"J Moreland"
"795",795,"J Qian"
"796",796,"S Lei"
"797",797,"K Zhang"
"798",798,"Q Lei"
"799",799,"Q Li"
"800",800,"E Hernandez"
"801",801,"A Wright"
"802",802,"C Tozios"
"803",803,"K Fukuda"
"804",804,"N Broers"
"805",805,"N Busch"
"806",806,"Q Lin"
"807",807,"S Yousif"
"808",808,"B Scholl"
"809",809,"M Chun"
"810",810,"L Goetschalckx"
"811",811,"J Moors"
"812",812,"J Wagemans"
"813",813,"L Heisterberg"
"814",814,"Y Hong"
"815",815,"A Leber"
"816",816,"A Miner"
"817",817,"T Brady"
"818",818,"K Chang"
"819",819,"L Rogers"
"820",820,"T Vickery"
"821",821,"S Park"
"822",822,"M Berryhill"
"823",823,"V Beck"
"824",824,"P Scotti"
"825",825,"L Plater"
"826",826,"N Al-Aidroos"
"827",827,"J Cali"
"828",828,"M Slugocki"
"829",829,"D Badcock"
"830",830,"Y Wong"
"831",831,"J Dickinson"
"832",832,"B Miller"
"833",833,"J Andersen"
"834",834,"C Guan"
"835",835,"J Rivera-Aparicio"
"836",836,"Y Nakashima"
"837",837,"S Kanazawa"
"838",838,"M Yamaguchi"
"839",839,"Y Sugita"
"840",840,"D Perez"
"841",841,"S Cook"
"842",842,"M Peterson"
"843",843,"R Skocypec"
"844",844,"K Kinder"
"845",845,"C Tas"
"846",846,"J Kominsky"
"847",847,"Y Chen"
"848",848,"S Sun"
"849",849,"S Ferber"
"850",850,"Q Wu"
"851",851,"M Simoncelli"
"852",852,"C Xiong"
"853",853,"L Weelden"
"854",854,"S Franconeri"
"855",855,"C McColeman"
"856",856,"J Zosky"
"857",857,"E Thayer"
"858",858,"M Dodd"
"859",859,"B Mahmoudian"
"860",860,"H Dalal"
"861",861,"D Piza"
"862",862,"R Nicolson"
"863",863,"J Martinez-Trujillo"
"864",864,"R Shirai"
"865",865,"H Ogawa"
"866",866,"C Colombatto"
"867",867,"S Lee"
"868",868,"S Jang"
"869",869,"K Lee"
"870",870,"H Choi"
"871",871,"L Trujillo"
"872",872,"E Anderson"
"873",873,"J Langlois"
"874",874,"A Hibble"
"875",875,"P Azzopardi"
"876",876,"D Carragher"
"877",877,"M Nicholls"
"878",878,"E Aguinaldo"
"879",879,"M Mousavi"
"880",880,"J Peissig"
"881",881,"D Rekow"
"882",882,"J Baudouin"
"883",883,"A Leleu"
"884",884,"A Mynick"
"885",885,"K Koldewyn"
"886",886,"F Capozzi"
"887",887,"J Ristic"
"888",888,"Y Hu"
"889",889,"E Morina"
"890",890,"S Izen"
"891",891,"V Ciaramitaro"
"892",892,"N Mahmood"
"893",893,"A Drain"
"894",894,"R Fisk"
"895",895,"C Bukach"
"896",896,"I Blandon-Gitlin"
"897",897,"G Yoon"
"898",898,"A Cideciyan"
"899",899,"M Kwon"
"900",900,"R Rensink"
"901",901,"D Szafir"
"902",902,"NA NA"
"903",903,"C Malla"
"904",904,"K Cullen"
"905",905,"W Bainbridge"
"906",906,"G Kreiman"
"907",907,"N Rust"
"908",908,"M Barense"
"909",909,"N Turk-Browne"
"910",910,"P Cavanagh"
"911",911,"J Bisley"
"912",912,"J Mazer"
"913",913,"F Hamker"
"914",914,"G Aguirre"
"915",915,"C Honey"
"916",916,"A Stigliani"
"917",917,"J Zhou"
"918",918,"Y Semizer"
"919",919,"M Michel"
"920",920,"K Evans"
"921",921,"O Penacchio"
"922",922,"J Harris"
"923",923,"A Jonnalagadda"
"924",924,"A Deza"
"925",925,"P Cox"
"926",926,"T Hayes"
"927",927,"J Henderson"
"928",928,"H Schill"
"929",929,"F Wick"
"930",930,"M Cain"
"931",931,"I Donovan"
"932",932,"N Gekas"
"933",933,"R Yu"
"934",934,"N Haber"
"935",935,"D Mrowca"
"936",936,"L Fei-Fei"
"937",937,"D Yamins"
"938",938,"M Iordan"
"939",939,"V Ritvo"
"940",940,"K Norman"
"941",941,"J Cohen"
"942",942,"S Gross"
"943",943,"J Peterson"
"944",944,"N Thigpen"
"945",945,"A Trongnetrpunya"
"946",946,"J Cibula"
"947",947,"A Gunduz"
"948",948,"F Gruss"
"949",949,"K Bo"
"950",950,"E Opri"
"951",951,"M Ding"
"952",952,"E Ward"
"953",953,"F Lange"
"954",954,"M Elliott"
"955",955,"X Yu"
"956",956,"J Geng"
"957",957,"E Dowd"
"958",958,"J Fahrenfort"
"959",959,"F Yang"
"960",960,"Z Wang"
"961",961,"X Wei"
"962",962,"E Simoncelli"
"963",963,"S Guan"
"964",964,"N Ju"
"965",965,"S Tang"
"966",966,"S Poltoratski"
"967",967,"A Maier"
"968",968,"A Newton"
"969",969,"F Tong"
"970",970,"M Arcaro"
"971",971,"P Schade"
"972",972,"M Livingstone"
"973",973,"A Gouws"
"974",974,"H Brown"
"975",975,"R Woodall"
"976",976,"A Morland"
"977",977,"J Rivest"
"978",978,"D Tang-Wai"
"979",979,"B Bushnell"
"980",980,"N Majaj"
"981",981,"J Movshon"
"982",982,"S Kanjlia"
"983",983,"M Bedny"
"984",984,"A Schielke"
"985",985,"B Krekelberg"
"986",986,"T Espensen-Sturges"
"987",987,"P Burton"
"988",988,"S Sponheim"
"989",989,"C Olman"
"990",990,"C Feitosa-Santana"
"991",991,"L Sanches"
"992",992,"D Bertuzzi"
"993",993,"E Junior"
"994",994,"D Ventura"
"995",995,"B Hadad"
"996",996,"S Schwartz"
"997",997,"O Nizri"
"998",998,"N Harel"
"999",999,"T Kamensek"
"1000",1000,"F Shafai"
"1001",1001,"G Iarocci"
"1002",1002,"A Spiegel"
"1003",1003,"A Haskins"
"1004",1004,"C Robertson"
"1005",1005,"L King"
"1006",1006,"K Fowler"
"1007",1007,"J Drover"
"1008",1008,"R McKay"
"1009",1009,"M Piano"
"1010",1010,"J Preston"
"1011",1011,"B Stansfield"
"1012",1012,"A Simmers"
"1013",1013,"Q Sun"
"1014",1014,"H Zhang"
"1015",1015,"C Sinnott"
"1016",1016,"T Dang"
"1017",1017,"C Papachristos"
"1018",1018,"K Alexis"
"1019",1019,"P MacNeilage"
"1020",1020,"C Schmitt"
"1021",1021,"M Krala"
"1022",1022,"F Bremmer"
"1023",1023,"H Riddell"
"1024",1024,"S Kuai"
"1025",1025,"Z Xu"
"1026",1026,"J Li"
"1027",1027,"D Field"
"1028",1028,"M Kitazaki"
"1029",1029,"S Fujisawa"
"1030",1030,"H Tanimoto"
"1031",1031,"M Sugimoto"
"1032",1032,"M Inami"
"1033",1033,"A Garnett"
"1034",1034,"M Bossard"
"1035",1035,"D Mestre"
"1036",1036,"S Stefani"
"1037",1037,"S Sohn"
"1038",1038,"M Kapadia"
"1039",1039,"J Feldman"
"1040",1040,"P Pantelis"
"1041",1041,"E Hiris"
"1042",1042,"W McLoughlin"
"1043",1043,"G Yang"
"1044",1044,"S Conway"
"1045",1045,"B Keane"
"1046",1046,"Y Peng"
"1047",1047,"D Demmin"
"1048",1048,"S Silverstein"
"1049",1049,"J Burling"
"1050",1050,"R Na"
"1051",1051,"Y Rao"
"1052",1052,"J Pyles"
"1053",1053,"E Grossman"
"1054",1054,"A Marcus"
"1055",1055,"B Buren"
"1056",1056,"H Xu"
"1057",1057,"N Tang"
"1058",1058,"R Shui"
"1059",1059,"M Shen"
"1060",1060,"T Gao"
"1061",1061,"Z Derzsi"
"1062",1062,"R Volcic"
"1063",1063,"P Laflamme"
"1064",1064,"R Whitwell"
"1065",1065,"J Enns"
"1066",1066,"A Godinez"
"1067",1067,"A Kishi"
"1068",1068,"M Hernandez"
"1069",1069,"C Campagnoli"
"1070",1070,"I Camponogara"
"1071",1071,"A Deng"
"1072",1072,"W Yu"
"1073",1073,"Y Liu"
"1074",1074,"X Fu"
"1075",1075,"A Ozana"
"1076",1076,"T Ganel"
"1077",1077,"H Karimpur"
"1078",1078,"S Eftekharifar"
"1079",1079,"N Troje"
"1080",1080,"C Litovsky"
"1081",1081,"Z Ma"
"1082",1082,"M McCloskey"
"1083",1083,"J Velji-Ibrahim"
"1084",1084,"S Monaco"
"1085",1085,"D Nemrodov"
"1086",1086,"M Niemeier"
"1087",1087,"G Malfatti"
"1088",1088,"L Pizzato"
"1089",1089,"L Cattaneo"
"1090",1090,"L Turella"
"1091",1091,"V Khvostov"
"1092",1092,"I Utochkin"
"1093",1093,"S Sangkyu"
"1094",1094,"K Yee-Joon"
"1095",1095,"D Srikanthan"
"1096",1096,"M Sama"
"1097",1097,"S Cain"
"1098",1098,"D Wendell"
"1099",1099,"J Lau"
"1100",1100,"E ZeeAbrahamsen"
"1101",1101,"J Haberman"
"1102",1102,"M Kang"
"1103",1103,"S Suresh"
"1104",1104,"D McDonagh"
"1105",1105,"J Munneke"
"1106",1106,"J Corbett"
"1107",1107,"J Ongchoco"
"1108",1108,"K Sobel"
"1109",1109,"A York"
"1110",1110,"A Puri"
"1111",1111,"D Odic"
"1112",1112,"M Fornaciai"
"1113",1113,"J Park"
"1114",1114,"J Baek"
"1115",1115,"Y Alwis"
"1116",1116,"C Okatan"
"1117",1117,"D Hu"
"1118",1118,"G Liu"
"1119",1119,"L Chen"
"1120",1120,"J Skevik"
"1121",1121,"P Scarfe"
"1122",1122,"G Maiello"
"1123",1123,"V Paulun"
"1124",1124,"L Klein"
"1125",1125,"E Saccone"
"1126",1126,"O Landry"
"1127",1127,"P Chouinard"
"1128",1128,"S Badde"
"1129",1129,"K Navarro"
"1130",1130,"Y Kwak"
"1131",1131,"H Nam"
"1132",1132,"R Adams"
"1133",1133,"M Mercer"
"1134",1134,"J Mercer/Adams"
"1135",1135,"D Wesselink"
"1136",1136,"S Kikkert"
"1137",1137,"H Bridge"
"1138",1138,"T Makin"
"1139",1139,"A Veer"
"1140",1140,"M Longo"
"1141",1141,"A Alsmith"
"1142",1142,"H Wong"
"1143",1143,"H Bülthoff"
"1144",1144,"B Mohler"
"1145",1145,"S Thomasson"
"1146",1146,"C Mikkelsen"
"1147",1147,"A Yazdanbakhsh"
"1148",1148,"S Khaligh-Razavi"
"1149",1149,"S Habibi"
"1150",1150,"E Sadeghi"
"1151",1151,"C Kalafatis"
"1152",1152,"I Asp"
"1153",1153,"D Mendoza-Halliday"
"1154",1154,"S Torres"
"1155",1155,"R Desimone"
"1156",1156,"W Mössing"
"1157",1157,"L Rodriguez"
"1158",1158,"A Nouri"
"1159",1159,"E Ester"
"1160",1160,"D Sutterer"
"1161",1161,"G Diaz"
"1162",1162,"E Vogel"
"1163",1163,"J Burton"
"1164",1164,"J Rajsic"
"1165",1165,"H Lockhart"
"1166",1166,"S Emrich"
"1167",1167,"T Sprague"
"1168",1168,"W Ma"
"1169",1169,"C Curtis"
"1170",1170,"A Noyce"
"1171",1171,"S Tobyne"
"1172",1172,"S Michalka"
"1173",1173,"B Shinn-Cunningham"
"1174",1174,"D Somers"
"1175",1175,"H Song"
"1176",1176,"B Park"
"1177",1177,"H Park"
"1178",1178,"W Shim"
"1179",1179,"K Sreenivasan"
"1180",1180,"A Temudo"
"1181",1181,"V Babushkin"
"1182",1182,"c curtis"
"1183",1183,"w mackey"
"1184",1184,"G Hallenbeck"
"1185",1185,"A Bolaños"
"1186",1186,"S Assecondi"
"1187",1187,"K Shapiro"
"1188",1188,"H Shigemasu"
"1189",1189,"Y Qian"
"1190",1190,"P Zhang"
"1191",1191,"s nasr"
"1192",1192,"R Tootell"
"1193",1193,"R Rideaux"
"1194",1194,"A Welchman"
"1195",1195,"S Lauer"
"1196",1196,"M Nawrot"
"1197",1197,"B Thompson"
"1198",1198,"I Serrano-Pedraza"
"1199",1199,"D Boegaerts"
"1200",1200,"J Read"
"1201",1201,"D Peterzell"
"1202",1202,"K White"
"1203",1203,"F Skidmore"
"1204",1204,"K Heilman"
"1205",1205,"K Ehinger"
"1206",1206,"W Adams"
"1207",1207,"E Graf"
"1208",1208,"J Elder"
"1209",1209,"X Wang"
"1210",1210,"M Lind"
"1211",1211,"G Bingham"
"1212",1212,"T Czuba"
"1213",1213,"J Whritner"
"1214",1214,"A Huk"
"1215",1215,"M Angel"
"1216",1216,"C Abbey"
"1217",1217,"C Oluk"
"1218",1218,"J Burge"
"1219",1219,"W Geisler"
"1220",1220,"L Palmieri"
"1221",1221,"S Henriksen"
"1222",1222,"B Cumming"
"1223",1223,"A Rosenfeld"
"1224",1224,"M Solbach"
"1225",1225,"J Tsotsos"
"1226",1226,"V Willenbockel"
"1227",1227,"S Wiesmann"
"1228",1228,"F Gosselin"
"1229",1229,"M Vo"
"1230",1230,"L Rhodes"
"1231",1231,"M Ríos"
"1232",1232,"J Williams"
"1233",1233,"G Quinones"
"1234",1234,"P Rao"
"1235",1235,"V Miskovic"
"1236",1236,"S Baker"
"1237",1237,"M Moran"
"1238",1238,"R Cheng"
"1239",1239,"M Anderson"
"1240",1240,"T Sanocki"
"1241",1241,"J Defant"
"1242",1242,"G MacKay"
"1243",1243,"D Zipprer"
"1244",1244,"A Shafer-Skelton"
"1245",1245,"M Smith"
"1246",1246,"A Larson"
"1247",1247,"K Payne"
"1248",1248,"L Smart"
"1249",1249,"P Little"
"1250",1250,"S Rigby"
"1251",1251,"L Jakobson"
"1252",1252,"B Stoesz"
"1253",1253,"B Sheth"
"1254",1254,"K Fung"
"1255",1255,"M Ismail"
"1256",1256,"M Baig"
"1257",1257,"E Vessel"
"1258",1258,"A Belfi"
"1259",1259,"I Isik"
"1260",1260,"A Chatterjee"
"1261",1261,"H Leder"
"1262",1262,"G Starr"
"1263",1263,"J Freitas"
"1264",1264,"A Hafri"
"1265",1265,"G Alvarez"
"1266",1266,"L Houck"
"1267",1267,"J Philbeck"
"1268",1268,"S Djouab"
"1269",1269,"S Yeung"
"1270",1270,"A Albonico"
"1271",1271,"S Corrow"
"1272",1272,"O Garrod"
"1273",1273,"T Xu"
"1274",1274,"P Schyns"
"1275",1275,"N Abudarham"
"1276",1276,"L Shkiller"
"1277",1277,"I Buelthoff"
"1278",1278,"E Meschke"
"1279",1279,"C Hacker"
"1280",1280,"I Biederman"
"1281",1281,"A Aniban"
"1282",1282,"K Emery"
"1283",1283,"C Matera"
"1284",1284,"H Pearson"
"1285",1285,"J Gable"
"1286",1286,"B Balas"
"1287",1287,"A Furubacke"
"1288",1288,"I Orc"
"1289",1289,"H Kopalle"
"1290",1290,"B Bridgeman"
"1291",1291,"A Thaler"
"1292",1292,"S Pujades"
"1293",1293,"M Black"
"1294",1294,"B Xu"
"1295",1295,"K Parkington"
"1296",1296,"R Itier"
"1297",1297,"E Pereira"
"1298",1298,"E Birmingham"
"1299",1299,"M Rutherford"
"1300",1300,"M Morrisey"
"1301",1301,"R Hofrichter"
"1302",1302,"M Dorn"
"1303",1303,"A Leib"
"1304",1304,"R Keys"
"1305",1305,"R Murray"
"1306",1306,"L Wöhler"
"1307",1307,"M Magnor"
"1308",1308,"S Hong"
"1309",1309,"L Vinke"
"1310",1310,"G Aguilar"
"1311",1311,"M Maertens"
"1312",1312,"Y CHEANG"
"1313",1313,"D CHANG"
"1314",1314,"D Proklova"
"1315",1315,"J Culham"
"1316",1316,"E Knights"
"1317",1317,"C Mansfield"
"1318",1318,"H Weaver"
"1319",1319,"J Green"
"1320",1320,"J Saada"
"1321",1321,"B Fajen"
"1322",1322,"S Barton"
"1323",1323,"S Steinmetz"
"1324",1324,"E Knelange"
"1325",1325,"J López-Moliner"
"1326",1326,"I Zion"
"1327",1327,"C Schreiber"
"1328",1328,"A McKyton"
"1329",1329,"K Binaee"
"1330",1330,"R Kothari"
"1331",1331,"J Pelz"
"1332",1332,"H Balaban"
"1333",1333,"T Drew"
"1334",1334,"B Peters"
"1335",1335,"B Rahm"
"1336",1336,"J Kaiser"
"1337",1337,"C Bledowski"
"1338",1338,"M Schurgin"
"1339",1339,"C Cunningham"
"1340",1340,"H Egeth"
"1341",1341,"G Kong"
"1342",1342,"D Fougnie"
"1343",1343,"M Panichello"
"1344",1344,"B DePasquale"
"1345",1345,"J Pillow"
"1346",1346,"T Buschman"
"1347",1347,"W Harrison"
"1348",1348,"P Bays"
"1349",1349,"R Strong"
"1350",1350,"C Benitez-Quiroz"
"1351",1351,"C Sofer"
"1352",1352,"D Vilenchik"
"1353",1353,"R Dotsch"
"1354",1354,"G Avidan"
"1355",1355,"S Lasrado"
"1356",1356,"K Tanaka"
"1357",1357,"P Ulrich"
"1358",1358,"R Smith"
"1359",1359,"R Hoggart"
"1360",1360,"C Palmer"
"1361",1361,"K Seymour"
"1362",1362,"Y Otsuka"
"1363",1363,"T Cornelissen"
"1364",1364,"J Sassenhagen"
"1365",1365,"S Idrees"
"1366",1366,"F Franke"
"1367",1367,"Z Hafed"
"1368",1368,"T Münch"
"1369",1369,"S Errington"
"1370",1370,"D Wood"
"1371",1371,"P Ramkumar"
"1372",1372,"J Glaser"
"1373",1373,"P Lawlor"
"1374",1374,"K Körding"
"1375",1375,"M Segraves"
"1376",1376,"J Goold"
"1377",1377,"W Choi"
"1378",1378,"E Duwell"
"1379",1379,"M Wilk"
"1380",1380,"J Mathis"
"1381",1381,"J Carroll"
"1382",1382,"E DeYoe"
"1383",1383,"M Beyeler"
"1384",1384,"D Nanduri"
"1385",1385,"J Weiland"
"1386",1386,"A Rokem"
"1387",1387,"S Salimian"
"1388",1388,"R Wildes"
"1389",1389,"Y Yeh"
"1390",1390,"C Chen"
"1391",1391,"C Tyler"
"1392",1392,"T Schilling"
"1393",1393,"A Leube"
"1394",1394,"A Ohlendorf"
"1395",1395,"S Wahl"
"1396",1396,"M Farahbakhsh"
"1397",1397,"P Jones"
"1398",1398,"S Sebastian"
"1399",1399,"E Kupers"
"1400",1400,"J Winawer"
"1401",1401,"J Lopez"
"1402",1402,"J Rashid"
"1403",1403,"C Chubb"
"1404",1404,"I Motoyoshi"
"1405",1405,"S Kashiwakura"
"1406",1406,"N Benson"
"1407",1407,"K Jamison"
"1408",1408,"A Vu"
"1409",1409,"K Kay"
"1410",1410,"S Nascimento"
"1411",1411,"Y Mizokami"
"1412",1412,"W Nozaki"
"1413",1413,"H Yaguchi"
"1414",1414,"R Pastilha"
"1415",1415,"I Ilic"
"1416",1416,"L Whitehead"
"1417",1417,"K Patel"
"1418",1418,"K Shiromi"
"1419",1419,"H Hiroshi"
"1420",1420,"S Zucker"
"1421",1421,"E Alexander"
"1422",1422,"D Holtmann-Rice"
"1423",1423,"B Kunsberg"
"1424",1424,"M Jogan"
"1425",1425,"J Martin"
"1426",1426,"B Xiao"
"1427",1427,"S Zhao"
"1428",1428,"I Gkioulekas"
"1429",1429,"W Bi"
"1430",1430,"K Bala"
"1431",1431,"H Tamura"
"1432",1432,"K Prokott"
"1433",1433,"M Toscani"
"1434",1434,"D Guarnera"
"1435",1435,"G Guarnera"
"1436",1436,"J Hardeberg"
"1437",1437,"T Saarela"
"1438",1438,"D Buitrago-Piza"
"1439",1439,"C Chan"
"1440",1440,"A Chan"
"1441",1441,"T Lee"
"1442",1442,"J Hsiao"
"1443",1443,"S Conte"
"1444",1444,"R Barry-Anwar"
"1445",1445,"L Scott"
"1446",1446,"X Han"
"1447",1447,"P Chakravarthula"
"1448",1448,"T Trawinski"
"1449",1449,"N Mestry"
"1450",1450,"B Harland"
"1451",1451,"M Pędziwiatr"
"1452",1452,"E Hagen"
"1453",1453,"C Teufel"
"1454",1454,"C Damiano"
"1455",1455,"J Wilder"
"1456",1456,"A Clement"
"1457",1457,"R O'Donnell"
"1458",1458,"J Brockmole"
"1459",1459,"K Akamatsu"
"1460",1460,"Y Miyawaki"
"1461",1461,"A Gibaldi"
"1462",1462,"M Banks"
"1463",1463,"S Luke"
"1464",1464,"B Jafek"
"1465",1465,"V Nicholls"
"1466",1466,"J Wiener"
"1467",1467,"G Jean-Charles"
"1468",1468,"P Lissa"
"1469",1469,"S Miellet"
"1470",1470,"J Mulligan"
"1471",1471,"M Papinutto"
"1472",1472,"D Lalanne"
"1473",1473,"K DeSimone"
"1474",1474,"J Kelly"
"1475",1475,"C Shooner"
"1476",1476,"L Hallum"
"1477",1477,"M Hawken"
"1478",1478,"B Richard"
"1479",1479,"R Sojitra"
"1480",1480,"B Hansen"
"1481",1481,"P Shafto"
"1482",1482,"Q Han"
"1483",1483,"R Le"
"1484",1484,"C Gafni"
"1485",1485,"M Ben-Shachar"
"1486",1486,"B Wandell"
"1487",1487,"K Nomura"
"1488",1488,"S Shima"
"1489",1489,"K Visscher"
"1490",1490,"M Himmelberg"
"1491",1491,"A Wade"
"1492",1492,"S Aghajari"
"1493",1493,"W Broderick"
"1494",1494,"M McManus"
"1495",1495,"L Harris"
"1496",1496,"M Tamaki"
"1497",1497,"A Berard"
"1498",1498,"T Watanabe"
"1499",1499,"Y Sasaki"
"1500",1500,"R Dekel"
"1501",1501,"D Sagi"
"1502",1502,"B Hwang"
"1503",1503,"H Yiltiz"
"1504",1504,"J Herrington"
"1505",1505,"T Maddess"
"1506",1506,"D Coy"
"1507",1507,"C Carle"
"1508",1508,"F Sabeti"
"1509",1509,"M Barbosa"
"1510",1510,"G Lengyel"
"1511",1511,"A Leshinskaya"
"1512",1512,"S Thompson-Schill"
"1513",1513,"S Hansmann-Roth"
"1514",1514,"A Chetverikov"
"1515",1515,"Á Kristjánsson"
"1516",1516,"Y Higuchi"
"1517",1517,"Y Ueda"
"1518",1518,"M Islam"
"1519",1519,"E Saionz"
"1520",1520,"D Tadin"
"1521",1521,"Y Sheynin"
"1522",1522,"S Proulx"
"1523",1523,"R Hess"
"1524",1524,"K Nguyen"
"1525",1525,"G Andersen"
"1526",1526,"Y Wang"
"1527",1527,"M Maniglia"
"1528",1528,"M Biles"
"1529",1529,"I Yadav"
"1530",1530,"B DeSilva"
"1531",1531,"R Liu"
"1532",1532,"E Szkudlarek"
"1533",1533,"E Brannon"
"1534",1534,"A Cherniavskaia"
"1535",1535,"V Karpinskaia"
"1536",1536,"V Lyakhovetskii"
"1537",1537,"C Boomen"
"1538",1538,"S Stuit"
"1539",1539,"C Kemner"
"1540",1540,"s klorfeld"
"1541",1541,"N Censor"
"1542",1542,"E Mavritsaki"
"1543",1543,"S Chua"
"1544",1544,"Z Kourtzi"
"1545",1545,"M Lintern"
"1546",1546,"P Rentzelas"
"1547",1547,"A Robbins"
"1548",1548,"M Hout"
"1549",1549,"C Zhao"
"1550",1550,"J Cho"
"1551",1551,"S Vos"
"1552",1552,"A Lleras"
"1553",1553,"J Xu"
"1554",1554,"S Buetti"
"1555",1555,"L Jingling"
"1556",1556,"O Ferrante"
"1557",1557,"J Kang"
"1558",1558,"T Ghose"
"1559",1559,"A Mathur"
"1560",1560,"R Majumdar"
"1561",1561,"M Nikiforova"
"1562",1562,"S Frank"
"1563",1563,"M Greenlee"
"1564",1564,"P Tse"
"1565",1565,"S Utz"
"1566",1566,"S Weigand"
"1567",1567,"C Carbon"
"1568",1568,"A Muñoz-García"
"1569",1569,"B Liaño"
"1570",1570,"O Choung"
"1571",1571,"H Öğmen"
"1572",1572,"J Ales"
"1573",1573,"S Giovagnoli"
"1574",1574,"R Bolzani"
"1575",1575,"T Pansell"
"1576",1576,"M Benassi"
"1577",1577,"L Cai"
"1578",1578,"B Backus"
"1579",1579,"G Erlikhman"
"1580",1580,"S Gutentag"
"1581",1581,"C Blair"
"1582",1582,"N Dykmans"
"1583",1583,"S Anstis"
"1584",1584,"X He"
"1585",1585,"M Singh"
"1586",1586,"S Rajananda"
"1587",1587,"M Peters"
"1588",1588,"H Lau"
"1589",1589,"B Odegaard"
"1590",1590,"B Jörges"
"1591",1591,"L Slupinski"
"1592",1592,"N Heller"
"1593",1593,"M Schooley"
"1594",1594,"S McDougall"
"1595",1595,"Z He"
"1596",1596,"W Wei"
"1597",1597,"C Han"
"1598",1598,"T Ooi"
"1599",1599,"K Hartstein"
"1600",1600,"C Conwell"
"1601",1601,"M Stein"
"1602",1602,"R Fendrich"
"1603",1603,"U Mattler"
"1604",1604,"F Geweke"
"1605",1605,"C Mo"
"1606",1606,"B Wu"
"1607",1607,"J Cesaro"
"1608",1608,"N Carlisle"
"1609",1609,"T Tanda"
"1610",1610,"J Kawahara"
"1611",1611,"G Huffman"
"1612",1612,"G Liang"
"1613",1613,"M Scolari"
"1614",1614,"A Yakovlev"
"1615",1615,"G Zelinsky"
"1616",1616,"P Kok"
"1617",1617,"L Rait"
"1618",1618,"N DeWind"
"1619",1619,"M Woldorff"
"1620",1620,"O Cha"
"1621",1621,"A Barnas"
"1622",1622,"A Greenberg"
"1623",1623,"K Walter"
"1624",1624,"G Wade"
"1625",1625,"G Remboldt"
"1626",1626,"R Neal"
"1627",1627,"O Krieger"
"1628",1628,"A Theodorou"
"1629",1629,"J Bengson"
"1630",1630,"C Nothelfer"
"1631",1631,"N Lee"
"1632",1632,"J Nah"
"1633",1633,"S Shomstein"
"1634",1634,"R Booy"
"1635",1635,"T Spalek"
"1636",1636,"K Jaworska"
"1637",1637,"N Rijsbergen"
"1638",1638,"A Alink"
"1639",1639,"I Charest"
"1640",1640,"S Cropper"
"1641",1641,"A Kendrick"
"1642",1642,"P Goodbourn"
"1643",1643,"A Bruno"
"1644",1644,"A Johnston"
"1645",1645,"M Arguin"
"1646",1646,"M Menceloglu"
"1647",1647,"M Grabowecky"
"1648",1648,"K Schafer"
"1649",1649,"R Iizuka"
"1650",1650,"L Hugrass"
"1651",1651,"D Crewther"
"1652",1652,"V Vencato"
"1653",1653,"S Arranz-Paraiso"
"1654",1654,"g bae"
"1655",1655,"S Luck"
"1656",1656,"F Ambrosini"
"1657",1657,"R Raggini"
"1658",1658,"P Sant'Angelo"
"1659",1659,"G Paoli"
"1660",1660,"C Ravani"
"1661",1661,"G Piraccini"
"1662",1662,"B Chin"
"1663",1663,"V Volbrecht"
"1664",1664,"X Gong"
"1665",1665,"H Jeon"
"1666",1666,"Y Yun"
"1667",1667,"t kolodny"
"1668",1668,"R Millin"
"1669",1669,"M Schallmo"
"1670",1670,"A Kale"
"1671",1671,"R Bernier"
"1672",1672,"S Murray"
"1673",1673,"k pour"
"1674",1674,"L Perrinet"
"1675",1675,"G Masson"
"1676",1676,"H Nakada"
"1677",1677,"I Murakami"
"1678",1678,"L Noejovich"
"1679",1679,"G Chakalos"
"1680",1680,"L Jones"
"1681",1681,"C Rowe"
"1682",1682,"C Rind"
"1683",1683,"V Nityananda"
"1684",1684,"G Tarawneh"
"1685",1685,"L Shain"
"1686",1686,"J Norman"
"1687",1687,"B Sheliga"
"1688",1688,"C Quaia"
"1689",1689,"E FitzGibbon"
"1690",1690,"J Suchow"
"1691",1691,"T Griffiths"
"1692",1692,"V Blanz"
"1693",1693,"Y Tsank"
"1694",1694,"R Russell"
"1695",1695,"C Batres"
"1696",1696,"A Jones"
"1697",1697,"A Porcheron"
"1698",1698,"T Retter"
"1699",1699,"H Jin"
"1700",1700,"P Corballis"
"1701",1701,"M Oxner"
"1702",1702,"W Hayward"
"1703",1703,"A Finch"
"1704",1704,"M Alonso"
"1705",1705,"G Love"
"1706",1706,"T Lian"
"1707",1707,"K MacKenzie"
"1708",1708,"J Vanston"
"1709",1709,"K Tregillus"
"1710",1710,"M Crognale"
"1711",1711,"A Rider"
"1712",1712,"B Henning"
"1713",1713,"R Eskew"
"1714",1714,"A Stockman"
"1715",1715,"E Goddard"
"1716",1716,"K Mullen"
"1717",1717,"T Christophel"
"1718",1718,"C Yan"
"1719",1719,"L Stopak"
"1720",1720,"S Hetzer"
"1721",1721,"J Haynes"
"1722",1722,"I Vries"
"1723",1723,"K Adam"
"1724",1724,"P Lim"
"1725",1725,"M Johnson"
"1726",1726,"C Mullin"
"1727",1727,"Y Mohsenzadeh"
"1728",1728,"R Rademaker"
"1729",1729,"C Chunharas"
"1730",1730,"W Xie"
"1731",1731,"M Cappiello"
"1732",1732,"M Yassa"
"1733",1733,"G Deshpande"
"1734",1734,"W Zhang"
"1735",1735,"M Kümmerer"
"1736",1736,"T Wallis"
"1737",1737,"M Bethge"
"1738",1738,"J Intoy"
"1739",1739,"N Bowers"
"1740",1740,"M Lisi"
"1741",1741,"J Solomon"
"1742",1742,"M Morgan"
"1743",1743,"K Arkesteijn"
"1744",1744,"M Donk"
"1745",1745,"Z Yang"
"1746",1746,"R Bailey"
"1747",1747,"C Kanan"
"1748",1748,"L Mudrik"
"1749",1749,"A Truman"
"1750",1750,"R Amram"
"1751",1751,"I Schuetz"
"1752",1752,"W Einhäuser"
"1753",1753,"A Nuthmann"
"1754",1754,"T Lauer"
"1755",1755,"J Kunz"
"1756",1756,"S Spotorno"
"1757",1757,"D Draschkow"
"1758",1758,"B Wolfe"
"1759",1759,"L Man"
"1760",1760,"W Tate"
"1761",1761,"R Taylor"
"1762",1762,"M Sereno"
"1763",1763,"A Bies"
"1764",1764,"E Koch"
"1765",1765,"F Baig"
"1766",1766,"Q Zaidi"
"1767",1767,"A Giacco"
"1768",1768,"V Zachariou"
"1769",1769,"X Yue"
"1770",1770,"L Bugatus"
"1771",1771,"A Carr"
"1772",1772,"A Cataldo"
"1773",1773,"H Hadley"
"1774",1774,"E Arnold"
"1775",1775,"T Curran"
"1776",1776,"M Chin"
"1777",1777,"A Dickter"
"1778",1778,"M Hebart"
"1779",1779,"A Kidder"
"1780",1780,"W Kwok"
"1781",1781,"C Flowers"
"1782",1782,"S Hagen"
"1783",1783,"C Zheng"
"1784",1784,"S Hedayati"
"1785",1785,"B Wyble"
"1786",1786,"Y Jung"
"1787",1787,"A Finn"
"1788",1788,"B Long"
"1789",1789,"M Frank"
"1790",1790,"Y Meng"
"1791",1791,"J Folstein"
"1792",1792,"S Nag"
"1793",1793,"p patel"
"1794",1794,"a zlatkin"
"1795",1795,"a wismer"
"1796",1796,"c bohil"
"1797",1797,"K Aghi"
"1798",1798,"A Ku"
"1799",1799,"B Roads"
"1800",1800,"M Mozer"
"1801",1801,"Y Holzinger"
"1802",1802,"S Ullman"
"1803",1803,"S Engel"
"1804",1804,"T Chaisilprungraung"
"1805",1805,"R Cowell"
"1806",1806,"P Sadil"
"1807",1807,"K Potter"
"1808",1808,"O Flynn"
"1809",1809,"B Jeffrey"
"1810",1810,"R Green"
"1811",1811,"E Dickinson"
"1812",1812,"J Koushik"
"1813",1813,"A Singh"
"1814",1814,"D Linsley"
"1815",1815,"D Shiebler"
"1816",1816,"S Eberhardt"
"1817",1817,"A Karagounis"
"1818",1818,"T Serre"
"1819",1819,"M Morita"
"1820",1820,"T Sato"
"1821",1821,"R Pramod"
"1822",1822,"R Woods"
"1823",1823,"S Jellison"
"1824",1824,"S Lammers"
"1825",1825,"N Destler"
"1826",1826,"A Flachot"
"1827",1827,"I Fruend"
"1828",1828,"M Lescroart"
"1829",1829,"D Fouhey"
"1830",1830,"J Malik"
"1831",1831,"C Magri"
"1832",1832,"A Marantan"
"1833",1833,"L Mahadevan"
"1834",1834,"T Konkle"
"1835",1835,"S Nishida"
"1836",1836,"S Nishimoto"
"1837",1837,"B Buaron"
"1838",1838,"D Reznik"
"1839",1839,"R Gilron"
"1840",1840,"R Mukamel"
"1841",1841,"E Avery"
"1842",1842,"N Hindy"
"1843",1843,"P Fattori"
"1844",1844,"R Breveglieri"
"1845",1845,"A Bosco"
"1846",1846,"C Galletti"
"1847",1847,"L Tarhan"
"1848",1848,"G Amos"
"1849",1849,"M Adestani"
"1850",1850,"N Saini"
"1851",1851,"M Giese"
"1852",1852,"R Maimon-Mor"
"1853",1853,"H Johansen-Berg"
"1854",1854,"L Appelbaum"
"1855",1855,"J Clements"
"1856",1856,"E Kirsch"
"1857",1857,"H Rao"
"1858",1858,"N Potter"
"1859",1859,"R Kopper"
"1860",1860,"M Sommer"
"1861",1861,"F Marini"
"1862",1862,"K Breeding"
"1863",1863,"K Kar"
"1864",1864,"J Duijnhouwer"
"1865",1865,"P Polack"
"1866",1866,"M Goodale"
"1867",1867,"S Mattioni"
"1868",1868,"R Bottini"
"1869",1869,"G Bertonati"
"1870",1870,"V Occelli"
"1871",1871,"S Targher"
"1872",1872,"S Simon-Dack"
"1873",1873,"B Kraus"
"1874",1874,"Z Walter"
"1875",1875,"C Cadle"
"1876",1876,"S Smith"
"1877",1877,"J Walbrin"
"1878",1878,"M Compton"
"1879",1879,"E O'Neil"
"1880",1880,"M Weaver"
"1881",1881,"S Gaal"
"1882",1882,"S Keshvari"
"1883",1883,"E Slezak"
"1884",1884,"A Coia"
"1885",1885,"C Wright"
"1886",1886,"L Lin"
"1887",1887,"P Moors"
"1888",1888,"T Costa"
"1889",1889,"J Skerswetat"
"1890",1890,"M Formankiewicz"
"1891",1891,"S Waugh"
"1892",1892,"N Latif"
"1893",1893,"T Vestner"
"1894",1894,"S Tipper"
"1895",1895,"T Hartley"
"1896",1896,"H Over"
"1897",1897,"S Rueschemeyer"
"1898",1898,"P Sztybel"
"1899",1899,"M Wenger"
"1900",1900,"K Smith"
"1901",1901,"R Abrams"
"1902",1902,"C Lega"
"1903",1903,"Y Li"
"1904",1904,"H Liesefeld"
"1905",1905,"A Liesefeld"
"1906",1906,"J Ang"
"1907",1907,"G Maus"
"1908",1908,"B Won"
"1909",1909,"M Dieciuc"
"1910",1910,"H Weichselbaum"
"1911",1911,"U Ansorge"
"1912",1912,"T Plewan"
"1913",1913,"G Rinkenauer"
"1914",1914,"J Schönhammer"
"1915",1915,"S Becker"
"1916",1916,"D Kerzel"
"1917",1917,"T Schoeberl"
"1918",1918,"F Goller"
"1919",1919,"D Ernst"
"1920",1920,"G Horstmann"
"1921",1921,"D Baier"
"1922",1922,"K Jung"
"1923",1923,"S Han"
"1924",1924,"Y Min"
"1925",1925,"K Moore"
"1926",1926,"J Jasina"
"1927",1927,"A Kershner"
"1928",1928,"A Ransome"
"1929",1929,"C Judd"
"1930",1930,"N Gaspelin"
"1931",1931,"J Gaspar"
"1932",1932,"R Mallett"
"1933",1933,"J Lewis-Peacock"
"1934",1934,"J Ha"
"1935",1935,"R Williams"
"1936",1936,"R Newman"
"1937",1937,"S Chang"
"1938",1938,"S Choi"
"1939",1939,"J Moher"
"1940",1940,"C Erb"
"1941",1941,"S Marcovitch"
"1942",1942,"C Salahub"
"1943",1943,"B Dube"
"1944",1944,"C Ceja"
"1945",1945,"N Gronau"
"1946",1946,"H Benoni"
"1947",1947,"A Izoutcheev"
"1948",1948,"V Caro"
"1949",1949,"G Hanson"
"1950",1950,"S Leib"
"1951",1951,"K Xin"
"1952",1952,"J Dell"
"1953",1953,"M Cloutier"
"1954",1954,"H Crews"
"1955",1955,"B Suite"
"1956",1956,"A Veramendi"
"1957",1957,"J O'Brien"
"1958",1958,"B Tomm"
"1959",1959,"A Gearhart"
"1960",1960,"B Wahn"
"1961",1961,"B Angelone"
"1962",1962,"M Brown"
"1963",1963,"E Diana"
"1964",1964,"T Zhang"
"1965",1965,"H Chow"
"1966",1966,"A Riley-Shepard"
"1967",1967,"J Saunders"
"1968",1968,"Z Chen"
"1969",1969,"K Edwards"
"1970",1970,"A Kikumoto"
"1971",1971,"S Lazarides"
"1972",1972,"D Tiron"
"1973",1973,"M Langer"
"1974",1974,"M Ohara"
"1975",1975,"J Kim"
"1976",1976,"K Koida"
"1977",1977,"R Casati"
"1978",1978,"O Fujiya"
"1979",1979,"T Yoshizawa"
"1980",1980,"T Kusano"
"1981",1981,"S Saida"
"1982",1982,"A Farkas"
"1983",1983,"T Papathomas"
"1984",1984,"T Grace"
"1985",1985,"N Bruno"
"1986",1986,"M Ji"
"1987",1987,"R Hughes"
"1988",1988,"P Hibbard"
"1989",1989,"L Dam"
"1990",1990,"S Cholewiak"
"1991",1991,"U Keezing"
"1992",1992,"F Durgin"
"1993",1993,"t rousset"
"1994",1994,"c bourdin"
"1995",1995,"j vercher"
"1996",1996,"E Gootjes-Dreesbach"
"1997",1997,"O Cherry"
"1998",1998,"M Jordan"
"1999",1999,"Y Hart"
"2000",2000,"M Dillon"
"2001",2001,"E Fourquet"
"2002",2002,"J Zhang"
"2003",2003,"X Yang"
"2004",2004,"B Hartle"
"2005",2005,"M Cutone"
"2006",2006,"L Wilcox"
"2007",2007,"C Dowell"
"2008",2008,"A Higginbotham"
"2009",2009,"N Fedorka"
"2010",2010,"H Norman"
"2011",2011,"R Micheletto"
"2012",2012,"T Nagahama"
"2013",2013,"M Wagner"
"2014",2014,"R Hershman"
"2015",2015,"Henik"
"2016",2016,"C Kaspiris-Rousellis"
"2017",2017,"A Simmons"
"2018",2018,"M Kinateder"
"2019",2019,"E Cooper"
"2020",2020,"D Rosen"
"2021",2021,"R Hornsey"
"2022",2022,"H Gorodissky"
"2023",2023,"D Harari"
"2024",2024,"G Kim"
"2025",2025,"A Sitek"
"2026",2026,"T Horowitz"
"2027",2027,"T Ngo"
"2028",2028,"B Manjunath"
"2029",2029,"C Jones"
"2030",2030,"L Williams"
"2031",2031,"N Kleene"
"2032",2032,"G Ng"
"2033",2033,"C Callahan-Flintoft"
"2034",2034,"G Campana"
"2035",2035,"M Li"
"2036",2036,"I Wiegand"
"2037",2037,"A Kristjansson"
"2038",2038,"I Thornton"
"2039",2039,"T Kristjansson"
"2040",2040,"R Zhang"
"2041",2041,"Z Liu"
"2042",2042,"D Ballard"
"2043",2043,"A Reynaud"
"2044",2044,"S Roux"
"2045",2045,"S Chemla"
"2046",2046,"F Chavane"
"2047",2047,"D Tso"
"2048",2048,"R Miller"
"2049",2049,"M Begum"
"2050",2050,"N Kogo"
"2051",2051,"F Kern"
"2052",2052,"T Nowotny"
"2053",2053,"R Ee"
"2054",2054,"R Wezel"
"2055",2055,"T Aihara"
"2056",2056,"F Kingdom"
"2057",2057,"B Jennings"
"2058",2058,"M Georgeson"
"2059",2059,"C Pons"
"2060",2060,"R Mazade"
"2061",2061,"J Jin"
"2062",2062,"M Dul"
"2063",2063,"J Alonso"
"2064",2064,"S Ghahghaei"
"2065",2065,"C Manning"
"2066",2066,"G Scerif"
"2067",2067,"V Natu"
"2068",2068,"B Jeska"
"2069",2069,"Z Zhen"
"2070",2070,"E Kirilina"
"2071",2071,"C Jaeger"
"2072",2072,"S Cox"
"2073",2073,"N Weiskopf"
"2074",2074,"L Likova"
"2075",2075,"M Joshi"
"2076",2076,"S Jeon"
"2077",2077,"S Gori"
"2078",2078,"S Bertoni"
"2079",2079,"S Franceschini"
"2080",2080,"L Ronconi"
"2081",2081,"A Facoetti"
"2082",2082,"J Atkinson"
"2083",2083,"F Corbett"
"2084",2084,"E Fazzi"
"2085",2085,"S Micheletti"
"2086",2086,"J Galli"
"2087",2087,"P Mattei"
"2088",2088,"D Ricci"
"2089",2089,"G Coratti"
"2090",2090,"M Mallardi"
"2091",2091,"M Andrew"
"2092",2092,"P Sullivan"
"2093",2093,"J Parr"
"2094",2094,"C Montague-Johnson"
"2095",2095,"O Braddick"
"2096",2096,"W Park"
"2097",2097,"K Schauder"
"2098",2098,"L Bennetto"
"2099",2099,"T Kolodny"
"2100",2100,"M Grotheer"
"2101",2101,"s bracci"
"2102",2102,"I Kalfas"
"2103",2103,"M G'Sell"
"2104",2104,"J Vadlamudi"
"2105",2105,"M Yetter"
"2106",2106,"M Eldridge"
"2107",2107,"G Mammarella"
"2108",2108,"Y Morgenstern"
"2109",2109,"K Baker"
"2110",2110,"C Mondloch"
"2111",2111,"A Hashemi"
"2112",2112,"M Pachai"
"2113",2113,"P Phillips"
"2114",2114,"R Heyer"
"2115",2115,"D Michalski"
"2116",2116,"H Chan"
"2117",2117,"T Li"
"2118",2118,"G Picci"
"2119",2119,"L Bayet"
"2120",2120,"A Saville"
"2121",2121,"S Chien"
"2122",2122,"S Yang"
"2123",2123,"E Hsiung"
"2124",2124,"M Kobayashi"
"2125",2125,"V Foglia"
"2126",2126,"J Walsh"
"2127",2127,"A Mienaltowski"
"2128",2128,"B Groh"
"2129",2129,"D Secula"
"2130",2130,"A Rinne"
"2131",2131,"C Rogers"
"2132",2132,"S King"
"2133",2133,"A Minton"
"2134",2134,"A Gilliam"
"2135",2135,"J Murphy"
"2136",2136,"H Geary"
"2137",2137,"E Millgate"
"2138",2138,"C Catmur"
"2139",2139,"G Bird"
"2140",2140,"M Chinkers"
"2141",2141,"H Heisler"
"2142",2142,"G Glide"
"2143",2143,"H Im"
"2144",2144,"C Cushing"
"2145",2145,"J Boshyan"
"2146",2146,"N Ward"
"2147",2147,"K Kveraga"
"2148",2148,"S Creighton"
"2149",2149,"C Matthews"
"2150",2150,"S Kaneko"
"2151",2151,"I Kuriki"
"2152",2152,"S Andersen"
"2153",2153,"B Molz"
"2154",2154,"R Lowndes"
"2155",2155,"H Baseler"
"2156",2156,"H Taylor"
"2157",2157,"A Puckett"
"2158",2158,"Y Gao"
"2159",2159,"R Hale"
"2160",2160,"J Brown"
"2161",2161,"C Paz-Filgueira"
"2162",2162,"S Elliot"
"2163",2163,"M Tan"
"2164",2164,"D Cao"
"2165",2165,"M Fernandez-Alonso"
"2166",2166,"J He"
"2167",2167,"Y Cruz"
"2168",2168,"L Hedjar"
"2169",2169,"A Shapiro"
"2170",2170,"J Linhares"
"2171",2171,"C Montagner"
"2172",2172,"A Bailão"
"2173",2173,"N Okada"
"2174",2174,"K Maruchi"
"2175",2175,"T Kondo"
"2176",2176,"J Ferwerda"
"2177",2177,"A Henik"
"2178",2178,"N Cohen"
"2179",2179,"Z Jin"
"2180",2180,"X Ni"
"2181",2181,"E Kowler"
"2182",2182,"C Shea"
"2183",2183,"D Bullock"
"2184",2184,"J Mayo"
"2185",2185,"S Lisberger"
"2186",2186,"M Keshtkar"
"2187",2187,"S Nishina"
"2188",2188,"J Fooken"
"2189",2189,"C Fromm"
"2190",2190,"J Damasse"
"2191",2191,"G Mann"
"2192",2192,"M McKeown"
"2193",2193,"M Anna"
"2194",2194,"W Lau"
"2195",2195,"I Charbonneau"
"2196",2196,"J Guérette"
"2197",2197,"J Lu"
"2198",2198,"M Nakajima"
"2199",2199,"K Okajima"
"2200",2200,"S McCrackin"
"2201",2201,"R Jack"
"2202",2202,"C Wong"
"2203",2203,"S Uddenberg"
"2204",2204,"K Sou"
"2205",2205,"L Ji"
"2206",2206,"G Pourtois"
"2207",2207,"H YING"
"2208",2208,"A Coy"
"2209",2209,"P Vetter"
"2210",2210,"E Phelps"
"2211",2211,"K Gray"
"2212",2212,"R Cook"
"2213",2213,"Y Kuo"
"2214",2214,"C Shyi"
"2215",2215,"P Moon"
"2216",2216,"E Recht"
"2217",2217,"H Rodman"
"2218",2218,"P Pearson"
"2219",2219,"H Sato"
"2220",2220,"E Sanford"
"2221",2221,"L Uscatescu"
"2222",2222,"M Kronbichler"
"2223",2223,"T FitzGerald"
"2224",2224,"D Rangelov"
"2225",2225,"C Hung"
"2226",2226,"O Odoemene"
"2227",2227,"A Harrison"
"2228",2228,"A Walker"
"2229",2229,"M Wei"
"2230",2230,"B Vaughan"
"2231",2231,"L Evans"
"2232",2232,"M Conte"
"2233",2233,"S Habtegiorgis"
"2234",2234,"C Erlenwein"
"2235",2235,"K Rifai"
"2236",2236,"A Iyer"
"2237",2237,"R Walshe"
"2238",2238,"J Irons"
"2239",2239,"M Sauter"
"2240",2240,"K Yamauchi"
"2241",2241,"S Walenchok"
"2242",2242,"S Goldinger"
"2243",2243,"H Hansen"
"2244",2244,"M Quirós-Godoy"
"2245",2245,"E Pérez-Hernández"
"2246",2246,"A Lynn"
"2247",2247,"W Heindel"
"2248",2248,"D Amso"
"2249",2249,"S Adamo"
"2250",2250,"A Collegio"
"2251",2251,"R Sall"
"2252",2252,"E Lefebvre"
"2253",2253,"S Neupert"
"2254",2254,"J Feng"
"2255",2255,"S Ghattan-Kashani"
"2256",2256,"E Cramer"
"2257",2257,"J Choi"
"2258",2258,"I Hong"
"2259",2259,"S Jeong"
"2260",2260,"M Kim"
"2261",2261,"Y Choo"
"2262",2262,"D Chen"
"2263",2263,"J Hutchinson"
"2264",2264,"R Andringa"
"2265",2265,"A Weisener"
"2266",2266,"R Johansson"
"2267",2267,"G Nicora"
"2268",2268,"D Alonso"
"2269",2269,"K Rand"
"2270",2270,"S Creem-Regehr"
"2271",2271,"E O'Donoghue"
"2272",2272,"E Palmer"
"2273",2273,"L Gisick"
"2274",2274,"E Westenberg"
"2275",2275,"M Trevino"
"2276",2276,"I Turkbey"
"2277",2277,"P Choyke"
"2278",2278,"M Czarniecki"
"2279",2279,"M Rosen"
"2280",2280,"L Bandel"
"2281",2281,"K Kuntzelman"
"2282",2282,"N Russell"
"2283",2283,"D Top"
"2284",2284,"M South"
"2285",2285,"H Chow-Wing-Bom"
"2286",2286,"N Neupärtl"
"2287",2287,"K Yarrow"
"2288",2288,"C Kohl"
"2289",2289,"L Spieser"
"2290",2290,"B Forster"
"2291",2291,"S Bestmann"
"2292",2292,"F Rafiei"
"2293",2293,"J Yeon"
"2294",2294,"B Caie"
"2295",2295,"J Jeyachandra"
"2296",2296,"G Blohm"
"2297",2297,"R Yashiro"
"2298",2298,"J Flavell"
"2299",2299,"B McKean"
"2300",2300,"A Kirkham"
"2301",2301,"R Barbieri"
"2302",2302,"F Töpfer"
"2303",2303,"J Soch"
"2304",2304,"C Bogler"
"2305",2305,"P Veto"
"2306",2306,"M Uhlig"
"2307",2307,"N Ichien"
"2308",2308,"S Qiu"
"2309",2309,"Y Shin"
"2310",2310,"S Sheremata"
"2311",2311,"J Wixted"
"2312",2312,"H Pailian"
"2313",2313,"N Hakim"
"2314",2314,"T Feldmann-Wustefeld"
"2315",2315,"I Annicchiarico"
"2316",2316,"L Fan"
"2317",2317,"C Fischer"
"2318",2318,"S Czoschke"
"2319",2319,"A Lumsden"
"2320",2320,"D Aagten-Murphy"
"2321",2321,"L Azer"
"2322",2322,"H Chen"
"2323",2323,"R Carlson"
"2324",2324,"B Cuthbert"
"2325",2325,"D Standage"
"2326",2326,"M Paré"
"2327",2327,"M Rahmati"
"2328",2328,"D Vito"
"2329",2329,"M Fenske"
"2330",2330,"S Crewther"
"2331",2331,"G Lamp"
"2332",2332,"P Goodin"
"2333",2333,"R Laycock"
"2334",2334,"M Kusi"
"2335",2335,"L Thurston"
"2336",2336,"C Crandell"
"2337",2337,"n wei"
"2338",2338,"t zhou"
"2339",2339,"y zhuo"
"2340",2340,"l chen"
"2341",2341,"Q Yu"
"2342",2342,"B Eitam"
"2343",2343,"R Walter"
"2344",2344,"C McCants"
"2345",2345,"S Schneegans"
"2346",2346,"R Sapkota"
"2347",2347,"I Linde"
"2348",2348,"S Pardhan"
"2349",2349,"J Lindeløv"
"2350",2350,"Y Markov"
"2351",2351,"Q Gu"
"2352",2352,"Z Gao"
"2353",2353,"X Ma"
"2354",2354,"X Lu"
"2355",2355,"M Ito"
"2356",2356,"M Coco"
"2357",2357,"C Maruta"
"2358",2358,"M Carvalho"
"2359",2359,"C Campos"
"2360",2360,"I Martins"
"2361",2361,"S Sala"
"2362",2362,"K Dalrymple"
"2363",2363,"B Duchaine"
"2364",2364,"J Elison"
"2365",2365,"R Dai"
"2366",2366,"Z Huang"
"2367",2367,"X Weng"
"2368",2368,"S He"
"2369",2369,"R Maarek"
"2370",2370,"E Margalit"
"2371",2371,"S HERALD"
"2372",2372,"Y Song"
"2373",2373,"I Zaun"
"2374",2374,"S Vettori"
"2375",2375,"M Dzhelyova"
"2376",2376,"S Donck"
"2377",2377,"C Jacques"
"2378",2378,"J Steyaert"
"2379",2379,"B Boets"
"2380",2380,"L Jovanovic"
"2381",2381,"I Yuji"
"2382",2382,"H Ban"
"2383",2383,"A Nayebi"
"2384",2384,"J Kubilius"
"2385",2385,"D Bear"
"2386",2386,"S Ganguli"
"2387",2387,"J DiCarlo"
"2388",2388,"L Caplette"
"2389",2389,"K Jerbi"
"2390",2390,"V Jayadevan"
"2391",2391,"T Sawada"
"2392",2392,"E Delp"
"2393",2393,"Z Pizlo"
"2394",2394,"Y Yu"
"2395",2395,"J Todd"
"2396",2396,"A Petrov"
"2397",2397,"D Glasner"
"2398",2398,"T Zickler"
"2399",2399,"J Blaha"
"2400",2400,"R Max"
"2401",2401,"Y Tsal"
"2402",2402,"J Jun"
"2403",2403,"W Koutstaal"
"2404",2404,"L Dugué"
"2405",2405,"M Senoussi"
"2406",2406,"L Oksama"
"2407",2407,"T Leino"
"2408",2408,"J Hyönä"
"2409",2409,"D Anderson"
"2410",2410,"D Ghate"
"2411",2411,"S Kedar"
"2412",2412,"V Gulati"
"2413",2413,"M Sharp"
"2414",2414,"M Rizzo"
"2415",2415,"N Haddara"
"2416",2416,"J Ravid"
"2417",2417,"E Miller"
"2418",2418,"M O'Hagan"
"2419",2419,"C Caracciolo"
"2420",2420,"R O'Rourke"
"2421",2421,"J Pouliot"
"2422",2422,"S Davis"
"2423",2423,"S Schwettmann"
"2424",2424,"J Tenenbaum"
"2425",2425,"N Chang"
"2426",2426,"E Aminoff"
"2427",2427,"A Gupta"
"2428",2428,"J Nador"
"2429",2429,"M Bonner"
"2430",2430,"R Epstein"
"2431",2431,"E Heikel"
"2432",2432,"M Võ"
"2433",2433,"C Fiebach"
"2434",2434,"J ZHAN"
"2435",2435,"R INCE"
"2436",2436,"N RIJSBERGEN"
"2437",2437,"P SCHYNS"
"2438",2438,"Y Duan"
"2439",2439,"J Zhan"
"2440",2440,"R Ince"
"2441",2441,"M Greene"
"2442",2442,"C Olson"
"2443",2443,"L Spencer"
"2444",2444,"D Baker"
"2445",2445,"A Lovett"
"2446",2446,"G Briggs"
"2447",2447,"K O'Neill"
"2448",2448,"P Bello"
"2449",2449,"X Hao"
"2450",2450,"X Kong"
"2451",2451,"E Josephs"
"2452",2452,"L Sun"
"2453",2453,"S Rajendran"
"2454",2454,"A Dobbins"
"2455",2455,"J Grossmann"
"2456",2456,"C Dorronsoro"
"2457",2457,"C Walshe"
"2458",2458,"C Raskopf"
"2459",2459,"M Rezanejad"
"2460",2460,"K Siddiqi"
"2461",2461,"S Dickinson"
"2462",2462,"A Jepson"
"2463",2463,"C Grimmick"
"2464",2464,"E Norton"
"2465",2465,"K Miller"
"2466",2466,"M Monfort"
"2467",2467,"S Bargal"
"2468",2468,"A Andonian"
"2469",2469,"K Ramakrishnan"
"2470",2470,"C Vondrick"
"2471",2471,"G Ceylan"
"2472",2472,"X LIU"
"2473",2473,"M SAWAYAMA"
"2474",2474,"R HAYASHI"
"2475",2475,"M OZAY"
"2476",2476,"T OKATANI"
"2477",2477,"S NISHIDA"
"2478",2478,"M Malania"
"2479",2479,"M Traurig"
"2480",2480,"T Plank"
"2481",2481,"M Yu"
"2482",2482,"K Shibata"
"2483",2483,"M Worden"
"2484",2484,"C Thomas"
"2485",2485,"A Trefler"
"2486",2486,"E Aguila"
"2487",2487,"G Chen"
"2488",2488,"C Pierpaoli"
"2489",2489,"D Shmuel"
"2490",2490,"H Sharon"
"2491",2491,"D Abuleil"
"2492",2492,"D McCulloch"
"2493",2493,"J Wammes"
"2494",2494,"R Lee"
"2495",2495,"J Gunn"
"2496",2496,"X Liu"
"2497",2497,"J Mesik"
"2498",2498,"M Vergeer"
"2499",2499,"S Croom"
"2500",2500,"A Busza"
"2501",2501,"L Batelli"
"2502",2502,"M Defenderfer"
"2503",2503,"L Fleming"
"2504",2504,"M MacLean"
"2505",2505,"V Hadid"
"2506",2506,"L Lazzouni"
"2507",2507,"F Lepore"
"2508",2508,"J Higgins"
"2509",2509,"M Groleau"
"2510",2510,"J Anton"
"2511",2511,"M Nazari"
"2512",2512,"M Vanni"
"2513",2513,"M Mohajerani"
"2514",2514,"E Vaucher"
"2515",2515,"S Cavanagh"
"2516",2516,"D Leeds"
"2517",2517,"A Hönekopp"
"2518",2518,"A Just"
"2519",2519,"S Weigelt"
"2520",2520,"K Haak"
"2521",2521,"C Beckmann"
"2522",2522,"J Billino"
"2523",2523,"E Hitzel"
"2524",2524,"C Hesse"
"2525",2525,"C Killingsworth"
"2526",2526,"A Hill"
"2527",2527,"P Patel"
"2528",2528,"A Guidubaldi"
"2529",2529,"D Gillett"
"2530",2530,"A Cretenoud"
"2531",2531,"I Mihai"
"2532",2532,"J Tardif"
"2533",2533,"L Kugathasan"
"2534",2534,"V Chu"
"2535",2535,"P Bryden"
"2536",2536,"E Niechwiej-Szwedo"
"2537",2537,"T Blankenship"
"2538",2538,"M Kibbe"
"2539",2539,"J Freschl"
"2540",2540,"D Melcher"
"2541",2541,"Z Kaldy"
"2542",2542,"E Blaser"
"2543",2543,"C Ellis"
"2544",2544,"L Skalaban"
"2545",2545,"N Cordova"
"2546",2546,"J Turek"
"2547",2547,"V Bejjanki"
"2548",2548,"A Brown"
"2549",2549,"F Opoku"
"2550",2550,"D Lindsey"
"2551",2551,"C Downey"
"2552",2552,"G Pace"
"2553",2553,"S Stevenson"
"2554",2554,"T Candy"
"2555",2555,"K Sato"
"2556",2556,"S Tsurumi"
"2557",2557,"F Poncet"
"2558",2558,"K Durand"
"2559",2559,"B Schaal"
"2560",2560,"P Dassonville"
"2561",2561,"F Perdreau"
"2562",2562,"P Medendorp"
"2563",2563,"M Moroz"
"2564",2564,"G Isabelle"
"2565",2565,"M Paul"
"2566",2566,"F Eelke"
"2567",2567,"S Felsner"
"2568",2568,"M Jenkin"
"2569",2569,"R Herpers"
"2570",2570,"A Noppe"
"2571",2571,"T Frett"
"2572",2572,"D Scherfgen"
"2573",2573,"C DiMattina"
"2574",2574,"M Fu"
"2575",2575,"D Bryant"
"2576",2576,"J Townsend"
"2577",2577,"M Krstic"
"2578",2578,"C Funke"
"2579",2579,"J Borowski"
"2580",2580,"W Brendel"
"2581",2581,"A Ecker"
"2582",2582,"P Mehrani"
"2583",2583,"D Wright"
"2584",2584,"J Martinovic"
"2585",2585,"E Gheorghiu"
"2586",2586,"C Leonard"
"2587",2587,"C Dewey"
"2588",2588,"A Steed"
"2589",2589,"Y Revina"
"2590",2590,"R Plummer"
"2591",2591,"R Sharman"
"2592",2592,"M Katkov"
"2593",2593,"F Strappini"
"2594",2594,"T Livne"
"2595",2595,"S Pitzalis"
"2596",2596,"R Malach"
"2597",2597,"K Ballew"
"2598",2598,"A Ercolino"
"2599",2599,"J Schmidt"
"2600",2600,"S Bauch"
"2601",2601,"C Körner"
"2602",2602,"I Gilchrist"
"2603",2603,"M Höfler"
"2604",2604,"J Guo"
"2605",2605,"T Kumada"
"2606",2606,"J Pinto"
"2607",2607,"M Papesh"
"2608",2608,"C Seidel"
"2609",2609,"M Nartker"
"2610",2610,"A Li"
"2611",2611,"C Fidalgo"
"2612",2612,"J Liang"
"2613",2613,"G Son"
"2614",2614,"B Oh"
"2615",2615,"A Bocincova"
"2616",2616,"J Johnson"
"2617",2617,"D Assaf"
"2618",2618,"A Starr"
"2619",2619,"M Srinivasan"
"2620",2620,"S Bunge"
"2621",2621,"N Jardine"
"2622",2622,"J Robitaille"
"2623",2623,"E Hall"
"2624",2624,"C Williams"
"2625",2625,"D Janini"
"2626",2626,"F Aitken"
"2627",2627,"A Asgeirsson"
"2628",2628,"C Barckmann"
"2629",2629,"S Þórudóttir"
"2630",2630,"M Peteresn"
"2631",2631,"A Pereira"
"2632",2632,"A Renfro"
"2633",2633,"J Hays"
"2634",2634,"J Bittner"
"2635",2635,"K Tong"
"2636",2636,"C Dubé"
"2637",2637,"H Davis"
"2638",2638,"B Milliken"
"2639",2639,"S Jeanneret"
"2640",2640,"E Roche"
"2641",2641,"A Hennings"
"2642",2642,"A Dutcher"
"2643",2643,"M Hollenbeck"
"2644",2644,"A Newman"
"2645",2645,"Z Bylinskii"
"2646",2646,"S Haroz"
"2647",2647,"S Madan"
"2648",2648,"F Durand"
"2649",2649,"R Herth"
"2650",2650,"W Snapp-Childs"
"2651",2651,"R McManus"
"2652",2652,"J Stephens"
"2653",2653,"A Dieuleveult"
"2654",2654,"A Brouwer"
"2655",2655,"P Siemonsma"
"2656",2656,"J Erp"
"2657",2657,"H Jung"
"2658",2658,"N Jung"
"2659",2659,"B Weidler"
"2660",2660,"j mathew"
"2661",2661,"c goulon"
"2662",2662,"f danion"
"2663",2663,"R Beers"
"2664",2664,"M Persuh"
"2665",2665,"D Guliyeva"
"2666",2666,"n atilgan"
"2667",2667,"F Bartsch"
"2668",2668,"D Butts"
"2669",2669,"M Valsecchi"
"2670",2670,"J Koenderink"
"2671",2671,"A Doorn"
"2672",2672,"L Blake"
"2673",2673,"A Borji"
"2674",2674,"L Dulyan"
"2675",2675,"M Lauffer"
"2676",2676,"G Zhang"
"2677",2677,"L Álvaro"
"2678",2678,"K Wakamatsu"
"2679",2679,"J Kwon"
"2680",2680,"M Sakamoto"
"2681",2681,"K Foley"
"2682",2682,"L Lessard"
"2683",2683,"K Schloss"
"2684",2684,"A Violette"
"2685",2685,"P Deshpande"
"2686",2686,"L Teichmann"
"2687",2687,"T Grootswagers"
"2688",2688,"T Carlson"
"2689",2689,"A Rich"
"2690",2690,"J Valenti"
"2691",2691,"R Lafer-Sousa"
"2692",2692,"M Hasantash"
"2693",2693,"A Afraz"
"2694",2694,"M Olkkonen"
"2695",2695,"M Sun"
"2696",2696,"E Kumakura"
"2697",2697,"A Werner"
"2698",2698,"H Higashi"
"2699",2699,"A Albers"
"2700",2700,"F Schiller"
"2701",2701,"C Racey"
"2702",2702,"M Bannert"
"2703",2703,"J Knotts"
"2704",2704,"A Cortese"
"2705",2705,"M Kawato"
"2706",2706,"S Thurman"
"2707",2707,"N Wasylyshyn"
"2708",2708,"J Garcia"
"2709",2709,"G Okafor"
"2710",2710,"J Elliott"
"2711",2711,"S Grafton"
"2712",2712,"E Flynn-Evans"
"2713",2713,"J Vettel"
"2714",2714,"Y Taniyama"
"2715",2715,"Y Suzuki"
"2716",2716,"T Minami"
"2717",2717,"B Laeng"
"2718",2718,"D Garside"
"2719",2719,"L MacDonald"
"2720",2720,"K Teunissen"
"2721",2721,"H McAdams"
"2722",2722,"A Igdalova"
"2723",2723,"M Spitschan"
"2724",2724,"D Brainard"
"2725",2725,"M Zivcevska"
"2726",2726,"A Blakeman"
"2727",2727,"X Chen"
"2728",2728,"H Goltz"
"2729",2729,"A Wong"
"2730",2730,"P Barrionuevo"
"2731",2731,"A Martin"
"2732",2732,"C Quirk"
"2733",2733,"C Teng"
"2734",2734,"M Pratte"
"2735",2735,"F Norman"
"2736",2736,"S Mooney"
"2737",2737,"I Kim"
"2738",2738,"S Fuchs"
"2739",2739,"Y Kersten"
"2740",2740,"M Salinas"
"2741",2741,"A Hurlbert"
"2742",2742,"N Gross"
"2743",2743,"G Gupta"
"2744",2744,"A Wilson"
"2745",2745,"S Schintu"
"2746",2746,"Z Alam"
"2747",2747,"E Wassermann"
"2748",2748,"H Adeli"
"2749",2749,"C Sisk"
"2750",2750,"E Twedell"
"2751",2751,"S Cooper"
"2752",2752,"G Jacob"
"2753",2753,"H Katti"
"2754",2754,"R Reynolds"
"2755",2755,"G Roig"
"2756",2756,"A Volokitin"
"2757",2757,"T Poggio"
"2758",2758,"H JANG"
"2759",2759,"F TONG"
"2760",2760,"N Baker"
"2761",2761,"C Zhuang"
"2762",2762,"K Rajaei"
"2763",2763,"R Ebrahimpour"
"2764",2764,"S Razavi"
"2765",2765,"S MATT"
"2766",2766,"J LIU-SHUANG"
"2767",2767,"L MAILLARD"
"2768",2768,"J LIGHEZZOLO-ALNOT"
"2769",2769,"B ROSSION"
"2770",2770,"S CAHAREL"
"2771",2771,"J Duncan"
"2772",2772,"A Roberge"
"2773",2773,"U Fortier-Gauthier"
"2774",2774,"B Brisson"
"2775",2775,"A Price"
"2776",2776,"I Labuschagne"
"2777",2777,"D Kim"
"2778",2778,"H Moon"
"2779",2779,"M Hwang"
"2780",2780,"P Jang"
"2781",2781,"W Jung"
"2782",2782,"J Hyun"
"2783",2783,"L Petro"
"2784",2784,"L Muckli"
"2785",2785,"V Adams"
"2786",2786,"H Yang"
"2787",2787,"A Chapman"
"2788",2788,"L Bell"
"2789",2789,"T Susilo"
"2790",2790,"D Lee"
"2791",2791,"E Burns"
"2792",2792,"R Bennetts"
"2793",2793,"S Bate"
"2794",2794,"L Jeffery"
"2795",2795,"K Crookes"
"2796",2796,"E Bothe"
"2797",2797,"M Thorburn"
"2798",2798,"N Kaiko"
"2799",2799,"C Giffard"
"2800",2800,"R Palermo"
"2801",2801,"K Ainsworth"
"2802",2802,"M Pietracupa"
"2803",2803,"J Guy"
"2804",2804,"J Griffin"
"2805",2805,"K Scherf"
"2806",2806,"S Faghel-Soubeyrand"
"2807",2807,"T Lecomte"
"2808",2808,"A Pennou"
"2809",2809,"E Olivares"
"2810",2810,"A Urraca"
"2811",2811,"J Iglesias"
"2812",2812,"A Richoz"
"2813",2813,"M Ceroni"
"2814",2814,"L Sacco"
"2815",2815,"R Pignatti"
"2816",2816,"S Sheldon"
"2817",2817,"H Hecht"
"2818",2818,"L Stacchi"
"2819",2819,"J Liu-Shuang"
"2820",2820,"V Burns"
"2821",2821,"G Lalonde-Beaudoin"
"2822",2822,"S Bouchard"
"2823",2823,"E Saad"
"2824",2824,"J Wilmer"
"2825",2825,"G Dugas"
"2826",2826,"J Royer"
"2827",2827,"T Zhu"
"2828",2828,"M Nelken"
"2829",2829,"D Elbich"
"2830",2830,"I Gauthier"
"2831",2831,"K Chua"
"2832",2832,"J Richler"
"2833",2833,"R Nguyen"
"2834",2834,"T Rinnen"
"2835",2835,"P Munezero"
"2836",2836,"P Kade"
"2837",2837,"A Deutsch"
"2838",2838,"R Brewer"
"2839",2839,"J McBride"
"2840",2840,"L Engfors"
"2841",2841,"J Rennig"
"2842",2842,"K Wegner-Clemens"
"2843",2843,"M Beuachamp"
"2844",2844,"S Min"
"2845",2845,"A Baldwin"
"2846",2846,"S Neupane"
"2847",2847,"Y Wu"
"2848",2848,"V Sreenivasan"
"2849",2849,"D Lyon"
"2850",2850,"K Connolly"
"2851",2851,"Y Ding"
"2852",2852,"M Naber"
"2853",2853,"C Paffen"
"2854",2854,"S Eckmann"
"2855",2855,"L Klimmasch"
"2856",2856,"B Shi"
"2857",2857,"J Triesch"
"2858",2858,"U Korisky"
"2859",2859,"C Lunghi"
"2860",2860,"G Daniele"
"2861",2861,"P Binda"
"2862",2862,"A Dardano"
"2863",2863,"A Ciccarone"
"2864",2864,"S Ferruccio"
"2865",2865,"G Ceccarini"
"2866",2866,"L Giusti"
"2867",2867,"S Prato"
"2868",2868,"M Morrone"
"2869",2869,"A Pournaghdali"
"2870",2870,"B Schwartz"
"2871",2871,"Y Seon"
"2872",2872,"T Xue"
"2873",2873,"X Shan"
"2874",2874,"H Yuan"
"2875",2875,"S Ying"
"2876",2876,"L Jia"
"2877",2877,"S Qian"
"2878",2878,"E Lawler"
"2879",2879,"M Silver"
"2880",2880,"J Day"
"2881",2881,"B Hickey"
"2882",2882,"H MacDougall"
"2883",2883,"F Verstraten"
"2884",2884,"C Liu"
"2885",2885,"J Zou"
"2886",2886,"Y Zhuo"
"2887",2887,"J Mentch"
"2888",2888,"C Ricciardi"
"2889",2889,"C Shi"
"2890",2890,"J Ding"
"2891",2891,"S Hung"
"2892",2892,"P Hsieh"
"2893",2893,"R Blake"
"2894",2894,"G Fortunato"
"2895",2895,"T Kénel-Pierre"
"2896",2896,"M Murray"
"2897",2897,"B Harvey"
"2898",2898,"A Fracasso"
"2899",2899,"F Protopapa"
"2900",2900,"M Hayashi"
"2901",2901,"W Zwaag"
"2902",2902,"G Battistella"
"2903",2903,"R Kanai"
"2904",2904,"R Nakayama"
"2905",2905,"K Lankinen"
"2906",2906,"J Saari"
"2907",2907,"Y Hlushchuk"
"2908",2908,"P Tikka"
"2909",2909,"L Parkkonen"
"2910",2910,"R Hari"
"2911",2911,"M Koskinen"
"2912",2912,"J Westerberg"
"2913",2913,"M Cox"
"2914",2914,"K Dougherty"
"2915",2915,"H Yoshimatsu"
"2916",2916,"Y Hashimoto"
"2917",2917,"J Cruz"
"2918",2918,"M Roinishvili"
"2919",2919,"E Chkonia"
"2920",2920,"P Figueiredo"
"2921",2921,"K Quinn"
"2922",2922,"S Clery"
"2923",2923,"P Pourriahi"
"2924",2924,"H Nienborg"
"2925",2925,"S Yoo"
"2926",2926,"S Treue"
"2927",2927,"M Fallah"
"2928",2928,"A Hudson"
"2929",2929,"M Wilson"
"2930",2930,"E Green"
"2931",2931,"H Henderson"
"2932",2932,"J Brooks"
"2933",2933,"A Zoumpoulaki"
"2934",2934,"H Bowman"
"2935",2935,"E Benny"
"2936",2936,"H Lagroix"
"2937",2937,"T Cork"
"2938",2938,"N Jankovic"
"2939",2939,"E Mudryk"
"2940",2940,"K Thompson"
"2941",2941,"V Lollo"
"2942",2942,"L Galas"
"2943",2943,"I Juvina"
"2944",2944,"B Minnery"
"2945",2945,"S Phillips"
"2946",2946,"s frances-israeli"
"2947",2947,"i trinczer"
"2948",2948,"s greenberg-yuval"
"2949",2949,"r amit"
"2950",2950,"n rotman"
"2951",2951,"l shalev"
"2952",2952,"A Pastuszak"
"2953",2953,"S Hanslmayr"
"2954",2954,"C Mevorach"
"2955",2955,"B Ashinoff"
"2956",2956,"S Mayhew"
"2957",2957,"S Jung"
"2958",2958,"S Han*"
"2959",2959,"E Ort"
"2960",2960,"F Kaule"
"2961",2961,"Pollmann"
"2962",2962,"A Edadan"
"2963",2963,"E Reavis"
"2964",2964,"T Tran"
"2965",2965,"A Chakraborty"
"2966",2966,"P Aparicio"
"2967",2967,"J Asher"
"2968",2968,"P Chen"
"2969",2969,"T Doi"
"2970",2970,"B Farell"
"2971",2971,"C Ng"
"2972",2972,"I Chou"
"2973",2973,"D Chang"
"2974",2974,"D White"
"2975",2975,"N Wong"
"2976",2976,"M Devereux"
"2977",2977,"M Tian"
"2978",2978,"J Hernandez"
"2979",2979,"S Baldassi"
"2980",2980,"S Chung"
"2981",2981,"M Ağaoğlu"
"2982",2982,"A Krishnan"
