"","id","label"
"1",1,"C Olsson"
"2",2,"K Kay"
"3",3,"J Winawer"
"4",4,"D Baker"
"5",5,"G Vilidaitė"
"6",6,"A Wade"
"7",7,"B Hansen"
"8",8,"A Haun"
"9",9,"A Johnson"
"10",10,"D Ellemberg"
"11",11,"C Hou"
"12",12,"Y Kim"
"13",13,"P Verghese"
"14",14,"D Peterzell"
"15",15,"E Bubl"
"16",16,"M Bach"
"17",17,"Y Chen"
"18",18,"Y Bai"
"19",19,"W Geisler"
"20",20,"E Seidemann"
"21",21,"R Kirollos"
"22",22,"R Allison"
"23",23,"S Palmisano"
"24",24,"W Adamiak"
"25",25,"A Thomas"
"26",26,"S Patel"
"27",27,"R Gilmore"
"28",28,"O Layton"
"29",29,"B Fajen"
"30",30,"C Lemon"
"31",31,"G Andersen"
"32",32,"K Maruya"
"33",33,"T Kawabe"
"34",34,"S Nishida"
"35",35,"L Ni"
"36",36,"D Niehorster"
"37",37,"L Li"
"38",38,"H Riddell"
"39",39,"M Lappe"
"40",40,"S Rushton"
"41",41,"M Vinnikov"
"42",42,"C Bourrelly"
"43",43,"J Quinet"
"44",44,"L Goffart"
"45",45,"J Chen"
"46",46,"M Valsecchi"
"47",47,"K Gegenfurtner"
"48",48,"E Kowler"
"49",49,"L Kolisetty"
"50",50,"C Aitkin"
"51",51,"N Ross"
"52",52,"E Santos"
"53",53,"R Shah"
"54",54,"J Damasse"
"55",55,"L Madelain"
"56",56,"L Perrinet"
"57",57,"A Montagnini"
"58",58,"S Watamaniuk"
"59",59,"E Potapchuk"
"60",60,"J Bal"
"61",61,"S Heinen"
"62",62,"R Nakayama"
"63",63,"I Motoyoshi"
"64",64,"T Sato"
"65",65,"D Braun"
"66",66,"A Schütz"
"67",67,"D Badcock"
"68",68,"K Haley"
"69",69,"E Dickinson"
"70",70,"P Spröte"
"71",71,"F Schmidt"
"72",72,"R Fleming"
"73",73,"M Slugocki"
"74",74,"A Sekuler"
"75",75,"P Bennett"
"76",76,"J Maarseveen"
"77",77,"C Paffen"
"78",78,"F Verstraten"
"79",79,"H Hogendoorn"
"80",80,"C Teufel"
"81",81,"S Dakin"
"82",82,"P Fletcher"
"83",83,"R Yu"
"84",84,"J Zhao"
"85",85,"A Baldwin"
"86",86,"G Schmidtmann"
"87",87,"F Kingdom"
"88",88,"R Hess"
"89",89,"J Bell"
"90",90,"G Sacks"
"91",91,"D Burr"
"92",92,"S Cakal"
"93",93,"G Caplovitz"
"94",94,"G Erlikhman"
"95",95,"B Scholl"
"96",96,"F Durgin"
"97",97,"B Klein"
"98",98,"C Thomson"
"99",99,"E Cifuentes"
"100",100,"S Rafique"
"101",101,"J Richards"
"102",102,"J Steeves"
"103",103,"N Meital-Kfir"
"104",104,"Y Bonneh"
"105",105,"D Sagi"
"106",106,"T Stein"
"107",107,"D Kaiser"
"108",108,"M Peelen"
"109",109,"S Cho"
"110",110,"S He"
"111",111,"E Piazza"
"112",112,"K Wong"
"113",113,"M Silver"
"114",114,"M Bao"
"115",115,"B Dong"
"116",116,"B Metzger"
"117",117,"X Hu"
"118",118,"D Beck"
"119",119,"J Goold"
"120",120,"M Meng"
"121",121,"A Sklar"
"122",122,"R Hassin"
"123",123,"S Kim"
"124",124,"M Lee"
"125",125,"C Kim"
"126",126,"N Malek"
"127",127,"A Gao"
"128",128,"D Messinger"
"129",129,"R Joober"
"130",130,"K Tabbane"
"131",131,"J Martinez-Trujillo"
"132",132,"K Bullock"
"133",133,"F Pieper"
"134",134,"A Sachs"
"135",135,"Y Zhao"
"136",136,"Z Lu"
"137",137,"B Dosher"
"138",138,"B Won"
"139",139,"A Leber"
"140",140,"M Smith"
"141",141,"T Sprague"
"142",142,"J Serences"
"143",143,"A Sali"
"144",144,"S Courtney"
"145",145,"J Robitaille"
"146",146,"H Lockhart"
"147",147,"S Emrich"
"148",148,"A Noyce"
"149",149,"N Cestero"
"150",150,"B Shinn-Cunningham"
"151",151,"D Somers"
"152",152,"A Martin"
"153",153,"L Wang"
"154",154,"Y Saalmann"
"155",155,"A Shestyuk"
"156",156,"S Jeong"
"157",157,"N Crone"
"158",158,"J Parvizi"
"159",159,"R Knight"
"160",160,"S Kastner"
"161",161,"H Liu"
"162",162,"J Rajsic"
"163",163,"J Pratt"
"164",164,"K Kuratomi"
"165",165,"J Kawahara"
"166",166,"A Grubert"
"167",167,"M Eimer"
"168",168,"A Facoetti"
"169",169,"L Ronconi"
"170",170,"L Franchin"
"171",171,"E Valenza"
"172",172,"S Gori"
"173",173,"D Dodgson"
"174",174,"J Raymond"
"175",175,"L Duong"
"176",176,"S Tremblay"
"177",177,"A Shafer-Skelton"
"178",178,"C Kupitz"
"179",179,"A Tausif"
"180",180,"J Golomb"
"181",181,"W Chen"
"182",182,"C Gaspar"
"183",183,"B Olk"
"184",184,"D Zielinski"
"185",185,"R Kopper"
"186",186,"A Tapper"
"187",187,"E Niechwiej-Szwedo"
"188",188,"D Gonzalez"
"189",189,"E Roy"
"190",190,"T Bullock"
"191",191,"J Elliott"
"192",192,"B Giesbrecht"
"193",193,"M Gomez"
"194",194,"J Snow"
"195",195,"Á Kristjansson"
"196",196,"Ó Jóhannesson"
"197",197,"A Chetverikov"
"198",198,"I Smith"
"199",199,"I Thornton"
"200",200,"R Max"
"201",201,"Y Tsal"
"202",202,"E Taylor"
"203",203,"D Chan"
"204",204,"J Peterson"
"205",205,"G Erickson"
"206",206,"J Dendurent"
"207",207,"L Loschky"
"208",208,"A Rodriguez"
"209",209,"B Hernandez"
"210",210,"E Self"
"211",211,"T Emmanouil"
"212",212,"J Lee"
"213",213,"S Hunley"
"214",214,"E Park"
"215",215,"M Longo"
"216",216,"S Lourenco"
"217",217,"H Sedgwick"
"218",218,"M Zannoli"
"219",219,"M Banks"
"220",220,"A Reeves"
"221",221,"A Unver"
"222",222,"L Pfannmüller"
"223",223,"M Walter"
"224",224,"B Senner"
"225",225,"K Bengler"
"226",226,"J Oh"
"227",227,"A Robinson"
"228",228,"R Talbot"
"229",229,"C Norris"
"230",230,"A Glennerster"
"231",231,"J Vuong"
"232",232,"A Fitzgibbon"
"233",233,"O Adkins"
"234",234,"J Norman"
"235",235,"H Norman"
"236",236,"A Cox"
"237",237,"C Rogers"
"238",238,"P Hands"
"239",239,"A Khushu"
"240",240,"J Read"
"241",241,"K Bonnen"
"242",242,"A Huk"
"243",243,"L Cormack"
"244",244,"B Carpenter"
"245",245,"C Olman"
"246",246,"D Kersten"
"247",247,"D Gajewski"
"248",248,"J Philbeck"
"249",249,"S Mihelič"
"250",250,"S Yousif"
"251",251,"V Ayzenberg"
"252",252,"T Grootswagers"
"253",253,"T Carlson"
"254",254,"M Tian"
"255",255,"D Yamins"
"256",256,"K Grill-Spector"
"257",257,"S Khaligh-Razavi"
"258",258,"Carlin"
"259",259,"R Cichy"
"260",260,"N Kriegeskorte"
"261",261,"A Ayars"
"262",262,"M Peterson"
"263",263,"J Sanguinetti"
"264",264,"P Wang"
"265",265,"G Cottrell"
"266",266,"J Ryland"
"267",267,"A O'Toole"
"268",268,"R Golden"
"269",269,"A Kell"
"270",270,"S Norman-Haignere"
"271",271,"D Seibert"
"272",272,"H Hong"
"273",273,"J DiCarlo"
"274",274,"J McDermott"
"275",275,"D Pelli"
"276",276,"S Rosen"
"277",277,"D Leeds"
"278",278,"M Tarr"
"279",279,"M Daar"
"280",280,"H Wilson"
"281",281,"S Guan"
"282",282,"R Xia"
"283",283,"D Sheinberg"
"284",284,"A Leib"
"285",285,"A Kosovicheva"
"286",286,"D Whitney"
"287",287,"E Freud"
"288",288,"T Ganel"
"289",289,"G Avidan"
"290",290,"M Behrmann"
"291",291,"B McCann"
"292",292,"M Hayhoe"
"293",293,"P Scarfe"
"294",294,"S Henriksen"
"295",295,"B Cumming"
"296",296,"M Singh"
"297",297,"J Feldman"
"298",298,"R Murray"
"299",299,"A Werner"
"300",300,"W Stürzl"
"301",301,"J Zanker"
"302",302,"J Wolfe"
"303",303,"M Cain"
"304",304,"K Ehinger"
"305",305,"T Drew"
"306",306,"A Aizenman"
"307",307,"M"
"308",308,"J Ericson"
"309",309,"A Biggs"
"310",310,"J Winkle"
"311",311,"C Gancayco"
"312",312,"S Mitroff"
"313",313,"S Pollmann"
"314",314,"F Geringswald"
"315",315,"R Reinhart"
"316",316,"L McClenahan"
"317",317,"G Woodman"
"318",318,"J Martin"
"319",319,"M Riesenhuber"
"320",320,"S Thorpe"
"321",321,"T Horowitz"
"322",322,"D Sutterer"
"323",323,"D Anderson"
"324",324,"E Vogel"
"325",325,"E Awh"
"326",326,"K Fukuda"
"327",327,"M Kang"
"328",328,"E Ester"
"329",329,"M Aly"
"330",330,"N Turk-Browne"
"331",331,"Y Park"
"332",332,"J Sy"
"333",333,"F Tong"
"334",334,"A Price"
"335",335,"M Bonner"
"336",336,"J Peelle"
"337",337,"M Grossman"
"338",338,"S Bracci"
"339",339,"H Beeck"
"340",340,"D Mély"
"341",341,"T Serre"
"342",342,"P Kohler"
"343",343,"A Yakovleva"
"344",344,"A Clarke"
"345",345,"Y Liu"
"346",346,"A Norcia"
"347",347,"S Carrigan"
"348",348,"E Palmer"
"349",349,"P Kellman"
"350",350,"V Ekroll"
"351",351,"B Sayim"
"352",352,"R Hallen"
"353",353,"J Wagemans"
"354",354,"C Firestone"
"355",355,"R Marotti"
"356",356,"P Scalf"
"357",357,"S Koushik"
"358",358,"A Hafezi"
"359",359,"E Wager"
"360",360,"J Folstein"
"361",361,"M Wenger"
"362",362,"S Rhoten"
"363",363,"N Matthews"
"364",364,"L Welch"
"365",365,"R Achtman"
"366",366,"L Rourke"
"367",367,"V Willenbockel"
"368",368,"L Cruickshank"
"369",369,"J Tanaka"
"370",370,"L Grzeczkowski"
"371",371,"F Mast"
"372",372,"M Herzog"
"373",373,"M Chamoun"
"374",374,"Huppé-Gourgues"
"375",375,"Legault"
"376",376,"P Rosa-Neto"
"377",377,"J Faubert"
"378",378,"E Vaucher"
"379",379,"H Harris"
"380",380,"N Pinchuk-Yacobi"
"381",381,"A Hashemi"
"382",382,"R Strong"
"383",383,"G Alvarez"
"384",384,"R Zhang"
"385",385,"O Kwon"
"386",386,"D Tadin"
"387",387,"E McDevitt"
"388",388,"M Niknazar"
"389",389,"S Mednick"
"390",390,"M Tamaki"
"391",391,"A Berard"
"392",392,"T Watanabe"
"393",393,"Y Sasaki"
"394",394,"C Bukach"
"395",395,"J Peissig"
"396",396,"W Meredith"
"397",397,"S Minassian"
"398",398,"A Winkler"
"399",399,"H Hadley"
"400",400,"E Arnold"
"401",401,"T Curran"
"402",402,"L Scott"
"403",403,"K Ha"
"404",404,"I Sogaard"
"405",405,"L Gisick"
"406",406,"R Ni"
"407",407,"G Sotiropoulos"
"408",408,"A Seitz"
"409",409,"P Seriès"
"410",410,"S Monaco"
"411",411,"J Crawford"
"412",412,"D Aguilar-Lleyda"
"413",413,"E Tubau"
"414",414,"J López-Moliner"
"415",415,"C Bozzacchi"
"416",416,"R Volcic"
"417",417,"F Domini"
"418",418,"C Campagnoli"
"419",419,"E Cesanek"
"420",420,"R Foster"
"421",421,"A Januszewski"
"422",422,"V Franz"
"423",423,"C Leferink"
"424",424,"H Stirton"
"425",425,"J Marotta"
"426",426,"R Coats"
"427",427,"A Fath"
"428",428,"S Astill"
"429",429,"J Wann"
"430",430,"Y Zhang"
"431",431,"Y Yang"
"432",432,"C Fermuller"
"433",433,"Y Aloimonos"
"434",434,"W Snapp-Childs"
"435",435,"G Bingham"
"436",436,"J McCarthy"
"437",437,"J Song"
"438",438,"V Paulun"
"439",439,"G Buckingham"
"440",440,"M Goodale"
"441",441,"J Karl"
"442",442,"D Quinlan"
"443",443,"I Whishaw"
"444",444,"J Culham"
"445",445,"H Im"
"446",446,"A Soce"
"447",447,"B Long"
"448",448,"J Shen"
"449",449,"T Palmeri"
"450",450,"J Shafto"
"451",451,"J Pyles"
"452",452,"C Jew"
"453",453,"J Ryan"
"454",454,"J Julian"
"455",455,"R Epstein"
"456",456,"S Peykarjou"
"457",457,"S Hoehl"
"458",458,"B Rossion"
"459",459,"S Pauen"
"460",460,"O Matthews"
"461",461,"E Liggins"
"462",462,"T Volonakis"
"463",463,"N Scott-Samuel"
"464",464,"R Baddeley"
"465",465,"I Cuthill"
"466",466,"A Leshinskaya"
"467",467,"A Caramazza"
"468",468,"K Fuller"
"469",469,"T DePatie"
"470",470,"D Howard"
"471",471,"C Fannjiang"
"472",472,"M Iordan"
"473",473,"L Fei-Fei"
"474",474,"M Constable"
"475",475,"S Becker"
"476",476,"O Cheung"
"477",477,"L Bugatus"
"478",478,"K Weiner"
"479",479,"Y Wang"
"480",480,"B Roads"
"481",481,"M Mozer"
"482",482,"F Behbahani"
"483",483,"A Faisal"
"484",484,"A Silva"
"485",485,"Z Liu"
"486",486,"N Dykmans"
"487",487,"S Anstis"
"488",488,"S Kaneko"
"489",489,"P Cavanagh"
"490",490,"M Duyck"
"491",491,"C Eymond"
"492",492,"G Maus"
"493",493,"F Schumann"
"494",494,"V Störmer"
"495",495,"A Veenemans"
"496",496,"D Wu"
"497",497,"N Adamian"
"498",498,"M Seifert"
"499",499,"H Hock"
"500",500,"J Fulvio"
"501",501,"M Wang"
"502",502,"B Rokers"
"503",503,"D Greer"
"504",504,"J Cali"
"505",505,"M Pachai"
"506",506,"E Thunell"
"507",507,"G Plomp"
"508",508,"W Zwaag"
"509",509,"H Ögmen"
"510",510,"M Lauffs"
"511",511,"H Öğmen"
"512",512,"C Quaia"
"513",513,"L Optican"
"514",514,"S Yoshimoto"
"515",515,"T Takeuchi"
"516",516,"B Buren"
"517",517,"S Uddenberg"
"518",518,"L Ewing"
"519",519,"A Karmiloff-Smith"
"520",520,"E Farran"
"521",521,"V Goffaux"
"522",522,"A Poncin"
"523",523,"C Schiltz"
"524",524,"V Natu"
"525",525,"M Barnett"
"526",526,"J Hartley"
"527",527,"J Gomez"
"528",528,"G Picci"
"529",529,"K Scherf"
"530",530,"M Nordt"
"531",531,"S Weigelt"
"532",532,"M Grotheer"
"533",533,"I Nenadic"
"534",534,"L Münke"
"535",535,"S Kéri"
"536",536,"G Kovács"
"537",537,"B Keefe"
"538",538,"S Lawrence"
"539",539,"D McKeefry"
"540",540,"A Morland"
"541",541,"N Kloth"
"542",542,"L Jeffery"
"543",543,"G Rhodes"
"544",544,"K Storrs"
"545",545,"D Arnold"
"546",546,"T Retter"
"547",547,"C Menzel"
"548",548,"G Hayn-Leichsenring"
"549",549,"C Redies"
"550",550,"K Ritchie"
"551",551,"A Burton"
"552",552,"X Gao"
"553",553,"F Wilkinson"
"554",554,"K Lee"
"555",555,"E Mardo"
"556",556,"B Hadad"
"557",557,"F Biotti"
"558",558,"R Cook"
"559",559,"K Dalrymple"
"560",560,"B Duchaine"
"561",561,"J Guo"
"562",562,"T Susilo"
"563",563,"M Ramon"
"564",564,"T Busigny"
"565",565,"F Gosselin"
"566",566,"I Biederman"
"567",567,"S Herald"
"568",568,"X Xu"
"569",569,"O Amir"
"570",570,"B Shilowich"
"571",571,"R Brewer"
"572",572,"F Collins"
"573",573,"G Bird"
"574",574,"J Irons"
"575",575,"T Gradden"
"576",576,"G Zhang"
"577",577,"X He"
"578",578,"N Barnes"
"579",579,"E McKone"
"580",580,"E Whyte"
"581",581,"D Elbich"
"582",582,"N Minshew"
"583",583,"M Ewbank"
"584",584,"P Pell"
"585",585,"T Powell"
"586",586,"E Hagen"
"587",587,"S Baron-Cohen"
"588",588,"A Calder"
"589",589,"P Shah"
"590",590,"A Gaule"
"591",591,"H Han"
"592",592,"K Uchikawa"
"593",593,"R Russell"
"594",594,"A Porcheron"
"595",595,"J Sweda"
"596",596,"E Mauger"
"597",597,"F Morizot"
"598",598,"K Robinson"
"599",599,"D Fiset"
"600",600,"J Leclerc"
"601",601,"C Blais"
"602",602,"J Strachan"
"603",603,"S Tipper"
"604",604,"B Balas"
"605",605,"L Thomas"
"606",606,"C Sutherland"
"607",607,"X Liu"
"608",608,"Y Chu"
"609",609,"L Zhang"
"610",610,"J Oldmeadow"
"611",611,"A Young"
"612",612,"Y Xia"
"613",613,"A Liberman"
"614",614,"J Florey"
"615",615,"C Clifford"
"616",616,"I Mareschal"
"617",617,"Y Marcoux"
"618",618,"A Goulet"
"619",619,"C Pruneau"
"620",620,"H Forget"
"621",621,"F Soppelsa"
"622",622,"M Rutherford"
"623",623,"J Walsh"
"624",624,"S Creighton"
"625",625,"X Morin-Duchesne"
"626",626,"D Kennedy"
"627",627,"N Latif"
"628",628,"M Haque"
"629",629,"M Castelhano"
"630",630,"K Munhall"
"631",631,"I Mares"
"632",632,"M Johnson"
"633",633,"A Senju"
"634",634,"S Sato"
"635",635,"K Zhang"
"636",636,"F Beuth"
"637",637,"F Hamker"
"638",638,"E Gootjes-Dreesbach"
"639",639,"H Bowman"
"640",640,"G Harrison"
"641",641,"C Lau"
"642",642,"D Wilson"
"643",643,"A Zivony"
"644",644,"D Lamy"
"645",645,"S Martens"
"646",646,"S Wierda"
"647",647,"M Dun"
"648",648,"M Vries"
"649",649,"H Smid"
"650",650,"R Marois"
"651",651,"Y Jiang"
"652",652,"K Swallow"
"653",653,"C Valuch"
"654",654,"R Seywerth"
"655",655,"P König"
"656",656,"U Ansorge"
"657",657,"A Clement"
"658",658,"S Goodhew"
"659",659,"E Shen"
"660",660,"M Edwards"
"661",661,"T Inukai"
"662",662,"T Shimomura"
"663",663,"C Willems"
"664",664,"A Damsma"
"665",665,"N Taatgen"
"666",666,"A Alsufyani"
"667",667,"O Hajilou"
"668",668,"M Filetti"
"669",669,"A Zoumpoulaki"
"670",670,"H Luo"
"671",671,"B Guo"
"672",672,"J"
"673",673,"Y Huang"
"674",674,"S Bourrier"
"675",675,"J Enns"
"676",676,"R Heydt"
"677",677,"L Chen"
"678",678,"M Rosen"
"679",679,"C Stern"
"680",680,"K Devaney"
"681",681,"A Pastuszak"
"682",682,"S"
"683",683,"K Shapiro"
"684",684,"B Wyble"
"685",685,"H Chen"
"686",686,"J Stucynski"
"687",687,"C Callahan-Flintoft"
"688",688,"M Tan"
"689",689,"J Thompson"
"690",690,"D Crewther"
"691",691,"J Ritchie"
"692",692,"S Wardle"
"693",693,"A Rich"
"694",694,"S Graham"
"695",695,"M Williams"
"696",696,"C Herrera"
"697",697,"C Chubb"
"698",698,"A Lleras"
"699",699,"A Madison"
"700",700,"D Cronin"
"701",701,"Z Wang"
"702",702,"S Buetti"
"703",703,"W Kruijne"
"704",704,"M Meeter"
"705",705,"K Mirpour"
"706",706,"J Bisley"
"707",707,"E Mavritsaki"
"708",708,"A Cook"
"709",709,"G Humphreys"
"710",710,"M Mahadevan"
"711",711,"H Bedell"
"712",712,"S Stevenson"
"713",713,"S Yoo"
"714",714,"J Tsotsos"
"715",715,"M Fallah"
"716",716,"G Senturk"
"717",717,"A Greenberg"
"718",718,"T Liu"
"719",719,"M Kakvan"
"720",720,"A You"
"721",721,"S Adler"
"722",722,"D Vishwanath"
"723",723,"M Fluharty"
"724",724,"I Jentzsch"
"725",725,"M Spitschan"
"726",726,"S Pannasch"
"727",727,"C Gottschalk"
"728",728,"J Helmert"
"729",729,"R Fischer"
"730",730,"M Morrisey"
"731",731,"B Urgen"
"732",732,"P Demirayak"
"733",733,"F Ustun"
"734",734,"K Doerschner"
"735",735,"M Dodd"
"736",736,"B Bahle"
"737",737,"M Mills"
"738",738,"G McDonnell"
"739",739,"J MacInnes"
"740",740,"L Farisello"
"741",741,"K Elalouf"
"742",742,"J Applebaum"
"743",743,"J Pfaus"
"744",744,"Y Schelske"
"745",745,"T Ghose"
"746",746,"D LaCombe"
"747",747,"E Barenholtz"
"748",748,"K Ratnam"
"749",749,"W Harmening"
"750",750,"A Roorda"
"751",751,"A Robbins"
"752",752,"M Hout"
"753",753,"H Godwin"
"754",754,"G Fitzsimmons"
"755",755,"B Lawrence"
"756",756,"M Carrasco"
"757",757,"A Mihali"
"758",758,"B Opheusden"
"759",759,"W Ma"
"760",760,"R Amit"
"761",761,"S Greenberg"
"762",762,"K Rifai"
"763",763,"S Wahl"
"764",764,"D Rose"
"765",765,"P Bex"
"766",766,"Y Shan"
"767",767,"J Edelman"
"768",768,"J Jozefowiez"
"769",769,"S Rahmouni"
"770",770,"A Meermeier"
"771",771,"S Gremmler"
"772",772,"B Harvey"
"773",773,"A Fracasso"
"774",774,"N Petridou"
"775",775,"S Dumoulin"
"776",776,"H Zhou"
"777",777,"Y Ge"
"778",778,"P Zhang"
"779",779,"E Kupers"
"780",780,"H Wang"
"781",781,"D Heeger"
"782",782,"M Nguyen"
"783",783,"D Hermes"
"784",784,"E Cooper"
"785",785,"D Dong"
"786",786,"S Nikonov"
"787",787,"N Finlayson"
"788",788,"D Fougnie"
"789",789,"A Kanabar"
"790",790,"T Brady"
"791",791,"B Bernstein"
"792",792,"B Liverence"
"793",793,"S Franconeri"
"794",794,"N Kleene"
"795",795,"M Michel"
"796",796,"T Makovski"
"797",797,"H Pailian"
"798",798,"J Halberda"
"799",799,"M Pratte"
"800",800,"R Rademaker"
"801",801,"C Yu"
"802",802,"Y Xiong"
"803",803,"J Zhang"
"804",804,"S Szpiro"
"805",805,"P Miller"
"806",806,"J Bang"
"807",807,"K Shibata"
"808",808,"T Barnes-Diana"
"809",809,"J Nanez"
"810",810,"M Wexler"
"811",811,"P Mamassian"
"812",812,"B Ehinger"
"813",813,"J Ossandón"
"814",814,"U Parikh"
"815",815,"E Ganmor"
"816",816,"M Landy"
"817",817,"E Simoncelli"
"818",818,"D Melcher"
"819",819,"A Buonocore"
"820",820,"T Collins"
"821",821,"M Lisi"
"822",822,"M Szinte"
"823",823,"D Aagten-Murphy"
"824",824,"D Jonikaitis"
"825",825,"H Deubel"
"826",826,"C Wang"
"827",827,"D Brien"
"828",828,"D Munoz"
"829",829,"V Almeida"
"830",830,"J Santos"
"831",831,"J Linhares"
"832",832,"C João"
"833",833,"S Nascimento"
"834",834,"S Palmer"
"835",835,"K Schloss"
"836",836,"T Guo"
"837",837,"V Wung"
"838",838,"K Peng"
"839",839,"I Heck"
"840",840,"M Bloj"
"841",841,"D Weiß"
"842",842,"C"
"843",843,"L Álvaro"
"844",844,"C Gramazio"
"845",845,"C Walmsley"
"846",846,"F Schiller"
"847",847,"C Ripamonti"
"848",848,"M Hodgetts"
"849",849,"J Thomassen"
"850",850,"S Barton"
"851",851,"J Matthis"
"852",852,"M Parade"
"853",853,"N Boeddeker"
"854",854,"S Jetzschke"
"855",855,"M Ernst"
"856",856,"I Poulain"
"857",857,"C Gaignard"
"858",858,"G Marin"
"859",859,"B Mantel"
"860",860,"D Bernardin"
"861",861,"G Diaz"
"862",862,"A Smith"
"863",863,"K Binaee"
"864",864,"R Gopinathan"
"865",865,"D Cen"
"866",866,"S Vann"
"867",867,"K Clark"
"868",868,"J Saunders"
"869",869,"X Xing"
"870",870,"G Dachner"
"871",871,"W Warren"
"872",872,"H Zhao"
"873",873,"A Hess"
"874",874,"M Neider"
"875",875,"B Cooreman"
"876",876,"I Wiegand"
"877",877,"A Petersen"
"878",878,"S Vangkilde"
"879",879,"C Bundesen"
"880",880,"M Naber"
"881",881,"S Brown"
"882",882,"A Vedder"
"883",883,"S Nieuwenhuis"
"884",884,"I Nesterovsky"
"885",885,"L Shalev"
"886",886,"R Luria"
"887",887,"K Saar"
"888",888,"P Stern"
"889",889,"B Styr"
"890",890,"C Mevorach"
"891",891,"M Spaniol"
"892",892,"M Roberts"
"893",893,"T Vleet"
"894",894,"J DeGutis"
"895",895,"M Merzenich"
"896",896,"S Shimozaki"
"897",897,"E Swan"
"898",898,"C Hutchinson"
"899",899,"J Mahal"
"900",900,"S Simon-Dack"
"901",901,"L Gruss"
"902",902,"A Keil"
"903",903,"B Kennedy"
"904",904,"S Most"
"905",905,"C Mine"
"906",906,"J Saiki"
"907",907,"A Miranda"
"908",908,"M Chaparro"
"909",909,"A Hood"
"910",910,"J Keebler"
"911",911,"S Rima"
"912",912,"B Cottereau"
"913",913,"J Durand"
"914",914,"L Sha"
"915",915,"R Remington"
"916",916,"B Stankevich"
"917",917,"A Kristjánsson"
"918",918,"J Geng"
"919",919,"T Vickery"
"920",920,"K Friedman"
"921",921,"M MacLean"
"922",922,"N Wispinski"
"923",923,"B Nip"
"924",924,"C Chapman"
"925",925,"A Taylor"
"926",926,"J Barton"
"927",927,"C Riggs"
"928",928,"K Cornes"
"929",929,"R Guest"
"930",930,"N Donnelly"
"931",931,"C Peltier"
"932",932,"M Becker"
"933",933,"A Mishler"
"934",934,"J Lewis"
"935",935,"E Josephs"
"936",936,"B Hidalgo-Sotelo"
"937",937,"G Cook"
"938",938,"N Chang"
"939",939,"A Oliva"
"940",940,"J Brand"
"941",941,"Y Esses"
"942",942,"B Grohmann"
"943",943,"H Bodur"
"944",944,"A Hollingworth"
"945",945,"V Beck"
"946",946,"C Carlei"
"947",947,"D Kerzel"
"948",948,"Z Bolandnazar"
"949",949,"B Lennarz"
"950",950,"C Wu"
"951",951,"N Attar"
"952",952,"M Pomplun"
"953",953,"Y Ueda"
"954",954,"S Kurosu"
"955",955,"G Solman"
"956",956,"A Kingstone"
"957",957,"C Romero"
"958",958,"K Markovich"
"959",959,"Y Johnson"
"960",960,"S Adamo"
"961",961,"K Gray"
"962",962,"T Flack"
"963",963,"A Campbell"
"964",964,"S Yeung"
"965",965,"C Rubino"
"966",966,"A Ipser"
"967",967,"A Kirkham"
"968",968,"A Hayes"
"969",969,"L Delicato"
"970",970,"R Mason"
"971",971,"W Kendall"
"972",972,"R Todd"
"973",973,"G Shyi"
"974",974,"B Coffey"
"975",975,"S Bramschreiber"
"976",976,"A Mienaltowski"
"977",977,"C Daudelin-Peltier"
"978",978,"A Deschênes"
"979",979,"N Garcia"
"980",980,"M Mattar"
"981",981,"M Olkkonen"
"982",982,"G Aguirre"
"983",983,"J Billington"
"984",984,"M Nawrot"
"985",985,"B Connelly"
"986",986,"K Stroyan"
"987",987,"S Lauer"
"988",988,"Z Derzsi"
"989",989,"G Tarawneh"
"990",990,"K Alter"
"991",991,"C Mo"
"992",992,"D He"
"993",993,"F Fang"
"994",994,"H Ban"
"995",995,"Y Ikegaya"
"996",996,"K Nobre"
"997",997,"S Treue"
"998",998,"D Baldauf"
"999",999,"G Zelinsky"
"1000",1000,"J Fahrenfort"
"1001",1001,"A Landau"
"1002",1002,"I Fiebelkorn"
"1003",1003,"R VanRullen"
"1004",1004,"J Drewes"
"1005",1005,"C Olivers"
"1006",1006,"I Sligte"
"1007",1007,"F McNab"
"1008",1008,"P Roelfsema"
"1009",1009,"T Christophel"
"1010",1010,"A Afraz"
"1011",1011,"D Pitcher"
"1012",1012,"J Gardner"
"1013",1013,"F Briggs"
"1014",1014,"A Das"
"1015",1015,"G Boynton"
"1016",1016,"K Srihasam"
"1017",1017,"R Vogels"
"1018",1018,"D Freedman"
"1019",1019,"A Welchman"
"1020",1020,"M Tang"
"1021",1021,"J Dickinson"
"1022",1022,"T Visser"
"1023",1023,"J Burge"
"1024",1024,"N Davidenko"
"1025",1025,"Y Cheong"
"1026",1026,"J Smith"
"1027",1027,"R Allard"
"1028",1028,"A Arleo"
"1029",1029,"T Konkle"
"1030",1030,"M Greene"
"1031",1031,"J Maxfield"
"1032",1032,"Z Gregory"
"1033",1033,"P Edmiston"
"1034",1034,"G Lupyan"
"1035",1035,"B Boutonnet"
"1036",1036,"M Lages"
"1037",1037,"S Boyle"
"1038",1038,"R Jenkins"
"1039",1039,"K Dougherty"
"1040",1040,"M Cox"
"1041",1041,"D Leopold"
"1042",1042,"A Maier"
"1043",1043,"K Visscher"
"1044",1044,"J Griffis"
"1045",1045,"W Burge"
"1046",1046,"J Clevenger"
"1047",1047,"J Foster"
"1048",1048,"S Itthipuripat"
"1049",1049,"K Cha"
"1050",1050,"S Deering"
"1051",1051,"C Chen"
"1052",1052,"A Ignashchenkova"
"1053",1053,"Z Hafed"
"1054",1054,"H Jiang"
"1055",1055,"J Farrell"
"1056",1056,"B Wandell"
"1057",1057,"S Hong"
"1058",1058,"Q Yu"
"1059",1059,"W Shim"
"1060",1060,"M Snodderly"
"1061",1061,"H Ko"
"1062",1062,"C Carter"
"1063",1063,"B Zhou"
"1064",1064,"D Chang"
"1065",1065,"K Mullen"
"1066",1066,"A Stockman"
"1067",1067,"B Henning"
"1068",1068,"C Tyler"
"1069",1069,"D Lindsey"
"1070",1070,"A Brown"
"1071",1071,"D Brainard"
"1072",1072,"C Apicella"
"1073",1073,"S Marcos"
"1074",1074,"S Engel"
"1075",1075,"M Webster"
"1076",1076,"M Vergeer"
"1077",1077,"R Ee"
"1078",1078,"M Groleau"
"1079",1079,"M Bhat"
"1080",1080,"F Huppé-Gourgues"
"1081",1081,"R Couture"
"1082",1082,"Q Tan"
"1083",1083,"M Machizawa"
"1084",1084,"E Walsh"
"1085",1085,"L Chang"
"1086",1086,"Z Lin"
"1087",1087,"J Liu"
"1088",1088,"G Mei"
"1089",1089,"X Dong"
"1090",1090,"J Mesik"
"1091",1091,"A Patke"
"1092",1092,"X Xie"
"1093",1093,"R Dekel"
"1094",1094,"F Herpich"
"1095",1095,"M Melnick"
"1096",1096,"K Huxlin"
"1097",1097,"S Agosta"
"1098",1098,"L Battelli"
"1099",1099,"E Norton"
"1100",1100,"S Fleming"
"1101",1101,"N Daw"
"1102",1102,"R Chen"
"1103",1103,"S Cormiea"
"1104",1104,"M Vaziri-Pashkam"
"1105",1105,"K Nakayama"
"1106",1106,"J Fan"
"1107",1107,"C Fantoni"
"1108",1108,"D Pearson"
"1109",1109,"L Ianza"
"1110",1110,"W Gerbino"
"1111",1111,"G Lufityanto"
"1112",1112,"J Pearson"
"1113",1113,"N Tenhundfeld"
"1114",1114,"J Witt"
"1115",1115,"C Huang"
"1116",1116,"K Yarrow"
"1117",1117,"A Hadar"
"1118",1118,"P Rowe"
"1119",1119,"S Costa"
"1120",1120,"A Jones"
"1121",1121,"P Bédard"
"1122",1122,"K Mura"
"1123",1123,"M Huff"
"1124",1124,"S Rosa"
"1125",1125,"M Lubkull"
"1126",1126,"S Stephan"
"1127",1127,"A Saulton"
"1128",1128,"T Meilinger"
"1129",1129,"H Bülthoff"
"1130",1130,"R Cañal-Bruland"
"1131",1131,"S Ghahghaei"
"1132",1132,"T Menneer"
"1133",1133,"S Liversedge"
"1134",1134,"K Cave"
"1135",1135,"N Holliman"
"1136",1136,"A Deza"
"1137",1137,"E Akbas"
"1138",1138,"M Eckstein"
"1139",1139,"C Li"
"1140",1140,"M Aivar"
"1141",1141,"M Tong"
"1142",1142,"M Stroud"
"1143",1143,"E Kaplan"
"1144",1144,"N Mestry"
"1145",1145,"A Muhl-Richardson"
"1146",1146,"M Garner"
"1147",1147,"J Hadwin"
"1148",1148,"D Nick"
"1149",1149,"O Tew"
"1150",1150,"M Yoshida"
"1151",1151,"K Miura"
"1152",1152,"R Hashimoto"
"1153",1153,"M Fujimoto"
"1154",1154,"H Yamamori"
"1155",1155,"Y Yasuda"
"1156",1156,"K Ohi"
"1157",1157,"M Fukunaga"
"1158",1158,"M Takeda"
"1159",1159,"T Isa"
"1160",1160,"B Liaño"
"1161",1161,"D Rin"
"1162",1162,"A Schubö"
"1163",1163,"T Feldmann-Wüstefeld"
"1164",1164,"S Shioiri"
"1165",1165,"M Kobayashi"
"1166",1166,"K Matsumiya"
"1167",1167,"I Kuriki"
"1168",1168,"S Walenchok"
"1169",1169,"S Goldinger"
"1170",1170,"T Sørensen"
"1171",1171,"Á Ásgeirsson"
"1172",1172,"T Kawashima"
"1173",1173,"E Matsumoto"
"1174",1174,"D McLelland"
"1175",1175,"L Lavergne"
"1176",1176,"E Zimmermann"
"1177",1177,"M Teichmann"
"1178",1178,"J Schuster"
"1179",1179,"X Tian"
"1180",1180,"A Klapetek"
"1181",1181,"G Kumar"
"1182",1182,"S Chung"
"1183",1183,"S Pundlik"
"1184",1184,"R Woods"
"1185",1185,"G Luo"
"1186",1186,"M Carter"
"1187",1187,"S Thompson-Schill"
"1188",1188,"A Allon"
"1189",1189,"M Mon-Williams"
"1190",1190,"A Waterman"
"1191",1191,"P Culmer"
"1192",1192,"L Hill"
"1193",1193,"K Wilson"
"1194",1194,"A Au"
"1195",1195,"J Ardron"
"1196",1196,"J Ruppel"
"1197",1197,"G Einstein"
"1198",1198,"S Ferber"
"1199",1199,"A Vaskevich"
"1200",1200,"B Kilian"
"1201",1201,"K Hennig-Fast"
"1202",1202,"H Müller"
"1203",1203,"T Töllner"
"1204",1204,"K Finke"
"1205",1205,"K Antonelli"
"1206",1206,"C Williams"
"1207",1207,"K Evans"
"1208",1208,"A Baddeley"
"1209",1209,"Z Bylinskii"
"1210",1210,"P Isola"
"1211",1211,"A Torralba"
"1212",1212,"S Allred"
"1213",1213,"G Bae"
"1214",1214,"J Flombaum"
"1215",1215,"w zhang"
"1216",1216,"M Cappiello"
"1217",1217,"J New"
"1218",1218,"C LoSchiavo"
"1219",1219,"L Son"
"1220",1220,"S Tripathy"
"1221",1221,"H Ogmen"
"1222",1222,"C Wallraven"
"1223",1223,"J Freese"
"1224",1224,"W Xie"
"1225",1225,"W Zhang"
"1226",1226,"J Fiser"
"1227",1227,"A Koblinger"
"1228",1228,"M Lengyel"
"1229",1229,"E Gunseli"
"1230",1230,"K Daoultzis"
"1231",1231,"Y Hong"
"1232",1232,"C Larzabal"
"1233",1233,"N Bacon-Macé"
"1234",1234,"S Lee"
"1235",1235,"B Levy"
"1236",1236,"C Baker"
"1237",1237,"R Adams"
"1238",1238,"J Drover"
"1239",1239,"M Mercer"
"1240",1240,"S Scott"
"1241",1241,"A Earle"
"1242",1242,"M Terao"
"1243",1243,"I Murakami"
"1244",1244,"Y Cheung"
"1245",1245,"S Cheung"
"1246",1246,"D Yu"
"1247",1247,"Y Semizer"
"1248",1248,"Z Zhu"
"1249",1249,"A Yashar"
"1250",1250,"S Tkacz-Domb"
"1251",1251,"Y Yeshurun"
"1252",1252,"K Shin"
"1253",1253,"B Tjan"
"1254",1254,"J Nador"
"1255",1255,"M Lev"
"1256",1256,"U Polat"
"1257",1257,"J Greenwood"
"1258",1258,"S Solomon"
"1259",1259,"O Brault"
"1260",1260,"M Masson"
"1261",1261,"L Cameron"
"1262",1262,"M Levine"
"1263",1263,"J Anderson"
"1264",1264,"G Maiello"
"1265",1265,"W Harrison"
"1266",1266,"F Vera-Diaz"
"1267",1267,"R Chamberlain"
"1268",1268,"C Mullin"
"1269",1269,"J Hays"
"1270",1270,"D Varakin"
"1271",1271,"C Dickinson"
"1272",1272,"S Hinnant"
"1273",1273,"O Fields"
"1274",1274,"K Fiorentino"
"1275",1275,"R Gucwa"
"1276",1276,"H Kerr"
"1277",1277,"M Perez"
"1278",1278,"E Philipps"
"1279",1279,"C Simonet"
"1280",1280,"B Wasowski"
"1281",1281,"A Wray"
"1282",1282,"S Park"
"1283",1283,"K Ferrara"
"1284",1284,"B Landau"
"1285",1285,"J Hutson"
"1286",1286,"T Smith"
"1287",1287,"J Magliano"
"1288",1288,"G Heidebrecht"
"1289",1289,"T Hinkel"
"1290",1290,"J Tang"
"1291",1291,"A Schweinhart"
"1292",1292,"P Shafto"
"1293",1293,"E Essock"
"1294",1294,"A Larson"
"1295",1295,"Z Yang"
"1296",1296,"J Xu"
"1297",1297,"K Yun"
"1298",1298,"G Ge"
"1299",1299,"D Samaras"
"1300",1300,"B Strickland"
"1301",1301,"A Wertz"
"1302",1302,"G Labouret"
"1303",1303,"F Keil"
"1304",1304,"V Izard"
"1305",1305,"E Vessel"
"1306",1306,"J Stahl"
"1307",1307,"I Purton"
"1308",1308,"G Starr"
"1309",1309,"P Vetter"
"1310",1310,"L Reich"
"1311",1311,"A Amedi"
"1312",1312,"S Teng"
"1313",1313,"D Pantazis"
"1314",1314,"M Richards"
"1315",1315,"H Goltz"
"1316",1316,"A Wong"
"1317",1317,"F Jiang"
"1318",1318,"E Huber"
"1319",1319,"G Stecker"
"1320",1320,"I Fine"
"1321",1321,"P Jaekl"
"1322",1322,"H Kim"
"1323",1323,"H Nam"
"1324",1324,"J Hatem"
"1325",1325,"T Langlois"
"1326",1326,"K Yokosawa"
"1327",1327,"M Asano"
"1328",1328,"N Chambers"
"1329",1329,"B Tiernan"
"1330",1330,"D Grühn"
"1331",1331,"A Bevitt"
"1332",1332,"M Ellis"
"1333",1333,"O Ciripan"
"1334",1334,"J Schmidt"
"1335",1335,"K Chang"
"1336",1336,"E Elias"
"1337",1337,"M Dyer"
"1338",1338,"T Sweeny"
"1339",1339,"K Tong"
"1340",1340,"W Tang"
"1341",1341,"H Li"
"1342",1342,"N Ren"
"1343",1343,"X Fu"
"1344",1344,"H Xu"
"1345",1345,"P Liu"
"1346",1346,"Y Yuan"
"1347",1347,"W Lin"
"1348",1348,"T Tong"
"1349",1349,"A Enerson"
"1350",1350,"M Neta"
"1351",1351,"K Neath"
"1352",1352,"R Itier"
"1353",1353,"S McCrackin"
"1354",1354,"M Sormaz"
"1355",1355,"D Watson"
"1356",1356,"T Andrews"
"1357",1357,"A Leleu"
"1358",1358,"J Baudouin"
"1359",1359,"D Zagar"
"1360",1360,"R Brochard"
"1361",1361,"I"
"1362",1362,"M Zhao"
"1363",1363,"B Brown"
"1364",1364,"A Johnston"
"1365",1365,"S Utz"
"1366",1366,"C Carbon"
"1367",1367,"K Wood"
"1368",1368,"B Wolfe"
"1369",1369,"P Zheng"
"1370",1370,"Y Dong"
"1371",1371,"Y Le"
"1372",1372,"Y Sun"
"1373",1373,"G Yu"
"1374",1374,"P Quinn"
"1375",1375,"Y Jia"
"1376",1376,"N Xiao"
"1377",1377,"Quinn"
"1378",1378,"J Castro"
"1379",1379,"K Curby"
"1380",1380,"R Entenman"
"1381",1381,"Z Cheng"
"1382",1382,"T Chuk"
"1383",1383,"W Hayward"
"1384",1384,"A Chan"
"1385",1385,"J Hsiao"
"1386",1386,"F Yi"
"1387",1387,"K Jaworska"
"1388",1388,"R Ince"
"1389",1389,"P Schyns"
"1390",1390,"G Rousselet"
"1391",1391,"N Dupuis-Roy"
"1392",1392,"V McDuff"
"1393",1393,"L Maloney"
"1394",1394,"M Martello"
"1395",1395,"J Day"
"1396",1396,"S Lafortune"
"1397",1397,"J Duncan"
"1398",1398,"A Estephan"
"1399",1399,"J Royer"
"1400",1400,"M Meltzer"
"1401",1401,"G Ganesan"
"1402",1402,"M Min"
"1403",1403,"J Bartlett"
"1404",1404,"E Noyes"
"1405",1405,"J Grose-Fifer"
"1406",1406,"D Mascarelli"
"1407",1407,"E Kirilko"
"1408",1408,"K Constante"
"1409",1409,"A Medina"
"1410",1410,"D diFilipo"
"1411",1411,"C Cobarro"
"1412",1412,"M Itz"
"1413",1413,"J Golle"
"1414",1414,"S Luttmann"
"1415",1415,"S Schweinberger"
"1416",1416,"J Kaufmann"
"1417",1417,"S Scherf"
"1418",1418,"A End"
"1419",1419,"M Sunday"
"1420",1420,"J Richler"
"1421",1421,"I Gauthier"
"1422",1422,"J Tardif"
"1423",1423,"Q Cai"
"1424",1424,"C Luo"
"1425",1425,"D Sun"
"1426",1426,"S Tanguay"
"1427",1427,"A Estéphan"
"1428",1428,"R Floyd"
"1429",1429,"D Ross"
"1430",1430,"K Cheng"
"1431",1431,"Y Cheng"
"1432",1432,"V Chen"
"1433",1433,"N Binetti"
"1434",1434,"C Harrison"
"1435",1435,"A Coutrot"
"1436",1436,"K Arnell"
"1437",1437,"B Dube"
"1438",1438,"S Mathôt"
"1439",1439,"J Melmi"
"1440",1440,"L Linden"
"1441",1441,"S Stigchel"
"1442",1442,"M Poletti"
"1443",1443,"M Rucci"
"1444",1444,"J Herman"
"1445",1445,"R Krauzlis"
"1446",1446,"N Demeyere"
"1447",1447,"C Gillebert"
"1448",1448,"L Loftus"
"1449",1449,"M Persuh"
"1450",1450,"R Melara"
"1451",1451,"M Peters"
"1452",1452,"H Lau"
"1453",1453,"E Ward"
"1454",1454,"J Yates"
"1455",1455,"P Jonathan"
"1456",1456,"T Hudson"
"1457",1457,"C Walker"
"1458",1458,"Z Chen"
"1459",1459,"R Whitwell"
"1460",1460,"I Sperandio"
"1461",1461,"P Chouinard"
"1462",1462,"M Jogan"
"1463",1463,"A He"
"1464",1464,"A Tank"
"1465",1465,"A Stocker"
"1466",1466,"P Fattori"
"1467",1467,"K Hadjidimitrakis"
"1468",1468,"G Bo'"
"1469",1469,"A Bosco"
"1470",1470,"R Breveglieri"
"1471",1471,"C Galletti"
"1472",1472,"E Seemiller"
"1473",1473,"T Candy"
"1474",1474,"A Beers"
"1475",1475,"T Lewis"
"1476",1476,"O Collignon"
"1477",1477,"G Dormal"
"1478",1478,"A Heering"
"1479",1479,"F Lepore"
"1480",1480,"D Maurer"
"1481",1481,"M Joshi"
"1482",1482,"A Simmers"
"1483",1483,"S Jeon"
"1484",1484,"S Kanjlia"
"1485",1485,"C Lane"
"1486",1486,"L Feigenson"
"1487",1487,"M Bedny"
"1488",1488,"S Franceschini"
"1489",1489,"J Oron"
"1490",1490,"G Yovel"
"1491",1491,"P Plaza"
"1492",1492,"L Renier"
"1493",1493,"A Volder"
"1494",1494,"J Rauschecker"
"1495",1495,"L Germine"
"1496",1496,"E Dunn"
"1497",1497,"K McLaughlin"
"1498",1498,"J Wilmer"
"1499",1499,"J Smoller"
"1500",1500,"B Xu"
"1501",1501,"T Watson"
"1502",1502,"Y Otsuka"
"1503",1503,"M Vida"
"1504",1504,"H Clark"
"1505",1505,"J Perrone"
"1506",1506,"C Paeye"
"1507",1507,"J Churan"
"1508",1508,"D Hofmann"
"1509",1509,"P Hesse"
"1510",1510,"F Bremmer"
"1511",1511,"H Devillez"
"1512",1512,"E Kristensen"
"1513",1513,"N Guyader"
"1514",1514,"B Rivet"
"1515",1515,"A Dugué"
"1516",1516,"C Gagliardi"
"1517",1517,"A Yazdanbakhsh"
"1518",1518,"A Herwig"
"1519",1519,"K Weiß"
"1520",1520,"W Schneider"
"1521",1521,"H Greene"
"1522",1522,"J Brown"
"1523",1523,"D Souto"
"1524",1524,"M Matziridi"
"1525",1525,"J Victor"
"1526",1526,"M Boi"
"1527",1527,"C Scholes"
"1528",1528,"N Roach"
"1529",1529,"M Nyström"
"1530",1530,"P McGraw"
"1531",1531,"D Snodderly"
"1532",1532,"M Aytekin"
"1533",1533,"D Liston"
"1534",1534,"L Stone"
"1535",1535,"A Meso"
"1536",1536,"G Masson"
"1537",1537,"Y Mohsenzadeh"
"1538",1538,"A White"
"1539",1539,"M Rolfs"
"1540",1540,"E Wu"
"1541",1541,"F Chua"
"1542",1542,"S Yen"
"1543",1543,"I Bloem"
"1544",1544,"T Janati"
"1545",1545,"S Ling"
"1546",1546,"M Jiang"
"1547",1547,"S Huang"
"1548",1548,"J Duan"
"1549",1549,"Q Zhao"
"1550",1550,"S Poltoratski"
"1551",1551,"D Osher"
"1552",1552,"S Tobyne"
"1553",1553,"K Congden"
"1554",1554,"S Michalka"
"1555",1555,"L Oksama"
"1556",1556,"L Nummenmaa"
"1557",1557,"J Hyönä"
"1558",1558,"S Nelli"
"1559",1559,"S Fraley"
"1560",1560,"A Marino"
"1561",1561,"J Mazer"
"1562",1562,"M Jenkins"
"1563",1563,"G Doucet"
"1564",1564,"R Gulli"
"1565",1565,"N Córdova"
"1566",1566,"A Tompary"
"1567",1567,"N Carlisle"
"1568",1568,"A Nitka"
"1569",1569,"J Brissenden"
"1570",1570,"E Levin"
"1571",1571,"M Halko"
"1572",1572,"S McMains"
"1573",1573,"R Hutchison"
"1574",1574,"R Mair"
"1575",1575,"M Mollison"
"1576",1576,"D Schlangen"
"1577",1577,"A Wutz"
"1578",1578,"M Hatfield"
"1579",1579,"E Gregory"
"1580",1580,"M McCloskey"
"1581",1581,"M Schurgin"
"1582",1582,"R Pramod"
"1583",1583,"S Arun"
"1584",1584,"J Houpt"
"1585",1585,"B Jennings"
"1586",1586,"C Leek"
"1587",1587,"S Johnston"
"1588",1588,"F Cristino"
"1589",1589,"H Tokgozoglu"
"1590",1590,"B Anderson"
"1591",1591,"S Yantis"
"1592",1592,"C Connor"
"1593",1593,"M Bushmakin"
"1594",1594,"T James"
"1595",1595,"L Vale"
"1596",1596,"G Gerger"
"1597",1597,"H Leder"
"1598",1598,"S Barth"
"1599",1599,"C Reed"
"1600",1600,"D Vyas"
"1601",1601,"A Harris"
"1602",1602,"M NAGAHATA"
"1603",1603,"M ONODA"
"1604",1604,"E MITO"
"1605",1605,"M HARASAWA"
"1606",1606,"H ISHIKANE"
"1607",1607,"B Connor"
"1608",1608,"J Parnes"
"1609",1609,"B Arad"
"1610",1610,"O Ben-Shahar"
"1611",1611,"T Gawne"
"1612",1612,"J Siegwart"
"1613",1613,"A Ward"
"1614",1614,"T Norton"
"1615",1615,"A Coia"
"1616",1616,"M Crognale"
"1617",1617,"M Greenlee"
"1618",1618,"M Siebertz"
"1619",1619,"K Rosengarth"
"1620",1620,"M Malania"
"1621",1621,"T Plank"
"1622",1622,"J Vanston"
"1623",1623,"A Freeman"
"1624",1624,"G Luo-Li"
"1625",1625,"D Alais"
"1626",1626,"S Wuerger"
"1627",1627,"J Powell"
"1628",1628,"A"
"1629",1629,"L Parkes"
"1630",1630,"R Lafer-Sousa"
"1631",1631,"N Kanwisher"
"1632",1632,"B Conway"
"1633",1633,"T Shepard"
"1634",1634,"R Eskew"
"1635",1635,"C McCarthy"
"1636",1636,"N Ochandarena"
"1637",1637,"V Billock"
"1638",1638,"E Zachi"
"1639",1639,"T Costa"
"1640",1640,"M Barboni"
"1641",1641,"D Ventura"
"1642",1642,"J Ding"
"1643",1643,"D Levi"
"1644",1644,"G Maehara"
"1645",1645,"B Thompson"
"1646",1646,"B Mansouri"
"1647",1647,"R Farivar"
"1648",1648,"A Chima"
"1649",1649,"S Waugh"
"1650",1650,"M Formankiewicz"
"1651",1651,"Z Hussain"
"1652",1652,"B Webb"
"1653",1653,"S Watt"
"1654",1654,"L Ryan"
"1655",1655,"K Dieter"
"1656",1656,"R Blake"
"1657",1657,"C Ng"
"1658",1658,"B Farell"
"1659",1659,"L Cai"
"1660",1660,"A Yuan"
"1661",1661,"B Backus"
"1662",1662,"V Holten"
"1663",1663,"S Stuit"
"1664",1664,"M Smagt"
"1665",1665,"R Denison"
"1666",1666,"T Cao"
"1667",1667,"S Katyal"
"1668",1668,"D Cox"
"1669",1669,"W Wang"
"1670",1670,"S Shevell"
"1671",1671,"K Burnett"
"1672",1672,"I Arend"
"1673",1673,"A Henik"
"1674",1674,"D Apthorp"
"1675",1675,"O Flynn"
"1676",1676,"A Shapiro"
"1677",1677,"K Adolph"
"1678",1678,"D Millman"
"1679",1679,"L Steiger"
"1680",1680,"D Simon"
"1681",1681,"A Hughes"
"1682",1682,"M Fawcett"
"1683",1683,"D Tolhurst"
"1684",1684,"M Ichikawa"
"1685",1685,"Y Masakura"
"1686",1686,"L Miller"
"1687",1687,"H Agnew"
"1688",1688,"K Pilz"
"1689",1689,"M Agaoglu"
"1690",1690,"J Patrick"
"1691",1691,"J Newport"
"1692",1692,"B DeVries"
"1693",1693,"B Sheliga"
"1694",1694,"E FitzGibbon"
"1695",1695,"K Smith"
"1696",1696,"J Davis"
"1697",1697,"B Bergen"
"1698",1698,"E Vul"
"1699",1699,"M Spence"
"1700",1700,"P Dux"
"1701",1701,"R Tanaka"
"1702",1702,"Y Yotsumoto"
"1703",1703,"W Bainbridge"
"1704",1704,"D Dilks"
"1705",1705,"K Bettencourt"
"1706",1706,"Y Xu"
"1707",1707,"M Burke"
"1708",1708,"G Barnes"
"1709",1709,"C Gonzalez"
"1710",1710,"K Holiday"
"1711",1711,"L Ungerleider"
"1712",1712,"M Rahmati"
"1713",1713,"G Saber"
"1714",1714,"C Curtis"
"1715",1715,"N Thigpen"
"1716",1716,"K Oberauer"
"1717",1717,"A Heinz"
"1718",1718,"J Johnson"
"1719",1719,"G Gurariy"
"1720",1720,"D Peterson"
"1721",1721,"M Berryhill"
"1722",1722,"K Killebrew"
"1723",1723,"G Gurairy"
"1724",1724,"G Kim"
"1725",1725,"K Norman"
"1726",1726,"H Lee"
"1727",1727,"A Cowen"
"1728",1728,"B Kuhl"
"1729",1729,"L Luu"
"1730",1730,"V Ven"
"1731",1731,"A Sack"
"1732",1732,"W Zoest"
"1733",1733,"M Giammarco"
"1734",1734,"K Turner"
"1735",1735,"E Guild"
"1736",1736,"N Al-Aidroos"
"1737",1737,"H Benoni"
"1738",1738,"J Theeuwes"
"1739",1739,"M Failing"
"1740",1740,"E Sasin"
"1741",1741,"M Nieuwenstein"
"1742",1742,"J Retell"
"1743",1743,"D Venini"
"1744",1744,"K Moore"
"1745",1745,"G Ramos"
"1746",1746,"K Trencheny"
"1747",1747,"J Moher"
"1748",1748,"C Leonard"
"1749",1749,"S Luck"
"1750",1750,"F Goller"
"1751",1751,"N Gaspelin"
"1752",1752,"C Folk"
"1753",1753,"C Barras"
"1754",1754,"J Cosman"
"1755",1755,"C Cunningham"
"1756",1756,"H Egeth"
"1757",1757,"V Froyen"
"1758",1758,"N Kogo"
"1759",1759,"T Kwon"
"1760",1760,"K Agrawal"
"1761",1761,"Y Li"
"1762",1762,"Z Pizlo"
"1763",1763,"L Palumbo"
"1764",1764,"N Ruta"
"1765",1765,"M Bertamini"
"1766",1766,"M Roche"
"1767",1767,"B Keane"
"1768",1768,"T Papathomas"
"1769",1769,"S Silverstein"
"1770",1770,"A Coningham"
"1771",1771,"G Stuart"
"1772",1772,"K McAnally"
"1773",1773,"A Grzymisch"
"1774",1774,"C Grimsen"
"1775",1775,"U Ernst"
"1776",1776,"M Maniglia"
"1777",1777,"A Pavan"
"1778",1778,"Y Trotter"
"1779",1779,"R Nelson"
"1780",1780,"N Hebda"
"1781",1781,"L Strother"
"1782",1782,"D Todorovic"
"1783",1783,"L Jovanovic"
"1784",1784,"B Machilsen"
"1785",1785,"M Demeyer"
"1786",1786,"M Burrola"
"1787",1787,"D Mathieson"
"1788",1788,"M Hofer"
"1789",1789,"W Park"
"1790",1790,"Ö Tanrıkulu"
"1791",1791,"L de-Wit"
"1792",1792,"B Sheth"
"1793",1793,"J Patel"
"1794",1794,"E Salvagio"
"1795",1795,"R Gomez"
"1796",1796,"J Lass"
"1797",1797,"D Paterno"
"1798",1798,"J Jun"
"1799",1799,"S Chong"
"1800",1800,"C Damiano"
"1801",1801,"D Walther"
"1802",1802,"M Gong"
"1803",1803,"L Olzak"
"1804",1804,"C Gottesman"
"1805",1805,"W Dodson"
"1806",1806,"I Groen"
"1807",1807,"S Jahfari"
"1808",1808,"V Lamme"
"1809",1809,"H Scholte"
"1810",1810,"Q Fu"
"1811",1811,"X Zhou"
"1812",1812,"Z Dienes"
"1813",1813,"J Clarke"
"1814",1814,"A Mack"
"1815",1815,"N Gronau"
"1816",1816,"R Amar"
"1817",1817,"A Izoutcheev"
"1818",1818,"T"
"1819",1819,"I Ravravi"
"1820",1820,"J Kubilius"
"1821",1821,"P Ramkumar"
"1822",1822,"R Hale"
"1823",1823,"B McDunn"
"1824",1824,"P Sareen"
"1825",1825,"A Siddiqui"
"1826",1826,"T Sanocki"
"1827",1827,"S Schultz"
"1828",1828,"M Potter"
"1829",1829,"C Hagmann"
"1830",1830,"Q Wan"
"1831",1831,"J Lukavsky"
"1832",1832,"F Dechterenko"
"1833",1833,"K Kveraga"
"1834",1834,"J Boshyan"
"1835",1835,"N Ward"
"1836",1836,"N Hadjikhani"
"1837",1837,"S Cunningham"
"1838",1838,"P Bao"
"1839",1839,"P Falabella"
"1840",1840,"J Weiland"
"1841",1841,"T Dekker"
"1842",1842,"M Sereno"
"1843",1843,"B Velde"
"1844",1844,"M Nardini"
"1845",1845,"A Saygin"
"1846",1846,"B Rowland"
"1847",1847,"T Perrault"
"1848",1848,"J Vaughan"
"1849",1849,"B Stein"
"1850",1850,"C Parise"
"1851",1851,"H Adeli"
"1852",1852,"F Vitu"
"1853",1853,"W Abbott"
"1854",1854,"A Thomik"
"1855",1855,"A Mackenzie"
"1856",1856,"J Harris"
"1857",1857,"H Krüger"
"1858",1858,"D Pressnitzer"
"1859",1859,"H Kang"
"1860",1860,"S Teki"
"1861",1861,"C Patrick"
"1862",1862,"H Mazyar"
"1863",1863,"K Ramakrishnan"
"1864",1864,"S Scholte"
"1865",1865,"A Smeulders"
"1866",1866,"S Ghebreab"
"1867",1867,"X Fan"
"1868",1868,"H Shao"
"1869",1869,"S Sokol"
"1870",1870,"X Wang"
"1871",1871,"Y Bi"
"1872",1872,"A Khosla"
"1873",1873,"J Yeatman"
"1874",1874,"E Chadnova"
"1875",1875,"A Reynaud"
"1876",1876,"S Clavagnier"
"1877",1877,"S Baillet"
"1878",1878,"I Serrano-Pedraza"
"1879",1879,"S Arranz-Paraíso"
"1880",1880,"V Romero-Ferreiro"
"1881",1881,"H Bridge"
"1882",1882,"M Cutone"
"1883",1883,"L Wilcox"
"1884",1884,"K Eo"
"1885",1885,"O Cha"
"1886",1886,"R Cao"
"1887",1887,"S Gayet"
"1888",1888,"A Belopolsky"
"1889",1889,"J Arató"
"1890",1890,"B Bays"
"1891",1891,"X Wei"
"1892",1892,"P Ortega"
"1893",1893,"N Hindy"
"1894",1894,"F Ng"
"1895",1895,"Y Luo"
"1896",1896,"K McDermott"
"1897",1897,"A Chopin"
"1898",1898,"A Ptukha"
"1899",1899,"S Tyler"
"1900",1900,"F Contò"
"1901",1901,"R Wang"
"1902",1902,"Y Shen"
"1903",1903,"P Tino"
"1904",1904,"Z Kourtzi"
"1905",1905,"X Zhuang"
"1906",1906,"K Gunther"
"1907",1907,"J Owens"
"1908",1908,"R Bachy"
"1909",1909,"Q Zaidi"
"1910",1910,"K Tregillus"
"1911",1911,"J Werner"
"1912",1912,"S Srivatsav"
"1913",1913,"J Webster"
"1914",1914,"G Riesen"
"1915",1915,"G Livitiz"
"1916",1916,"E Mingolla"
"1917",1917,"G Livitz"
"1918",1918,"A Krieger"
"1919",1919,"H Dubin"
"1920",1920,"B Pearce"
"1921",1921,"S Aston"
"1922",1922,"A Hurlbert"
"1923",1923,"A Radonjić"
"1924",1924,"D Foster"
"1925",1925,"K Amano"
"1926",1926,"J Ara"
"1927",1927,"S Mednicoff"
"1928",1928,"J Lillo"
"1929",1929,"H Moreira"
"1930",1930,"M Rudd"
"1931",1931,"S Holloway"
"1932",1932,"M McBeath"
"1933",1933,"K Etten"
"1934",1934,"M Kinateder"
"1935",1935,"M Wiener"
"1936",1936,"K Michaelis"
"1937",1937,"N Paul"
"1938",1938,"S Marchette"
"1939",1939,"B Nguyen"
"1940",1940,"J Plummer"
"1941",1941,"R Wilkie"
"1942",1942,"C Mole"
"1943",1943,"G Kountouriotis"
"1944",1944,"N Merat"
"1945",1945,"P Gardner"
"1946",1946,"S Balk"
"1947",1947,"V Inman"
"1948",1948,"W Perez"
"1949",1949,"J Beridze"
"1950",1950,"M Shah"
"1951",1951,"J Juarez"
"1952",1952,"D Gill"
"1953",1953,"L DeBruine"
"1954",1954,"B Jones"
"1955",1955,"J O'Keeffe*"
"1956",1956,"K Jozwik*"
"1957",1957,"S Abdel-Ghaffar"
"1958",1958,"S Bishop"
"1959",1959,"V Zachariou"
"1960",1960,"Z Safiullah"
"1961",1961,"Q Wang"
"1962",1962,"G Chen"
"1963",1963,"G Fu"
"1964",1964,"K Weibert"
"1965",1965,"R Harris"
"1966",1966,"A Mitchell"
"1967",1967,"H Byrne"
"1968",1968,"C Hahn"
"1969",1969,"P Phillips"
"1970",1970,"R McGugin"
"1971",1971,"A Gulick"
"1972",1972,"N Peatfield"
"1973",1973,"N Mueller"
"1974",1974,"P Ruhnau"
"1975",1975,"N Weisz"
"1976",1976,"J Jonas"
"1977",1977,"J Liu-Shuang"
"1978",1978,"C Jacques"
"1979",1979,"L Maillard"
"1980",1980,"S Kanazawa"
"1981",1981,"M Yamaguchi"
"1982",1982,"R Kakigi"
"1983",1983,"R Vernon"
"1984",1984,"A Gouws"
"1985",1985,"H Brown"
"1986",1986,"A Nestor"
"1987",1987,"C Patterson"
"1988",1988,"T Osugi"
"1989",1989,"D Hayashi"
"1990",1990,"J Madrid"
"1991",1991,"Z Peremen"
"1992",1992,"A Kimbler"
"1993",1993,"A Renfro"
"1994",1994,"L Holder"
"1995",1995,"M Erol"
"1996",1996,"J Bert"
"1997",1997,"R Goldstein"
"1998",1998,"M Beck"
"1999",1999,"M deBettencourt"
"2000",2000,"M Daignault"
"2001",2001,"D McAuley"
"2002",2002,"H Wyland"
"2003",2003,"S Vecera"
"2004",2004,"E Pechenkova"
"2005",2005,"M Kuvaldina"
"2006",2006,"L Litvinova"
"2007",2007,"A Rumshiskaya"
"2008",2008,"P Iamshchinina"
"2009",2009,"V Sinitsyn"
"2010",2010,"B Bucker"
"2011",2011,"A Familiar"
"2012",2012,"T Yokoyama"
"2013",2013,"S Padmala"
"2014",2014,"L Pessoa"
"2015",2015,"S Li"
"2016",2016,"D Hayward"
"2017",2017,"E Pereira"
"2018",2018,"T Vogel"
"2019",2019,"K Stewart"
"2020",2020,"J Ristic"
"2021",2021,"L Arcurio"
"2022",2022,"A Nikoulina"
"2023",2023,"F Pestilli"
"2024",2024,"N Khan"
"2025",2025,"V Ferrera"
"2026",2026,"N Petro"
"2027",2027,"S Yin"
"2028",2028,"H Huang"
"2029",2029,"M Ding"
"2030",2030,"G Rampone"
"2031",2031,"A Makin"
"2032",2032,"A Schupak"
"2033",2033,"A Caspi"
"2034",2034,"E Chajut"
"2035",2035,"A Brockhoff"
"2036",2036,"H Lei"
"2037",2037,"D Duan"
"2038",2038,"X Zhang"
"2039",2039,"X Yan"
"2040",2040,"Z Ma"
"2041",2041,"S Zhong"
"2042",2042,"C Wilson"
"2043",2043,"D Tullo"
"2044",2044,"A Bertone"
"2045",2045,"B Weber"
"2046",2046,"A Sherman"
"2047",2047,"T Yago"
"2048",2048,"T Chauhan"
"2049",2049,"M Juni"
"2050",2050,"Y Gao"
"2051",2051,"S Kawashimo"
"2052",2052,"M Watanabe"
"2053",2053,"J Thomas"
"2054",2054,"E Runeson"
"2055",2055,"B Perelman"
"2056",2056,"S Mueller"
"2057",2057,"H Schütt"
"2058",2058,"S Harmeling"
"2059",2059,"J Macke"
"2060",2060,"F Wichmann"
"2061",2061,"J Mulligan"
"2062",2062,"J Ferwerda"
"2063",2063,"C DiMattina"
"2064",2064,"L Caplette"
"2065",2065,"P Desroches"
"2066",2066,"B Wicker"
"2067",2067,"G Benvenuti"
"2068",2068,"S Chemla"
"2069",2069,"A Boonman"
"2070",2070,"F Chavane"
"2071",2071,"S Mascheretti"
"2072",2072,"E Giora"
"2073",2073,"E Quadrelli"
"2074",2074,"C Marino"
"2075",2075,"K Michalopoulos"
"2076",2076,"P Spinelli"
"2077",2077,"T Pasternak"
"2078",2078,"N Busby"
"2079",2079,"W Herbert"
"2080",2080,"L Jones"
"2081",2081,"V Nityananda"
"2082",2082,"W Taouali"
"2083",2083,"A Zaharia"
"2084",2084,"R Goris"
"2085",2085,"J Movshon"
"2086",2086,"A Levine"
"2087",2087,"C Codina"
"2088",2088,"D Buckley"
"2089",2089,"G Sousa"
"2090",2090,"H Baseler"
"2091",2091,"F Ma"
"2092",2092,"G Sperling"
"2093",2093,"P Sun"
"2094",2094,"C Carlson"
"2095",2095,"U Majmudar"
"2096",2096,"J Nguyen"
"2097",2097,"E Torres"
"2098",2098,"V Frommherz"
"2099",2099,"W Lagrèze"
"2100",2100,"N Troje"
"2101",2101,"U Ju"
"2102",2102,"H Buelthoff"
"2103",2103,"L Fademrecht"
"2104",2104,"I Bülthoff"
"2105",2105,"A Hafri"
"2106",2106,"J Trueswell"
"2107",2107,"L Fedorov"
"2108",2108,"M Giese"
"2109",2109,"G Sandini"
"2110",2110,"N Noceti"
"2111",2111,"A Vignolo"
"2112",2112,"A Sciutti"
"2113",2113,"F Rea"
"2114",2114,"A Verri"
"2115",2115,"F Odone"
"2116",2116,"A Kadambi"
"2117",2117,"A Pham"
"2118",2118,"H Lu"
"2119",2119,"S Thurman"
"2120",2120,"W Bushong"
"2121",2121,"J Su"
"2122",2122,"Z Gao"
"2123",2123,"X Lu"
"2124",2124,"M Shen"
"2125",2125,"F Zhang"
"2126",2126,"T Romeas"
"2127",2127,"N Taubert"
"2128",2128,"J Li"
"2129",2129,"D Endres"
"2130",2130,"S Markovic"
"2131",2131,"T Bulut"
"2132",2132,"E Aminoff"
"2133",2133,"M Toneva"
"2134",2134,"A Gupta"
"2135",2135,"J Gallant"
"2136",2136,"A Huth"
"2137",2137,"D Stansbury"
"2138",2138,"P Bryan"
"2139",2139,"J Park"
"2140",2140,"R Hamilton"
"2141",2141,"G Edwards"
"2142",2142,"L Vizioli"
"2143",2143,"L Muckli"
"2144",2144,"F Kamps"
"2145",2145,"M Lowe"
"2146",2146,"J Cant"
"2147",2147,"A Morgan"
"2148",2148,"L Petro"
"2149",2149,"F"
"2150",2150,"J Zimmermann"
"2151",2151,"F Martino"
"2152",2152,"J Fischer"
"2153",2153,"A Persichetti"
"2154",2154,"M Dillon"
"2155",2155,"E Spelke"
"2156",2156,"H Choo"
"2157",2157,"B Nikrahei"
"2158",2158,"J Nasar"
"2159",2159,"I Fründ"
"2160",2160,"J Elder"
"2161",2161,"E Gheorghiu"
"2162",2162,"A Remkes"
"2163",2163,"S Rainville"
"2164",2164,"E Green"
"2165",2165,"A Gorea"
"2166",2166,"T Yoshizawa"
"2167",2167,"C Nakashima"
"2168",2168,"K Sakurai"
"2169",2169,"W Beaudot"
"2170",2170,"C Qiu"
"2171",2171,"S Saggi"
"2172",2172,"C Mazzi"
"2173",2173,"S Savazzi"
"2174",2174,"G Goren"
"2175",2175,"A Ayeni"
"2176",2176,"A Farkas"
"2177",2177,"H Kourtev"
"2178",2178,"Y Papayanopoulos"
"2179",2179,"J Cai"
"2180",2180,"G Ma"
"2181",2181,"X Wen"
"2182",2182,"K Kang"
"2183",2183,"X Huang"
"2184",2184,"S Chen"
"2185",2185,"J Zhou"
"2186",2186,"M Compton"
"2187",2187,"N Hanning"
"2188",2188,"S Dhawan"
"2189",2189,"M Patterson"
"2190",2190,"H Sor"
"2191",2191,"H Shin"
"2192",2192,"H Balaban"
"2193",2193,"D Vito"
"2194",2194,"M Fenske"
"2195",2195,"A Kiyonaga"
"2196",2196,"T Egner"
"2197",2197,"M Kibbe"
"2198",2198,"R Shui"
"2199",2199,"Q Sun"
"2200",2200,"W Yu"
"2201",2201,"T Gao"
"2202",2202,"L Thibault"
"2203",2203,"C Sergent"
"2204",2204,"S Born"
"2205",2205,"M Manassi"
"2206",2206,"F Hermens"
"2207",2207,"G Francis"
"2208",2208,"A Kalpadakis-Smith"
"2209",2209,"M Schallmo"
"2210",2210,"S Sponheim"
"2211",2211,"T Wallis"
"2212",2212,"M Bethge"
"2213",2213,"S Joo"
"2214",2214,"J Boxtel"
"2215",2215,"M Monti"
"2216",2216,"A Tacchetti"
"2217",2217,"L Isik"
"2218",2218,"T Poggio"
"2219",2219,"G Vannuscorps"
"2220",2220,"G Orban"
"2221",2221,"A Platonov"
"2222",2222,"C Hickey"
"2223",2223,"M Esterman"
"2224",2224,"K Russo"
"2225",2225,"G Liu"
"2226",2226,"F Fortenbaugh"
"2227",2227,"J Freitas"
"2228",2228,"N Myers"
"2229",2229,"A Nobre"
"2230",2230,"D Hoppe"
"2231",2231,"C Rothkopf"
"2232",2232,"D Kim"
"2233",2233,"S Lokey"
"2234",2234,"P Howe"
"2235",2235,"A Ferguson"
"2236",2236,"M Inyutina"
"2237",2237,"H Sun"
"2238",2238,"M Boucart"
"2239",2239,"S Szaffarczyk"
"2240",2240,"C Beugnet"
"2241",2241,"C Baldassano"
"2242",2242,"A Esteva"
"2243",2243,"M Lescroart"
"2244",2244,"M Vo"
"2245",2245,"T Cornelissen"
"2246",2246,"S Oehlschlaeger"
"2247",2247,"K Zipser"
"2248",2248,"D Wright"
"2249",2249,"C Blair"
"2250",2250,"R Mruczek"
"2251",2251,"C Hung"
"2252",2252,"J Day-Cooney"
"2253",2253,"B Russ"
"2254",2254,"C Yen"
"2255",2255,"L Notardonato"
"2256",2256,"M Kumar"
"2257",2257,"K Federmeier"
"2258",2258,"M Schira"
"2259",2259,"P Robinson"
"2260",2260,"M Breakspear"
"2261",2261,"K Aquino"
"2262",2262,"N Benson"
"2263",2263,"M Cohen"
"2264",2264,"E Silson"
"2265",2265,"A Steel"
"2266",2266,"R Reynolds"
"2267",2267,"D Kravitz"
"2268",2268,"A Coros"
"2269",2269,"S Uum"
"2270",2270,"D Lee"
"2271",2271,"A Fraser"
"2272",2272,"A Proulx"
"2273",2273,"M Foodale"
"2274",2274,"N Duggal"
"2275",2275,"S Morand"
"2276",2276,"J Gross"
"2277",2277,"G Thut"
"2278",2278,"R Rosen"
"2279",2279,"S Metgud"
"2280",2280,"L Cherneski"
"2281",2281,"S Green"
"2282",2282,"E Brenner"
"2283",2283,"J Smeets"
"2284",2284,"C Malla"
"2285",2285,"S Buiteman"
"2286",2286,"W Otters"
"2287",2287,"S Ho"
"2288",2288,"S Chang"
"2289",2289,"Y Pang"
"2290",2290,"Z King"
"2291",2291,"N Tenhudnfeld"
"2292",2292,"C Gamble"
"2293",2293,"J Lopez-Moliner"
"2294",2294,"R Gray"
"2295",2295,"L Wilkins"
"2296",2296,"A Mandal"
"2297",2297,"N Strang"
"2298",2298,"V Manahilov"
"2299",2299,"R Azadi"
"2300",2300,"M Harwood"
"2301",2301,"S Fairhall"
"2302",2302,"J Schwarzbach"
"2303",2303,"M Koningsbruggen"
"2304",2304,"A Lingnau"
"2305",2305,"B Baltaretu"
"2306",2306,"B Dunkley"
"2307",2307,"M Morgan"
"2308",2308,"B Dillenburger"
"2309",2309,"C Wolf"
"2310",2310,"T Brandman"
"2311",2311,"K Weldon"
"2312",2312,"A Woolgar"
"2313",2313,"J Sui"
"2314",2314,"B Keller"
"2315",2315,"S Monfared"
"2316",2316,"S Milligan"
"2317",2317,"B Tamber-Rosenau"
"2318",2318,"S Long"
"2319",2319,"M Gannon"
"2320",2320,"N Parks"
"2321",2321,"S Hagen"
"2322",2322,"U Luxburg"
"2323",2323,"M Fabre-Thorpe"
"2324",2324,"M Cauchoix"
"2325",2325,"M Ehlers"
"2326",2326,"J Whitman"
"2327",2327,"D Müller"
"2328",2328,"A Anderson"
"2329",2329,"K Das"
"2330",2330,"B Giri"
"2331",2331,"A Chowdhury"
"2332",2332,"S Chakravarty"
"2333",2333,"D Coggan"
"2334",2334,"W Liu"
"2335",2335,"A Cate"
"2336",2336,"S Roldan"
"2337",2337,"X Yue"
"2338",2338,"A Gandhi"
"2339",2339,"B Blakeslee"
"2340",2340,"G Padmanabhan"
"2341",2341,"M McCourt"
"2342",2342,"S Wu"
"2343",2343,"C Yeh"
"2344",2344,"C Wiebel"
"2345",2345,"M Maertens"
"2346",2346,"M Toscani"
"2347",2347,"S Zdravković"
"2348",2348,"R Shapley"
"2349",2349,"E Kimura"
"2350",2350,"Y Takano"
"2351",2351,"M Kim"
"2352",2352,"J Gold"
"2353",2353,"J Kim"
"2354",2354,"M Bertalmío"
"2355",2355,"T Kartashova"
"2356",2356,"D Sekulovski"
"2357",2357,"H Ridder"
"2358",2358,"S Pas"
"2359",2359,"S Pont"
"2360",2360,"R Ennis"
"2361",2361,"M Costa"
"2362",2362,"H Choi"
"2363",2363,"A Khachatryan"
"2364",2364,"C Le'Pre"
"2365",2365,"Y Xiao"
"2366",2366,"J Legault"
"2367",2367,"I Turney"
"2368",2368,"M Giraldo-Chica"
"2369",2369,"K Schneider"
"2370",2370,"K Tsou"
"2371",2371,"C Wong"
"2372",2372,"Y Fang"
"2373",2373,"J Freyberg"
"2374",2374,"C Robertson"
"2375",2375,"J Guy"
"2376",2376,"A Perreault"
"2377",2377,"L Mottron"
"2378",2378,"M Cranwell"
"2379",2379,"D Riby"
"2380",2380,"A Couteur"
"2381",2381,"C Manning"
"2382",2382,"C Allen"
"2383",2383,"E Pellicano"
"2384",2384,"S Reed"
"2385",2385,"R Kenny"
"2386",2386,"P Dassonville"
"2387",2387,"E Shimojo"
"2388",2388,"S Shimojo"
"2389",2389,"L Yi"
"2390",2390,"C Feng"
"2391",2391,"Y Duan"
"2392",2392,"A Mezer"
"2393",2393,"T Grootel"
"2394",2394,"L Kiorpes"
"2395",2395,"C Gambacorta"
"2396",2396,"S McKee"
"2397",2397,"K Meier"
"2398",2398,"B Sum"
"2399",2399,"D Giaschi"
"2400",2400,"D Saint-Amour"
"2401",2401,"K Lacourse"
"2402",2402,"M Simard"
"2403",2403,"S Lipppé"
"2404",2404,"I Tsirlin"
"2405",2405,"L Colpa"
"2406",2406,"M Watson"
"2407",2407,"N Yuskiv"
"2408",2408,"S Stockler"
"2409",2409,"J Ahmad"
"2410",2410,"N Horn"
"2411",2411,"A Petrov"
"2412",2412,"A Lamsweerde"
"2413",2413,"K Adam"
"2414",2414,"A Bocincova"
"2415",2415,"S Furlong"
"2416",2416,"S Hochstein"
"2417",2417,"V Yakovlev"
"2418",2418,"G Swan"
"2419",2419,"G Wade"
"2420",2420,"J Towler"
"2421",2421,"W Li"
"2422",2422,"M Trevino"
"2423",2423,"B Breitmeyer"
"2424",2424,"J Jacob"
"2425",2425,"A Lovett"
"2426",2426,"S Sheremata"
"2427",2427,"G Malcolm"
"2428",2428,"S Shomstein"
"2429",2429,"P Bays"
"2430",2430,"E Mardian"
"2431",2431,"R Duncan"
"2432",2432,"S Faerber"
"2433",2433,"G Herzmann"
"2434",2434,"K Parkington"
"2435",2435,"J Parketny"
"2436",2436,"R Parpia"
"2437",2437,"R Júnior"
"2438",2438,"R Vasques"
"2439",2439,"A Cravo"
"2440",2440,"S Fukusima"
"2441",2441,"K Fisher"
"2442",2442,"K Dobs"
"2443",2443,"J Schultz"
"2444",2444,"C Altmann"
"2445",2445,"H Wiese"
"2446",2446,"A Saville"
"2447",2447,"G Hannah"
"2448",2448,"A Lochy"
"2449",2449,"R Laguesse"
"2450",2450,"F Zimmermann"
"2451",2451,"Q Vuong"
"2452",2452,"C Or"
"2453",2453,"M Dzhelyova"
"2454",2454,"N Simhi"
"2455",2455,"D Weatherford"
"2456",2456,"B Schein"
"2457",2457,"W Chan"
"2458",2458,"N Rijsbergen"
"2459",2459,"C Mondloch"
"2460",2460,"L Schwartz"
"2461",2461,"S Laurence"
"2462",2462,"M Neumann"
"2463",2463,"F Bonis"
"2464",2464,"R Palermo"
"2465",2465,"V Proietti"
"2466",2466,"F Dell'Amore"
"2467",2467,"E Bricolo"
"2468",2468,"V Cassia"
"2469",2469,"L Short"
"2470",2470,"X Wu"
"2471",2471,"L Gan"
"2472",2472,"L Zhou"
"2473",2473,"C Qian"
"2474",2474,"H Ho"
"2475",2475,"S Han"
"2476",2476,"E Burg"
"2477",2477,"R Lee"
"2478",2478,"K Tanaka"
"2479",2479,"K Hachisuka"
"2480",2480,"E Okuno"
"2481",2481,"K Watanabe"
"2482",2482,"H Meyerhoff"
"2483",2483,"N Gehrer"
"2484",2484,"J Nam"
"2485",2485,"E Grossman"
"2486",2486,"C Murray"
"2487",2487,"N Barraclough"
"2488",2488,"S Page"
"2489",2489,"V Ciaramitaro"
"2490",2490,"H Chow"
"2491",2491,"A Williams"
"2492",2492,"K Dickerson"
"2493",2493,"J Gaston"
"2494",2494,"T Mermagen"
"2495",2495,"A Foots"
"2496",2496,"D Hipp"
"2497",2497,"S Garcia"
"2498",2498,"P Jones"
"2499",2499,"G Rubin"
"2500",2500,"S Moro"
"2501",2501,"P Cammack"
"2502",2502,"M Lind"
"2503",2503,"W Adams"
"2504",2504,"E Graf"
"2505",2505,"A Muryy"
"2506",2506,"A Lugtigheid"
"2507",2507,"S Mooney"
"2508",2508,"T Sawada"
"2509",2509,"K Sugihara"
"2510",2510,"G Aguilar"
"2511",2511,"C Kallie"
"2512",2512,"E Egan"
"2513",2513,"J Todd"
"2514",2514,"S Weech"
"2515",2515,"D Gale"
"2516",2516,"L Kulke"
"2517",2517,"J Atkinson"
"2518",2518,"O Braddick"
"2519",2519,"M Uengoer"
"2520",2520,"S Scholz"
"2521",2521,"N Broers"
"2522",2522,"N Oosterhof"
"2523",2523,"E Dowd"
"2524",2524,"O Azulai"
"2525",2525,"L Landin"
"2526",2526,"B Bridgeman"
"2527",2527,"I Cooke"
"2528",2528,"S Jalali"
"2529",2529,"J Solomon"
"2530",2530,"K Rio"
"2531",2531,"R Krynen"
"2532",2532,"S Panzeri"
"2533",2533,"T Kietzmann"
"2534",2534,"A Gert"
"2535",2535,"J Ales"
"2536",2536,"G Kiani"
"2537",2537,"S Corrow"
"2538",2538,"J Davies-Thompson"
"2539",2539,"J Abrams"
"2540",2540,"K Koehler"
"2541",2541,"B Jedynak"
"2542",2542,"M Wulff"
"2543",2543,"A Stainton"
"2544",2544,"P Rotshtein"
"2545",2545,"S Sebastian"
"2546",2546,"R Kaur"
"2547",2547,"C Teo"
"2548",2548,"K Moen"
"2549",2549,"J Clifton"
"2550",2550,"W Sprague"
"2551",2551,"B Richard"
"2552",2552,"R Birkett"
"2553",2553,"A Bies"
"2554",2554,"R Taylor"
"2555",2555,"C Ziemba"
"2556",2556,"R Hisakata"
"2557",2557,"M Conte"
"2558",2558,"S Rizvi"
"2559",2559,"Z Westrick"
"2560",2560,"Q Lei"
"2561",2561,"E Dalmaijer"
"2562",2562,"M Fried"
"2563",2563,"Y Adini"
"2564",2564,"J Arizpe"
"2565",2565,"T Hayes"
"2566",2566,"E Hitzel"
"2567",2567,"S Zhang"
"2568",2568,"L Johnson"
"2569",2569,"D Ballard"
"2570",2570,"L Wijdenes"
"2571",2571,"L Marshall"
"2572",2572,"S Murphy"
"2573",2573,"M Puntiroli"
"2574",2574,"J Wynn"
"2575",2575,"M Bone"
"2576",2576,"M Dragan"
"2577",2577,"K Hoffman"
"2578",2578,"B Buchsbaum"
"2579",2579,"J Xiao"
"2580",2580,"P Xu"
"2581",2581,"A Finkelstein"
"2582",2582,"S Kulkarni"
"2583",2583,"J Touryan"
"2584",2584,"A Ries"
"2585",2585,"R Skiba"
"2586",2586,"J Lao"
"2587",2587,"S Miellet"
"2588",2588,"C Pernet"
"2589",2589,"N Sokhn"
"2590",2590,"R Caldara"
"2591",2591,"N Dollion"
"2592",2592,"O Godard"
"2593",2593,"N Dollion*"
"2594",2594,"R Soussignan*"
"2595",2595,"K Durand"
"2596",2596,"B Schaal"
"2597",2597,"J Baudouin*"
"2598",2598,"E Babinsky"
"2599",2599,"T Roberts"
"2600",2600,"V Manh"
"2601",2601,"Y Wu"
"2602",2602,"D Lyon"
"2603",2603,"E Nawrot"
"2604",2604,"N Shirai"
"2605",2605,"T Imura"
"2606",2606,"K Sato"
"2607",2607,"A Shaqiri"
"2608",2608,"M Kunchulia"
"2609",2609,"D Herzig"
"2610",2610,"L Phillips"
"2611",2611,"J Billino"
"2612",2612,"S Margolf-Hackl"
"2613",2613,"J Holmin"
"2614",2614,"T Suzuki"
"2615",2615,"S Bruers"
"2616",2616,"S Guerin"
"2617",2617,"C Chun"
"2618",2618,"T Ledgeway"
"2619",2619,"D Heslip"
"2620",2620,"S Nakamura"
"2621",2621,"Y Nakajima"
"2622",2622,"Y Sakaguchi"
"2623",2623,"W Zhu"
"2624",2624,"S Cropper"
"2625",2625,"C Groot"
"2626",2626,"K Roberts"
"2627",2627,"Y Murai"
"2628",2628,"P Marlow"
"2629",2629,"M Luca"
"2630",2630,"T Matsumoto"
"2631",2631,"K Xiao"
"2632",2632,"Y Morgenstern"
"2633",2633,"H Tamura"
"2634",2634,"S Nakauchi"
"2635",2635,"S Ueda"
"2636",2636,"Y Tani"
"2637",2637,"T Nagai"
"2638",2638,"K Koida"
"2639",2639,"M Kitazaki"
"2640",2640,"M Dysli"
"2641",2641,"M Abegg"
"2642",2642,"V Choi"
"2643",2643,"N Priebe"
"2644",2644,"S Clery"
"2645",2645,"H Nienborg"
"2646",2646,"M Ishii"
"2647",2647,"A Yasuoka"
"2648",2648,"S Kita"
"2649",2649,"B Caziot"
"2650",2650,"B Hartle"
"2651",2651,"S Zohar"
"2652",2652,"L Deas"
"2653",2653,"Y Lai"
"2654",2654,"S Vedak"
"2655",2655,"S Oh"
"2656",2656,"M Ouhnana"
"2657",2657,"G Nir"
"2658",2658,"O Shahar"
"2659",2659,"D Walker"
"2660",2660,"T Lew"
"2661",2661,"A Zaninotto"
"2662",2662,"G Benute"
"2663",2663,"M Lúcia"
"2664",2664,"W Paiva"
"2665",2665,"P Boggio"
"2666",2666,"S Sun"
"2667",2667,"R Stevenson"
"2668",2668,"N Hazlett"
"2669",2669,"M Barense"
"2670",2670,"J Corbett"
"2671",2671,"B Angelone"
"2672",2672,"A Lompado"
"2673",2673,"D DeLoss"
"2674",2674,"P Huang"
"2675",2675,"C Spence"
"2676",2676,"S Kanaya"
"2677",2677,"H Tochiya"
"2678",2678,"E Kumakura"
"2679",2679,"L Leone"
"2680",2680,"B Ahrens"
"2681",2681,"P Connolly"
"2682",2682,"A Tonelli"
"2683",2683,"L Brayda"
"2684",2684,"M Gori"
"2685",2685,"N Stoep"
"2686",2686,"F Aedo-Jury"
"2687",2687,"S Celebrini"
"2688",2688,"M Rosito"
"2689",2689,"A Séverac-Cauquil"
"2690",2690,"R Jao"
"2691",2691,"K James"
"2692",2692,"T Katus"
"2693",2693,"P Guterman"
"2694",2694,"N Hummel"
"2695",2695,"V Flanagin"
"2696",2696,"M Adams"
"2697",2697,"J Cheeseman"
"2698",2698,"M Baxter"
"2699",2699,"F Phillips"
"2700",2700,"E O'Donnell"
"2701",2701,"N Kernis"
"2702",2702,"J Lappin"
"2703",2703,"D Morse"
"2704",2704,"A Seiffert"
"2705",2705,"R Picardo"
"2706",2706,"D Moorselaar"
"2707",2707,"J Silvis"
"2708",2708,"J Murris"
"2709",2709,"M Donk"
"2710",2710,"N Roque"
"2711",2711,"T Wright"
"2712",2712,"W Boot"
"2713",2713,"J Patten"
"2714",2714,"J Gaspar"
"2715",2715,"J McDonald"
"2716",2716,"T Spalek"
"2717",2717,"M Ito"
"2718",2718,"A Chasteen"
"2719",2719,"T Lam"
"2720",2720,"T Ooi"
"2721",2721,"Z He"
"2722",2722,"C Nothelfer"
"2723",2723,"S Suzuki"
"2724",2724,"M Windsor"
"2725",2725,"D Simons"
"2726",2726,"R Ringer"
"2727",2727,"Z Throneburg"
"2728",2728,"T Walton"
"2729",2729,"A Coy"
"2730",2730,"J DeHart"
"2731",2731,"A Kramer"
"2732",2732,"H Lagroix"
"2733",2733,"V Lollo"
"2734",2734,"K Kuwamura"
"2735",2735,"M Sato"
"2736",2736,"N Srivastava"
"2737",2737,"C Poth"
"2738",2738,"N Charness"
"2739",2739,"T Vitale"
"2740",2740,"S Al-Janabi"
"2741",2741,"M Oxner"
"2742",2742,"E Zamuner"
"2743",2743,"P Corballis"
"2744",2744,"H Filmer"
"2745",2745,"J Mattingley"
"2746",2746,"R Nako"
"2747",2747,"B Turbow"
"2748",2748,"C Wright"
"2749",2749,"R Rensink"
"2750",2750,"I Utochkin"
"2751",2751,"F Yang"
"2752",2752,"M Elliott"
"2753",2753,"A Mitko"
"2754",2754,"W Prinzmetal"
"2755",2755,"A List"
"2756",2756,"G Huffman"
"2757",2757,"G Blair"
"2758",2758,"C Shen"
"2759",2759,"K Chua"
"2760",2760,"A Barnas"
"2761",2761,"A Bapat"
"2762",2762,"N Rungratsameetaweemana"
"2763",2763,"N Dienes"
"2764",2764,"L Trick"
"2765",2765,"C Naughtin"
"2766",2766,"R Sengupta"
"2767",2767,"P Rhinou"
"2768",2768,"R Surampudi"
"2769",2769,"T Ng"
"2770",2770,"V Ngan"
"2771",2771,"Y Wong"
"2772",2772,"C Kao"
"2773",2773,"M Eltz"
"2774",2774,"K Kopiske"
"2775",2775,"C Löwenkamp"
"2776",2776,"O Eloka"
"2777",2777,"E Wiecek"
"2778",2778,"J Bernard"
"2779",2779,"C Aguilar"
"2780",2780,"E Castet"
"2781",2781,"D Rothlein"
"2782",2782,"B Rapp"
"2783",2783,"Z Saygin"
"2784",2784,"T Scott"
"2785",2785,"J Feather"
"2786",2786,"D Youssoufian"
"2787",2787,"E Fedorenko"
"2788",2788,"T Karaminis"
"2789",2789,"L Neil"
"2790",2790,"M Turi"
"2791",2791,"C Fiorentini"
"2792",2792,"L Pellicano"
"2793",2793,"K Hermann"
"2794",2794,"E Ratai"
"2795",2795,"R Starrfelt"
"2796",2796,"S Klargaard"
"2797",2797,"C Gerlach"
"2798",2798,"L Likova"
"2799",2799,"L Cacciamani"
"2800",2800,"K Mineff"
"2801",2801,"S Nicholas"
"2802",2802,"M Martelli"
"2803",2803,"F Strappini"
"2804",2804,"E Pace"
"2805",2805,"M Mueller"
"2806",2806,"C Keitel"
"2807",2807,"D Gozli"
"2808",2808,"H Aslam"
"2809",2809,"M Inverso"
"2810",2810,"R Wu"
"2811",2811,"Z Pruitt"
"2812",2812,"M Runkle"
"2813",2813,"K Meyer"
"2814",2814,"G Scerif"
"2815",2815,"R Aslin"
"2816",2816,"O Garrod"
"2817",2817,"R Jack"
"2818",2818,"M Hill"
"2819",2819,"S Streuber"
"2820",2820,"M Black"
"2821",2821,"C Rezlescu"
"2822",2822,"Y Tsank"
"2823",2823,"S Anthony"
"2824",2824,"W Scheirer"
"2825",2825,"J Assen"
"2826",2826,"M Sawayama"
"2827",2827,"B Xiao"
"2828",2828,"W Kistler"
"2829",2829,"S Hansmann-Roth"
"2830",2830,"T Shimokawa"
"2831",2831,"G Kucukoglu"
"2832",2832,"F Wick"
"2833",2833,"R Dubey"
"2834",2834,"B Ghanem"
"2835",2835,"M Yang"
"2836",2836,"P Hsieh"
"2837",2837,"K Ikeda"
"2838",2838,"M Sanada"
"2839",2839,"T Hasegawa"
"2840",2840,"S Jellinek"
"2841",2841,"D Kit"
"2842",2842,"D Schacter"
"2843",2843,"M Israel"
"2844",2844,"A Cohen"
"2845",2845,"Y Pertzov"
"2846",2846,"J Choi"
"2847",2847,"S Maharjan"
"2848",2848,"R Sekuler"
"2849",2849,"A Maxcey"
"2850",2850,"K Halvorson"
"2851",2851,"N Jakoby"
"2852",2852,"R Rideaux"
"2853",2853,"H Zhang"
"2854",2854,"N Wong"
"2855",2855,"S Tariq"
"2856",2856,"H Zhu"
"2857",2857,"X Bai"
"2858",2858,"S Frank"
"2859",2859,"E Reavis"
"2860",2860,"P Tse"
"2861",2861,"Y Higuchi"
"2862",2862,"J Bartov"
"2863",2863,"M Giesel"
"2864",2864,"S Cholewiak"
"2865",2865,"R Vergne"
"2866",2866,"B Kunsberg"
"2867",2867,"S Zucker"
"2868",2868,"D Holtmann-Rice"
"2869",2869,"O Penacchio"
"2870",2870,"G Lovell"
"2871",2871,"S Sanghera"
"2872",2872,"G Ruxton"
"2873",2873,"J Wilder"
"2874",2874,"Y Hatada"
"2875",2875,"M Furukawa"
"2876",2876,"H Ando"
"2877",2877,"T Maeda"
"2878",2878,"G Kroliczak"
"2879",2879,"B Michalowski"
"2880",2880,"A Kubiak"
"2881",2881,"M Pawlak"
"2882",2882,"M Matuzaki"
"2883",2883,"H Ishikane"
"2884",2884,"D Rahnev"
"2885",2885,"A Koizumi"
"2886",2886,"M D'Esposito"
"2887",2887,"A Lee"
"2888",2888,"V Gardelle"
"2889",2889,"J Tee"
"2890",2890,"M Kulsa"
"2891",2891,"E Remington"
"2892",2892,"M Jazayeri"
"2893",2893,"G Namdar"
"2894",2894,"D Algom"
"2895",2895,"V Kalampratsidou"
"2896",2896,"J Doyon"
"2897",2897,"A Hajnal"
"2898",2898,"J Wagman"
"2899",2899,"M McGathy"
"2900",2900,"J Clark"
"2901",2901,"Z Palatinus"
"2902",2902,"S Macdonald"
"2903",2903,"F Heiligenberg"
"2904",2904,"T Makin"
"2905",2905,"E Duff"
"2906",2906,"D Slater"
"2907",2907,"H Johansen-Berg"
"2908",2908,"S Mistry"
"2909",2909,"P Yanovich"
"2910",2910,"N Shalev"
"2911",2911,"P Fard"
"2912",2912,"A Beer"
"2913",2913,"S Go"
"2914",2914,"D Berman"
"2915",2915,"A Bock"
"2916",2916,"A Kahn"
"2917",2917,"D Fitzpatrick"
"2918",2918,"N Dalal"
"2919",2919,"S Glasauer"
"2920",2920,"K Seymour"
"2921",2921,"R Millin"
"2922",2922,"T Hendrickson"
"2923",2923,"A Grant"
"2924",2924,"J Witztum"
"2925",2925,"D Thengone"
"2926",2926,"E Nitzany"
"2927",2927,"Y Yu"
"2928",2928,"E Koch"
"2929",2929,"J Jin"
"2930",2930,"J Kremkow"
"2931",2931,"J Alonso"
