"","id","label"
"1",1,"L Schwartz"
"2",2,"G Yovel"
"3",3,"J Robotham"
"4",4,"R Starrfelt"
"5",5,"E Noyes"
"6",6,"C Parde"
"7",7,"Y Colon"
"8",8,"M Hill"
"9",9,"C Castillo"
"10",10,"J Chen"
"11",11,"R Jenkins"
"12",12,"A O'Toole"
"13",13,"G Jeckeln"
"14",14,"C Hahn"
"15",15,"C Blais"
"16",16,"H Furumoto-Deshaies"
"17",17,"M Plouffe-Demers"
"18",18,"A Estéphan"
"19",19,"D Fiset"
"20",20,"M Flessert"
"21",21,"J Taubert"
"22",22,"N Liu"
"23",23,"L Ungerleider"
"24",24,"J Cruz"
"25",25,"J Thoresen"
"26",26,"J Rodrigues"
"27",27,"V Chicherov"
"28",28,"P Figueiredo"
"29",29,"M Herzog"
"30",30,"C Sandi"
"31",31,"J Arizpe"
"32",32,"D McKean"
"33",33,"J Tsao"
"34",34,"A Chan"
"35",35,"T Karlsson"
"36",36,"H Schaeffer"
"37",37,"S Corrow"
"38",38,"J Barton"
"39",39,"A Aglinskas"
"40",40,"S Ubaldi"
"41",41,"E Fait"
"42",42,"S Fairhall"
"43",43,"S Williams"
"44",44,"A Bond"
"45",45,"C Bohil"
"46",46,"H Kleider-Offutt"
"47",47,"G Shyi"
"48",48,"V Hung"
"49",49,"P Cheng"
"50",50,"T Huang"
"51",51,"C Lee"
"52",52,"S Huang"
"53",53,"B Chen"
"54",54,"J Murphy"
"55",55,"R Cook"
"56",56,"W Chen"
"57",57,"O Cheung"
"58",58,"J Sun"
"59",59,"S Chong"
"60",60,"S Yeung"
"61",61,"H Schaefer"
"62",62,"F Yonemitsu"
"63",63,"K Sasaki"
"64",64,"A Gobara"
"65",65,"Y Yamada"
"66",66,"K Gray"
"67",67,"G Dugas"
"68",68,"C Isabelle"
"69",69,"R Jessica"
"70",70,"B Caroline"
"71",71,"B Benoit"
"72",72,"F Daniel"
"73",73,"N Donnelly"
"74",74,"N Mestry"
"75",75,"M McDowell"
"76",76,"J Suchow"
"77",77,"J Haberman"
"78",78,"N Abudarham"
"79",79,"H Pearson"
"80",80,"B Balas"
"81",81,"M Meltzer"
"82",82,"G Ganesan"
"83",83,"M Min"
"84",84,"J Bartlett"
"85",85,"E Meschke"
"86",86,"C Hacker"
"87",87,"J Juarez"
"88",88,"R Maarek"
"89",89,"I Biederman"
"90",90,"B Brown"
"91",91,"V Enahoro"
"92",92,"A Johnston"
"93",93,"K Parkington"
"94",94,"R Ermis"
"95",95,"R Itier"
"96",96,"M Harrison"
"97",97,"Z Zhou"
"98",98,"L Strother"
"99",99,"A Agrawal"
"100",100,"K Hari"
"101",101,"S Arun"
"102",102,"A Salhi"
"103",103,"N Northway"
"104",104,"G Walsh"
"105",105,"T Arango"
"106",106,"F Hou"
"107",107,"L Lesmes"
"108",108,"D Yu"
"109",109,"Z Lin"
"110",110,"P Bex"
"111",111,"M Boring"
"112",112,"R Shi"
"113",113,"M Ward"
"114",114,"W Lipski"
"115",115,"P Elliot"
"116",116,"M G'Sell"
"117",117,"M Richardson"
"118",118,"J Fiez"
"119",119,"A Ghuman"
"120",120,"S Fortier-St-Pierre"
"121",121,"M Arguin"
"122",122,"D Janini"
"123",123,"C Baker"
"124",124,"K Sand"
"125",125,"T Habekost"
"126",126,"A Petersen"
"127",127,"Y Wong"
"128",128,"R Tso"
"129",129,"W Cheung"
"130",130,"T Au"
"131",131,"J Hsiao"
"132",132,"C Yu"
"133",133,"Q Han"
"134",134,"L Cong"
"135",135,"L Liu"
"136",136,"T Kwon"
"137",137,"C Whitney"
"138",138,"M Ji"
"139",139,"L Thompson"
"140",140,"A Rosenberg"
"141",141,"B Rokers"
"142",142,"J Norman"
"143",143,"O Adkins"
"144",144,"C Dowell"
"145",145,"L Shain"
"146",146,"S Hoyng"
"147",147,"J Kinnard"
"148",148,"P Hibbard"
"149",149,"R Goutcher"
"150",150,"N Khan"
"151",151,"R Hornsey"
"152",152,"J Philbeck"
"153",153,"D Kravitz"
"154",154,"S Mitroff"
"155",155,"L Houck"
"156",156,"D Hunter"
"157",157,"D Todorović"
"158",158,"T Surber"
"159",159,"J Clark"
"160",160,"J Doyon"
"161",161,"C Olavarria"
"162",162,"A Hajnal"
"163",163,"E Aggius-Vella"
"164",164,"C Campus"
"165",165,"M Gori"
"166",166,"M McBeath"
"167",167,"C Oberle"
"168",168,"P Asquith"
"169",169,"S Rushton"
"170",170,"B Routley"
"171",171,"K Singh"
"172",172,"B Hartle"
"173",173,"R Murray"
"174",174,"L Wilcox"
"175",175,"A Kosovicheva"
"176",176,"A Ferreira"
"177",177,"F Vera-Diaz"
"178",178,"A Ptukha"
"179",179,"P Mamassian"
"180",180,"C Ng"
"181",181,"B Farell"
"182",182,"S Ghahghaei"
"183",183,"S McKee"
"184",184,"P Verghese"
"185",185,"S He"
"186",186,"H Shigemasu"
"187",187,"A Welchman"
"188",188,"N Goncalves"
"189",189,"A Farkas"
"190",190,"T Papathomas"
"191",191,"J Papayanopoulos"
"192",192,"M Lu"
"193",193,"Z Hussain"
"194",194,"A Astle"
"195",195,"B Webb"
"196",196,"P McGraw"
"197",197,"A Godinez"
"198",198,"S González"
"199",199,"D Levi"
"200",200,"L YAN"
"201",201,"J FU"
"202",202,"H CHU"
"203",203,"W LU"
"204",204,"S PANG"
"205",205,"D WU"
"206",206,"A Gibaldi"
"207",207,"A Canessa"
"208",208,"M Chessa"
"209",209,"M Fato"
"210",210,"F Solari"
"211",211,"S Sabatini"
"212",212,"J Asher"
"213",213,"P Scarfe"
"214",214,"A Iyer"
"215",215,"J Burge"
"216",216,"K Byrne"
"217",217,"M Peters"
"218",218,"E McDevitt"
"219",219,"S Sheremata"
"220",220,"S Mednick"
"221",221,"M Silver"
"222",222,"Z Wang"
"223",223,"D Kim"
"224",224,"Y Sasaki"
"225",225,"T Watanabe"
"226",226,"N Chen"
"227",227,"T Furlanello"
"228",228,"B Tjan"
"229",229,"J Zosky"
"230",230,"M Johnson"
"231",231,"M Dodd"
"232",232,"K Jia"
"233",233,"S Li"
"234",234,"Q Tan"
"235",235,"K Shibata"
"236",236,"K philips"
"237",237,"D Sheinberg"
"238",238,"S Holloway"
"239",239,"J Náñez"
"240",240,"S Sr"
"241",241,"H Xu"
"242",242,"J Liu"
"243",243,"B Dosher"
"244",244,"Z Lu"
"245",245,"S Thorpe"
"246",246,"A Yousefzadeh"
"247",247,"J Martin"
"248",248,"T Masquelier"
"249",249,"J Schmidt"
"250",250,"C Funke"
"251",251,"T Wallis"
"252",252,"A Ecker"
"253",253,"L Gatys"
"254",254,"F Wichmann"
"255",255,"M Bethge"
"256",256,"T Goodall"
"257",257,"A Bovik"
"258",258,"A Grimaldi"
"259",259,"D Kane"
"260",260,"M Bertalmío"
"261",261,"S Kaneko"
"262",262,"S Anstis"
"263",263,"I Kuriki"
"264",264,"A Kristjansson"
"265",265,"G Campana"
"266",266,"A Chetverikov"
"267",267,"H Sun"
"268",268,"F Kingdom"
"269",269,"J Victor"
"270",270,"S Rizvi"
"271",271,"J Bush"
"272",272,"M Conte"
"273",273,"I Groen"
"274",274,"M Greene"
"275",275,"C Baldassano"
"276",276,"L Fei-Fei"
"277",277,"D Beck"
"278",278,"C Mullin"
"279",279,"S Khaligh-Razav"
"280",280,"D Pantazis"
"281",281,"A Oliva"
"282",282,"A Mynick"
"283",283,"C Robertson"
"284",284,"N Kanwisher"
"285",285,"J Wilder"
"286",286,"M Rezanejad"
"287",287,"S Dickinson"
"288",288,"K Siddiqi"
"289",289,"A Jepson"
"290",290,"D Walther"
"291",291,"P Neri"
"292",292,"E Josephs"
"293",293,"T Konkle"
"294",294,"A Hafri"
"295",295,"J Trueswell"
"296",296,"B Strickland"
"297",297,"F Contò"
"298",298,"L Battelli"
"299",299,"M Greenlee"
"300",300,"S Frank"
"301",301,"L Sun"
"302",302,"L Forster"
"303",303,"P Tse"
"304",304,"A Noyce"
"305",305,"S Tobyne"
"306",306,"S Michalka"
"307",307,"D Osher"
"308",308,"B Shinn-Cunningham"
"309",309,"D Somers"
"310",310,"A Radulescu"
"311",311,"Y Leong"
"312",312,"Y Niv"
"313",313,"S Brüers"
"314",314,"R VanRullen"
"315",315,"T Ro"
"316",316,"J Fesi"
"317",317,"B Anderson"
"318",318,"H Kuwabara"
"319",319,"D Wong"
"320",320,"J Roberts"
"321",321,"A Rahmim"
"322",322,"J Brašić"
"323",323,"S Courtney"
"324",324,"J Lee"
"325",325,"C Manning"
"326",326,"M Tibber"
"327",327,"S Dakin"
"328",328,"E Huber"
"329",329,"P Donnelly"
"330",330,"A Rokem"
"331",331,"J Yeatman"
"332",332,"L Vogelsang"
"333",333,"E Ehrenberg"
"334",334,"S Gilad-Gutnick"
"335",335,"P Sinha"
"336",336,"J Wood"
"337",337,"D Whitney"
"338",338,"G Smith"
"339",339,"B Hein"
"340",340,"M Kaschube"
"341",341,"D Fitzpatrick"
"342",342,"A Richoz"
"343",343,"J Lao"
"344",344,"O Pascalis"
"345",345,"R Caldara"
"346",346,"S Öhlschläger"
"347",347,"M Vo"
"348",348,"W Park"
"349",349,"M Ichinose"
"350",350,"S Park"
"351",351,"D Tadin"
"352",352,"C Morey"
"353",353,"S Sun"
"354",354,"C Fidalgo"
"355",355,"M Barense"
"356",356,"A Lee"
"357",357,"J Cant"
"358",358,"S Ferber"
"359",359,"W Bainbridge"
"360",360,"I Utochkin"
"361",361,"T Brady"
"362",362,"V Vo"
"363",363,"D Sutterer"
"364",364,"J Foster"
"365",365,"T Sprague"
"366",366,"J Serences"
"367",367,"E Awh"
"368",368,"H Pailian"
"369",369,"V Störmer"
"370",370,"G Alvarez"
"371",371,"T Christophel"
"372",372,"P Iamshchinina"
"373",373,"C Yan"
"374",374,"J Haynes"
"375",375,"Y Semizer"
"376",376,"M Michel"
"377",377,"J Peterson"
"378",378,"R Ringer"
"379",379,"E Sisco"
"380",380,"M Torre"
"381",381,"H Talkington"
"382",382,"M Shanahan"
"383",383,"L Loschky"
"384",384,"L Rothkegel"
"385",385,"H Schütt"
"386",386,"H Trukenbrod"
"387",387,"R Engbert"
"388",388,"S Kumakiri"
"389",389,"Y Ueda"
"390",390,"J Saiki"
"391",391,"G Horstmann"
"392",392,"S Becker"
"393",393,"D Ernst"
"394",394,"A Ercolino"
"395",395,"P Patel"
"396",396,"M Neider"
"397",397,"D Rose"
"398",398,"T Drew"
"399",399,"I Reback"
"400",400,"T Kristjánsson"
"401",401,"I Thornton"
"402",402,"Á Kristjánsson"
"403",403,"P Scotti"
"404",404,"S Adamo"
"405",405,"S Shomstein"
"406",406,"C Allefeld"
"407",407,"M Payton"
"408",408,"I Ul-Haq"
"409",409,"K Maxood"
"410",410,"V Babushkin"
"411",411,"A Nomani"
"412",412,"K Sreenivasan"
"413",413,"C Wloka"
"414",414,"S Yoo"
"415",415,"R Sengupta"
"416",416,"J Tsotsos"
"417",417,"J Glavan"
"418",418,"J Houpt"
"419",419,"K Willeford"
"420",420,"R McPeek"
"421",421,"J Haggit"
"422",422,"L Chan"
"423",423,"C Stothart"
"424",424,"A Clement"
"425",425,"J Brockmole"
"426",426,"M Henderson"
"427",427,"M Sauter"
"428",428,"H Liesefeld"
"429",429,"H Müller"
"430",430,"S Minami"
"431",431,"H Oishi"
"432",432,"H Takemura"
"433",433,"K Amano"
"434",434,"R Wynn"
"435",435,"L Williams"
"436",436,"J Corbett"
"437",437,"A Clarke"
"438",438,"J Munneke"
"439",439,"C Cassanello"
"440",440,"F Ostendorf"
"441",441,"M Rolfs"
"442",442,"M Stainer"
"443",443,"B Tatler"
"444",444,"A Hunt"
"445",445,"C Chan"
"446",446,"J Wong"
"447",447,"T Lee"
"448",448,"J Churan"
"449",449,"S Dowiasch"
"450",450,"A Kaminiarz"
"451",451,"F Bremmer"
"452",452,"M Kümmerer"
"453",453,"H Arora"
"454",454,"V Bharmauria"
"455",455,"A Sajad"
"456",456,"X Yan"
"457",457,"H Wang"
"458",458,"J Crawford"
"459",459,"J Zou"
"460",460,"P Zhang"
"461",461,"J Schall"
"462",462,"J Martinez-Trujillo"
"463",463,"R Gulli"
"464",464,"G Doucet"
"465",465,"B Corrigan"
"466",466,"Y Jia"
"467",467,"C Tyler"
"468",468,"J Mulligan"
"469",469,"C Diaz-Piedra"
"470",470,"L Stasi"
"471",471,"D Hoppe"
"472",472,"S Helfmann"
"473",473,"C Rothkopf"
"474",474,"E Fast"
"475",475,"L Holm"
"476",476,"L McLoon"
"477",477,"S Engel"
"478",478,"R Kothari"
"479",479,"K Binaee"
"480",480,"R Bailey"
"481",481,"C Kanan"
"482",482,"G Diaz"
"483",483,"J Pelz"
"484",484,"M Agaoglu"
"485",485,"C Sheehy"
"486",486,"P Tiruveedhula"
"487",487,"A Roorda"
"488",488,"S Chung"
"489",489,"C Scholes"
"490",490,"J Denniss"
"491",491,"N Roach"
"492",492,"N Shelchkova"
"493",493,"C Tang"
"494",494,"M Rucci"
"495",495,"M Poletti"
"496",496,"A Goettker"
"497",497,"D Braun"
"498",498,"A Schütz"
"499",499,"K Gegenfurtner"
"500",500,"R Balp"
"501",501,"F Waszak"
"502",502,"T Collins"
"503",503,"S Gremmler"
"504",504,"M Lappe"
"505",505,"E Stewart"
"506",506,"F Zaal"
"507",507,"R Casanova"
"508",508,"S Ledouit"
"509",509,"R Bootsma"
"510",510,"J Cooke"
"511",511,"R Beers"
"512",512,"L Selen"
"513",513,"W Medendorp"
"514",514,"S Locke"
"515",515,"M Landy"
"516",516,"E Simoncelli"
"517",517,"M Ardestani"
"518",518,"M Giese"
"519",519,"J Goossens"
"520",520,"J Kalisvaart"
"521",521,"R Massoudi"
"522",522,"P Bremen"
"523",523,"N Hindy"
"524",524,"E Avery"
"525",525,"N Turk-Browne"
"526",526,"Y Afiki"
"527",527,"M Bar"
"528",528,"S Ratnasingam"
"529",529,"E Gibson"
"530",530,"R Futrell"
"531",531,"J Jara-Ettinger"
"532",532,"K Mahowald"
"533",533,"L Bergen"
"534",534,"S Piantadosi"
"535",535,"B Conway"
"536",536,"D Lindsey"
"537",537,"A Brown"
"538",538,"N Carr"
"539",539,"S Srivatsav"
"540",540,"J Maule"
"541",541,"A Franklin"
"542",542,"M Webster"
"543",543,"K Mullins"
"544",544,"S Cropper"
"545",545,"D Little"
"546",546,"A Shanks"
"547",547,"S Allred"
"548",548,"D Collins"
"549",549,"C Curtis"
"550",550,"J Gomez"
"551",551,"J Jackson"
"552",552,"J Rumer"
"553",553,"C Racey"
"554",554,"K Schloss"
"555",555,"K Dörschner"
"556",556,"M Parker"
"557",557,"A Silverman"
"558",558,"A Wang"
"559",559,"A Greenberg"
"560",560,"A Stauffacher"
"561",561,"L Álvaro"
"562",562,"J Linhares"
"563",563,"T Ali"
"564",564,"M Formankiewicz"
"565",565,"S Waugh"
"566",566,"R Ijekah"
"567",567,"S O'Neil"
"568",568,"M Crognale"
"569",569,"Y Wang"
"570",570,"A Baldwin"
"571",571,"R Hess"
"572",572,"K Mullen"
"573",573,"a reeves"
"574",574,"r grayhem"
"575",575,"R Alexander"
"576",576,"R Mintz"
"577",577,"P Custodio"
"578",578,"S Macknik"
"579",579,"S Gindina"
"580",580,"S Martinez-Conde"
"581",581,"T Schilling"
"582",582,"H Bahmani"
"583",583,"A Ohlendorf"
"584",584,"S Wahl"
"585",585,"D Parrott"
"586",586,"S Levine"
"587",587,"J Schwarzbach"
"588",588,"D Szafir"
"589",589,"G Snir"
"590",590,"Y Yeshurun"
"591",591,"A Lompado"
"592",592,"D Charytonowicz"
"593",593,"K Naismyth"
"594",594,"J Hoffman"
"595",595,"A Sinclair"
"596",596,"J Tilbury"
"597",597,"S Prime"
"598",598,"C Asplund"
"599",599,"J Ongchoco"
"600",600,"G Liaw"
"601",601,"J Reid"
"602",602,"M Ichikawa"
"603",603,"M Miyoshi"
"604",604,"B Eunhee"
"605",605,"J Shinyoung"
"606",606,"H Won"
"607",607,"L Jefferies"
"608",608,"J Witt"
"609",609,"O Abid"
"610",610,"A Bachoo"
"611",611,"M MacLean"
"612",612,"T Bullock"
"613",613,"B Giesbrecht"
"614",614,"J Gaspar"
"615",615,"H Lagroix"
"616",616,"P Jolicoeur"
"617",617,"J McDonald"
"618",618,"M Ito"
"619",619,"J Kawahara"
"620",620,"A Zivony"
"621",621,"D Lamy"
"622",622,"J Park"
"623",623,"J Hyun"
"624",624,"B Sager"
"625",625,"A Richardson"
"626",626,"C Wood"
"627",627,"E Kreykenbohm"
"628",628,"T Spalek"
"629",629,"D Cox"
"630",630,"S Hong"
"631",631,"J Boxtel"
"632",632,"C McEwen"
"633",633,"E Gootjes-Dreesbach"
"634",634,"A Glennerster"
"635",635,"A Kitamura"
"636",636,"Y Kinosada"
"637",637,"K Shinohara"
"638",638,"K Wood"
"639",639,"D Simons"
"640",640,"S Utz"
"641",641,"F Knauss"
"642",642,"C Carbon"
"643",643,"Y Chen"
"644",644,"H Raila"
"645",645,"B Scholl"
"646",646,"M Moran"
"647",647,"D McClellan"
"648",648,"D Varakin"
"649",649,"J Hui"
"650",650,"T Cao"
"651",651,"L Wang"
"652",652,"Z Sun"
"653",653,"D Alais"
"654",654,"S Han"
"655",655,"C Lunghi"
"656",656,"W Einhäuser"
"657",657,"S Thomassen"
"658",658,"P Methfessel"
"659",659,"A Bendixen"
"660",660,"V Weilnhammer"
"661",661,"H Stuke"
"662",662,"P Sterzer"
"663",663,"K Schmack"
"664",664,"J Li"
"665",665,"H Wu"
"666",666,"J Brascamp"
"667",667,"M Becker"
"668",668,"D Hambrick"
"669",669,"A Beers"
"670",670,"A Sekuler"
"671",671,"P Bennett"
"672",672,"B Metzger"
"673",673,"K Low"
"674",674,"E Maclin"
"675",675,"M Fabiani"
"676",676,"G Gratton"
"677",677,"B Diane"
"678",678,"O Cha"
"679",679,"R Blake"
"680",680,"D Nichols"
"681",681,"S Shields"
"682",682,"M Behrmann"
"683",683,"J Geskin"
"684",684,"D Biderman"
"685",685,"L Mudrik"
"686",686,"T Chang"
"687",687,"I Gauthier"
"688",688,"M Chin"
"689",689,"K Evans"
"690",690,"J Wolfe"
"691",691,"J Bowen"
"692",692,"J Tanaka"
"693",693,"Y Ge"
"694",694,"C He"
"695",695,"M Maltseva"
"696",696,"K Stubbs"
"697",697,"M Goodale"
"698",698,"J Culham"
"699",699,"M Mur"
"700",700,"J Borowski"
"701",701,"N Kriegeskorte"
"702",702,"B Noesen"
"703",703,"A Harel"
"704",704,"E Reijnen"
"705",705,"S Kühne"
"706",706,"J Ritchie"
"707",707,"H Beeck"
"708",708,"B Roads"
"709",709,"B Xu"
"710",710,"J Robinson"
"711",711,"A Shafer-Skelton"
"712",712,"J Golomb"
"713",713,"H Yang"
"714",714,"X Wang"
"715",715,"Z Han"
"716",716,"Y Bi"
"717",717,"X Yue"
"718",718,"M Yetter"
"719",719,"A Bratch"
"720",720,"D Kersten"
"721",721,"T Chaisilprungraung"
"722",722,"J German"
"723",723,"M McCloskey"
"724",724,"E Clapham"
"725",725,"K Tarrant"
"726",726,"J Decker"
"727",727,"S Cook"
"728",728,"D Perez"
"729",729,"M Peterson"
"730",730,"T Dekker"
"731",731,"T Cooper"
"732",732,"A McLean"
"733",733,"E Dobbins"
"734",734,"A Dobbins"
"735",735,"P Gerhardstein"
"736",736,"S Olsen"
"737",737,"A Moser"
"738",738,"M Iordan"
"739",739,"C Ellis"
"740",740,"D Osherson"
"741",741,"J Cohen"
"742",742,"I Ivanov"
"743",743,"S Wagner"
"744",744,"G Jacob"
"745",745,"H Le"
"746",746,"D Samaras"
"747",747,"G Zelinsky"
"748",748,"D Linsley"
"749",749,"S Eberhardt"
"750",750,"P Gupta"
"751",751,"T Serre"
"752",752,"S Markovic"
"753",753,"T Bulut"
"754",754,"R Mazumder"
"755",755,"C Olson"
"756",756,"G Luu"
"757",757,"Z Cole"
"758",758,"J Ding"
"759",759,"J Peissig"
"760",760,"C Bukach"
"761",761,"M Portley"
"762",762,"F Durgin"
"763",763,"C Reed"
"764",764,"A Harris"
"765",765,"M Lodge"
"766",766,"G Gaither"
"767",767,"G Schmidtmann"
"768",768,"A Desjardins"
"769",769,"E Shepherd"
"770",770,"R Zhang"
"771",771,"Y Liu"
"772",772,"J Townsend"
"773",773,"M Wenger"
"774",774,"L Stefano"
"775",775,"L Stacchi"
"776",776,"M Ramon"
"777",777,"J Liu-Shuang"
"778",778,"X Gao"
"779",779,"F Gentile"
"780",780,"B Rossion"
"781",781,"J Ales"
"782",782,"D Nemrodov"
"783",783,"M Niemeier"
"784",784,"A Patel"
"785",785,"A Nestor"
"786",786,"V Salmela"
"787",787,"I Muukkonen"
"788",788,"J Numminen"
"789",789,"K Ölander"
"790",790,"N Rijsbergen"
"791",791,"R Ince"
"792",792,"G Rousselet"
"793",793,"J Gross"
"794",794,"P Schyns"
"795",795,"V Zachariou"
"796",796,"C Gou"
"797",797,"N Mlynaryk"
"798",798,"G Bruder"
"799",799,"E Langbehn"
"800",800,"S Zhang"
"801",801,"M Tong"
"802",802,"M Hayhoe"
"803",803,"D Ballard"
"804",804,"A Saygin"
"805",805,"B Urgen"
"806",806,"S Pehlivan"
"807",807,"D Aguilar-Lleyda"
"808",808,"E Tubau"
"809",809,"J López-Moliner"
"810",810,"L Maloney"
"811",811,"S Wang"
"812",812,"C Ziemba"
"813",813,"R Goris"
"814",814,"J Movshon"
"815",815,"T Thesen"
"816",816,"Y Ko"
"817",817,"B Maniscalco"
"818",818,"C Carlson"
"819",819,"M Davidson"
"820",820,"W Doyle"
"821",821,"R Kuzniecky"
"822",822,"O Devinsky"
"823",823,"E Halgren"
"824",824,"H Lau"
"825",825,"T O'Connell"
"826",826,"M Chun"
"827",827,"S Ohl"
"828",828,"R Schweitzer"
"829",829,"É Castet"
"830",830,"T Watson"
"831",831,"E Joosten"
"832",832,"E Castet"
"833",833,"R Azadi"
"834",834,"M Lisi"
"835",835,"P Cavanagh"
"836",836,"M Valsecchi"
"837",837,"S Schneegans"
"838",838,"P Bays"
"839",839,"P Zerr"
"840",840,"S Gayet"
"841",841,"K Mulder"
"842",842,"I Sligte"
"843",843,"S Stigchel"
"844",844,"H Balaban"
"845",845,"R Luria"
"846",846,"E Picon"
"847",847,"D Odic"
"848",848,"D Draschkow"
"849",849,"I Pepperberg"
"850",850,"G Kang"
"851",851,"W Chang"
"852",852,"X Zhou"
"853",853,"K Jones"
"854",854,"M Kunar"
"855",855,"D Watson"
"856",856,"A Terpstra"
"857",857,"M Ehlers"
"858",858,"R Todd"
"859",859,"D Vito"
"860",860,"C Cushing"
"861",861,"H Im"
"862",862,"R Adams"
"863",863,"K Kveraga"
"864",864,"M Gobel"
"865",865,"M Kim"
"866",866,"M Taylor"
"867",867,"J Irons"
"868",868,"A Leber"
"869",869,"A Milner"
"870",870,"E Palmer"
"871",871,"L Davies"
"872",872,"C Tillman"
"873",873,"M Grubb"
"874",874,"Y Li"
"875",875,"J Bu*"
"876",876,"A Radulescu*"
"877",877,"D Dodgson"
"878",878,"J Raymond"
"879",879,"H Kadel"
"880",880,"S Koenig"
"881",881,"M Uengoer"
"882",882,"A Schubö"
"883",883,"G Wade"
"884",884,"T Vickery"
"885",885,"J Hays"
"886",886,"F Soto"
"887",887,"V Beck"
"888",888,"S Schintu"
"889",889,"M Freedberg"
"890",890,"Z Alam"
"891",891,"E Wassermann"
"892",892,"A Tran"
"893",893,"J Jia"
"894",894,"F Fang"
"895",895,"H Luo"
"896",896,"D Tullo"
"897",897,"J Faubert"
"898",898,"A Bertone"
"899",899,"A Chakraborty"
"900",900,"K Hua"
"901",901,"D Giaschi"
"902",902,"B Thompson"
"903",903,"C Wang"
"904",904,"L Hu"
"905",905,"X Zhang"
"906",906,"A Lovett"
"907",907,"W Bridewell"
"908",908,"P Bello"
"909",909,"S Oliveira"
"910",910,"M Islam"
"911",911,"E Barenholtz"
"912",912,"R Augustin"
"913",913,"S Whitney"
"914",914,"L Oksama"
"915",915,"M Kuvaldina"
"916",916,"J Hyönä"
"917",917,"A Kuo"
"918",918,"K Bonnen"
"919",919,"A Huk"
"920",920,"L Cormack"
"921",921,"R Strong"
"922",922,"C Wu"
"923",923,"S O'Bryan"
"924",924,"M Scolari"
"925",925,"C Oderkerk"
"926",926,"C Bundesen"
"927",927,"S Vangkilde"
"928",928,"P Sharp"
"929",929,"D Melcher"
"930",930,"C Hickey"
"931",931,"A Stafford"
"932",932,"J Fischer"
"933",933,"E Roudaia"
"934",934,"D Gaudin"
"935",935,"D Bernardin"
"936",936,"A Khan"
"937",937,"A Elbaz"
"938",938,"N Thomas"
"939",939,"M Nicholls"
"940",940,"S Tkacz-Domb"
"941",941,"L Wollenberg"
"942",942,"H Deubel"
"943",943,"M Szinte"
"944",944,"M Jenkins"
"945",945,"A Grubert"
"946",946,"M Eimer"
"947",947,"C Leonard"
"948",948,"B Robinson"
"949",949,"B Hahn"
"950",950,"S Luck"
"951",951,"J Gold"
"952",952,"R Max"
"953",953,"Y Tsal"
"954",954,"J Palmer"
"955",955,"C Moore"
"956",956,"D Addleman"
"957",957,"J Tao"
"958",958,"R Remington"
"959",959,"Y Jiang"
"960",960,"S Bansal"
"961",961,"K Frankovich"
"962",962,"S Al-Janabi"
"963",963,"N Strommer-Davidovich"
"964",964,"S Gabay"
"965",965,"A Barnas"
"966",966,"C Callahan-Flintoft"
"967",967,"B Wyble"
"968",968,"T Sanocki"
"969",969,"S Schultz"
"970",970,"J Nah"
"971",971,"M Neppi-Modona"
"972",972,"A Collegio"
"973",973,"G Gurariy"
"974",974,"G Caplovitz"
"975",975,"R Cichy"
"976",976,"J Bosch"
"977",977,"K Jozwik"
"978",978,"I Charest"
"979",979,"M Hebart"
"980",980,"B Bankson"
"981",981,"D Lindh"
"982",982,"S Assecondi"
"983",983,"M Treder"
"984",984,"N Seijdel"
"985",985,"M Losch"
"986",986,"E haan"
"987",987,"S Scholte"
"988",988,"L Zucker"
"989",989,"L Reddy"
"990",990,"T Lauer"
"991",991,"V Willenbockel"
"992",992,"A Norcia"
"993",993,"W Meredith"
"994",994,"G Reisen"
"995",995,"D Yamins"
"996",996,"E Center"
"997",997,"N Buzdar"
"998",998,"B Hernandez"
"999",999,"A Le"
"1000",1000,"M Sigler"
"1001",1001,"E Self"
"1002",1002,"S Stefani"
"1003",1003,"E Kowler"
"1004",1004,"K Stromswold"
"1005",1005,"S Akhter"
"1006",1006,"J Feldman"
"1007",1007,"B Li"
"1008",1008,"K Swallow"
"1009",1009,"J Kryklywy"
"1010",1010,"E Ptak"
"1011",1011,"M Richards"
"1012",1012,"H Goltz"
"1013",1013,"A Wong"
"1014",1014,"S Moro"
"1015",1015,"S Rafique"
"1016",1016,"B Shachar"
"1017",1017,"B Gallie"
"1018",1018,"J Steeves"
"1019",1019,"T Kishino"
"1020",1020,"R Marchisio"
"1021",1021,"R Micheletto"
"1022",1022,"T Savage"
"1023",1023,"I Fine"
"1024",1024,"L Norman"
"1025",1025,"L Thaler"
"1026",1026,"D Hamada"
"1027",1027,"H Yamamoto"
"1028",1028,"A Hochman"
"1029",1029,"J Awad"
"1030",1030,"R Esquenazi"
"1031",1031,"A Ilnicki"
"1032",1032,"S Drew"
"1033",1033,"K Yokosawa"
"1034",1034,"T Tsushiro"
"1035",1035,"M Asano"
"1036",1036,"Z Yong"
"1037",1037,"P Hsieh"
"1038",1038,"D Milea"
"1039",1039,"M Fu"
"1040",1040,"R Farivar"
"1041",1041,"B Miller"
"1042",1042,"G Andersen"
"1043",1043,"B Keane"
"1044",1044,"K Panton"
"1045",1045,"J Badcock"
"1046",1046,"J Dickinson"
"1047",1047,"D Badcock"
"1048",1048,"J Holmin"
"1049",1049,"C Han"
"1050",1050,"T Ooi"
"1051",1051,"Z He"
"1052",1052,"S Carrigan"
"1053",1053,"P Kellman"
"1054",1054,"S Schwartz"
"1055",1055,"B Hadad"
"1056",1056,"L Sekely"
"1057",1057,"E Gheorghiu"
"1058",1058,"B Dering"
"1059",1059,"C Mitchell"
"1060",1060,"H Sato"
"1061",1061,"I Motoyoshi"
"1062",1062,"S Kanaya"
"1063",1063,"M Hayashi"
"1064",1064,"S Suresh"
"1065",1065,"S Thomasson"
"1066",1066,"O Tanrikulu"
"1067",1067,"V Froyen"
"1068",1068,"M Singh"
"1069",1069,"R Skocypec"
"1070",1070,"B Jannuzi"
"1071",1071,"K Orsten-Hooge"
"1072",1072,"N Baker"
"1073",1073,"A Lowet"
"1074",1074,"C Firestone"
"1075",1075,"D Burlinson"
"1076",1076,"K Subramanian"
"1077",1077,"P Goolkasian"
"1078",1078,"G Erlikhman"
"1079",1079,"Y Morgenstern"
"1080",1080,"F Schmidt"
"1081",1081,"R Fleming"
"1082",1082,"M Morita"
"1083",1083,"T Sato"
"1084",1084,"C Flowers"
"1085",1085,"R Green"
"1086",1086,"S Yousif"
"1087",1087,"J Cali"
"1088",1088,"A Zylberberg"
"1089",1089,"M Basso"
"1090",1090,"W Ma"
"1091",1091,"J Fulvio"
"1092",1092,"N Gaspelin"
"1093",1093,"M Hilchey"
"1094",1094,"M Castelhano"
"1095",1095,"M Võ"
"1096",1096,"N Gronau"
"1097",1097,"R Held"
"1098",1098,"D Tonin"
"1099",1099,"V Romei"
"1100",1100,"R Lambert"
"1101",1101,"A Bester"
"1102",1102,"J Saada"
"1103",1103,"S Rossit"
"1104",1104,"I Sperandio"
"1105",1105,"P Fattori"
"1106",1106,"R Breveglieri"
"1107",1107,"M Vitis"
"1108",1108,"A Bosco"
"1109",1109,"C Galletti"
"1110",1110,"A Starynska"
"1111",1111,"C Gamble"
"1112",1112,"J Song"
"1113",1113,"C Malla"
"1114",1114,"J Smeets"
"1115",1115,"E Brenner"
"1116",1116,"C Davis"
"1117",1117,"M Riesenhuber"
"1118",1118,"R McGugin"
"1119",1119,"B Tamber-Rosenau"
"1120",1120,"A Newton"
"1121",1121,"A Lochy"
"1122",1122,"A Heering"
"1123",1123,"V Natu"
"1124",1124,"M Barnett"
"1125",1125,"J Hartley"
"1126",1126,"A Stigliani"
"1127",1127,"K Grill-Spector"
"1128",1128,"C Stoll"
"1129",1129,"M Dye"
"1130",1130,"A Albonico"
"1131",1131,"M Cohen"
"1132",1132,"J Bernard"
"1133",1133,"G Vannuscorps"
"1134",1134,"A Galaburda"
"1135",1135,"E Falk"
"1136",1136,"A Caramazza"
"1137",1137,"D Coggan"
"1138",1138,"T Hartley"
"1139",1139,"D Baker"
"1140",1140,"T Andrews"
"1141",1141,"E Ester"
"1142",1142,"T Oleskiw"
"1143",1143,"A Nowack"
"1144",1144,"A Pasupathy"
"1145",1145,"G Quek"
"1146",1146,"R Pramod"
"1147",1147,"M Tamaki"
"1148",1148,"J Bang"
"1149",1149,"D Rahnev"
"1150",1150,"R Li"
"1151",1151,"S Itthipuripat"
"1152",1152,"K Chang"
"1153",1153,"S Nelli"
"1154",1154,"L Grzeczkowski"
"1155",1155,"A Cretenoud"
"1156",1156,"F Mast"
"1157",1157,"J Fiser"
"1158",1158,"G Lengyel"
"1159",1159,"M Nagy"
"1160",1160,"X Xie"
"1161",1161,"M Mueller"
"1162",1162,"M Inverso"
"1163",1163,"C Chubb"
"1164",1164,"C Wright"
"1165",1165,"G Sperling"
"1166",1166,"M Fallah"
"1167",1167,"P Sung"
"1168",1168,"L D'Abreu"
"1169",1169,"T Sweeny"
"1170",1170,"A Soce"
"1171",1171,"B Zou"
"1172",1172,"L Zhou"
"1173",1173,"S Buetti"
"1174",1174,"S Lu"
"1175",1175,"Y Cai"
"1176",1176,"W Fang"
"1177",1177,"T Liu"
"1178",1178,"M Gong"
"1179",1179,"J Schoenhammer"
"1180",1180,"D Kerzel"
"1181",1181,"Z Li"
"1182",1182,"F Yang"
"1183",1183,"L RodriguezCintron"
"1184",1184,"A Winter"
"1185",1185,"P Witkowski"
"1186",1186,"J Geng"
"1187",1187,"M Elliott"
"1188",1188,"R Rensink"
"1189",1189,"J Rivera-Aparicio"
"1190",1190,"B Lin"
"1191",1191,"J Cone"
"1192",1192,"M Moher"
"1193",1193,"T Sørensen"
"1194",1194,"X Cai"
"1195",1195,"R Chan"
"1196",1196,"J Dall"
"1197",1197,"C Chao"
"1198",1198,"C Kim"
"1199",1199,"E Grossman"
"1200",1200,"C Colombatto"
"1201",1201,"B Buren"
"1202",1202,"M Coco"
"1203",1203,"A Nuthmann"
"1204",1204,"S Sala"
"1205",1205,"A Baragchizadeh"
"1206",1206,"J Burling"
"1207",1207,"H Lu"
"1208",1208,"D Chang"
"1209",1209,"H Ban"
"1210",1210,"Y Ikegaya"
"1211",1211,"I Fujita"
"1212",1212,"N Troje"
"1213",1213,"S Hagen"
"1214",1214,"Q Vuong"
"1215",1215,"L Scott"
"1216",1216,"T Curran"
"1217",1217,"E Hiris"
"1218",1218,"D Brzezinski"
"1219",1219,"A Stein"
"1220",1220,"Y Peng"
"1221",1221,"N Simhi"
"1222",1222,"L Sting"
"1223",1223,"L Fedorov"
"1224",1224,"T Dijkstra"
"1225",1225,"H Hock"
"1226",1226,"H Son"
"1227",1227,"H Park"
"1228",1228,"C Peltier"
"1229",1229,"B Liaño"
"1230",1230,"D Rin"
"1231",1231,"C Nothelfer"
"1232",1232,"S Franconeri"
"1233",1233,"M Falikman"
"1234",1234,"C McCants"
"1235",1235,"N Berggren"
"1236",1236,"R Wujcik"
"1237",1237,"A Hess"
"1238",1238,"L Guo"
"1239",1239,"Y Higuchi"
"1240",1240,"T Endo"
"1241",1241,"S Inoue"
"1242",1242,"T Kumada"
"1243",1243,"D Sarno"
"1244",1244,"J Lewis"
"1245",1245,"A Mishler"
"1246",1246,"A Kramer"
"1247",1247,"J Feffer"
"1248",1248,"M Cain"
"1249",1249,"B McGee"
"1250",1250,"C Echiverri"
"1251",1251,"B Zinszer"
"1252",1252,"R Wu"
"1253",1253,"J Sevilla"
"1254",1254,"J Hegde"
"1255",1255,"J Ericson"
"1256",1256,"B Sharpe"
"1257",1257,"A Kiyonaga"
"1258",1258,"M Manassi"
"1259",1259,"M D'Esposito"
"1260",1260,"I Singh"
"1261",1261,"M Howard"
"1262",1262,"N Kataev"
"1263",1263,"A Teodorescu"
"1264",1264,"R Hajaj"
"1265",1265,"Y Goshen-Gottstein"
"1266",1266,"M deBettencourt"
"1267",1267,"K Norman"
"1268",1268,"A Li"
"1269",1269,"G Swan"
"1270",1270,"H Chen"
"1271",1271,"L Goetschalckx"
"1272",1272,"S Vanmarcke"
"1273",1273,"P Moors"
"1274",1274,"J Wagemans"
"1275",1275,"B Tomm"
"1276",1276,"J Zhao"
"1277",1277,"A Maxcey"
"1278",1278,"B Peters"
"1279",1279,"B Rahm"
"1280",1280,"S Czoschke"
"1281",1281,"C Barnes"
"1282",1282,"J Kaiser"
"1283",1283,"C Bledowski"
"1284",1284,"B McDunn"
"1285",1285,"J Brown"
"1286",1286,"A Yoo"
"1287",1287,"L Acerbi"
"1288",1288,"A Mihali"
"1289",1289,"K Moen"
"1290",1290,"S Saltzmann"
"1291",1291,"M Beck"
"1292",1292,"J Nador"
"1293",1293,"B Minnery"
"1294",1294,"M Sherwood"
"1295",1295,"I Juvina"
"1296",1296,"R Rademaker"
"1297",1297,"C Chunharas"
"1298",1298,"S Kelley"
"1299",1299,"E Blumberg"
"1300",1300,"J Scimeca"
"1301",1301,"J Miller"
"1302",1302,"M Cappiello"
"1303",1303,"W Zhang"
"1304",1304,"B Wang"
"1305",1305,"J Theeuwes"
"1306",1306,"C Olivers"
"1307",1307,"C Quirk"
"1308",1308,"E Vogel"
"1309",1309,"H Cohen"
"1310",1310,"H Lockhart"
"1311",1311,"S Emrich"
"1312",1312,"G Son"
"1313",1313,"J Zhou"
"1314",1314,"Y Zhang"
"1315",1315,"S Chen"
"1316",1316,"R Shui"
"1317",1317,"M Shen"
"1318",1318,"M Yamaoka"
"1319",1319,"Y Markov"
"1320",1320,"Y Park"
"1321",1321,"W Ju"
"1322",1322,"F Tong"
"1323",1323,"L Rabbitt"
"1324",1324,"C McDonald"
"1325",1325,"M Kang"
"1326",1326,"H Song"
"1327",1327,"V Khvostov"
"1328",1328,"K Killebrew"
"1329",1329,"C Peacock"
"1330",1330,"M Berryhill"
"1331",1331,"L Vinke"
"1332",1332,"S Ling"
"1333",1333,"W Huang"
"1334",1334,"Y Pei"
"1335",1335,"C Yeh"
"1336",1336,"N Thigpen"
"1337",1337,"A Keil"
"1338",1338,"L Chang"
"1339",1339,"P Bao"
"1340",1340,"D Tsao"
"1341",1341,"T Retter"
"1342",1342,"O Gwinn"
"1343",1343,"F Jiang"
"1344",1344,"G Vilidaite"
"1345",1345,"S Aston"
"1346",1346,"M Olkkonen"
"1347",1347,"A Hurlbert"
"1348",1348,"S Pont"
"1349",1349,"L Xia"
"1350",1350,"T Kartashova"
"1351",1351,"I Ilic"
"1352",1352,"L Whitehead"
"1353",1353,"D Foster"
"1354",1354,"I Marín-Franch"
"1355",1355,"Y Mizokami"
"1356",1356,"Y Kiyasu"
"1357",1357,"H Yaguchi"
"1358",1358,"R Ennis"
"1359",1359,"K Doerschner"
"1360",1360,"R Lafer-Sousa"
"1361",1361,"S Nakauchi"
"1362",1362,"K Shiromi"
"1363",1363,"H Higashi"
"1364",1364,"M Shehata"
"1365",1365,"S Shimojo"
"1366",1366,"A Sohaib"
"1367",1367,"K Xiao"
"1368",1368,"J Yates"
"1369",1369,"C Whitford"
"1370",1370,"S Wuerger"
"1371",1371,"T Morimoto"
"1372",1372,"R Lee"
"1373",1373,"H Smithson"
"1374",1374,"G Kong"
"1375",1375,"W Zhu"
"1376",1376,"J Drewes"
"1377",1377,"M Shimizu"
"1378",1378,"E Kimura"
"1379",1379,"C Paffen"
"1380",1380,"M Heilbron"
"1381",1381,"S Qian"
"1382",1382,"M Guggenmos"
"1383",1383,"S Stuit"
"1384",1384,"M Barendregt"
"1385",1385,"S Pas"
"1386",1386,"R Shirai"
"1387",1387,"H Ogawa"
"1388",1388,"R Moyal"
"1389",1389,"S Edelman"
"1390",1390,"K Dougherty"
"1391",1391,"M Cox"
"1392",1392,"J Westerberg"
"1393",1393,"A Maier"
"1394",1394,"Y Matsuda"
"1395",1395,"K Shimono"
"1396",1396,"S Aida"
"1397",1397,"P Huang"
"1398",1398,"B Kim"
"1399",1399,"S Kenchappa"
"1400",1400,"O Yehezkel"
"1401",1401,"A Sterkin"
"1402",1402,"U Polat"
"1403",1403,"A Reynaud"
"1404",1404,"A Sudhama"
"1405",1405,"L Deas"
"1406",1406,"M Cutone"
"1407",1407,"R Mosher"
"1408",1408,"D Cid"
"1409",1409,"K Rifai"
"1410",1410,"E Castellanos"
"1411",1411,"K Phan"
"1412",1412,"H Patterson"
"1413",1413,"I Erkelens"
"1414",1414,"C Calderon"
"1415",1415,"W Bobier"
"1416",1416,"J Triesch"
"1417",1417,"S Eckmann"
"1418",1418,"B Shi"
"1419",1419,"J Brooks"
"1420",1420,"A Davila"
"1421",1421,"A Satish"
"1422",1422,"E Rashal"
"1423",1423,"C Chen"
"1424",1424,"L Lin"
"1425",1425,"Y Lin"
"1426",1426,"J Pomerantz"
"1427",1427,"C Chapman"
"1428",1428,"J Flynn"
"1429",1429,"C Noe"
"1430",1430,"T Yingxue"
"1431",1431,"R Yu"
"1432",1432,"D Datta"
"1433",1433,"S Keshvari"
"1434",1434,"R Rosenholtz"
"1435",1435,"R Kimchi"
"1436",1436,"D Devyatko"
"1437",1437,"S Sabary"
"1438",1438,"M Katkov"
"1439",1439,"H Harris"
"1440",1440,"D Sagi"
"1441",1441,"L DeStefano"
"1442",1442,"K Tark"
"1443",1443,"I Kim"
"1444",1444,"W Shim"
"1445",1445,"A Persichetti"
"1446",1446,"L Aulet"
"1447",1447,"D Dilks"
"1448",1448,"S Lourenco"
"1449",1449,"N Alp"
"1450",1450,"P Kohler"
"1451",1451,"N Kogo"
"1452",1452,"E Kupers"
"1453",1453,"W Mackey"
"1454",1454,"J Winawer"
"1455",1455,"M Abdelhack"
"1456",1456,"Y Kamitani"
"1457",1457,"J Richards"
"1458",1458,"C Groot"
"1459",1459,"A Corcoran"
"1460",1460,"A Bruno"
"1461",1461,"L Jovanovic"
"1462",1462,"E Zimmermann"
"1463",1463,"C Huang"
"1464",1464,"D Hayashi"
"1465",1465,"H Iwasawa"
"1466",1466,"T Osugi"
"1467",1467,"I Murakami"
"1468",1468,"S Kashiwakura"
"1469",1469,"J Maarseveen"
"1470",1470,"H Hogendoorn"
"1471",1471,"F Verstraten"
"1472",1472,"H Yoshimatsu"
"1473",1473,"Y Murai"
"1474",1474,"Y Yotsumoto"
"1475",1475,"S Choi"
"1476",1476,"Y Yang"
"1477",1477,"S Yeh"
"1478",1478,"J TAN"
"1479",1479,"P HSIEH"
"1480",1480,"J Batten"
"1481",1481,"J Haensel"
"1482",1482,"T Smith"
"1483",1483,"B Caziot"
"1484",1484,"N Stiles"
"1485",1485,"A Tanguay"
"1486",1486,"B Bailey"
"1487",1487,"C Levitan"
"1488",1488,"F Ball"
"1489",1489,"L Michels"
"1490",1490,"F Fuehrmann"
"1491",1491,"J Starke"
"1492",1492,"T Noesselt"
"1493",1493,"K Kallinen"
"1494",1494,"K Dickerson"
"1495",1495,"B Perelman"
"1496",1496,"S Palmer"
"1497",1497,"N Jacoby"
"1498",1498,"N Carlisle"
"1499",1499,"M Weaver"
"1500",1500,"W Zoest"
"1501",1501,"B Dube"
"1502",1502,"N Al-Aidroos"
"1503",1503,"M Cavanaugh"
"1504",1504,"A Barbot"
"1505",1505,"M Carrasco"
"1506",1506,"K Huxlin"
"1507",1507,"P Kok"
"1508",1508,"M Bossard"
"1509",1509,"C Goulon"
"1510",1510,"D Mestre"
"1511",1511,"J Matthis"
"1512",1512,"K Muller"
"1513",1513,"J Perrone"
"1514",1514,"N Ruffieux"
"1515",1515,"F Colombo"
"1516",1516,"F Borruat"
"1517",1517,"E Accolla"
"1518",1518,"J Annoni"
"1519",1519,"L Daoudi"
"1520",1520,"H Öğmen"
"1521",1521,"M Morgan"
"1522",1522,"J Solomon"
"1523",1523,"A Aizenman"
"1524",1524,"E Kok"
"1525",1525,"A Deza"
"1526",1526,"M Eckstein"
"1527",1527,"G Ng"
"1528",1528,"A Lleras"
"1529",1529,"D Niehorster"
"1530",1530,"T Cornelissen"
"1531",1531,"I Hooge"
"1532",1532,"K Holmqvist"
"1533",1533,"L Alley"
"1534",1534,"A Schmid"
"1535",1535,"V Paulun"
"1536",1536,"S Hansmann-Roth"
"1537",1537,"J Todd"
"1538",1538,"F Norman"
"1539",1539,"F Zhang"
"1540",1540,"H Ridder"
"1541",1541,"R Egmond"
"1542",1542,"T Saarela"
"1543",1543,"B Odegaard"
"1544",1544,"V Pelekanos"
"1545",1545,"O Joly"
"1546",1546,"R Mok"
"1547",1547,"M Ainsworth"
"1548",1548,"D Kyriazis"
"1549",1549,"M Kelly"
"1550",1550,"A Bell"
"1551",1551,"R McManus"
"1552",1552,"L Thomas"
"1553",1553,"S Steinmetz"
"1554",1554,"N Powell"
"1555",1555,"O Layton"
"1556",1556,"B Fajen"
"1557",1557,"D Postma"
"1558",1558,"G Huffman"
"1559",1559,"J Pratt"
"1560",1560,"N Tenhundfeld"
"1561",1561,"M Janzen"
"1562",1562,"M Tymoski"
"1563",1563,"J Janzen"
"1564",1564,"T Nathan"
"1565",1565,"T Michael"
"1566",1566,"W Jessica"
"1567",1567,"E Saccone"
"1568",1568,"O Churches"
"1569",1569,"A Szpak"
"1570",1570,"M Compton"
"1571",1571,"J Snow"
"1572",1572,"S Lehky"
"1573",1573,"A Phan"
"1574",1574,"A Cichocki"
"1575",1575,"K Tanaka"
"1576",1576,"E ZeeAbrahamsen"
"1577",1577,"N Nichiporuk"
"1578",1578,"K Knoblauch"
"1579",1579,"C Abbatecola"
"1580",1580,"S Shevell"
"1581",1581,"S Sankaranarayanan"
"1582",1582,"M Srivastava"
"1583",1583,"T Xu"
"1584",1584,"O Garrod"
"1585",1585,"L Snoek"
"1586",1586,"C Chang"
"1587",1587,"C Rezlescu"
"1588",1588,"T Susilo"
"1589",1589,"A Chapman"
"1590",1590,"Y Tsank"
"1591",1591,"K Weibert"
"1592",1592,"R Kramer"
"1593",1593,"K Ritchie"
"1594",1594,"M Burton"
"1595",1595,"F Zimmermann"
"1596",1596,"T Steiner"
"1597",1597,"R Franklin"
"1598",1598,"Y Shen"
"1599",1599,"J Webster"
"1600",1600,"G Boynton"
"1601",1601,"Y Shoda"
"1602",1602,"C Sponheim"
"1603",1603,"A Messinger"
"1604",1604,"K Vinken"
"1605",1605,"R Vogels"
"1606",1606,"D Pitcher"
"1607",1607,"S Japee"
"1608",1608,"L Rauth"
"1609",1609,"X Fan"
"1610",1610,"H Shao"
"1611",1611,"F Wang"
"1612",1612,"N Ward"
"1613",1613,"D Albohn"
"1614",1614,"C Or"
"1615",1615,"L Symons"
"1616",1616,"K Jantzen"
"1617",1617,"A Hahn"
"1618",1618,"T Kredel"
"1619",1619,"B Ratcliff"
"1620",1620,"N Toor"
"1621",1621,"M Jantzen"
"1622",1622,"H Ozkan"
"1623",1623,"V Goffaux"
"1624",1624,"S Faghel-Soubeyrand"
"1625",1625,"F Gosselin"
"1626",1626,"F Ramírez"
"1627",1627,"J Damasse"
"1628",1628,"A Montagnini"
"1629",1629,"L Perrinet"
"1630",1630,"M Mahadevan"
"1631",1631,"S Stevenson"
"1632",1632,"A Rothwell"
"1633",1633,"M Spering"
"1634",1634,"Z Ma"
"1635",1635,"S Heinen"
"1636",1636,"J Fleuriet"
"1637",1637,"L Bakst"
"1638",1638,"M Mustari"
"1639",1639,"F Danion"
"1640",1640,"R Flanagan"
"1641",1641,"W Wu"
"1642",1642,"Y Meng"
"1643",1643,"S Monfared"
"1644",1644,"J Folstein"
"1645",1645,"S Mattioni"
"1646",1646,"M Rezk"
"1647",1647,"K Cuculiza"
"1648",1648,"C Battal"
"1649",1649,"R Bottini"
"1650",1650,"M Ackeren"
"1651",1651,"N Oosterhof"
"1652",1652,"O Collignon"
"1653",1653,"S Herald"
"1654",1654,"B Duchaine"
"1655",1655,"A Familiar"
"1656",1656,"H Matheson"
"1657",1657,"S Thompson-Schill"
"1658",1658,"E Freud"
"1659",1659,"D Plaut"
"1660",1660,"J Taylor"
"1661",1661,"M Vaziri-Pashkam"
"1662",1662,"Y Xu"
"1663",1663,"M Pashkam"
"1664",1664,"T Namima"
"1665",1665,"K Mirpour"
"1666",1666,"J Bisley"
"1667",1667,"W Ong"
"1668",1668,"T Kim"
"1669",1669,"W Bair"
"1670",1670,"R Vernon"
"1671",1671,"A Gouws"
"1672",1672,"S Lawrence"
"1673",1673,"B Keefe"
"1674",1674,"D McKeefry"
"1675",1675,"A Wade"
"1676",1676,"A Morland"
"1677",1677,"S Wardle"
"1678",1678,"K Seymour"
"1679",1679,"K Jamison"
"1680",1680,"L Vizioli"
"1681",1681,"K Kay"
"1682",1682,"B Zhou"
"1683",1683,"A Lapedriza"
"1684",1684,"A Torralba"
"1685",1685,"M Kumar"
"1686",1686,"M Bonner"
"1687",1687,"R Epstein"
"1688",1688,"H Katti"
"1689",1689,"M Peelen"
"1690",1690,"S Amirshahi"
"1691",1691,"A Anoosheh"
"1692",1692,"S Yu"
"1693",1693,"J Suchan"
"1694",1694,"C Schultz"
"1695",1695,"M Bhatt"
"1696",1696,"T Hayes"
"1697",1697,"J Henderson"
"1698",1698,"J Boshyan"
"1699",1699,"N Betz"
"1700",1700,"L Barrett"
"1701",1701,"M Fenske"
"1702",1702,"B Hazan"
"1703",1703,"D Kurylo"
"1704",1704,"S Boettcher"
"1705",1705,"E Dienhart"
"1706",1706,"J Lass"
"1707",1707,"A Hashemi"
"1708",1708,"J Julian"
"1709",1709,"A Keinath"
"1710",1710,"G Frazzetta"
"1711",1711,"Y Jung"
"1712",1712,"B Larsen"
"1713",1713,"D Bernhardt-Walther"
"1714",1714,"M Arcaro"
"1715",1715,"M Livingstone"
"1716",1716,"J Henry"
"1717",1717,"G Malcolm"
"1718",1718,"E Silson"
"1719",1719,"M Lowe"
"1720",1720,"J Rajsic"
"1721",1721,"M Mzozoyana"
"1722",1722,"F Kamps"
"1723",1723,"S Wahab"
"1724",1724,"F Phillips"
"1725",1725,"T Grace"
"1726",1726,"A Kapadia"
"1727",1727,"V Vlajnic"
"1728",1728,"S Lovoulos"
"1729",1729,"K Echazarreta"
"1730",1730,"A Bies"
"1731",1731,"A Kikumoto"
"1732",1732,"S Lazarides"
"1733",1733,"M Sereno"
"1734",1734,"B Kunsberg"
"1735",1735,"S Zucker"
"1736",1736,"A Buckthought"
"1737",1737,"S Wu"
"1738",1738,"D Dovencioglu"
"1739",1739,"A Doorn"
"1740",1740,"J Koenderink"
"1741",1741,"J Saunders"
"1742",1742,"Y Yu"
"1743",1743,"A Petrov"
"1744",1744,"M Nartker"
"1745",1745,"M Ishii"
"1746",1746,"Y Xing"
"1747",1747,"Z Liu"
"1748",1748,"N Kambi"
"1749",1749,"E Kastar"
"1750",1750,"J Phillips"
"1751",1751,"Y Saalmann"
"1752",1752,"C Steinhardt"
"1753",1753,"C Hung"
"1754",1754,"C Connor"
"1755",1755,"Y Duan"
"1756",1756,"A Yakovleva"
"1757",1757,"K Ehinger"
"1758",1758,"K Joseph"
"1759",1759,"W Adams"
"1760",1760,"E Graf"
"1761",1761,"J Elder"
"1762",1762,"R Schubert"
"1763",1763,"G Welch"
"1764",1764,"K Adam"
"1765",1765,"E Bsales"
"1766",1766,"K Fukuda"
"1767",1767,"C Sundby"
"1768",1768,"G Woodman"
"1769",1769,"E Gunseli"
"1770",1770,"T Feldmann-Wüstefeld"
"1771",1771,"G Bae"
"1772",1772,"A Bruning"
"1773",1773,"M Pratte"
"1774",1774,"J Robitaille"
"1775",1775,"Q Huang"
"1776",1776,"L Purpura"
"1777",1777,"J Liang"
"1778",1778,"J Erez"
"1779",1779,"R Cusack"
"1780",1780,"E Lorenc"
"1781",1781,"M Rahmati"
"1782",1782,"O Papaioannou"
"1783",1783,"S Zhu"
"1784",1784,"L Zhang"
"1785",1785,"R Heydt"
"1786",1786,"K Zhang"
"1787",1787,"B Oh"
"1788",1788,"W Xie"
"1789",1789,"M Erickson"
"1790",1790,"D Smith"
"1791",1791,"S Silverstein"
"1792",1792,"A Cerreta"
"1793",1793,"T Vestner"
"1794",1794,"S Tipper"
"1795",1795,"S Rueschemeyer"
"1796",1796,"S Gilson"
"1797",1797,"C Willey"
"1798",1798,"M Lee"
"1799",1799,"S Teng"
"1800",1800,"G Küçükoğlu"
"1801",1801,"R Volcic"
"1802",1802,"N Alalami"
"1803",1803,"V Piserchia"
"1804",1804,"F Perdreau"
"1805",1805,"M Koppen"
"1806",1806,"P Medendorp"
"1807",1807,"L Saftari"
"1808",1808,"S Xiong"
"1809",1809,"O Kwon"
"1810",1810,"X FU"
"1811",1811,"Y WEI"
"1812",1812,"D CHEN"
"1813",1813,"R SO"
"1814",1814,"A Bornet"
"1815",1815,"A Doerig"
"1816",1816,"G Francis"
"1817",1817,"W Harrison"
"1818",1818,"M Jastrzebowska"
"1819",1819,"B Draganski"
"1820",1820,"R Liu"
"1821",1821,"M Kwon"
"1822",1822,"M Pachai"
"1823",1823,"M Roinishvili"
"1824",1824,"S Tripathy"
"1825",1825,"H Bedell"
"1826",1826,"D Pelli"
"1827",1827,"Y Zhuo"
"1828",1828,"L Chen"
"1829",1829,"A Yashar"
"1830",1830,"X Wu"
"1831",1831,"S Kwon"
"1832",1832,"S Sergey"
"1833",1833,"T Albright"
"1834",1834,"S Gepshtein"
"1835",1835,"R Walshe"
"1836",1836,"S Sebastian"
"1837",1837,"W Geisler"
"1838",1838,"Z Sinno"
"1839",1839,"C Bampis"
"1840",1840,"S Monaco"
"1841",1841,"E Cooper"
"1842",1842,"M Ahrens"
"1843",1843,"D Veniero"
"1844",1844,"M Harvey"
"1845",1845,"G Thut"
"1846",1846,"Y Bagherzadeh"
"1847",1847,"D Baldauf"
"1848",1848,"B Lu"
"1849",1849,"R Desimone"
"1850",1850,"R Denison"
"1851",1851,"W Adler"
"1852",1852,"R Hilo"
"1853",1853,"S Yuval-Greenberg"
"1854",1854,"A Sereno"
"1855",1855,"A Akbarinia"
"1856",1856,"W Wang"
"1857",1857,"L Forder"
"1858",1858,"G Lupyan"
"1859",1859,"K Emery"
"1860",1860,"V Volbrecht"
"1861",1861,"D Peterzell"
"1862",1862,"K Longden"
"1863",1863,"M Reiser"
"1864",1864,"S Schwarzkopf"
"1865",1865,"G Rees"
"1866",1866,"C Morgan"
"1867",1867,"E Anderson"
"1868",1868,"L Soo"
"1869",1869,"R Chakravarthi"
"1870",1870,"P Antonov"
"1871",1871,"S Andersen"
"1872",1872,"J Greenwood"
"1873",1873,"J Danter"
"1874",1874,"R Finnie"
"1875",1875,"K DeSimone"
"1876",1876,"J Abrams"
"1877",1877,"O Henaff"
"1878",1878,"S Cholewiak"
"1879",1879,"G Love"
"1880",1880,"M Banks"
"1881",1881,"S Kim"
"1882",1882,"D Schiebler"
"1883",1883,"R Rideaux"
"1884",1884,"T Czuba"
"1885",1885,"A Kohn"
"1886",1886,"P Baker"
"1887",1887,"P Jaini"
"1888",1888,"M Giesel"
"1889",1889,"J Harris"
"1890",1890,"M Bloj"
"1891",1891,"B Gwak"
"1892",1892,"H Mohamed"
"1893",1893,"X He"
"1894",1894,"M Kinateder"
"1895",1895,"T Pfaff"
"1896",1896,"D Pai"
"1897",1897,"R Rolin"
"1898",1898,"J Fooken"
"1899",1899,"R Allison"
"1900",1900,"Y Fujii"
"1901",1901,"J Kim"
"1902",1902,"L Cai"
"1903",1903,"B Backus"
"1904",1904,"D Savcı"
"1905",1905,"S Gilbert"
"1906",1906,"D Blanc-Goldhammer"
"1907",1907,"P Dassonville"
"1908",1908,"M Kitazaki"
"1909",1909,"R Nakayama"
"1910",1910,"L NI"
"1911",1911,"L LI"
"1912",1912,"M Xie"
"1913",1913,"L Li"
"1914",1914,"H Deng"
"1915",1915,"S Kuang"
"1916",1916,"T Zhang"
"1917",1917,"Y Xia"
"1918",1918,"B Jörges"
"1919",1919,"A Allen"
"1920",1920,"N Heller"
"1921",1921,"N Davidenko"
"1922",1922,"L Bartlett"
"1923",1923,"N Hedger"
"1924",1924,"K Hartstein"
"1925",1925,"K Meier"
"1926",1926,"F Javadian"
"1927",1927,"H Ogmen"
"1928",1928,"D Huynh"
"1929",1929,"W Redmond"
"1930",1930,"C Bossens"
"1931",1931,"A LEE"
"1932",1932,"N Ryan"
"1933",1933,"G Hodder"
"1934",1934,"L King"
"1935",1935,"J Drover"
"1936",1936,"S Cornick"
"1937",1937,"D Hallett"
"1938",1938,"J Higgins"
"1939",1939,"J Planke"
"1940",1940,"S Shuwairi"
"1941",1941,"C Downey"
"1942",1942,"G Pace"
"1943",1943,"E Seemiller"
"1944",1944,"R Candy"
"1945",1945,"T Candy"
"1946",1946,"T Meissner"
"1947",1947,"M Nordt"
"1948",1948,"S Weigelt"
"1949",1949,"N Majaj"
"1950",1950,"D Seibert"
"1951",1951,"L Kiorpes"
"1952",1952,"Z Kaldy"
"1953",1953,"S Dhungana"
"1954",1954,"E Blaser"
"1955",1955,"B Eschman"
"1956",1956,"S Ross-Sheehy"
"1957",1957,"J Castronovo"
"1958",1958,"J Delvenne"
"1959",1959,"J Huang"
"1960",1960,"S Margolf-Hackl"
"1961",1961,"M Hegele"
"1962",1962,"J Billino"
"1963",1963,"A Logan"
"1964",1964,"G Gordon"
"1965",1965,"G Loffler"
"1966",1966,"C Baer"
"1967",1967,"Y Ujiie"
"1968",1968,"W Yamashita"
"1969",1969,"W Fujisaki"
"1970",1970,"S Kanazawa"
"1971",1971,"M Yamaguchi"
"1972",1972,"M Kobayashi"
"1973",1973,"R Kakigi"
"1974",1974,"S Tsurumi"
"1975",1975,"K Semmelmann"
"1976",1976,"E Genç"
"1977",1977,"B Baltaretu"
"1978",1978,"J Velji-Ibrahim"
"1979",1979,"G Luabeya"
"1980",1980,"G Malfatti"
"1981",1981,"L Cattaneo"
"1982",1982,"L Turella"
"1983",1983,"A Yan"
"1984",1984,"I Camponogara"
"1985",1985,"A Ozana"
"1986",1986,"T Ganel"
"1987",1987,"G Namdar"
"1988",1988,"J Guo"
"1989",1989,"C Leferink"
"1990",1990,"N Bruce"
"1991",1991,"J Marotta"
"1992",1992,"L Klein"
"1993",1993,"C Glowania"
"1994",1994,"L Dam"
"1995",1995,"M Plaisier"
"1996",1996,"Z Chen"
"1997",1997,"E Cesanek"
"1998",1998,"F Domini"
"1999",1999,"K Kopiske"
"2000",2000,"C Campagnoli"
"2001",2001,"Y Han"
"2002",2002,"G Roig"
"2003",2003,"G Geiger"
"2004",2004,"T Poggio"
"2005",2005,"B Breitmeyer"
"2006",2006,"R Hale"
"2007",2007,"R Plummer"
"2008",2008,"A Carr"
"2009",2009,"T Jones"
"2010",2010,"A Cataldo"
"2011",2011,"H Hadley"
"2012",2012,"E Arnold"
"2013",2013,"W Yu"
"2014",2014,"X Fu"
"2015",2015,"N Zitron"
"2016",2016,"P Zamarashkina"
"2017",2017,"D Popovkina"
"2018",2018,"L Hamm"
"2019",2019,"J Yeoman"
"2020",2020,"N Anstice"
"2021",2021,"A Cate"
"2022",2022,"L Cooper"
"2023",2023,"R Devulapalli"
"2024",2024,"T Flynn"
"2025",2025,"D Hiles"
"2026",2026,"T Quinn"
"2027",2027,"E Collins"
"2028",2028,"S Breitenbach"
"2029",2029,"C Freitag"
"2030",2030,"L Hyvärinen"
"2031",2031,"R Walthes"
"2032",2032,"L Cruz"
"2033",2033,"D Paterno"
"2034",2034,"J Blumberg"
"2035",2035,"F Aiple"
"2036",2036,"P Reinacher"
"2037",2037,"J Singer"
"2038",2038,"A Brandt"
"2039",2039,"A Schulze-Bonhage"
"2040",2040,"G Kreiman"
"2041",2041,"T Barnes-Diana"
"2042",2042,"M Vergeer"
"2043",2043,"J Mesik"
"2044",2044,"Y Baek"
"2045",2045,"K Wilmerding"
"2046",2046,"K Nguyen"
"2047",2047,"M Bao"
"2048",2048,"J Bai"
"2049",2049,"X Dong"
"2050",2050,"A Choi"
"2051",2051,"N Gekas"
"2052",2052,"K McDermott"
"2053",2053,"P Shafto"
"2054",2054,"A Schweinhart"
"2055",2055,"E Essock"
"2056",2056,"L Baker"
"2057",2057,"D Jonnalagedda"
"2058",2058,"A Leshinskaya"
"2059",2059,"H Feigin"
"2060",2060,"S Baror"
"2061",2061,"A Zaidel"
"2062",2062,"F Ouyang"
"2063",2063,"C Widdowson"
"2064",2064,"S LaValle"
"2065",2065,"R Wang"
"2066",2066,"A Kumar"
"2067",2067,"E Lee"
"2068",2068,"J Sheynin"
"2069",2069,"U Mistry"
"2070",2070,"P Allen"
"2071",2071,"M Gannon"
"2072",2072,"S Long"
"2073",2073,"M Gardner"
"2074",2074,"N Parks"
"2075",2075,"F Thorn"
"2076",2076,"E Wu"
"2077",2077,"X Chen"
"2078",2078,"L Zhu"
"2079",2079,"X Li"
"2080",2080,"J Qu"
"2081",2081,"X Xing"
"2082",2082,"Y Luo"
"2083",2083,"A Serrano"
"2084",2084,"A Tal"
"2085",2085,"M Maniglia"
"2086",2086,"D DeLoss"
"2087",2087,"K Visscher"
"2088",2088,"A Seitz"
"2089",2089,"Q He"
"2090",2090,"P Banks"
"2091",2091,"L Kendall"
"2092",2092,"Q Raffaelli"
"2093",2093,"A Kingstone"
"2094",2094,"T Jacques"
"2095",2095,"Y He"
"2096",2096,"G Legge"
"2097",2097,"N Matthews"
"2098",2098,"L Welch"
"2099",2099,"F Coplin"
"2100",2100,"A Murphy"
"2101",2101,"M Puritz"
"2102",2102,"O Akbilgic"
"2103",2103,"W Smith"
"2104",2104,"S Guan"
"2105",2105,"Y Xiong"
"2106",2106,"T Kolodny"
"2107",2107,"P Stern"
"2108",2108,"M Ankaoua"
"2109",2109,"S Tsafrir"
"2110",2110,"C Mevorach"
"2111",2111,"L Shalev"
"2112",2112,"D Rothlein"
"2113",2113,"J DeGutis"
"2114",2114,"M Esterman"
"2115",2115,"C Liu"
"2116",2116,"L Spencer"
"2117",2117,"J Brissenden"
"2118",2118,"E Levin"
"2119",2119,"M Halko"
"2120",2120,"S Aghajari"
"2121",2121,"B Sheth"
"2122",2122,"A Tijiboy"
"2123",2123,"Y Suzuki"
"2124",2124,"T Minami"
"2125",2125,"J Touryan"
"2126",2126,"D Slayback"
"2127",2127,"A Ries"
"2128",2128,"A Bayat"
"2129",2129,"M Pomplun"
"2130",2130,"Z Bylinskii"
"2131",2131,"M Borkin"
"2132",2132,"N Kim"
"2133",2133,"H Pfister"
"2134",2134,"J Marshall"
"2135",2135,"E Dalmaijer"
"2136",2136,"M Mills"
"2137",2137,"M Rosen"
"2138",2138,"S Stigel"
"2139",2139,"C Damiano"
"2140",2140,"J Hutson"
"2141",2141,"J Magliano"
"2142",2142,"J Rubinstein"
"2143",2143,"F Traub"
"2144",2144,"R Johansson"
"2145",2145,"S Crewther"
"2146",2146,"J Peters"
"2147",2147,"N Goharpey"
"2148",2148,"C Mungkhetklang"
"2149",2149,"D Crewther"
"2150",2150,"R Laycock"
"2151",2151,"M Bécu"
"2152",2152,"G Tatur"
"2153",2153,"A Bourefis"
"2154",2154,"L Bologna"
"2155",2155,"D Sheynikhovich"
"2156",2156,"A Arleo"
"2157",2157,"A Recasens"
"2158",2158,"A Borji"
"2159",2159,"F Durand"
"2160",2160,"R Hershman"
"2161",2161,"N Cohen"
"2162",2162,"A Henik"
"2163",2163,"G Gagnon"
"2164",2164,"D Johnson"
"2165",2165,"S Roldan"
"2166",2166,"O Obertello"
"2167",2167,"G Todorova"
"2168",2168,"F Pollick"
"2169",2169,"M Kleiman"
"2170",2170,"C Burkhead"
"2171",2171,"D Park"
"2172",2172,"S Lee"
"2173",2173,"R Cheng"
"2174",2174,"N Hansen"
"2175",2175,"B Hansen"
"2176",2176,"H Zhang"
"2177",2177,"R Wiley"
"2178",2178,"E Artz"
"2179",2179,"F Dechterenko"
"2180",2180,"J Lukavsky"
"2181",2181,"A Dally"
"2182",2182,"M Smith"
"2183",2183,"T Hinkel"
"2184",2184,"K Tran"
"2185",2185,"M Steele"
"2186",2186,"C Gottesman"
"2187",2187,"J Defant"
"2188",2188,"T Nguyen"
"2189",2189,"B Wolfe"
"2190",2190,"L Fridman"
"2191",2191,"B Reimer"
"2192",2192,"A Larson"
"2193",2193,"T Simonson"
"2194",2194,"M McMullen"
"2195",2195,"K Payne"
"2196",2196,"D Geuzebroek"
"2197",2197,"A Berg"
"2198",2198,"C QIAN"
"2199",2199,"Z LIU"
"2200",2200,"E Fox"
"2201",2201,"Y Mohsenzadeh"
"2202",2202,"M Cai"
"2203",2203,"N Schuck"
"2204",2204,"M Anderson"
"2205",2205,"J Pillow"
"2206",2206,"D Kaiser"
"2207",2207,"M Beyeler"
"2208",2208,"S Khaligh-Razavi"
"2209",2209,"B Long"
"2210",2210,"D Tso"
"2211",2211,"R Miller"
"2212",2212,"M Begum"
"2213",2213,"P Binda"
"2214",2214,"J Kurzawski"
"2215",2215,"L Biagi"
"2216",2216,"M Tosetti"
"2217",2217,"M Morrone"
"2218",2218,"H Li"
"2219",2219,"J Rankin"
"2220",2220,"J Rinzel"
"2221",2221,"D Heeger"
"2222",2222,"G Hesselmann"
"2223",2223,"E Ananyev"
"2224",2224,"J Sy"
"2225",2225,"A Tomarken"
"2226",2226,"V Patel"
"2227",2227,"K Schneider"
"2228",2228,"N Benson"
"2229",2229,"W Broderick"
"2230",2230,"D Berman"
"2231",2231,"N Finlayson"
"2232",2232,"B Harvey"
"2233",2233,"S Ferreira"
"2234",2234,"M Castelo-Branco"
"2235",2235,"S Dumoulin"
"2236",2236,"M Silva"
"2237",2237,"S Shima"
"2238",2238,"J Griffis"
"2239",2239,"F Pestilli"
"2240",2240,"K Weiner"
"2241",2241,"G Keliris"
"2242",2242,"S Landi"
"2243",2243,"J Sliwa"
"2244",2244,"F Ye"
"2245",2245,"D Leopold"
"2246",2246,"W Freiwald"
"2247",2247,"N Logothetis"
"2248",2248,"B Wandell"
"2249",2249,"R Bergen"
"2250",2250,"J Jehee"
"2251",2251,"L Shi"
"2252",2252,"L Cuturi"
"2253",2253,"G Cappagli"
"2254",2254,"S Finocchietti"
"2255",2255,"E Cocchi"
"2256",2256,"R Arrighi"
"2257",2257,"G Anobile"
"2258",2258,"I Togoli"
"2259",2259,"D Burr"
"2260",2260,"L Likova"
"2261",2261,"L Cacciamani"
"2262",2262,"S Nicholas"
"2263",2263,"K Mineff"
"2264",2264,"H Kang"
"2265",2265,"C Wallraven"
"2266",2266,"H Meyerhoff"
"2267",2267,"S Merz"
"2268",2268,"C Frings"
"2269",2269,"J ZHENG"
"2270",2270,"A Martinez"
"2271",2271,"B Hickey"
"2272",2272,"J Day"
"2273",2273,"L Zhaoping"
"2274",2274,"R Allard"
"2275",2275,"M Barrett"
"2276",2276,"J Rauschecker"
"2277",2277,"M Kaestner"
"2278",2278,"R Maloney"
"2279",2279,"S Liu"
"2280",2280,"Q Yu"
"2281",2281,"R Luna"
"2282",2282,"I Serrano-Pedraza"
"2283",2283,"K Mikellidou"
"2284",2284,"F Frijia"
"2285",2285,"D Montanaro"
"2286",2286,"V Greco"
"2287",2287,"S Strong"
"2288",2288,"B Jeska"
"2289",2289,"A Drain"
"2290",2290,"R Barry-Anwar"
"2291",2291,"T Zwaan"
"2292",2292,"S Creighton"
"2293",2293,"A Elliott"
"2294",2294,"I Oruc"
"2295",2295,"F Shafai"
"2296",2296,"P Lages"
"2297",2297,"T Ton"
"2298",2298,"S Murthy"
"2299",2299,"Y Hu"
"2300",2300,"K Jackson"
"2301",2301,"A Yates"
"2302",2302,"D White"
"2303",2303,"P Phillips"
"2304",2304,"M Zhao"
"2305",2305,"D Srismith"
"2306",2306,"I Bülthoff"
"2307",2307,"L Short"
"2308",2308,"C Wilson"
"2309",2309,"M Linzel"
"2310",2310,"E Margalit"
"2311",2311,"B Shilowich"
"2312",2312,"C Gerlach"
"2313",2313,"S Klargaard"
"2314",2314,"H Hoke"
"2315",2315,"I Zaun"
"2316",2316,"M Robson"
"2317",2317,"R Palermo"
"2318",2318,"L Jeffery"
"2319",2319,"M Neumann"
"2320",2320,"J Davies-Thompson"
"2321",2321,"K Fletcher"
"2322",2322,"J Corrow"
"2323",2323,"C Hills"
"2324",2324,"R Pancaroglu"
"2325",2325,"H Sigurdardottir"
"2326",2326,"L Fridriksdottir"
"2327",2327,"S Gudjonsdottir"
"2328",2328,"R Brewer"
"2329",2329,"F Biotti"
"2330",2330,"G Bird"
"2331",2331,"E Whyte"
"2332",2332,"K Scherf"
"2333",2333,"N Coletta"
"2334",2334,"L Walker"
"2335",2335,"N Wong"
"2336",2336,"K Kelly"
"2337",2337,"M Pelland"
"2338",2338,"H Atilgan"
"2339",2339,"A Mukerji"
"2340",2340,"E Yang"
"2341",2341,"A Barsingerhorn"
"2342",2342,"N Boonstra"
"2343",2343,"M Partanen"
"2344",2344,"L Kugathasan"
"2345",2345,"V Chu"
"2346",2346,"C Lyons"
"2347",2347,"V Troiani"
"2348",2348,"A DiCriscio"
"2349",2349,"K Armstrong"
"2350",2350,"G Iarocci"
"2351",2351,"R Lawson"
"2352",2352,"A Johnstone"
"2353",2353,"A Facoetti"
"2354",2354,"P Trevisan"
"2355",2355,"L Ronconi"
"2356",2356,"S Bertoni"
"2357",2357,"S Colmar"
"2358",2358,"K Double"
"2359",2359,"C Andreola"
"2360",2360,"S Gori"
"2361",2361,"S Franceschini"
"2362",2362,"B Piotrowska"
"2363",2363,"J Murray"
"2364",2364,"A Willis"
"2365",2365,"J Kerridge"
"2366",2366,"T Gianesini"
"2367",2367,"S Joo"
"2368",2368,"A White"
"2369",2369,"D Strodtman"
"2370",2370,"S Kanjlia"
"2371",2371,"L Feigenson"
"2372",2372,"M Bedny"
"2373",2373,"M Defenderfer"
"2374",2374,"F Cornelissen"
"2375",2375,"N Takahashi"
"2376",2376,"M Lucassen"
"2377",2377,"T Borra"
"2378",2378,"J Souman"
"2379",2379,"L Schlangen"
"2380",2380,"S Peyvandi"
"2381",2381,"V Ekroll"
"2382",2382,"A Gilchrist"
"2383",2383,"Y Kobayashi"
"2384",2384,"K Takahashi"
"2385",2385,"M Rudd"
"2386",2386,"T Chauhan"
"2387",2387,"E Slezak"
"2388",2388,"J Vanston"
"2389",2389,"K Tregillus"
"2390",2390,"A Coia"
"2391",2391,"J Kitchens"
"2392",2392,"P Cisarik"
"2393",2393,"P Cyriac"
"2394",2394,"T Batard"
"2395",2395,"M Martinez-Garcia"
"2396",2396,"J Malo"
"2397",2397,"C Breuil"
"2398",2398,"S Barthelmé"
"2399",2399,"N Guyader"
"2400",2400,"M Snodderly"
"2401",2401,"K Ellis"
"2402",2402,"S Lieberman"
"2403",2403,"A Link"
"2404",2404,"E Fernandez-Duque"
"2405",2405,"S Alvarez"
"2406",2406,"L Abondano"
"2407",2407,"A Fiore"
"2408",2408,"T Tyson"
"2409",2409,"E Flynn-Evans"
"2410",2410,"L Stone"
"2411",2411,"A Knorr"
"2412",2412,"C Gravot"
"2413",2413,"H Straka"
"2414",2414,"S Glasauer"
"2415",2415,"K Patel"
"2416",2416,"L Palatnic"
"2417",2417,"D Demmin"
"2418",2418,"M Rochè"
"2419",2419,"Q Davis"
"2420",2420,"A Menon"
"2421",2421,"Y Yoon"
"2422",2422,"S Jung"
"2423",2423,"E Bae"
"2424",2424,"I Donovan"
"2425",2425,"Y Zhou"
"2426",2426,"D Das"
"2427",2427,"L Bonacci"
"2428",2428,"S Bressler"
"2429",2429,"I Hochmitz"
"2430",2430,"S Recht"
"2431",2431,"V Gardelle"
"2432",2432,"Z Liang"
"2433",2433,"N Hanning"
"2434",2434,"O Ferrante"
"2435",2435,"A Patacca"
"2436",2436,"V Caro"
"2437",2437,"E Santandrea"
"2438",2438,"C Libera"
"2439",2439,"L Chelazzi"
"2440",2440,"N Jardine"
"2441",2441,"J Alilovic"
"2442",2442,"B Timmermans"
"2443",2443,"L Reteig"
"2444",2444,"H Slagter"
"2445",2445,"T Ditye"
"2446",2446,"U Ansorge"
"2447",2447,"Y Hong"
"2448",2448,"T Katus"
"2449",2449,"H Huygelier"
"2450",2450,"R Ee"
"2451",2451,"C Gillebert"
"2452",2452,"J Wilmott"
"2453",2453,"X Sun"
"2454",2454,"P Boychuk"
"2455",2455,"A Chasteen"
"2456",2456,"H Choi"
"2457",2457,"C Blair"
"2458",2458,"F Capozzi"
"2459",2459,"J Ristic"
"2460",2460,"J Dunsmoor"
"2461",2461,"K LaBar"
"2462",2462,"A Chung"
"2463",2463,"K Arnell"
"2464",2464,"M Owens"
"2465",2465,"B Gibb"
"2466",2466,"B Pitchford"
"2467",2467,"R Kruk"
"2468",2468,"E Flaten"
"2469",2469,"A Beukers"
"2470",2470,"S Moore"
"2471",2471,"A Anderson"
"2472",2472,"S Pugh"
"2473",2473,"T Menneer"
"2474",2474,"D Taunton"
"2475",2475,"A Hillstrom"
"2476",2476,"A Mitko"
"2477",2477,"K Woutersen"
"2478",2478,"T Theelen"
"2479",2479,"I Wiegand"
"2480",2480,"D Chan"
"2481",2481,"L Igochine"
"2482",2482,"M Roberts"
"2483",2483,"B Ashinoff"
"2484",2484,"F Castellanos"
"2485",2485,"M Barraza-Bernal"
"2486",2486,"M Manaligod"
"2487",2487,"K Roberts"
"2488",2488,"M Wieser"
"2489",2489,"D Mueller"
"2490",2490,"R Ye"
"2491",2491,"Y Jian"
"2492",2492,"H Lai"
"2493",2493,"M Spaniol"
"2494",2494,"A Fellows"
"2495",2495,"N Parker"
"2496",2496,"A Abu-Akel"
"2497",2497,"M Jiang"
"2498",2498,"Z Shen"
"2499",2499,"S Fan"
"2500",2500,"Q Zhao"
"2501",2501,"J Xu"
"2502",2502,"B Koenig"
"2503",2503,"Y Cheng"
"2504",2504,"M Kankanhalli"
"2505",2505,"R Wild"
"2506",2506,"S Barton"
"2507",2507,"P Chopra"
"2508",2508,"J Dingwell"
"2509",2509,"D Castelli"
"2510",2510,"J Dominguez-Zamora"
"2511",2511,"S Gunn"
"2512",2512,"D Marigold"
"2513",2513,"A Pelah"
"2514",2514,"K Lajoie"
"2515",2515,"A Miller"
"2516",2516,"K Zebehazy"
"2517",2517,"R Strath"
"2518",2518,"D Neima"
"2519",2519,"D Kish"
"2520",2520,"D Cowie"
"2521",2521,"H Zhao"
"2522",2522,"D Straub"
"2523",2523,"W Sun"
"2524",2524,"G Zhai"
"2525",2525,"G Dachner"
"2526",2526,"W Warren"
"2527",2527,"T Wirth"
"2528",2528,"S Jetzschke"
"2529",2529,"M Ernst"
"2530",2530,"N Boeddeker"
"2531",2531,"E Chrastil"
"2532",2532,"G Nicora"
"2533",2533,"A Muryy"
"2534",2534,"J Freitas"
"2535",2535,"A Benedetto"
"2536",2536,"D Lozano-Soldevilla"
"2537",2537,"R Vanrullen"
"2538",2538,"E Muschter"
"2539",2539,"M Menceloglu"
"2540",2540,"M Grabowecky"
"2541",2541,"S Suzuki"
"2542",2542,"R Hayashi"
"2543",2543,"R Sharman"
"2544",2544,"T Inoue"
"2545",2545,"D Arnold"
"2546",2546,"N Mathews"
"2547",2547,"K Yarrow"
"2548",2548,"M Corner"
"2549",2549,"S Baldassi"
"2550",2550,"G Edwards"
"2551",2551,"C Distler"
"2552",2552,"K Hoffmann"
"2553",2553,"Z Hafed"
"2554",2554,"D Munoz"
"2555",2555,"P Grimaldi"
"2556",2556,"S Cho"
"2557",2557,"D Jonikaitis"
"2558",2558,"T Moore"
"2559",2559,"T Kawabe"
"2560",2560,"S Nishida"
"2561",2561,"G Cicchini"
"2562",2562,"L Luu"
"2563",2563,"A Stocker"
"2564",2564,"S Stoll"
"2565",2565,"D Schwarzkopf"
"2566",2566,"S Poltoratski"
"2567",2567,"Z Wei"
"2568",2568,"H Adeli"
"2569",2569,"M Hoai"
"2570",2570,"N Shalev"
"2571",2571,"N Demeyere"
"2572",2572,"A Nobre"
"2573",2573,"F Wick"
"2574",2574,"B Sawyer"
"2575",2575,"S Henriksen"
"2576",2576,"B Cumming"
"2577",2577,"J Read"
"2578",2578,"G Maiello"
"2579",2579,"C Hou"
"2580",2580,"I Üner"
"2581",2581,"S Aoki"
"2582",2582,"M Fujita"
"2583",2583,"J Assen"
"2584",2584,"M Sawayama"
"2585",2585,"T Fukiage"
"2586",2586,"H Tamura"
"2587",2587,"J Kildau"
"2588",2588,"E Prokott"
"2589",2589,"J Ferwerda"
"2590",2590,"K Wakamatsu"
"2591",2591,"J Kwon"
"2592",2592,"M Sakamoto"
"2593",2593,"C Altamirano"
"2594",2594,"C Zambrano-Varghese"
"2595",2595,"J Yeonan-Kim"
"2596",2596,"M Saito"
"2597",2597,"K Miyamoto"
"2598",2598,"Y Uchiyama"
"2599",2599,"S Takahashi"
"2600",2600,"T Morifuji"
"2601",2601,"M Ogata"
"2602",2602,"A Harrison"
"2603",2603,"A Walker"
"2604",2604,"M Wei"
"2605",2605,"B Vaughan"
"2606",2606,"H Yiltiz"
"2607",2607,"A Berardino"
"2608",2608,"V Laparra"
"2609",2609,"J Ballé"
"2610",2610,"D Field"
"2611",2611,"K Vilankar"
"2612",2612,"J Foley"
"2613",2613,"H Hooshangnejad"
"2614",2614,"S Gharibzadeh"
"2615",2615,"F Towhidkhah"
"2616",2616,"C Olman"
"2617",2617,"T Naselaris"
"2618",2618,"J Peirce"
"2619",2619,"O Schwartz"
"2620",2620,"V Prasad"
"2621",2621,"B Cipollini"
"2622",2622,"G Cottrell"
"2623",2623,"J Rashid"
"2624",2624,"D Silvestre"
"2625",2625,"N Prins"
"2626",2626,"M Mercer"
"2627",2627,"E DeYoe"
"2628",2628,"E Woertz"
"2629",2629,"M Wilk"
"2630",2630,"J Mathis"
"2631",2631,"J Carroll"
"2632",2632,"S Elliott"
"2633",2633,"B Hass"
"2634",2634,"S Ei"
"2635",2635,"L Hugrass"
"2636",2636,"M Schallmo"
"2637",2637,"A Flevaris"
"2638",2638,"A Kale"
"2639",2639,"R Millin"
"2640",2640,"R Bernier"
"2641",2641,"S Murray"
"2642",2642,"B Haas"
"2643",2643,"C Shooner"
"2644",2644,"L Hallum"
"2645",2645,"J Kelly"
"2646",2646,"M Hawken"
"2647",2647,"V Ayzenberg"
"2648",2648,"A Brielmann"
"2649",2649,"I Kalfas"
"2650",2650,"S Kumar"
"2651",2651,"D Pospisil"
"2652",2652,"H Jang"
"2653",2653,"D McCormack"
"2654",2654,"R Geirhos"
"2655",2655,"D Janssen"
"2656",2656,"P Laflamme"
"2657",2657,"J Enns"
"2658",2658,"F Chen"
"2659",2659,"X Boix"
"2660",2660,"D Mann"
"2661",2661,"V Eeden"
"2662",2662,"D Zoetewei"
"2663",2663,"C Camara"
"2664",2664,"J Lopez-Moliner"
"2665",2665,"R Chen"
"2666",2666,"D Liston"
"2667",2667,"E Knelange"
"2668",2668,"A Dieuleveult"
"2669",2669,"A Brouwer"
"2670",2670,"P Siemonsma"
"2671",2671,"J Erp"
"2672",2672,"I Large"
"2673",2673,"G Sutton"
"2674",2674,"J Manzone"
"2675",2675,"M Heath"
"2676",2676,"J Campbell"
"2677",2677,"K Sou"
"2678",2678,"F Lau"
"2679",2679,"R Richardson"
"2680",2680,"A Mienaltowski"
"2681",2681,"H Lambert"
"2682",2682,"C Rogers"
"2683",2683,"B Groh"
"2684",2684,"D Mihalache"
"2685",2685,"B Jennings"
"2686",2686,"M Demers"
"2687",2687,"C Régimbald"
"2688",2688,"C Saumure"
"2689",2689,"A Rinne"
"2690",2690,"N Chambers"
"2691",2691,"L Ji"
"2692",2692,"G Pourtois"
"2693",2693,"J Duncan"
"2694",2694,"B Brisson"
"2695",2695,"A Lassalle"
"2696",2696,"J Johnels"
"2697",2697,"N Zürcher"
"2698",2698,"L Hippolyte"
"2699",2699,"E Billstedt"
"2700",2700,"E Lemonnier"
"2701",2701,"C Gillberg"
"2702",2702,"N Hadjikhani"
"2703",2703,"R Jack"
"2704",2704,"A Senju"
"2705",2705,"I Charbonneau"
"2706",2706,"J Royer"
"2707",2707,"A Song"
"2708",2708,"L Linjie"
"2709",2709,"C Atalla"
"2710",2710,"J Brandenburg"
"2711",2711,"V Chauhan"
"2712",2712,"M Gobbini"
"2713",2713,"H Ying"
"2714",2714,"E Burns"
"2715",2715,"A Choo"
"2716",2716,"N Motta-Mena"
"2717",2717,"D Elbich"
"2718",2718,"V Plouffe"
"2719",2719,"Y Dion-Marcoux"
"2720",2720,"H Forget"
"2721",2721,"A Thaler"
"2722",2722,"M Geuss"
"2723",2723,"J Stefanucci"
"2724",2724,"S Mölbert"
"2725",2725,"K Giel"
"2726",2726,"M Black"
"2727",2727,"B Mohler"
"2728",2728,"S Scherf"
"2729",2729,"H Kim"
"2730",2730,"Z Reagh"
"2731",2731,"M Yassa"
"2732",2732,"R Rosanne"
"2733",2733,"J Kang"
"2734",2734,"H Tsubomi"
"2735",2735,"C Smith"
"2736",2736,"K Federmeier"
"2737",2737,"S Koslov"
"2738",2738,"J Lewis-Peacock"
"2739",2739,"M Persuh"
"2740",2740,"B Matias"
"2741",2741,"W Ngiam"
"2742",2742,"P Pytel"
"2743",2743,"J Wilmer"
"2744",2744,"L Germine"
"2745",2745,"R Ly"
"2746",2746,"J Halberda"
"2747",2747,"I Bloem"
"2748",2748,"Y Watanabe"
"2749",2749,"M Kibbe"
"2750",2750,"Y Shin"
"2751",2751,"S Loftus"
"2752",2752,"M Servant"
"2753",2753,"P Cassey"
"2754",2754,"G Logan"
"2755",2755,"N Hakim"
"2756",2756,"C Zhu"
"2757",2757,"Z Gao"
"2758",2758,"R Goldstein"
"2759",2759,"W Delaune"
"2760",2760,"X Lu"
"2761",2761,"Y Zhao"
"2762",2762,"A Heuer"
"2763",2763,"C Salahub"
"2764",2764,"C Poullias"
"2765",2765,"R Somai"
"2766",2766,"M Husain"
"2767",2767,"A Allon"
"2768",2768,"J Plass"
"2769",2769,"B Eitam"
"2770",2770,"M Sbeiti"
"2771",2771,"D Fougnie"
"2772",2772,"K Watanabe"
"2773",2773,"H Turker"
"2774",2774,"M Matziridi"
"2775",2775,"D Massendari"
"2776",2776,"J Fabius"
"2777",2777,"A Fracasso"
"2778",2778,"N Stoep"
"2779",2779,"M Schut"
"2780",2780,"S Habtegiorgis"
"2781",2781,"N Grujic"
"2782",2782,"N Brehm"
"2783",2783,"C Gloge"
"2784",2784,"W Zhuo"
"2785",2785,"R Nanjappa"
"2786",2786,"S Watamaniuk"
"2787",2787,"B Du"
"2788",2788,"J Yeung"
"2789",2789,"N Valle"
"2790",2790,"J Wang"
"2791",2791,"P Antonenko"
"2792",2792,"W Luo"
"2793",2793,"R Rushing"
"2794",2794,"S Marchesotti"
"2795",2795,"E Fieldman"
"2796",2796,"Y Fang"
"2797",2797,"A Buonocore"
"2798",2798,"X Tian"
"2799",2799,"S Idrees"
"2800",2800,"T Muench"
"2801",2801,"K Willeke"
"2802",2802,"J Bellet"
"2803",2803,"A Ramirez-Cardenas"
"2804",2804,"M Yoshida"
"2805",2805,"D Acunzo"
"2806",2806,"T Knapen"
"2807",2807,"K Ridderinkhof"
"2808",2808,"S Rahmouni"
"2809",2809,"L Madelain"
"2810",2810,"V Vencato"
"2811",2811,"M Harwood"
"2812",2812,"L Goffart"
"2813",2813,"R Amit"
"2814",2814,"I Bar-Gad"
"2815",2815,"D Aagten-Murphy"
"2816",2816,"A Kaur"
"2817",2817,"J Edelman"
"2818",2818,"S Kelly"
"2819",2819,"W Joiner"
"2820",2820,"A Meermeier"
"2821",2821,"C Vullings"
"2822",2822,"C Wolf"
"2823",2823,"D Luebke"
"2824",2824,"E Mardo"
"2825",2825,"G Avidan"
"2826",2826,"S Uddenberg"
"2827",2827,"S Hung"
"2828",2828,"C Nieh"
"2829",2829,"T Ke"
"2830",2830,"J Zhan"
"2831",2831,"T Foulsham"
"2832",2832,"M Costantini"
"2833",2833,"J Badler"
"2834",2834,"J Intoy"
"2835",2835,"N Mostofi"
"2836",2836,"M Kramer"
"2837",2837,"C Li"
"2838",2838,"M Aivar"
"2839",2839,"H Schill"
"2840",2840,"A Culpan"
"2841",2841,"R Reeder"
"2842",2842,"S Pollmann"
"2843",2843,"B Won"
"2844",2844,"D Samu"
"2845",2845,"R Moreno-Bote"
"2846",2846,"A Compte"
"2847",2847,"T Pasternak"
"2848",2848,"A Silva"
"2849",2849,"S Wiesner"
"2850",2850,"X Huang"
"2851",2851,"G Tarawneh"
"2852",2852,"V Nityananda"
"2853",2853,"R Rosner"
"2854",2854,"S Errington"
"2855",2855,"W Herbert"
"2856",2856,"B Chin"
"2857",2857,"O Braddick"
"2858",2858,"R Trevelyan-Thomas"
"2859",2859,"B Cochrane"
"2860",2860,"A Nwabuike"
"2861",2861,"D Thomson"
"2862",2862,"B Milliken"
"2863",2863,"E Ruthruff"
"2864",2864,"M Faulks"
"2865",2865,"J Maxwell"
"2866",2866,"T Plewan"
"2867",2867,"G Rinkenauer"
"2868",2868,"R Hofrichter"
"2869",2869,"M Rutherford"
"2870",2870,"J Moher"
"2871",2871,"T Schoeberl"
"2872",2872,"K Zhou"
"2873",2873,"M Lin"
"2874",2874,"D Dubbelde"
"2875",2875,"K Krasich"
"2876",2876,"C Barras"
"2877",2877,"C Pittet"
"2878",2878,"L Rogers"
"2879",2879,"S Fairchild"
"2880",2880,"A Papafragou"
"2881",2881,"L Plater"
"2882",2882,"M Giammarco"
"2883",2883,"C Carlei"
"2884",2884,"N Burra"
"2885",2885,"M Steinhauser"
"2886",2886,"R Reinhart"
"2887",2887,"E Dowd"
"2888",2888,"S Nag"
"2889",2889,"J Beaufore"
"2890",2890,"J Gupta"
"2891",2891,"A Asgeirsson"
"2892",2892,"S Nieuwenhuis"
"2893",2893,"J Moreland"
"2894",2894,"K Shapiro"
"2895",2895,"C Perico"
"2896",2896,"A Bayliss"
"2897",2897,"M Quirós-Godoy"
"2898",2898,"J Botella"
"2899",2899,"B Angelone"
"2900",2900,"C Burrows"
"2901",2901,"D Abeles"
"2902",2902,"G Hanson"
"2903",2903,"A Cohen"
"2904",2904,"B Wolshon"
"2905",2905,"L Caplette"
"2906",2906,"K Jerbi"
"2907",2907,"D Walper"
"2908",2908,"H Glenn"
"2909",2909,"B Cooreman"
"2910",2910,"M Boonjindasup"
"2911",2911,"A Malpani"
"2912",2912,"R Gulbinaite"
"2913",2913,"D Roozendaal"
"2914",2914,"N Jankovic"
"2915",2915,"K Boyd"
"2916",2916,"V Lollo"
"2917",2917,"Z Roper"
"2918",2918,"C Cunningham"
"2919",2919,"H Egeth"
"2920",2920,"S Santee"
"2921",2921,"L Isik"
"2922",2922,"W Lotter"
"2923",2923,"N Crone"
"2924",2924,"W Andreson"
"2925",2925,"K Baranton"
"2926",2926,"M Wexler"
"2927",2927,"K Clark"
"2928",2928,"L Fademrecht"
"2929",2929,"S Rosa"
"2930",2930,"M Wurm"
"2931",2931,"E Striem-Amit"
"2932",2932,"L Tarhan"
"2933",2933,"J Walbrin"
"2934",2934,"P Downing"
"2935",2935,"K Koldewyn"
"2936",2936,"S Macdonald"
"2937",2937,"F Heiligenberg"
"2938",2938,"T Makin"
"2939",2939,"J Fan"
"2940",2940,"U Ju"
"2941",2941,"B Thomas"
"2942",2942,"M Guess"
"2943",2943,"I Ruginski"
"2944",2944,"J Tardif"
"2945",2945,"X Duchesne"
"2946",2946,"M Thorburn"
"2947",2947,"E Bothe"
"2948",2948,"L Engfors"
"2949",2949,"A King"
"2950",2950,"K Turbett"
"2951",2951,"P Watson"
"2952",2952,"V Müller"
"2953",2953,"J Sänger"
"2954",2954,"A Campbell"
"2955",2955,"C Meel"
