"","id","label"
"1",1,"P Scalf"
"2",2,"L Cacciamani"
"3",3,"M Barense"
"4",4,"M Peterson"
"5",5,"B Stojanoski"
"6",6,"R Cusack"
"7",7,"C Hung"
"8",8,"C Chao"
"9",9,"L Yeh"
"10",10,"Y Chen"
"11",11,"C Lin"
"12",12,"Y Hsu"
"13",13,"D Cui"
"14",14,"F Perdreau"
"15",15,"P Cavanagh"
"16",16,"Q Meng"
"17",17,"Y Huang"
"18",18,"K Zhou"
"19",19,"Y Ma"
"20",20,"L Chen"
"21",21,"D Chan"
"22",22,"J Pratt"
"23",23,"R Chiou"
"24",24,"P Sowman"
"25",25,"A Etchell"
"26",26,"A Rich"
"27",27,"D Lewis"
"28",28,"S Khuu"
"29",29,"J Pearson"
"30",30,"T Hansen"
"31",31,"K Gegenfurtner"
"32",32,"F Bayer"
"33",33,"D Weiss"
"34",34,"X Zhuang"
"35",35,"D Cao"
"36",36,"T Shepard"
"37",37,"E Swanson"
"38",38,"R Eskew"
"39",39,"J Zou"
"40",40,"S He"
"41",41,"P Zhang"
"42",42,"K Gunther"
"43",43,"Y Zhang"
"44",44,"F Fang"
"45",45,"Y Sun"
"46",46,"K Brecher"
"47",47,"A Werner"
"48",48,"L Zebrowski"
"49",49,"I Kelly-Perez"
"50",50,"K Mussell"
"51",51,"M Webster"
"52",52,"C Violago"
"53",53,"K Fukuda"
"54",54,"A Numata"
"55",55,"K Uchikawa"
"56",56,"C Herrera"
"57",57,"P Sun"
"58",58,"K Groulx"
"59",59,"C Wright"
"60",60,"C Chubb"
"61",61,"G Sperling"
"62",62,"S Komban"
"63",63,"J Jin"
"64",64,"Y Wang"
"65",65,"R Lashgari"
"66",66,"J Kremkow"
"67",67,"J Alonso"
"68",68,"Q Zaidi"
"69",69,"C Ripamonti"
"70",70,"S Kalwarowsky"
"71",71,"M Nardini"
"72",72,"J Linhares"
"73",73,"S Nascimento"
"74",74,"B Moore"
"75",75,"M Chen"
"76",76,"H Lu"
"77",77,"A Roe"
"78",78,"Y Jiang"
"79",79,"D Yampolsky"
"80",80,"G Purushothaman"
"81",81,"V Casagrande"
"82",82,"K Li"
"83",83,"J Patel"
"84",84,"R Marion"
"85",85,"L Blaha"
"86",86,"T Menneer"
"87",87,"M Wenger"
"88",88,"J Bittner"
"89",89,"J Brooks"
"90",90,"A Chadwick"
"91",91,"V Romei"
"92",92,"G Rees"
"93",93,"Y Cabral-Calderin"
"94",94,"C Schmidt-Samoa"
"95",95,"M Wilke"
"96",96,"C Cabrera"
"97",97,"Z Lu"
"98",98,"B Dosher"
"99",99,"B Cipollini"
"100",100,"G Cottrell"
"101",101,"J Fahrenfort"
"102",102,"T Snijders"
"103",103,"K Heinen"
"104",104,"S Gaal"
"105",105,"S Scholte"
"106",106,"V Lamme"
"107",107,"A Flevaris"
"108",108,"A Martinez"
"109",109,"S Hillyard"
"110",110,"L Henriksson"
"111",111,"S Khaligh-Razavi"
"112",112,"N Kriegeskorte"
"113",113,"D Kim"
"114",114,"L Chang"
"115",115,"J Náñez"
"116",116,"Y Sasaki"
"117",117,"T Watanabe"
"118",118,"H Ko"
"119",119,"R Heydt"
"120",120,"D Mély"
"121",121,"T Serre"
"122",122,"C Qiu"
"123",123,"P Burton"
"124",124,"D Do"
"125",125,"D Kersten"
"126",126,"C Olman"
"127",127,"R Wang"
"128",128,"Y Xu"
"129",129,"H Zhang"
"130",130,"L Maloney"
"131",131,"K Ehinger"
"132",132,"R Rosenholtz"
"133",133,"J Corbett"
"134",134,"D Melcher"
"135",135,"E Vul"
"136",136,"J Sullivan"
"137",137,"D Barner"
"138",138,"H Choo"
"139",139,"D Walther"
"140",140,"A Hillstrom"
"141",141,"D Patel"
"142",142,"M Potter"
"143",143,"C Hagmann"
"144",144,"B Wyble"
"145",145,"A Botros"
"146",146,"M Greene"
"147",147,"L Fei-Fei"
"148",148,"N Mostofi"
"149",149,"M Boi"
"150",150,"M Poletti"
"151",151,"J Victor"
"152",152,"M Rucci"
"153",153,"T Foulsham"
"154",154,"A Larson"
"155",155,"R Ringer"
"156",156,"J Hutson"
"157",157,"J Peterson"
"158",158,"T Walton"
"159",159,"C O'Dea"
"160",160,"K Akao"
"161",161,"P Strouts"
"162",162,"L Loschky"
"163",163,"J Munneke"
"164",164,"V Brentari"
"165",165,"M Peelen"
"166",166,"M Saad"
"167",167,"A Bovik"
"168",168,"L Cormack"
"169",169,"D Shen"
"170",170,"X Zhu"
"171",171,"Z Yang"
"172",172,"A Mittal"
"173",173,"R Soundararajan"
"174",174,"S Li"
"175",175,"Z Wang"
"176",176,"H Yang"
"177",177,"X Bai"
"178",178,"H Sun"
"179",179,"A Albrecht"
"180",180,"B Scholl"
"181",181,"G McCarthy"
"182",182,"I Groen"
"183",183,"S Ghebreab"
"184",184,"H Scholte"
"185",185,"Q Fu"
"186",186,"Y Liu"
"187",187,"W Chen"
"188",188,"X Fu"
"189",189,"S Nishimoto"
"190",190,"A Huth"
"191",191,"N Bilenko"
"192",192,"J Gallant"
"193",193,"S Marchette"
"194",194,"L Morgan"
"195",195,"J Ryan"
"196",196,"R Epstein"
"197",197,"X Zhang"
"198",198,"F Rémy"
"199",199,"N Vayssière"
"200",200,"L Saint-Aubert"
"201",201,"E Barbeau"
"202",202,"M Fabre-Thorpe"
"203",203,"L Petro"
"204",204,"F Smith"
"205",205,"V Shellia"
"206",206,"L Muckli"
"207",207,"T O'Connell"
"208",208,"P Sederberg"
"209",209,"H Rath"
"210",210,"D Linsley"
"211",211,"S MacEvoy"
"212",212,"M Kumar"
"213",213,"F Li"
"214",214,"D Beck"
"215",215,"K Ferrara"
"216",216,"S Park"
"217",217,"P Chua"
"218",218,"K Kwok"
"219",219,"A Emfield"
"220",220,"M Neider"
"221",221,"J Dias"
"222",222,"L Rosenblum"
"223",223,"T Cook"
"224",224,"C Bainbridge"
"225",225,"W Bainbridge"
"226",226,"A Oliva"
"227",227,"S Jansen"
"228",228,"E Palmer"
"229",229,"A Chaparro"
"230",230,"J Snow"
"231",231,"M Behrmann"
"232",232,"M Goodale"
"233",233,"H Colman"
"234",234,"R Remington"
"235",235,"A Kritikos"
"236",236,"K Okajima"
"237",237,"J Ueda"
"238",238,"C Spence"
"239",239,"C Reid"
"240",240,"G Manson"
"241",241,"L Tremblay"
"242",242,"T Welsh"
"243",243,"X Wang"
"244",244,"L Yao"
"245",245,"X Zhou"
"246",246,"L Mavica"
"247",247,"E Barenholtz"
"248",248,"D Lewkowicz"
"249",249,"A Aizenman"
"250",250,"J Gold"
"251",251,"R Sekuler"
"252",252,"L Zweig"
"253",253,"S Suzuki"
"254",254,"M Grabowecky"
"255",255,"B Angelone"
"256",256,"L Zanca"
"257",257,"J Mossbridge"
"258",258,"J Halberda"
"259",259,"D Bavelier"
"260",260,"B Landau"
"261",261,"K Hellgren"
"262",262,"L Forsman"
"263",263,"T Jacques"
"264",264,"M Libertus"
"265",265,"J Zhao"
"266",266,"L Goldfarb"
"267",267,"N Turk-Browne"
"268",268,"M Vergeer"
"269",269,"I Szumska"
"270",270,"H Öğmen"
"271",271,"M Herzog"
"272",272,"R Zhang"
"273",273,"S Green"
"274",274,"A Hashemi"
"275",275,"J Lass"
"276",276,"D Truong"
"277",277,"A Sekuler"
"278",278,"P Bennett"
"279",279,"S Hung"
"280",280,"A Seitz"
"281",281,"J Zhang"
"282",282,"Y Yang"
"283",283,"S Klein"
"284",284,"D Levi"
"285",285,"C Yu"
"286",286,"T Smith"
"287",287,"J Santacreu"
"288",288,"C Baldassano"
"289",289,"M Levine"
"290",290,"M Dunne"
"291",291,"I Sligte"
"292",292,"K Tsourides"
"293",293,"S Shariat"
"294",294,"E Ehrenberg"
"295",295,"V Pavlovic"
"296",296,"C Simons"
"297",297,"P Sinha"
"298",298,"Y Xiong"
"299",299,"K Dieter"
"300",300,"D Tadin"
"301",301,"R Denison"
"302",302,"M Schram"
"303",303,"J Sheynin"
"304",304,"M Silver"
"305",305,"L Mudrik"
"306",306,"H Gelbard-Sagiv"
"307",307,"N Faivre"
"308",308,"C Koch"
"309",309,"P Tse"
"310",310,"M Persuh"
"311",311,"T Emmanouil"
"312",312,"T Ro"
"313",313,"T Schubert"
"314",314,"D Rothlein"
"315",315,"T Brothers"
"316",316,"K LeDoux"
"317",317,"B Gordon"
"318",318,"M McCloskey"
"319",319,"E Ward"
"320",320,"L Garrido"
"321",321,"A Holmes"
"322",322,"M Hollinshead"
"323",323,"R Buckner"
"324",324,"K Nakayama"
"325",325,"M Adamo"
"326",326,"F Haist"
"327",327,"J Jonas"
"328",328,"B Rossion"
"329",329,"J Krieg"
"330",330,"L Koessler"
"331",331,"S Colnat-Coulbois"
"332",332,"J Vignal"
"333",333,"M Descoins"
"334",334,"C Jacques"
"335",335,"H Vespignani"
"336",336,"L Maillard"
"337",337,"J Taubert"
"338",338,"F Gentile"
"339",339,"I Popivanov"
"340",340,"R Vogels"
"341",341,"W Vanduffel"
"342",342,"M Mur"
"343",343,"I Biederman"
"344",344,"X Xu"
"345",345,"T Anderson"
"346",346,"D Nemrodov"
"347",347,"F Preston"
"348",348,"R Itier"
"349",349,"G Wallis"
"350",350,"F Wick"
"351",351,"T Garaas"
"352",352,"M Pomplun"
"353",353,"L Li"
"354",354,"Z Jin"
"355",355,"D Yu"
"356",356,"L Bellaera"
"357",357,"A Mühlenen"
"358",358,"D Watson"
"359",359,"A List"
"360",360,"M Rosenberg"
"361",361,"A Sherman"
"362",362,"M Esterman"
"363",363,"C Wu"
"364",364,"H Wang"
"365",365,"R Pierce"
"366",366,"G Andersen"
"367",367,"T Osugi"
"368",368,"Murakami"
"369",369,"A Lleras"
"370",370,"J Ahn"
"371",371,"J Herman"
"372",372,"A Bogadhi"
"373",373,"R Krauzlis"
"374",374,"C Folk"
"375",375,"B Anderson"
"376",376,"S Dhawan"
"377",377,"D Jonikaitis"
"378",378,"H Deubel"
"379",379,"A Clarke"
"380",380,"T Boyer"
"381",381,"B Bertenthal"
"382",382,"D Hayward"
"383",383,"J Ristic"
"384",384,"A Muhlenen"
"385",385,"N Baumann"
"386",386,"D Wolke"
"387",387,"K Wilson"
"388",388,"J Ruppel"
"389",389,"M Lowe"
"390",390,"M Shaw"
"391",391,"R Kosnik"
"392",392,"S Ferber"
"393",393,"M deBettencourt"
"394",394,"R Lee"
"395",395,"J Cohen"
"396",396,"K Norman"
"397",397,"J Olson"
"398",398,"A Amlani"
"399",399,"R Rensink"
"400",400,"M Zotto"
"401",401,"M Deiber"
"402",402,"L Legrand"
"403",403,"A Pegna"
"404",404,"B Kennedy"
"405",405,"S Most"
"406",406,"J Clarke"
"407",407,"A Mack"
"408",408,"L Baker"
"409",409,"D Levin"
"410",410,"M Kamachi"
"411",411,"T Ishii"
"412",412,"I Motoyoshi"
"413",413,"Y Richard"
"414",414,"Y Stakina"
"415",415,"I Utochkin"
"416",416,"T Sanocki"
"417",417,"M Islam"
"418",418,"J Doyon"
"419",419,"C Lee"
"420",420,"E Dowd"
"421",421,"A Kiyonaga"
"422",422,"T Egner"
"423",423,"S Mitroff"
"424",424,"L Naccache"
"425",425,"J Meuwese"
"426",426,"L Cohen"
"427",427,"S Dehaene"
"428",428,"H Shen"
"429",429,"D Mannion"
"430",430,"S Lee"
"431",431,"H Boyaci"
"432",432,"S Sebastian"
"433",433,"J Burge"
"434",434,"W Geisler"
"435",435,"F Kingdom"
"436",436,"O Flynn"
"437",437,"A Shapiro"
"438",438,"J Anderson"
"439",439,"J McAnany"
"440",440,"J Cui"
"441",441,"S Macknik"
"442",442,"X Troncoso"
"443",443,"J Otero-Millan"
"444",444,"S Martinez-Conde"
"445",445,"R Murray"
"446",446,"A Gilchrist"
"447",447,"S Ivory"
"448",448,"A Soranzo"
"449",449,"M McCourt"
"450",450,"B Blakeslee"
"451",451,"G Padmanabhan"
"452",452,"Y Mizokami"
"453",453,"H Maruyama"
"454",454,"H Yaguchi"
"455",455,"M Rudd"
"456",456,"K Zeiner"
"457",457,"M Maertens"
"458",458,"Y Tai"
"459",459,"S Yang"
"460",460,"K Larson"
"461",461,"J Sheedy"
"462",462,"C Ng"
"463",463,"J Sundararajan"
"464",464,"M Hogan"
"465",465,"D Purves"
"466",466,"A Torralba"
"467",467,"W Freeman"
"468",468,"Y Morgenstern"
"469",469,"D Rukmini"
"470",470,"L Cameron"
"471",471,"J McLaren"
"472",472,"J Bell"
"473",473,"S Allred"
"474",474,"C Witzel"
"475",475,"J Maule"
"476",476,"A Franklin"
"477",477,"J Webster"
"478",478,"C Nolan"
"479",479,"H Sternberg"
"480",480,"P Kay"
"481",481,"D Lindsey"
"482",482,"A Brown"
"483",483,"C McGlasson"
"484",484,"J Lorince"
"485",485,"D Crandall"
"486",486,"P Todd"
"487",487,"S Chang"
"488",488,"W Griscom"
"489",489,"S Palmer"
"490",490,"A Reeves"
"491",491,"Q Lei"
"492",492,"J Paulus"
"493",493,"J Hornegger"
"494",494,"M Schmidt"
"495",495,"B Eskofier"
"496",496,"G Michelson"
"497",497,"J Dobias"
"498",498,"G Baghel"
"499",499,"D Moritz"
"500",500,"M Theiler"
"501",501,"T Papathomas"
"502",502,"P Johnson"
"503",503,"J Kim"
"504",504,"M Banks"
"505",505,"T Kusano"
"506",506,"K Shimono"
"507",507,"S Aida"
"508",508,"A Reynaud"
"509",509,"J Zhou"
"510",510,"R Hess"
"511",511,"I Serrano-Pedraza"
"512",512,"C Brash"
"513",513,"J Read"
"514",514,"I Tsirlin"
"515",515,"L Wilcox"
"516",516,"R Allison"
"517",517,"J Redwood"
"518",518,"D Giaschi"
"519",519,"A Yasuoka"
"520",520,"M Ishii"
"521",521,"S Matsuda"
"522",522,"M Fujii"
"523",523,"M Nawrot"
"524",524,"J Holmin"
"525",525,"K Stroyan"
"526",526,"A Tanguay"
"527",527,"N Stiles"
"528",528,"B McIntosh"
"529",529,"M Humayun"
"530",530,"O Toskovic"
"531",531,"Z Chen"
"532",532,"J Saunders"
"533",533,"J Persinger"
"534",534,"R Ni"
"535",535,"B Velde"
"536",536,"T Dekker"
"537",537,"G Aisbitt"
"538",538,"S Shioiri"
"539",539,"Y Kashiwase"
"540",540,"N Omori"
"541",541,"K Matsumiya"
"542",542,"I Kuriki"
"543",543,"S Boettcher"
"544",544,"T Drew"
"545",545,"J Wolfe"
"546",546,"T Bullock"
"547",547,"J Elliott"
"548",548,"B Giesbrecht"
"549",549,"N Cellini"
"550",550,"P Goodbourn"
"551",551,"E McDevitt"
"552",552,"A Holcombe"
"553",553,"P Martini"
"554",554,"S Mednick"
"555",555,"X Chen"
"556",556,"G Dale"
"557",557,"P Dux"
"558",558,"K Arnell"
"559",559,"J Hueer"
"560",560,"S Baloni"
"561",561,"N Müller"
"562",562,"S Treue"
"563",563,"Y Petrov"
"564",564,"A Wilschut"
"565",565,"J Theeuwes"
"566",566,"C Olivers"
"567",567,"A Wutz"
"568",568,"N Weisz"
"569",569,"N Matthews"
"570",570,"L Welch"
"571",571,"E Festa"
"572",572,"A Clement"
"573",573,"S Goodhew"
"574",574,"D Gozli"
"575",575,"L Battelli"
"576",576,"F Herpich"
"577",577,"S Tyler"
"578",578,"E Grossman"
"579",579,"S Agosta"
"580",580,"R Krock"
"581",581,"T Moore"
"582",582,"K Mirpour"
"583",583,"J Bisley"
"584",584,"S Tremblay"
"585",585,"L Asquini"
"586",586,"A Sachs"
"587",587,"F Pieper"
"588",588,"J Martinez"
"589",589,"F Baumgartner"
"590",590,"M Hanke"
"591",591,"S Pollmann"
"592",592,"C Chen"
"593",593,"Z Hafed"
"594",594,"D Niehorster"
"595",595,"D Liston"
"596",596,"W Siu"
"597",597,"L Stone"
"598",598,"G McDonnell"
"599",599,"M Mills"
"600",600,"L McCuller"
"601",601,"M Dodd"
"602",602,"S Pannasch"
"603",603,"J Helmert"
"604",604,"B Hansen"
"605",605,"M Benassi"
"606",606,"G Baroni"
"607",607,"L Lugli"
"608",608,"R Bolzani"
"609",609,"R Nicoletti"
"610",610,"J Olejarczyk"
"611",611,"S Luke"
"612",612,"J Schmidt"
"613",613,"J Henderson"
"614",614,"A Farkas"
"615",615,"A Hajnal"
"616",616,"K Ingvarsdottir"
"617",617,"B Olk"
"618",618,"Y Yabe"
"619",619,"H Shigemasu"
"620",620,"R Azadi"
"621",621,"M Harwood"
"622",622,"M Gray"
"623",623,"A Blangero"
"624",624,"O Habchi"
"625",625,"R Salemme"
"626",626,"C Urquizar"
"627",627,"D Pelisson"
"628",628,"D Lévy-Bencheton"
"629",629,"D Pélisson"
"630",630,"M Panouillères"
"631",631,"C Tilikete"
"632",632,"L Pisella"
"633",633,"A Farnè"
"634",634,"D Massendari"
"635",635,"C Tandonnet"
"636",636,"B Nazarian"
"637",637,"F Vitu"
"638",638,"S Casteau"
"639",639,"H Ueda"
"640",640,"K Takahashi"
"641",641,"K Watanabe"
"642",642,"C Gillen"
"643",643,"J Weiler"
"644",644,"M Heath"
"645",645,"D Kalar"
"646",646,"B Adelstein"
"647",647,"Y Porat"
"648",648,"E Zohary"
"649",649,"M Matziridi"
"650",650,"E Brenner"
"651",651,"J Smeets"
"652",652,"D Camors"
"653",653,"C Jouffrais"
"654",654,"J Durand"
"655",655,"A Khan"
"656",656,"K YoungWook"
"657",657,"Y Nam"
"658",658,"G Blohm"
"659",659,"A Klapetek"
"660",660,"B Sheth"
"661",661,"K Pal"
"662",662,"Y Abraham"
"663",663,"M Aytekin"
"664",664,"E Kompaniez"
"665",665,"C Abbey"
"666",666,"J Boone"
"667",667,"D Thengone"
"668",668,"M Conte"
"669",669,"J Briguglio"
"670",670,"A Hermundstad"
"671",671,"G Tkacik"
"672",672,"V Balasubramanian"
"673",673,"S Clavagnier"
"674",674,"R Farivar-Mohseni"
"675",675,"D Graham"
"676",676,"B Schwarz"
"677",677,"A Chatterjee"
"678",678,"H Leder"
"679",679,"A Johnson"
"680",680,"B Richard"
"681",681,"D Ellemberg"
"682",682,"A D'Antona"
"683",683,"A Schweinhart"
"684",684,"E Essock"
"685",685,"J Friedenberg"
"686",686,"A Wasilewski"
"687",687,"E Donahue"
"688",688,"N Finlayson"
"689",689,"J Retell"
"690",690,"P Grove"
"691",691,"N Tiurina"
"692",692,"M Yurevich"
"693",693,"H Chow"
"694",694,"C Tseng"
"695",695,"H Meyerhoff"
"696",696,"M Huff"
"697",697,"S Schwan"
"698",698,"J Shive"
"699",699,"S Rosichan"
"700",700,"S Austin"
"701",701,"C Wade"
"702",702,"T Töllner"
"703",703,"M Conci"
"704",704,"H Müller"
"705",705,"R Wu"
"706",706,"R Nako"
"707",707,"G Scerif"
"708",708,"M Eimer"
"709",709,"T Horowitz"
"710",710,"K Semmelmann"
"711",711,"M Hout"
"712",712,"S Goldinger"
"713",713,"S Sheremata"
"714",714,"B Alvarez"
"715",715,"L Zertuche"
"716",716,"L Robertson"
"717",717,"J Saiki"
"718",718,"Y Ueda"
"719",719,"R Chen"
"720",720,"J Kopecky"
"721",721,"D Meyer"
"722",722,"S Kitayama"
"723",723,"K Swallow"
"724",724,"C Capistrano"
"725",725,"b caziot"
"726",726,"b backus"
"727",727,"R Sharman"
"728",728,"P McGraw"
"729",729,"J Peirce"
"730",730,"T Busigny"
"731",731,"J Barton"
"732",732,"L Lanyon"
"733",733,"D Odic"
"734",734,"M Wokke"
"735",735,"S Silverstein"
"736",736,"B Keane"
"737",737,"K Feigenson"
"738",738,"D Mikkilineni"
"739",739,"D Paterno"
"740",740,"D Lyon"
"741",741,"M Negwer"
"742",742,"H Shao"
"743",743,"M Ehrengruber"
"744",744,"B Tjan"
"745",745,"P Bao"
"746",746,"C Purington"
"747",747,"K Choe"
"748",748,"R Blake"
"749",749,"M Pratte"
"750",750,"F Tong"
"751",751,"J Perry"
"752",752,"C HUANG"
"753",753,"G Chen"
"754",754,"F Hou"
"755",755,"F Yan"
"756",756,"C Huang"
"757",757,"A Watson"
"758",758,"A Ahumada"
"759",759,"D Gill"
"760",760,"O Garrod"
"761",761,"R Jack"
"762",762,"P Schyns"
"763",763,"K Koldewyn"
"764",764,"S Weigelt"
"765",765,"N Kanwisher"
"766",766,"R Palermo"
"767",767,"L Jeffery"
"768",768,"J Lewandowsky"
"769",769,"C Fiorentini"
"770",770,"E McKone"
"771",771,"J Irons"
"772",772,"A Skinner"
"773",773,"C Benton"
"774",774,"N Burton"
"775",775,"C Or"
"776",776,"M Eckstein"
"777",777,"J Tanaka"
"778",778,"B Xu"
"779",779,"M Hughes"
"780",780,"D Fainstein"
"781",781,"T Lin"
"782",782,"N Witthoft"
"783",783,"J Winawer"
"784",784,"R Kiani"
"785",785,"R Harris"
"786",786,"A Young"
"787",787,"T Andrews"
"788",788,"R JACK"
"789",789,"O GARROD"
"790",790,"P SCHYNS"
"791",791,"D Aks"
"792",792,"M Naqvi"
"793",793,"R Planer"
"794",794,"K Zish"
"795",795,"Z Pylyshyn"
"796",796,"J Ericson"
"797",797,"R Goldstein"
"798",798,"M Beck"
"799",799,"P Howe"
"800",800,"S McLean"
"801",801,"J Hoffman"
"802",802,"A Tran"
"803",803,"V Störmer"
"804",804,"G Alvarez"
"805",805,"E Taylor"
"806",806,"J Witt"
"807",807,"S Franconeri"
"808",808,"H Shitrit"
"809",809,"G Zelinsky"
"810",810,"R Schneider"
"811",811,"Z Ma"
"812",812,"J Flombaum"
"813",813,"J Reed-Jones"
"814",814,"L Trick"
"815",815,"A Kugel"
"816",816,"M Lapierre"
"817",817,"S Cropper"
"818",818,"S Harding"
"819",819,"J Faubert"
"820",820,"R Allard"
"821",821,"A Boswell"
"822",822,"G Gurariy"
"823",823,"G Caplovitz"
"824",824,"R Ruyter"
"825",825,"D Wilson"
"826",826,"M O'Grady"
"827",827,"J Rajsic"
"828",828,"X Duchesne"
"829",829,"D Fiset"
"830",830,"M Arguin"
"831",831,"F Gosselin"
"832",832,"S Mansfield"
"833",833,"K Tifft"
"834",834,"P Lee"
"835",835,"S Crocco"
"836",836,"J Wendling"
"837",837,"Y He"
"838",838,"G Legge"
"839",839,"J Bernard"
"840",840,"D Coates"
"841",841,"S Chung"
"842",842,"X He"
"843",843,"G Kumar"
"844",844,"R Chu"
"845",845,"S Joordens"
"846",846,"D Choi"
"847",847,"H Hanif"
"848",848,"C Hills"
"849",849,"A Coros"
"850",850,"L Strother"
"851",851,"T Vilis"
"852",852,"J Davies-Thompson"
"853",853,"S Johnston"
"854",854,"Y Tashakkor"
"855",855,"R Pancaroglu"
"856",856,"G Duran"
"857",857,"S Lim"
"858",858,"K Yun"
"859",859,"Y Peng"
"860",860,"H Adeli"
"861",861,"T Berg"
"862",862,"D Samaras"
"863",863,"I Kadar"
"864",864,"O Ben-Shahar"
"865",865,"D Saunders"
"866",866,"P Bex"
"867",867,"R Woods"
"868",868,"T Pan"
"869",869,"A Sokolich"
"870",870,"P Lin"
"871",871,"S Abdel-Ghaffar"
"872",872,"S Bishop"
"873",873,"B McDunn"
"874",874,"J Brown"
"875",875,"S Aisha"
"876",876,"R Hale"
"877",877,"K Seidl"
"878",878,"S Kastner"
"879",879,"A Siddiqui"
"880",880,"B Guo"
"881",881,"M Meng"
"882",882,"E Aminoff"
"883",883,"M Tarr"
"884",884,"C Gottesman"
"885",885,"K Whiteford"
"886",886,"K Schloss"
"887",887,"M Asano"
"888",888,"M Shimizu"
"889",889,"K Yokosawa"
"890",890,"J Nagai"
"891",891,"T Langlois"
"892",892,"E Seckel"
"893",893,"V Ramachandran"
"894",894,"B Stone"
"895",895,"J Tinker"
"896",896,"T Sørensen"
"897",897,"M Nordfang"
"898",898,"M Pedersen"
"899",899,"M Overgaard"
"900",900,"Á Ásgeirsson"
"901",901,"E Shin"
"902",902,"C Kim"
"903",903,"R Jao"
"904",904,"T James"
"905",905,"K James"
"906",906,"B Cameron"
"907",907,"J López-Moliner"
"908",908,"V Holten"
"909",909,"S Donker"
"910",910,"M Smagt"
"911",911,"F Verstraten"
"912",912,"N Murray"
"913",913,"M Leon"
"914",914,"V Ambati"
"915",915,"F Saucedo"
"916",916,"E Kennedy"
"917",917,"R Reed-Jones"
"918",918,"J Milne"
"919",919,"L Thaler"
"920",920,"F Costela"
"921",921,"M McCamy"
"922",922,"C Cherici"
"923",923,"S Yuval-Greenberg"
"924",924,"D Heeger"
"925",925,"R Langston"
"926",926,"J George"
"927",927,"J Schei"
"928",928,"P Schultz"
"929",929,"G Kenyon"
"930",930,"Y Bonneh"
"931",931,"Y Adini"
"932",932,"D Sagi"
"933",933,"M Tsodyks"
"934",934,"M Fried"
"935",935,"A Arieli"
"936",936,"S Spotorno"
"937",937,"A Montagnini"
"938",938,"L Madelein"
"939",939,"G Masson"
"940",940,"J Lao"
"941",941,"L He"
"942",942,"R Caldara"
"943",943,"B Metzger"
"944",944,"D Simons"
"945",945,"L Stasi"
"946",946,"A Catena"
"947",947,"J Cañas"
"948",948,"X Gao"
"949",949,"C Li"
"950",950,"Y Cai"
"951",951,"E Allen"
"952",952,"A Mattarella-Micke"
"953",953,"S Beilock"
"954",954,"S Shevell"
"955",955,"J Bergmann"
"956",956,"E Genç"
"957",957,"A Kohler"
"958",958,"W Singer"
"959",959,"N Carlisle"
"960",960,"B Hahn"
"961",961,"B Robinson"
"962",962,"S Luck"
"963",963,"A Hollingworth"
"964",964,"S Hwang"
"965",965,"S Cormiea"
"966",966,"D Fougnie"
"967",967,"H Lee"
"968",968,"S Yoo"
"969",969,"S Chong"
"970",970,"J Moyer"
"971",971,"M Palomares"
"972",972,"M Trevino"
"973",973,"J Jacob"
"974",974,"L Yuan"
"975",975,"A Lustig"
"976",976,"D Uttal"
"977",977,"M Williams"
"978",978,"G Woodman"
"979",979,"T Liu"
"980",980,"W Hayward"
"981",981,"J Balaguer"
"982",982,"A Gorea"
"983",983,"E Michael"
"984",984,"C Summerfield"
"985",985,"D Sutterer"
"986",986,"D Anderson"
"987",987,"E Awh"
"988",988,"G Swan"
"989",989,"K Adam"
"990",990,"I Mance"
"991",991,"E Vogel"
"992",992,"N Iannetti"
"993",993,"W Zhang"
"994",994,"W Ma"
"995",995,"R Berg"
"996",996,"H Shin"
"997",997,"P Bays"
"998",998,"T Brady"
"999",999,"J Suchow"
"1000",1000,"R Jacobs"
"1001",1001,"A Orhan"
"1002",1002,"C Gilbert"
"1003",1003,"U Polat"
"1004",1004,"P Roelfsema"
"1005",1005,"J Wann"
"1006",1006,"R Gilster"
"1007",1007,"C Hesse"
"1008",1008,"R Segev"
"1009",1009,"Y Frégnac"
"1010",1010,"Y Chino"
"1011",1011,"L Kiorpes"
"1012",1012,"G Haegerstrom-Portnoy"
"1013",1013,"E Merriam"
"1014",1014,"J Freeman"
"1015",1015,"S Kim"
"1016",1016,"A Shmuel"
"1017",1017,"A Kohn"
"1018",1018,"X Jia"
"1019",1019,"T Konkle"
"1020",1020,"A Caramazza"
"1021",1021,"K Grill-Spector"
"1022",1022,"K Weiner"
"1023",1023,"J Guntupalli"
"1024",1024,"A Connolly"
"1025",1025,"J Haxby"
"1026",1026,"B Backus"
"1027",1027,"F Durgin"
"1028",1028,"Z Li"
"1029",1029,"A Hurlbert"
"1030",1030,"K Bettencourt"
"1031",1031,"S Guillory"
"1032",1032,"E Blaser"
"1033",1033,"L Eglington"
"1034",1034,"Z Kaldy"
"1035",1035,"A Ikkai"
"1036",1036,"B Lakshmanan"
"1037",1037,"S Courtney"
"1038",1038,"E Gregory"
"1039",1039,"N Konstantinou"
"1040",1040,"R Kanai"
"1041",1041,"A Afraz"
"1042",1042,"M Riley"
"1043",1043,"B Lambert"
"1044",1044,"X Qi"
"1045",1045,"C Constantinidis"
"1046",1046,"J Spencer"
"1047",1047,"A Buss"
"1048",1048,"V Magnotta"
"1049",1049,"T Sprague"
"1050",1050,"E Ester"
"1051",1051,"J Serences"
"1052",1052,"N Horn"
"1053",1053,"A Petrov"
"1054",1054,"A Vandenbroucke"
"1055",1055,"J Vries"
"1056",1056,"M Cohen"
"1057",1057,"L Murray-Kolb"
"1058",1058,"J Haas"
"1059",1059,"M Kang"
"1060",1060,"B Dungan"
"1061",1061,"A Kikumoto"
"1062",1062,"B Allen"
"1063",1063,"M Nowak"
"1064",1064,"E Burton"
"1065",1065,"J Wattam-Bell"
"1066",1066,"K Nishiguchi"
"1067",1067,"V Sundaram"
"1068",1068,"J Aboshiha"
"1069",1069,"A Webster"
"1070",1070,"A Moore"
"1071",1071,"M Michaelides"
"1072",1072,"G Chatterjee"
"1073",1073,"A Kalia"
"1074",1074,"T Gandhi"
"1075",1075,"T GANDHI"
"1076",1076,"A KALIA"
"1077",1077,"G CHATTERJEE"
"1078",1078,"P SINHA"
"1079",1079,"M Chica"
"1080",1080,"K Schneider"
"1081",1081,"K Williamson"
"1082",1082,"L Jakobson"
"1083",1083,"N Browning"
"1084",1084,"R Toxopeus"
"1085",1085,"U Jain"
"1086",1086,"K Saliba"
"1087",1087,"S Ling"
"1088",1088,"M Quiroga"
"1089",1089,"A Morris"
"1090",1090,"B Krekelberg"
"1091",1091,"A Rokem"
"1092",1092,"A Landau"
"1093",1093,"I Alvarez"
"1094",1094,"B Haas"
"1095",1095,"C Clark"
"1096",1096,"D Schwarzkopf"
"1097",1097,"D Hayashi"
"1098",1098,"I Murakami"
"1099",1099,"K Miller"
"1100",1100,"D Hermes"
"1101",1101,"J Parvizi"
"1102",1102,"B Wandell"
"1103",1103,"M Schallmo"
"1104",1104,"E Yacoub"
"1105",1105,"I Sani"
"1106",1106,"E Santandrea"
"1107",1107,"A Golzar"
"1108",1108,"M Morrone"
"1109",1109,"L Chelazzi"
"1110",1110,"R Millin"
"1111",1111,"Y Li"
"1112",1112,"P Wang"
"1113",1113,"X Peng"
"1114",1114,"Q Chen"
"1115",1115,"K Andres"
"1116",1116,"D Spiegel"
"1117",1117,"B Thompson"
"1118",1118,"W Gui"
"1119",1119,"V Zemon"
"1120",1120,"J Gordon"
"1121",1121,"G Hu"
"1122",1122,"J Huang"
"1123",1123,"M Bruchmann"
"1124",1124,"K Thaler"
"1125",1125,"P Hintze"
"1126",1126,"C Baker"
"1127",1127,"G Li"
"1128",1128,"Z Yao"
"1129",1129,"N Yuan"
"1130",1130,"V Talebi"
"1131",1131,"J Tan"
"1132",1132,"Y Zhou"
"1133",1133,"D Berman"
"1134",1134,"X Li"
"1135",1135,"J Wright"
"1136",1136,"E Yang"
"1137",1137,"C Diggiss"
"1138",1138,"G Sastyin"
"1139",1139,"R Niimi"
"1140",1140,"J Sanguinetti"
"1141",1141,"L Ni"
"1142",1142,"J Julian"
"1143",1143,"F Imamoglu"
"1144",1144,"J Haynes"
"1145",1145,"G Erlikhman"
"1146",1146,"T Ghose"
"1147",1147,"P Garrigan"
"1148",1148,"J Mnookin"
"1149",1149,"I Dror"
"1150",1150,"D Charleton"
"1151",1151,"P Kellman"
"1152",1152,"S Markovic"
"1153",1153,"C Echavarria"
"1154",1154,"P Hsieh"
"1155",1155,"D Dilks"
"1156",1156,"P Battaglia"
"1157",1157,"V Gardelle"
"1158",1158,"K Porter"
"1159",1159,"A Garofalo"
"1160",1160,"V Mazza"
"1161",1161,"P Mamassian"
"1162",1162,"J Lago"
"1163",1163,"J Joseph"
"1164",1164,"E Hein"
"1165",1165,"C Moore"
"1166",1166,"E Freud"
"1167",1167,"B Hadad"
"1168",1168,"G Avidan"
"1169",1169,"T Ganel"
"1170",1170,"G Goren"
"1171",1171,"J Elder"
"1172",1172,"A Clements-Stephens"
"1173",1173,"A Shelton"
"1174",1174,"X Huang"
"1175",1175,"J Yin"
"1176",1176,"R Shui"
"1177",1177,"M Shen"
"1178",1178,"G Kucukoglu"
"1179",1179,"J McCarthy"
"1180",1180,"P Spröte"
"1181",1181,"R Fleming"
"1182",1182,"D Todorovic"
"1183",1183,"M Milisavljevic"
"1184",1184,"A Mojica"
"1185",1185,"R Au"
"1186",1186,"J Houpt"
"1187",1187,"R Hawkins"
"1188",1188,"D Burns"
"1189",1189,"J Townsend"
"1190",1190,"A Wentworth-Perry"
"1191",1191,"A Meso"
"1192",1192,"U Ansorge"
"1193",1193,"H Priess"
"1194",1194,"D Kerzel"
"1195",1195,"J Schönhammer"
"1196",1196,"Z Roper"
"1197",1197,"S Vecera"
"1198",1198,"D Vatterott"
"1199",1199,"A Allon"
"1200",1200,"R Luria"
"1201",1201,"F Chua"
"1202",1202,"T Graves"
"1203",1203,"H Egeth"
"1204",1204,"M Hilimire"
"1205",1205,"K Holiday"
"1206",1206,"M Erin"
"1207",1207,"J Hopfinger"
"1208",1208,"E Parks"
"1209",1209,"J Kawahara"
"1210",1210,"T Kumada"
"1211",1211,"C Leonard"
"1212",1212,"K Moore"
"1213",1213,"E Wiemers"
"1214",1214,"C Santos"
"1215",1215,"A White"
"1216",1216,"R Lunau"
"1217",1217,"M Carrasco"
"1218",1218,"T Wright"
"1219",1219,"W Boot"
"1220",1220,"J Jones"
"1221",1221,"L Jingling"
"1222",1222,"A Chasteen"
"1223",1223,"P Lockwood"
"1224",1224,"N White"
"1225",1225,"K Chua"
"1226",1226,"I Gauthier"
"1227",1227,"H Xu"
"1228",1228,"C Luo"
"1229",1229,"Q Wang"
"1230",1230,"G Belle"
"1231",1231,"J Billino"
"1232",1232,"G Schwarzer"
"1233",1233,"N Xiao"
"1234",1234,"P Quinn"
"1235",1235,"L Ge"
"1236",1236,"K Lee"
"1237",1237,"M Sormaz"
"1238",1238,"Z Gao"
"1239",1239,"S Bentin"
"1240",1240,"A Omigbodun"
"1241",1241,"E Nelson"
"1242",1242,"N Watier"
"1243",1243,"C Collin"
"1244",1244,"I Boutet"
"1245",1245,"J Murray"
"1246",1246,"N Campbell"
"1247",1247,"B Heptonstall"
"1248",1248,"M Hoven"
"1249",1249,"S Creighton"
"1250",1250,"S Corrow"
"1251",1251,"T Donlon"
"1252",1252,"J Mathison"
"1253",1253,"V Adamson"
"1254",1254,"A Yonas"
"1255",1255,"S Rainville"
"1256",1256,"K Curby"
"1257",1257,"R Entenman"
"1258",1258,"J Fleming"
"1259",1259,"J Knöll"
"1260",1260,"P Holl"
"1261",1261,"F Bremmer"
"1262",1262,"M Szinte"
"1263",1263,"M Rolfs"
"1264",1264,"K Havermann"
"1265",1265,"M Lappe"
"1266",1266,"A Schütz"
"1267",1267,"D Souto"
"1268",1268,"A Sunkara"
"1269",1269,"G DeAngelis"
"1270",1270,"D Angelaki"
"1271",1271,"S Thurman"
"1272",1272,"C Song"
"1273",1273,"S Schwarzkopf"
"1274",1274,"A Lutti"
"1275",1275,"B Li"
"1276",1276,"R Cowell"
"1277",1277,"D Huber"
"1278",1278,"S Bracci"
"1279",1279,"T Sawada"
"1280",1280,"Z Pizlo"
"1281",1281,"I Fründ"
"1282",1282,"B Fajen"
"1283",1283,"M Parade"
"1284",1284,"J Matthis"
"1285",1285,"S Barton"
"1286",1286,"C Rothkopf"
"1287",1287,"P Schrater"
"1288",1288,"W Warren"
"1289",1289,"A Kiefer"
"1290",1290,"S Bonneaud"
"1291",1291,"M Zhao"
"1292",1292,"A Marquez"
"1293",1293,"P Hemmer"
"1294",1294,"E Kowler"
"1295",1295,"A Zylberberg"
"1296",1296,"B Ouellette"
"1297",1297,"C Zeeuw"
"1298",1298,"M Sigman"
"1299",1299,"J Lorteije"
"1300",1300,"S Rosa"
"1301",1301,"S Streuber"
"1302",1302,"M Giese"
"1303",1303,"C Curio"
"1304",1304,"H Bülthoff"
"1305",1305,"M Iordan"
"1306",1306,"X Yue"
"1307",1307,"I Pourladian"
"1308",1308,"S Nasr"
"1309",1309,"R Tootell"
"1310",1310,"L Ungerleider"
"1311",1311,"A Loon"
"1312",1312,"P Lirk"
"1313",1313,"N Vulink"
"1314",1314,"M Hollmann"
"1315",1315,"J Ritchie"
"1316",1316,"S Durvasula"
"1317",1317,"J Ma"
"1318",1318,"D Tovar"
"1319",1319,"T Carlson"
"1320",1320,"J Nino"
"1321",1321,"W Pack"
"1322",1322,"T Carney"
"1323",1323,"C Henderson"
"1324",1324,"J McClelland"
"1325",1325,"E Wager"
"1326",1326,"J Folstein"
"1327",1327,"A Lamsweerde"
"1328",1328,"M Schurgin"
"1329",1329,"A Liberman"
"1330",1330,"D Whitney"
"1331",1331,"A Greenberg"
"1332",1332,"B Carter"
"1333",1333,"S Shomstein"
"1334",1334,"A Filipowicz"
"1335",1335,"J Danckert"
"1336",1336,"P Mital"
"1337",1337,"A Etz"
"1338",1338,"M Rattinger"
"1339",1339,"A Byers"
"1340",1340,"C Rieth"
"1341",1341,"P Schwedhelm"
"1342",1342,"F Kasten"
"1343",1343,"S Munro"
"1344",1344,"J Hegarty"
"1345",1345,"J Golomb"
"1346",1346,"C Kupitz"
"1347",1347,"M Bulatova"
"1348",1348,"J Freitas"
"1349",1349,"B Liverence"
"1350",1350,"J Fan"
"1351",1351,"Q Nie"
"1352",1352,"M Becker"
"1353",1353,"C Peltier"
"1354",1354,"R Alzahabi"
"1355",1355,"C Cunningham"
"1356",1356,"B Won"
"1357",1357,"R Albert"
"1358",1358,"G Solman"
"1359",1359,"A Kingstone"
"1360",1360,"N Attar"
"1361",1361,"M Schneps"
"1362",1362,"S Yousef"
"1363",1363,"R Kaneta"
"1364",1364,"A Harewood"
"1365",1365,"N Paquette"
"1366",1366,"J Orozco"
"1367",1367,"E Self"
"1368",1368,"M Kunar"
"1369",1369,"S Becker"
"1370",1370,"S Anthony"
"1371",1371,"S Gilad-Gutnick"
"1372",1372,"E Harmatz"
"1373",1373,"H Baseler"
"1374",1374,"R Jenkins"
"1375",1375,"A Burton"
"1376",1376,"K Neath"
"1377",1377,"J Towler"
"1378",1378,"J Liu-Shuang"
"1379",1379,"A Norcia"
"1380",1380,"Q Cheng"
"1381",1381,"X Weng"
"1382",1382,"M Bernstein"
"1383",1383,"J Oron"
"1384",1384,"B Sadeh"
"1385",1385,"G Yovel"
"1386",1386,"M Shu"
"1387",1387,"C Cheng"
"1388",1388,"M Ramon"
"1389",1389,"L Vizioli"
"1390",1390,"J Gomez"
"1391",1391,"J Yoon"
"1392",1392,"G Golarai"
"1393",1393,"P Mende-Siedlecki"
"1394",1394,"S Verosky"
"1395",1395,"A Todorov"
"1396",1396,"S Du"
"1397",1397,"G Ravishankar"
"1398",1398,"G Schulz"
"1399",1399,"U Ilg"
"1400",1400,"C Girges"
"1401",1401,"M Wright"
"1402",1402,"J O'Brien"
"1403",1403,"S Dasgupta"
"1404",1404,"E Hecker"
"1405",1405,"J Garcia"
"1406",1406,"J Boxtel"
"1407",1407,"S Weech"
"1408",1408,"N Troje"
"1409",1409,"S Kenny"
"1410",1410,"B Christensen"
"1411",1411,"Y Hormatzhan"
"1412",1412,"S Dziura"
"1413",1413,"W Baccus"
"1414",1414,"J Thompson"
"1415",1415,"L Wang"
"1416",1416,"Q Xu"
"1417",1417,"D Liu"
"1418",1418,"J su"
"1419",1419,"G Layher"
"1420",1420,"H Neumann"
"1421",1421,"E Volkova"
"1422",1422,"B Mohler"
"1423",1423,"N Latif"
"1424",1424,"K Munhall"
"1425",1425,"M Castelhano"
"1426",1426,"B Xiao"
"1427",1427,"E Adelson"
"1428",1428,"C Wiebel"
"1429",1429,"E Baumgartner"
"1430",1430,"M Toscani"
"1431",1431,"M Valsecchi"
"1432",1432,"S Nishida"
"1433",1433,"T Kam"
"1434",1434,"K Doerschner"
"1435",1435,"T Uehara"
"1436",1436,"Y Tani"
"1437",1437,"T Nagai"
"1438",1438,"K Koida"
"1439",1439,"S Nakauchi"
"1440",1440,"M Kitazaki"
"1441",1441,"T Matsushima"
"1442",1442,"M Giesel"
"1443",1443,"K Maruya"
"1444",1444,"T Kawabe"
"1445",1445,"B McCann"
"1446",1446,"M Hayhoe"
"1447",1447,"D Rumble"
"1448",1448,"J Shelley-Tremblay"
"1449",1449,"W Liu"
"1450",1450,"B Klein"
"1451",1451,"D Jaeger"
"1452",1452,"A Spiegel"
"1453",1453,"C Kuylen"
"1454",1454,"L Thomas"
"1455",1455,"B Balas"
"1456",1456,"A Lee"
"1457",1457,"C Campagnoli"
"1458",1458,"F Domini"
"1459",1459,"K Sobel"
"1460",1460,"A Puri"
"1461",1461,"D Gajewski"
"1462",1462,"C Wallin"
"1463",1463,"J Philbeck"
"1464",1464,"B Wu"
"1465",1465,"R Klatzky"
"1466",1466,"J Galeotti"
"1467",1467,"M Zhang"
"1468",1468,"L Shalev"
"1469",1469,"C Mevorach"
"1470",1470,"S Katyal"
"1471",1471,"D Ress"
"1472",1472,"H Schreyer"
"1473",1473,"S Pelt"
"1474",1474,"P Fries"
"1475",1475,"Y Kim"
"1476",1476,"P Verghese"
"1477",1477,"P Khayat"
"1478",1478,"J Martinez-Trujillo"
"1479",1479,"R Gulli"
"1480",1480,"A Adamantidis"
"1481",1481,"C Ford"
"1482",1482,"Q Feng"
"1483",1483,"S Crewther"
"1484",1484,"B Alexander"
"1485",1485,"R Laycock"
"1486",1486,"E DeYoe"
"1487",1487,"A Puckett"
"1488",1488,"T Zhou"
"1489",1489,"O Baruch"
"1490",1490,"Y Yeshurun"
"1491",1491,"R Sengupta"
"1492",1492,"S Bapiraju"
"1493",1493,"R Reinhart"
"1494",1494,"R Ly"
"1495",1495,"Y Saalmann"
"1496",1496,"J Tsotsos"
"1497",1497,"C Wloka"
"1498",1498,"J Ding"
"1499",1499,"J Yang"
"1500",1500,"E Cutrone"
"1501",1501,"E Akbas"
"1502",1502,"K Koehler"
"1503",1503,"B Bays"
"1504",1504,"D Narain"
"1505",1505,"R Beers"
"1506",1506,"J Fulvio"
"1507",1507,"C Green"
"1508",1508,"M Machizawa"
"1509",1509,"É Tlapale"
"1510",1510,"S Szpiro"
"1511",1511,"Y Lee"
"1512",1512,"B Wright"
"1513",1513,"Y Higuchi"
"1514",1514,"H Ogawa"
"1515",1515,"D DeLoss"
"1516",1516,"C Cappe"
"1517",1517,"C Mohr"
"1518",1518,"H Hasegawa"
"1519",1519,"H Unuma"
"1520",1520,"E Stoettinger"
"1521",1521,"B Kunsberg"
"1522",1522,"S Zucker"
"1523",1523,"E Alexander"
"1524",1524,"D Holtmann-Rice"
"1525",1525,"S Cholewiak"
"1526",1526,"E Egan"
"1527",1527,"J Todd"
"1528",1528,"C Tyler"
"1529",1529,"M Tian"
"1530",1530,"A Jain"
"1531",1531,"J Norman"
"1532",1532,"F Phillips"
"1533",1533,"J Cheeseman"
"1534",1534,"K Thomason"
"1535",1535,"C Ronning"
"1536",1536,"A Calloway"
"1537",1537,"D Lamirande"
"1538",1538,"F Norman"
"1539",1539,"K Behari"
"1540",1540,"K Kleinman"
"1541",1541,"J Mazzarella"
"1542",1542,"M Fowler"
"1543",1543,"E Lockerman"
"1544",1544,"A Li"
"1545",1545,"J Mulligan"
"1546",1546,"N Benson"
"1547",1547,"O Butt"
"1548",1548,"S Jain"
"1549",1549,"D Brainard"
"1550",1550,"G Aguirre"
"1551",1551,"E O'Keefe"
"1552",1552,"J Abrams"
"1553",1553,"C Bradley"
"1554",1554,"J Renaud"
"1555",1555,"S Molinatti"
"1556",1556,"T Saarela"
"1557",1557,"A Stocker"
"1558",1558,"H Ruda"
"1559",1559,"E Mingolla"
"1560",1560,"S Grossberg"
"1561",1561,"A Yazdanbakhsh"
"1562",1562,"N Prins"
"1563",1563,"L Barghout"
"1564",1564,"M Colonnese"
"1565",1565,"R Datta"
"1566",1566,"L Lesmes"
"1567",1567,"M Dorr"
"1568",1568,"S Gori"
"1569",1569,"S Franceschini"
"1570",1570,"M Ruffino"
"1571",1571,"S Viola"
"1572",1572,"M Molteni"
"1573",1573,"A Facoetti"
"1574",1574,"A Barton"
"1575",1575,"M Kwon"
"1576",1576,"M Setoodeh"
"1577",1577,"L Oakes"
"1578",1578,"L Germine"
"1579",1579,"J Hartshorne"
"1580",1580,"J Wilmer"
"1581",1581,"C Chabris"
"1582",1582,"F Uyar"
"1583",1583,"F Ferraro"
"1584",1584,"G Miceli"
"1585",1585,"M Scolari"
"1586",1586,"A Martin"
"1587",1587,"E Anderson"
"1588",1588,"M Naber"
"1589",1589,"P Binda"
"1590",1590,"M Pereverzeva"
"1591",1591,"S Murray"
"1592",1592,"A Silva"
"1593",1593,"M Danilova"
"1594",1594,"J Mollon"
"1595",1595,"R Ennis"
"1596",1596,"A Stockman"
"1597",1597,"G Henning"
"1598",1598,"S Anstis"
"1599",1599,"A Ho"
"1600",1600,"N Dykmans"
"1601",1601,"A Choo"
"1602",1602,"K Clark"
"1603",1603,"A Biggs"
"1604",1604,"E Darling"
"1605",1605,"M Cain"
"1606",1606,"T Jackson"
"1607",1607,"E Samei"
"1608",1608,"J Baker"
"1609",1609,"C Fuda"
"1610",1610,"S Adler"
"1611",1611,"S Ghahghaei"
"1612",1612,"R Kasper"
"1613",1613,"S Grafton"
"1614",1614,"M Kennett"
"1615",1615,"M Popovic"
"1616",1616,"M Lengyel"
"1617",1617,"J Fiser"
"1618",1618,"A Bruno"
"1619",1619,"A Rao"
"1620",1620,"A Johnston"
"1621",1621,"M Cai"
"1622",1622,"D Eagleman"
"1623",1623,"D Crewther"
"1624",1624,"L Hugrass"
"1625",1625,"N Graham"
"1626",1626,"S Wolfson"
"1627",1627,"C Patterson"
"1628",1628,"J Guzman-Martinez"
"1629",1629,"L Ortega"
"1630",1630,"Y Nakajima"
"1631",1631,"Y Sakaguchi"
"1632",1632,"R Sokoliuk"
"1633",1633,"R VanRullen"
"1634",1634,"C Paffen"
"1635",1635,"M Wiener"
"1636",1636,"B Coslett"
"1637",1637,"G Francis"
"1638",1638,"N Peatfield"
"1639",1639,"H Rieiro"
"1640",1640,"M Sanchez-Vives"
"1641",1641,"S martinez-Conde"
"1642",1642,"R Reig"
"1643",1643,"M Ledo"
"1644",1644,"M Afrasiabi"
"1645",1645,"C Miller"
"1646",1646,"A Nobre"
"1647",1647,"K Shapiro"
"1648",1648,"M Nieuwenstein"
"1649",1649,"M Fujimoto"
"1650",1650,"H Park"
"1651",1651,"J Hyun"
"1652",1652,"R Sapkota"
"1653",1653,"S Pardhan"
"1654",1654,"I Linde"
"1655",1655,"E Scilipoti"
"1656",1656,"H Tsubomi"
"1657",1657,"H Tsuda"
"1658",1658,"D Draschkow"
"1659",1659,"M Võ"
"1660",1660,"R Farmer"
"1661",1661,"L Emberson"
"1662",1662,"P Reeder"
"1663",1663,"R Aslin"
"1664",1664,"L Blalock"
"1665",1665,"F Sense"
"1666",1666,"M Kibbe"
"1667",1667,"L Feigenson"
"1668",1668,"T Meilinger"
"1669",1669,"C Byrne"
"1670",1670,"R Whitwell"
"1671",1671,"J Chen"
"1672",1672,"I Sperandio"
"1673",1673,"V Paulun"
"1674",1674,"U Kleinholdermann"
"1675",1675,"R Volcic"
"1676",1676,"C Cavina-Pratesi"
"1677",1677,"A Milner"
"1678",1678,"E Polli"
"1679",1679,"R Menger"
"1680",1680,"C Dijkerman"
"1681",1681,"S Stigchel"
"1682",1682,"T Graham"
"1683",1683,"J Marotta"
"1684",1684,"L Desanghere"
"1685",1685,"J Christiansen"
"1686",1686,"J Christensen"
"1687",1687,"T Grünbaum"
"1688",1688,"S Kyllingsbæk"
"1689",1689,"J Moher"
"1690",1690,"J Song"
"1691",1691,"B Weidler"
"1692",1692,"R Abrams"
"1693",1693,"K Nelissen"
"1694",1694,"G Binsted"
"1695",1695,"D Cheng"
"1696",1696,"P Fattori"
"1697",1697,"R Breveglieri"
"1698",1698,"G Bo'"
"1699",1699,"K Hadjidimitrakis"
"1700",1700,"F Bertozzi"
"1701",1701,"C Galletti"
"1702",1702,"S Maclean"
"1703",1703,"C Hassall"
"1704",1704,"O Krigolson"
"1705",1705,"C Simoncini"
"1706",1706,"L Perrinet"
"1707",1707,"L Choi"
"1708",1708,"B Dassy"
"1709",1709,"S Simon"
"1710",1710,"K K"
"1711",1711,"R Rushton"
"1712",1712,"R Rob"
"1713",1713,"C C"
"1714",1714,"H Honey"
"1715",1715,"K Kar"
"1716",1716,"J Duijnhouwer"
"1717",1717,"D Gorbet"
"1718",1718,"F Wilkinson"
"1719",1719,"H Wilson"
"1720",1720,"H Hock"
"1721",1721,"K Meier"
"1722",1722,"M Partanen"
"1723",1723,"R Lo"
"1724",1724,"B Kemenade"
"1725",1725,"K Seymour"
"1726",1726,"M Rothkirch"
"1727",1727,"P Sterzer"
"1728",1728,"M Escobar"
"1729",1729,"P Toledo"
"1730",1730,"P Kornprobst"
"1731",1731,"M Lee"
"1732",1732,"D Linares"
"1733",1733,"A Pawar"
"1734",1734,"P Laddis"
"1735",1735,"S Gepshtein"
"1736",1736,"T Albright"
"1737",1737,"P Ren"
"1738",1738,"A Ben-Simon"
"1739",1739,"B Wang"
"1740",1740,"P Spinelli"
"1741",1741,"T Pasternak"
"1742",1742,"A Kosovicheva"
"1743",1743,"T Sato"
"1744",1744,"H Kanaya"
"1745",1745,"M Fujita"
"1746",1746,"M Seifert"
"1747",1747,"L Rosen"
"1748",1748,"H Li"
"1749",1749,"W Shim"
"1750",1750,"Y Murai"
"1751",1751,"P Kohler"
"1752",1752,"L Harder"
"1753",1753,"D Heslip"
"1754",1754,"T Ledgeway"
"1755",1755,"W Adams"
"1756",1756,"T Knapen"
"1757",1757,"E Graf"
"1758",1758,"J Brascamp"
"1759",1759,"E Hiris"
"1760",1760,"M Klima"
"1761",1761,"R Thompson"
"1762",1762,"E Wells"
"1763",1763,"A Leber"
"1764",1764,"N Roach"
"1765",1765,"D McGovern"
"1766",1766,"B Webb"
"1767",1767,"K Debono"
"1768",1768,"J Edinger"
"1769",1769,"D Pai"
"1770",1770,"M Spering"
"1771",1771,"L Madelain"
"1772",1772,"A Kaminiarz"
"1773",1773,"K Bartelheimer"
"1774",1774,"S Watamaniuk"
"1775",1775,"E Potapchuk"
"1776",1776,"S Heinen"
"1777",1777,"A Brielmann"
"1778",1778,"N Mestry"
"1779",1779,"N Benikos"
"1780",1780,"N Donnelly"
"1781",1781,"T Susilo"
"1782",1782,"B Duchaine"
"1783",1783,"Y Araragi"
"1784",1784,"J Goold"
"1785",1785,"M Bushmakin"
"1786",1786,"L Symons"
"1787",1787,"C Sampaio"
"1788",1788,"V Vlajnic"
"1789",1789,"Z Cheng"
"1790",1790,"K Crookes"
"1791",1791,"C Lemieux"
"1792",1792,"C Reed"
"1793",1793,"A Blattman"
"1794",1794,"R Manzella"
"1795",1795,"L Milne-Wright"
"1796",1796,"W Reed"
"1797",1797,"D McIntosh"
"1798",1798,"I Mareschal"
"1799",1799,"A Calder"
"1800",1800,"C Clifford"
"1801",1801,"A Palanica"
"1802",1802,"T Sweeny"
"1803",1803,"T Kayser"
"1804",1804,"E Gonzalez"
"1805",1805,"V Goffaux"
"1806",1806,"S Okamoto-Barth"
"1807",1807,"E Goesaert"
"1808",1808,"H Beeck"
"1809",1809,"D Kahn"
"1810",1810,"J Liu"
"1811",1811,"L Feng"
"1812",1812,"W Wei"
"1813",1813,"J Tian"
"1814",1814,"C Saavedra"
"1815",1815,"P Smith"
"1816",1816,"J Peissig"
"1817",1817,"M Pachai"
"1818",1818,"S Rigby"
"1819",1819,"B Stoesz"
"1820",1820,"K Dufresne"
"1821",1821,"L Caplette"
"1822",1822,"V English"
"1823",1823,"M Fortin"
"1824",1824,"M Talbot"
"1825",1825,"N Dupuis-Roy"
"1826",1826,"E Alonso-Prieto"
"1827",1827,"K Dalrymple"
"1828",1828,"I Oruc"
"1829",1829,"G Kiani"
"1830",1830,"M Dosani"
"1831",1831,"A Heering"
"1832",1832,"C Alexandre"
"1833",1833,"J Enns"
"1834",1834,"S MacDonald"
"1835",1835,"K Shahangian"
"1836",1836,"J Haberman"
"1837",1837,"J Belkova"
"1838",1838,"A Leib"
"1839",1839,"J Fischer"
"1840",1840,"H Shi"
"1841",1841,"M Zhong"
"1842",1842,"H Jing"
"1843",1843,"O Pascalis"
"1844",1844,"R Costa"
"1845",1845,"J Choles"
"1846",1846,"C Nu"
"1847",1847,"B Maniscalco"
"1848",1848,"H Lau"
"1849",1849,"A Koizumi"
"1850",1850,"A Apple"
"1851",1851,"X Yan"
"1852",1852,"J Brand"
"1853",1853,"N Dienes"
"1854",1854,"J Dahlin"
"1855",1855,"E Bach"
"1856",1856,"B Baird"
"1857",1857,"A Kristjansson"
"1858",1858,"S Egilsdottir"
"1859",1859,"G Gilmour"
"1860",1860,"O Johannesson"
"1861",1861,"I Olafsdottir"
"1862",1862,"A Komiya"
"1863",1863,"D Pemstein"
"1864",1864,"K Linnell"
"1865",1865,"M Nagahata"
"1866",1866,"H Ishikane"
"1867",1867,"P Barla"
"1868",1868,"R Vergne"
"1869",1869,"M Singh"
"1870",1870,"J Feldman"
"1871",1871,"C Wallraven"
"1872",1872,"Y Shi"
"1873",1873,"J Nussbaum"
"1874",1874,"G Mancuso"
"1875",1875,"C Fantoni"
"1876",1876,"O Kwon"
"1877",1877,"D Knill"
"1878",1878,"R Hisakata"
"1879",1879,"A Berg"
"1880",1880,"D Arnoldussen"
"1881",1881,"J Perrone"
"1882",1882,"H Pailian"
"1883",1883,"Y Pinto"
"1884",1884,"G Bae"
"1885",1885,"C Wilson"
"1886",1886,"A Radonjić"
"1887",1887,"K DiClemente"
"1888",1888,"S Hong"
"1889",1889,"S Elliott"
"1890",1890,"M Olkkonen"
"1891",1891,"G Lupyan"
"1892",1892,"S Berens"
"1893",1893,"C Bird"
"1894",1894,"A Pham"
"1895",1895,"X Lai"
"1896",1896,"S McKee"
"1897",1897,"C Hou"
"1898",1898,"R Max"
"1899",1899,"Y Tsal"
"1900",1900,"M Bay"
"1901",1901,"M Grubb"
"1902",1902,"R Gwinn"
"1903",1903,"R O'Toole"
"1904",1904,"Z Yue"
"1905",1905,"S Ishak"
"1906",1906,"A Assoian"
"1907",1907,"J Lehan"
"1908",1908,"E Grand"
"1909",1909,"M Cinelli"
"1910",1910,"P Bryden"
"1911",1911,"S Lechich"
"1912",1912,"A Coleman"
"1913",1913,"A Zakoor"
"1914",1914,"K Rio"
"1915",1915,"R Coats"
"1916",1916,"A Wilson"
"1917",1917,"W Snapp-Childs"
"1918",1918,"A Fath"
"1919",1919,"G Bingham"
"1920",1920,"A Chan"
"1921",1921,"E Bilger"
"1922",1922,"S Griffin"
"1923",1923,"V Elkins"
"1924",1924,"S Weeks"
"1925",1925,"L Hussey-Anderson"
"1926",1926,"K Hughes"
"1927",1927,"B Monson"
"1928",1928,"M Shaffer"
"1929",1929,"M Wolde"
"1930",1930,"H Gilmer"
"1931",1931,"P Pasquina"
"1932",1932,"J Tsao"
"1933",1933,"O Giles"
"1934",1934,"R Sutherland"
"1935",1935,"J Lodge"
"1936",1936,"M Mon-Williams"
"1937",1937,"R Wilkie"
"1938",1938,"C Mole"
"1939",1939,"M Smith"
"1940",1940,"G Kountouriotis"
"1941",1941,"C Chisholm"
"1942",1942,"B Bhakta"
"1943",1943,"C Carmen"
"1944",1944,"S Baker"
"1945",1945,"P Pamela"
"1946",1946,"J Bryden"
"1947",1947,"M Michael"
"1948",1948,"E Cinelli"
"1949",1949,"S Dorgo"
"1950",1950,"A Bangert"
"1951",1951,"I Flatters"
"1952",1952,"N Hindy"
"1953",1953,"M Nishimura"
"1954",1954,"K Scherf"
"1955",1955,"V Zachariou"
"1956",1956,"J Pyles"
"1957",1957,"M Charikar"
"1958",1958,"B Foster"
"1959",1959,"Y Erez"
"1960",1960,"Z Roth"
"1961",1961,"Z Zuo"
"1962",1962,"J Culham"
"1963",1963,"A Rangel"
"1964",1964,"E Tapia"
"1965",1965,"D Martin"
"1966",1966,"R Alexander"
"1967",1967,"C Mevo"
"1968",1968,"Z Kourtzi"
"1969",1969,"K BARANTON"
"1970",1970,"T NGUYEN"
"1971",1971,"J STIEVENART"
"1972",1972,"C CAVEZIAN"
"1973",1973,"G GIRAUDET"
"1974",1974,"W Zhu"
"1975",1975,"J Drewes"
"1976",1976,"G Graham"
"1977",1977,"J Sauer"
"1978",1978,"J Page"
"1979",1979,"C McColeman"
"1980",1980,"M Blair"
"1981",1981,"G Anderson"
"1982",1982,"G Humphreys"
"1983",1983,"R Foerster"
"1984",1984,"W Schneider"
"1985",1985,"H Sheridan"
"1986",1986,"E Reingold"
"1987",1987,"A Chow"
"1988",1988,"E Pereira"
"1989",1989,"M Tong"
"1990",1990,"P Ramkumar"
"1991",1991,"H Fernandes"
"1992",1992,"M Segraves"
"1993",1993,"K Kording"
"1994",1994,"J Lopez-Calderon"
"1995",1995,"J Mirault"
"1996",1996,"S Marzen"
"1997",1997,"J Zylberberg"
"1998",1998,"M DeWeese"
"1999",1999,"x chen"
"2000",2000,"x zhu"
"2001",2001,"w wan"
"2002",2002,"z yang"
"2003",2003,"N Jia"
"2004",2004,"B Nemire"
"2005",2005,"E Mavritsaki"
"2006",2006,"J Maxfield"
"2007",2007,"W Stadler"
"2008",2008,"C Janssen"
"2009",2009,"G Horstmann"
"2010",2010,"A Herwig"
"2011",2011,"H Godwin"
"2012",2012,"D Foster"
"2013",2013,"K Amano"
"2014",2014,"Y Fang"
"2015",2015,"R Nakashima"
"2016",2016,"R Tokunaga"
"2017",2017,"V Beck"
"2018",2018,"S Mack"
"2019",2019,"S Marx"
"2020",2020,"G Gruenhage"
"2021",2021,"D Walper"
"2022",2022,"U Rutishauser"
"2023",2023,"W Einhauser"
"2024",2024,"J Braun"
"2025",2025,"G Deco"
"2026",2026,"A Pastukhov"
"2027",2027,"D Devyatko"
"2028",2028,"L Appelbaum"
"2029",2029,"S Getov"
"2030",2030,"B Bahrami"
"2031",2031,"J Winston"
"2032",2032,"K Rones"
"2033",2033,"D Baker"
"2034",2034,"E Kimura"
"2035",2035,"K Goryo"
"2036",2036,"Y Shin"
"2037",2037,"H Sohn"
"2038",2038,"C Law"
"2039",2039,"A Yuan"
"2040",2040,"O Natanelova"
"2041",2041,"L Steele"
"2042",2042,"I Tseng"
"2043",2043,"L Cai"
"2044",2044,"P Kang"
"2045",2045,"A King"
"2046",2046,"A Beers"
"2047",2047,"I Fried"
"2048",2048,"D Soh"
"2049",2049,"M M.A."
"2050",2050,"A Chima"
"2051",2051,"S Waugh"
"2052",2052,"M Formankiewicz"
"2053",2053,"P Huang"
"2054",2054,"D Saint-Amour"
"2055",2055,"L Lefebvre"
"2056",2056,"M Simard"
"2057",2057,"R Farivar"
"2058",2058,"O Yehezkel"
"2059",2059,"L McKetton"
"2060",2060,"J Viviano"
"2061",2061,"M Tsujita"
"2062",2062,"M Ichikawa"
"2063",2063,"K Shibata"
"2064",2064,"Y Yotsumoto"
"2065",2065,"J Andersen"
"2066",2066,"H Choi"
"2067",2067,"M Tamaki"
"2068",2068,"J Bang"
"2069",2069,"A Berard"
"2070",2070,"E Fast"
"2071",2071,"Y Baek"
"2072",2072,"J Mesik"
"2073",2073,"K Haak"
"2074",2074,"S Engel"
"2075",2075,"L Cong"
"2076",2076,"S Sato"
"2077",2077,"J Deveau"
"2078",2078,"G Lovcik"
"2079",2079,"Z Fan"
"2080",2080,"K Jia"
"2081",2081,"J Chin"
"2082",2082,"M Gong"
"2083",2083,"L Olzak"
"2084",2084,"V Chicherov"
"2085",2085,"J Shee"
"2086",2086,"S Tripathy"
"2087",2087,"H Bedell"
"2088",2088,"H Warner"
"2089",2089,"E Simoncelli"
"2090",2090,"M Lev"
"2091",2091,"P Hibbeler"
"2092",2092,"M Kramer"
"2093",2093,"J Wagge"
"2094",2094,"S Keshvari"
"2095",2095,"F Fortenbaugh"
"2096",2096,"K Shin"
"2097",2097,"J Husk"
"2098",2098,"W Harrison"
"2099",2099,"J Mattingley"
"2100",2100,"L Tsai"
"2101",2101,"Y Jang"
"2102",2102,"K Liao"
"2103",2103,"E Birmingham"
"2104",2104,"V Kling"
"2105",2105,"D Trevisan"
"2106",2106,"M Spezio"
"2107",2107,"R Adolphs"
"2108",2108,"C Striemer"
"2109",2109,"N Hedger"
"2110",2110,"M Garner"
"2111",2111,"K Yoon"
"2112",2112,"K Fielding"
"2113",2113,"R Carvey"
"2114",2114,"C Liu"
"2115",2115,"C Huynh"
"2116",2116,"D Hipp"
"2117",2117,"A Moser"
"2118",2118,"L Yin"
"2119",2119,"P Gerhardstein"
"2120",2120,"L Ji"
"2121",2121,"N Nelson"
"2122",2122,"C Mondloch"
"2123",2123,"W Sun"
"2124",2124,"O G.B.Garrod"
"2125",2125,"P G.Schyns"
"2126",2126,"R E.Jack"
"2127",2127,"P Pallett"
"2128",2128,"A Dawel"
"2129",2129,"R O'Kearney"
"2130",2130,"E Toomarian"
"2131",2131,"J Han"
"2132",2132,"C Blais"
"2133",2133,"E Browning"
"2134",2134,"C Savin"
"2135",2135,"P Berkes"
"2136",2136,"C Chiu"
"2137",2137,"L Grzeczkowski"
"2138",2138,"F Mast"
"2139",2139,"M Peters"
"2140",2140,"L Merabet"
"2141",2141,"A Wu"
"2142",2142,"L Shams"
"2143",2143,"J Schroeder"
"2144",2144,"M Kawato"
"2145",2145,"S Thorpe"
"2146",2146,"O Bichler"
"2147",2147,"A Morland"
"2148",2148,"F Cornelissen"
"2149",2149,"W Sprague"
"2150",2150,"Z Helft"
"2151",2151,"J Parnell"
"2152",2152,"J Schmoll"
"2153",2153,"G Love"
"2154",2154,"T Czuba"
"2155",2155,"A Huk"
"2156",2156,"L Deas"
"2157",2157,"M Cutone"
"2158",2158,"A Robinson"
"2159",2159,"D MacLeod"
"2160",2160,"E Cooper"
"2161",2161,"I Tošić"
"2162",2162,"D Vishwanath"
"2163",2163,"A Daina"
"2164",2164,"L Brandes"
"2165",2165,"E Gennatas"
"2166",2166,"S Prasad"
"2167",2167,"F Jiang"
"2168",2168,"G Stecker"
"2169",2169,"I Fine"
"2170",2170,"K Petrini"
"2171",2171,"G Denis"
"2172",2172,"S Love"
"2173",2173,"S Uddenberg"
"2174",2174,"D Burr"
"2175",2175,"I Togoli"
"2176",2176,"R Arrighi"
"2177",2177,"C Chun"
"2178",2178,"J Hupe"
"2179",2179,"L Qi"
"2180",2180,"T Takeda"
"2181",2181,"G Solovey"
"2182",2182,"D Rahnev"
"2183",2183,"J Greenwood"
"2184",2184,"D Hanus"
"2185",2185,"M Manassi"
"2186",2186,"B Sayim"
"2187",2187,"A Chung"
"2188",2188,"J Nador"
"2189",2189,"J Quian"
"2190",2190,"M Landy"
"2191",2191,"Z Westrick"
"2192",2192,"D Sridharan"
"2193",2193,"N Steinmetz"
"2194",2194,"E Knudsen"
"2195",2195,"E Zimmermann"
"2196",2196,"G Fink"
"2197",2197,"Y Zhao"
"2198",2198,"A Pouget"
"2199",2199,"J Solomon"
"2200",2200,"V Marks"
"2201",2201,"Y Jung"
"2202",2202,"S Chien"
"2203",2203,"Z Blumenfeld"
"2204",2204,"T Tyson"
"2205",2205,"J Geng"
"2206",2206,"A Barbot"
"2207",2207,"L Bustamante"
"2208",2208,"W Bush"
"2209",2209,"C Gambacorta"
"2210",2210,"M Nahum"
"2211",2211,"J Foecker"
"2212",2212,"J Rhee"
"2213",2213,"J Lewis"
"2214",2214,"A Hill"
"2215",2215,"C Bohil"
"2216",2216,"K Lui"
"2217",2217,"A Wong"
"2218",2218,"M MacLean"
"2219",2219,"H Magen"
"2220",2220,"K Dean"
"2221",2221,"G Hughes"
"2222",2222,"A Coy"
"2223",2223,"J Spratt"
"2224",2224,"L Clark-Hargreaves"
"2225",2225,"A Kramer"
"2226",2226,"V Pereira"
"2227",2227,"M Feitosa"
"2228",2228,"W Souza"
"2229",2229,"L Canto-Pereira"
"2230",2230,"P Bédard"
"2231",2231,"I Sofer"
"2232",2232,"P Sailamul"
"2233",2233,"S Crouzet"
"2234",2234,"R Cichy"
"2235",2235,"D Pantazis"
"2236",2236,"A Collet"
"2237",2237,"D Fize"
"2238",2238,"G Rousselet"
"2239",2239,"M Bieniek"
"2240",2240,"N Rijsbergen"
"2241",2241,"T Kietzmann"
"2242",2242,"B Ehinger"
"2243",2243,"D Porada"
"2244",2244,"A Engel"
"2245",2245,"P König"
"2246",2246,"H Gallant"
"2247",2247,"C Bukach"
"2248",2248,"T Sohner"
"2249",2249,"J Allen"
"2250",2250,"A Schapiro"
"2251",2251,"T Rogers"
"2252",2252,"S Hagen"
"2253",2253,"Q Vuong"
"2254",2254,"K Torfs"
"2255",2255,"S Panis"
"2256",2256,"J Wagemans"
"2257",2257,"M Johnson"
"2258",2258,"D Mareschal"
"2259",2259,"M Sereno"
"2260",2260,"M Shah"
"2261",2261,"B Long"
"2262",2262,"S Poltoratski"
"2263",2263,"N Liu"
"2264",2264,"F Hadj-Bouziane"
"2265",2265,"W Luh"
"2266",2266,"J Jastorff"
"2267",2267,"N Caspari"
"2268",2268,"G Orban"
"2269",2269,"N Gronau"
"2270",2270,"R Amar"
"2271",2271,"A Izoutcheev"
"2272",2272,"V Kalendarev"
"2273",2273,"T Chaisilprungraung"
"2274",2274,"N Davidenko"
"2275",2275,"S Flusberg"
"2276",2276,"T Mirich"
"2277",2277,"Q Zhu"
"2278",2278,"H Ogmen"
"2279",2279,"B Noory"
"2280",2280,"E Thunell"
"2281",2281,"W Zwaag"
"2282",2282,"G Plomp"
"2283",2283,"H Oğmen"
"2284",2284,"S Adamo"
"2285",2285,"X Qin"
"2286",2286,"W Koutstaal"
"2287",2287,"J Hulleman"
"2288",2288,"S Walenchok"
"2289",2289,"S Utz"
"2290",2290,"C Carbon"
"2291",2291,"N Siva"
"2292",2292,"D Nguyen"
"2293",2293,"N Jardine"
"2294",2294,"R Hetley"
"2295",2295,"A Hess"
"2296",2296,"A Wismer"
"2297",2297,"P Patel"
"2298",2298,"K Orlandella"
"2299",2299,"S Haroz"
"2300",2300,"F Geringswald"
"2301",2301,"A Herbik"
"2302",2302,"M Hoffmann"
"2303",2303,"T Spaventa"
"2304",2304,"M Juni"
"2305",2305,"J Chang"
"2306",2306,"R Reeder"
"2307",2307,"A Foulkes"
"2308",2308,"S Rushton"
"2309",2309,"P Warren"
"2310",2310,"R Kirollos"
"2311",2311,"J Zacher"
"2312",2312,"P Guterman"
"2313",2313,"S Palmisano"
"2314",2314,"D Apthorp"
"2315",2315,"T Seno"
"2316",2316,"P Stapley"
"2317",2317,"C Royden"
"2318",2318,"L Webber"
"2319",2319,"S Sannicandro"
"2320",2320,"C Lemon"
"2321",2321,"M Braunstein"
"2322",2322,"O Layton"
"2323",2323,"J Pan"
"2324",2324,"B Wolfe"
"2325",2325,"E Gheorghiu"
"2326",2326,"N Kogo"
"2327",2327,"A Lovik"
"2328",2328,"V Froyen"
"2329",2329,"E Salvagio"
"2330",2330,"R Gomez"
"2331",2331,"M Slugocki"
"2332",2332,"D Maurer"
"2333",2333,"T Lewis"
"2334",2334,"Ö Tanrıkulu"
"2335",2335,"T Suhail-Sindhu"
"2336",2336,"J Barraza"
"2337",2337,"J Chambeaud"
"2338",2338,"C Hamilton"
"2339",2339,"B Machilsen"
"2340",2340,"M Demeyer"
"2341",2341,"D Alferov"
"2342",2342,"J Wilder"
"2343",2343,"S Shuwairi"
"2344",2344,"E Babinsky"
"2345",2345,"V Sreenivasan"
"2346",2346,"T Candy"
"2347",2347,"L Cantrell"
"2348",2348,"L Smith"
"2349",2349,"Y Lin"
"2350",2350,"W Yeh"
"2351",2351,"H Hsu"
"2352",2352,"B Su"
"2353",2353,"P Culmer"
"2354",2354,"S Johnson"
"2355",2355,"S Jayaraman"
"2356",2356,"C Fausey"
"2357",2357,"C Granrud"
"2358",2358,"I Urabain"
"2359",2359,"A You"
"2360",2360,"S Bailey"
"2361",2361,"A Dewar"
"2362",2362,"Z BIAN"
"2363",2363,"G ANDERSEN"
"2364",2364,"M Costello"
"2365",2365,"C Davoli"
"2366",2366,"N Panting"
"2367",2367,"J Brockmole"
"2368",2368,"R Raw"
"2369",2369,"R Allen"
"2370",2370,"H Woods-Fry"
"2371",2371,"M Voloaca"
"2372",2372,"S Henderson"
"2373",2373,"S Gagnon"
"2374",2374,"J Grant"
"2375",2375,"T Rosenthal"
"2376",2376,"W Allen"
"2377",2377,"T Beck"
"2378",2378,"C Wilke"
"2379",2379,"B Wirxel"
"2380",2380,"D Endres"
"2381",2381,"A Lindner"
"2382",2382,"V Bejjanki"
"2383",2383,"B Marks"
"2384",2384,"E Gencer"
"2385",2385,"A Weightman"
"2386",2386,"Y Sato"
"2387",2387,"B Gallas"
"2388",2388,"F Samuelson"
"2389",2389,"B Sahiner"
"2390",2390,"K Myers"
"2391",2391,"D Valadao"
"2392",2392,"K Olfers"
"2393",2393,"G Irwin"
"2394",2394,"J Adams-Bedford"
"2395",2395,"B Bridgeman"
"2396",2396,"S Blaesi"
"2397",2397,"G Desmarais"
"2398",2398,"P Hudson"
"2399",2399,"E Richards"
"2400",2400,"R Goutcher"
"2401",2401,"L Phalp"
"2402",2402,"C Malla"
"2403",2403,"J Rieser"
"2404",2404,"N Khuu"
"2405",2405,"A Erdemir"
"2406",2406,"S Parrott"
"2407",2407,"M Huntington"
"2408",2408,"A Sokolov"
"2409",2409,"M Erb"
"2410",2410,"W Grodd"
"2411",2411,"M Tatagiba"
"2412",2412,"R Frackowiak"
"2413",2413,"M Pavlova"
"2414",2414,"D Glasser"
"2415",2415,"H Sato"
"2416",2416,"J Sy"
"2417",2417,"J Jehee"
"2418",2418,"G Malcolm"
"2419",2419,"M Coutanche"
"2420",2420,"S Thompson-Schill"
"2421",2421,"N Al-Aidroos"
"2422",2422,"A Tompary"
"2423",2423,"M Pashkam"
"2424",2424,"F Schuur"
"2425",2425,"B Tam"
"2426",2426,"K Smith"
"2427",2427,"G Diaz"
"2428",2428,"J Cooper"
"2429",2429,"J Nguyen"
"2430",2430,"R Isenhower"
"2431",2431,"P Yanovich"
"2432",2432,"J Ravaliya"
"2433",2433,"E Torres"
"2434",2434,"C Firestone"
"2435",2435,"J Erez"
"2436",2436,"W Kendall"
"2437",2437,"S Jeong"
"2438",2438,"O Cheung"
"2439",2439,"M Bar"
"2440",2440,"B Rapp"
"2441",2441,"D Powell"
"2442",2442,"J Thomson"
"2443",2443,"G Sonnert"
"2444",2444,"A Heffner-Wong"
"2445",2445,"C Delerue"
"2446",2446,"M Thibaut"
"2447",2447,"T Tran"
"2448",2448,"M Boucart"
"2449",2449,"L Leyland"
"2450",2450,"V Benson"
"2451",2451,"S Liversedge"
"2452",2452,"C Michaud"
"2453",2453,"J Satel"
"2454",2454,"R Klein"
"2455",2455,"J Richards"
"2456",2456,"S Miellet"
"2457",2457,"G Kuhn"
"2458",2458,"H KATTI"
"2459",2459,"E Isham"
"2460",2460,"T Hayes"
"2461",2461,"R Eisinger"
"2462",2462,"H Im"
"2463",2463,"B Breitmeyer"
"2464",2464,"A Seiffert"
"2465",2465,"R Rademaker"
"2466",2466,"I Bloem"
"2467",2467,"P Weerd"
"2468",2468,"A Sack"
"2469",2469,"M McComb"
"2470",2470,"H Chen"
"2471",2471,"K Evans"
"2472",2472,"E Guild"
"2473",2473,"J Cripps"
"2474",2474,"A Makin"
"2475",2475,"A Pecchinenda"
"2476",2476,"M Bertamini"
"2477",2477,"Y Masakura"
"2478",2478,"S Holloway"
"2479",2479,"F Silva"
"2480",2480,"M McBeath"
"2481",2481,"T Collins"
"2482",2482,"S Joo"
"2483",2483,"P Chen"
"2484",2484,"A Rose-Henig"
"2485",2485,"M Ouhnana"
"2486",2486,"E Cramer"
"2487",2487,"E Rashal"
"2488",2488,"R Kimchi"
"2489",2489,"A Kaplan"
"2490",2490,"D Cornett"
"2491",2491,"F Hermens"
"2492",2492,"A Cragin"
"2493",2493,"B Ding"
"2494",2494,"J Pomerantz"
"2495",2495,"K Orsten"
"2496",2496,"S Zhong"
"2497",2497,"B Hubert-Wallander"
"2498",2498,"G Boynton"
"2499",2499,"S White"
"2500",2500,"A Kell"
"2501",2501,"K Denisova"
"2502",2502,"Y Huo"
"2503",2503,"B Peterson"
"2504",2504,"E Zachi"
"2505",2505,"D Ventura"
"2506",2506,"J Wong"
"2507",2507,"S Gau"
"2508",2508,"Y Chien"
"2509",2509,"C Robertson"
"2510",2510,"D Kravitz"
"2511",2511,"F Jan"
"2512",2512,"S Baron-Cohen"
"2513",2513,"S Censi"
"2514",2514,"L Mottron"
"2515",2515,"A Bertone"
"2516",2516,"A Voyles"
"2517",2517,"K Nayar"
"2518",2518,"F Castellanos"
"2519",2519,"A Martino"
"2520",2520,"P McMullen"
"2521",2521,"H Matheson"
"2522",2522,"J Filliter"
"2523",2523,"S Adams"
"2524",2524,"G Polser"
"2525",2525,"C Katona"
"2526",2526,"P Daniels"
"2527",2527,"A Plott"
"2528",2528,"N Schwartz"
"2529",2529,"F Shafai"
"2530",2530,"K Armstrong"
"2531",2531,"G Iarocci"
"2532",2532,"I Oruç"
"2533",2533,"L Yi"
"2534",2534,"Y Fan"
"2535",2535,"C Feng"
"2536",2536,"G Mao"
"2537",2537,"E Shimojo"
"2538",2538,"D Wu"
"2539",2539,"S Shimojo"
"2540",2540,"A Lassalle"
"2541",2541,"S Reed"
"2542",2542,"P Dassonville"
"2543",2543,"D Elbich"
"2544",2544,"N Minshew"
"2545",2545,"J Walsh"
"2546",2546,"M Rutherford"
"2547",2547,"M Vida"
"2548",2548,"T Chen"
"2549",2549,"V Troiani"
"2550",2550,"R Schultz"
"2551",2551,"P Regener"
"2552",2552,"D Simmons"
"2553",2553,"F Pollick"
"2554",2554,"H Rodger"
"2555",2555,"A Killian"
"2556",2556,"D Walker"
"2557",2557,"R Russell"
"2558",2558,"M Bronstad"
"2559",2559,"H Kwok"
"2560",2560,"L Vingilis-Jaremko"
"2561",2561,"M Ravelo"
"2562",2562,"J Knoch"
"2563",2563,"M Dzhelyova"
"2564",2564,"C Lefevre"
"2565",2565,"D Perrett"
"2566",2566,"X Ouyang"
"2567",2567,"O Gwinn"
"2568",2568,"K Brooks"
"2569",2569,"W Jung"
"2570",2570,"I Bülthoff"
"2571",2571,"I Thornton"
"2572",2572,"R Armann"
"2573",2573,"L Wan"
"2574",2574,"A Byrd"
"2575",2575,"A Rosenblatt"
"2576",2576,"R Mercado"
"2577",2577,"J DeGutis"
"2578",2578,"K Robinson"
"2579",2579,"J Duncan"
"2580",2580,"F Hélène"
"2581",2581,"F Daniel"
"2582",2582,"L Jakobsona"
"2583",2583,"A Saville"
"2584",2584,"R Adams"
"2585",2585,"P Sheppard"
"2586",2586,"A Cheema"
"2587",2587,"M Mercer"
"2588",2588,"J Billington"
"2589",2589,"A Smith"
"2590",2590,"S Podrebarac"
"2591",2591,"H Dempsey-Jones"
"2592",2592,"D Alais"
"2593",2593,"E Burg"
"2594",2594,"J Cass"
"2595",2595,"L Herman"
"2596",2596,"M Schutz"
"2597",2597,"J Vaisberg"
"2598",2598,"D Brang"
"2599",2599,"J Plass"
"2600",2600,"E Guzman-Martinez"
"2601",2601,"S Kanaya"
"2602",2602,"W Fujisaki"
"2603",2603,"S Furukawa"
"2604",2604,"P Jaekl"
"2605",2605,"J Seidlitz"
"2606",2606,"V Ciaramitaro"
"2607",2607,"K Dobkins"
"2608",2608,"E Huber"
"2609",2609,"J Thomas"
"2610",2610,"C Mander"
"2611",2611,"L Harris"
"2612",2612,"F Mushtaq"
"2613",2613,"A Schaefer"
"2614",2614,"B Stankevich"
"2615",2615,"K Pugher"
"2616",2616,"A Sali"
"2617",2617,"S Yantis"
"2618",2618,"J Lee"
"2619",2619,"A Miranda"
"2620",2620,"S Fouquet"
"2621",2621,"J Collins"
"2622",2622,"K Blacker"
"2623",2623,"J Sui"
"2624",2624,"A Asgeirsson"
"2625",2625,"A Reagan"
"2626",2626,"J Kerlin"
"2627",2627,"E Oğuz"
"2628",2628,"J Raymond"
"2629",2629,"A Brennan-Craddock"
"2630",2630,"H Yu"
"2631",2631,"L Lei"
"2632",2632,"S Han"
"2633",2633,"M Junghöfer"
"2634",2634,"P Laurent"
"2635",2635,"O Amir"
"2636",2636,"N Chen"
"2637",2637,"G Zhang"
"2638",2638,"Y Song"
"2639",2639,"J Arizpe"
"2640",2640,"M Shrotri"
"2641",2641,"V Walsh"
"2642",2642,"X Xue"
"2643",2643,"M Burke"
"2644",2644,"P Bramley"
"2645",2645,"C Gonzalez"
"2646",2646,"D McKeefry"
"2647",2647,"K Aberg"
"2648",2648,"C Sandi"
"2649",2649,"T Bi"
"2650",2650,"A Calabrese"
"2651",2651,"S Gilaie-Dotan"
"2652",2652,"D Gotthilf-Nezri"
"2653",2653,"A Perry"
"2654",2654,"L Johnson"
"2655",2655,"B Sullivan"
"2656",2656,"D Ballard"
"2657",2657,"J Bolhuis"
"2658",2658,"T Kolling"
"2659",2659,"M Knopf"
"2660",2660,"J Triesch"
"2661",2661,"L Sharan"
"2662",2662,"C Valuch"
"2663",2663,"L Likova"
"2664",2664,"S Nicholas"
"2665",2665,"M Bonner"
"2666",2666,"A Price"
"2667",2667,"J Peelle"
"2668",2668,"M Grossman"
"2669",2669,"T Christophel"
"2670",2670,"C Endisch"
"2671",2671,"P Glosson"
"2672",2672,"J Hummel"
"2673",2673,"M Vo"
"2674",2674,"Z Gavrilov"
"2675",2675,"G Kim"
"2676",2676,"J Lewis-Peacock"
"2677",2677,"S Gayet"
"2678",2678,"A Dobbins"
"2679",2679,"B Farell"
"2680",2680,"J Stanley"
"2681",2681,"J Forte"
"2682",2682,"O Carter"
"2683",2683,"J Füllekrug"
"2684",2684,"S Frässle"
"2685",2685,"J Sommer"
"2686",2686,"A Jansen"
"2687",2687,"W Einhäuser"
"2688",2688,"J Ekanayake"
"2689",2689,"G Ridgway"
"2690",2690,"F Scharnowski"
"2691",2691,"K Yury"
"2692",2692,"N Weiskopf"
"2693",2693,"L Hill"
"2694",2694,"J Williams"
"2695",2695,"L Aucott"
"2696",2696,"R Sawaki"
"2697",2697,"H Luo"
"2698",2698,"K Song"
"2699",2699,"N Basilio"
"2700",2700,"A Morice"
"2701",2701,"G Marti"
"2702",2702,"G Montagne"
"2703",2703,"K Shire"
"2704",2704,"P Gardner"
"2705",2705,"N Merat"
"2706",2706,"D Owens"
"2707",2707,"J Gu"
"2708",2708,"R Patterson"
"2709",2709,"Z Page"
"2710",2710,"H Zhao"
"2711",2711,"B Nguyen"
"2712",2712,"Y Zhuo"
"2713",2713,"Y Kawashima"
"2714",2714,"H Kaneko"
"2715",2715,"Y Yamauchi"
"2716",2716,"Y Saito"
"2717",2717,"K Sakurai"
"2718",2718,"T Bochsler"
"2719",2719,"R Gage"
"2720",2720,"L Baxter"
"2721",2721,"I Grunfeld"
"2722",2722,"B Camp"
"2723",2723,"S Mennenga"
"2724",2724,"G Brewer"
"2725",2725,"H Bimonte-Nelson"
"2726",2726,"H Chiu"
"2727",2727,"C Foster"
"2728",2728,"M Sugovic"
"2729",2729,"C Quaia"
"2730",2730,"B Sheliga"
"2731",2731,"L Optican"
"2732",2732,"B Cumming"
"2733",2733,"R Nakayama"
"2734",2734,"E Chong"
"2735",2735,"C Blair"
"2736",2736,"M Mahar"
"2737",2737,"A Lugtigheid"
"2738",2738,"Z Leonard"
"2739",2739,"A Martín"
"2740",2740,"M Edwards"
"2741",2741,"A Morse"
"2742",2742,"C Cassanello"
"2743",2743,"J Ales"
"2744",2744,"D Clark"
"2745",2745,"J Fitzgerald"
"2746",2746,"D Gohl"
"2747",2747,"M Silies"
"2748",2748,"T Clandinin"
"2749",2749,"C Hahn"
"2750",2750,"E Hart"
"2751",2751,"K Flanagan"
"2752",2752,"P Phillips"
"2753",2753,"A O'Toole"
"2754",2754,"G Besson"
"2755",2755,"G Barragan-Jason"
"2756",2756,"A Rice"
"2757",2757,"L Rabbitt"
"2758",2758,"C McDonald"
"2759",2759,"S Savage"
"2760",2760,"M Walter"
"2761",2761,"C Rubis"
"2762",2762,"R Laguesse"
"2763",2763,"T Tez"
"2764",2764,"B Hall"
"2765",2765,"R Daini"
"2766",2766,"A Albonico"
"2767",2767,"M Malaspina"
"2768",2768,"G Rhodes"
"2769",2769,"A Charpentier"
"2770",2770,"G Dormal"
"2771",2771,"A Biervoye"
"2772",2772,"D Kuefner"
"2773",2773,"D Weatherford"
"2774",2774,"J Bartlett"
"2775",2775,"C Carlson"
"2776",2776,"R McGugin"
"2777",2777,"J Richler"
"2778",2778,"G Herzmann"
"2779",2779,"M Speegle"
"2780",2780,"A Gulick"
"2781",2781,"Y Duan"
"2782",2782,"S Barth"
"2783",2783,"J Turpin"
"2784",2784,"M Nimick"
"2785",2785,"E Ahern"
"2786",2786,"H Hoke"
"2787",2787,"A Taddonio"
"2788",2788,"G Fu"
"2789",2789,"C Hu"
"2790",2790,"T Semplonius"
"2791",2791,"S O'Neil"
"2792",2792,"A Mac"
"2793",2793,"L Short"
"2794",2794,"V Proietti"
"2795",2795,"V Cassia"
"2796",2796,"G Shyi"
"2797",2797,"J Lin"
"2798",2798,"C Rezlescu"
"2799",2799,"D Pitcher"
"2800",2800,"S Cohan"
"2801",2801,"N Barnes"
"2802",2802,"J Provis"
"2803",2803,"R Dumbleton"
"2804",2804,"C Ivanovici"
"2805",2805,"A Kwa"
"2806",2806,"D Shah"
"2807",2807,"C Cameron"
"2808",2808,"D Smith"
"2809",2809,"N Jaworska"
"2810",2810,"D Fisher"
"2811",2811,"V Knott"
"2812",2812,"J Cant"
"2813",2813,"J Wurbs"
"2814",2814,"M Lescroart"
"2815",2815,"G Schmidtmann"
"2816",2816,"G Kennedy"
"2817",2817,"H Orbach"
"2818",2818,"G Loffler"
