"","id","label"
"1",1,"D Parkhurst"
"2",2,"E Niebur"
"3",3,"F Hamker"
"4",4,"A Oliva"
"5",5,"A Torralba"
"6",6,"M Castelhano"
"7",7,"J Henderson"
"8",8,"E Özgen"
"9",9,"P Sowden"
"10",10,"P Schyns"
"11",11,"V Maljkovic"
"12",12,"P Martini"
"13",13,"E Vessel"
"14",14,"I Biederman"
"15",15,"M Cohen"
"16",16,"D Dao"
"17",17,"Z Lu"
"18",18,"B Dosher"
"19",19,"L Kontsevich"
"20",20,"C Tyler"
"21",21,"C Taylor"
"22",22,"P Bennett"
"23",23,"A Sekuler"
"24",24,"S Klein"
"25",25,"D Levi"
"26",26,"T Dijkstra"
"27",27,"B Liu"
"28",28,"S Oomes"
"29",29,"B Balas"
"30",30,"P Sinha"
"31",31,"B Bridgeman"
"32",32,"P Dassonville"
"33",33,"J Bala"
"34",34,"P Thiem"
"35",35,"B Stankiewicz"
"36",36,"M McCabe"
"37",37,"T Kelly"
"38",38,"G Legge"
"39",39,"J Witt"
"40",40,"D Proffitt"
"41",41,"W Epstein"
"42",42,"S Creem-Regehr"
"43",43,"P Willemsen"
"44",44,"A Gooch"
"45",45,"W Thompson"
"46",46,"R Ni"
"47",47,"M Braunstein"
"48",48,"G Andersen"
"49",49,"J Loomis"
"50",50,"A Beall"
"51",51,"V Bonin"
"52",52,"V Mante"
"53",53,"M Carandini"
"54",54,"M Repucci"
"55",55,"F Mechler"
"56",56,"J Victor"
"57",57,"M Gur"
"58",58,"I Kagan"
"59",59,"S Eye"
"60",60,"M Snodderly"
"61",61,"M Brandon"
"62",62,"C Anderson"
"63",63,"G DeAngelis"
"64",64,"H Supèr"
"65",65,"H Spekreijse"
"66",66,"V Lamme"
"67",67,"J Peirce"
"68",68,"S Solomon"
"69",69,"J Forte"
"70",70,"J Krauskopf"
"71",71,"P Lennie"
"72",72,"G Alvarez"
"73",73,"P Cavanagh"
"74",74,"M Wright"
"75",75,"L Alston"
"76",76,"Y Xu"
"77",77,"K Nakayama"
"78",78,"J Droll"
"79",79,"M Hayhoe"
"80",80,"J Triesch"
"81",81,"B Sullivan"
"82",82,"D Gajewski"
"83",83,"C Williams"
"84",84,"R Zacks"
"85",85,"M Banks"
"86",86,"M Ernst"
"87",87,"F Jäkel"
"88",88,"L Shams"
"89",89,"S Tanaka"
"90",90,"G Rees"
"91",91,"S Iwaki"
"92",92,"S Shimojo"
"93",93,"T Inui"
"94",94,"W Fujisaki"
"95",95,"M Kashino"
"96",96,"S Nishida"
"97",97,"D Somers"
"98",98,"R McNally"
"99",99,"H Sun"
"100",100,"J Campos"
"101",101,"G Chan"
"102",102,"D Zhang"
"103",103,"A Lee"
"104",104,"M Fallah"
"105",105,"G Stoner"
"106",106,"J Reynolds"
"107",107,"G Mirabella"
"108",108,"I Samengo"
"109",109,"G Bertini"
"110",110,"B Kilavik"
"111",111,"D Frilli"
"112",112,"A Fanini"
"113",113,"L Chelazzi"
"114",114,"J Gottlieb"
"115",115,"S Luck"
"116",116,"E Vogel"
"117",117,"G Woodman"
"118",118,"J Hyun"
"119",119,"D Burr"
"120",120,"P Smith"
"121",121,"C Morrone"
"122",122,"S Baldassi"
"123",123,"I Vallines"
"124",124,"I Bodis-Wollner"
"125",125,"J Oezyurt"
"126",126,"R Rutschmann"
"127",127,"M Greenlee"
"128",128,"C Fowlkes"
"129",129,"D Martin"
"130",130,"J Malik"
"131",131,"M Dastjerdi"
"132",132,"D Dong"
"133",133,"G Simpson"
"134",134,"T Weyand"
"135",135,"C Zetzsche"
"136",136,"U Nuding"
"137",137,"C Olman"
"138",138,"K Ugurbil"
"139",139,"D Kersten"
"140",140,"E Adelson"
"141",141,"R Aslin"
"142",142,"R Jacobs"
"143",143,"P Battaglia"
"144",144,"R Blake"
"145",145,"K Sobel"
"146",146,"S Lee"
"147",147,"D Heeger"
"148",148,"H Wilson"
"149",149,"K White"
"150",150,"J Gao"
"151",151,"Y Zhou"
"152",152,"Y Kim"
"153",153,"M Grabowecky"
"154",154,"S Suzuki"
"155",155,"S Chien"
"156",156,"K Bronson-Castain"
"157",157,"M Rudd"
"158",158,"I Zemach"
"159",159,"F Cornelissen"
"160",160,"A Wade"
"161",161,"R Dougherty"
"162",162,"B Wandell"
"163",163,"B Anderson"
"164",164,"J Winawer"
"165",165,"B Hartung"
"166",166,"M Landy"
"167",167,"C Chubb"
"168",168,"J Econopouly"
"169",169,"B Cumming"
"170",170,"J Read"
"171",171,"S Tanabe"
"172",172,"I Fujita"
"173",173,"S McKee"
"174",174,"B Farell"
"175",175,"P Verghese"
"176",176,"A Foulkes"
"177",177,"A Parker"
"178",178,"Y Petrov"
"179",179,"A Glennerster"
"180",180,"S Watt"
"181",181,"K Akeley"
"182",182,"W Geisler"
"183",183,"J Perry"
"184",184,"J Najemnik"
"185",185,"A Caspi"
"186",186,"B Beutter"
"187",187,"M Eckstein"
"188",188,"C Körner"
"189",189,"I Gilchrist"
"190",190,"T Gersch"
"191",191,"E Kowler"
"192",192,"J Beintema"
"193",193,"E Loon"
"194",194,"I Hooge"
"195",195,"A Berg"
"196",196,"R Fleming"
"197",197,"R Dror"
"198",198,"S Savarese"
"199",199,"F Li"
"200",200,"P Perona"
"201",201,"H Nefs"
"202",202,"J Koenderink"
"203",203,"A Kappers"
"204",204,"Y Ling"
"205",205,"A Hurlbert"
"206",206,"B Rogers"
"207",207,"B Gillam"
"208",208,"P Grove"
"209",209,"Q Vuong"
"210",210,"F Domini"
"211",211,"C Caudek"
"212",212,"T Ghose"
"213",213,"J Hillis"
"214",214,"E Grossman"
"215",215,"C Kim"
"216",216,"L Battelli"
"217",217,"I Thornton"
"218",218,"M Giese"
"219",219,"S Edelman"
"220",220,"J Jastorff"
"221",221,"Z Kourtzi"
"222",222,"A Casile"
"223",223,"N Troje"
"224",224,"D Jokisch"
"225",225,"T Kress"
"226",226,"I Daum"
"227",227,"A Jacobs"
"228",228,"M Shiffrar"
"229",229,"I Boutet"
"230",230,"C Collin"
"231",231,"J Faubert"
"232",232,"Y Ostrovsky"
"233",233,"I Gauthier"
"234",234,"J Tanaka"
"235",235,"D Brown"
"236",236,"M Nederhouser"
"237",237,"M Mangini"
"238",238,"K Okada"
"239",239,"V Goffaux"
"240",240,"C Jacques"
"241",241,"A Mouraux"
"242",242,"F Gosselin"
"243",243,"J Harris"
"244",244,"P Dean"
"245",245,"T Uka"
"246",246,"L Delicato"
"247",247,"N Qian"
"248",248,"L Likova"
"249",249,"J Zanker"
"250",250,"J Zeil"
"251",251,"C Royden"
"252",252,"L Picone"
"253",253,"E Meyers"
"254",254,"D Cox"
"255",255,"T Ganel"
"256",256,"Y Goshen-Gottstein"
"257",257,"M Goodale"
"258",258,"B Duchaine"
"259",259,"E Butterworth"
"260",260,"E McKone"
"261",261,"A Gilchrist"
"262",262,"M Ng"
"263",263,"D Kaping"
"264",264,"M Webster"
"265",265,"S Anstis"
"266",266,"I Fine"
"267",267,"X Xu"
"268",268,"J Boyd"
"269",269,"M Gallucci"
"270",270,"A Thomas"
"271",271,"E Emeric"
"272",272,"B Barahimi"
"273",273,"J Stefansic"
"274",274,"D Shima"
"275",275,"P Melzer"
"276",276,"J Allison"
"277",277,"A Bonds"
"278",278,"V Casagrande"
"279",279,"D Adams"
"280",280,"J Horton"
"281",281,"B Tjan"
"282",282,"V Lestou"
"283",283,"H Bülthoff"
"284",284,"B Motter"
"285",285,"D Whitney"
"286",286,"H Goltz"
"287",287,"C Thomas"
"288",288,"I Conner"
"289",289,"T Schwartz"
"290",290,"J Odom"
"291",291,"J Mendola"
"292",292,"H Schuetze"
"293",293,"R Heydt"
"294",294,"F Qiu"
"295",295,"W Gerbino"
"296",296,"R Volcic"
"297",297,"J Elder"
"298",298,"Y Morgenstern"
"299",299,"R Tabone"
"300",300,"A Norcia"
"301",301,"V Sampath"
"302",302,"P Kellman"
"303",303,"P Garrigan"
"304",304,"D Kalar"
"305",305,"T Shipley"
"306",306,"T Tversky"
"307",307,"A Ma-Wyatt"
"308",308,"P McGraw"
"309",309,"N Mennie"
"310",310,"C Walthew"
"311",311,"P Aivar"
"312",312,"E Gaines"
"313",313,"J Jovancovic"
"314",314,"W Medendorp"
"315",315,"T Vilis"
"316",316,"J Crawford"
"317",317,"A Brouwer"
"318",318,"V Franz"
"319",319,"F Scharnowski"
"320",320,"T James"
"321",321,"J Culham"
"322",322,"G Humphrey"
"323",323,"A Milner"
"324",324,"J Trommershauser"
"325",325,"L Maloney"
"326",326,"R Gregory"
"327",327,"A Enriquez"
"328",328,"C Sauer"
"329",329,"J Philbeck"
"330",330,"S O'Leary"
"331",331,"A Lew"
"332",332,"W Warren"
"333",333,"S Di"
"334",334,"B Fajen"
"335",335,"P Fink"
"336",336,"P Foo"
"337",337,"S Mason"
"338",338,"M Brady"
"339",339,"N Giudice"
"340",340,"E Schlicht"
"341",341,"T Troscianko"
"342",342,"R Baddeley"
"343",343,"C Parraga"
"344",344,"U Leonards"
"345",345,"J Troscianko"
"346",346,"D Beer"
"347",347,"D MacLeod"
"348",348,"G Horwitz"
"349",349,"E Chichilnisky"
"350",350,"T Albright"
"351",351,"S Shevell"
"352",352,"P Monnier"
"353",353,"D Teller"
"354",354,"A Civan"
"355",355,"M Pereverzeva"
"356",356,"S Stevenson"
"357",357,"J Mulligan"
"358",358,"L Cormack"
"359",359,"D Liston"
"360",360,"L Chukoskie"
"361",361,"R Krauzlis"
"362",362,"D Vishwanath"
"363",363,"N Kowler"
"364",364,"M Sommer"
"365",365,"R Wurtz"
"366",366,"J Connolly"
"367",367,"D Munoz"
"368",368,"M Wei"
"369",369,"D Angelaki"
"370",370,"O Braddick"
"371",371,"J O'Brien"
"372",372,"J Wattam-Bell"
"373",373,"J Atkinson"
"374",374,"R Turner"
"375",375,"A Smith"
"376",376,"A Williams"
"377",377,"K Singh"
"378",378,"J Movshon"
"379",379,"M Smith"
"380",380,"A Kohn"
"381",381,"J Samonds"
"382",382,"H Brown"
"383",383,"S Vanni"
"384",384,"M Dojat"
"385",385,"J Warnking"
"386",386,"C Segebarth"
"387",387,"J Bullier"
"388",388,"D Sheinberg"
"389",389,"S Hochstein"
"390",390,"E Shneor"
"391",391,"B Scholl"
"392",392,"N Noles"
"393",393,"V Pasheva"
"394",394,"R Sussman"
"395",395,"D Strayer"
"396",396,"F Drews"
"397",397,"W Johnston"
"398",398,"C Dickinson"
"399",399,"X Chen"
"400",400,"G Zelinsky"
"401",401,"M Carrasco"
"402",402,"A Giordano"
"403",403,"B McElree"
"404",404,"R Ee"
"405",405,"L Dam"
"406",406,"G Brouwer"
"407",407,"N Korsten"
"408",408,"C Yu"
"409",409,"J Gold"
"410",410,"J Fiser"
"411",411,"D Bavelier"
"412",412,"C Green"
"413",413,"B Pham"
"414",414,"S Shimozaki"
"415",415,"Y Tanaka"
"416",416,"S Miyauchi"
"417",417,"T Imaruoka"
"418",418,"M Misaki"
"419",419,"E Matsumoto"
"420",420,"T Tashiro"
"421",421,"P Tse"
"422",422,"Y Yeshurun"
"423",423,"L Levy"
"424",424,"T Carlson"
"425",425,"P Schrater"
"426",426,"S He"
"427",427,"F Verstraten"
"428",428,"R Kanai"
"429",429,"C Paffen"
"430",430,"D Melcher"
"431",431,"D Sagi"
"432",432,"Y Adini"
"433",433,"M Tsodyks"
"434",434,"A Technion"
"435",435,"Z Vidnyánszky"
"436",436,"W Sohn"
"437",437,"B Backus"
"438",438,"M Chun"
"439",439,"D Yi"
"440",440,"T Kelley"
"441",441,"R Marois"
"442",442,"A Seitz"
"443",443,"T Watanabe"
"444",444,"S Mednick"
"445",445,"R Stickgold"
"446",446,"M Silver"
"447",447,"D Ress"
"448",448,"L Lesmes"
"449",449,"G Sperling"
"450",450,"T Horowitz"
"451",451,"R Birnkrant"
"452",452,"K Chen"
"453",453,"Z Hafed"
"454",454,"J Clark"
"455",455,"R Murray"
"456",456,"A Holcombe"
"457",457,"L Harris"
"458",458,"A Kopinska"
"459",459,"P Duke"
"460",460,"D Tadin"
"461",461,"J Lappin"
"462",462,"W Shim"
"463",463,"D Eagleman"
"464",464,"T Sejnowski"
"465",465,"D Arnold"
"466",466,"C Clifford"
"467",467,"A Johnston"
"468",468,"A Tolias"
"469",469,"C Altmann"
"470",470,"M Augath"
"471",471,"N Logothetis"
"472",472,"L Zago"
"473",473,"M Bar"
"474",474,"A O'Toole"
"475",475,"J Haxby"
"476",476,"H Abdi"
"477",477,"L Wang"
"478",478,"N Yen"
"479",479,"M Wang"
"480",480,"J Zhu"
"481",481,"C Malsburg"
"482",482,"W Freeman"
"483",483,"G Purushothaman"
"484",484,"D Bradley"
"485",485,"J Liu"
"486",486,"W Newsome"
"487",487,"B Krekelberg"
"488",488,"K Dobkins"
"489",489,"W Bair"
"490",490,"A Ruppertsberg"
"491",491,"S Wuerger"
"492",492,"M Bertamini"
"493",493,"A Hsueh"
"494",494,"C Vitten"
"495",495,"L Kiorpes"
"496",496,"F Sezikeye"
"497",497,"R Gurnsey"
"498",498,"N Prins"
"499",499,"F Kingdom"
"500",500,"S Dang"
"501",501,"S Chung"
"502",502,"Z Li"
"503",503,"R Snowden"
"504",504,"M Conte"
"505",505,"H Bedell"
"506",506,"M Ramamurthy"
"507",507,"S Patel"
"508",508,"L Vu-Yu"
"509",509,"C Cantor"
"510",510,"C Schor"
"511",511,"M Chappell"
"512",512,"D Hardwick"
"513",513,"T Hine"
"514",514,"J Kelly"
"515",515,"T Cohn"
"516",516,"T Nguyen"
"517",517,"J Barton"
"518",518,"I Mareschal"
"519",519,"R Shapley"
"520",520,"S Sally"
"521",521,"K Mullen"
"522",522,"W Beaudot"
"523",523,"L Betts"
"524",524,"C Trevethan"
"525",525,"A Sahraie"
"526",526,"M Hoffmann"
"527",527,"S Straube"
"528",528,"M Bach"
"529",529,"Y Bonneh"
"530",530,"A Cooperman"
"531",531,"G Dagnelie"
"532",532,"V Yin"
"533",533,"D Hess"
"534",534,"L Yang"
"535",535,"A Girshick"
"536",536,"S Durant"
"537",537,"J Dale"
"538",538,"L Matin"
"539",539,"W Li"
"540",540,"A Nishimura"
"541",541,"K Yokosawa"
"542",542,"C Riener"
"543",543,"J Stefanucci"
"544",544,"G Clore"
"545",545,"D Simoni"
"546",546,"A Roggeveen"
"547",547,"A Kingstone"
"548",548,"J Enns"
"549",549,"N Kenner"
"550",550,"J Wolfe"
"551",551,"D Smilek"
"552",552,"M Dixon"
"553",553,"P Merikle"
"554",554,"M Peterson"
"555",555,"R Rauschenberger"
"556",556,"G Porter"
"557",557,"B Bacon"
"558",558,"C Vinette"
"559",559,"A Hollingworth"
"560",560,"H Intraub"
"561",561,"M Akers"
"562",562,"M Fiorito"
"563",563,"V Simoshina"
"564",564,"J Davenport"
"565",565,"S Chong"
"566",566,"A Treisman"
"567",567,"M McCotter"
"568",568,"S Guttman"
"569",569,"M Puts"
"570",570,"C Weert"
"571",571,"G Vloed"
"572",572,"A Csatho"
"573",573,"P Helm"
"574",574,"H Scholte"
"575",575,"J Jolij"
"576",576,"M Scheessele"
"577",577,"T Perez"
"578",578,"W Xu"
"579",579,"Z Shen"
"580",580,"C Li"
"581",581,"J Hulleman"
"582",582,"L Gedamke"
"583",583,"G Humphreys"
"584",584,"S Grossberg"
"585",585,"A Yazdanbakhsh"
"586",586,"M Bravo"
"587",587,"H Farid"
"588",588,"Z Liu"
"589",589,"H Lu"
"590",590,"I Davies"
"591",591,"E Ozgen"
"592",592,"M Pilling"
"593",593,"A Wiggett"
"594",594,"E Palmer"
"595",595,"C Zhou"
"596",596,"B Mel"
"597",597,"T Liu"
"598",598,"S Slotnick"
"599",599,"S Yantis"
"600",600,"B Gee"
"601",601,"W Merigan"
"602",602,"Z Hussain"
"603",603,"L Notman"
"604",604,"M Pavlovskaya"
"605",605,"O Rosenthal"
"606",606,"M Behrmann"
"607",607,"T Saffell"
"608",608,"N Matthews"
"609",609,"A Wilson"
"610",610,"G Bingham"
"611",611,"D Collins"
"612",612,"J Cant"
"613",613,"D Westwood"
"614",614,"K Valyear"
"615",615,"J Song"
"616",616,"M Hadjigeorgieva"
"617",617,"B Friedrich"
"618",618,"F Pollick"
"619",619,"E Huberle"
"620",620,"A Deubelius"
"621",621,"W Lutzenberger"
"622",622,"D Pelli"
"623",623,"M Martelli"
"624",624,"N Majaj"
"625",625,"T Berger"
"626",626,"S Lomber"
"627",627,"A Kopacz"
"628",628,"D Bennett"
"629",629,"E Cohen"
"630",630,"E Barenholtz"
"631",631,"M Singh"
"632",632,"J Feldman"
"633",633,"J Nagai"
"634",634,"A Panduranga"
"635",635,"R Hoag"
"636",636,"C Chapman"
"637",637,"D Giaschi"
"638",638,"L Bowns"
"639",639,"D Alais"
"640",640,"M Luca"
"641",641,"C Benton"
"642",642,"W Curran"
"643",643,"D Nichols"
"644",644,"H Hock"
"645",645,"A Ploeger"
"646",646,"G Schöner"
"647",647,"J Barraza"
"648",648,"N Grzywacz"
"649",649,"S Koyama"
"650",650,"Y Sasaki"
"651",651,"R Tootell"
"652",652,"N Wada"
"653",653,"M Grünau"
"654",654,"G Lacroix"
"655",655,"R Almeida"
"656",656,"N Segalowitz"
"657",657,"D Schluppeck"
"658",658,"S Engel"
"659",659,"G Mather"
"660",660,"A Daniell"
"661",661,"A Cobo-Lewis"
"662",662,"R Hetley"
"663",663,"E Blaser"
"664",664,"T Papathomas"
"665",665,"Z Vidnyanszky"
"666",666,"S Anker"
"667",667,"M Nardini"
"668",668,"U Bellugi"
"669",669,"F Rose"
"670",670,"Y Searcy"
"671",671,"N Bavar"
"672",672,"J Reiss"
"673",673,"J Hoffman"
"674",674,"B Landau"
"675",675,"T MacKay"
"676",676,"L Jakobson"
"677",677,"D Ellemberg"
"678",678,"T Lewis"
"679",679,"D Mauer"
"680",680,"O Casiro"
"681",681,"C Christman"
"682",682,"S Setterberg"
"683",683,"M Nawrot"
"684",684,"X Troncoso"
"685",685,"S Macknik"
"686",686,"S Martinez-Conde"
"687",687,"B Khang"
"688",688,"B Spehar"
"689",689,"C Ripamonti"
"690",690,"M Bloj"
"691",691,"R Hauck"
"692",692,"K Mitha"
"693",693,"D Brainard"
"694",694,"Y Mizokami"
"695",695,"M Simas"
"696",696,"N Santos"
"697",697,"G Rhodes"
"698",698,"L Jeffery"
"699",699,"T Watson"
"700",700,"R Russell"
"701",701,"D Goren"
"702",702,"R Adolphs"
"703",703,"P Heard"
"704",704,"D Roark"
"705",705,"B Knappmeyer"
"706",706,"Y Lee"
"707",707,"J Rivest"
"708",708,"C Simion"
"709",709,"M Wieth"
"710",710,"C Velde"
"711",711,"M Grunau"
"712",712,"C Galera"
"713",713,"D Ballard"
"714",714,"J Pelz"
"715",715,"R Canosa"
"716",716,"M Lipps"
"717",717,"J Babcock"
"718",718,"P Rao"
"719",719,"A Duchowski"
"720",720,"G Marmitt"
"721",721,"R Desai"
"722",722,"A Gramopadhye"
"723",723,"J Greenstein"
"724",724,"G Heckman"
"725",725,"A Shapiro"
"726",726,"A D'Antona"
"727",727,"F Long"
"728",728,"D Purves"
"729",729,"D Tolhurst"
"730",730,"K Amano"
"731",731,"D Foster"
"732",732,"R Goutcher"
"733",733,"P Mamassian"
"734",734,"M Lankheet"
"735",735,"J Beltman"
"736",736,"Z Zhang"
"737",737,"E Berends"
"738",738,"S Pas"
"739",739,"A Niese"
"740",740,"N Bullot"
"741",741,"J Droulez"
"742",742,"Z Pylyshyn"
"743",743,"M Fenske"
"744",744,"K Kessler"
"745",745,"J Raymond"
"746",746,"S Tipper"
"747",747,"J Fecteau"
"748",748,"C Clarke"
"749",749,"M Paradiso"
"750",750,"L Lanagan"
"751",751,"C Moore"
"752",752,"S Read"
"753",753,"S Ling"
"754",754,"G Liu"
"755",755,"E Austen"
"756",756,"M Rempel"
"757",757,"K Booth"
"758",758,"B Fisher"
"759",759,"R VanRullen"
"760",760,"C Koch"
"761",761,"L Reddy"
"762",762,"E Olds"
"763",763,"M Degani"
"764",764,"D Amso"
"765",765,"J Scott"
"766",766,"E Skow-Grant"
"767",767,"P Burton"
"768",768,"J DiMase"
"769",769,"S Mitroff"
"770",770,"K Wynn"
"771",771,"H Ogawa"
"772",772,"A Yagi"
"773",773,"S Tripathy"
"774",774,"U Polat"
"775",775,"A Bradley"
"776",776,"B Barrett"
"777",777,"I Pacey"
"778",778,"L Thibos"
"779",779,"P Morrill"
"780",780,"S Varadharajan"
"781",781,"J Foley"
"782",782,"S Mancini"
"783",783,"S Sukumar"
"784",784,"S Waugh"
"785",785,"P Laurinen"
"786",786,"L Olzak"
"787",787,"T Saarela"
"788",788,"C Abbey"
"789",789,"V Billock"
"790",790,"B Tsou"
"791",791,"Y Tani"
"792",792,"K Maruya"
"793",793,"T Sato"
"794",794,"K Johnston"
"795",795,"B Timney"
"796",796,"R Li"
"797",797,"C Habak"
"798",798,"F Wilkinson"
"799",799,"B Zakher"
"800",800,"R Peterson"
"801",801,"W McIlhagga"
"802",802,"R Barlow"
"803",803,"M Khan"
"804",804,"M Chirimuuta"
"805",805,"D Nadell"
"806",806,"B Zenger-Landolt"
"807",807,"F Poirier"
"808",808,"M Georgeson"
"809",809,"K May"
"810",810,"G Barbieri-Hesse"
"811",811,"V Kozyrev"
"812",812,"J Kremers"
"813",813,"S Cheung"
"814",814,"X Hu"
"815",815,"M Rucci"
"816",816,"O Parsons"
"817",817,"D Royal"
"818",818,"G Sáry"
"819",819,"J Schall"
"820",820,"A Przybyszewski"
"821",821,"S Hooser"
"822",822,"J Heimel"
"823",823,"S Nelson"
"824",824,"J Schummers"
"825",825,"M Sur"
"826",826,"H Bi"
"827",827,"B Zhang"
"828",828,"J Zheng"
"829",829,"I Maruko"
"830",830,"E Sakai"
"831",831,"E Smith"
"832",832,"Y Chino"
"833",833,"H Bridge"
"834",834,"S Clare"
"835",835,"P Jezzard"
"836",836,"P Matthews"
"837",837,"N McLoughlin"
"838",838,"I Schiessl"
"839",839,"J Mavity-Hudson"
"840",840,"B Knight"
"841",841,"R Siege"
"842",842,"J Duann"
"843",843,"T Jung"
"844",844,"J Tresilian"
"845",845,"C Fox"
"846",846,"M Lintal"
"847",847,"S Modesto"
"848",848,"A Owens"
"849",849,"D Semanek"
"850",850,"K Stockmeier"
"851",851,"H Horton"
"852",852,"J Steeves"
"853",853,"M Levine"
"854",854,"G Keith"
"855",855,"R Post"
"856",856,"R Welch"
"857",857,"R Cuijpers"
"858",858,"E Brenner"
"859",859,"J Smeets"
"860",860,"M Mon-Williams"
"861",861,"S Murphy"
"862",862,"P Hibbard"
"863",863,"J Lopez-Moliner"
"864",864,"A Khan"
"865",865,"Y Rossetti"
"866",866,"D McConnell"
"867",867,"C Vallee"
"868",868,"M Munevar"
"869",869,"R Lee"
"870",870,"H Ogmen"
"871",871,"K Camuz"
"872",872,"B Khurana"
"873",873,"K Watanabe"
"874",874,"R Nijhawan"
"875",875,"M Disch"
"876",876,"K Valois"
"877",877,"T Takeuchi"
"878",878,"S Watamaniuk"
"879",879,"A Tavassoli"
"880",880,"C Palmer"
"881",881,"J Wurfel"
"882",882,"P Thompson"
"883",883,"J Harrison"
"884",884,"R Rensink"
"885",885,"M Panne"
"886",886,"T Takeda"
"887",887,"B Dyre"
"888",888,"J McDevitt"
"889",889,"W Schaudt"
"890",890,"J Triplett"
"891",891,"H Nover"
"892",892,"T Curnow"
"893",893,"K Krug"
"894",894,"D Chelvanayagam"
"895",895,"D Zaksas"
"896",896,"T Pasternak"
"897",897,"P Christopher"
"898",898,"M Livingstone"
"899",899,"K Duffy"
"900",900,"R Born"
"901",901,"K Nelissen"
"902",902,"W Vanduffel"
"903",903,"W Beerendonk"
"904",904,"G Orban"
"905",905,"M Ibbotson"
"906",906,"N Price"
"907",907,"M Rizzo"
"908",908,"C Lamers"
"909",909,"N Skaar"
"910",910,"J Ramaekers"
"911",911,"J Schulte-Pelkum"
"912",912,"B Riecke"
"913",913,"M Heyde"
"914",914,"T Senoo"
"915",915,"S Roth"
"916",916,"M Black"
"917",917,"M Tarr"
"918",918,"S Hong"
"919",919,"T Agostini"
"920",920,"I Castellarin"
"921",921,"A Logvinenko"
"922",922,"A Soranzo"
"923",923,"D Zavagno"
"924",924,"V Annan"
"925",925,"B Blakeslee"
"926",926,"M McCourt"
"927",927,"Z Yang"
"928",928,"J Foxe"
"929",929,"V Ibanez"
"930",930,"M Seghier"
"931",931,"J Snyder"
"932",932,"H Dean"
"933",933,"M Platt"
"934",934,"J Simola"
"935",935,"I Kojo"
"936",936,"E Over"
"937",937,"C Erkelens"
"938",938,"J Porrill"
"939",939,"P Warren"
"940",940,"J Andre"
"941",941,"J Dunsmoor"
"942",942,"M Waite"
"943",943,"S Yang"
"944",944,"C Carello"
"945",945,"L Madelain"
"946",946,"M Fujita"
"947",947,"G Fowler"
"948",948,"E Wiewiora"
"949",949,"D Berg"
"950",950,"T Hashiyama"
"951",951,"T Lien"
"952",952,"U Rajashekar"
"953",953,"J Theeuwes"
"954",954,"R Godijn"
"955",955,"S Adler"
"956",956,"J Page"
"957",957,"M Crognale"
"958",958,"M Fry"
"959",959,"J Highsmith"
"960",960,"S Webster"
"961",961,"V Smith"
"962",962,"J Pokorny"
"963",963,"J Schirillo"
"964",964,"T Barra"
"965",965,"I Kuriki"
"966",966,"J Yang"
"967",967,"Q Wang"
"968",968,"D Richters"
"969",969,"R Eskew"
"970",970,"K Doerschner"
"971",971,"H Boyaci"
"972",972,"T Leng"
"973",973,"Z He"
"974",974,"S Li"
"975",975,"J Häkkinen"
"976",976,"B Mansouri"
"977",977,"R Hess"
"978",978,"H Allen"
"979",979,"S Sebbag"
"980",980,"S Dakin"
"981",981,"I Howard"
"982",982,"K Fukuda"
"983",983,"K Matsumiya"
"984",984,"H Kaneko"
"985",985,"S Shioiri"
"986",986,"H Yaguchi"
"987",987,"L Stelmach"
"988",988,"A Buckthought"
"989",989,"D Matza-Brown"
"990",990,"E Gheorghiu"
"991",991,"S Gepshtein"
"992",992,"J Fernandez"
"993",993,"C Luana"
"994",994,"B Giuseppe"
"995",995,"W Barnes"
"996",996,"S Malhotra"
"997",997,"B Payne"
"998",998,"E Woller"
"999",999,"R Tesla"
"1000",1000,"T McKeeff"
"1001",1001,"D Remus"
"1002",1002,"F Tong"
"1003",1003,"E Vaucher"
"1004",1004,"R Quirion"
"1005",1005,"F Laplante"
"1006",1006,"O Ben-Shahar"
"1007",1007,"S Zucker"
"1008",1008,"M Bendiksby"
"1009",1009,"M Albert"
"1010",1010,"D Stanley"
"1011",1011,"V Krishnan"
"1012",1012,"N Rubin"
"1013",1013,"J Todd"
"1014",1014,"H Matsuoka"
"1015",1015,"J McDermott"
"1016",1016,"Y Nagasaka"
"1017",1017,"K Hori"
"1018",1018,"Y Osada"
"1019",1019,"J Norman"
"1020",1020,"H Norman"
"1021",1021,"A Clayton"
"1022",1022,"T McBride"
"1023",1023,"D Wu"
"1024",1024,"H Awater"
"1025",1025,"M Lappe"
"1026",1026,"R Cai"
"1027",1027,"E Walter"
"1028",1028,"S Gilson"
"1029",1029,"A Fitzgibbon"
"1030",1030,"J Bakdash"
"1031",1031,"L Tcheang"
"1032",1032,"C Granrud"
"1033",1033,"M Granrud"
"1034",1034,"J Koc"
"1035",1035,"S Wright"
"1036",1036,"P Jaekl"
"1037",1037,"M Jenkin"
"1038",1038,"R Dyde"
"1039",1039,"D Morse"
"1040",1040,"J Rieser"
"1041",1041,"E Poljac"
"1042",1042,"N Ribeiro-Filho"
"1043",1043,"E Matsushima"
"1044",1044,"J Silva"
"1045",1045,"H Sedgwick"
"1046",1046,"C Leath"
"1047",1047,"L Thompson"
"1048",1048,"C Ellard"
"1049",1049,"K Moule"
"1050",1050,"J Wu"
"1051",1051,"B Wu"
"1052",1052,"Y Ho"
"1053",1053,"K Mahon"
"1054",1054,"J Kornmeier"
"1055",1055,"L Walker"
"1056",1056,"L Fournier"
"1057",1057,"R Patterson"
"1058",1058,"R Winters"
"1059",1059,"M Wiediger"
"1060",1060,"S Silla"
"1061",1061,"M Graf"
"1062",1062,"P Downing"
"1063",1063,"C Dodds"
"1064",1064,"A Chan"
"1065",1065,"O Turnbull"
"1066",1066,"S Georgieva"
"1067",1067,"R Pieters"
"1068",1068,"C Baker"
"1069",1069,"C Olson"
"1070",1070,"R Lalchandani"
"1071",1071,"F Loula"
"1072",1072,"S Allred"
"1073",1073,"J Skiver"
"1074",1074,"B Jagadeesh"
"1075",1075,"M Anes"
"1076",1076,"S Storbeck"
"1077",1077,"J Sadr"
"1078",1078,"G Kayaert"
"1079",1079,"R Vogels"
"1080",1080,"K Grill-Spector"
"1081",1081,"N Knouf"
"1082",1082,"N Kanwisher"
"1083",1083,"B Hansen"
"1084",1084,"E Essock"
"1085",1085,"C Howe"
"1086",1086,"D Schwartz"
"1087",1087,"K Gegenfurtner"
"1088",1088,"D Braun"
"1089",1089,"F Wichmann"
"1090",1090,"A Johnson"
"1091",1091,"K Stringer"
"1092",1092,"G Boynton"
"1093",1093,"J Hale"
"1094",1094,"E Hiris"
"1095",1095,"D Humphrey"
"1096",1096,"P McAleer"
"1097",1097,"C Fidopiastis"
"1098",1098,"V Braden"
"1099",1099,"E Hittle"
"1100",1100,"B Thompson"
"1101",1101,"V Bhagirath"
"1102",1102,"D Maurer"
"1103",1103,"M Edwards"
"1104",1104,"T Ledgeway"
"1105",1105,"N Syed"
"1106",1106,"L Gilroy"
"1107",1107,"A Raghunandan"
"1108",1108,"F Visco"
"1109",1109,"S Heinrich"
"1110",1110,"A Schilling"
"1111",1111,"W Simpson"
"1112",1112,"H Falkenberg"
"1113",1113,"V Manahilov"
"1114",1114,"I Murakami"
"1115",1115,"J Souman"
"1116",1116,"A Wertheim"
"1117",1117,"L Human"
"1118",1118,"B Sweet"
"1119",1119,"L Stone"
"1120",1120,"M McBeath"
"1121",1121,"T Sugar"
"1122",1122,"M Thompson"
"1123",1123,"K Mundhra"
"1124",1124,"H Choi"
"1125",1125,"G Maimon"
"1126",1126,"J Assad"
"1127",1127,"A Lyn"
"1128",1128,"M Flanagan"
"1129",1129,"J May"
"1130",1130,"T Dobie"
"1131",1131,"M Kitazaki"
"1132",1132,"I Kurose"
"1133",1133,"R Tyrrell"
"1134",1134,"J Wood"
"1135",1135,"T Carberry"
"1136",1136,"T Faulks"
"1137",1137,"K Jones"
"1138",1138,"R Wilkie"
"1139",1139,"J Wann"
"1140",1140,"K Macuga"
"1141",1141,"R Wang"
"1142",1142,"A Chouchourelou"
"1143",1143,"R David"
"1144",1144,"L Fox"
"1145",1145,"F Durgin"
"1146",1146,"K Turano"
"1147",1147,"J Eisinger"
"1148",1148,"H Lei"
"1149",1149,"S Chaudhury"
"1150",1150,"M Puhakka"
"1151",1151,"J Laarni"
"1152",1152,"M Milders"
"1153",1153,"M Niedeggen"
"1154",1154,"D Barrett"
"1155",1155,"D Rose"
"1156",1156,"S Liu"
"1157",1157,"N Blair"
"1158",1158,"A Muhlenen"
"1159",1159,"J Brockmole"
"1160",1160,"W Boot"
"1161",1161,"D Simons"
"1162",1162,"J Palix"
"1163",1163,"V Ibañez"
"1164",1164,"C Hauert"
"1165",1165,"S Most"
"1166",1166,"D Widders"
"1167",1167,"T Menneer"
"1168",1168,"L Phillips"
"1169",1169,"N Donnelly"
"1170",1170,"K Cave"
"1171",1171,"J Gobell"
"1172",1172,"C Tseng"
"1173",1173,"L Lanyon"
"1174",1174,"S Denham"
"1175",1175,"S Franconeri"
"1176",1176,"A Belopolsky"
"1177",1177,"A Kramer"
"1178",1178,"P Wilken"
"1179",1179,"A Lleras"
"1180",1180,"R Epstein"
"1181",1181,"N Hon"
"1182",1182,"J Duncan"
"1183",1183,"J Dennis"
"1184",1184,"A Kushnier"
"1185",1185,"C Leonard"
"1186",1186,"B Keane"
"1187",1187,"M Suganuma"
"1188",1188,"K vanMarle"
"1189",1189,"D Varakin"
"1190",1190,"D Levin"
"1191",1191,"H Orbach"
"1192",1192,"R Henderson"
"1193",1193,"S Pardhan"
"1194",1194,"K Tiippana"
"1195",1195,"R Nasanen"
"1196",1196,"M Bhudia"
"1197",1197,"F Fei"
"1198",1198,"H Buttle"
"1199",1199,"C Ball"
"1200",1200,"J Zhang"
"1201",1201,"D Fernandez-Duque"
"1202",1202,"S Black"
"1203",1203,"J Jacobson"
"1204",1204,"R Sayres"
"1205",1205,"F Fang"
"1206",1206,"F Moradi"
"1207",1207,"G Francis"
"1208",1208,"W Schoonveld"
"1209",1209,"L Kouhsari"
"1210",1210,"R Rajimehr"
"1211",1211,"A Bilson"
"1212",1212,"S Moore"
"1213",1213,"D Tweed"
"1214",1214,"R Menon"
"1215",1215,"L MacKinnon"
"1216",1216,"R Gray"
"1217",1217,"D Regan"
"1218",1218,"B Goolsby"
"1219",1219,"C Becker"
"1220",1220,"G Vavrek"
"1221",1221,"I Bickler"
"1222",1222,"B Stephens"
"1223",1223,"J Dannemiller"
"1224",1224,"J Diebel"
"1225",1225,"M Katkov"
"1226",1226,"F Phillips"
"1227",1227,"L Thaler"
"1228",1228,"V Interrante"
"1229",1229,"S Kim"
"1230",1230,"H Hagh-Shenas"
"1231",1231,"D McGill"
"1232",1232,"I Motoyoshi"
"1233",1233,"S Wolfson"
"1234",1234,"N Graham"
"1235",1235,"M Harasawa"
"1236",1236,"F Pei"
"1237",1237,"C Hou"
"1238",1238,"J Calvert"
"1239",1239,"N Witthoft"
"1240",1240,"T Palmeri"
"1241",1241,"W Whetsell"
"1242",1242,"E Hubbard"
"1243",1243,"V Ramachandran"
"1244",1244,"A Ipata"
"1245",1245,"B Krishna"
"1246",1246,"J Bisley"
"1247",1247,"M Goldberg"
"1248",1248,"E McSorley"
"1249",1249,"J Findlay"
"1250",1250,"R Sireteanu"
"1251",1251,"I Bachert"
"1252",1252,"H Planert"
"1253",1253,"S Pröhl"
"1254",1254,"A Panagopoulos"
"1255",1255,"S Oh"
"1256",1256,"M Kim"
"1257",1257,"R Rosenholtz"
"1258",1258,"M Becker"
"1259",1259,"H Pashler"
"1260",1260,"E Davis"
"1261",1261,"T Shikano"
"1262",1262,"S Peterson"
"1263",1263,"R Michel"
"1264",1264,"H Mendoza"
"1265",1265,"P Schiller"
"1266",1266,"C Carvey"
"1267",1267,"J Kendall"
"1268",1268,"W Slocum"
"1269",1269,"C Fermuller"
"1270",1270,"C Beauce"
"1271",1271,"L Hunter"
"1272",1272,"H Jenkin"
"1273",1273,"J Zacher"
"1274",1274,"R Behizadeh"
"1275",1275,"C Gottesman"
"1276",1276,"T Sanocki"
"1277",1277,"K Michelet"
"1278",1278,"E Sellers"
"1279",1279,"J New"
"1280",1280,"L Loschky"
"1281",1281,"C Feria"
"1282",1282,"J Eklundh"
"1283",1283,"M Bjorkman"
"1284",1284,"E Hayman"
"1285",1285,"L Velisavljevic"
"1286",1286,"Z Bian"
"1287",1287,"C O'Donnell"
"1288",1288,"S Langton"
"1289",1289,"S Gabree"
"1290",1290,"S Saylor"
"1291",1291,"C Chen"
"1292",1292,"H Strasburger"
"1293",1293,"L Barghout"
"1294",1294,"S Palmer"
"1295",1295,"R Nogueira"
"1296",1296,"L Spillmann"
"1297",1297,"B Pinna"
"1298",1298,"F Stürzel"
"1299",1299,"J Werner"
"1300",1300,"E Shubel"
"1301",1301,"Y Wang"
"1302",1302,"J Xing"
"1303",1303,"J Tse"
"1304",1304,"P Gerhardstein"
"1305",1305,"F Carlo"
"1306",1306,"G Walter"
"1307",1307,"M Greene"
"1308",1308,"A Koning"
"1309",1309,"R Lier"
"1310",1310,"F Krieger"
"1311",1311,"M Palomares"
"1312",1312,"H Egeth"
"1313",1313,"C Rasche"
"1314",1314,"D Poggel"
"1315",1315,"E Mueller-Oehring"
"1316",1316,"J Gothe"
"1317",1317,"S Kenkel"
"1318",1318,"E Kasten"
"1319",1319,"B Sabel"
"1320",1320,"A Petrov"
"1321",1321,"L Welch"
"1322",1322,"Y Boachie"
"1323",1323,"N Dupuis-Roy"
"1324",1324,"J Bouvrie"
"1325",1325,"P Zaenen"
"1326",1326,"B Willems"
"1327",1327,"J Wagemans"
"1328",1328,"A Copeland"
"1329",1329,"M Wenger"
"1330",1330,"D Silverman"
"1331",1331,"H Bruggeman"
"1332",1332,"C Eid"
"1333",1333,"H Pick"
"1334",1334,"F Zhou"
"1335",1335,"M Kahana"
"1336",1336,"R Sekuler"
"1337",1337,"W Zhang"
"1338",1338,"L Vandenbeld"
"1339",1339,"Y Yotsumoto"
"1340",1340,"K Morikawa"
"1341",1341,"M Harwood"
"1342",1342,"J Wallman"
"1343",1343,"J DeSouza"
"1344",1344,"S Iversen"
"1345",1345,"S Everling"
"1346",1346,"H Li"
"1347",1347,"J Yoon"
"1348",1348,"S Heidenreich"
"1349",1349,"L Gottlob"
"1350",1350,"S Johnson"
"1351",1351,"J Slemmer"
"1352",1352,"S Prime"
"1353",1353,"M Niemeier"
"1354",1354,"X Yan"
"1355",1355,"T Maeda"
"1356",1356,"H Ando"
"1357",1357,"M Sugimoto"
"1358",1358,"J Mccarley"
"1359",1359,"A Colcombe"
"1360",1360,"R McPeek"
"1361",1361,"E Keller"
"1362",1362,"J Watanabe"
"1363",1363,"S Tachi"
"1364",1364,"L Boucher"
"1365",1365,"R Fendrich"
"1366",1366,"H Hughes"
"1367",1367,"B Sheliga"
"1368",1368,"F Miles"
"1369",1369,"T Young"
"1370",1370,"A Nagy"
"1371",1371,"K Neriani"
"1372",1372,"E Ortega"
"1373",1373,"K Wolf"
"1374",1374,"S Shady"
"1375",1375,"S Mitten"
"1376",1376,"J Liang"
"1377",1377,"D Kiper"
"1378",1378,"M Mandelli"
"1379",1379,"K Cardinal"
"1380",1380,"D Lindsey"
"1381",1381,"A Brown"
"1382",1382,"L Wu"
"1383",1383,"L Boroditsky"
"1384",1384,"J Palmer"
"1385",1385,"T Yoshida"
"1386",1386,"H Ashida"
"1387",1387,"N Osaka"
"1388",1388,"M Nieuwenstein"
"1389",1389,"R Lubbe"
"1390",1390,"P Jolicoeur"
"1391",1391,"B Stevanovski"
"1392",1392,"J Saiki"
"1393",1393,"M Carter"
"1394",1394,"V Brown"
"1395",1395,"B Breitmeyer"
"1396",1396,"P Havig"
"1397",1397,"L Stierman"
"1398",1398,"J Lee"
"1399",1399,"S Park"
"1400",1400,"E Richards"
"1401",1401,"K Sifrit"
"1402",1402,"A Chaparro"
"1403",1403,"L Stumpfhauser"
"1404",1404,"R Sheffield"
"1405",1405,"S Vecera"
"1406",1406,"N Rogers"
"1407",1407,"M Rogers"
"1408",1408,"J Orprecio"
"1409",1409,"K Shapiro"
"1410",1410,"F Garrad-Cole"
"1411",1411,"M Saenz"
"1412",1412,"J Kawahara"
"1413",1413,"V Lollo"
"1414",1414,"M Beck"
"1415",1415,"L Huang"
"1416",1416,"Y Chiba"
"1417",1417,"D Crewther"
"1418",1418,"J Rutkowski"
"1419",1419,"S Crewther"
"1420",1420,"J Mounts"
"1421",1421,"J Li"
"1422",1422,"S Yeh"
"1423",1423,"C Gilbert"
"1424",1424,"T Kimura"
"1425",1425,"T Miura"
"1426",1426,"S Doi"
"1427",1427,"Y Yamamoto"
"1428",1428,"V Ciaramitaro"
"1429",1429,"P Glimcher"
"1430",1430,"K Matsubara"
"1431",1431,"M Nakazawa"
"1432",1432,"T Hama"
"1433",1433,"Y Cho"
"1434",1434,"M Lawson"
"1435",1435,"B Booth"
"1436",1436,"K Burns"
"1437",1437,"M Fuller"
"1438",1438,"G Labropoulos"
"1439",1439,"S Thorneycroft"
"1440",1440,"J Bhattacharya"
"1441",1441,"J Wilmer"
"1442",1442,"W Chu"
"1443",1443,"C Cavina"
"1444",1444,"B Emanuela"
"1445",1445,"C Marzi"
"1446",1446,"R Niimi"
"1447",1447,"Y Miyawaki"
"1448",1448,"M Okada"
"1449",1449,"W Makous"
"1450",1450,"S Rainville"
"1451",1451,"B Chen"
"1452",1452,"I Lee"
"1453",1453,"D Santella"
"1454",1454,"T Macuda"
"1455",1455,"M Meng"
"1456",1456,"B Frost"
"1457",1457,"H Chang"
"1458",1458,"T Wit"
"1459",1459,"X Meng"
"1460",1460,"M Large"
"1461",1461,"P McMullen"
"1462",1462,"A Flevaris"
"1463",1463,"J Filapek"
"1464",1464,"R Nelson"
"1465",1465,"R Shani"
"1466",1466,"R Kimchi"
"1467",1467,"I Razpurker-Apfeld"
"1468",1468,"J McAnany"
"1469",1469,"A Seiffert"
"1470",1470,"J Newton"
"1471",1471,"C Ellsworth"
"1472",1472,"T Miyakawa"
"1473",1473,"S Tonegawa"
"1474",1474,"F Roehrbein"
"1475",1475,"G Meyer"
"1476",1476,"M Hofbauer"
"1477",1477,"K Schill"
"1478",1478,"M Kobayashi"
"1479",1479,"G Geiger"
"1480",1480,"T Ezzat"
"1481",1481,"T Poggio"
"1482",1482,"C Chee-Ruiter"
"1483",1483,"P Neil"
"1484",1484,"C Scheier"
"1485",1485,"D Lewkowicz"
"1486",1486,"A Barutchu"
"1487",1487,"A Paolini"
"1488",1488,"B Sheth"
"1489",1489,"H Kim"
"1490",1490,"B Pasieka"
"1491",1491,"J Lianekhammy"
"1492",1492,"G Zielke"
"1493",1493,"C Levitan"
"1494",1494,"M Young"
"1495",1495,"A Straw"
"1496",1496,"D O'Carroll"
"1497",1497,"N Scott-Samuel"
"1498",1498,"L Bukowski"
"1499",1499,"A Huisman"
"1500",1500,"M Rivera"
"1501",1501,"M Meyer"
"1502",1502,"H Paterson"
"1503",1503,"S Kamiya"
"1504",1504,"K Claeys"
"1505",1505,"E Schutter"
"1506",1506,"P Hecke"
"1507",1507,"E Graf"
"1508",1508,"A Saidpour"
"1509",1509,"G Loffler"
"1510",1510,"G Kennedy"
"1511",1511,"G Gordon"
"1512",1512,"J Berzhanskaya"
"1513",1513,"E Mingolla"
"1514",1514,"M Lages"
"1515",1515,"A Dolia"
"1516",1516,"J Hegde'"
"1517",1517,"R Sieffert"
"1518",1518,"D Quinlan"
"1519",1519,"J Wallace"
"1520",1520,"M Su"
"1521",1521,"M Aguayo"
"1522",1522,"F Thorn"
"1523",1523,"S Thorn"
"1524",1524,"J He"
"1525",1525,"F Florer"
"1526",1526,"T Thompson"
"1527",1527,"C Jadeja"
"1528",1528,"A Wong"
"1529",1529,"J Brooks"
"1530",1530,"J Owens"
"1531",1531,"N Schwartz"
"1532",1532,"K James"
"1533",1533,"S Roy"
"1534",1534,"Y Liang"
"1535",1535,"E Fine"
"1536",1536,"A Ortiz"
"1537",1537,"L Scharff"
"1538",1538,"A Ahumada"
"1539",1539,"M Jackson"
"1540",1540,"K Borrmann"
"1541",1541,"A Chaudhuri"
"1542",1542,"E McCabe"
"1543",1543,"M Arguin"
"1544",1544,"K Pilz"
"1545",1545,"K Curby"
"1546",1546,"C Paras"
"1547",1547,"J Yamashita"
"1548",1548,"J Peissig"
"1549",1549,"M Harrison"
"1550",1550,"C Gaspar"
"1551",1551,"J Husk"
"1552",1552,"I Bülthoff"
"1553",1553,"F Newell"
"1554",1554,"J Psychology"
"1555",1555,"M Moscovitch"
"1556",1556,"M Cadieux"
"1557",1557,"R Grand"
"1558",1558,"C Mondloch"
"1559",1559,"N Sagiv"
"1560",1560,"B Gelder"
"1561",1561,"A Harris"
"1562",1562,"A Andalman"
"1563",1563,"I Jentzsch"
"1564",1564,"A Ward"
"1565",1565,"Y Cheng"
"1566",1566,"M Honma"
"1567",1567,"X Yue"
"1568",1568,"A Schwaninger"
"1569",1569,"C Wallraven"
"1570",1570,"S Schuhmacher"
"1571",1571,"H Buelthoff"
"1572",1572,"T Vickery"
"1573",1573,"Y Zhu"
"1574",1574,"F Cutu"
"1575",1575,"W Adams"
"1576",1576,"A Li"
"1577",1577,"Q Zaidi"
"1578",1578,"P Rosas"
"1579",1579,"L Hecht"
"1580",1580,"M Ichikawa"
"1581",1581,"A Yonas"
"1582",1582,"A Alexander"
"1583",1583,"J Jacques"
"1584",1584,"J Burge"
"1585",1585,"F Griffiths"
"1586",1586,"A Welchman"
"1587",1587,"S Maier"
"1588",1588,"L Wilcox"
"1589",1589,"R Wildes"
"1590",1590,"D Lakra"
"1591",1591,"Y Sakano"
"1592",1592,"L Jimenez-Ortega"
"1593",1593,"D Kakehi"
"1594",1594,"K Brooks"
"1595",1595,"H Zhong"
"1596",1596,"V Tuck"
"1597",1597,"E Gamphe"
"1598",1598,"P Gamlin"
"1599",1599,"J Brown"
"1600",1600,"J Solberg"
"1601",1601,"F Pestilli"
"1602",1602,"H Tse"
"1603",1603,"C Posner"
"1604",1604,"A Rezec"
"1605",1605,"A Vecchio"
"1606",1606,"Y Hibi"
"1607",1607,"S Cook"
"1608",1608,"A Reeves"
"1609",1609,"H Fuller"
"1610",1610,"S Jeon"
