"","id","label"
"1",1,"T Schubert"
"2",2,"A Holcombe"
"3",3,"K Grill-Spector"
"4",4,"K James"
"5",5,"S Vinci-Booher"
"6",6,"I Fiebelkorn"
"7",7,"J Hays"
"8",8,"F Soto"
"9",9,"I Wiegand"
"10",10,"M Dye"
"11",11,"B He"
"12",12,"D Mendoza-Halliday"
"13",13,"V McGinty"
"14",14,"T Panagiotaropoulos"
"15",15,"H Lau"
"16",16,"M Bar"
"17",17,"C Horner"
"18",18,"J Schroeder"
"19",19,"S Mitroff"
"20",20,"M Cain"
"21",21,"M Herzog"
"22",22,"L Daoudi"
"23",23,"H Ögmen"
"24",24,"G Cicchini"
"25",25,"Z Wang"
"26",26,"Y Murai"
"27",27,"D Whitney"
"28",28,"J Morales"
"29",29,"C Firestone"
"30",30,"A Bebko"
"31",31,"N Troje"
"32",32,"D Lindh"
"33",33,"I Sligte"
"34",34,"K Shapiro"
"35",35,"I Charest"
"36",36,"L Kwakye"
"37",37,"V Fisher"
"38",38,"M Jackson"
"39",39,"O Jung-Beeman"
"40",40,"P Huang"
"41",41,"Y Chen"
"42",42,"K Wakamatsu"
"43",43,"M Proulx"
"44",44,"S Nakauchi"
"45",45,"W Ho"
"46",46,"S Chien"
"47",47,"C Tsai"
"48",48,"H Lane"
"49",49,"M Stantic"
"50",50,"M Cohen"
"51",51,"G Alvarez"
"52",52,"A Stumps"
"53",53,"E Saad"
"54",54,"E Lee"
"55",55,"J Arizpe"
"56",56,"J DeGutis"
"57",57,"C Boomen"
"58",58,"J Fahrenfort"
"59",59,"T Snijders"
"60",60,"C Kemner"
"61",61,"S Binnani"
"62",62,"T Desai"
"63",63,"G Cottrell"
"64",64,"N Haddara"
"65",65,"D Rahnev"
"66",66,"E Palmer"
"67",67,"E Amiri"
"68",68,"P Sha"
"69",69,"S Yu"
"70",70,"G Anderson"
"71",71,"G Lee"
"72",72,"P Zhang"
"73",73,"Y Zhao"
"74",74,"B Dosher"
"75",75,"Z Lu"
"76",76,"S Holloway"
"77",77,"J Náñez"
"78",78,"M McBeath"
"79",79,"A Babu"
"80",80,"P Scotti"
"81",81,"J Golomb"
"82",82,"O Cha"
"83",83,"R Blake"
"84",84,"I Gauthier"
"85",85,"S Ling"
"86",86,"A Lee"
"87",87,"B Armstrong"
"88",88,"A Nestor"
"89",89,"S Pierre"
"90",90,"M Arguin"
"91",91,"T Ghose"
"92",92,"A Mukherjee"
"93",93,"D Abdallah"
"94",94,"J Brooks"
"95",95,"D Perez"
"96",96,"M Peterson"
"97",97,"H Kinjo"
"98",98,"J Fooken"
"99",99,"M Spering"
"100",100,"M Pratte"
"101",101,"M Green"
"102",102,"G Aguirre"
"103",103,"R Datta"
"104",104,"M Chen"
"105",105,"K Cloud"
"106",106,"J Morgan"
"107",107,"Y He"
"108",108,"J Toft-Nielsen"
"109",109,"S Sun"
"110",110,"A Roy"
"111",111,"A Caspi"
"112",112,"S Montezuma"
"113",113,"A Barbot"
"114",114,"J Abrams"
"115",115,"M Carrasco"
"116",116,"A Hernandez-Garcia"
"117",117,"W Zuiderbaan"
"118",118,"A Edadan"
"119",119,"S Dumoulin"
"120",120,"P König"
"121",121,"D Arnold"
"122",122,"E Moses"
"123",123,"M Goodale"
"124",124,"C Moore"
"125",125,"S He"
"126",126,"J Mordkoff"
"127",127,"E Robbins"
"128",128,"A Collegio"
"129",129,"J Nah"
"130",130,"D Dubbelde"
"131",131,"S Shomstein"
"132",132,"J Lee"
"133",133,"S Chong"
"134",134,"M Otero"
"135",135,"P Prado"
"136",136,"A Weinstein"
"137",137,"M Escobar"
"138",138,"W El-Deredy"
"139",139,"S Chota"
"140",140,"P Marque"
"141",141,"R VanRullen"
"142",142,"J Bai"
"143",143,"W Warren"
"144",144,"N Gaspelin"
"145",145,"T Talcott"
"146",146,"S Luck"
"147",147,"B Bankson"
"148",148,"M Ward"
"149",149,"R Richardson"
"150",150,"A Ghuman"
"151",151,"N Xiao"
"152",152,"L Emberson"
"153",153,"A Dollman"
"154",154,"M Solms"
"155",155,"W Chen"
"156",156,"O Cheung"
"157",157,"H Tiedemann"
"158",158,"Y Morgenstern"
"159",159,"F Schmidt"
"160",160,"R Fleming"
"161",161,"R Reeder"
"162",162,"J Salge"
"163",163,"K Ramakrishnan"
"164",164,"Y Mohsenzadeh"
"165",165,"M Monfort"
"166",166,"A Oliva"
"167",167,"J Brascamp"
"168",168,"A McGowan"
"169",169,"M Pontifex"
"170",170,"D Tso"
"171",171,"R Miller"
"172",172,"B Carlson"
"173",173,"M Cox"
"174",174,"K Dogherty"
"175",175,"A Maier"
"176",176,"M Agaoglu"
"177",177,"D Wodecki"
"178",178,"S Chung"
"179",179,"M Lev"
"180",180,"J Ding"
"181",181,"U Polat"
"182",182,"D Levi"
"183",183,"Y Yeshurun"
"184",184,"S Tkacz-Domb"
"185",185,"D Wu"
"186",186,"T Suegami"
"187",187,"S Shimojo"
"188",188,"E Goddard"
"189",189,"K Mullen"
"190",190,"D Sutterer"
"191",191,"A Coia"
"192",192,"V Sun"
"193",193,"S Shevell"
"194",194,"E Awh"
"195",195,"J Hoopes"
"196",196,"P Cisarik"
"197",197,"Y Shirai"
"198",198,"M Shehata"
"199",199,"H Schill"
"200",200,"J Wolfe"
"201",201,"T Brady"
"202",202,"Y Ding"
"203",203,"A Sahakian"
"204",204,"C Paffen"
"205",205,"M Naber"
"206",206,"S Stigchel"
"207",207,"A Heuer"
"208",208,"M Rolfs"
"209",209,"P Pytel"
"210",210,"E Ester"
"211",211,"M Schut"
"212",212,"R Somai"
"213",213,"E Yucel"
"214",214,"N Benson"
"215",215,"Y Tong"
"216",216,"B Frederick"
"217",217,"I Fine"
"218",218,"A Rokem"
"219",219,"K Meier"
"220",220,"K Tarczy-Hornoch"
"221",221,"G Boynton"
"222",222,"N Gronau"
"223",223,"R Avital-Cohen"
"224",224,"M Schurgin"
"225",225,"J Wixted"
"226",226,"R Schweitzer"
"227",227,"Z Chen"
"228",228,"P Yang"
"229",229,"J Chen"
"230",230,"Z Zhao"
"231",231,"G Merli"
"232",232,"M Rucci"
"233",233,"J Ouerfelli-Ethier"
"234",234,"A Khan"
"235",235,"L Pisella"
"236",236,"A Das"
"237",237,"R Walshe"
"238",238,"W Geisler"
"239",239,"E Seemiller"
"240",240,"M Henderson"
"241",241,"R Rademaker"
"242",242,"J Serences"
"243",243,"X Liu"
"244",244,"J Tanaka"
"245",245,"H Wiese"
"246",246,"S Tüttenberg"
"247",247,"M Burton"
"248",248,"A Young"
"249",249,"N Baker"
"250",250,"P Kellman"
"251",251,"A Cretenoud"
"252",252,"S Kim"
"253",253,"D Burr"
"254",254,"D Alais"
"255",255,"S Kishigami"
"256",256,"Y Taniyama"
"257",257,"T Minami"
"258",258,"C Damiano"
"259",259,"D Walther"
"260",260,"W Cunningham"
"261",261,"Y Nihei"
"262",262,"L Huszar"
"263",263,"J Song"
"264",264,"H Sun"
"265",265,"P Bennett"
"266",266,"A Sekuler"
"267",267,"M Michl"
"268",268,"W Einhäuser"
"269",269,"Y Guo"
"270",270,"N Yao"
"271",271,"Y Liu"
"272",272,"Z Gao"
"273",273,"M Shen"
"274",274,"R Shui"
"275",275,"S Hung"
"276",276,"S Casteau"
"277",277,"C Bush"
"278",278,"M Chalkley"
"279",279,"N Rogerson"
"280",280,"D Smith"
"281",281,"S Jo"
"282",282,"S Han"
"283",283,"P Little"
"284",284,"L Zhou"
"285",285,"Z Zhen"
"286",286,"J Liu"
"287",287,"K Zhou"
"288",288,"X Zhang"
"289",289,"W Zheng"
"290",290,"X Yuan"
"291",291,"A Deng"
"292",292,"E Cesanek"
"293",293,"F Domini"
"294",294,"S Sharma"
"295",295,"K Nelissen"
"296",296,"M Broda"
"297",297,"D Voudouris"
"298",298,"K Fiehler"
"299",299,"B Lahner"
"300",300,"C Mullin"
"301",301,"R Cichy"
"302",302,"J Ritchie"
"303",303,"J Bosmans"
"304",304,"K Verhaegen"
"305",305,"A Zeman"
"306",306,"H Beeck"
"307",307,"M Bonner"
"308",308,"R Epstein"
"309",309,"E Sanford"
"310",310,"J Halberda"
"311",311,"H Hansen"
"312",312,"Z Saygin"
"313",313,"A Higginbotham"
"314",314,"F Norman"
"315",315,"N Coletta"
"316",316,"C Nabb"
"317",317,"S Petrill"
"318",318,"V Labhishetty"
"319",319,"A Gibaldi"
"320",320,"L Thibos"
"321",321,"M Banks"
"322",322,"Y Gao"
"323",323,"F Jiang"
"324",324,"M Webster"
"325",325,"Z Isherwood"
"326",326,"C Clifford"
"327",327,"M Schira"
"328",328,"B Spehar"
"329",329,"D Seibert"
"330",330,"N Majaj"
"331",331,"J Movshon"
"332",332,"L Kiorpes"
"333",333,"C Kim"
"334",334,"D Uemura"
"335",335,"S Katayama"
"336",336,"K Yokoi"
"337",337,"A Ries"
"338",338,"D Slayback"
"339",339,"E Fulbright"
"340",340,"M Sligh"
"341",341,"K Gorman"
"342",342,"J Touryan"
"343",343,"N Khayat"
"344",344,"S Hochstein"
"345",345,"M Rezanejad"
"346",346,"G Downs"
"347",347,"J Wilder"
"348",348,"A Jepson"
"349",349,"S Dickinson"
"350",350,"K Siddiqi"
"351",351,"J Mendola"
"352",352,"E Bock"
"353",353,"J Fesi"
"354",354,"S Baillet"
"355",355,"F Wick"
"356",356,"G Kreiman"
"357",357,"R Nanjappa"
"358",358,"R McPeek"
"359",359,"P Muhle-Karbe"
"360",360,"N Myers"
"361",361,"M Stokes"
"362",362,"I Pepperberg"
"363",363,"M Libertus"
"364",364,"L Feigenson"
"365",365,"H Pailian"
"366",366,"T Bajo"
"367",367,"M Manassi"
"368",368,"C Gerlach"
"369",369,"R Hendel"
"370",370,"R Starrfelt"
"371",371,"N Yang"
"372",372,"C Kung"
"373",373,"C Chu"
"374",374,"S Laurence"
"375",375,"N Ralph"
"376",376,"E Carvalho"
"377",377,"V Proietti"
"378",378,"C Mondloch"
"379",379,"F Bonetti"
"380",380,"C Chiandetti"
"381",381,"D Pascucci"
"382",382,"M Turatto"
"383",383,"M MacLean"
"384",384,"A Boone"
"385",385,"T Bullock"
"386",386,"T Santander"
"387",387,"J Raymer"
"388",388,"L Jimmons"
"389",389,"A Stuber"
"390",390,"G Okafor"
"391",391,"S Grafton"
"392",392,"M Miller"
"393",393,"B Giesbrecht"
"394",394,"J Lewis"
"395",395,"M Neider"
"396",396,"E Dunn-Weiss"
"397",397,"K Nielsen"
"398",398,"M Shekhar"
"399",399,"T Barnes-Diana"
"400",400,"Y Sasaki"
"401",401,"T Watanabe"
"402",402,"H Greene"
"403",403,"J Brown"
"404",404,"G Strauss"
"405",405,"R Kothari"
"406",406,"Z Yang"
"407",407,"C Kanan"
"408",408,"J Pelz"
"409",409,"R Bailey"
"410",410,"G Diaz"
"411",411,"N Bowers"
"412",412,"J Intoy"
"413",413,"M Poletti"
"414",414,"Z Bylinskii"
"415",415,"A Newman"
"416",416,"M Tancik"
"417",417,"S Madan"
"418",418,"F Durand"
"419",419,"M Tymoski"
"420",420,"J Witt"
"421",421,"T Carther-Krone"
"422",422,"J Lawrence-Dewar"
"423",423,"J Marotta"
"424",424,"T Vestner"
"425",425,"J Flavell"
"426",426,"R Cook"
"427",427,"S Tipper"
"428",428,"A Sachdeva"
"429",429,"M Mildort"
"430",430,"G Anzures"
"431",431,"N Taubert"
"432",432,"M Stettler"
"433",433,"L Sting"
"434",434,"R Siebert"
"435",435,"S Spadacenta"
"436",436,"P Dicke"
"437",437,"H Thier"
"438",438,"M Giese"
"439",439,"A Baker"
"440",440,"G Rose"
"441",441,"E Burns"
"442",442,"C Bukach"
"443",443,"J Mentch"
"444",444,"C Robertson"
"445",445,"Y Wang"
"446",446,"W Wen"
"447",447,"H Liu"
"448",448,"A Moshkovitz"
"449",449,"I Ziv"
"450",450,"E Josephs"
"451",451,"T Konkle"
"452",452,"A Juliani"
"453",453,"J Yaconelli"
"454",454,"M Sereno"
"455",455,"S Billups"
"456",456,"A Burchell"
"457",457,"E Gillham"
"458",458,"M Smith"
"459",459,"F Durgin"
"460",460,"T Nakamura"
"461",461,"S Lavrenteva"
"462",462,"I Murakami"
"463",463,"W Hohaia"
"464",464,"A Johnston"
"465",465,"K Yarrow"
"466",466,"M Menceloglu"
"467",467,"M Grabowecky"
"468",468,"S Suzuki"
"469",469,"J Awad"
"470",470,"W Park"
"471",471,"A Shapiro"
"472",472,"A Rose-Henig"
"473",473,"C Liu"
"474",474,"c Qian"
"475",475,"Z Zhang"
"476",476,"Y Zhuo"
"477",477,"D Richter"
"478",478,"F Lange"
"479",479,"L Kliger"
"480",480,"G Yovel"
"481",481,"R Robotham"
"482",482,"S Kerry"
"483",483,"G Rice"
"484",484,"M Ralph"
"485",485,"A Leff"
"486",486,"M Lowe"
"487",487,"S Teng"
"488",488,"K Vilankar"
"489",489,"H Xiang"
"490",490,"K Ehinger"
"491",491,"W Adams"
"492",492,"E Graf"
"493",493,"J Elder"
"494",494,"N Wong"
"495",495,"D Chang"
"496",496,"M Morita"
"497",497,"Y Fujii"
"498",498,"T Sato"
"499",499,"J Matthis"
"500",500,"K Muller"
"501",501,"M Hayhoe"
"502",502,"J Saunders"
"503",503,"A Mienaltowski"
"504",504,"A Minton"
"505",505,"C Rogers"
"506",506,"J Norman"
"507",507,"Y Kuo"
"508",508,"G Shyi"
"509",509,"A Hudson"
"510",510,"H Henderson"
"511",511,"R Itier"
"512",512,"W Friedl"
"513",513,"A Keil"
"514",514,"R Dekel"
"515",515,"D Sagi"
"516",516,"Y Song"
"517",517,"N Chen"
"518",518,"F Fang"
"519",519,"Y Luo"
"520",520,"J Zhao"
"521",521,"C Cushing"
"522",522,"M Cherkaoui"
"523",523,"M Kawato"
"524",524,"J Rissman"
"525",525,"C Leferink"
"526",526,"A Harel"
"527",527,"H Zoubi"
"528",528,"H Ban"
"529",529,"D Crewther"
"530",530,"S Vukusic"
"531",531,"O Tanrikulu"
"532",532,"A Chetverikov"
"533",533,"A Kristjánsson"
"534",534,"S Liu"
"535",535,"A Leib"
"536",536,"A Mirzaagha"
"537",537,"L Virtanen"
"538",538,"M Olkkonen"
"539",539,"T Saarela"
"540",540,"H Ying"
"541",541,"W Cheng"
"542",542,"H Xu"
"543",543,"R Choi"
"544",544,"J Feldman"
"545",545,"M Singh"
"546",546,"S Pont"
"547",547,"H Ridder"
"548",548,"D Sarno"
"549",549,"A Shafer-Skelton"
"550",550,"H Sone"
"551",551,"A Li"
"552",552,"K Fukuda"
"553",553,"M Ramot"
"554",554,"C Walsh"
"555",555,"A Martin"
"556",556,"A Steel"
"557",557,"E Silson"
"558",558,"A Kidder"
"559",559,"A Gilmore"
"560",560,"C Baker"
"561",561,"L Likova"
"562",562,"S Nicolas"
"563",563,"C Tyler"
"564",564,"K Mineff"
"565",565,"R Luna"
"566",566,"M Roussy"
"567",567,"S Treue"
"568",568,"J Martinez-Trujillo"
"569",569,"R Sekuler"
"570",570,"M Villalonga"
"571",571,"R Sussman"
"572",572,"H Collins"
"573",573,"N Roach"
"574",574,"A Logan"
"575",575,"S Strong"
"576",576,"J Heron"
"577",577,"J Zhang"
"578",578,"Y Han"
"579",579,"T Poggio"
"580",580,"G Roig"
"581",581,"K Malakhova"
"582",582,"L Jovanovic"
"583",583,"P Mamassian"
"584",584,"M Szinte"
"585",585,"D Es"
"586",586,"T Knapen"
"587",587,"K Storrs"
"588",588,"C Bonmassar"
"589",589,"F Pavani"
"590",590,"C Caselli"
"591",591,"A Renzo"
"592",592,"W Zoest"
"593",593,"P Chakravarthula"
"594",594,"A Ghazaryan"
"595",595,"M Eckstein"
"596",596,"J Haensel"
"597",597,"M Ishikawa"
"598",598,"S Itakura"
"599",599,"N Neesgaard"
"600",600,"R Tucciarelli"
"601",601,"T Smith"
"602",602,"A Senju"
"603",603,"C Colombatto"
"604",604,"B Scholl"
"605",605,"H Karimpur"
"606",606,"E McMahon"
"607",607,"C Zheng"
"608",608,"F Pereira"
"609",609,"G Ray"
"610",610,"K Nakayama"
"611",611,"L Ungerleider"
"612",612,"M Vaziri-Pashkam"
"613",613,"J Yin"
"614",614,"G Csibra"
"615",615,"P Sztybel"
"616",616,"M Gomez"
"617",617,"J Snow"
"618",618,"W Yu"
"619",619,"X Fu"
"620",620,"P Chen"
"621",621,"C Chen"
"622",622,"C Han"
"623",623,"W Huang"
"624",624,"Z He"
"625",625,"T Ooi"
"626",626,"W Saban"
"627",627,"A Sklar"
"628",628,"R Hassin"
"629",629,"S Gabay"
"630",630,"V Tharmaratnam"
"631",631,"J Haberman"
"632",632,"J Cant"
"633",633,"E Center"
"634",634,"K Federmeier"
"635",635,"D Beck"
"636",636,"J Self"
"637",637,"J Siegart"
"638",638,"M Machoko"
"639",639,"E Lam"
"640",640,"M Greene"
"641",641,"Y Mizokami"
"642",642,"M Yoshida"
"643",643,"K Kikuchi"
"644",644,"Y Aizu"
"645",645,"H Yaguchi"
"646",646,"J Duncan"
"647",647,"C Blais"
"648",648,"D Fiset"
"649",649,"J Murphy"
"650",650,"K Gray"
"651",651,"A Schneider"
"652",652,"A Maxcey"
"653",653,"L Rogers"
"654",654,"S Park"
"655",655,"T Vickery"
"656",656,"A Grubert"
"657",657,"M Eimer"
"658",658,"A Kosovicheva"
"659",659,"K Jung"
"660",660,"Y Min"
"661",661,"T Czuba"
"662",662,"L Cormack"
"663",663,"A Huk"
"664",664,"M McManus"
"665",665,"L Harris"
"666",666,"Z Roth"
"667",667,"N Steinberg"
"668",668,"E Merriam"
"669",669,"K Kinder"
"670",670,"B Eschman"
"671",671,"S Ross-Sheehy"
"672",672,"A Buss"
"673",673,"C Tas"
"674",674,"T Knaap"
"675",675,"L Aulet"
"676",676,"C Jacobs"
"677",677,"S Lourenco"
"678",678,"B Keane"
"679",679,"L Crespo"
"680",680,"D Barch"
"681",681,"M Cole"
"682",682,"B Krekelberg"
"683",683,"B Coughlin"
"684",684,"T Papathomas"
"685",685,"A Farkas"
"686",686,"S Silverstein"
"687",687,"Z Sun"
"688",688,"R Ennis"
"689",689,"K Doerschner"
"690",690,"Z Huang"
"691",691,"Q Zaidi"
"692",692,"F Phillips"
"693",693,"J Todd"
"694",694,"F Zhang"
"695",695,"L Ramirez"
"696",696,"J Schwartz"
"697",697,"I Bloem"
"698",698,"M Kibbe"
"699",699,"A Nouri"
"700",700,"M Fujimichi"
"701",701,"H Tsuda"
"702",702,"H Yamamoto"
"703",703,"J Saiki"
"704",704,"P Bao"
"705",705,"L She"
"706",706,"D Tsao"
"707",707,"L Henriksson"
"708",708,"M Mur"
"709",709,"N Kriegeskorte"
"710",710,"L Hutchinson"
"711",711,"A Brown"
"712",712,"D Lindsey"
"713",713,"A Schmid"
"714",714,"M Baumann"
"715",715,"S Idrees"
"716",716,"T Münch"
"717",717,"Z Hafed"
"718",718,"J Crawford"
"719",719,"V Bharmauria"
"720",720,"A Sajad"
"721",721,"X Yan"
"722",722,"H Wang"
"723",723,"F Tong"
"724",724,"M McDowell"
"725",725,"W Winter"
"726",726,"E Donnelly"
"727",727,"O Shurygina"
"728",728,"A Pooresmaeili"
"729",729,"Y Li"
"730",730,"R Saxe"
"731",731,"S Anzellotti"
"732",732,"E Fennell"
"733",733,"E Soethe"
"734",734,"A Alreja"
"735",735,"J Taubert"
"736",736,"S Wardle"
"737",737,"S Kumar"
"738",738,"C James"
"739",739,"E Koele"
"740",740,"A Messinger"
"741",741,"L Ungerledier"
"742",742,"K O’Nell"
"743",743,"S Ghahghaei"
"744",744,"P Verghese"
"745",745,"M Lavoie"
"746",746,"M Aubin"
"747",747,"M Roberts"
"748",748,"W You"
"749",749,"S Mysore"
"750",750,"P Moors"
"751",751,"J Wagemans"
"752",752,"L Guo"
"753",753,"J Fischer"
"754",754,"A Barnhart"
"755",755,"D Krupa"
"756",756,"C Duckert"
"757",757,"V Ciaramitaro"
"758",758,"H Chow"
"759",759,"E Morina"
"760",760,"Q Zheng"
"761",761,"S Sheldon"
"762",762,"K Mathewson"
"763",763,"A Harris"
"764",764,"J Eayrs"
"765",765,"N Lavie"
"766",766,"G Liang"
"767",767,"V Nguyen"
"768",768,"K Nakatsukasa"
"769",769,"A Braver"
"770",770,"T Dang"
"771",771,"M Scolari"
"772",772,"S Haigh"
"773",773,"A Chamanzar"
"774",774,"P Venkatesh"
"775",775,"P Grover"
"776",776,"M Behrmann"
"777",777,"K Ota"
"778",778,"J Phillips"
"779",779,"L Maloney"
"780",780,"B Aguado"
"781",781,"J López-Moliner"
"782",782,"E Saccone"
"783",783,"S Crewther"
"784",784,"P Chouinard"
"785",785,"C Hung"
"786",786,"P Fedele"
"787",787,"K Fluitt"
"788",788,"A Walker"
"789",789,"M Wei"
"790",790,"S Yuval-Greenberg"
"791",791,"N Tal"
"792",792,"J Rivest"
"793",793,"A Janic"
"794",794,"P Cavanagh"
"795",795,"J Bill"
"796",796,"S Gershman"
"797",797,"J Drugowitsch"
"798",798,"L Barbaro"
"799",799,"M Peelen"
"800",800,"C Hickey"
"801",801,"K Bo"
"802",802,"S Yin"
"803",803,"J Jenkins"
"804",804,"M Ding"
"805",805,"M Parthasar"
"806",806,"V Lakshminarayanan"
"807",807,"A Gouws"
"808",808,"A Morland"
"809",809,"D McKeefry"
"810",810,"P Tse"
"811",811,"M Morrone"
"812",812,"A Benedetto"
"813",813,"M Costagli"
"814",814,"M Tosetti"
"815",815,"P Binda"
"816",816,"T Kartashova"
"817",817,"M Granowski"
"818",818,"E Zimmermann"
"819",819,"E Vul"
"820",820,"K Lam"
"821",821,"E Mettler"
"822",822,"A Phillips"
"823",823,"T Burke"
"824",824,"P Garrigan"
"825",825,"C Massey"
"826",826,"D Moorselaar"
"827",827,"H Slagter"
"828",828,"A Hurlbert"
"829",829,"G Gupta"
"830",830,"N Gross"
"831",831,"R Pastilha"
"832",832,"T Kanematsu"
"833",833,"K Koida"
"834",834,"A Flachot"
"835",835,"H Schuett"
"836",836,"F Wichmann"
"837",837,"K Gegenfurtner"
"838",838,"Z Leggon"
"839",839,"R Rathore"
"840",840,"L Lessard"
"841",841,"K Schloss"
"842",842,"M Samad"
"843",843,"C Parise"
"844",844,"S Halow"
"845",845,"J Skye"
"846",846,"J Lui"
"847",847,"P Macneilage"
"848",848,"J Kim"
"849",849,"I Wilms"
"850",850,"I Agtzidis"
"851",851,"I Meyhoefer"
"852",852,"M Dorr"
"853",853,"R Lencer"
"854",854,"H McAdams"
"855",855,"W Zwaag"
"856",856,"T White"
"857",857,"D Sheinberg"
"858",858,"V Godina"
"859",859,"G Caplovitz"
"860",860,"P Cox"
"861",861,"D Kravitz"
"862",862,"M Miuccio"
"863",863,"J Schmidt"
"864",864,"D Kerzel"
"865",865,"F Printzlau"
"866",866,"S Manohar"
"867",867,"M Nartker"
"868",868,"J Nguyen"
"869",869,"N Carlisle"
"870",870,"K Ballew"
"871",871,"J Xu"
"872",872,"A Lleras"
"873",873,"S Buetti"
"874",874,"L Jingling"
"875",875,"Y Chao"
"876",876,"S Li"
"877",877,"J Goh"
"878",878,"A Tsai"
"879",879,"S Yeh"
"880",880,"C Wloka"
"881",881,"J Tsotsos"
"882",882,"L Wang"
"883",883,"X Hong"
"884",884,"L Zheng"
"885",885,"A Rajan"
"886",886,"E Kutlu"
"887",887,"R Barry-Anwar"
"888",888,"L Scott"
"889",889,"T Schaffhauser"
"890",890,"Y Boubenec"
"891",891,"A Tanguay"
"892",892,"N Stiles"
"893",893,"I Ganguly"
"894",894,"C Berger"
"895",895,"M Changizi"
"896",896,"K Ainsworth"
"897",897,"F Falagiarda"
"898",898,"O Collignon"
"899",899,"A Bertone"
"900",900,"M Amadeo"
"901",901,"M Crosse"
"902",902,"M Gori"
"903",903,"C Campus"
"904",904,"J Foxe"
"905",905,"S Molholm"
"906",906,"J Williams"
"907",907,"V Störmer"
"908",908,"S Gilad-Gutnick"
"909",909,"G Kurian"
"910",910,"P Gupta"
"911",911,"K Tiwari"
"912",912,"P Shah"
"913",913,"S Raja"
"914",914,"S Ben-Ami"
"915",915,"T Gandhi"
"916",916,"S Ganesh"
"917",917,"P Sinha"
"918",918,"B Johnson"
"919",919,"C Ortiz-Wood"
"920",920,"M Devi"
"921",921,"C Friedman"
"922",922,"S Calderon"
"923",923,"K Barnes"
"924",924,"C Stern"
"925",925,"M Martinez"
"926",926,"B Bisogno"
"927",927,"H Khan"
"928",928,"N Cavallo"
"929",929,"S Gilaie-Dotan"
"930",930,"S Herald"
"931",931,"N Yitzhak"
"932",932,"H Aviezer"
"933",933,"B Duchaine"
"934",934,"M Kieseler"
"935",935,"G Jiahui"
"936",936,"R Maarek"
"937",937,"E Meschke"
"938",938,"I Biederman"
"939",939,"J Marsh"
"940",940,"M Mishra"
"941",941,"P Scarfe"
"942",942,"T Susilo"
"943",943,"H Godfrey"
"944",944,"T Ulimoen"
"945",945,"T Sørensen"
"946",946,"M Kobayashi"
"947",947,"M Nagashima"
"948",948,"T Tokuda"
"949",949,"T Ikeda"
"950",950,"Y Monden"
"951",951,"S Kanazawa"
"952",952,"M Yamaguchi"
"953",953,"R Sakuta"
"954",954,"T Yamagata"
"955",955,"I Dan"
"956",956,"E Mu"
"957",957,"L Hugrass"
"958",958,"S Vettori"
"959",959,"M Dzhelyova"
"960",960,"S Donck"
"961",961,"C Jacques"
"962",962,"J Steyaert"
"963",963,"B Rossion"
"964",964,"B Boets"
"965",965,"L Hsu"
"966",966,"Y Tien"
"967",967,"C Lin"
"968",968,"Y Wu"
"969",969,"E Gregory"
"970",970,"C Conwell"
"971",971,"I Kurki"
"972",972,"R Yu"
"973",973,"I Donovan"
"974",974,"A Shen"
"975",975,"F Sharifian"
"976",976,"J Napp"
"977",977,"C Nath"
"978",978,"S Pollmann"
"979",979,"R Ringer"
"980",980,"D Canare"
"981",981,"J Ellis"
"982",982,"I Sogaard"
"983",983,"R Ni"
"984",984,"R Remington"
"985",985,"Y Jiang"
"986",986,"A Andonian"
"987",987,"S O’Bryan"
"988",988,"A Mohan"
"989",989,"H Nguyen"
"990",990,"T Davis"
"991",991,"G Geiger"
"992",992,"K Byrne"
"993",993,"M Silver"
"994",994,"M Tamaki"
"995",995,"T Yamada"
"996",996,"E Walsh"
"997",997,"K Sanders"
"998",998,"T James"
"999",999,"T Chaisilprungraung"
"1000",1000,"G Miller"
"1001",1001,"M McCloskey"
"1002",1002,"C Magri"
"1003",1003,"B Long"
"1004",1004,"R Chiou"
"1005",1005,"Q Wohlfarth"
"1006",1006,"L Caplette"
"1007",1007,"G West"
"1008",1008,"F Gosselin"
"1009",1009,"A Dickter"
"1010",1010,"L Huang"
"1011",1011,"K Fukumoto"
"1012",1012,"M Hayashi"
"1013",1013,"C McColeman"
"1014",1014,"S Franconeri"
"1015",1015,"S Beier"
"1016",1016,"J Bernard"
"1017",1017,"D Janini"
"1018",1018,"S Kaplan"
"1019",1019,"C Teng"
"1020",1020,"A Shechter"
"1021",1021,"T Katzir"
"1022",1022,"D Share"
"1023",1023,"D Yu"
"1024",1024,"R Loney"
"1025",1025,"Z Zhou"
"1026",1026,"L Strother"
"1027",1027,"E Kubota"
"1028",1028,"J Yeatman"
"1029",1029,"E Ward"
"1030",1030,"C Schneider"
"1031",1031,"E Prentiss"
"1032",1032,"A Busza"
"1033",1033,"K Matmati"
"1034",1034,"N Matmati"
"1035",1035,"Z Williams"
"1036",1036,"B Sahin"
"1037",1037,"B Mahon"
"1038",1038,"R Hale"
"1039",1039,"R Skocypec"
"1040",1040,"J Ryu"
"1041",1041,"S Lee"
"1042",1042,"E Bartoli"
"1043",1043,"W Bosking"
"1044",1044,"M Beauchamp"
"1045",1045,"D Yoshor"
"1046",1046,"B Foster"
"1047",1047,"M Boylan"
"1048",1048,"H Rocha"
"1049",1049,"T Costa"
"1050",1050,"A Nikolaev"
"1051",1051,"C Leeuwen"
"1052",1052,"S Narasiwodeyar"
"1053",1053,"F Hartmann"
"1054",1054,"E Prokott"
"1055",1055,"G Maiello"
"1056",1056,"W Bainbridge"
"1057",1057,"E Hall"
"1058",1058,"G Erlikhman"
"1059",1059,"H Lu"
"1060",1060,"K Graves"
"1061",1061,"N Turk-Browne"
"1062",1062,"G Kim"
"1063",1063,"S Jeong"
"1064",1064,"B Kuhl"
"1065",1065,"J Larouche"
"1066",1066,"C Leonard"
"1067",1067,"A Morales"
"1068",1068,"E Megla"
"1069",1069,"B Dezso"
"1070",1070,"A Pereira"
"1071",1071,"C Tozios"
"1072",1072,"C Qiu"
"1073",1073,"L Luu"
"1074",1074,"A Stocker"
"1075",1075,"C Quirk"
"1076",1076,"A Chen"
"1077",1077,"E Vogel"
"1078",1078,"R Xia"
"1079",1079,"B Su"
"1080",1080,"T Chen"
"1081",1081,"J Zhou"
"1082",1082,"H Bi"
"1083",1083,"B Zhang"
"1084",1084,"D Yoon"
"1085",1085,"D Forenzo"
"1086",1086,"S Engel"
"1087",1087,"J Winawer"
"1088",1088,"K Kay"
"1089",1089,"J Yoon"
"1090",1090,"M Klimova"
"1091",1091,"R Bergen"
"1092",1092,"J Jehee"
"1093",1093,"L Vinke"
"1094",1094,"P Levy"
"1095",1095,"E Simoncelli"
"1096",1096,"Z Fang"
"1097",1097,"W Ma"
"1098",1098,"H Li"
"1099",1099,"X Zhou"
"1100",1100,"Q Chen"
"1101",1101,"L Cameron"
"1102",1102,"M Levine"
"1103",1103,"J Anderson"
"1104",1104,"A Alamia"
"1105",1105,"M Ricci"
"1106",1106,"T Serre"
"1107",1107,"R Van-Rullen"
"1108",1108,"A Chapman"
"1109",1109,"F Geweke"
"1110",1110,"T Sanocki"
"1111",1111,"T Liu"
"1112",1112,"M Gong"
"1113",1113,"T Lytchenko"
"1114",1114,"N Heller"
"1115",1115,"M Maechler"
"1116",1116,"G Malcolm"
"1117",1117,"S Noah"
"1118",1118,"T Powell"
"1119",1119,"N Khodayari"
"1120",1120,"D Olivan"
"1121",1121,"G Mangun"
"1122",1122,"J Ongchoco"
"1123",1123,"Y Sun"
"1124",1124,"J Sui"
"1125",1125,"T Tanda"
"1126",1126,"J Kawahara"
"1127",1127,"R Watanabe"
"1128",1128,"T Nishino"
"1129",1129,"K Akamatsu"
"1130",1130,"Y Miyawaki"
"1131",1131,"M Watson"
"1132",1132,"B Voloh"
"1133",1133,"C Thomas"
"1134",1134,"A Hasan"
"1135",1135,"T Womelsdorf"
"1136",1136,"J Peters"
"1137",1137,"C Parsons"
"1138",1138,"H Zhang"
"1139",1139,"N Rungratsameetaweeman"
"1140",1140,"S Itthipuripat"
"1141",1141,"K Stoby"
"1142",1142,"S Rafique"
"1143",1143,"G Oeltzschner"
"1144",1144,"J Steeves"
"1145",1145,"D Rothlein"
"1146",1146,"B Rapp"
"1147",1147,"K Ransley"
"1148",1148,"M Nordt"
"1149",1149,"V Natu"
"1150",1150,"J Gomez"
"1151",1151,"B Jeska"
"1152",1152,"M Barnett"
"1153",1153,"B Li"
"1154",1154,"L Chen"
"1155",1155,"J Jia"
"1156",1156,"C Luo"
"1157",1157,"S Brüers"
"1158",1158,"I Berry"
"1159",1159,"L Reddy"
"1160",1160,"L Dugué"
"1161",1161,"S Hamed"
"1162",1162,"N Busch"
"1163",1163,"J Gardner"
"1164",1164,"R Cowell"
"1165",1165,"K Emery"
"1166",1166,"P Sadil"
"1167",1167,"D Huber"
"1168",1168,"B Liaño"
"1169",1169,"M Võ"
"1170",1170,"L García-Delgado"
"1171",1171,"T Horowitz"
"1172",1172,"M Luengo-Oroz"
"1173",1173,"D Cuadrado"
"1174",1174,"M Postigo"
"1175",1175,"R Bosworth"
"1176",1176,"O Pascalis"
"1177",1177,"G Kartheiser"
"1178",1178,"H Sato"
"1179",1179,"T Oide"
"1180",1180,"R Yashiro"
"1181",1181,"I Motoyoshi"
"1182",1182,"D Field"
"1183",1183,"B Hansen"
"1184",1184,"A Faisal"
"1185",1185,"J Harston"
"1186",1186,"C Auepanwiriyakul"
"1187",1187,"M Li"
"1188",1188,"P Orlov"
"1189",1189,"Q Sun"
"1190",1190,"L Li"
"1191",1191,"Y Yang"
"1192",1192,"R Jin"
"1193",1193,"L Stone"
"1194",1194,"T Wirth"
"1195",1195,"A Clement"
"1196",1196,"J Brockmole"
"1197",1197,"R Strong"
"1198",1198,"B Anderson"
"1199",1199,"H Kim"
"1200",1200,"M Britton"
"1201",1201,"A Kim"
"1202",1202,"C Callahan-Flintoft"
"1203",1203,"B Wyble"
"1204",1204,"N Hanning"
"1205",1205,"H Deubel"
"1206",1206,"N Murty"
"1207",1207,"D Beeler"
"1208",1208,"A Mynick"
"1209",1209,"N Kanwisher"
"1210",1210,"D Finzi"
"1211",1211,"C Foster"
"1212",1212,"M Zhao"
"1213",1213,"T Bolkart"
"1214",1214,"M Black"
"1215",1215,"A Bartels"
"1216",1216,"I Bülthoff"
"1217",1217,"S Hagen"
"1218",1218,"L Maillard"
"1219",1219,"S Colnat-Coulbois"
"1220",1220,"J Jonas"
"1221",1221,"L Papeo"
"1222",1222,"C Ellis"
"1223",1223,"L Skalaban"
"1224",1224,"T Yates"
"1225",1225,"V Bejjanki"
"1226",1226,"J Turek"
"1227",1227,"M Gils"
"1228",1228,"J Dudink"
"1229",1229,"I Reiss"
"1230",1230,"J Steen"
"1231",1231,"J Pel"
"1232",1232,"M Kooiker"
"1233",1233,"E Pérez-Hernández"
"1234",1234,"M Quirós-Godoy"
"1235",1235,"C Flowers"
"1236",1236,"R Hofrichter"
"1237",1237,"M Rutherford"
"1238",1238,"J Culham"
"1239",1239,"S Schumacher"
"1240",1240,"D Quinlan"
"1241",1241,"K Stubbs"
"1242",1242,"J Basmaji"
"1243",1243,"C Leblanc"
"1244",1244,"R Segall"
"1245",1245,"V Parma"
"1246",1246,"K Roberts"
"1247",1247,"A Kingstone"
"1248",1248,"R Todd"
"1249",1249,"J Fan"
"1250",1250,"Z Chai"
"1251",1251,"M Frank"
"1252",1252,"J Fiser"
"1253",1253,"A Koblinger"
"1254",1254,"J Arato"
"1255",1255,"J Peterson"
"1256",1256,"P Soulos"
"1257",1257,"A Nematzadeh"
"1258",1258,"T Griffiths"
"1259",1259,"J Hamer"
"1260",1260,"C Gonzalez"
"1261",1261,"J Prince"
"1262",1262,"J Massé"
"1263",1263,"H Liao"
"1264",1264,"S Yamagishi"
"1265",1265,"S Furukawa"
"1266",1266,"Y Ge"
"1267",1267,"R Zhang"
"1268",1268,"C Qian"
"1269",1269,"J Mesik"
"1270",1270,"E Rassi"
"1271",1271,"A Wutz"
"1272",1272,"N Peatfield"
"1273",1273,"N Weisz"
"1274",1274,"L Shi"
"1275",1275,"G Woodman"
"1276",1276,"T Wegner"
"1277",1277,"J Grenzebach"
"1278",1278,"A Bendixen"
"1279",1279,"L Lu"
"1280",1280,"M Bao"
"1281",1281,"S Wong"
"1282",1282,"A Baldwin"
"1283",1283,"R Hess"
"1284",1284,"G Serero"
"1285",1285,"G Son"
"1286",1286,"D Cox"
"1287",1287,"S Hong"
"1288",1288,"Y Yoon"
"1289",1289,"G Hollander"
"1290",1290,"C Qiang"
"1291",1291,"D White"
"1292",1292,"J Burge"
"1293",1293,"G Chen"
"1294",1294,"Z Zhu"
"1295",1295,"D Coates"
"1296",1296,"H Jang"
"1297",1297,"Y Markov"
"1298",1298,"L Dulyan"
"1299",1299,"R Rosenholtz"
"1300",1300,"I Utochkin"
"1301",1301,"N Melnik"
"1302",1302,"B Sayim"
"1303",1303,"D Pelli"
"1304",1304,"D Thapa"
"1305",1305,"K Rummens"
"1306",1306,"A Gloriani"
"1307",1307,"A Schütz"
"1308",1308,"R Green"
"1309",1309,"M Toscani"
"1310",1310,"M Valsecchi"
"1311",1311,"A Godinez"
"1312",1312,"R Albert"
"1313",1313,"D Leubke"
"1314",1314,"Q Wan"
"1315",1315,"B Balas"
"1316",1316,"D Brainard"
"1317",1317,"K Gunther"
"1318",1318,"C Dunigan"
"1319",1319,"C Powell"
"1320",1320,"J Rodriguez"
"1321",1321,"S Kaneko"
"1322",1322,"I Kuriki"
"1323",1323,"S Andersen"
"1324",1324,"Y Lee"
"1325",1325,"D Kim"
"1326",1326,"W Shim"
"1327",1327,"E Kuebler"
"1328",1328,"M Jimenez"
"1329",1329,"J Blonde"
"1330",1330,"K Bullock"
"1331",1331,"B Corrigan"
"1332",1332,"R Gulli"
"1333",1333,"S Gomez-Torres"
"1334",1334,"S Everling"
"1335",1335,"J Sunstrum"
"1336",1336,"M Wiederman"
"1337",1337,"M Everest"
"1338",1338,"W Inoue"
"1339",1339,"M Poulter"
"1340",1340,"C Paz-Filgueira"
"1341",1341,"M Tan"
"1342",1342,"D Cao"
"1343",1343,"S Wuerger"
"1344",1344,"R Mantiuk"
"1345",1345,"M Perez-Ortiz"
"1346",1346,"J Martinovic"
"1347",1347,"J He"
"1348",1348,"Y Cruz"
"1349",1349,"R Eskew"
"1350",1350,"H Lee"
"1351",1351,"A Richardson"
"1352",1352,"K Lee"
"1353",1353,"E Walowit"
"1354",1354,"M Crognale"
"1355",1355,"K Tregillus"
"1356",1356,"B Breitmeyer"
"1357",1357,"R Plummer"
"1358",1358,"J Vincent"
"1359",1359,"T Tyson"
"1360",1360,"N Feick"
"1361",1361,"P Cravalho"
"1362",1362,"E Flynn-Evans"
"1363",1363,"L Azer"
"1364",1364,"W Xie"
"1365",1365,"H Park"
"1366",1366,"W Zhang"
"1367",1367,"G Cepukaityte"
"1368",1368,"N Zokaei"
"1369",1369,"A Nobre"
"1370",1370,"D Hayward"
"1371",1371,"J Ristic"
"1372",1372,"C Ceja"
"1373",1373,"E Clancy"
"1374",1374,"N Al-Aidroos"
"1375",1375,"M Moss"
"1376",1376,"A Kikumoto"
"1377",1377,"J Kunimune"
"1378",1378,"U Mayr"
"1379",1379,"M Persuh"
"1380",1380,"A Rue"
"1381",1381,"C Sundby"
"1382",1382,"M Ankaoua"
"1383",1383,"R Luria"
"1384",1384,"G Hallenbeck"
"1385",1385,"T Sprague"
"1386",1386,"M Rahmati"
"1387",1387,"K Sreenivasan"
"1388",1388,"C Curtis"
"1389",1389,"M Kramer"
"1390",1390,"M Barense"
"1391",1391,"H Balaban"
"1392",1392,"R Mallett"
"1393",1393,"J Lewis-Peacock"
"1394",1394,"Y Hong"
"1395",1395,"A Leber"
"1396",1396,"R Taylor"
"1397",1397,"P Bays"
"1398",1398,"A Achouline"
"1399",1399,"T Langlois"
"1400",1400,"N Jacoby"
"1401",1401,"J Suchow"
"1402",1402,"Y Lin"
"1403",1403,"M Greenlee"
"1404",1404,"H Schütt"
"1405",1405,"K May"
"1406",1406,"W McIlhagga"
"1407",1407,"C Oluk"
"1408",1408,"S Schneegans"
"1409",1409,"S Spitler"
"1410",1410,"M Beck"
"1411",1411,"A DiPuma"
"1412",1412,"K Rivera"
"1413",1413,"P Kenderla"
"1414",1414,"Z Li"
"1415",1415,"B Carlos"
"1416",1416,"B Tamber-Rosenau"
"1417",1417,"C Xiong"
"1418",1418,"C Ludwig"
"1419",1419,"K Moen"
"1420",1420,"T Drew"
"1421",1421,"I Wagner"
"1422",1422,"C Wolf"
"1423",1423,"B Tari"
"1424",1424,"M Fadel"
"1425",1425,"M Heath"
"1426",1426,"J Churan"
"1427",1427,"A Goettker"
"1428",1428,"D Braun"
"1429",1429,"F Bremmer"
"1430",1430,"S Kelly"
"1431",1431,"W Joiner"
"1432",1432,"H Go"
"1433",1433,"J Danckert"
"1434",1434,"F Kooi"
"1435",1435,"A Toet"
"1436",1436,"S Hoving"
"1437",1437,"R Johnston"
"1438",1438,"H Carney"
"1439",1439,"E Hart"
"1440",1440,"T Lu"
"1441",1441,"K Clark"
"1442",1442,"C Pennington"
"1443",1443,"C Hedge"
"1444",1444,"A Petrie"
"1445",1445,"C Ludowici"
"1446",1446,"S Haroz"
"1447",1447,"B Lang"
"1448",1448,"G Aguilar"
"1449",1449,"M Maertens"
"1450",1450,"J Taylor"
"1451",1451,"Y Xu"
"1452",1452,"M Sawayama"
"1453",1453,"T Fukiage"
"1454",1454,"S Nishida"
"1455",1455,"B Hartle"
"1456",1456,"L Wilcox"
"1457",1457,"C Salahub"
"1458",1458,"H Lockhart"
"1459",1459,"B Dube"
"1460",1460,"S Emrich"
"1461",1461,"N Hakim"
"1462",1462,"T Feldmann-Wustefeld"
"1463",1463,"A Leshinskaya"
"1464",1464,"S Thompson-Schill"
"1465",1465,"T Christophel"
"1466",1466,"C Yan"
"1467",1467,"C Allefeld"
"1468",1468,"J Haynes"
"1469",1469,"V Mehrpour"
"1470",1470,"A Jaegle"
"1471",1471,"T Meyer"
"1472",1472,"N Rust"
"1473",1473,"V Goffaux"
"1474",1474,"L Teichmann"
"1475",1475,"A Richoz"
"1476",1476,"V Ticcinelli"
"1477",1477,"P Schaller"
"1478",1478,"J Lao"
"1479",1479,"R Caldara"
"1480",1480,"N Abudarham"
"1481",1481,"Y Colon"
"1482",1482,"M Hill"
"1483",1483,"C Parde"
"1484",1484,"C Castillo"
"1485",1485,"R Ranjan"
"1486",1486,"A O’Toole"
"1487",1487,"C Bonn"
"1488",1488,"D Odic"
"1489",1489,"T Kawabe"
"1490",1490,"A Cate"
"1491",1491,"A Hawk"
"1492",1492,"E Elias"
"1493",1493,"T Sweeny"
"1494",1494,"E Zhou"
"1495",1495,"B Sheth"
"1496",1496,"M Gardezi"
"1497",1497,"K Fung"
"1498",1498,"M Ismail"
"1499",1499,"M Baig"
"1500",1500,"I Isik"
"1501",1501,"E Vessel"
"1502",1502,"D Welke"
"1503",1503,"I Purton"
"1504",1504,"C Viengkham"
"1505",1505,"C Wu"
"1506",1506,"A Isik"
"1507",1507,"A Belfi"
"1508",1508,"J Stahl"
"1509",1509,"G Starr"
"1510",1510,"A Brielmann"
"1511",1511,"Q Wu"
"1512",1512,"M Nishimoto"
"1513",1513,"H Tamura"
"1514",1514,"S Saleki"
"1515",1515,"P Cava-nagh"
"1516",1516,"Y Choi"
"1517",1517,"J Foster"
"1518",1518,"K Borowiak"
"1519",1519,"K Kriegstein"
"1520",1520,"G Liu"
"1521",1521,"C Yu"
"1522",1522,"Y Peng"
"1523",1523,"T Shu"
"1524",1524,"H Yoruk"
"1525",1525,"A Boduroglu"
"1526",1526,"R Williams"
"1527",1527,"J Pratt"
"1528",1528,"S Ferber"
"1529",1529,"D Wendell"
"1530",1530,"L Han"
"1531",1531,"D Budish"
"1532",1532,"E Kimura"
"1533",1533,"Y Takano"
"1534",1534,"D McDonagh"
"1535",1535,"D Srikanthan"
"1536",1536,"M Sama"
"1537",1537,"N Tiurina"
"1538",1538,"A Nexha"
"1539",1539,"K Minemoto"
"1540",1540,"Y Ueda"
"1541",1541,"S Yoshikawa"
"1542",1542,"H Jeong"
"1543",1543,"M Kim"
"1544",1544,"S Jang"
"1545",1545,"H Choi"
"1546",1546,"T Collins"
"1547",1547,"E Garmon"
"1548",1548,"N Liaw"
"1549",1549,"A Bies"
"1550",1550,"K Robles"
"1551",1551,"R Florentine"
"1552",1552,"A Sherman"
"1553",1553,"Y Yu"
"1554",1554,"A Petrov"
"1555",1555,"X He"
"1556",1556,"S Wheeler"
"1557",1557,"L Pedersen"
"1558",1558,"H Kourtev"
"1559",1559,"J Papayanopoulos"
"1560",1560,"A Maruya"
"1561",1561,"E Laitin"
"1562",1562,"T Tang"
"1563",1563,"A Bocincova"
"1564",1564,"J Johnson"
"1565",1565,"K Zaghloul"
"1566",1566,"E Esser-Adomako"
"1567",1567,"P Mead"
"1568",1568,"Y Fu"
"1569",1569,"J Yu"
"1570",1570,"H Chen"
"1571",1571,"C George"
"1572",1572,"W Kwok"
"1573",1573,"B Kuo"
"1574",1574,"T Kawashima"
"1575",1575,"J Timm"
"1576",1576,"F Papenmeier"
"1577",1577,"S Yousif"
"1578",1578,"G Wade"
"1579",1579,"J Wammes"
"1580",1580,"K Norman"
"1581",1581,"M Johnson"
"1582",1582,"T O’Connell"
"1583",1583,"M Chun"
"1584",1584,"T Feldmann-Wüstefeld"
"1585",1585,"W Ngiam"
"1586",1586,"L Palaniyappan"
"1587",1587,"S Wang"
"1588",1588,"J Rajsic"
"1589",1589,"A Yoo"
"1590",1590,"A Bolaños"
"1591",1591,"E Levin"
"1592",1592,"D Badre"
"1593",1593,"M Moyer"
"1594",1594,"B Coleman"
"1595",1595,"P Browning"
"1596",1596,"F Ye"
"1597",1597,"A Avram"
"1598",1598,"E Murray"
"1599",1599,"K Hartstein"
"1600",1600,"D Kraemer"
"1601",1601,"S Diamond"
"1602",1602,"F Thorn"
"1603",1603,"N Matthews"
"1604",1604,"L Welch"
"1605",1605,"E Festa"
"1606",1606,"A Bruno"
"1607",1607,"R Ferrandez"
"1608",1608,"T Agostini"
"1609",1609,"G Baldassi"
"1610",1610,"M Murgia"
"1611",1611,"E Bavin"
"1612",1612,"A Ghaderi"
"1613",1613,"G Tomou"
"1614",1614,"R Geirhos"
"1615",1615,"P Rubisch"
"1616",1616,"J Rauber"
"1617",1617,"C Temme"
"1618",1618,"C Michaelis"
"1619",1619,"W Brendel"
"1620",1620,"M Bethge"
"1621",1621,"K Vinken"
"1622",1622,"E Kim"
"1623",1623,"J Seo"
"1624",1624,"J Maarseveen"
"1625",1625,"F Verstraten"
"1626",1626,"H Hogendoorn"
"1627",1627,"A Tsouli"
"1628",1628,"M Smagt"
"1629",1629,"S Pas"
"1630",1630,"M Poncet"
"1631",1631,"J Ales"
"1632",1632,"E Kupers"
"1633",1633,"T Doi"
"1634",1634,"E DeYoe"
"1635",1635,"E Duwell"
"1636",1636,"E Woertz"
"1637",1637,"J Carroll"
"1638",1638,"D Kristensen"
"1639",1639,"K Sandberg"
"1640",1640,"N Ju"
"1641",1641,"S Guan"
"1642",1642,"S Tang"
"1643",1643,"B Stilwell"
"1644",1644,"S Vecera"
"1645",1645,"B Won"
"1646",1646,"J Geng"
"1647",1647,"A Hollingworth"
"1648",1648,"B Bahle"
"1649",1649,"D Thayer"
"1650",1650,"M Conci"
"1651",1651,"A Zinchenko"
"1652",1652,"T Töllner"
"1653",1653,"H Müller"
"1654",1654,"T Geyer"
"1655",1655,"J Keefe"
"1656",1656,"S Recht"
"1657",1657,"V Gardelle"
"1658",1658,"A Estéphan"
"1659",1659,"C Charbonneau"
"1660",1660,"V Leblanc"
"1661",1661,"Y Alwis"
"1662",1662,"L Hsi"
"1663",1663,"L Plater"
"1664",1664,"A Valecha"
"1665",1665,"R Gupta"
"1666",1666,"S McCrackin"
"1667",1667,"A Nguyen"
"1668",1668,"B Koschinsky-Boffa"
"1669",1669,"D Buitrago-Piza"
"1670",1670,"T Arango"
"1671",1671,"P Bex"
"1672",1672,"J Guo"
"1673",1673,"D Sternad"
"1674",1674,"J Spjut"
"1675",1675,"M McGuire"
"1676",1676,"A Majercik"
"1677",1677,"B Boudaoud"
"1678",1678,"D Luebke"
"1679",1679,"A Zhang"
"1680",1680,"S Cormiea"
"1681",1681,"G Luabeya"
"1682",1682,"T Wang"
"1683",1683,"C Guan"
"1684",1684,"T Surber"
"1685",1685,"M Huff"
"1686",1686,"M Brown"
"1687",1687,"J Clark"
"1688",1688,"C Dowell"
"1689",1689,"A Hajnal"
"1690",1690,"M Jacoby"
"1691",1691,"S Agauas"
"1692",1692,"L Thomas"
"1693",1693,"H Masoner"
"1694",1694,"D Holler"
"1695",1695,"S Fabbri"
"1696",1696,"N Powell"
"1697",1697,"S Steinmetz"
"1698",1698,"O Layton"
"1699",1699,"B Fajen"
"1700",1700,"M Saxon"
"1701",1701,"B Thomas"
"1702",1702,"J Stefanucci"
"1703",1703,"S Creem-Regehr"
"1704",1704,"J Tong"
"1705",1705,"R Allison"
"1706",1706,"Z Başgöze"
"1707",1707,"E Cooper"
"1708",1708,"E Slezak"
"1709",1709,"Z Siman-Tov"
"1710",1710,"A Reynaud"
"1711",1711,"E Joos"
"1712",1712,"A Giersch"
"1713",1713,"L Hecker"
"1714",1714,"J Schipp"
"1715",1715,"L Elst"
"1716",1716,"J Kornmeier"
"1717",1717,"R Lange"
"1718",1718,"J Peiso"
"1719",1719,"M Pavlovskaya"
"1720",1720,"Y Bonneh"
"1721",1721,"N Soroker"
"1722",1722,"S Fusi"
"1723",1723,"M Treviño"
"1724",1724,"M Czarniecki"
"1725",1725,"I Turkbey"
"1726",1726,"P Choyke"
"1727",1727,"M Anderson"
"1728",1728,"Y Ma"
"1729",1729,"K Kriss"
"1730",1730,"K Kolze"
"1731",1731,"L Loschky"
"1732",1732,"C Wong"
"1733",1733,"E Aguinaldo"
"1734",1734,"J Peissig"
"1735",1735,"R Russell"
"1736",1736,"C Batres"
"1737",1737,"M Jogan"
"1738",1738,"B Serbiak"
"1739",1739,"L Higgins"
"1740",1740,"G Dugas"
"1741",1741,"M Pachai"
"1742",1742,"M Downham"
"1743",1743,"P Downing"
"1744",1744,"M Gandolfo"
"1745",1745,"K Pang"
"1746",1746,"T Retter"
"1747",1747,"C Michel"
"1748",1748,"S Uddenberg"
"1749",1749,"S Ren"
"1750",1750,"H Shao"
"1751",1751,"L Goetschalckx"
"1752",1752,"M Servetnik"
"1753",1753,"B Sherman"
"1754",1754,"D Varakin"
"1755",1755,"D McClellan"
"1756",1756,"A Clarke"
"1757",1757,"A Nowakowska"
"1758",1758,"A Hunt"
"1759",1759,"I Hong"
"1760",1760,"N Bergmann"
"1761",1761,"J Tünnermann"
"1762",1762,"A Schubö"
"1763",1763,"D Heinke"
"1764",1764,"J Deakin"
"1765",1765,"D Standage"
"1766",1766,"A Schofield"
"1767",1767,"I Ólafsdóttir"
"1768",1768,"S Gestsdóttir"
"1769",1769,"Á Kristjánsson"
"1770",1770,"A Muñoz-García"
"1771",1771,"M McKinney"
"1772",1772,"J Irons"
"1773",1773,"J Whritner"
"1774",1774,"J Zosky"
"1775",1775,"M Dodd"
"1776",1776,"R Goutcher"
"1777",1777,"L Murray"
"1778",1778,"B Benz"
"1779",1779,"P Kohler"
"1780",1780,"E Barzegaran"
"1781",1781,"B Davis"
"1782",1782,"A Norcia"
"1783",1783,"C Schmitt"
"1784",1784,"M Krala"
"1785",1785,"M Xie"
"1786",1786,"L Bailey"
"1787",1787,"M Thordarson"
"1788",1788,"C Osterbrink"
"1789",1789,"A Herwig"
"1790",1790,"A Sinclair"
"1791",1791,"K Mooney"
"1792",1792,"S Prime"
"1793",1793,"E Stewart"
"1794",1794,"G Sun"
"1795",1795,"B Baltaretu"
"1796",1796,"S Monaco"
"1797",1797,"J Velji-Ibrahim"
"1798",1798,"S Hansmann-Roth"
"1799",1799,"X Yue"
"1800",1800,"S Robert"
"1801",1801,"M Yetter"
"1802",1802,"B Miller"
"1803",1803,"G Andersen"
"1804",1804,"E Lintz"
"1805",1805,"J Assen"
"1806",1806,"M Sugiura"
"1807",1807,"M Kitazaki"
"1808",1808,"M Wijntjes"
"1809",1809,"R Volcic"
"1810",1810,"Q Yu"
"1811",1811,"B Postle"
"1812",1812,"M Wenger"
"1813",1813,"R Sharp"
"1814",1814,"A McCollum"
"1815",1815,"L Stefano"
"1816",1816,"S Rhoten"
"1817",1817,"T Worth"
"1818",1818,"M Panichello"
"1819",1819,"T Buschman"
"1820",1820,"A Noyce"
"1821",1821,"R Lefco"
"1822",1822,"J Brissenden"
"1823",1823,"S Tobyne"
"1824",1824,"B Shinn-Cunningham"
"1825",1825,"D Somers"
"1826",1826,"J Julian"
"1827",1827,"X Qi"
"1828",1828,"C Constantinidis"
"1829",1829,"L Krisst"
"1830",1830,"A Gomoiu"
"1831",1831,"R Cecere"
"1832",1832,"S Morand"
"1833",1833,"M Harvey"
"1834",1834,"G Thut"
"1835",1835,"K Adam"
"1836",1836,"A Ercolino"
"1837",1837,"S Boettcher"
"1838",1838,"F Ede"
"1839",1839,"E Margalit"
"1840",1840,"K Jamison"
"1841",1841,"K Weiner"
"1842",1842,"L Vizioli"
"1843",1843,"J Camp"
"1844",1844,"T Latortue"
"1845",1845,"D Kaiser"
"1846",1846,"J Turini"
"1847",1847,"L Tarhan"
"1848",1848,"M Zuijlen"
"1849",1849,"P Upchurch"
"1850",1850,"A Kagimoto"
"1851",1851,"K Okajima"
"1852",1852,"J Cheeseman"
"1853",1853,"M Giesel"
"1854",1854,"K Kangur"
"1855",1855,"J Harris"
"1856",1856,"C Hesse"
"1857",1857,"S Watamaniuk"
"1858",1858,"J Badler"
"1859",1859,"S Heinen"
"1860",1860,"S Mathôt"
"1861",1861,"A Wagner"
"1862",1862,"M Hanke"
"1863",1863,"M Ghio"
"1864",1864,"G Pergola"
"1865",1865,"B Koch"
"1866",1866,"M Schwarz"
"1867",1867,"C Bellebaum"
"1868",1868,"A Casile"
"1869",1869,"J Victor"
"1870",1870,"M Pedziwiatr"
"1871",1871,"T Wallis"
"1872",1872,"M Kümmerer"
"1873",1873,"C Teufel"
"1874",1874,"J Yates"
"1875",1875,"S Coop"
"1876",1876,"J Mitchell"
"1877",1877,"A Laurin"
"1878",1878,"J Ouerfelli-Éthier"
"1879",1879,"S Adamo"
"1880",1880,"N Shalev"
"1881",1881,"M Sauter"
"1882",1882,"W Mack"
"1883",1883,"S Saltzmann"
"1884",1884,"F Kamps"
"1885",1885,"C Hendrix"
"1886",1886,"P Brennan"
"1887",1887,"D Dilks"
"1888",1888,"A Campbell"
"1889",1889,"C Kao"
"1890",1890,"E Hsiung"
"1891",1891,"C Or"
"1892",1892,"S Poltoratski"
"1893",1893,"A Volfart"
"1894",1894,"H Brissart"
"1895",1895,"E Waidmann"
"1896",1896,"K Koyano"
"1897",1897,"J Hong"
"1898",1898,"B Russ"
"1899",1899,"D Leopold"
"1900",1900,"M Arcaro"
"1901",1901,"C Ponce"
"1902",1902,"M Livingstone"
"1903",1903,"W Hsieh"
"1904",1904,"F Tsai"
"1905",1905,"S Huang"
"1906",1906,"Y Haw"
"1907",1907,"B Jung"
"1908",1908,"C Sponheim"
"1909",1909,"E Groesbeck"
"1910",1910,"O Gwinn"
"1911",1911,"S Carrillo"
"1912",1912,"A Chopin"
"1913",1913,"D Bavelier"
"1914",1914,"P Cooper"
"1915",1915,"T Sawada"
"1916",1916,"J Wang"
"1917",1917,"T Zickler"
"1918",1918,"A Zhai"
"1919",1919,"P Ramesh"
"1920",1920,"C Forestal"
"1921",1921,"M Steele"
"1922",1922,"S Purokayastha"
"1923",1923,"M Landry"
"1924",1924,"J Castanheira"
"1925",1925,"A Raz"
"1926",1926,"M Grubb"
"1927",1927,"J Albanese"
"1928",1928,"G Christensen"
"1929",1929,"B Angelone"
"1930",1930,"A Allen"
"1931",1931,"M Jacobs"
"1932",1932,"R Panda"
"1933",1933,"K Spears"
"1934",1934,"S Chen"
"1935",1935,"N Davidenko"
"1936",1936,"C Gottesman"
"1937",1937,"M Owens"
"1938",1938,"N Thomas"
"1939",1939,"E Aniulis"
"1940",1940,"A Mattia"
"1941",1941,"E Matthews"
"1942",1942,"Z Hamblin-Frohman"
"1943",1943,"S Becker"
"1944",1944,"M Allen"
"1945",1945,"A Barnas"
"1946",1946,"A Greenberg"
"1947",1947,"D Birman"
"1948",1948,"T Blankenship"
"1949",1949,"E Dowd"
"1950",1950,"M Starks"
"1951",1951,"G Zelinsky"
"1952",1952,"N Duggan"
"1953",1953,"E Blakley"
"1954",1954,"A Moser"
"1955",1955,"S Olsen"
"1956",1956,"P Gerhardstein"
"1957",1957,"M Elliott"
"1958",1958,"R Rensink"
"1959",1959,"M Fang"
"1960",1960,"J Meulen"
"1961",1961,"A Dedhe"
"1962",1962,"T McDonald"
"1963",1963,"B Carr"
"1964",1964,"M Mancarella"
"1965",1965,"J Hembrook-Short"
"1966",1966,"F Briggs"
"1967",1967,"X Wei"
"1968",1968,"R Zhu"
"1969",1969,"L Paninski"
"1970",1970,"Y Zhou"
"1971",1971,"A Pérez-Bellido"
"1972",1972,"S Haegens"
"1973",1973,"O Papaioannou"
"1974",1974,"H Lagroix"
"1975",1975,"M Hilchey"
"1976",1976,"K Riels"
"1977",1977,"R Campagnoli"
"1978",1978,"N Thigpen"
"1979",1979,"J Cruz"
"1980",1980,"O Favrod"
"1981",1981,"P Johnston"
"1982",1982,"P Figueiredo"
"1983",1983,"H Fujihira"
"1984",1984,"A Tonelli"
"1985",1985,"D Li"
"1986",1986,"K Yokosawa"
"1987",1987,"A Hayashi"
"1988",1988,"R Ishihara"
"1989",1989,"J DeSouza"
"1990",1990,"N Savija"
"1991",1991,"R Barnstaple"
"1992",1992,"O Korolkova"
"1993",1993,"M Tsantani"
"1994",1994,"N Lavan"
"1995",1995,"L Garrido"
"1996",1996,"R Adams"
"1997",1997,"M Mercer"
"1998",1998,"S Meyen"
"1999",1999,"I Zerweck"
"2000",2000,"C Amado"
"2001",2001,"U Luxburg"
"2002",2002,"V Franz"
"2003",2003,"M Klimm"
"2004",2004,"K Binaee"
"2005",2005,"R Hailperin-Lausch"
"2006",2006,"E daSilva"
"2007",2007,"B Bertenthal"
"2008",2008,"C Malla"
"2009",2009,"A Castells"
"2010",2010,"R Nakayama"
"2011",2011,"L Boozary"
"2012",2012,"A Barnett"
"2013",2013,"G Learmonth"
"2014",2014,"L Buhôt"
"2015",2015,"L Möller"
"2016",2016,"R Greinacher"
"2017",2017,"N Miller"
"2018",2018,"B Rokers"
"2019",2019,"M Benassi"
"2020",2020,"D Frattini"
"2021",2021,"R Bolzani"
"2022",2022,"S Giovagnoli"
"2023",2023,"T Pansell"
"2024",2024,"A Hummer"
"2025",2025,"M Ritter"
"2026",2026,"M Woletz"
"2027",2027,"M Pawloff"
"2028",2028,"M Tik"
"2029",2029,"U Schmidt-Erfurth"
"2030",2030,"C Windischberger"
"2031",2031,"M Hovaidi-Ardestani"
"2032",2032,"N Saini"
"2033",2033,"C Yang"
"2034",2034,"G Merholz"
"2035",2035,"J Lansner"
"2036",2036,"C Jensen"
"2037",2037,"A Petersen"
"2038",2038,"P Fisher"
"2039",2039,"V Frokjaer"
"2040",2040,"S Vangkilde"
"2041",2041,"G Knudsen"
"2042",2042,"P Kreyenmeier"
"2043",2043,"N Tang"
"2044",2044,"T Gao"
"2045",2045,"L Oksama"
"2046",2046,"T Heikkilä"
"2047",2047,"L Nummenmaa"
"2048",2048,"J Hyönä"
"2049",2049,"M Sams"
"2050",2050,"T Ishmam"
"2051",2051,"M Amry"
"2052",2052,"S Baker"
"2053",2053,"R Alzahabi"
"2054",2054,"E Hussey"
"2055",2055,"N Ward"
"2056",2056,"Y Ivanov"
"2057",2057,"A Lazovic"
"2058",2058,"N Jardine"
"2059",2059,"M Porubanova"
"2060",2060,"M Kuvaldina"
"2061",2061,"H Adeli"
"2062",2062,"M Liao"
"2063",2063,"C Mine"
"2064",2064,"C Sisk"
"2065",2065,"E Kruhm"
"2066",2066,"A DiCriscio"
"2067",2067,"V Troiani"
"2068",2068,"M Erol"
"2069",2069,"A Mack"
"2070",2070,"A Deeb"
"2071",2071,"A Lam"
"2072",2072,"P Samermit"
"2073",2073,"B Hart"
"2074",2074,"D Henriques"
"2075",2075,"W Wei"
"2076",2076,"M Stepper"
"2077",2077,"B Rolke"
"2078",2078,"E Hein"
"2079",2079,"N Prins"
"2080",2080,"H Nakada"
"2081",2081,"M Kiyonaga"
"2082",2082,"A Kuo"
"2083",2083,"K Bonnen"
"2084",2084,"B Hughes"
"2085",2085,"H Delattre"
"2086",2086,"M Wexler"
"2087",2087,"T Balsdon"
"2088",2088,"V Wyart"
"2089",2089,"B Maniscalco"
"2090",2090,"B Odegaard"
"2091",2091,"P Grimaldi"
"2092",2092,"S Cho"
"2093",2093,"M Basso"
"2094",2094,"M Peters"
"2095",2095,"F Rafiei"
"2096",2096,"D Mann"
"2097",2097,"H Nakamoto"
"2098",2098,"N Logt"
"2099",2099,"L Sikkink"
"2100",2100,"E Brenner"
"2101",2101,"B Kemenade"
"2102",2102,"C Lubinus"
"2103",2103,"W Einhauser"
"2104",2104,"F Schiller"
"2105",2105,"T Kircher"
"2106",2106,"B Straube"
"2107",2107,"Q Lin"
"2108",2108,"D Draschkow"
"2109",2109,"S Favila"
"2110",2110,"B Szabó"
"2111",2111,"A Avarguès-Weber"
"2112",2112,"G Orbán"
"2113",2113,"V Finke"
"2114",2114,"M Nagy"
"2115",2115,"A Dyer"
"2116",2116,"Z Hussain"
"2117",2117,"L Grzeczkowski"
"2118",2118,"A Marzoll"
"2119",2119,"I Chavva"
"2120",2120,"N Browning"
"2121",2121,"J Knotts"
"2122",2122,"J Smith"
"2123",2123,"S Wolfe"
"2124",2124,"M Taylor"
"2125",2125,"M Goff"
"2126",2126,"J Fang"
"2127",2127,"D Edelman"
"2128",2128,"J Moon"
"2129",2129,"O Kwon"
"2130",2130,"B Penaloza"
"2131",2131,"H Ogmen"
"2132",2132,"A Reeves"
"2133",2133,"K Amano"
"2134",2134,"I Ilic"
"2135",2135,"J Yang"
"2136",2136,"K Watanabe"
"2137",2137,"J Kučera"
"2138",2138,"J Scott"
"2139",2139,"K Prokott"
"2140",2140,"W Bi"
"2141",2141,"G Kumar"
"2142",2142,"H Nienborg"
"2143",2143,"B Xiao"
"2144",2144,"R Murray"
"2145",2145,"C Matera"
"2146",2146,"V Volbrecht"
"2147",2147,"K Vemuri"
"2148",2148,"P Kay"
"2149",2149,"L Zhang"
"2150",2150,"M Schoenlein"
"2151",2151,"M Dieciuc"
"2152",2152,"W Boot"
"2153",2153,"S Sibrel"
"2154",2154,"M Toth"
"2155",2155,"S Kuroki"
"2156",2156,"A Peterson"
"2157",2157,"H Shapiro"
"2158",2158,"M Hall"
"2159",2159,"I Won"
"2160",2160,"S Gross"
"2161",2161,"W Chung"
"2162",2162,"M Barnett-Cowan"
"2163",2163,"T Zhang"
"2164",2164,"C Sinnott"
"2165",2165,"A Jones"
"2166",2166,"M Moroz"
"2167",2167,"J Mulligan"
"2168",2168,"E Folmer"
"2169",2169,"P MacNeilage"
"2170",2170,"B Jörges"
"2171",2171,"M McCabe"
"2172",2172,"R Tournoux"
"2173",2173,"E Kowler"
"2174",2174,"J Rubinstein"
"2175",2175,"S Kwon"
"2176",2176,"G Piraccini"
"2177",2177,"J Ygge"
"2178",2178,"R Sant’Angelo"
"2179",2179,"R Raggini"
"2180",2180,"S Garofalo"
"2181",2181,"T Candy"
"2182",2182,"A Chandna"
"2183",2183,"C Fromm"
"2184",2184,"A Biswas"
"2185",2185,"G Maus"
"2186",2186,"A Harrold"
"2187",2187,"P Grove"
"2188",2188,"K Rifai"
"2189",2189,"D Dragneva"
"2190",2190,"S Wahl"
"2191",2191,"S Thurman"
"2192",2192,"R Hoffing"
"2193",2193,"N Lauharatanahirum"
"2194",2194,"D Forster"
"2195",2195,"K Bansal"
"2196",2196,"J Vettel"
"2197",2197,"R Denison"
"2198",2198,"J Parker"
"2199",2199,"Z Cole"
"2200",2200,"K Kuntzelman"
"2201",2201,"S Errington"
"2202",2202,"J Schall"
"2203",2203,"B King"
"2204",2204,"M Becker"
"2205",2205,"K Anderson"
"2206",2206,"D Alonso"
"2207",2207,"S Falla"
"2208",2208,"A Vaskevich"
"2209",2209,"D Ernst"
"2210",2210,"G Horstmann"
"2211",2211,"E Westenberg"
"2212",2212,"M Aivar"
"2213",2213,"S Miguel"
"2214",2214,"E Sanz"
"2215",2215,"J Cho"
"2216",2216,"C Killingsworth"
"2217",2217,"S Joseph"
"2218",2218,"C Bohil"
"2219",2219,"K Dent"
"2220",2220,"S Lopez"
"2221",2221,"M Weller"
"2222",2222,"C Funke"
"2223",2223,"A Ecker"
"2224",2224,"M Trevino"
"2225",2225,"Y Qian"
"2226",2226,"K Wilkinson"
"2227",2227,"R Gilmore"
"2228",2228,"S Rak"
"2229",2229,"L Iannucci"
"2230",2230,"G Kong"
"2231",2231,"D Fougnie"
"2232",2232,"Z Lively"
"2233",2233,"G Ng"
"2234",2234,"S Ohl"
"2235",2235,"T Sheehan"
"2236",2236,"T Sivananthan"
"2237",2237,"S Most"
"2238",2238,"K Curby"
"2239",2239,"J Choi"
"2240",2240,"J Pinto"
"2241",2241,"M Papesh"
"2242",2242,"K Konno"
"2243",2243,"R Micheletto"
"2244",2244,"M Ito"
"2245",2245,"R Nguyen"
"2246",2246,"M Ozkan"
"2247",2247,"V Khvostov"
"2248",2248,"P Witkowski"
"2249",2249,"C Seidel"
"2250",2250,"L Heisterberg"
"2251",2251,"G Fan"
"2252",2252,"G Heather"
"2253",2253,"R Thomas"
"2254",2254,"J Westerberg"
"2255",2255,"A Pome"
"2256",2256,"L Williams"
"2257",2257,"M Ison"
"2258",2258,"J Kamienkowski"
"2259",2259,"A Varatharajah"
"2260",2260,"M Sigman"
"2261",2261,"D Pollicino"
"2262",2262,"G Bertazzoli"
"2263",2263,"A Robbins"
"2264",2264,"K Scherer"
"2265",2265,"E Sabic"
"2266",2266,"J MacDonald"
"2267",2267,"M Hout"
"2268",2268,"Y Shao"
"2269",2269,"J Calder-Travis"
"2270",2270,"S Meyyappan"
"2271",2271,"H Walker"
"2272",2272,"M Haupt"
"2273",2273,"A Rizzo"
"2274",2274,"C Sorg"
"2275",2275,"K Finke"
"2276",2276,"R Marshall"
"2277",2277,"K Devaney"
"2278",2278,"M Rosen"
"2279",2279,"S Sheremata"
"2280",2280,"M Esterman"
"2281",2281,"S Baror"
"2282",2282,"N Shelchkova"
"2283",2283,"L Kroell"
"2284",2284,"D Aagten-Murphy"
"2285",2285,"G Rosenzweig"
"2286",2286,"R Sabesan"
"2287",2287,"F Yildirim"
"2288",2288,"T Oleskiw"
"2289",2289,"H Lin"
"2290",2290,"C Chubb"
"2291",2291,"S Cholewiak"
"2292",2292,"P Shirley"
"2293",2293,"M Maltseva"
"2294",2294,"J Kemp"
"2295",2295,"A Elbaz"
"2296",2296,"L Santacroce"
"2297",2297,"N Petro"
"2298",2298,"C Walker"
"2299",2299,"J Tenenbaum"
"2300",2300,"J Freitas"
"2301",2301,"K Kim"
"2302",2302,"N Haber"
"2303",2303,"D Yamins"
"2304",2304,"G Pointon"
"2305",2305,"C Salas"
"2306",2306,"H Adams"
"2307",2307,"B Bodenheimer"
"2308",2308,"W Thompson"
"2309",2309,"A Fernandez"
"2310",2310,"M Jigo"
"2311",2311,"T Plewan"
"2312",2312,"M Kreutzfeldt"
"2313",2313,"M Hess"
"2314",2314,"C Folk"
"2315",2315,"P Pelland-Goulet"
"2316",2316,"P Jolicoeur"
"2317",2317,"A Mitchell"
"2318",2318,"S Benstock"
"2319",2319,"C Jones"
"2320",2320,"A Falck"
"2321",2321,"G Labouret"
"2322",2322,"M Draperi"
"2323",2323,"B Strickland"
"2324",2324,"V Caro"
"2325",2325,"C Libera"
"2326",2326,"J Garrett"
"2327",2327,"D Popovkina"
"2328",2328,"J Palmer"
"2329",2329,"A Puri"
"2330",2330,"K Sobel"
"2331",2331,"A York"
"2332",2332,"K Evans"
"2333",2333,"L Spencer"
"2334",2334,"A Ritala"
"2335",2335,"J Moreland"
"2336",2336,"G Briggs"
"2337",2337,"C Wasylyshyn"
"2338",2338,"P Bello"
"2339",2339,"D Abeles"
"2340",2340,"A Yakovlev"
"2341",2341,"B Tomm"
"2342",2342,"P Slovic"
"2343",2343,"C Lunghi"
"2344",2344,"R Redden"
"2345",2345,"D Mustafa"
"2346",2346,"R Klein"
"2347",2347,"D Berga"
"2348",2348,"S Yoo"
"2349",2349,"M Fallah"
"2350",2350,"J Theiss"
"2351",2351,"R Curl"
"2352",2352,"C White"
"2353",2353,"S Suresh"
"2354",2354,"J Roberts"
"2355",2355,"S Tsurumi"
"2356",2356,"E Russell"
"2357",2357,"E Santos"
"2358",2358,"C Jarvers"
"2359",2359,"H Neumann"
"2360",2360,"R Langridge"
"2361",2361,"M Thulasiram"
"2362",2362,"H Abbas"
"2363",2363,"D Sun"
"2364",2364,"Z Derzsi"
"2365",2365,"L Klein"
"2366",2366,"D Proklova"
"2367",2367,"V Paulun"
"2368",2368,"D Cui"
"2369",2369,"M Vissers"
"2370",2370,"P Fiave"
"2371",2371,"T Loria"
"2372",2372,"J Hajj"
"2373",2373,"K Tanaka"
"2374",2374,"L Tremblay"
"2375",2375,"P Fattori"
"2376",2376,"R Breveglieri"
"2377",2377,"F Vaccari"
"2378",2378,"A Bosco"
"2379",2379,"M Gamberini"
"2380",2380,"C Galletti"
"2381",2381,"M Boring"
"2382",2382,"D Osher"
"2383",2383,"C He"
"2384",2384,"J Bosch"
"2385",2385,"A Zazio"
"2386",2386,"A Bell"
"2387",2387,"N Malecek"
"2388",2388,"E Morin"
"2389",2389,"M Lee"
"2390",2390,"J DiCarlo"
"2391",2391,"T Andrews"
"2392",2392,"A Giannkopoulou"
"2393",2393,"S Ali"
"2394",2394,"B Goz"
"2395",2395,"D Coggan"
"2396",2396,"D Leeds"
"2397",2397,"A Feng"
"2398",2398,"A Auen"
"2399",2399,"J Thrash"
"2400",2400,"S Lammers"
"2401",2401,"X Zheng"
"2402",2402,"G Xu"
"2403",2403,"S Zhang"
"2404",2404,"C Du"
"2405",2405,"L Hao"
"2406",2406,"M Rahimi"
"2407",2407,"S Adler"
"2408",2408,"K Comishen"
"2409",2409,"A Wong-Kee-You"
"2410",2410,"M Falikman"
"2411",2411,"O Khasina"
"2412",2412,"D Addleman"
"2413",2413,"Y Xiong"
"2414",2414,"G Legge"
"2415",2415,"G Silva"
"2416",2416,"A Marin"
"2417",2417,"K Dobkins"
"2418",2418,"M Miseros"
"2419",2419,"D Tullo"
"2420",2420,"J Faubert"
"2421",2421,"Y Nakashima"
"2422",2422,"S Waugh"
"2423",2423,"M Formankiewicz"
"2424",2424,"M Nau"
"2425",2425,"C Doeller"
"2426",2426,"N Ganea"
"2427",2427,"A Bremner"
"2428",2428,"J Li"
"2429",2429,"A Howell"
"2430",2430,"M Rhodes"
"2431",2431,"A Portugal"
"2432",2432,"R Bedford"
"2433",2433,"C Cheung"
"2434",2434,"K Hosokawa"
"2435",2435,"K Maruya"
"2436",2436,"S Nakadomari"
"2437",2437,"C Alberti"
"2438",2438,"A Koso-vicheva"
"2439",2439,"M Cardoso"
"2440",2440,"K Garcia"
"2441",2441,"S Xue"
"2442",2442,"R Hisakata"
"2443",2443,"H Kaneko"
"2444",2444,"O Kadosh"
"2445",2445,"J Bowren"
"2446",2446,"L Giraldo"
"2447",2447,"O Schwartz"
"2448",2448,"A Haun"
"2449",2449,"T Orima"
"2450",2450,"M Conte"
"2451",2451,"A Jagadeesh"
"2452",2452,"E Stalker"
"2453",2453,"J Patel"
"2454",2454,"I Fruend"
"2455",2455,"D Rose"
"2456",2456,"T Simonson"
"2457",2457,"J Hutson"
"2458",2458,"S Kumakiri"
"2459",2459,"R Takamori"
"2460",2460,"E Mcleod"
"2461",2461,"H Treyu"
"2462",2462,"A Cook"
"2463",2463,"O Nicholas"
"2464",2464,"Y Uehara"
"2465",2465,"J Wilmott"
"2466",2466,"R Souza"
"2467",2467,"C Haas-Koffler"
"2468",2468,"M Fu"
"2469",2469,"L Bandel"
"2470",2470,"M Berryhill"
"2471",2471,"N Lauharatanahirun"
"2472",2472,"J Garcia"
"2473",2473,"N Wasylyshyn"
"2474",2474,"B Gies-brecht"
"2475",2475,"D Ebaid"
"2476",2476,"X Shen"
"2477",2477,"S Ahn"
"2478",2478,"P Lissa"
"2479",2479,"D Lalanne"
"2480",2480,"S Miellet"
"2481",2481,"N Destler"
"2482",2482,"J Overwalle"
"2483",2483,"S Cruys"
"2484",2484,"A Cheng"
"2485",2485,"J Rivera-Aparicio"
"2486",2486,"W Zhou"
"2487",2487,"V Rodriguez-Lopz"
"2488",2488,"C Dorronsoro"
"2489",2489,"R Li"
"2490",2490,"C Ng"
"2491",2491,"D Tadin"
"2492",2492,"G Yoon"
"2493",2493,"K Dougherty"
"2494",2494,"S Qian"
"2495",2495,"A Lovett"
"2496",2496,"W Bridewell"
"2497",2497,"A Mihali"
"2498",2498,"N Finlayson"
"2499",2499,"K Lowe"
"2500",2500,"B White"
"2501",2501,"J Kan"
"2502",2502,"L Itti"
"2503",2503,"D Munoz"
"2504",2504,"S Chekroud"
"2505",2505,"M deBettencourt"
"2506",2506,"P Keene"
"2507",2507,"C Chunharas"
"2508",2508,"G Bae"
"2509",2509,"H Meyerhoff"
"2510",2510,"M Stieff"
"2511",2511,"M Hegarty"
"2512",2512,"L Stacchi"
"2513",2513,"E Huguenin-Elie"
"2514",2514,"M Ramon"
"2515",2515,"T Zhu"
"2516",2516,"M Nelken"
"2517",2517,"C Hacker"
"2518",2518,"G Dormal"
"2519",2519,"C Schiltz"
"2520",2520,"S Faghel-Soubeyrand"
"2521",2521,"A Alink"
"2522",2522,"E Bamps"
"2523",2523,"R Gervais"
"2524",2524,"K Liu"
"2525",2525,"H Jo"
"2526",2526,"K Baker"
"2527",2527,"J Tardif"
"2528",2528,"C Matthews"
"2529",2529,"S Howlett"
"2530",2530,"K Ritchie"
"2531",2531,"U Ansorge"
"2532",2532,"T Schoeberl"
"2533",2533,"F Goller"
"2534",2534,"B Weidler"
"2535",2535,"S Jung"
"2536",2536,"E Ji"
"2537",2537,"J Lunn"
"2538",2538,"J Ward"
"2539",2539,"S Soto-Faraco"
"2540",2540,"N Berggren"
"2541",2541,"S Forster"
"2542",2542,"J Markant"
"2543",2543,"B Keenan"
"2544",2544,"K Offen"
"2545",2545,"A Milner"
"2546",2546,"C Lega"
"2547",2547,"O Ferrante"
"2548",2548,"E Santandrea"
"2549",2549,"L Cattaneo"
"2550",2550,"L Chelazzi"
"2551",2551,"H Liesefeld"
"2552",2552,"M Mazor"
"2553",2553,"L Charles"
"2554",2554,"K Friston"
"2555",2555,"S Fleming"
"2556",2556,"S Jabar"
"2557",2557,"D Lleyda"
"2558",2558,"M Lemarchand"
"2559",2559,"V Mocz"
"2560",2560,"J Yeon"
"2561",2561,"G Benvenuti"
"2562",2562,"M Whitmire"
"2563",2563,"E Seidemann"
"2564",2564,"M Juni"
"2565",2565,"D Bercovitch"
"2566",2566,"T Gureckis"
"2567",2567,"T Reppert"
"2568",2568,"R Heitz"
"2569",2569,"M Maniglia"
"2570",2570,"K Visscher"
"2571",2571,"A Seitz"
"2572",2572,"J Billino"
"2573",2573,"A Jogeshwar"
"2574",2574,"L Gruber"
"2575",2575,"E Ahissar"
"2576",2576,"C Richter"
"2577",2577,"L Laan"
"2578",2578,"E Lopik"
"2579",2579,"J Smeets"
"2580",2580,"I Kuling"
"2581",2581,"S Spotorno"
"2582",2582,"I Dragusin"
"2583",2583,"C Kirtley"
"2584",2584,"B Tatler"
"2585",2585,"L Nguyen"
"2586",2586,"L Alley"
"2587",2587,"T Botch"
"2588",2588,"S Brams"
"2589",2589,"R Rejtman"
"2590",2590,"I Hooge"
"2591",2591,"G Ziv"
"2592",2592,"O Levin"
"2593",2593,"K Evens"
"2594",2594,"T Wolf"
"2595",2595,"W Helsen"
"2596",2596,"L Schwetlick"
"2597",2597,"H Trukenbrod"
"2598",2598,"R Engbert"
"2599",2599,"W Abbott"
"2600",2600,"M Coco"
"2601",2601,"A Nuthmann"
"2602",2602,"O Dimigen"
"2603",2603,"M Portley"
"2604",2604,"L Lin"
"2605",2605,"M Kon"
"2606",2606,"G Francis"
"2607",2607,"O Choung"
"2608",2608,"M Lauffs"
"2609",2609,"A Bornet"
"2610",2610,"E Gheorghiu"
"2611",2611,"R Sharman"
"2612",2612,"C Boeykens"
"2613",2613,"S Cronin"
"2614",2614,"B Craig"
"2615",2615,"O Lipp"
"2616",2616,"K Roth"
"2617",2617,"E Grimes"
"2618",2618,"W Chollman"
"2619",2619,"J Shearon"
"2620",2620,"C Pryor"
"2621",2621,"C Green"
"2622",2622,"G Reynolds"
"2623",2623,"H Trulson"
"2624",2624,"F Gingras"
"2625",2625,"K Robinson"
"2626",2626,"M Moulson"
"2627",2627,"A Marquis"
"2628",2628,"J Day"
"2629",2629,"H Hart-Pomerantz"
"2630",2630,"C Saumure"
"2631",2631,"M Plouffe-Demers"
"2632",2632,"S Cormier"
"2633",2633,"M Kunz"
"2634",2634,"N Dupuis-Roy"
"2635",2635,"Q Zhang"
"2636",2636,"Z Schendel"
"2637",2637,"A Ashkenazi"
"2638",2638,"E Covell"
"2639",2639,"K Blot"
"2640",2640,"J Dessirier"
"2641",2641,"H Meldrum"
"2642",2642,"V Foglia"
"2643",2643,"A Eddy"
"2644",2644,"P Munezero"
"2645",2645,"O Stibolt"
"2646",2646,"K Stewart"
"2647",2647,"T Viranda"
"2648",2648,"C Cotter"
"2649",2649,"M Demers"
"2650",2650,"M Kassa"
"2651",2651,"L Lemmens"
"2652",2652,"L Sapey-Triomphe"
"2653",2653,"I Noens"
"2654",2654,"J Buitelaar"
"2655",2655,"S Hunnius"
"2656",2656,"Y Hu"
"2657",2657,"J Freschl"
"2658",2658,"D Melcher"
"2659",2659,"A Carter"
"2660",2660,"S Dhungana"
"2661",2661,"Z Kaldy"
"2662",2662,"E Blaser"
"2663",2663,"G O’Brien"
"2664",2664,"S Joo"
"2665",2665,"S Gori"
"2666",2666,"S Bertone"
"2667",2667,"S Franceschini"
"2668",2668,"A Facoetti"
"2669",2669,"S Mooney"
"2670",2670,"N Hill"
"2671",2671,"N Alam"
"2672",2672,"G Prusky"
"2673",2673,"M Ernst"
"2674",2674,"I Senna"
"2675",2675,"S Pfister"
"2676",2676,"E Striem-Amit"
"2677",2677,"S Ovadia-Caro"
"2678",2678,"N Tong"
"2679",2679,"X Wang"
"2680",2680,"Y Bi"
"2681",2681,"A Caramazza"
"2682",2682,"A Rohacek"
"2683",2683,"B Smith"
"2684",2684,"A Lindsey"
"2685",2685,"A Hafri"
"2686",2686,"B Landau"
"2687",2687,"J Park"
"2688",2688,"E Aminoff"
"2689",2689,"H Hughes"
"2690",2690,"R Metzgar"
"2691",2691,"T Hayes"
"2692",2692,"J Henderson"
"2693",2693,"T Schröder"
"2694",2694,"M Frey"
"2695",2695,"B Wolfe"
"2696",2696,"S Choe"
"2697",2697,"S Cropper"
"2698",2698,"L Xu"
"2699",2699,"H Kawahara"
"2700",2700,"Y Yotsumoto"
"2701",2701,"T Kido"
"2702",2702,"Y Kinzuka"
"2703",2703,"F Sato"
"2704",2704,"G Anobile"
"2705",2705,"I Togoli"
"2706",2706,"N Domenici"
"2707",2707,"R Arrighi"
"2708",2708,"M Georgeson"
"2709",2709,"G Mather"
"2710",2710,"D Romulus"
"2711",2711,"H Hock"
"2712",2712,"R Raghavan"
"2713",2713,"E Chichilnisky"
"2714",2714,"D Phillips"
"2715",2715,"T McDougall"
"2716",2716,"D Badcock"
"2717",2717,"A Levi"
"2718",2718,"J Hui"
"2719",2719,"S he"
"2720",2720,"A Chakraborty"
"2721",2721,"F Javadian"
"2722",2722,"D Giaschi"
"2723",2723,"G Sperling"
"2724",2724,"D Liu"
"2725",2725,"P Sun"
"2726",2726,"G Masson"
"2727",2727,"N Gekas"
"2728",2728,"A Meso"
"2729",2729,"C Simoncini"
"2730",2730,"M Löhr"
"2731",2731,"D Schmid"
"2732",2732,"B Chin"
"2733",2733,"R Knight"
"2734",2734,"G Gratton"
"2735",2735,"M Fabiani"
"2736",2736,"L Shen"
"2737",2737,"B Han"
"2738",2738,"C Casanova"
"2739",2739,"B Souza"
"2740",2740,"C Nelson"
"2741",2741,"M Hebart"
"2742",2742,"V Ayzenberg"
"2743",2743,"M Graumann"
"2744",2744,"C Ciuffi"
"2745",2745,"E Podvalny"
"2746",2746,"M Flounders"
"2747",2747,"L King"
"2748",2748,"T Holroyd"
"2749",2749,"S Xie"
"2750",2750,"P Iamshchinina"
"2751",2751,"E Huber"
"2752",2752,"R Rajalingham"
"2753",2753,"K Kar"
"2754",2754,"S Sanghavi"
"2755",2755,"S Dehaene"
"2756",2756,"H Sigurdardottir"
"2757",2757,"A Arnardottir"
"2758",2758,"E Halldorsdottir"
"2759",2759,"H Omarsdottir"
"2760",2760,"A Valgeirsdottir"
"2761",2761,"A White"
"2762",2762,"M Schepko"
"2763",2763,"V Patel"
"2764",2764,"J Weiland"
"2765",2765,"K Shimojo"
"2766",2766,"E Shimojo"
"2767",2767,"A Chang"
"2768",2768,"M Rosenberg"
"2769",2769,"L Trainor"
"2770",2770,"R Keys"
"2771",2771,"H MacDougall"
"2772",2772,"M Nawrot"
"2773",2773,"A Heinz"
"2774",2774,"S Lauer"
"2775",2775,"S Eftekharifar"
"2776",2776,"H Shigemasu"
"2777",2777,"C Ostrand"
"2778",2778,"N Frontero"
"2779",2779,"M Uszacki"
"2780",2780,"S Barton"
"2781",2781,"G Dachner"
"2782",2782,"D Panfili"
"2783",2783,"C Zhou"
"2784",2784,"M Miao"
"2785",2785,"S Kuai"
"2786",2786,"H Zhao"
"2787",2787,"D Straub"
"2788",2788,"S Stefani"
"2789",2789,"D Schaumann"
"2790",2790,"M Kapadia"
"2791",2791,"H Gagnon"
"2792",2792,"E Barhorst-Cates"
"2793",2793,"C Roy"
"2794",2794,"D Wiebusch"
"2795",2795,"I Charbonneau"
"2796",2796,"J Guérette"
"2797",2797,"F Smith"
"2798",2798,"R Brewer"
"2799",2799,"M Coll"
"2800",2800,"C Catmur"
"2801",2801,"G Bird"
"2802",2802,"S Matt"
"2803",2803,"J Lighezzolo-Alnot"
"2804",2804,"S Caharel"
"2805",2805,"A Price"
"2806",2806,"C Denk-Florea"
"2807",2807,"F Pollick"
"2808",2808,"Y Jamal"
"2809",2809,"S Liza"
"2810",2810,"L Saftari"
"2811",2811,"H Jeon"
"2812",2812,"Y Higuchi"
"2813",2813,"N Tsuchiya"
"2814",2814,"R Kanai"
"2815",2815,"K Shibata"
"2816",2816,"S Frank"
"2817",2817,"A Qi"
"2818",2818,"D Ravasio"
"2819",2819,"E Rosen"
"2820",2820,"S Chua"
"2821",2821,"P Rentzelas"
"2822",2822,"Z Kourtzi"
"2823",2823,"M Lintern"
"2824",2824,"E Mavritsaki"
"2825",2825,"A Cochrane"
"2826",2826,"K Jia"
"2827",2827,"E Zamboni"
"2828",2828,"N Goncalves"
"2829",2829,"C Rua"
"2830",2830,"V Kemper"
"2831",2831,"G Williams"
"2832",2832,"C Rodgers"
"2833",2833,"M Iordan"
"2834",2834,"V Ritvo"
"2835",2835,"J Cohen"
"2836",2836,"P Balestrucci"
"2837",2837,"N Jeong"
"2838",2838,"X Dong"
"2839",2839,"J Liang"
"2840",2840,"L Elfaki"
"2841",2841,"B Richard"
"2842",2842,"P Shafto"
"2843",2843,"N Blauch"
"2844",2844,"F Peres"
"2845",2845,"J Farooqui"
"2846",2846,"A Zar"
"2847",2847,"D Plaut"
"2848",2848,"Y Jung"
"2849",2849,"J Borders"
"2850",2850,"B Dennis"
"2851",2851,"B Noesen"
"2852",2852,"K Dwivedi"
"2853",2853,"G Elsayed"
"2854",2854,"S Shankar"
"2855",2855,"B Cheung"
"2856",2856,"N Papernot"
"2857",2857,"A Kurakin"
"2858",2858,"I Goodfellow"
"2859",2859,"J Sohl-Dickstein"
"2860",2860,"A Kadambi"
"2861",2861,"N Ichien"
"2862",2862,"J Jeong"
